/*******************************************************************************
 * Size: 27 px
 * Bpp: 4
 * Opts: --size 27 --bpp 4 --format lvgl --font C:\Users\mechrevo\AppData\Local\Microsoft\Windows\Fonts\MiSans-Bold.ttf --range 0x20-0x7E --symbols –，；：。·｜安按拔白保本闭别并波播不才材参餐侧层场超称成秤持充出除触传次从存打待单但弹蛋当地的等低点电调定动短断对发反肪放分封复个更功关果过合核黑后候护滑化画唤换恢回会击机鸡基极计记加间件建渐交蕉接结解界仅进景就据卡开可空馈来蓝览冷里立连链量令录路满没眠面秒明命膜钠奶内能牛钮判皮苹屏期启前切清请区取去全确热认任仍肉入色上时识实食示事试饰释手首束数双水说四松所锁态碳提体添跳透图完未位稳握无物误显线香响向项消写新行醒性胸休修绪续选压牙演验养也一已意隐应营用有右与预在暂长账真整正证脂执直只指质置中钟重住装状紫字总最左 --lv-font-name font_ui_27 -o src\fonts\font_ui_27.new.c
 ******************************************************************************/

#ifdef LV_LVGL_H_INCLUDE_SIMPLE
#include "lvgl.h"
#else
#include "lvgl/lvgl.h"
#endif

#ifndef FONT_UI_27
#define FONT_UI_27 1
#endif

#if FONT_UI_27

/*-----------------
 *    BITMAPS
 *----------------*/

/*Store the image of the glyphs*/
static LV_ATTRIBUTE_LARGE_CONST const uint8_t glyph_bitmap[] = {
    /* U+0020 " " */

    /* U+0021 "!" */
    0x2f, 0xfe, 0x3, 0x0, 0xff, 0x84, 0x4, 0x3,
    0x18, 0x7, 0x84, 0x0, 0x20, 0x1f, 0xe7, 0x0,
    0x18, 0x4, 0x20, 0x1, 0x0, 0x8c, 0x0, 0xe0,
    0x1f, 0xe1, 0x0, 0x8, 0x5, 0xe0, 0x3, 0x0,
    0x84, 0x0, 0x20, 0x1e, 0xaa, 0xce, 0x0, 0x25,
    0x58, 0x40, 0x1f, 0xfb, 0x40, 0x3c, 0x60, 0x1f,
    0xfc, 0xa0,

    /* U+0022 "\"" */
    0x9b, 0xb9, 0x96, 0xee, 0xa2, 0x44, 0x84, 0x11,
    0x27, 0x20, 0x8, 0x84, 0x2, 0x6e, 0x0, 0x99,
    0x80, 0x11, 0x8, 0x4, 0x44, 0x0, 0xb8, 0x80,
    0x21, 0x1, 0x0, 0x13, 0x0, 0x4, 0x0, 0x60,
    0x1, 0x20, 0x1, 0x0, 0x18, 0x0, 0xc0, 0x13,
    0x0, 0x8, 0x0, 0x40,

    /* U+0023 "#" */
    0x0, 0xf7, 0x7f, 0xa0, 0x0, 0x9f, 0xf1, 0x0,
    0x7c, 0x42, 0x0, 0xd0, 0x6, 0x0, 0x44, 0x1,
    0xf3, 0x80, 0x48, 0x0, 0x30, 0x2, 0x0, 0x7e,
    0xc0, 0x0, 0x88, 0x0, 0x80, 0x3, 0x0, 0xfc,
    0xa0, 0x4, 0x0, 0x10, 0x5, 0x80, 0x1b, 0xff,
    0x18, 0x1, 0x7f, 0xda, 0x1, 0x5f, 0xf8, 0x80,
    0x3f, 0xfb, 0x7b, 0xb2, 0x80, 0x7, 0x76, 0x0,
    0x9f, 0x76, 0x20, 0x22, 0x98, 0x0, 0x84, 0x40,
    0xd, 0x84, 0x50, 0x7, 0x18, 0x3, 0x40, 0xe,
    0x1, 0x28, 0x7, 0xc4, 0x1, 0x18, 0x3, 0x40,
    0x2, 0x20, 0xd, 0xbf, 0xed, 0x0, 0xaf, 0xfc,
    0xe0, 0x1, 0xff, 0x94, 0x3, 0xff, 0xb7, 0xfb,
    0xa0, 0x9, 0xb7, 0x50, 0x1, 0x5e, 0xec, 0xa0,
    0x44, 0x0, 0xd8, 0x44, 0xf0, 0x9, 0x8, 0xa0,
    0xc, 0xe0, 0x13, 0x80, 0xc, 0x0, 0x60, 0x1f,
    0xb4, 0x2, 0x20, 0x2, 0x80, 0x14, 0x3, 0xf1,
    0x80, 0xc, 0x0, 0x22, 0x0, 0x78, 0x7, 0xe5,
    0x0, 0x28, 0x1, 0x40, 0x25, 0x0, 0xf0,

    /* U+0024 "$" */
    0x0, 0xf1, 0x2a, 0xc6, 0x1, 0xff, 0xc0, 0x5a,
    0xaa, 0x40, 0x3f, 0xf9, 0xe5, 0x32, 0x0, 0x96,
    0x90, 0x3, 0xe8, 0xd6, 0x10, 0xc, 0xb7, 0x61,
    0x0, 0xd2, 0xe0, 0x1f, 0xc9, 0xa2, 0x0, 0x46,
    0x0, 0xff, 0x8e, 0xc0, 0x1e, 0x1, 0xc, 0xf7,
    0xec, 0x0, 0x67, 0x0, 0x28, 0x5, 0xac, 0x20,
    0x4f, 0xa2, 0xd, 0xa0, 0x1, 0x0, 0x88, 0x3,
    0x8b, 0x6e, 0x40, 0x21, 0x0, 0xac, 0x3, 0xc6,
    0x80, 0x19, 0xc0, 0x25, 0xe9, 0x40, 0xf, 0xeb,
    0x10, 0x8, 0x5a, 0xfe, 0xd8, 0x3, 0xc5, 0xa2,
    0x1, 0xe4, 0x9f, 0x70, 0xe, 0x3e, 0x71, 0x0,
    0xfa, 0x2c, 0x3, 0xd1, 0xd6, 0xe4, 0x1, 0xc9,
    0x20, 0x1f, 0x24, 0x6e, 0x9c, 0x3, 0x30, 0x80,
    0x42, 0x1, 0xc5, 0x1a, 0x1, 0x88, 0x0, 0xdc,
    0xa0, 0x1e, 0x24, 0x0, 0x98, 0x6e, 0x42, 0xcc,
    0x3, 0x85, 0x40, 0x26, 0x44, 0x0, 0x7, 0x29,
    0x4d, 0x23, 0xc4, 0x2, 0x35, 0x40, 0xc, 0xb5,
    0x96, 0xe2, 0x1, 0x38, 0x2, 0xcc, 0x3, 0xfe,
    0x48, 0x0, 0xb1, 0xc0, 0x3f, 0x9e, 0xc0, 0x3a,
    0x3a, 0x4c, 0x2, 0x28, 0xe8, 0x0, 0xf8, 0x5a,
    0xc0, 0x27, 0x70, 0x80, 0x7f, 0xf2, 0x40,

    /* U+0025 "%" */
    0x0, 0x14, 0xf7, 0xec, 0x88, 0x7, 0xe7, 0xff,
    0xb0, 0x3, 0x26, 0xb0, 0x81, 0x37, 0x90, 0x7,
    0x8e, 0x0, 0x2e, 0x0, 0xd4, 0x1, 0x10, 0x0,
    0x7c, 0x3, 0x87, 0x40, 0x2a, 0x20, 0x9, 0x44,
    0x7, 0xb7, 0x40, 0x2, 0x30, 0xd, 0x62, 0x0,
    0x65, 0x0, 0xda, 0x0, 0x91, 0x2, 0x60, 0x2,
    0x80, 0x4c, 0xa0, 0x2, 0x90, 0xe, 0xf0, 0x7,
    0x80, 0x46, 0x1, 0xc7, 0x20, 0x17, 0x80, 0x78,
    0xc0, 0xe, 0x80, 0xaa, 0x0, 0x20, 0x3, 0x80,
    0x29, 0x20, 0xf, 0x21, 0x0, 0x2f, 0xe8, 0x0,
    0x84, 0x14, 0x40, 0x5, 0x60, 0xf, 0xde, 0x20,
    0x1c, 0x54, 0xc, 0xa0, 0x2, 0xa0, 0xf, 0xe2,
    0xf8, 0x43, 0x49, 0xd1, 0x29, 0x0, 0xb8, 0x3,
    0xfe, 0x17, 0xbc, 0xb6, 0x0, 0x78, 0x5, 0x26,
    0x1, 0xff, 0xc6, 0x92, 0x0, 0x23, 0x1, 0x4e,
    0x62, 0x90, 0x3, 0xfe, 0x56, 0x0, 0xd, 0x3,
    0x6b, 0x19, 0x96, 0xe4, 0x3, 0xf8, 0xa8, 0x2,
    0xd1, 0x39, 0x0, 0xf3, 0x30, 0x3, 0xf7, 0x0,
    0x50, 0x61, 0x40, 0x3, 0xde, 0x60, 0x5, 0x80,
    0x7d, 0x6, 0x0, 0x47, 0x0, 0x28, 0x3, 0xc8,
    0x64, 0x0, 0x42, 0x1, 0xc8, 0xe0, 0x1, 0xa0,
    0x8, 0x40, 0x3c, 0x20, 0x1f, 0xd, 0x0, 0x54,
    0x20, 0x13, 0x80, 0x24, 0x0, 0xe2, 0x2, 0x20,
    0xd, 0xa2, 0x0, 0x74, 0x0, 0xdc, 0x0, 0x5f,
    0xe8, 0x0, 0x30, 0x6, 0x83, 0x0, 0x1c, 0x0,
    0x72, 0x38, 0x4, 0x20, 0x3, 0x80, 0x9, 0x1c,
    0x0, 0x3a, 0x1, 0xf4, 0x52, 0x8, 0x1c, 0x60,
    0x0,

    /* U+0026 "&" */
    0x0, 0xf3, 0x5f, 0x7f, 0x5a, 0x80, 0x7f, 0xf0,
    0x7, 0x25, 0x4, 0x5, 0x2a, 0xc0, 0x3f, 0xec,
    0x30, 0xf, 0x92, 0xc0, 0x3f, 0x98, 0x80, 0x3f,
    0x91, 0x80, 0x3f, 0x60, 0x6, 0xbe, 0x90, 0xd,
    0x0, 0x1f, 0x98, 0x2, 0x64, 0x16, 0x80, 0xc,
    0x20, 0x1f, 0x38, 0x4, 0xa0, 0x13, 0x24, 0x6f,
    0x8, 0x7, 0xda, 0x1, 0x1b, 0x80, 0x6, 0xdc,
    0x80, 0x3f, 0x98, 0x40, 0x28, 0x50, 0xf, 0xfe,
    0x10, 0x90, 0x6, 0xa5, 0x0, 0xc2, 0x1, 0xf1,
    0xf9, 0x80, 0x75, 0x20, 0x1, 0x7b, 0x94, 0xc0,
    0x10, 0xe8, 0x80, 0x7d, 0x68, 0x1e, 0x2, 0xb0,
    0x1, 0x48, 0x80, 0x48, 0xe0, 0x1a, 0xd9, 0x40,
    0x26, 0x0, 0x98, 0x2, 0x4b, 0x88, 0x0, 0x69,
    0x0, 0xd6, 0x1, 0x8, 0x5, 0xa0, 0x7, 0x80,
    0xf, 0x94, 0xc0, 0x3e, 0xf0, 0x9, 0xe0, 0x3,
    0xd0, 0x1, 0x8c, 0x2, 0x69, 0x22, 0x26, 0x0,
    0x7f, 0xd4, 0x1, 0x9b, 0x75, 0x68, 0x1, 0xef,
    0x10, 0x9, 0x90, 0x3, 0xff, 0x84, 0x5a, 0x1,
    0xad, 0x40, 0x3f, 0x98, 0x80, 0x23, 0xa0, 0xd,
    0x58, 0xc4, 0x0, 0x14, 0x8e, 0x9f, 0x10, 0x9,
    0x5c,

    /* U+0027 "'" */
    0xb, 0xbc, 0x60, 0xa8, 0x90, 0x0, 0xc0, 0x22,
    0x6, 0x0, 0x84, 0x8, 0x0, 0x20, 0xe, 0x0,
    0x10, 0x0, 0x40, 0xc, 0x0, 0x20, 0x1, 0x0,
    0x18, 0x1, 0xc0,

    /* U+0028 "(" */
    0x0, 0x95, 0xde, 0x20, 0x1, 0x54, 0x44, 0x40,
    0xb, 0x0, 0x9c, 0x0, 0x2c, 0x1, 0x48, 0x1,
    0xc0, 0x24, 0x10, 0x5, 0x0, 0x5a, 0x0, 0x13,
    0x0, 0x9c, 0x0, 0xa0, 0x11, 0x8, 0x0, 0xc0,
    0x27, 0x0, 0xb4, 0x2, 0xd0, 0x9, 0x80, 0x22,
    0x0, 0x84, 0x2, 0x10, 0x8, 0xc0, 0x27, 0x0,
    0xff, 0x88, 0x2, 0x70, 0x9, 0xc0, 0x22, 0x0,
    0x88, 0x2, 0xe0, 0xb, 0xc0, 0x23, 0x0, 0x94,
    0x2, 0x50, 0x8, 0xc4, 0x0, 0x26, 0x1, 0x38,
    0x5, 0x60, 0x16, 0x80, 0x4a, 0x1, 0x20, 0x80,
    0x9, 0x0, 0x28, 0x0, 0xbc, 0x2, 0x61, 0x0,
    0x21, 0x80,

    /* U+0029 ")" */
    0x7, 0x79, 0x80, 0x3a, 0xe2, 0x12, 0xa0, 0x1a,
    0x0, 0x28, 0x0, 0xc8, 0x40, 0x2, 0x40, 0xd,
    0x40, 0x17, 0x0, 0x65, 0x0, 0x94, 0x3, 0x11,
    0x0, 0x24, 0x0, 0xce, 0x1, 0x60, 0x6, 0xc0,
    0x8, 0xc0, 0x32, 0x80, 0x4a, 0x1, 0x88, 0x2,
    0x10, 0xc, 0x20, 0x18, 0x40, 0x3f, 0x18, 0x7,
    0xe3, 0x0, 0x84, 0x3, 0x8, 0x4, 0x60, 0x1f,
    0x98, 0x2, 0x20, 0xd, 0x80, 0x12, 0x0, 0x63,
    0x0, 0xbc, 0x3, 0x20, 0x4, 0x80, 0x12, 0x0,
    0x44, 0x40, 0xb, 0x80, 0x25, 0x0, 0x85, 0x40,
    0x2a, 0x0, 0xa4, 0x2, 0x52, 0x0, 0x98, 0x2,
    0x80, 0x8,

    /* U+002A "*" */
    0x0, 0x9b, 0xfd, 0x20, 0x19, 0xd5, 0x0, 0x18,
    0x72, 0x3, 0x14, 0x82, 0x0, 0xc6, 0x39, 0x0,
    0x48, 0x85, 0x0, 0x22, 0x1b, 0x2, 0x1, 0x3e,
    0x5a, 0x44, 0x4, 0x2, 0x78, 0x61, 0x50, 0x32,
    0x4, 0x4, 0xe5, 0x33, 0x69, 0x4, 0x28, 0xc0,
    0x76, 0x28, 0x1, 0x2b, 0x0, 0x4, 0xf, 0x10,
    0x30, 0x20,

    /* U+002B "+" */
    0x0, 0xf0, 0x8c, 0x1, 0xff, 0x37, 0x75, 0xe0,
    0x1f, 0xfe, 0x71, 0x1e, 0x0, 0xc2, 0x3c, 0x7d,
    0xda, 0x0, 0x37, 0x76, 0xd0, 0xf, 0xff, 0x9,
    0xff, 0xe9, 0x0, 0xdf, 0xfb, 0x0, 0x3f, 0xfe,
    0x0,

    /* U+002C "," */
    0x2f, 0xfd, 0x60, 0x1c, 0xe0, 0x1f, 0xfc, 0x62,
    0xff, 0x40, 0x38, 0x5, 0xc0, 0x40, 0x1, 0x60,
    0xc0, 0x2c, 0x1, 0x55, 0x69, 0x5, 0x2, 0x9,
    0x62, 0x0, 0xe6, 0x98, 0x0,

    /* U+002D "-" */
    0x11, 0xff, 0x83, 0xbb, 0xfe, 0x20, 0xf, 0xfe,
    0xc0,

    /* U+002E "." */
    0x7f, 0xfc, 0xc0, 0x1c, 0x20, 0x1f, 0xfc, 0x60,

    /* U+002F "/" */
    0x0, 0xfb, 0x7f, 0xe6, 0x0, 0xf1, 0x10, 0x2,
    0x70, 0xf, 0x28, 0x4, 0x62, 0x1, 0xeb, 0x0,
    0xac, 0x3, 0xc2, 0x60, 0x12, 0x0, 0x79, 0x0,
    0x21, 0x30, 0xf, 0x78, 0x4, 0xe0, 0x1f, 0x28,
    0x5, 0xa0, 0x1e, 0x40, 0xc, 0x80, 0x1e, 0xd0,
    0x9, 0x40, 0x3e, 0x70, 0xb, 0xc0, 0x3c, 0x42,
    0x1, 0x20, 0x7, 0x94, 0x2, 0x31, 0x0, 0xf5,
    0x80, 0x56, 0x1, 0xe1, 0x30, 0x9, 0x40, 0x3c,
    0xe0, 0x11, 0x10, 0x3, 0xda, 0x1, 0x28, 0x7,
    0xc8, 0x1, 0x58, 0x7, 0x90, 0x2, 0x13, 0x0,
    0xf6, 0x80, 0x48, 0x1, 0xf3, 0x80, 0x5e, 0x1,
    0xe0,

    /* U+0030 "0" */
    0x0, 0xc5, 0x3b, 0xfe, 0xda, 0x40, 0xf, 0xd1,
    0xac, 0x40, 0x2, 0x5b, 0xb0, 0x7, 0xa1, 0xc0,
    0x3f, 0x26, 0x0, 0x63, 0x70, 0xf, 0xf1, 0xb8,
    0x5, 0x0, 0x18, 0xea, 0xd4, 0x3, 0x40, 0x0,
    0x50, 0x2, 0x2c, 0x54, 0xa5, 0x0, 0xca, 0x8,
    0x1, 0xac, 0x3, 0x40, 0x6, 0xc0, 0xd0, 0xc,
    0x80, 0x18, 0x84, 0x2, 0x50, 0x20, 0xc, 0x40,
    0x1c, 0xa0, 0x11, 0x0, 0x80, 0x42, 0x1, 0xe1,
    0x0, 0x84, 0x1c, 0x2, 0x30, 0xf, 0x18, 0x7,
    0x38, 0x4, 0x60, 0x1e, 0x30, 0xe, 0x10, 0x8,
    0x40, 0x3c, 0x20, 0x10, 0x81, 0x0, 0x62, 0x0,
    0xe5, 0x0, 0x88, 0x34, 0x3, 0x20, 0x6, 0x21,
    0x0, 0x94, 0x10, 0x3, 0x58, 0x6, 0x80, 0xd,
    0x80, 0x28, 0x1, 0x16, 0x2a, 0x52, 0x80, 0x65,
    0x0, 0x40, 0x6, 0x3a, 0xb5, 0x0, 0xd0, 0x1,
    0x1b, 0x80, 0x7f, 0x8d, 0xc0, 0x34, 0x38, 0x7,
    0xe4, 0xc0, 0xf, 0x46, 0xb1, 0x0, 0x9, 0x6e,
    0xc0, 0x18,

    /* U+0031 "1" */
    0x0, 0xcd, 0xdf, 0xf3, 0x0, 0x1b, 0xa4, 0x40,
    0x32, 0xec, 0x88, 0x7, 0xa4, 0x80, 0x3f, 0xf9,
    0x27, 0x40, 0x1e, 0x3b, 0xc4, 0x0, 0xef, 0xc4,
    0x0, 0xf8, 0xc0, 0x3f, 0xff, 0xe0, 0x1f, 0xfe,
    0xa0,

    /* U+0032 "2" */
    0x0, 0x8a, 0x37, 0xfd, 0xd6, 0xc0, 0x1e, 0x7d,
    0x72, 0x0, 0xa, 0x4e, 0x98, 0x5, 0x10, 0x0,
    0xfc, 0x5a, 0x40, 0x8e, 0x1, 0xfe, 0x19, 0xe,
    0x0, 0xcb, 0x78, 0xe0, 0x19, 0x6, 0xa0, 0x1,
    0x14, 0x87, 0xc, 0x1, 0x88, 0x1f, 0x59, 0xc0,
    0x36, 0x0, 0x67, 0x0, 0x14, 0x80, 0x71, 0x0,
    0x66, 0x0, 0xfe, 0xa0, 0x8, 0x88, 0x1, 0xfa,
    0x48, 0x2, 0xb0, 0xf, 0xd0, 0xc0, 0x11, 0xb0,
    0x7, 0xd0, 0xe0, 0x10, 0xe8, 0x7, 0xd0, 0xe0,
    0x10, 0xe0, 0x80, 0x7a, 0x1c, 0x3, 0x69, 0x0,
    0x7a, 0x1c, 0x3, 0x61, 0x80, 0x7a, 0x1c, 0x3,
    0x61, 0x80, 0x79, 0xdc, 0x1, 0xa0, 0xc, 0xf8,
    0x9e, 0x0, 0x3a, 0x33, 0x3d, 0x32, 0x0, 0xff,
    0xf0, 0x0,

    /* U+0033 "3" */
    0x1f, 0xff, 0xfe, 0x8, 0x7, 0xff, 0x80, 0x40,
    0x73, 0x3c, 0xc0, 0x18, 0xb0, 0x0, 0x67, 0xc8,
    0xc0, 0x11, 0xe1, 0x0, 0x7a, 0x20, 0x1, 0x2e,
    0x8, 0x7, 0xa5, 0xc0, 0x27, 0xa0, 0xf, 0xa9,
    0x80, 0x33, 0xe3, 0x80, 0x78, 0x80, 0x3c, 0x71,
    0x82, 0x1, 0xa1, 0x40, 0x3e, 0x3d, 0x0, 0xea,
    0x59, 0xb9, 0x10, 0x8, 0xd4, 0x3, 0xa9, 0x91,
    0xbc, 0x40, 0x2e, 0x0, 0xfe, 0x14, 0x0, 0x98,
    0x0, 0x32, 0x1, 0xe3, 0x0, 0x8c, 0x1b, 0x9a,
    0x0, 0x39, 0x0, 0x22, 0x99, 0x0, 0x1e, 0x8c,
    0x93, 0x8, 0x2, 0x4a, 0x0, 0xcb, 0x9b, 0x66,
    0x1, 0xa4, 0xe0, 0x3, 0xfe, 0xa1, 0x7, 0x90,
    0xf, 0xc3, 0x4a, 0x1, 0x37, 0x39, 0x80, 0x4,
    0xe3, 0xd4, 0x0,

    /* U+0034 "4" */
    0x0, 0xf8, 0x7f, 0xfc, 0xe0, 0x1f, 0xe8, 0x0,
    0xff, 0xe2, 0x13, 0x0, 0x7f, 0xf1, 0x20, 0x3,
    0xff, 0x88, 0x6a, 0x1, 0xff, 0xc4, 0x80, 0x8,
    0xc0, 0x3f, 0xf8, 0x8, 0x80, 0xb, 0xc0, 0x3f,
    0xf8, 0x10, 0x1, 0x29, 0x80, 0x7f, 0xca, 0x60,
    0x14, 0x0, 0x7f, 0xf0, 0x20, 0x2, 0x62, 0x0,
    0xff, 0x98, 0x80, 0x28, 0x0, 0xff, 0xe0, 0x40,
    0x4, 0xc2, 0x1, 0xff, 0x38, 0x80, 0x58, 0x66,
    0x40, 0xd, 0xc6, 0x60, 0x4, 0x80, 0x6a, 0xcc,
    0x58, 0x6, 0x6c, 0xc0, 0xa8, 0x80, 0x7f, 0xfa,
    0x17, 0xff, 0xf8, 0x3, 0x47, 0xf8, 0x40, 0x3f,
    0xfd, 0x40,

    /* U+0035 "5" */
    0xb, 0xff, 0xff, 0xe0, 0x0, 0x4e, 0x1, 0xff,
    0xc3, 0x10, 0xf, 0xfe, 0x19, 0x80, 0x7f, 0xf0,
    0xc4, 0x2, 0x6e, 0xef, 0xc0, 0x1, 0x0, 0xdc,
    0x23, 0xf8, 0x0, 0x60, 0x18, 0x80, 0x3f, 0xc2,
    0x1, 0xb3, 0x7f, 0xec, 0x50, 0xc, 0xc0, 0x19,
    0x88, 0x2, 0x3a, 0xb1, 0x0, 0x18, 0x7, 0xfc,
    0x94, 0x0, 0x10, 0xf, 0xfe, 0x2, 0x28, 0x2b,
    0x0, 0x4d, 0xbf, 0xaa, 0x1, 0xbc, 0xa, 0x79,
    0xe2, 0x48, 0xa, 0x8c, 0x2, 0x40, 0x8, 0x61,
    0xc0, 0x39, 0x0, 0x21, 0x0, 0xce, 0x1, 0xff,
    0xc1, 0x3d, 0x88, 0x0, 0x72, 0x80, 0x44, 0x11,
    0x84, 0xf, 0x46, 0x49, 0x84, 0x1, 0x28, 0x78,
    0x6, 0x5c, 0xdb, 0x30, 0xd, 0x40, 0xe8, 0x1,
    0xff, 0x49, 0x0, 0x2d, 0x80, 0x3f, 0xa5, 0x80,
    0x34, 0xe3, 0x10, 0x0, 0x4e, 0x39, 0x80, 0x20,

    /* U+0036 "6" */
    0x0, 0xf5, 0x7f, 0xea, 0x0, 0xfe, 0x45, 0x0,
    0xd6, 0x1, 0xfd, 0x20, 0x1a, 0x44, 0x3, 0xf3,
    0x10, 0x4, 0x6c, 0x1, 0xfd, 0x0, 0x1b, 0xc0,
    0x3f, 0xa0, 0x40, 0x26, 0x30, 0xf, 0xc4, 0xe0,
    0x10, 0xc0, 0x7, 0xf4, 0x80, 0x61, 0xef, 0xe9,
    0x20, 0xc, 0x88, 0x0, 0xf8, 0x5b, 0x58, 0x2,
    0x80, 0xf, 0xfa, 0x54, 0xc, 0xc0, 0x1f, 0xfc,
    0xb, 0xa, 0x0, 0xc3, 0x5d, 0xca, 0x10, 0x8,
    0x59, 0x40, 0x36, 0x28, 0x89, 0x68, 0x3, 0x79,
    0x0, 0x46, 0x40, 0x19, 0x0, 0x31, 0x18, 0x4,
    0x20, 0x1f, 0xe1, 0x60, 0x8, 0x8c, 0x3, 0x28,
    0x6, 0x2d, 0x0, 0xda, 0xc4, 0x47, 0xa0, 0xd,
    0x4c, 0x20, 0x10, 0xce, 0xea, 0x0, 0x32, 0x10,
    0x68, 0x7, 0xfc, 0x34, 0x0, 0x3d, 0x20, 0xf,
    0xc9, 0xe2, 0x1, 0x16, 0xd2, 0x90, 0x0, 0x9a,
    0xec, 0x20, 0x0,

    /* U+0037 "7" */
    0x5f, 0xff, 0xfe, 0x10, 0x7, 0xff, 0x8d, 0x1,
    0x26, 0x7f, 0x20, 0x6, 0xf0, 0x16, 0x6f, 0xca,
    0x1, 0x12, 0x0, 0x7f, 0x30, 0x80, 0x56, 0x1,
    0xfe, 0x80, 0x8, 0x58, 0x3, 0xf9, 0x44, 0x2,
    0x90, 0xf, 0xf4, 0x0, 0x66, 0x0, 0xfe, 0x42,
    0x0, 0x98, 0x40, 0x3f, 0xa0, 0x3, 0x58, 0x7,
    0xf1, 0x98, 0x2, 0x52, 0x0, 0xfe, 0x80, 0xd,
    0x20, 0x1f, 0xc4, 0x80, 0x12, 0x18, 0x7, 0xf4,
    0x0, 0x6f, 0x0, 0xfe, 0x25, 0x0, 0x89, 0x0,
    0x3f, 0xac, 0x3, 0x58, 0x7, 0xf0, 0xb0, 0x4,
    0x2c, 0x1, 0xfd, 0x20, 0x1a, 0x40, 0x3f, 0xcc,
    0x1, 0x98, 0x3, 0xf0,

    /* U+0038 "8" */
    0x0, 0xcb, 0x5b, 0xfe, 0xec, 0x71, 0x0, 0xf1,
    0xed, 0x29, 0x0, 0x4, 0xe3, 0x9c, 0x3, 0x1e,
    0x10, 0x7, 0xf4, 0x40, 0x2, 0x80, 0xf, 0xfe,
    0x3, 0x88, 0x1, 0x0, 0x34, 0xf7, 0x2c, 0xc0,
    0x32, 0x80, 0x4, 0x2, 0x56, 0x11, 0x24, 0x0,
    0x67, 0x0, 0x38, 0x4, 0xaa, 0x10, 0x38, 0x0,
    0x84, 0xc0, 0x10, 0x40, 0x15, 0x77, 0xe1, 0x80,
    0x54, 0x1, 0xe, 0x30, 0x7, 0xe3, 0xc4, 0x0,
    0xff, 0xe4, 0xe, 0x30, 0x7, 0xe3, 0xc4, 0x0,
    0xb4, 0x80, 0x29, 0xee, 0x59, 0x80, 0x56, 0x40,
    0xa6, 0x1, 0x53, 0x8, 0x93, 0x44, 0x2, 0x90,
    0xf0, 0xc, 0xa0, 0x18, 0x5c, 0x2, 0x40, 0x10,
    0xf, 0xf1, 0x80, 0x61, 0x10, 0x6, 0x50, 0xc,
    0x28, 0x1, 0x87, 0x40, 0x35, 0x39, 0x92, 0xe0,
    0x80, 0x46, 0xe, 0x20, 0x1a, 0x33, 0x68, 0x80,
    0x34, 0x80, 0x28, 0x3, 0xff, 0x80, 0xca, 0x0,
    0x4c, 0x20, 0xf, 0xe8, 0x90, 0xc, 0x7b, 0x4a,
    0x40, 0x1, 0x38, 0xe7, 0x0, 0x80,

    /* U+0039 "9" */
    0x0, 0xcb, 0x5b, 0xfe, 0xd9, 0x30, 0xf, 0x16,
    0xd2, 0x90, 0x0, 0x9b, 0x2c, 0x40, 0x22, 0xd2,
    0x0, 0xfc, 0x98, 0x20, 0xf, 0x0, 0xff, 0x8a,
    0x81, 0x48, 0x2, 0x19, 0xdc, 0x70, 0xc, 0x87,
    0xc0, 0x1b, 0x18, 0x8e, 0x24, 0x3, 0x5b, 0x0,
    0x46, 0x40, 0x19, 0x80, 0x31, 0x18, 0x7, 0xff,
    0xc, 0x80, 0x23, 0x20, 0xc, 0xa0, 0x18, 0xd0,
    0x3, 0x7a, 0x91, 0xc5, 0x0, 0x6f, 0xa0, 0xc,
    0x55, 0xb8, 0xe0, 0x1c, 0xe5, 0x0, 0x1f, 0xfc,
    0x6, 0x10, 0x77, 0x0, 0x7f, 0xd0, 0x1, 0x46,
    0x29, 0x0, 0x80, 0x73, 0x88, 0x6, 0x3a, 0xdf,
    0xc0, 0xc, 0x30, 0x1, 0xfd, 0xc0, 0x1a, 0xc0,
    0x3f, 0x98, 0xc0, 0x23, 0x50, 0xf, 0xc3, 0x0,
    0x1b, 0xc0, 0x3f, 0xac, 0x40, 0x25, 0x30, 0xf,
    0xc8, 0xa0, 0x1a, 0xc0, 0x3f, 0xa4, 0x3, 0x40,
    0x80, 0x70,

    /* U+003A ":" */
    0x7f, 0xfc, 0xe0, 0x1f, 0xfc, 0xb1, 0x7f, 0xfc,
    0xc0, 0x1f, 0xfd, 0x27, 0xff, 0xcc, 0x1, 0xc2,
    0x1, 0xff, 0xc6,

    /* U+003B ";" */
    0x2f, 0xfd, 0x80, 0x1f, 0xfc, 0xb7, 0x2f, 0xfd,
    0x60, 0x1f, 0xfd, 0x22, 0xff, 0xd6, 0x1, 0xce,
    0x1, 0xff, 0xc6, 0x2f, 0xf4, 0x3, 0x80, 0x5c,
    0x4, 0x0, 0x16, 0xc, 0x2, 0xc0, 0x15, 0x56,
    0x90, 0x50, 0x20, 0x96, 0x20, 0xe, 0x69, 0x80,
    0x0,

    /* U+003C "<" */
    0x0, 0xff, 0xe1, 0x8, 0x7, 0xff, 0x0, 0xab,
    0x40, 0x3f, 0xc3, 0x3a, 0xa0, 0x1f, 0xe7, 0xe6,
    0x0, 0xff, 0x37, 0x40, 0x7, 0xf9, 0x76, 0x44,
    0x3, 0xac, 0x2, 0x4c, 0xa2, 0x0, 0xe7, 0xe7,
    0x3, 0xbb, 0x18, 0x6, 0x17, 0xe8, 0x10, 0x3c,
    0x40, 0xc, 0x31, 0xd0, 0x20, 0x1f, 0xd1, 0xce,
    0x1, 0xff, 0xc0, 0xb4, 0x0, 0xf8, 0x88, 0x1,
    0x8e, 0xf5, 0x40, 0x38, 0x76, 0x44, 0x3, 0x15,
    0x6a, 0x80, 0x73, 0x74, 0x0, 0x71, 0x56, 0xa8,
    0x7, 0x3f, 0x38, 0x7, 0x15, 0x58, 0x7, 0xc,
    0x72, 0x80, 0x73, 0x80, 0x7c, 0x35, 0xa8, 0x1,
    0xff, 0xc1, 0x2b, 0xc3, 0x0, 0xff, 0xe0, 0x9e,
    0x53, 0x0, 0x7f, 0xf0, 0x56, 0x80,

    /* U+003D "=" */
    0x3f, 0xff, 0xfe, 0xe, 0x0, 0x7f, 0xf8, 0x4f,
    0xbb, 0xff, 0x83, 0xa0, 0x23, 0xff, 0xc2, 0x1,
    0x1f, 0xfe, 0x11, 0xf7, 0x7f, 0xf0, 0x74, 0x3,
    0xff, 0xc2,

    /* U+003E ">" */
    0x0, 0xff, 0xe1, 0x9f, 0x30, 0x7, 0xff, 0x4,
    0x67, 0x54, 0x3, 0xff, 0x82, 0x55, 0x88, 0x1,
    0xff, 0xc1, 0x3b, 0xb1, 0x80, 0x78, 0x90, 0x3,
    0x93, 0x28, 0x80, 0x30, 0xde, 0x20, 0x7, 0x2e,
    0xc8, 0x80, 0x63, 0xbc, 0x40, 0xe, 0x6e, 0x80,
    0xe, 0x3b, 0xc4, 0x0, 0xe7, 0xc0, 0xf, 0x1d,
    0xe1, 0x80, 0x7f, 0xf0, 0x6, 0xcc, 0x3, 0xfc,
    0x31, 0xce, 0x1, 0xc8, 0x1, 0xc, 0x73, 0x80,
    0x72, 0x6c, 0x0, 0xc7, 0x38, 0x7, 0x1e, 0x59,
    0x1, 0x73, 0x80, 0x71, 0x56, 0x18, 0x4, 0x20,
    0x1c, 0x33, 0xaa, 0x1, 0xfe, 0x8e, 0x60, 0xf,
    0xf3, 0xf3, 0x80, 0x7f, 0x97, 0xa0, 0x40, 0x3f,
    0xc7, 0x42, 0x1, 0xff, 0xc0,

    /* U+003F "?" */
    0x0, 0xcf, 0x9d, 0xfe, 0xc8, 0x20, 0xe, 0x3e,
    0x83, 0x10, 0x1, 0xbe, 0xb0, 0x4, 0x98, 0x20,
    0x1f, 0xa5, 0x40, 0x14, 0x1, 0xff, 0x40, 0x38,
    0x80, 0x47, 0x59, 0x0, 0x18, 0x85, 0xdc, 0x0,
    0x5c, 0x53, 0x77, 0x0, 0x63, 0x8, 0xc5, 0xa0,
    0xc, 0x20, 0x18, 0x80, 0x7, 0x40, 0x19, 0x58,
    0x2, 0x40, 0xf, 0xd1, 0x40, 0x10, 0xd0, 0x7,
    0xd2, 0xe0, 0x11, 0xf8, 0x80, 0x79, 0x18, 0x2,
    0x5c, 0x10, 0xf, 0xb0, 0x2, 0x2a, 0x0, 0xfe,
    0x10, 0x9, 0x40, 0x3f, 0xc2, 0x1, 0x70, 0x7,
    0xfa, 0x73, 0x27, 0x0, 0xff, 0x9, 0x9c, 0x20,
    0x1f, 0xef, 0xfd, 0xc0, 0x1f, 0xfc, 0x21, 0x0,
    0xff, 0xf3, 0x0,

    /* U+0040 "@" */
    0x0, 0xf8, 0xe2, 0xfb, 0xfd, 0xd9, 0x2a, 0x1,
    0xff, 0xc0, 0x3c, 0xc3, 0xa0, 0x80, 0x4, 0xda,
    0xb9, 0x80, 0x3f, 0xa3, 0xc, 0x3, 0x84, 0x3,
    0xc, 0xe0, 0x80, 0x7a, 0x5c, 0x2, 0x5b, 0xff,
    0x77, 0xec, 0x10, 0x0, 0xf0, 0x3, 0x99, 0x80,
    0x3, 0xda, 0x40, 0xc, 0x4f, 0xae, 0x0, 0x2a,
    0x0, 0x86, 0x40, 0x7, 0x84, 0x97, 0xdf, 0x66,
    0xff, 0xe0, 0x70, 0x2, 0x98, 0x2, 0x40, 0x3,
    0xa0, 0xd6, 0x82, 0x9, 0x9a, 0x1, 0x41, 0x0,
    0x24, 0x0, 0xa0, 0x9, 0x12, 0x90, 0xf, 0x28,
    0x6, 0x80, 0x2, 0x0, 0x90, 0x1, 0x42, 0xc0,
    0x22, 0x99, 0x10, 0x7, 0x38, 0x0, 0x40, 0x80,
    0x22, 0x4, 0x0, 0xbd, 0x99, 0xe0, 0x1c, 0x40,
    0x10, 0xb8, 0x0, 0x40, 0x6, 0x0, 0x12, 0x0,
    0x10, 0x80, 0x61, 0x0, 0x85, 0xc0, 0x2, 0x0,
    0x30, 0x0, 0x90, 0x0, 0x84, 0x3, 0x28, 0x0,
    0x40, 0x80, 0x22, 0x4, 0x0, 0xb1, 0xdd, 0x80,
    0x12, 0xf, 0x80, 0x1c, 0x4, 0x80, 0xa, 0x16,
    0x1, 0xc, 0x40, 0x4c, 0x0, 0x7c, 0x80, 0xb,
    0x0, 0x28, 0x2, 0x44, 0xa4, 0x3, 0x87, 0x9c,
    0x3, 0xa4, 0x80, 0x12, 0x0, 0x1d, 0x6, 0xc5,
    0x22, 0x2e, 0x14, 0x40, 0x88, 0xb8, 0xc0, 0x10,
    0xc0, 0x0, 0xf0, 0x8e, 0xb7, 0x54, 0x40, 0x7,
    0xdd, 0x51, 0x80, 0x73, 0xa8, 0x0, 0xf6, 0x50,
    0x3, 0xa, 0x4e, 0x80, 0x7f, 0x53, 0x80, 0x4d,
    0x7f, 0xee, 0xfe, 0xb6, 0x25, 0x0, 0xfe, 0x8b,
    0x30, 0xe, 0x10, 0xc, 0x20, 0x1f, 0xf2, 0x66,
    0x1d, 0x4, 0x0, 0x26, 0xd5, 0xca, 0x1, 0xc0,

    /* U+0041 "A" */
    0x0, 0xf8, 0xff, 0xf6, 0x0, 0x7f, 0xf0, 0xe8,
    0x3, 0x19, 0x0, 0x7f, 0xf0, 0x9c, 0x3, 0xa8,
    0x3, 0xff, 0x82, 0xa2, 0x1, 0xcc, 0x1, 0xff,
    0xc1, 0xe0, 0xf, 0xa, 0x0, 0x7f, 0xc2, 0x80,
    0x10, 0x80, 0x5c, 0x1, 0xff, 0x30, 0x4, 0x36,
    0x1, 0x28, 0x80, 0x7f, 0xa8, 0x2, 0x75, 0x0,
    0xcc, 0x1, 0xfc, 0x64, 0x1, 0x50, 0x30, 0x5,
    0x40, 0x1f, 0xd4, 0x1, 0x9, 0x86, 0x80, 0x44,
    0x60, 0x1f, 0x98, 0x2, 0x60, 0x2, 0x8, 0x5,
    0x40, 0x1f, 0x28, 0x6, 0xe3, 0x39, 0x40, 0x27,
    0x0, 0xfb, 0x80, 0x34, 0xe6, 0x48, 0x1, 0xa,
    0x80, 0x71, 0x20, 0x7, 0xff, 0x7, 0x80, 0x39,
    0x40, 0x3f, 0xf8, 0x48, 0x20, 0x1a, 0x80, 0x3f,
    0xf8, 0x6c, 0x1, 0x21, 0x0, 0x53, 0xff, 0xf1,
    0x80, 0x54, 0x1, 0x70, 0x6, 0x70, 0xf, 0xac,
    0x2, 0x23, 0x0, 0x28, 0x4, 0x82, 0x1, 0xf3,
    0x0, 0x6a, 0x6, 0x0, 0xda, 0x1, 0xf8, 0x4c,
    0x2, 0x60, 0xa0, 0xc, 0xc0, 0x1f, 0xd4, 0x1,
    0x94,

    /* U+0042 "B" */
    0x3f, 0xff, 0xf6, 0xd2, 0x0, 0x7f, 0xf0, 0xc9,
    0x6e, 0xc0, 0x1f, 0xfc, 0x54, 0xb0, 0xf, 0xfe,
    0x2a, 0x18, 0x7, 0xa7, 0xba, 0xdb, 0x20, 0xc,
    0x80, 0x1e, 0x31, 0x18, 0x93, 0x80, 0x37, 0x80,
    0x7f, 0xf1, 0x78, 0x3, 0xfe, 0x3f, 0x0, 0xc8,
    0x1, 0xea, 0xff, 0xd8, 0x60, 0x13, 0x90, 0x7,
    0xff, 0xe, 0xa0, 0x3, 0xff, 0x89, 0x6c, 0x1,
    0xff, 0xc4, 0x19, 0x70, 0xf, 0x4f, 0x76, 0xd8,
    0x0, 0xd0, 0x20, 0x1c, 0x62, 0x38, 0x9e, 0x80,
    0x32, 0x0, 0x7f, 0xf0, 0x10, 0x3, 0x10, 0x7,
    0xff, 0x1, 0x0, 0x3f, 0xc6, 0x45, 0x8d, 0xe8,
    0x3, 0x10, 0x7, 0x4e, 0xee, 0xc8, 0x0, 0xe5,
    0x0, 0xff, 0xe2, 0x48, 0x7, 0xff, 0x12, 0x18,
    0x3, 0xff, 0x80, 0x26, 0xfa, 0xe0, 0x0,

    /* U+0043 "C" */
    0x0, 0xf3, 0x5e, 0xff, 0xba, 0xdc, 0x40, 0x3f,
    0x3f, 0x4a, 0x10, 0x0, 0x52, 0x39, 0x80, 0x3d,
    0x70, 0x20, 0x1f, 0xd3, 0x20, 0xd, 0x68, 0x1,
    0xff, 0xc0, 0x67, 0x0, 0x32, 0x0, 0x62, 0x8b,
    0xb4, 0x90, 0x6, 0x81, 0x8, 0x0, 0xcf, 0xae,
    0x88, 0x6d, 0x70, 0x2, 0x68, 0xa8, 0x80, 0x49,
    0x0, 0x1e, 0x87, 0xab, 0x20, 0xf0, 0xd, 0x0,
    0x1f, 0xa1, 0x40, 0x26, 0x0, 0x84, 0xc0, 0x3f,
    0xf8, 0x24, 0x1, 0x10, 0x7, 0xff, 0x8, 0x40,
    0x27, 0x0, 0xff, 0xe1, 0x8, 0x4, 0xe0, 0x1f,
    0xfc, 0x22, 0x0, 0x8c, 0x3, 0xff, 0x84, 0xa0,
    0x19, 0x0, 0x3f, 0xf8, 0x3a, 0x1, 0xa0, 0x3,
    0xf4, 0x28, 0x4, 0x84, 0x1, 0x1c, 0x80, 0x7a,
    0x1e, 0xa8, 0x20, 0x8, 0x0, 0xcd, 0xae, 0x88,
    0x6c, 0x70, 0x2, 0xf8, 0x82, 0xa8, 0x3, 0x14,
    0x5d, 0xa4, 0xc0, 0x33, 0x8, 0x2, 0x94, 0x3,
    0xff, 0x80, 0xb0, 0x1, 0xaa, 0x44, 0x3, 0xfa,
    0x68, 0x3, 0xcd, 0xd2, 0xa4, 0x0, 0x13, 0x8e,
    0x60, 0x8,

    /* U+0044 "D" */
    0x3f, 0xff, 0xee, 0xc8, 0x30, 0xf, 0xfe, 0x20,
    0x9b, 0xe5, 0x90, 0x7, 0xff, 0x19, 0x35, 0x0,
    0x3f, 0xf8, 0xf6, 0x60, 0x1f, 0x46, 0x65, 0x72,
    0x80, 0x1d, 0xc0, 0x1f, 0x11, 0x9c, 0x8d, 0x76,
    0x0, 0xc4, 0xa0, 0x1f, 0xfc, 0x14, 0xa0, 0xd,
    0xc0, 0x1f, 0xfc, 0x25, 0x20, 0x9, 0x0, 0x3f,
    0xf8, 0x6a, 0x1, 0x88, 0x3, 0xff, 0x85, 0xc0,
    0x18, 0x40, 0x3f, 0xf8, 0x46, 0x1, 0x9c, 0x3,
    0xff, 0x84, 0x60, 0x19, 0xc0, 0x3f, 0xf8, 0x5c,
    0x1, 0x84, 0x3, 0xff, 0x84, 0xa0, 0x18, 0x80,
    0x3f, 0xf8, 0x2c, 0x40, 0x12, 0x80, 0x7f, 0xf0,
    0x56, 0x40, 0x37, 0x0, 0x78, 0x8c, 0xe4, 0x7c,
    0xa0, 0xc, 0x68, 0x1, 0xe8, 0xcc, 0xae, 0xc,
    0x3, 0xf, 0x0, 0x7f, 0xf1, 0x47, 0x48, 0x3,
    0xff, 0x88, 0xde, 0x60, 0x1f, 0xfc, 0x12, 0x48,
    0xe9, 0x10, 0xc,

    /* U+0045 "E" */
    0x3f, 0xff, 0xfe, 0xf, 0x0, 0x7f, 0xfa, 0xa7,
    0xbb, 0xf7, 0x80, 0x78, 0xc4, 0x7f, 0x80, 0x3f,
    0xfb, 0x55, 0xff, 0xf9, 0x80, 0x3f, 0xfd, 0x53,
    0xbb, 0xf9, 0x80, 0x3c, 0x64, 0x5f, 0x80, 0x3f,
    0xfb, 0x66, 0x45, 0xfc, 0x1, 0xe9, 0xdd, 0xfe,
    0x30, 0xf, 0xff, 0x20,

    /* U+0046 "F" */
    0x3f, 0xff, 0xfe, 0xd, 0x80, 0x7f, 0xf9, 0xa3,
    0x33, 0xf4, 0x80, 0x71, 0x19, 0xfe, 0x20, 0xf,
    0xfe, 0xb9, 0x22, 0x7e, 0x0, 0xf4, 0x5d, 0xfe,
    0x0, 0xff, 0xf3, 0xd7, 0xff, 0xe0, 0xf, 0xff,
    0xf8, 0x7, 0xff, 0x4c,

    /* U+0047 "G" */
    0x0, 0xf3, 0x56, 0xff, 0xbb, 0x20, 0x80, 0x3f,
    0x3f, 0x4a, 0x90, 0x0, 0x4d, 0xf6, 0x40, 0x3d,
    0x70, 0x20, 0x1f, 0xcd, 0x80, 0x1a, 0xd0, 0x3,
    0xff, 0x80, 0x72, 0x0, 0x64, 0x0, 0xc2, 0xf7,
    0x6a, 0x50, 0xc, 0x20, 0x8, 0x0, 0xcd, 0xd0,
    0x88, 0x5a, 0xd2, 0x6e, 0x80, 0x51, 0x0, 0x92,
    0x40, 0x3c, 0x5b, 0x22, 0x0, 0xc0, 0xd, 0x0,
    0x1f, 0xfc, 0x15, 0x0, 0x84, 0xc0, 0x36, 0xff,
    0xfc, 0xc4, 0x1, 0x28, 0x7, 0xff, 0x8, 0x40,
    0x3f, 0xf8, 0xc2, 0x1, 0xff, 0xc6, 0x20, 0x9,
    0x40, 0x3b, 0x37, 0x61, 0x0, 0xcc, 0x1, 0x9,
    0x0, 0x61, 0x22, 0x8c, 0x3, 0x78, 0x6, 0x80,
    0xf, 0xfe, 0xa, 0x88, 0x4, 0xb0, 0x1, 0xe6,
    0x20, 0xe, 0x90, 0xc, 0xfa, 0xe8, 0x86, 0xb9,
    0x0, 0xf3, 0x98, 0x6, 0x28, 0xbb, 0x4a, 0x0,
    0x61, 0x40, 0x6, 0x98, 0x7, 0xff, 0x0, 0x74,
    0x80, 0x3, 0x8e, 0x1, 0xfe, 0x5f, 0x30, 0xe,
    0x8e, 0x94, 0x10, 0x0, 0x9c, 0x6d, 0x8, 0x0,

    /* U+0048 "H" */
    0x3f, 0xfc, 0xa0, 0x1f, 0xaf, 0xfe, 0xc0, 0xf,
    0xff, 0xf8, 0x7, 0xff, 0x80, 0x8c, 0xff, 0x38,
    0x7, 0xf4, 0x66, 0x7e, 0x30, 0xf, 0xff, 0xb5,
    0x7f, 0xfe, 0x40, 0xf, 0xff, 0xf8, 0x7, 0xff,
    0xfc, 0x3, 0xc0,

    /* U+0049 "I" */
    0x3f, 0xfc, 0xa0, 0x1f, 0xff, 0xf0, 0xf, 0xff,
    0x8,

    /* U+004A "J" */
    0x0, 0xfc, 0x7f, 0xf9, 0x40, 0x3f, 0xff, 0xe0,
    0x1f, 0xff, 0xf0, 0xf, 0xfe, 0xbb, 0x0, 0x67,
    0x0, 0xc2, 0x7, 0xb2, 0x80, 0x11, 0x80, 0x67,
    0x8c, 0x20, 0xb7, 0x47, 0x80, 0xc, 0x42, 0x1,
    0xa2, 0xe0, 0x3, 0x20, 0xc0, 0x80, 0x7f, 0xa0,
    0x7, 0x8, 0x3, 0xf5, 0x18, 0x0, 0xb6, 0x50,
    0x40, 0x4d, 0xf9, 0x40, 0x0,

    /* U+004B "K" */
    0x3f, 0xfc, 0xa0, 0x1e, 0x2e, 0xff, 0xd0, 0x1,
    0xff, 0xc0, 0x1c, 0x10, 0x9, 0xa0, 0x3, 0xfe,
    0x1c, 0x10, 0x9, 0xa4, 0x3, 0xff, 0x81, 0xa4,
    0x1, 0x2c, 0x80, 0x7f, 0xf0, 0x2c, 0xc0, 0x25,
    0xa0, 0xf, 0xfe, 0x5, 0x20, 0x4, 0x94, 0x1,
    0xff, 0xc0, 0x95, 0x0, 0x92, 0xc0, 0x3f, 0xf8,
    0x10, 0xc0, 0x11, 0xd8, 0x7, 0xff, 0x3, 0x9c,
    0x3, 0x48, 0x7, 0xff, 0x5, 0x0, 0x3a, 0xc0,
    0x3f, 0xf8, 0xe3, 0x20, 0x1f, 0xfc, 0x21, 0x0,
    0xcc, 0x80, 0x1f, 0xfc, 0x2, 0xf6, 0x0, 0xd2,
    0x1, 0xff, 0xf, 0x8c, 0x8, 0x4, 0x50, 0x1,
    0xfe, 0xb2, 0x1, 0xb0, 0xc, 0xe6, 0x1, 0xff,
    0xc1, 0x54, 0x0, 0xdc, 0x1, 0xff, 0xc2, 0x90,
    0xc, 0x4e, 0x1, 0xff, 0xc1, 0x28, 0x0, 0xd0,
    0x40, 0x1f, 0xfc, 0x17, 0x20, 0xd, 0xc0, 0x1f,
    0xfc, 0x2e, 0x0, 0xc6, 0xc0, 0x1f, 0xfc, 0x13,
    0x60, 0xd, 0x24,

    /* U+004C "L" */
    0x3f, 0xfc, 0xa0, 0x1f, 0xff, 0xf0, 0xf, 0xff,
    0xf8, 0x7, 0xff, 0xfc, 0x3, 0xff, 0xa4, 0x64,
    0x5f, 0xc0, 0x1e, 0x9d, 0xdf, 0xe2, 0x0, 0xff,
    0xf2, 0x0,

    /* U+004D "M" */
    0x3f, 0xfc, 0x60, 0x1f, 0xfc, 0x6, 0xff, 0xc0,
    0x1d, 0xe0, 0x1f, 0xf0, 0xc8, 0x7, 0xf1, 0xb8,
    0x7, 0xfa, 0x80, 0x3f, 0xe8, 0x20, 0xf, 0xca,
    0x80, 0x1f, 0xfc, 0xe, 0x0, 0xf8, 0x6c, 0x3,
    0xff, 0x82, 0x6c, 0x1, 0xeb, 0x10, 0xf, 0xfe,
    0x14, 0x88, 0x6, 0x45, 0x0, 0xff, 0xe2, 0x50,
    0x6, 0xa0, 0xf, 0xfe, 0xa, 0x0, 0x48, 0xa0,
    0x9, 0x10, 0x9, 0x40, 0x3f, 0xa0, 0x80, 0x2b,
    0x13, 0x60, 0x9, 0xf0, 0x3, 0xfd, 0xc0, 0x10,
    0xdf, 0x0, 0x45, 0x0, 0x1f, 0xf1, 0xb8, 0x4,
    0xa4, 0x1, 0x48, 0x7, 0xff, 0x6, 0x8, 0x3,
    0xcc, 0x80, 0x1f, 0xfc, 0x2e, 0x0, 0xe1, 0x80,
    0xf, 0xfe, 0x19, 0xb0, 0x6, 0xb1, 0x0, 0xff,
    0xe2, 0x4a, 0xa2, 0x1d, 0x40, 0x3f, 0xf8, 0xd5,
    0x76, 0x80, 0xf, 0xff, 0xf8, 0x7, 0xff, 0x38,

    /* U+004E "N" */
    0x3f, 0xfc, 0x40, 0x1f, 0xbf, 0xf2, 0x80, 0x77,
    0x0, 0x7f, 0xf1, 0x8e, 0x0, 0x3f, 0xf8, 0xce,
    0x60, 0x1f, 0xfc, 0x6d, 0x0, 0xff, 0xe3, 0xd,
    0x0, 0x7f, 0xf1, 0x95, 0x40, 0x1f, 0xfc, 0x6b,
    0x10, 0xf, 0xfe, 0xb, 0x80, 0x43, 0x40, 0x1f,
    0xfc, 0x1a, 0x40, 0x9, 0x1c, 0x3, 0xff, 0x83,
    0x42, 0x1, 0x41, 0x0, 0x7f, 0xf0, 0x6, 0x80,
    0x37, 0x80, 0x7f, 0xf0, 0x51, 0xc0, 0x22, 0x90,
    0xf, 0xfe, 0xc, 0x18, 0x4, 0xc0, 0x1f, 0xfc,
    0x2e, 0x0, 0xff, 0xe3, 0x14, 0x80, 0x7f, 0xf1,
    0x99, 0x40, 0x3f, 0xf8, 0xd6, 0x20, 0x1f, 0xfc,
    0x51, 0xa0, 0xf, 0xfe, 0x32, 0x38, 0x7, 0xff,
    0x1a, 0xc, 0x3, 0x0,

    /* U+004F "O" */
    0x0, 0xe2, 0x7c, 0xef, 0xf7, 0x5b, 0x88, 0x7,
    0xe1, 0x9d, 0x83, 0x10, 0x0, 0xa4, 0x74, 0x0,
    0x78, 0x71, 0x80, 0x3f, 0xcf, 0x82, 0x1, 0xb0,
    0x80, 0x3f, 0xf8, 0x7, 0xa0, 0x14, 0x10, 0x6,
    0x39, 0xbb, 0x41, 0x0, 0x63, 0x70, 0x17, 0x0,
    0xcf, 0x8c, 0x88, 0x7d, 0x60, 0xd, 0x20, 0xe0,
    0x19, 0x60, 0x3, 0xd2, 0x60, 0x10, 0xa6, 0x0,
    0x68, 0x0, 0xfd, 0x0, 0x1b, 0x5c, 0x2, 0x12,
    0x0, 0xfc, 0x80, 0x18, 0x8c, 0x2, 0x50, 0xf,
    0xf1, 0x0, 0x4c, 0x20, 0x10, 0x80, 0x7f, 0x84,
    0x3, 0x8, 0x4, 0x20, 0x1f, 0xe1, 0x0, 0xc6,
    0x1, 0x28, 0x7, 0xf8, 0x80, 0x26, 0x70, 0x8,
    0x48, 0x3, 0xf2, 0x0, 0x62, 0xc0, 0xd, 0x0,
    0x1f, 0xa0, 0x3, 0x6b, 0x80, 0x65, 0x70, 0xf,
    0x49, 0x80, 0x42, 0x82, 0xe0, 0x1a, 0x31, 0x91,
    0xf, 0xac, 0x1, 0xa4, 0x1, 0x4, 0x1, 0x8e,
    0x6e, 0xd0, 0x40, 0x18, 0xdc, 0x2, 0xf2, 0x0,
    0xff, 0xe0, 0x1e, 0x80, 0x62, 0xc5, 0x0, 0xff,
    0x36, 0x8, 0x7, 0xd, 0x6b, 0x98, 0x80, 0x5,
    0x23, 0xa4, 0x3, 0x0,

    /* U+0050 "P" */
    0x3f, 0xff, 0xee, 0xb7, 0x10, 0xf, 0xfe, 0x8,
    0xa4, 0x73, 0x0, 0x7f, 0xf1, 0x25, 0x80, 0x3f,
    0xf8, 0x92, 0x20, 0x1d, 0x3d, 0xd6, 0x40, 0x80,
    0x69, 0x0, 0xe3, 0x11, 0x8d, 0xf4, 0x3, 0x20,
    0x7, 0xfc, 0x66, 0x0, 0x84, 0x3, 0xff, 0x88,
    0x60, 0x1f, 0xf1, 0x18, 0x4, 0x40, 0x1f, 0xc2,
    0xbe, 0x1, 0x94, 0x3, 0xab, 0xfe, 0xea, 0x20,
    0xd, 0x40, 0x1f, 0xfc, 0x36, 0x30, 0xf, 0xfe,
    0x13, 0x48, 0x7, 0xff, 0x0, 0x57, 0x24, 0x3,
    0xe9, 0xdd, 0xbb, 0xfa, 0x8c, 0x3, 0xf1, 0x91,
    0x42, 0x1, 0xff, 0xff, 0x0, 0xff, 0xe2, 0x80,

    /* U+0051 "Q" */
    0x0, 0xe2, 0x7c, 0xef, 0xf7, 0x5b, 0x88, 0x7,
    0xe1, 0x9d, 0x83, 0x10, 0x0, 0xa4, 0x74, 0x80,
    0x78, 0x71, 0x80, 0x3f, 0xcd, 0x82, 0x1, 0xb0,
    0x80, 0x3f, 0xf8, 0x7, 0xa0, 0x14, 0x10, 0x6,
    0x39, 0xbb, 0x41, 0x0, 0x63, 0x70, 0x17, 0x0,
    0xcf, 0x8c, 0x88, 0x7d, 0x60, 0xd, 0x20, 0xe0,
    0x19, 0x60, 0x3, 0xd2, 0x60, 0x10, 0xae, 0x0,
    0x68, 0x0, 0xfd, 0x0, 0x1b, 0x1c, 0x2, 0x12,
    0x0, 0xfc, 0x80, 0x18, 0x8c, 0x2, 0x50, 0xf,
    0xf1, 0x0, 0x4c, 0x20, 0x10, 0x80, 0x7f, 0x84,
    0x3, 0x8, 0x4, 0x20, 0x1f, 0xe1, 0x0, 0x84,
    0xc0, 0x25, 0x0, 0xff, 0x10, 0x4, 0xee, 0x0,
    0x84, 0x80, 0x3f, 0x20, 0x6, 0x3c, 0x0, 0xd0,
    0x1, 0xfa, 0x0, 0x36, 0x38, 0x6, 0x57, 0x0,
    0xf4, 0x98, 0x4, 0x48, 0x2e, 0x1, 0xa3, 0x19,
    0x10, 0xfa, 0xc0, 0x1a, 0x0, 0x10, 0x40, 0x18,
    0xe6, 0xed, 0x4, 0x1, 0x91, 0x40, 0x2f, 0x20,
    0xf, 0xfe, 0xa, 0x10, 0x4, 0x58, 0xa0, 0x1f,
    0xfc, 0x1c, 0x10, 0x8, 0x6b, 0x5c, 0xc4, 0x0,
    0x29, 0x2, 0x1, 0xd, 0x0, 0x71, 0x46, 0x77,
    0xfb, 0xad, 0xf4, 0x2, 0x2a, 0x0, 0xff, 0xe1,
    0x1d, 0x2, 0x68, 0x80, 0x7f, 0xf0, 0xd6, 0xec,
    0x0,

    /* U+0052 "R" */
    0x3f, 0xff, 0xee, 0xb7, 0x10, 0xf, 0xfe, 0x10,
    0xa4, 0x7a, 0x80, 0x7f, 0xf1, 0x6, 0x94, 0x3,
    0xff, 0x8b, 0x60, 0x1f, 0x4f, 0x75, 0x90, 0x20,
    0x10, 0xb0, 0x7, 0x8c, 0x46, 0x37, 0xa0, 0xd,
    0xe0, 0x1f, 0xfc, 0x4, 0x0, 0xc6, 0x1, 0xff,
    0xc0, 0x30, 0xc, 0x60, 0x1f, 0xe1, 0x5d, 0x0,
    0xde, 0x1, 0xea, 0xff, 0xba, 0x84, 0x3, 0x30,
    0x7, 0xff, 0x12, 0x40, 0x3f, 0xf8, 0x90, 0xc0,
    0x1f, 0xfc, 0x3c, 0x70, 0xf, 0xd3, 0xba, 0x90,
    0xd, 0x40, 0x1f, 0xc6, 0x44, 0x63, 0x0, 0x98,
    0x80, 0x3f, 0xf8, 0x10, 0x1, 0xa0, 0x3, 0xff,
    0x80, 0x86, 0x1, 0x29, 0x80, 0x7f, 0xf0, 0x20,
    0x3, 0x78, 0x7, 0xff, 0x1, 0xc, 0x2, 0x35,
    0x0, 0xff, 0xe0, 0x40, 0x6, 0x80, 0xf, 0xfe,
    0x2, 0x18, 0x4, 0x4e,

    /* U+0053 "S" */
    0x0, 0xe5, 0xad, 0xef, 0xeb, 0x71, 0x0, 0xf8,
    0xf6, 0x94, 0x84, 0x5, 0x23, 0x94, 0x3, 0x93,
    0x8, 0x3, 0xfa, 0xa0, 0x2, 0x1b, 0x0, 0xff,
    0xe0, 0x3a, 0x0, 0x24, 0x3, 0x14, 0xee, 0xad,
    0x0, 0x37, 0x0, 0xc, 0x3, 0x63, 0x11, 0x12,
    0xe4, 0x1, 0x34, 0x1, 0xe1, 0x10, 0x7, 0x35,
    0x73, 0x0, 0x44, 0x1, 0xc, 0x80, 0x79, 0x44,
    0x3, 0x50, 0x6, 0x6f, 0xa5, 0x10, 0xf, 0xc7,
    0x20, 0x1c, 0xb5, 0xdb, 0x4, 0x1, 0xe6, 0xb2,
    0x0, 0xf1, 0x3e, 0xd0, 0x7, 0x93, 0x6d, 0x44,
    0x3, 0xcb, 0x82, 0x1, 0xe4, 0xae, 0xc8, 0x20,
    0xc, 0x70, 0x1, 0xfc, 0x6f, 0xb6, 0x1, 0x98,
    0x3, 0x4b, 0x80, 0x79, 0x1c, 0x3, 0x8, 0x2f,
    0x34, 0x28, 0x7, 0x8c, 0x3, 0x8e, 0x84, 0x1,
    0x54, 0x42, 0x22, 0x5a, 0x0, 0x42, 0x23, 0x50,
    0xc, 0xb7, 0xba, 0xb4, 0x0, 0xd2, 0x0, 0xa4,
    0x0, 0xff, 0xe0, 0x2b, 0x80, 0x56, 0xe0, 0x1f,
    0xe7, 0xa0, 0xe, 0x8e, 0x84, 0x10, 0x1, 0x24,
    0x74, 0x0, 0x40,

    /* U+0054 "T" */
    0x5f, 0xff, 0xfe, 0x20, 0x80, 0x7f, 0xfa, 0x93,
    0x33, 0x9c, 0x3, 0x56, 0x67, 0x8, 0x8c, 0xfb,
    0x80, 0x33, 0x99, 0xf0, 0x7, 0xff, 0xfc, 0x3,
    0xff, 0xfe, 0x1, 0xff, 0xff, 0x0, 0xff, 0xf1,
    0x0,

    /* U+0055 "U" */
    0x3f, 0xfc, 0xa0, 0x1f, 0x57, 0xfd, 0xc0, 0x1f,
    0xff, 0xf0, 0xf, 0xff, 0xf8, 0x7, 0xff, 0x90,
    0x40, 0x3f, 0xf8, 0x86, 0x1, 0xc6, 0x1, 0xf0,
    0x80, 0x62, 0x0, 0xda, 0x1, 0xf2, 0x0, 0x4c,
    0x4, 0x1, 0x22, 0x80, 0x74, 0x80, 0x6c, 0xa,
    0x0, 0xd5, 0x2a, 0x8b, 0x8c, 0x1, 0x94, 0x1c,
    0x80, 0x33, 0x55, 0xd1, 0x80, 0x66, 0x20, 0x7,
    0x80, 0x7f, 0xf0, 0xe, 0x40, 0x22, 0xd3, 0x0,
    0xfe, 0x6c, 0x0, 0xe2, 0xcb, 0x62, 0x10, 0x13,
    0x7d, 0x90, 0x8,

    /* U+0056 "V" */
    0xbf, 0xfc, 0x20, 0x1f, 0xcb, 0xff, 0x9f, 0x80,
    0x33, 0x0, 0x7f, 0x70, 0x6, 0x65, 0x10, 0xa,
    0x80, 0x3f, 0xa, 0x0, 0x48, 0x20, 0xe0, 0x11,
    0x18, 0x7, 0xcc, 0x1, 0xb8, 0x1, 0x40, 0x1a,
    0xc0, 0x3e, 0xb0, 0xc, 0xa0, 0x3, 0x20, 0x9,
    0x80, 0x3c, 0x46, 0x1, 0x30, 0x6, 0xa0, 0x8,
    0x50, 0x3, 0xa8, 0x3, 0x50, 0x6, 0x60, 0xd,
    0xc0, 0x1c, 0xc0, 0x11, 0x18, 0x6, 0x15, 0x0,
    0x94, 0x3, 0x20, 0x80, 0x54, 0x1, 0xee, 0x0,
    0xca, 0x1, 0x68, 0x6, 0x60, 0xf, 0x20, 0x80,
    0x5c, 0x1, 0x30, 0x4, 0xa2, 0x1, 0xf3, 0x0,
    0x48, 0x20, 0xa0, 0x1b, 0x80, 0x3f, 0x50, 0x6,
    0x60, 0xe0, 0x8, 0x50, 0x3, 0xf1, 0x18, 0x5,
    0x62, 0x80, 0x13, 0x0, 0x7f, 0xa8, 0x2, 0x38,
    0x0, 0xd4, 0x1, 0xfe, 0x60, 0xc, 0xc0, 0x11,
    0x90, 0x7, 0xfc, 0xa0, 0x1f, 0x50, 0x7, 0xff,
    0x3, 0x80, 0x3e, 0x60, 0xf, 0xfe, 0x2, 0x10,
    0x7, 0x28, 0x7, 0xff, 0xa, 0x80, 0x3b, 0x80,
    0x3f, 0xf8, 0x4c, 0x1, 0x89, 0x0, 0x3e,

    /* U+0057 "W" */
    0x9f, 0xfc, 0x20, 0x1e, 0x6f, 0xfd, 0x60, 0x1f,
    0x47, 0xfe, 0x2c, 0x0, 0xc8, 0x1, 0xec, 0x0,
    0xc8, 0x1, 0xf2, 0x0, 0x42, 0x48, 0x1, 0xb0,
    0x3, 0xca, 0x1, 0xca, 0x1, 0xe3, 0x0, 0x9c,
    0x4, 0xc0, 0x24, 0x0, 0xe3, 0x0, 0xf6, 0x0,
    0x72, 0x0, 0x6c, 0x0, 0x20, 0x4, 0x42, 0x1,
    0xac, 0x3, 0xce, 0x1, 0xd8, 0x1, 0x94, 0x1,
    0x80, 0x19, 0x0, 0x32, 0x0, 0x78, 0x4c, 0x3,
    0x20, 0x4, 0x60, 0x12, 0x0, 0x6c, 0x0, 0x84,
    0xc0, 0x21, 0x0, 0xac, 0x3, 0x18, 0x5, 0x60,
    0x19, 0x0, 0x24, 0x0, 0x90, 0x2, 0x29, 0x0,
    0x90, 0x2, 0x40, 0xc, 0x80, 0x1b, 0x0, 0x22,
    0x10, 0x7, 0x80, 0x54, 0xa0, 0x11, 0x88, 0x3,
    0x0, 0x21, 0x30, 0xc, 0xa0, 0x19, 0x40, 0x8,
    0x1, 0x29, 0x10, 0x2, 0x70, 0x2, 0x0, 0x48,
    0x1, 0xc4, 0x20, 0x16, 0x1, 0x88, 0x0, 0x88,
    0xa, 0x1, 0x68, 0x0, 0xc0, 0x2f, 0x0, 0xf2,
    0x0, 0x48, 0x8, 0x1, 0x28, 0x2, 0xc0, 0x24,
    0x4, 0x0, 0xc8, 0x1, 0xec, 0x0, 0x8c, 0x6c,
    0x2, 0xb0, 0x1, 0x90, 0x4, 0x98, 0x1, 0x18,
    0x80, 0x79, 0xc0, 0x32, 0x18, 0x0, 0x4c, 0x2,
    0x50, 0xb, 0x50, 0x2, 0x40, 0xf, 0x84, 0x80,
    0x2b, 0x0, 0x9c, 0x3, 0x58, 0x4, 0xe6, 0x1,
    0x58, 0x7, 0xe4, 0x0, 0x84, 0x2, 0xd0, 0xc,
    0x62, 0x0, 0x10, 0xc, 0x60, 0x1f, 0xb4, 0x3,
    0xc2, 0x80, 0x1c, 0xe0, 0x1e, 0x40, 0xf, 0xe4,
    0x0, 0xf3, 0x80, 0x7b, 0x40, 0x3d, 0xa0, 0x1f,
    0xe3, 0x0, 0xed, 0x0, 0xf2, 0x8, 0x7, 0x20,
    0x7, 0xfa, 0xc0, 0x39, 0x0, 0x3e, 0x40, 0xc,
    0x44, 0x0, 0xff, 0x20, 0x6, 0x50, 0xf, 0xde,
    0x1, 0x90, 0x3, 0xc0,

    /* U+0058 "X" */
    0xc, 0xff, 0xd6, 0x1, 0xf4, 0x7f, 0xed, 0x0,
    0x70, 0x6, 0x46, 0x0, 0xe3, 0x70, 0xd, 0xc0,
    0x2, 0xa0, 0xd, 0x22, 0x1, 0xb8, 0x3, 0x41,
    0x80, 0x4a, 0xa0, 0xd, 0x40, 0x13, 0x90, 0x4,
    0x6e, 0x1, 0xd6, 0x20, 0x12, 0x30, 0x14, 0x0,
    0x6e, 0x0, 0xf0, 0xd0, 0x6, 0x91, 0x90, 0xd,
    0x44, 0x1, 0xf2, 0x38, 0x6, 0xf4, 0x0, 0x95,
    0x40, 0x1f, 0xd0, 0x60, 0x10, 0x80, 0x43, 0x60,
    0x1f, 0xf7, 0x0, 0x7d, 0x42, 0x1, 0xff, 0x14,
    0x80, 0x73, 0xa0, 0x7, 0xff, 0x4, 0x40, 0x3b,
    0xc0, 0x3f, 0xf8, 0x25, 0x0, 0x1d, 0x4, 0x1,
    0xff, 0xc0, 0xe0, 0xf, 0xb8, 0x3, 0xfe, 0x73,
    0x0, 0xf8, 0xe0, 0x3, 0xf8, 0xe0, 0x2, 0x1d,
    0x10, 0x9, 0xcc, 0x3, 0xf7, 0x0, 0x6b, 0x28,
    0x0, 0xdc, 0x1, 0xf4, 0x10, 0x4, 0x6a, 0xc,
    0x80, 0x11, 0x48, 0x7, 0x1b, 0x80, 0x6e, 0x0,
    0xa4, 0x3, 0x32, 0x0, 0x6e, 0x0, 0xce, 0x40,
    0x11, 0x40, 0x6, 0xa1, 0x0, 0x41, 0x0, 0x43,
    0x0, 0x1c, 0xe4, 0x1, 0xd, 0x81, 0xb8, 0x6,
    0xb0, 0xf, 0xb8, 0x3, 0x2a, 0x80,

    /* U+0059 "Y" */
    0xaf, 0xfd, 0x60, 0x1f, 0xab, 0xff, 0x58, 0x58,
    0x6, 0x43, 0x0, 0xf1, 0x28, 0x6, 0x90, 0x18,
    0x0, 0xd0, 0x1, 0xe8, 0x0, 0xce, 0x40, 0x7,
    0x20, 0x9, 0xc, 0x3, 0x12, 0x80, 0x43, 0x0,
    0x1a, 0x40, 0x34, 0x0, 0x68, 0x0, 0xd6, 0x1,
    0xc8, 0xa0, 0x12, 0x20, 0x0, 0x4a, 0x1, 0x1a,
    0x80, 0x7a, 0xc0, 0x34, 0x0, 0x20, 0x3, 0x70,
    0x7, 0xc3, 0x0, 0x11, 0xa1, 0x28, 0x4, 0xc4,
    0x1, 0xf9, 0xc8, 0x2, 0x88, 0x0, 0x43, 0x0,
    0x1f, 0xe9, 0x0, 0x8d, 0x40, 0x28, 0x10, 0xf,
    0xf2, 0x20, 0x3, 0xc6, 0xc0, 0x1f, 0xfc, 0x9,
    0x0, 0xf7, 0x80, 0x7f, 0xf0, 0x49, 0xc0, 0x33,
    0x18, 0x7, 0xff, 0xa, 0xc0, 0x36, 0x0, 0x7f,
    0xff, 0xc0, 0x3f, 0xff, 0xe0, 0x1c,

    /* U+005A "Z" */
    0xd, 0xff, 0xff, 0xe1, 0x80, 0x7f, 0xfa, 0x44,
    0x1, 0xd9, 0x9f, 0x9c, 0x3, 0xa8, 0x0, 0x67,
    0xf8, 0x98, 0x3, 0x42, 0x0, 0x7f, 0xb4, 0x40,
    0x24, 0x70, 0xf, 0xf4, 0x98, 0x4, 0x34, 0x1,
    0xfe, 0x56, 0x0, 0xda, 0x20, 0x1f, 0xc5, 0x40,
    0x1a, 0xc, 0x3, 0xfd, 0xc0, 0x19, 0x1c, 0x3,
    0xfd, 0x26, 0x1, 0xd, 0x0, 0x7f, 0x95, 0x80,
    0x36, 0x88, 0x7, 0xf1, 0x50, 0x6, 0x83, 0x0,
    0xff, 0x78, 0x6, 0x47, 0x0, 0xff, 0x49, 0x0,
    0x43, 0x40, 0x1f, 0xe5, 0x60, 0xd, 0x24, 0x67,
    0xf8, 0x45, 0x40, 0x1d, 0x19, 0x9f, 0xcc, 0x60,
    0x1f, 0xfe, 0x90,

    /* U+005B "[" */
    0x3b, 0xbf, 0x53, 0x22, 0x79, 0x40, 0x3f, 0xf9,
    0x7, 0xff, 0x0, 0x7f, 0xff, 0xc0, 0x3f, 0xfd,
    0xa5, 0x76, 0xa0, 0xc, 0x28, 0x85, 0x0, 0xff,
    0xe2, 0x0,

    /* U+005C "\\" */
    0xbf, 0xfa, 0x0, 0x3d, 0xa0, 0x12, 0x80, 0x79,
    0xc0, 0x22, 0x20, 0x7, 0x9, 0x80, 0x48, 0x1,
    0xeb, 0x0, 0xb4, 0x3, 0xc8, 0x1, 0x20, 0x80,
    0x71, 0x88, 0x4, 0x80, 0x1e, 0x70, 0xb, 0xc0,
    0x3d, 0xa0, 0x12, 0x0, 0x79, 0x0, 0x21, 0x40,
    0xf, 0x28, 0x5, 0x80, 0x1e, 0xc0, 0x9, 0x40,
    0x3c, 0xe0, 0x11, 0x10, 0x3, 0x84, 0xc0, 0x25,
    0x0, 0xf5, 0x80, 0x56, 0x1, 0xe5, 0x0, 0x8c,
    0x40, 0x38, 0x88, 0x1, 0x38, 0x7, 0x90, 0x2,
    0xc0, 0xf, 0x68, 0x4, 0xa0, 0x1e, 0x41, 0x0,
    0x90, 0x3, 0xc8, 0x1, 0x68,

    /* U+005D "]" */
    0x8b, 0xbf, 0x2a, 0x27, 0xda, 0x1, 0xff, 0xc4,
    0xcf, 0xf3, 0x0, 0x7f, 0xff, 0xc0, 0x3f, 0xfd,
    0xb1, 0x76, 0x40, 0xc, 0x89, 0x10, 0x7, 0xff,
    0x20,

    /* U+005E "^" */
    0x0, 0xdb, 0xff, 0x88, 0x3, 0xca, 0x40, 0x1a,
    0xc0, 0x3d, 0x20, 0x1c, 0xc2, 0x1, 0x90, 0xc0,
    0xa, 0x1, 0x40, 0x6, 0x80, 0x0, 0xd2, 0x80,
    0x18, 0x40, 0x8, 0x60, 0x9, 0x8, 0x0, 0xa0,
    0x1, 0x0, 0x1, 0x70, 0x25, 0x0, 0x30, 0xa1,
    0x80, 0x24, 0x2, 0x80, 0xa, 0x0,

    /* U+005F "_" */
    0xee, 0xff, 0xe0, 0x60, 0x8f, 0xff, 0x4, 0x3,
    0xff, 0x9c,

    /* U+0060 "`" */
    0x0, 0xff, 0xac, 0xc0, 0x30, 0xe2, 0x70, 0x4,
    0x38, 0x60, 0x50, 0x0, 0x17, 0x0, 0x9c, 0xc0,
    0x14, 0xc0, 0x17, 0x0, 0x53, 0x0, 0x2, 0x20,
    0x4, 0xf4, 0x38, 0x40, 0x19, 0x78, 0xc0,

    /* U+0061 "a" */
    0x0, 0xc9, 0x5b, 0xfd, 0xb0, 0x40, 0x1c, 0x37,
    0x65, 0x20, 0x12, 0x7d, 0x60, 0xd, 0xa8, 0x1,
    0xfa, 0x58, 0x0, 0x40, 0x18, 0xd0, 0x80, 0x34,
    0x0, 0xb, 0x2d, 0xbb, 0x2f, 0x70, 0x2, 0x15,
    0x0, 0x92, 0x49, 0xe2, 0x68, 0x3, 0x10, 0x4,
    0xdd, 0x90, 0xec, 0xc0, 0xd, 0xe0, 0xa, 0x91,
    0x0, 0xff, 0x99, 0x40, 0x3f, 0xf8, 0x36, 0x1,
    0xa7, 0x7f, 0xc4, 0x1, 0x84, 0x80, 0x28, 0x62,
    0x0, 0x10, 0x6, 0x30, 0xf, 0xd0, 0x1, 0xc4,
    0x1, 0xa2, 0xeb, 0x5c, 0x3, 0xca, 0x1, 0x91,
    0x48, 0x3, 0xeb, 0x20, 0xf, 0x39, 0x0, 0x70,
    0xeb, 0x90, 0x0, 0xea, 0x0, 0x38,

    /* U+0062 "b" */
    0x6f, 0xfc, 0x1, 0xff, 0xff, 0x0, 0xf0, 0xcf,
    0x7e, 0xc9, 0x0, 0x7e, 0x3f, 0x61, 0x2, 0x6d,
    0x50, 0xf, 0xb4, 0x40, 0x3d, 0x46, 0x1, 0xe1,
    0x0, 0xfd, 0xe0, 0x1f, 0x3e, 0x6c, 0x0, 0x63,
    0x30, 0x7, 0x3c, 0x19, 0x3c, 0x0, 0x64, 0x0,
    0xe9, 0x0, 0xce, 0x1, 0xb8, 0x3, 0x8, 0x80,
    0x38, 0xc0, 0x22, 0x0, 0xff, 0xe1, 0x88, 0x6,
    0x11, 0x0, 0x71, 0x80, 0x46, 0x1, 0xd2, 0x1,
    0x9c, 0x3, 0x78, 0x7, 0x3b, 0x88, 0x8f, 0x0,
    0x19, 0x0, 0x3d, 0x1b, 0xa8, 0x0, 0xc8, 0x40,
    0x1f, 0xfc, 0x29, 0x0, 0xf5, 0x0, 0x7d, 0x64,
    0x1, 0xe5, 0xd5, 0x10, 0x26, 0xe4, 0x0, 0x0,

    /* U+0063 "c" */
    0x0, 0xe5, 0xbd, 0xff, 0x63, 0x80, 0x7c, 0x7d,
    0x48, 0x40, 0x3, 0x8e, 0x30, 0xc, 0x78, 0x20,
    0x1f, 0xe, 0x10, 0x5, 0xc0, 0x1f, 0xf7, 0x0,
    0x18, 0x80, 0x22, 0xad, 0xa3, 0x0, 0x14, 0x0,
    0x34, 0x3, 0x62, 0x92, 0xe1, 0xbe, 0xa0, 0x1,
    0x40, 0x26, 0x10, 0xd, 0x90, 0x1, 0x84, 0x2,
    0xe0, 0xf, 0xfe, 0x78, 0x80, 0x5c, 0x1, 0xff,
    0x10, 0x4, 0xc2, 0x1, 0xad, 0xc0, 0x35, 0x0,
    0x6c, 0x42, 0x4c, 0x48, 0xd3, 0x0, 0x31, 0x0,
    0x45, 0x7b, 0x66, 0x0, 0x2e, 0x0, 0xb8, 0x3,
    0xfe, 0xe0, 0x8, 0xf0, 0x40, 0x3e, 0x1c, 0x30,
    0xc, 0x7d, 0x48, 0x40, 0x3, 0x8e, 0x30, 0x0,

    /* U+0064 "d" */
    0x0, 0xff, 0x93, 0xff, 0x8, 0x7, 0xff, 0xf1,
    0x2f, 0xbf, 0x5c, 0x3, 0xfd, 0x36, 0x82, 0x5,
    0x18, 0x20, 0x1f, 0x43, 0x0, 0x78, 0xec, 0x3,
    0xc4, 0xe0, 0x1f, 0x84, 0x3, 0xd4, 0x1, 0x8a,
    0xb6, 0xcc, 0x3, 0xe5, 0x0, 0xd8, 0xa4, 0x98,
    0x40, 0x1e, 0x20, 0x9, 0x84, 0x3, 0x58, 0x7,
    0xfb, 0x80, 0x39, 0x40, 0x3f, 0xf9, 0x62, 0x1,
    0x70, 0x7, 0x28, 0x7, 0x88, 0x2, 0x62, 0x0,
    0xd6, 0x1, 0xeb, 0x0, 0xde, 0xa4, 0x96, 0x40,
    0x1e, 0x60, 0xc, 0x55, 0xb6, 0x80, 0x1f, 0xc,
    0x80, 0x7f, 0xf1, 0x1a, 0x0, 0x3c, 0x32, 0x1,
    0xf9, 0xf1, 0x48, 0x5, 0xbc, 0x80, 0x38,

    /* U+0065 "e" */
    0x0, 0xe6, 0xbe, 0xfe, 0xc7, 0x10, 0xf, 0x1f,
    0x4a, 0x8, 0x9, 0xc7, 0xa8, 0x6, 0x3c, 0x10,
    0xf, 0x86, 0x90, 0x2, 0xe0, 0xc, 0x6a, 0x80,
    0x1a, 0x80, 0xc, 0x40, 0x15, 0xe5, 0x5e, 0x0,
    0x42, 0xa1, 0xa0, 0x11, 0x1b, 0xbc, 0x82, 0x1,
    0x68, 0x28, 0x4, 0x51, 0x1c, 0x20, 0x11, 0x0,
    0x80, 0x7f, 0xf0, 0x4c, 0x3, 0xff, 0x87, 0xc0,
    0x20, 0x13, 0x7f, 0xff, 0x38, 0x10, 0x4, 0xe0,
    0x1c, 0xee, 0x0, 0xd4, 0x1, 0xd, 0x0, 0x4b,
    0x10, 0xb1, 0x0, 0x30, 0x80, 0x4b, 0xf9, 0xb4,
    0x0, 0x4c, 0x0, 0xb4, 0x3, 0x8c, 0x80, 0x34,
    0x0, 0x47, 0x82, 0x1, 0xfa, 0x94, 0x3, 0x1f,
    0x4a, 0x10, 0x0, 0x9f, 0x94, 0x0,

    /* U+0066 "f" */
    0x0, 0xc5, 0x3b, 0xfe, 0xd9, 0x0, 0x93, 0x58,
    0x80, 0x4, 0x80, 0x15, 0x0, 0x7f, 0x20, 0x80,
    0x7f, 0x18, 0x6, 0xbf, 0xf8, 0x3, 0xc2, 0x80,
    0x2, 0xaf, 0x80, 0x8, 0x7f, 0xec, 0x0, 0xff,
    0xe5, 0x18, 0x80, 0x70, 0x8c, 0xd3, 0xd0, 0x1,
    0xf, 0x75, 0x40, 0x1f, 0xff, 0xf0, 0xf, 0xfe,
    0xb8,

    /* U+0067 "g" */
    0x0, 0xc9, 0x7d, 0xfa, 0xe0, 0xbf, 0xf8, 0x3,
    0x55, 0xa0, 0x81, 0x46, 0x98, 0x7, 0xd2, 0xa0,
    0x1e, 0x29, 0x0, 0xf1, 0xb0, 0x7, 0xff, 0xe,
    0x80, 0x31, 0x5e, 0xd9, 0x80, 0x7c, 0xe0, 0x1b,
    0x10, 0x93, 0x44, 0x3, 0xc2, 0x1, 0x38, 0x80,
    0x43, 0x20, 0x1c, 0x20, 0x1b, 0x80, 0x38, 0x80,
    0x3f, 0xf9, 0x42, 0x1, 0xb8, 0x3, 0x88, 0x3,
    0xc4, 0x1, 0x38, 0x80, 0x69, 0x0, 0xf2, 0x80,
    0x6c, 0x52, 0x4c, 0x10, 0xf, 0x50, 0x6, 0x2a,
    0xdb, 0x30, 0xf, 0x8a, 0x0, 0x3f, 0x8, 0x7,
    0xce, 0xe0, 0xf, 0x1c, 0x0, 0x7e, 0x8c, 0x52,
    0x2, 0x7c, 0x0, 0xc2, 0x1, 0xcf, 0x5b, 0xfb,
    0x1, 0x80, 0x11, 0x0, 0x49, 0xb7, 0x62, 0x0,
    0x9d, 0x40, 0x2b, 0x0, 0x25, 0x90, 0x26, 0xed,
    0xf0, 0x1, 0x98, 0x0, 0x88, 0x0, 0xc4, 0x40,
    0xe, 0xa1, 0x0, 0xad, 0x80, 0x3f, 0xa5, 0x40,
    0x3a, 0x71, 0x88, 0x0, 0x26, 0xfc, 0xc0, 0x10,

    /* U+0068 "h" */
    0x6f, 0xfc, 0x1, 0xff, 0xff, 0x1, 0x8d, 0xfe,
    0xa2, 0x0, 0xf8, 0xbd, 0xc8, 0x5, 0x75, 0x0,
    0x3d, 0xe2, 0x1, 0xea, 0x0, 0xf1, 0x0, 0x7c,
    0x2a, 0x1, 0xe8, 0xcb, 0x30, 0xd, 0xa0, 0x1d,
    0x2e, 0x69, 0xa0, 0x18, 0x40, 0x39, 0x80, 0x21,
    0x30, 0x8, 0xc0, 0x3f, 0xce, 0x1, 0xff, 0xff,
    0x0, 0xff, 0xf2, 0x80,

    /* U+0069 "i" */
    0x0, 0x11, 0x0, 0x2b, 0xdd, 0x58, 0x32, 0x0,
    0x11, 0xb8, 0x3, 0x7e, 0x80, 0x6c, 0x57, 0x11,
    0x3a, 0x84, 0x77, 0x20, 0x0, 0x45, 0x80, 0xb7,
    0x71, 0x80, 0x7f, 0xff, 0xc0, 0x3f, 0x80,

    /* U+006A "j" */
    0x0, 0xe1, 0x20, 0xf, 0x57, 0x6e, 0x8, 0x4,
    0xaa, 0x0, 0x1c, 0x80, 0x44, 0x1, 0x88, 0x2,
    0x40, 0xd, 0xa0, 0x11, 0xc0, 0x89, 0x9c, 0x3,
    0x3f, 0x72, 0x40, 0x38, 0x8b, 0x0, 0x61, 0xdd,
    0xca, 0x1, 0xff, 0xff, 0x0, 0xff, 0xf5, 0x10,
    0x6, 0x16, 0x45, 0xe0, 0xc, 0xf7, 0x6a, 0x20,
    0xc, 0x40, 0x1f, 0x20, 0x80, 0x78, 0x68, 0x10,
    0x80, 0x4, 0xfe, 0x20,

    /* U+006B "k" */
    0x6f, 0xfc, 0x1, 0xff, 0xff, 0x0, 0xfe, 0x2e,
    0xff, 0xb8, 0x80, 0x3f, 0xe, 0x8, 0x0, 0x70,
    0x80, 0x3f, 0x68, 0x80, 0x5a, 0x40, 0x1f, 0xac,
    0xc0, 0x2c, 0x30, 0xf, 0xd2, 0x80, 0x15, 0x98,
    0x7, 0xe8, 0x60, 0xa, 0x90, 0x3, 0xf9, 0xc0,
    0x33, 0x0, 0x7f, 0xf0, 0xfc, 0x3, 0xff, 0x86,
    0x6c, 0x1, 0xfe, 0x40, 0xd, 0x2, 0x1, 0xf9,
    0x6d, 0x40, 0x21, 0xb0, 0xf, 0xd4, 0x16, 0x1,
    0x94, 0xc0, 0x3f, 0x85, 0xc0, 0x37, 0x0, 0x7f,
    0xa0, 0x40, 0x22, 0x70, 0xf, 0xf5, 0x80, 0x68,
    0x10, 0xf, 0xe5, 0x30, 0xd, 0x60,

    /* U+006C "l" */
    0x6f, 0xfc, 0x1, 0xff, 0xff, 0x0, 0xff, 0xec,
    0xa8, 0x80, 0x75, 0x50, 0x80, 0x3c, 0x86, 0x1,
    0xed, 0x72, 0x0, 0x80,

    /* U+006D "m" */
    0x7f, 0xfb, 0x80, 0xab, 0xbf, 0x5c, 0x2, 0x6b,
    0xef, 0xd7, 0x0, 0xfc, 0x9a, 0xa2, 0x5, 0x14,
    0x17, 0x28, 0x20, 0x51, 0x60, 0x1e, 0x1b, 0x0,
    0xf2, 0xe2, 0x0, 0x79, 0x18, 0x3, 0xff, 0x84,
    0x60, 0x1f, 0xa8, 0x3, 0xc3, 0x5b, 0x20, 0x1c,
    0x35, 0xb2, 0x1, 0x8c, 0x3, 0xd4, 0xa4, 0xca,
    0x1, 0xad, 0x49, 0x9c, 0x3, 0xfc, 0x80, 0x16,
    0x0, 0x65, 0x0, 0xb4, 0x3, 0x8, 0x6, 0x10,
    0xf, 0xfe, 0x8, 0x80, 0x7f, 0xff, 0xc0, 0x3f,
    0xff, 0xe0, 0x1f, 0xfe, 0x30,

    /* U+006E "n" */
    0x7f, 0xfb, 0x80, 0xa7, 0xbf, 0xa8, 0x80, 0x3e,
    0x4d, 0x61, 0x1, 0x5d, 0x30, 0xe, 0x1b, 0x0,
    0xfb, 0x80, 0x3f, 0xf8, 0x44, 0x80, 0x1e, 0x8c,
    0xb2, 0x0, 0xc6, 0x1, 0xd4, 0xe6, 0x98, 0x1,
    0xbc, 0x3, 0x94, 0x2, 0x12, 0x0, 0x84, 0x3,
    0x8, 0x7, 0x8, 0x7, 0xff, 0xfc, 0x3, 0xff,
    0xca,

    /* U+006F "o" */
    0x0, 0xe6, 0xbe, 0xfe, 0xc7, 0x10, 0xf, 0x93,
    0xa5, 0x4, 0x4, 0xe3, 0x94, 0x3, 0x92, 0xc4,
    0x3, 0xf5, 0x30, 0x4, 0x34, 0x1, 0xff, 0x49,
    0x0, 0x1c, 0x40, 0x22, 0xad, 0xb3, 0x0, 0xd6,
    0x0, 0xa0, 0xd, 0x8a, 0x49, 0x84, 0x1, 0x38,
    0x0, 0x80, 0x26, 0x10, 0xd, 0x40, 0x10, 0x88,
    0x4, 0x2, 0xe0, 0xe, 0x30, 0xc, 0x40, 0x1f,
    0xfc, 0x61, 0x0, 0xb8, 0x3, 0x8c, 0x3, 0x10,
    0x10, 0x4, 0xc2, 0x1, 0xa8, 0x2, 0x11, 0x5,
    0x0, 0x6c, 0x52, 0x4c, 0x20, 0x9, 0xc0, 0xe,
    0x20, 0x11, 0x56, 0xd9, 0x80, 0x6b, 0x0, 0xd,
    0x0, 0x7f, 0xd2, 0x40, 0x12, 0x58, 0x80, 0x7e,
    0x96, 0x0, 0xe4, 0xf9, 0x31, 0x1, 0x38, 0xe6,
    0x0, 0x80,

    /* U+0070 "p" */
    0x7f, 0xfb, 0x80, 0xab, 0xbf, 0x64, 0x40, 0x3f,
    0x2e, 0xa8, 0x81, 0x37, 0x20, 0x7, 0x86, 0x80,
    0x3e, 0xb2, 0x0, 0xff, 0xe1, 0xf0, 0x7, 0xcf,
    0x9a, 0xe0, 0x18, 0xc8, 0x3, 0x9e, 0xc, 0xa2,
    0x0, 0x19, 0x0, 0x3a, 0x40, 0x33, 0x80, 0x6f,
    0x0, 0xc2, 0x20, 0xe, 0x20, 0x8, 0xc0, 0x3f,
    0xf9, 0x2, 0x1, 0xe2, 0x0, 0x88, 0x3, 0x9c,
    0x3, 0x38, 0x6, 0xe0, 0xe, 0x87, 0x22, 0x3c,
    0x0, 0x67, 0x0, 0xf4, 0x6e, 0xa0, 0x3, 0x20,
    0x80, 0x7f, 0xf0, 0xa4, 0x3, 0x86, 0xc0, 0x3e,
    0xb2, 0x0, 0xf2, 0x6a, 0x88, 0x13, 0xf2, 0x0,
    0x7e, 0x2a, 0xef, 0xd8, 0x10, 0xf, 0xff, 0xf8,
    0x7, 0xe0,

    /* U+0071 "q" */
    0x0, 0xc9, 0x7d, 0xfb, 0x0, 0x9f, 0xf8, 0x40,
    0x29, 0xb4, 0x10, 0x27, 0xd2, 0x0, 0xfa, 0x18,
    0x3, 0xc5, 0x20, 0x1e, 0x27, 0x0, 0xff, 0xe1,
    0xd0, 0x6, 0x2b, 0xec, 0x40, 0xf, 0x94, 0x3,
    0x62, 0x9, 0xd9, 0x0, 0x78, 0x80, 0x26, 0x10,
    0xd, 0x60, 0x1f, 0xee, 0x0, 0xe5, 0x0, 0xff,
    0xe5, 0x88, 0x5, 0xc0, 0x1c, 0xa0, 0x1e, 0x20,
    0x9, 0x84, 0x3, 0x58, 0x7, 0xac, 0x3, 0x62,
    0x89, 0xd9, 0x0, 0x79, 0x80, 0x31, 0x57, 0x62,
    0x0, 0x7c, 0x32, 0x1, 0xf8, 0x40, 0x3e, 0x68,
    0x0, 0xf1, 0x58, 0x7, 0xe7, 0xc5, 0x20, 0x17,
    0xd1, 0x0, 0xfe, 0x3a, 0xdf, 0xe8, 0x0, 0xff,
    0xff, 0x80, 0x7f, 0xf1, 0x40,

    /* U+0072 "r" */
    0x7f, 0xfb, 0x80, 0x7, 0x3b, 0xe2, 0x1, 0xe8,
    0xc6, 0x20, 0xf, 0x9d, 0xc0, 0x1f, 0xc3, 0x0,
    0x1f, 0xfc, 0x13, 0x79, 0xa1, 0x0, 0xe1, 0xbc,
    0x86, 0x50, 0xf, 0x5a, 0x0, 0x7f, 0x94, 0x3,
    0xfc, 0x20, 0x1f, 0xff, 0xf0, 0xf, 0xfe, 0x20,

    /* U+0073 "s" */
    0x0, 0x8a, 0x37, 0xbf, 0x6d, 0x40, 0x39, 0xf5,
    0xc8, 0x40, 0x92, 0xb0, 0x40, 0xb, 0x0, 0x1f,
    0x8f, 0x0, 0x12, 0x1, 0x8d, 0x48, 0x2, 0x24,
    0x2, 0x0, 0x9b, 0x2b, 0x64, 0xf, 0x50, 0xc,
    0x2, 0x51, 0x0, 0x36, 0x60, 0x80, 0x14, 0x1,
    0x1f, 0x5b, 0x99, 0x80, 0x33, 0xa8, 0x6, 0x48,
    0xce, 0x60, 0xd, 0x54, 0x30, 0xe, 0x19, 0xc0,
    0xc, 0xb9, 0xb2, 0x80, 0x18, 0xe0, 0x0, 0x30,
    0x4, 0xd7, 0xc6, 0x1, 0x30, 0x2f, 0xbe, 0x8,
    0x0, 0x54, 0x3, 0x25, 0x8, 0x1f, 0x5d, 0x63,
    0x0, 0x4a, 0x88, 0x0, 0xc8, 0xa6, 0x1, 0xa0,
    0x2d, 0x80, 0x3f, 0xa8, 0xc0, 0x13, 0xae, 0x62,
    0x2, 0x71, 0xca, 0x0,

    /* U+0074 "t" */
    0x0, 0x1f, 0xfe, 0x20, 0xf, 0xfe, 0xe4, 0xf6,
    0x80, 0x6c, 0xee, 0x90, 0xc4, 0x40, 0x18, 0x47,
    0x0, 0x7f, 0xf3, 0x6b, 0xf0, 0x3, 0x6f, 0xfc,
    0x80, 0x1f, 0xff, 0x76, 0x0, 0xf0, 0x80, 0x69,
    0x54, 0x70, 0x8, 0x84, 0x2, 0x2a, 0xb8, 0x0,
    0xcc, 0x1, 0xff, 0x41, 0x80, 0x7f, 0xd9, 0x4,
    0x0, 0x15, 0x0,

    /* U+0075 "u" */
    0x7f, 0xfb, 0x80, 0x3b, 0x3f, 0xe9, 0x0, 0xff,
    0xff, 0x80, 0x7f, 0xf9, 0x44, 0x3, 0x84, 0x3,
    0xf8, 0xc0, 0x22, 0x20, 0x6, 0x20, 0xd, 0xc8,
    0x2b, 0x80, 0x1c, 0xe0, 0x18, 0xaf, 0xa8, 0x40,
    0x38, 0x8c, 0x3, 0xff, 0x85, 0xc2, 0x1, 0xe9,
    0x30, 0xe, 0x2f, 0x61, 0x1, 0x4c, 0x60, 0xe,

    /* U+0076 "v" */
    0x3f, 0xfd, 0x0, 0x1e, 0xaf, 0xfc, 0x26, 0x40,
    0x12, 0x80, 0x79, 0x0, 0x24, 0x10, 0xa0, 0x8,
    0x88, 0x1, 0x90, 0x40, 0x2e, 0x0, 0x30, 0x6,
    0x50, 0xd, 0xa0, 0x10, 0xa8, 0x0, 0x50, 0x2,
    0xa0, 0xc, 0xe0, 0x13, 0x80, 0x6e, 0x0, 0x88,
    0x80, 0x3, 0x10, 0xa, 0xc0, 0x32, 0x88, 0x4,
    0xa0, 0xb, 0x0, 0x8c, 0x80, 0x39, 0xc0, 0x2b,
    0x0, 0x28, 0x5, 0x40, 0x1e, 0xa0, 0x8, 0xc8,
    0xa0, 0x9, 0x80, 0x3c, 0x64, 0x1, 0x2a, 0x80,
    0x25, 0x0, 0xfd, 0x40, 0x15, 0xd8, 0x2, 0x90,
    0xf, 0xcc, 0x1, 0x19, 0x80, 0x4, 0x60, 0x1f,
    0x85, 0x40, 0x3d, 0x40, 0x1f, 0xee, 0x0, 0xf3,
    0x0, 0x7f, 0x90, 0x40, 0x32, 0x8, 0x7, 0xfc,
    0xc0, 0x1b, 0x80, 0x3c,

    /* U+0077 "w" */
    0x2f, 0xfc, 0xe0, 0x19, 0x7f, 0xf3, 0x0, 0x66,
    0xff, 0xc6, 0x44, 0x0, 0xb0, 0x3, 0x60, 0x6,
    0xc0, 0xd, 0x80, 0x10, 0x98, 0x28, 0x4, 0x80,
    0x19, 0x0, 0x32, 0x0, 0x64, 0x0, 0x9c, 0x1,
    0x60, 0x18, 0xc0, 0x2, 0x40, 0x18, 0x48, 0x0,
    0x42, 0x1, 0x68, 0x0, 0xc4, 0x2, 0x40, 0x2,
    0x0, 0x79, 0x0, 0x8, 0x1, 0x90, 0x2, 0x70,
    0xb, 0x0, 0x18, 0x1, 0x8, 0x3, 0x0, 0x18,
    0x1, 0x28, 0x6, 0xd0, 0x9, 0x0, 0x8, 0x0,
    0x47, 0x0, 0x20, 0x1, 0xc0, 0x2f, 0x0, 0xc8,
    0x1, 0x8c, 0x48, 0x1, 0x98, 0x0, 0x9, 0x9,
    0x0, 0x48, 0x1, 0xca, 0x1, 0x22, 0x80, 0x4a,
    0x80, 0x12, 0x20, 0x2, 0x41, 0x0, 0xef, 0x0,
    0xb3, 0x0, 0x1, 0x21, 0x30, 0x6, 0x60, 0x2,
    0xd0, 0xf, 0x20, 0x4, 0x8a, 0x0, 0x40, 0x2,
    0x0, 0x11, 0x0, 0x12, 0x0, 0x78, 0x50, 0x2,
    0x20, 0x6, 0x0, 0x30, 0x0, 0x24, 0x0, 0x32,
    0x0, 0xfb, 0x40, 0x3c, 0xe0, 0x4, 0x0, 0xf5,
    0x80, 0x7e, 0x70, 0xe, 0x21, 0x0, 0x90, 0x3,
    0x94, 0x3, 0xf0, 0x98, 0x6, 0x40, 0xd, 0x80,
    0x18, 0x88, 0x1, 0xfd, 0x60, 0x1b, 0x0, 0x32,
    0x0, 0x65, 0x0, 0xe0,

    /* U+0078 "x" */
    0x9, 0xff, 0xce, 0x1, 0xa3, 0xff, 0x40, 0x2,
    0x48, 0x2, 0x82, 0x0, 0x13, 0x80, 0x47, 0x0,
    0x17, 0x0, 0x69, 0x0, 0x48, 0x6, 0xe0, 0xc,
    0x70, 0x1, 0x23, 0x2a, 0x0, 0x52, 0x40, 0x1c,
    0xe8, 0x1, 0x45, 0x80, 0x48, 0xc0, 0x1f, 0x50,
    0x80, 0x4, 0x40, 0x1, 0xa0, 0xf, 0xc3, 0x60,
    0x1e, 0xa1, 0x0, 0xfe, 0x55, 0x0, 0x66, 0x40,
    0xf, 0xf0, 0xa0, 0x6, 0x50, 0xf, 0xfa, 0x84,
    0x3, 0x1c, 0x0, 0x7f, 0x32, 0x0, 0x79, 0xd0,
    0x3, 0xe2, 0x90, 0x9, 0x8, 0x2, 0xa1, 0x0,
    0xf7, 0x80, 0x6a, 0x90, 0x8, 0x68, 0x3, 0xa4,
    0x80, 0x29, 0x14, 0x50, 0x9, 0x18, 0x2, 0x56,
    0x0, 0x8d, 0x80, 0x16, 0x20, 0x14, 0x90, 0xd,
    0x80, 0x6e, 0x0, 0x86, 0xc0, 0x37, 0x80,

    /* U+0079 "y" */
    0x3f, 0xfd, 0x20, 0x1e, 0x5f, 0xfc, 0xe6, 0x40,
    0x13, 0x80, 0x7b, 0xc0, 0x33, 0x5, 0x80, 0x42,
    0x80, 0x1c, 0xa0, 0x12, 0x8, 0x38, 0x6, 0xe0,
    0xc, 0xa0, 0x1b, 0x80, 0x2, 0xa0, 0x12, 0x80,
    0x6f, 0x0, 0x85, 0x40, 0x29, 0x0, 0xca, 0x1,
    0x28, 0x4, 0xc0, 0x18, 0xc8, 0x2, 0xf0, 0x2,
    0x0, 0x6a, 0x0, 0xea, 0x0, 0x94, 0x1, 0xa0,
    0x11, 0x90, 0x7, 0x30, 0x6, 0x50, 0x70, 0xa,
    0x80, 0x3c, 0x2a, 0x1, 0x72, 0x8, 0x4, 0xc0,
    0x1f, 0x70, 0x4, 0x9c, 0x1, 0x30, 0x7, 0xe4,
    0x10, 0x9, 0x40, 0x2a, 0x0, 0xfe, 0x90, 0xf,
    0x11, 0x80, 0x7f, 0x30, 0x7, 0xac, 0x3, 0xfc,
    0x28, 0x1, 0xce, 0x1, 0xff, 0x70, 0x6, 0x51,
    0x0, 0xff, 0x84, 0x3, 0x70, 0x7, 0xff, 0x3,
    0xc0, 0x22, 0x40, 0xf, 0xf8, 0x50, 0x2, 0xa0,
    0xf, 0xfe, 0x4, 0x80, 0x66, 0x0, 0xff, 0xe0,
    0x30, 0x4, 0x82, 0x1, 0xff, 0x28, 0x80, 0x5c,
    0x1, 0xf8,

    /* U+007A "z" */
    0x2f, 0xff, 0xfe, 0x2, 0x0, 0x7f, 0xf7, 0x5,
    0x4b, 0x77, 0xc4, 0x1, 0xa8, 0x40, 0x8b, 0xac,
    0x80, 0x28, 0x40, 0xf, 0x2b, 0x0, 0x4a, 0xe0,
    0x1e, 0x2a, 0x0, 0x8a, 0x80, 0x3e, 0xf0, 0xd,
    0xe0, 0x1f, 0x59, 0x0, 0x54, 0x40, 0x1e, 0x74,
    0x0, 0x9d, 0x40, 0x3c, 0x90, 0x1, 0x1d, 0x11,
    0x70, 0x8a, 0x80, 0x31, 0xee, 0xfa, 0xd0, 0x40,
    0x3f, 0xfb, 0x80,

    /* U+007B "{" */
    0x0, 0xf9, 0x62, 0x94, 0x3, 0x97, 0xa9, 0xd7,
    0x40, 0x32, 0x50, 0x80, 0x7e, 0x90, 0xf, 0xe2,
    0x20, 0x4, 0xdb, 0x0, 0x13, 0x0, 0x45, 0x24,
    0x1, 0x84, 0x2, 0x60, 0xf, 0x18, 0x7, 0xff,
    0x8, 0x40, 0x3d, 0xc0, 0x11, 0x80, 0x61, 0x57,
    0x0, 0xb8, 0x2, 0xae, 0xa0, 0xc, 0xc0, 0x1f,
    0x8b, 0x4, 0x3, 0xf1, 0xb8, 0x6, 0x30, 0xc,
    0x36, 0x40, 0x14, 0xfe, 0x8, 0x5, 0x40, 0x1c,
    0x6c, 0x1, 0x10, 0x7, 0xb8, 0x3, 0xff, 0x84,
    0x20, 0x1e, 0x30, 0x9, 0xc0, 0x3c, 0x20, 0x11,
    0x98, 0x3, 0x90, 0x3, 0x66, 0x18, 0x3, 0x30,
    0x6, 0x3e, 0x0, 0xd2, 0x80, 0x1f, 0xeb, 0xa5,
    0x20, 0x0,

    /* U+007C "|" */
    0x37, 0x79, 0x11, 0x11, 0x70, 0x7, 0xff, 0xfc,
    0x3, 0xff, 0xb8,

    /* U+007D "}" */
    0x69, 0x84, 0x0, 0xfb, 0x19, 0xef, 0x90, 0x3,
    0xf8, 0x6c, 0xc0, 0x3f, 0xde, 0x1, 0xab, 0x54,
    0x2, 0x31, 0x0, 0xc5, 0x40, 0x18, 0x80, 0x3c,
    0x60, 0x13, 0x80, 0x7f, 0xf2, 0x44, 0x3, 0xce,
    0x1, 0x10, 0x7, 0x8c, 0x2, 0x94, 0x0, 0xea,
    0x0, 0x86, 0xfe, 0x0, 0x22, 0xc2, 0x0, 0xfe,
    0x63, 0x0, 0xfc, 0x74, 0x20, 0x1b, 0xc0, 0x2a,
    0x0, 0x8b, 0x3d, 0xc0, 0x22, 0x0, 0xac, 0xc0,
    0x39, 0xc0, 0x22, 0x0, 0xff, 0xe2, 0x88, 0x7,
    0xf2, 0x90, 0x4, 0xc0, 0x13, 0xed, 0x0, 0x42,
    0x40, 0x16, 0x90, 0x6, 0x60, 0xf, 0xe5, 0x80,
    0xc, 0x60, 0x4b, 0x74, 0x1, 0xc0,

    /* U+007E "~" */
    0x0, 0xc2, 0x86, 0x1, 0xe6, 0x0, 0xf4, 0xf5,
    0xe7, 0x28, 0x4, 0xb3, 0xcc, 0x1, 0x5b, 0x0,
    0x43, 0x58, 0xee, 0xa0, 0x19, 0x70, 0x94, 0x0,
    0xf1, 0xc4, 0x0, 0x33, 0x13, 0x0, 0x7f, 0xf0,
    0x5c, 0x41, 0x0, 0x7, 0xda, 0xc0, 0x1e, 0x58,
    0x2, 0xba, 0x2d, 0x12, 0x9d, 0x50, 0x1, 0xcd,
    0x0, 0x65, 0xd1, 0x0, 0x8a, 0xbf, 0xd8, 0xc0,
    0x10,

    /* U+00B7 "·" */
    0xaf, 0xfc, 0x62, 0x1, 0xff, 0xcb,

    /* U+2013 "–" */
    0x11, 0xff, 0xe0, 0x87, 0x77, 0xff, 0x6, 0x0,
    0x3f, 0xfb, 0xc0,

    /* U+3002 "。" */
    0x0, 0x1c, 0xdd, 0x30, 0x6, 0x7c, 0x64, 0x59,
    0xc0, 0x2, 0x40, 0x3d, 0xc8, 0x9c, 0x86, 0x83,
    0xc2, 0x36, 0x83, 0x1, 0x6, 0x0, 0x46, 0x20,
    0x22, 0x2, 0x0, 0xc2, 0x3, 0x81, 0x8, 0x5,
    0x60, 0x60, 0xc8, 0x37, 0xfa, 0x81, 0xc0, 0xb,
    0x82, 0x1, 0x5d, 0x20,

    /* U+4E00 "一" */
    0x11, 0xff, 0xe6, 0x5, 0x77, 0x7f, 0xf2, 0xd0,
    0x3, 0xff, 0xcc, 0x20, 0x1f, 0xfc, 0xb7,

    /* U+4E0A "上" */
    0x0, 0xfe, 0xaf, 0xfa, 0x40, 0x3f, 0xff, 0xe0,
    0x1f, 0xff, 0xf0, 0xf, 0xfe, 0x62, 0x55, 0x7f,
    0x0, 0x7f, 0xf0, 0xc9, 0x57, 0xf8, 0x3, 0xff,
    0xea, 0xdf, 0xff, 0xc0, 0x1f, 0xff, 0xf0, 0xf,
    0xff, 0xf8, 0x7, 0xff, 0xa2, 0x77, 0x7f, 0x28,
    0x4, 0xdb, 0xbf, 0xe1, 0x32, 0x2f, 0xc0, 0x1c,
    0x45, 0xfe, 0x30, 0xf, 0xff, 0x30,

    /* U+4E0D "不" */
    0x8, 0xbb, 0xff, 0xe4, 0xd0, 0x1, 0x13, 0xff,
    0x96, 0x1, 0xff, 0xe8, 0xcf, 0xff, 0xe3, 0x0,
    0xa3, 0xff, 0xee, 0x0, 0xff, 0x9c, 0xc0, 0x4,
    0xe0, 0x1f, 0xfc, 0x63, 0x80, 0x9, 0x40, 0x3f,
    0xf8, 0xc3, 0xc0, 0x1f, 0xfc, 0xbd, 0x20, 0xf,
    0x20, 0x80, 0x7f, 0xf0, 0xa8, 0xc0, 0x3c, 0x77,
    0xe6, 0x1, 0xff, 0xc0, 0xa5, 0x0, 0xf0, 0xf0,
    0xe, 0x28, 0x7, 0xfa, 0xd4, 0x2, 0x30, 0x8,
    0x8c, 0x2, 0xa7, 0x0, 0xf8, 0x71, 0x0, 0x27,
    0xb0, 0x8, 0xf0, 0x80, 0x28, 0x90, 0xe, 0x3c,
    0x30, 0x9, 0xa0, 0x3, 0x8b, 0x8, 0x2, 0x6b,
    0x0, 0x9b, 0x8, 0x2, 0x69, 0x0, 0xf8, 0x70,
    0xc0, 0x24, 0xc1, 0x79, 0x0, 0xcf, 0x20, 0x1f,
    0xc3, 0x88, 0x1, 0x1c, 0x30, 0x80, 0x51, 0x0,
    0xf, 0xfe, 0x5, 0xa0, 0x0, 0xa4, 0x68, 0x1,
    0x4e, 0x1, 0xff, 0xc2, 0xb4, 0x1c, 0x0, 0x24,
    0x62, 0x80, 0x7f, 0xf1, 0x2f, 0x4, 0x2, 0x73,
    0x0, 0xff, 0xe3, 0x10, 0x7, 0xff, 0xfc, 0x3,
    0xff, 0x9e,

    /* U+4E0E "与" */
    0x0, 0xcc, 0xd2, 0x80, 0x7f, 0xf1, 0xca, 0x67,
    0x0, 0x7f, 0xf1, 0xc4, 0x2, 0x70, 0xf, 0xfe,
    0x3b, 0x0, 0x49, 0xff, 0xff, 0xc3, 0x60, 0x8,
    0xc0, 0x3f, 0xf9, 0x62, 0x1, 0xff, 0xcb, 0xf0,
    0x9, 0x22, 0x3f, 0xf8, 0x6a, 0x1, 0x8, 0x5,
    0xce, 0xff, 0xfc, 0x33, 0x0, 0x88, 0x2, 0x60,
    0xf, 0xfe, 0x3b, 0x80, 0x59, 0xff, 0xff, 0xc2,
    0xe0, 0xc, 0x20, 0x1f, 0xfc, 0xb3, 0x0, 0xff,
    0xe3, 0x18, 0x6, 0x54, 0x4f, 0xfe, 0x11, 0x80,
    0x42, 0x1, 0xae, 0xff, 0xf8, 0x7e, 0x1, 0x38,
    0x7, 0xff, 0x1d, 0xc0, 0x21, 0xe, 0xff, 0xff,
    0xe2, 0x30, 0x80, 0x46, 0x1, 0xff, 0xc7, 0x30,
    0x8, 0x40, 0x3f, 0xf8, 0xe2, 0x1, 0xd1, 0x1f,
    0xfc, 0x55, 0xe0, 0xb, 0xc1, 0x9d, 0xff, 0xf8,
    0x86, 0x60, 0x8, 0x40, 0x3f, 0xf8, 0xc2, 0x80,
    0x11, 0x0, 0x7f, 0xf0, 0x1f, 0x77, 0xb8, 0x40,
    0x26, 0x0, 0xff, 0xe0, 0x9, 0x17, 0x0, 0x62,
    0x20, 0x7, 0xff, 0x1, 0x40, 0x3f, 0xa0, 0x3,
    0xff, 0x82, 0x60, 0x1e, 0x14, 0xb5, 0x0, 0x0,

    /* U+4E2A "个" */
    0x0, 0xff, 0xe0, 0x8, 0xc0, 0x1f, 0xfc, 0xa7,
    0xee, 0x78, 0x80, 0x7f, 0xf2, 0xa, 0x0, 0x3,
    0xa0, 0x1f, 0xfc, 0x8f, 0x0, 0xc7, 0x0, 0x1f,
    0xfc, 0x6b, 0x20, 0xe, 0x75, 0x0, 0xff, 0xe2,
    0x4a, 0x0, 0x7d, 0x4a, 0x1, 0xff, 0xc2, 0x96,
    0x0, 0x97, 0x40, 0x35, 0x20, 0x7, 0xff, 0x2,
    0x98, 0x2, 0x3a, 0x2b, 0x0, 0xd6, 0xc0, 0x1f,
    0xc3, 0x8a, 0x1, 0x16, 0x80, 0x12, 0x80, 0x34,
    0xc0, 0x7, 0xc9, 0xe6, 0x1, 0x16, 0x8, 0x4,
    0xb2, 0x1, 0x9e, 0xc4, 0x3, 0x4d, 0x88, 0x4,
    0x78, 0x28, 0xcd, 0xb, 0x50, 0x6, 0x4f, 0x50,
    0x7, 0x30, 0x6, 0x4c, 0x10, 0x89, 0x99, 0x41,
    0x6c, 0x40, 0x21, 0xa8, 0x4, 0x0, 0xcf, 0x60,
    0x1f, 0xe4, 0xc2, 0x0, 0xd8, 0x16, 0x0, 0x1a,
    0x80, 0xf, 0xfe, 0x1, 0x62, 0x80, 0x19, 0x0,
    0x61, 0x3d, 0x40, 0x3f, 0xf8, 0x43, 0x54, 0x28,
    0x0, 0x9e, 0xc4, 0x3, 0xff, 0x8a, 0xba, 0x20,
    0x1f, 0xff, 0xf0, 0xf, 0xff, 0xf8, 0x7, 0xff,
    0xfc, 0x3, 0xff, 0xb0,

    /* U+4E2D "中" */
    0x0, 0xfe, 0xcf, 0xf8, 0x40, 0x3f, 0xf8, 0xc2,
    0x1, 0xff, 0xef, 0x59, 0x9f, 0xc6, 0x1, 0x5c,
    0xcf, 0xe5, 0xc6, 0x6f, 0xc2, 0x1, 0x2b, 0x37,
    0xec, 0x0, 0xff, 0xf3, 0x77, 0xfe, 0x20, 0xb,
    0x7f, 0xf6, 0x80, 0x7f, 0xf1, 0x4c, 0x3, 0x18,
    0x7, 0xff, 0xfc, 0x3, 0xfe, 0x30, 0xc, 0x60,
    0x1f, 0xbb, 0xff, 0x10, 0x5, 0xbf, 0xfb, 0x40,
    0x3f, 0xfc, 0xd8, 0xef, 0xf8, 0x40, 0x26, 0x77,
    0xfd, 0xab, 0x11, 0xf8, 0xc0, 0x28, 0x8f, 0xe4,
    0x0, 0xff, 0xff, 0x80, 0x7f, 0xfc, 0xc0,

    /* U+4E5F "也" */
    0x0, 0xff, 0x36, 0xec, 0x20, 0x1f, 0xfc, 0x81,
    0x22, 0x80, 0x3f, 0xf8, 0x53, 0x54, 0x70, 0xf,
    0xfe, 0x4b, 0xaa, 0xac, 0x3, 0xff, 0x82, 0x28,
    0xc0, 0x1f, 0xfc, 0x62, 0x59, 0xde, 0xba, 0x0,
    0xff, 0xe2, 0x57, 0x6d, 0x31, 0x0, 0x1c, 0x3,
    0xfc, 0x8f, 0x40, 0x12, 0x8, 0x7, 0xff, 0xc,
    0xfe, 0xe0, 0x80, 0x3f, 0xe1, 0x0, 0x24, 0xe8,
    0x80, 0x7f, 0x85, 0x22, 0xfc, 0x2, 0x30, 0x7,
    0xb1, 0x0, 0x7f, 0xdf, 0x6e, 0x80, 0x18, 0x40,
    0x6, 0x1, 0xe5, 0x9d, 0x80, 0xf, 0x84, 0x3,
    0xda, 0x4, 0x1, 0x1d, 0x31, 0x0, 0x7e, 0x30,
    0xb, 0xc0, 0xb, 0xda, 0x20, 0x1f, 0xfc, 0x21,
    0x0, 0x84, 0x2, 0x10, 0xf, 0xfe, 0x1, 0x3b,
    0xa3, 0xc0, 0x23, 0x0, 0xff, 0xe2, 0x3c, 0x41,
    0xcc, 0x2, 0x60, 0xf, 0xfe, 0x22, 0x80, 0x78,
    0x4c, 0x3, 0xff, 0x8a, 0x80, 0x10, 0xa1, 0xb9,
    0x80, 0x7f, 0xf1, 0x2f, 0xfe, 0xeb, 0x28, 0xc9,
    0x0, 0xff, 0xe6, 0x8, 0x7, 0x84, 0x2, 0x7f,
    0xf8, 0x40, 0x38, 0x40, 0x2f, 0x0, 0x8c, 0x0,
    0x4e, 0x45, 0xff, 0x1c, 0x80, 0x42, 0x1, 0x30,
    0x5, 0x1b, 0xbf, 0xf6, 0x38, 0x4, 0x40, 0x17,
    0x0, 0x7f, 0xf2, 0x10, 0x2, 0x58, 0x10, 0xf,
    0xfe, 0x20, 0xd0, 0x7, 0x3f, 0x6e, 0x5d, 0xff,
    0xf0, 0x33, 0x79, 0x40,

    /* U+4E8B "事" */
    0x0, 0xff, 0x9, 0x9c, 0x1, 0xff, 0xc9, 0x6c,
    0xc8, 0x40, 0x3f, 0xc8, 0xef, 0xfd, 0x80, 0x13,
    0x3b, 0xff, 0x6, 0xc4, 0x7f, 0x20, 0x5, 0x11,
    0xfe, 0x20, 0xf, 0xfe, 0x6c, 0xff, 0xff, 0x40,
    0x5, 0xdf, 0xff, 0xc4, 0x0, 0x7f, 0xff, 0xa0,
    0x2, 0xef, 0xff, 0x80, 0x3f, 0xfa, 0xa5, 0xdd,
    0x9c, 0x2, 0xde, 0xea, 0x0, 0x3f, 0xe2, 0xcc,
    0xcc, 0x1, 0x7e, 0x65, 0x20, 0x1f, 0xfc, 0x2,
    0x2c, 0x20, 0x11, 0x16, 0x10, 0xf, 0xcd, 0x99,
    0xf3, 0x0, 0x57, 0x99, 0xf0, 0x7, 0x3a, 0xaf,
    0xc6, 0x1, 0x12, 0xaf, 0xc6, 0x1, 0xc, 0xcf,
    0xe5, 0x0, 0xa6, 0x7f, 0x80, 0x21, 0x0, 0xff,
    0xe5, 0x88, 0xbb, 0xbf, 0x40, 0x5, 0xbd, 0xd8,
    0xc0, 0x21, 0xf, 0xee, 0xfe, 0x80, 0xb, 0x7b,
    0xb1, 0x80, 0x17, 0x98, 0x3, 0xff, 0x9b, 0x57,
    0x7f, 0xcc, 0x1, 0x55, 0xde, 0x20, 0x2, 0x5b,
    0xa2, 0x91, 0x7e, 0x30, 0x8, 0xc8, 0xb0, 0x4,
    0x28, 0x20, 0xb3, 0x3f, 0x94, 0x2, 0x99, 0xe2,
    0x0, 0xf8, 0x47, 0xf8, 0x2, 0x11, 0xfc, 0x40,
    0x12, 0x77, 0x7e, 0x40, 0xb, 0xbb, 0xf4, 0x0,
    0x7e, 0xdf, 0xf9, 0x40, 0x3f, 0xf9, 0x8, 0x1,
    0xe5, 0x0, 0xff, 0xe2, 0xf8, 0x6, 0x26, 0xb0,
    0xf, 0xf8,

    /* U+4EA4 "交" */
    0x0, 0xff, 0xe0, 0x88, 0x7, 0xff, 0x26, 0x33,
    0xb8, 0x40, 0x1f, 0xfc, 0x81, 0x31, 0x5, 0x0,
    0xff, 0xe4, 0x60, 0x5, 0x80, 0x1f, 0xf7, 0x7f,
    0xfe, 0xa0, 0x9, 0x3f, 0xff, 0x68, 0x7, 0xff,
    0xa1, 0x9b, 0xc4, 0x2c, 0xde, 0x50, 0x36, 0x6e,
    0xa0, 0x4, 0x4c, 0xec, 0x21, 0x14, 0xcf, 0x30,
    0x1f, 0x4c, 0xe7, 0x0, 0xf3, 0x50, 0x1, 0xd8,
    0x2, 0x73, 0x0, 0x45, 0x88, 0x7, 0xe8, 0x90,
    0x9, 0x18, 0x2, 0x75, 0x0, 0x93, 0xcc, 0x3,
    0x87, 0x1c, 0x2, 0x5b, 0x0, 0xea, 0x90, 0x8,
    0x71, 0xc0, 0x25, 0xf3, 0x0, 0x9a, 0xc0, 0x3c,
    0x2d, 0x82, 0x1, 0x45, 0x80, 0x20, 0x40, 0x28,
    0xcf, 0x80, 0xe, 0xcc, 0x37, 0x98, 0x7, 0xa4,
    0x0, 0x37, 0x94, 0x2e, 0x40, 0x13, 0x91, 0xd4,
    0x63, 0x0, 0xd0, 0x1, 0x18, 0xf1, 0x34, 0x2,
    0xf0, 0x1, 0x40, 0x5, 0x41, 0x31, 0x62, 0x1,
    0x4e, 0x10, 0x32, 0x0, 0xa, 0x83, 0xc0, 0x26,
    0x30, 0x3, 0xa8, 0x7, 0xf5, 0x8, 0x1, 0x78,
    0x80, 0x5, 0x20, 0x1f, 0xfc, 0x21, 0xa0, 0x8,
    0x40, 0x2e, 0x0, 0xff, 0xe2, 0x22, 0x80, 0x73,
    0x18, 0x7, 0xff, 0xd, 0x75, 0x40, 0x39, 0xb5,
    0x84, 0x3, 0xfc, 0x93, 0xd4, 0x40, 0x1f, 0x14,
    0xf5, 0xb1, 0x0, 0x44, 0xd5, 0xd6, 0xc2, 0x1,
    0x9f, 0x98, 0x3, 0x92, 0x77, 0xec, 0xd2, 0x54,
    0x40, 0x39, 0x76, 0x6, 0x75, 0x40, 0x3e, 0x42,
    0x61, 0x0, 0xc2, 0xfd, 0x44, 0x1, 0x15, 0x73,
    0x90, 0x6, 0x41, 0x9, 0x1, 0x6b, 0xe8, 0x10,
    0xf, 0x86, 0x37, 0x20, 0xc3, 0x80, 0xd, 0x9d,
    0x28, 0x1, 0xff, 0xc1, 0x37, 0xce, 0x50,

    /* U+4EC5 "仅" */
    0x0, 0xff, 0xe8, 0x97, 0x53, 0x8, 0x7, 0xff,
    0x21, 0x45, 0x64, 0xa6, 0x7f, 0xf8, 0x48, 0x1,
    0xd4, 0x0, 0x23, 0x66, 0xff, 0xe1, 0x18, 0x6,
    0x32, 0x0, 0x28, 0x7, 0xff, 0x22, 0x80, 0x2a,
    0x0, 0xff, 0xe4, 0x30, 0x1, 0x8, 0x4, 0x2,
    0xdf, 0xfe, 0x80, 0x8, 0x80, 0x27, 0x0, 0x88,
    0x0, 0xa0, 0x13, 0x80, 0x76, 0x0, 0x48, 0x1,
    0x48, 0x7, 0xb4, 0x2, 0xc0, 0xe, 0x40, 0x1,
    0x88, 0x1, 0xc4, 0x3, 0xc8, 0x1, 0x38, 0x6,
    0x40, 0x9, 0x0, 0x5, 0x0, 0x1f, 0x11, 0x0,
    0x2, 0x60, 0x17, 0x0, 0x54, 0x0, 0xe0, 0xf,
    0xe5, 0x0, 0xa8, 0x0, 0x2a, 0x0, 0x22, 0x0,
    0x4, 0x3, 0xfa, 0x80, 0x26, 0x0, 0x48, 0x5,
    0x40, 0x13, 0x80, 0x7f, 0x12, 0x0, 0x50, 0x4e,
    0x0, 0x17, 0x0, 0xb4, 0x18, 0x3, 0xf4, 0x0,
    0x4f, 0xc0, 0x13, 0x0, 0x63, 0x29, 0x0, 0xfc,
    0x68, 0x1, 0x18, 0x0, 0x64, 0x3, 0x2f, 0x80,
    0x7f, 0xa4, 0x3, 0xd6, 0x20, 0x18, 0x48, 0x3,
    0xfc, 0x4a, 0x1, 0x89, 0x40, 0x3f, 0xf8, 0xac,
    0xa0, 0x18, 0xa4, 0x3, 0xff, 0x89, 0x32, 0x0,
    0xf3, 0x60, 0x80, 0x7f, 0xf0, 0xb, 0x18, 0x2,
    0x12, 0x0, 0x8f, 0xd4, 0x3, 0xfc, 0xda, 0x60,
    0x10, 0xe6, 0x8, 0x2, 0x1a, 0xa0, 0x80, 0x78,
    0xee, 0x40, 0x31, 0x61, 0xe, 0xa0, 0x6, 0x5a,
    0x0, 0xf1, 0xb0, 0x6, 0x5d, 0x20, 0xa, 0xdc,
    0x3, 0x40, 0x7, 0xde, 0x1, 0x4d, 0x0, 0x7a,
    0x2c, 0x41, 0x8c, 0x3, 0xe2, 0x83, 0xd6, 0x0,
    0xfc, 0x9e, 0xd0, 0x1, 0xbf, 0xe9, 0x7, 0xc2,
    0x0, 0xff, 0xc, 0x88, 0x0,

    /* U+4ECD "仍" */
    0x0, 0xcd, 0x4c, 0x20, 0x1f, 0xfc, 0x9d, 0x59,
    0xd5, 0x88, 0xff, 0xe0, 0x88, 0x7, 0x90, 0x1,
    0x7c, 0xef, 0xff, 0xc1, 0x30, 0xe, 0x50, 0x9,
    0x0, 0x3f, 0xf9, 0x1c, 0x1, 0x18, 0x80, 0x7f,
    0xf1, 0x85, 0x0, 0xa, 0x15, 0xec, 0x1, 0x7f,
    0xe2, 0x0, 0x11, 0x0, 0x33, 0x0, 0x58, 0x1,
    0xfe, 0x32, 0x0, 0x50, 0x7, 0x48, 0x7, 0xff,
    0xa, 0x40, 0x26, 0x0, 0xca, 0x20, 0x1f, 0x18,
    0x7, 0xa, 0x80, 0x14, 0x40, 0x34, 0x0, 0x7f,
    0xf0, 0x9c, 0x2, 0x37, 0x78, 0x20, 0x80, 0x3f,
    0x8, 0x7, 0x8, 0x4, 0xd1, 0x10, 0x30, 0x7,
    0xff, 0x0, 0x40, 0x3f, 0xe5, 0x0, 0xfe, 0x70,
    0x1, 0x80, 0x7f, 0x8, 0x18, 0x10, 0x7, 0xc2,
    0x0, 0x10, 0x3, 0xff, 0xcc, 0x0, 0x30, 0xe0,
    0x90, 0xf, 0x88, 0x0, 0xc0, 0x1e, 0x30, 0x0,
    0x82, 0xca, 0x80, 0x78, 0x80, 0x22, 0x0, 0xf0,
    0x80, 0x1c, 0xd, 0x80, 0x3e, 0x60, 0xb, 0x40,
    0x3c, 0xe0, 0x1f, 0xfc, 0x1d, 0x0, 0x9c, 0x3,
    0xc2, 0x0, 0x10, 0xf, 0xf3, 0x80, 0x4, 0x80,
    0x3c, 0x60, 0x3, 0x0, 0xfe, 0x61, 0x0, 0x30,
    0x7, 0xc2, 0x0, 0x10, 0xf, 0xe8, 0x0, 0xa8,
    0x3, 0xc2, 0x1, 0x78, 0x7, 0xe9, 0x10, 0x3,
    0x10, 0x1, 0x9a, 0x7d, 0x0, 0x84, 0x3, 0xed,
    0x60, 0x0, 0xc0, 0x5, 0x53, 0x28, 0x30, 0x8,
    0x80, 0x3f, 0xea, 0x10, 0x9, 0x40, 0x3c, 0x28,
    0x1, 0xf6, 0xe1, 0x3a, 0x0, 0x6c, 0x0, 0xc2,
    0xb8, 0x1, 0x87, 0xfe, 0x63, 0xd8, 0x0, 0xe5,
    0xff, 0xdd, 0x44, 0x0,

    /* U+4ECE "从" */
    0x0, 0xe4, 0x77, 0x80, 0x3c, 0xef, 0x28, 0x7,
    0xff, 0x3, 0xe2, 0x20, 0xf, 0x44, 0x5c, 0x1,
    0xff, 0xc0, 0x70, 0xf, 0xff, 0x38, 0x80, 0x4,
    0x3, 0x84, 0x3, 0xff, 0xbc, 0x60, 0x3, 0x0,
    0xe3, 0x0, 0x9c, 0x3, 0xff, 0x80, 0x20, 0x1,
    0x0, 0xe1, 0x0, 0x88, 0x3, 0xff, 0x86, 0x66,
    0x0, 0xce, 0x1, 0x8, 0x7, 0xfc, 0x40, 0x1b,
    0xc, 0x2, 0x20, 0xc, 0x40, 0x1f, 0xe6, 0x0,
    0xec, 0x30, 0x7, 0x80, 0x67, 0x0, 0xff, 0x10,
    0x7, 0xb0, 0xc1, 0x40, 0x36, 0x0, 0x7f, 0xb0,
    0x3, 0xed, 0x33, 0x0, 0x64, 0x0, 0xff, 0x38,
    0x5, 0xa2, 0x0, 0x1b, 0x0, 0xe2, 0x20, 0x7,
    0xe1, 0x20, 0x1, 0x96, 0x80, 0x28, 0x80, 0x3c,
    0xa0, 0x1f, 0x98, 0x2, 0x50, 0x3b, 0x87, 0x50,
    0x1, 0x18, 0x2, 0x80, 0x3f, 0x58, 0x5, 0xa0,
    0x4, 0x7b, 0x0, 0xaa, 0xc0, 0x4, 0xa0, 0x1e,
    0x33, 0x0, 0x5, 0x0, 0x22, 0x60, 0x9, 0x94,
    0x2, 0x80, 0xf, 0x40, 0x4, 0xe0, 0x1a, 0x40,
    0x26, 0x12, 0x40, 0x1, 0x40, 0x6, 0x34, 0x0,
    0xa8, 0x2, 0x74, 0x0, 0xa0, 0x1, 0x0, 0x13,
    0x98, 0x5, 0xe0, 0x12, 0x18, 0x0, 0xe0, 0x2,
    0x71, 0x0, 0x1a, 0x0, 0x5a, 0x20, 0xc6, 0x1,
    0x78, 0x0, 0x74, 0x2, 0x28, 0x0, 0xd2, 0x1,
    0xe, 0x7, 0x80, 0x46, 0x80, 0x8, 0x10, 0xa,
    0x40, 0x38, 0xa0, 0x2, 0x50, 0x99, 0x0, 0x3c,
    0x2, 0x94, 0x0, 0x3a, 0x0, 0x79, 0xd0, 0xe,
    0x0, 0xd, 0xae, 0x60, 0x1a, 0xd9, 0x20, 0x3,
    0xf5, 0x1e, 0x80, 0x62, 0x80, 0xf, 0x4d, 0x80,
    0x7f, 0xe, 0x8, 0x0,

    /* U+4EE4 "令" */
    0x0, 0xff, 0xe0, 0x1a, 0x20, 0x3, 0xff, 0x96,
    0xf9, 0x76, 0x70, 0xf, 0xfe, 0x4a, 0xc0, 0x5,
    0x8, 0x1, 0xff, 0xc7, 0x4a, 0x0, 0xeb, 0x30,
    0xf, 0xfe, 0x2a, 0xd8, 0x7, 0xd8, 0x80, 0x1f,
    0xfc, 0x37, 0xa0, 0x8, 0xb4, 0x80, 0x2b, 0x50,
    0xf, 0xfe, 0x0, 0xdc, 0x0, 0x45, 0x85, 0xe2,
    0x1, 0x54, 0x80, 0x7f, 0x97, 0xd0, 0x2, 0x3c,
    0x55, 0x16, 0x10, 0x4, 0xda, 0x80, 0x1e, 0x3b,
    0xa1, 0x0, 0x97, 0x1a, 0xe8, 0xcb, 0xc, 0x2,
    0x2b, 0xa2, 0x0, 0xab, 0x10, 0x3, 0x4d, 0x34,
    0x0, 0x34, 0x45, 0x8c, 0x1, 0x97, 0x68, 0x3,
    0xe3, 0xd6, 0x6, 0x30, 0x0, 0xe8, 0x2, 0x6c,
    0x40, 0x31, 0x80, 0x2c, 0x2, 0x8c, 0x20, 0xb,
    0x48, 0x0, 0x6a, 0x0, 0x4f, 0x60, 0xa, 0x0,
    0x3, 0xd, 0xae, 0x1, 0xc3, 0xc0, 0x9, 0x50,
    0x8, 0x67, 0x12, 0x4, 0x2, 0x78, 0xdf, 0xff,
    0xb0, 0x1, 0x3f, 0xfe, 0xdb, 0x70, 0xf, 0xff,
    0x82, 0xaf, 0xff, 0x4, 0xc0, 0x3f, 0xf8, 0x3,
    0x55, 0x17, 0x55, 0x7d, 0xe6, 0x1, 0xe, 0x80,
    0x7f, 0x91, 0xef, 0x10, 0x3, 0x3d, 0x0, 0x45,
    0x86, 0x1, 0xfe, 0x80, 0x1, 0xde, 0x28, 0x5c,
    0x0, 0x47, 0x84, 0x1, 0xfe, 0x22, 0x0, 0x63,
    0xaf, 0x40, 0x9, 0x30, 0x40, 0x3f, 0xe2, 0xe9,
    0x10, 0xf, 0xcd, 0x60, 0x1f, 0xfc, 0x36, 0xe9,
    0x10, 0xf, 0x22, 0x80, 0x7f, 0xf1, 0x5b, 0xa4,
    0x40, 0x31, 0x54, 0x0, 0x7f, 0xf1, 0x9b, 0xa0,
    0x40, 0x34, 0x80, 0x7f, 0xf2, 0x1f, 0xa0, 0x41,
    0xc4, 0x3, 0xff, 0x94, 0xfe, 0xf0, 0x1, 0xf8,

    /* U+4EF6 "件" */
    0x0, 0xff, 0xe1, 0x89, 0x10, 0x40, 0x3f, 0xc5,
    0x2a, 0x20, 0x1f, 0x66, 0xeb, 0x80, 0x3f, 0xd4,
    0xd5, 0xcc, 0xe, 0xa4, 0x1, 0xff, 0xc4, 0x50,
    0x9, 0xc2, 0x2b, 0x68, 0x3, 0xff, 0x84, 0x44,
    0x0, 0x18, 0xa0, 0x5, 0xa0, 0x1f, 0xfc, 0x2b,
    0x0, 0xa8, 0x34, 0x2, 0x40, 0xf, 0xfe, 0x13,
    0x0, 0x4e, 0xe, 0x1, 0x67, 0x90, 0x5, 0xff,
    0xc2, 0x0, 0x60, 0x9, 0x44, 0xc4, 0x3, 0xff,
    0x8b, 0x60, 0x11, 0x85, 0x0, 0x7f, 0xf1, 0x54,
    0x80, 0x39, 0xc0, 0x27, 0x78, 0x40, 0x27, 0x7e,
    0x10, 0xb0, 0xe, 0x51, 0x0, 0x24, 0x44, 0x60,
    0x14, 0x47, 0x4, 0x8, 0x7, 0x48, 0x5, 0xc0,
    0x1f, 0xfc, 0x16, 0x0, 0xf5, 0x20, 0x1, 0x40,
    0x3f, 0xf8, 0x2a, 0x1, 0xe6, 0xbe, 0xb0, 0xf,
    0xfe, 0x11, 0x1, 0x80, 0x71, 0x93, 0x99, 0xf0,
    0x4, 0x67, 0xc5, 0xe3, 0xc0, 0x18, 0xb3, 0x3e,
    0x10, 0xb, 0x33, 0xcb, 0x44, 0x1, 0xff, 0xca,
    0x34, 0x0, 0xff, 0xe9, 0x15, 0xdf, 0xc2, 0x1,
    0x5d, 0xf6, 0x80, 0x7e, 0x44, 0xf8, 0xc0, 0x24,
    0x4e, 0x30, 0xf, 0xff, 0xf8, 0x7, 0xff, 0xa4,
    0xc8, 0x82, 0x1, 0xff, 0xc6,

    /* U+4EFB "任" */
    0x0, 0xe5, 0x73, 0x0, 0xff, 0xe1, 0x18, 0x80,
    0x7a, 0x21, 0x98, 0x0, 0xf0, 0x9a, 0xc5, 0x6f,
    0xe2, 0x0, 0x71, 0x90, 0x1, 0x26, 0xaf, 0x3b,
    0xfb, 0x29, 0xd4, 0x80, 0x18, 0x1, 0xd4, 0x1,
    0x5b, 0xaa, 0x18, 0x80, 0x7f, 0x28, 0x6, 0x16,
    0x0, 0x19, 0xc0, 0x1f, 0xe2, 0x57, 0x80, 0xd,
    0x20, 0x15, 0x3, 0x1, 0x1a, 0x10, 0x5, 0x3f,
    0xb5, 0x8, 0x1, 0x98, 0x2, 0x60, 0xbf, 0xdc,
    0xb5, 0x0, 0xff, 0xe0, 0x38, 0x80, 0x4, 0x3,
    0xff, 0x8e, 0x30, 0x1, 0xff, 0xcb, 0xb0, 0xf,
    0xfe, 0x5a, 0x28, 0x7, 0xa2, 0x67, 0x90, 0x2,
    0xd9, 0x9e, 0x49, 0x0, 0xf9, 0x9b, 0xc6, 0x1,
    0x23, 0x37, 0x63, 0x0, 0x7f, 0xf3, 0x34, 0xd,
    0x40, 0x3f, 0xf9, 0x28, 0x1c, 0x1, 0xdd, 0xde,
    0x60, 0xa, 0x7b, 0xba, 0xa, 0xc8, 0x3, 0xc2,
    0x3e, 0x0, 0xc2, 0x3c, 0x0, 0x40, 0xf, 0xff,
    0xf8, 0x7, 0xff, 0x4c, 0xaa, 0xb9, 0x40, 0x2a,
    0xae, 0x80, 0xf, 0xe6, 0x55, 0xe2, 0x0, 0x8d,
    0x57, 0x20, 0x7, 0xff, 0xbd, 0x3f, 0xff, 0xf8,
    0x58, 0x0,

    /* U+4F11 "休" */
    0x0, 0xf5, 0x42, 0x0, 0x7a, 0xee, 0x70, 0xf,
    0xfe, 0x1, 0x2b, 0xdc, 0x0, 0x72, 0x25, 0xa0,
    0x1f, 0xfc, 0xa, 0x0, 0xa8, 0x3, 0xff, 0x92,
    0xc0, 0x2, 0x20, 0x7, 0xff, 0x21, 0x44, 0x1,
    0x40, 0x1f, 0xfc, 0x98, 0x0, 0x9a, 0xf7, 0x78,
    0x2, 0x4d, 0xdf, 0x0, 0x65, 0x20, 0x2, 0x8a,
    0x91, 0x70, 0x4, 0x24, 0x5e, 0x0, 0xd0, 0x1,
    0x68, 0x7, 0xff, 0x21, 0xc8, 0x3, 0x8c, 0x3,
    0xff, 0x8a, 0x50, 0x1, 0xed, 0xff, 0xb8, 0x3,
    0x9f, 0xff, 0x80, 0x12, 0x1, 0xff, 0x48, 0x7,
    0x38, 0x80, 0x70, 0xa0, 0x7, 0xfc, 0xc0, 0x1e,
    0x90, 0xe, 0x12, 0x0, 0xff, 0x40, 0x80, 0x79,
    0xc4, 0x3, 0x90, 0x8, 0x3, 0xe2, 0x70, 0xf,
    0xd4, 0x1, 0xda, 0x1e, 0x20, 0x1e, 0x90, 0xf,
    0x8, 0x1, 0x14, 0x3, 0x24, 0x90, 0x7, 0x9d,
    0x0, 0xa, 0x1, 0x21, 0x0, 0x28, 0x80, 0x33,
    0x0, 0x78, 0xe0, 0x2, 0x80, 0xd, 0x20, 0x17,
    0x0, 0x7f, 0x8b, 0x40, 0x28, 0x20, 0xc, 0x8a,
    0x0, 0x3b, 0x0, 0xfd, 0xfe, 0x10, 0x1, 0xb8,
    0x7, 0xac, 0x40, 0x9, 0x40, 0x1f, 0x11, 0x0,
    0x2e, 0x0, 0xf8, 0x68, 0x2, 0x20, 0xf, 0xb6,
    0x0, 0x14, 0x40, 0x1f, 0x91, 0xc0, 0xa0, 0x3,
    0xf3, 0xa3, 0x28, 0x7, 0xfa, 0x16, 0x40, 0x3f,
    0xd5, 0x20, 0x1f, 0xfc, 0xa, 0x40, 0xf, 0xf0,
    0x80, 0x7f, 0xf7, 0x80,

    /* U+4F1A "会" */
    0x0, 0xff, 0x84, 0x60, 0xf, 0xfe, 0x4a, 0xf7,
    0x4e, 0x1, 0xff, 0xc7, 0x3a, 0x0, 0xa1, 0x80,
    0x3f, 0xf8, 0xa7, 0x80, 0x1d, 0x2c, 0x1, 0xff,
    0xc3, 0x5c, 0x0, 0x88, 0x2, 0x98, 0x0, 0xff,
    0xe0, 0xc5, 0x0, 0x49, 0xaa, 0x1, 0x3d, 0x88,
    0x7, 0xf1, 0x63, 0x80, 0x49, 0x61, 0x4c, 0x1,
    0x27, 0xa0, 0x7, 0xcf, 0xa6, 0x1, 0x35, 0x80,
    0x53, 0x0, 0x10, 0xdd, 0x8, 0x4, 0xbb, 0x0,
    0x1a, 0x64, 0x1, 0xcf, 0x62, 0x1, 0x2f, 0x40,
    0x55, 0x8, 0x3, 0xa3, 0xbb, 0xea, 0x10, 0xe,
    0x7c, 0xf0, 0xc, 0x80, 0x1, 0x1f, 0xe0, 0x2,
    0x80, 0x6a, 0x52, 0x3, 0xc9, 0x0, 0xff, 0xe0,
    0xf7, 0x14, 0x5, 0x82, 0x27, 0xc, 0xaa, 0xbf,
    0xf8, 0x2a, 0x35, 0x96, 0x0, 0x56, 0x0, 0x95,
    0x7f, 0xf8, 0x22, 0x0, 0x35, 0x0, 0x22, 0x7f,
    0xf2, 0xc0, 0x17, 0x7f, 0xfc, 0xb1, 0x0, 0xff,
    0xf3, 0xf7, 0x75, 0x80, 0x69, 0xee, 0xb0, 0x42,
    0x7b, 0xb8, 0x40, 0x47, 0x1d, 0x0, 0x4e, 0xc2,
    0x23, 0xc1, 0x9, 0x21, 0x1c, 0x1, 0xc7, 0x82,
    0x0, 0x58, 0x0, 0x89, 0xc0, 0x2d, 0x20, 0xf,
    0x9b, 0x4, 0x0, 0x5c, 0xac, 0xc7, 0x81, 0x0,
    0x87, 0x4, 0x3, 0x86, 0x40, 0x31, 0x5d, 0x4c,
    0xa1, 0xd8, 0x3, 0xe, 0x80, 0x70, 0x88, 0x3,
    0xff, 0x8a, 0x74, 0x1, 0xc8, 0x1, 0xfc, 0x24,
    0x43, 0x45, 0x0, 0xc, 0x80, 0x74, 0xca, 0xaf,
    0x37, 0x5d, 0xfe, 0xed, 0xd6, 0x5d, 0x50, 0x70,
    0xc0, 0x38, 0xd9, 0x50, 0xc8, 0x82, 0x1, 0xf9,
    0x78, 0x80, 0x20,

    /* U+4F20 "传" */
    0x0, 0xf5, 0x4b, 0x10, 0x6, 0x6e, 0xe8, 0xc0,
    0x3f, 0xf8, 0x6, 0xad, 0x2a, 0x1, 0xb0, 0x46,
    0x20, 0xf, 0xfe, 0x5, 0x0, 0x4a, 0x1, 0x9c,
    0x0, 0x42, 0x1, 0xff, 0xc0, 0x70, 0x1, 0x8f,
    0xfe, 0x20, 0x1, 0x7f, 0xfb, 0x80, 0x39, 0x84,
    0x1, 0x40, 0x1f, 0xfc, 0x9b, 0x0, 0xb, 0x0,
    0x7f, 0xf2, 0x14, 0x80, 0xc, 0x7, 0x99, 0x10,
    0x0, 0xb3, 0x3f, 0x0, 0x68, 0x0, 0xb8, 0x0,
    0x66, 0x22, 0x0, 0x14, 0xcf, 0xe2, 0x0, 0x98,
    0x80, 0x35, 0xff, 0xdc, 0x1, 0x3f, 0xff, 0xeb,
    0x1, 0x80, 0xf, 0xfe, 0x65, 0x88, 0x7, 0xff,
    0x31, 0x0, 0x3d, 0xf5, 0x46, 0x0, 0x9e, 0xab,
    0xfb, 0xc1, 0x0, 0x3c, 0x8a, 0xa2, 0x0, 0xc,
    0x2a, 0xff, 0x20, 0x68, 0x38, 0x80, 0x79, 0x0,
    0x3, 0xff, 0xfc, 0x40, 0x4, 0x38, 0x0, 0xff,
    0xe4, 0x8, 0x0, 0xf4, 0x3, 0xff, 0x9a, 0x20,
    0x1f, 0xb3, 0x3f, 0x48, 0x4, 0x46, 0x1, 0xff,
    0xc0, 0xf4, 0x23, 0x3c, 0x50, 0x1, 0x78, 0x7,
    0xff, 0x1, 0xe, 0x3a, 0x90, 0x1, 0xa2, 0x0,
    0xa2, 0x0, 0xff, 0xe0, 0x78, 0x4, 0xb7, 0xb6,
    0x60, 0x6, 0x50, 0xf, 0xfe, 0xf, 0xa0, 0x6,
    0x24, 0x0, 0x14, 0x80, 0x7f, 0xf0, 0x92, 0xf9,
    0xc4, 0x3, 0x8a, 0xd0, 0x3, 0xff, 0x86, 0x31,
    0xd4, 0x60, 0x19, 0x2e, 0x0, 0x3f, 0xf8, 0xab,
    0x98, 0x50, 0xd, 0x40, 0x1f, 0xfc, 0x73, 0xae,
    0x71, 0x42, 0x0, 0xf7, 0x7f, 0x98, 0x3, 0xfe,
    0x18, 0xe9, 0x0, 0x80,

    /* U+4F46 "但" */
    0x0, 0xe1, 0x74, 0x20, 0xf, 0xfe, 0x53, 0xc5,
    0xeb, 0x44, 0x7f, 0xf0, 0x84, 0x3, 0xda, 0x0,
    0x21, 0x77, 0xff, 0xe1, 0x18, 0x7, 0xa, 0x0,
    0x28, 0x3, 0xff, 0x92, 0xc0, 0x12, 0x80, 0x7f,
    0xf2, 0x68, 0x0, 0x64, 0x1, 0xbf, 0xfe, 0xa0,
    0xf, 0xc8, 0x40, 0xa, 0x0, 0xff, 0xe4, 0xf8,
    0x4, 0x40, 0x1f, 0xfc, 0x83, 0x40, 0xf, 0xef,
    0xff, 0xa8, 0x3, 0xef, 0x0, 0xff, 0xe6, 0x29,
    0x80, 0x7f, 0xf3, 0x2c, 0x3, 0xfe, 0x99, 0xf9,
    0x80, 0x3c, 0x20, 0x1f, 0xf3, 0x37, 0xd8, 0x1,
    0xe3, 0x0, 0xff, 0xe6, 0xa0, 0x48, 0x7, 0xf3,
    0x37, 0xd8, 0x1, 0xec, 0x84, 0x0, 0xfe, 0x99,
    0xf9, 0x80, 0x3c, 0x8e, 0x1, 0xff, 0xee, 0x7e,
    0xef, 0xfe, 0x11, 0x0, 0x7f, 0xc2, 0x3f, 0xfc,
    0x20, 0xf, 0xf3, 0x3b, 0xff, 0xf1, 0x8, 0x3,
    0xf5, 0xc4, 0x7f, 0xf1, 0x1c, 0x3, 0xff, 0xe1,
    0xbf, 0xff, 0xfc, 0x45,

    /* U+4F4D "位" */
    0x0, 0xff, 0xe9, 0x97, 0xdb, 0x90, 0x6, 0x5a,
    0xce, 0x70, 0xf, 0xfe, 0x2, 0x82, 0x42, 0x0,
    0x72, 0x98, 0xd8, 0x7, 0xff, 0x2, 0x80, 0x27,
    0x0, 0xca, 0x1, 0x18, 0x80, 0x7f, 0x88, 0x80,
    0x4, 0x10, 0xe, 0x30, 0x9, 0x0, 0x3f, 0xd6,
    0x1, 0x76, 0xff, 0xf1, 0x80, 0x55, 0xff, 0xc8,
    0x1, 0x98, 0x0, 0x2a, 0x60, 0x1f, 0xfc, 0x77,
    0x0, 0x9c, 0x3, 0xff, 0x93, 0x20, 0x10, 0x84,
    0xbb, 0xff, 0xf0, 0xd8, 0x1, 0x2, 0x1, 0xcf,
    0x15, 0xfd, 0x11, 0xee, 0x1c, 0x88, 0x10, 0x13,
    0x80, 0x7d, 0x7b, 0x16, 0x1, 0xed, 0x6b, 0xe0,
    0xb, 0x80, 0x3f, 0x18, 0x0, 0x84, 0x3, 0x90,
    0x0, 0xa0, 0x11, 0x80, 0x7e, 0xb0, 0x9, 0xc0,
    0x31, 0x80, 0x58, 0x1, 0x20, 0x7, 0xe3, 0x10,
    0x6, 0x80, 0x64, 0x0, 0x94, 0x2, 0xd0, 0x61,
    0x0, 0xf2, 0x0, 0x10, 0x3, 0x58, 0x0, 0x88,
    0x1, 0x21, 0x48, 0x7, 0xde, 0x1, 0x20, 0x0,
    0x4c, 0x0, 0xa0, 0x18, 0xbc, 0x3, 0xf2, 0x0,
    0x58, 0x0, 0x40, 0xa, 0xc0, 0x38, 0x80, 0x3f,
    0x9, 0x80, 0x10, 0x1, 0xe0, 0x1, 0x30, 0xf,
    0xfe, 0x1a, 0x0, 0xc, 0x41, 0x0, 0xe, 0x1,
    0xff, 0xc4, 0xb0, 0x0, 0x91, 0x88, 0x3, 0x40,
    0x3f, 0xf8, 0x87, 0x1b, 0xc7, 0x60, 0x1, 0x40,
    0xf, 0xfe, 0x0, 0xaa, 0xe2, 0x75, 0x53, 0x0,
    0x9, 0x57, 0x20, 0x7, 0xe5, 0xaa, 0xfc, 0x20,
    0x3, 0xaa, 0xd2, 0x1, 0xff, 0xf0, 0x4f, 0xff,
    0xfe, 0x26, 0x80,

    /* U+4F4E "低" */
    0x0, 0xc5, 0x90, 0xa2, 0x1, 0xff, 0xc0, 0x24,
    0x0, 0xf9, 0x4d, 0xe9, 0x40, 0x38, 0x91, 0xa2,
    0xb3, 0xf6, 0xc8, 0x3, 0xd6, 0x1, 0x75, 0xe6,
    0xff, 0xb6, 0xe5, 0xd4, 0xc0, 0x24, 0x0, 0xe1,
    0x30, 0x2, 0xa2, 0xc, 0x80, 0x3f, 0xec, 0x0,
    0xe6, 0x0, 0xbc, 0x3, 0xfe, 0x25, 0x7a, 0xb0,
    0xe, 0x90, 0x0, 0xa8, 0x4, 0x28, 0xd0, 0xa0,
    0x16, 0xd4, 0x28, 0x80, 0x64, 0x10, 0x3, 0x0,
    0x66, 0xb9, 0x7c, 0x0, 0x84, 0x3, 0xf4, 0x0,
    0x5c, 0x1, 0xf8, 0xc0, 0x23, 0x0, 0xf8, 0xcc,
    0x1, 0xff, 0xc0, 0x10, 0xf, 0xfb, 0xc0, 0x3f,
    0x92, 0x22, 0xd0, 0xa, 0xe2, 0x31, 0x2, 0x98,
    0x7, 0xf1, 0xbb, 0xcc, 0x1, 0x33, 0xbf, 0x4,
    0x0, 0x7f, 0xf3, 0x58, 0x3, 0xff, 0x9b, 0x80,
    0x80, 0x1f, 0x9f, 0xff, 0x10, 0x1, 0xbf, 0xf2,
    0x81, 0x85, 0x0, 0x7f, 0xf0, 0x58, 0x0, 0xa0,
    0x1e, 0x4b, 0x10, 0xf, 0xfe, 0x9, 0x80, 0x8,
    0x3, 0xe4, 0x0, 0xff, 0xe1, 0x70, 0x0, 0x44,
    0x1, 0xff, 0xc9, 0x40, 0x9, 0x1, 0xd4, 0x3,
    0xff, 0x84, 0x20, 0x11, 0x8, 0x3, 0x2, 0xa9,
    0xc0, 0x1f, 0xfc, 0x5, 0xe3, 0x4a, 0x64, 0x0,
    0x38, 0x10, 0x18, 0x7, 0xff, 0x0, 0x81, 0x6d,
    0x6f, 0xc0, 0x3, 0xa0, 0x7, 0x0, 0xfc, 0x62,
    0x1, 0xb9, 0xc0, 0x84, 0x40, 0x2, 0x0, 0x60,
    0x7, 0xe5, 0x0, 0xc7, 0x74, 0x0, 0xe9, 0x0,
    0xe4, 0x0, 0xfc, 0xc0, 0x2, 0xac, 0x32, 0x40,
    0x56, 0x30, 0x9, 0x8, 0x3, 0xfa, 0x2b, 0x54,
    0x2, 0xf5, 0xa1, 0xd5, 0x15, 0xa0, 0x0,

    /* U+4F4F "住" */
    0x0, 0xff, 0xe2, 0x18, 0x7, 0xff, 0x6, 0xd8,
    0x40, 0x3c, 0x99, 0x86, 0x0, 0xff, 0x99, 0x27,
    0x94, 0x3, 0xd, 0x98, 0x40, 0x7, 0xfd, 0xa0,
    0x13, 0x80, 0x61, 0x80, 0x0, 0xc0, 0x7, 0xf0,
    0xa0, 0x0, 0xc8, 0x3, 0x9c, 0x40, 0x6, 0x1,
    0xfc, 0xc0, 0x15, 0x24, 0x47, 0x88, 0x10, 0xe2,
    0x38, 0x80, 0x29, 0x0, 0x9b, 0x1d, 0xfc, 0x60,
    0x8e, 0xff, 0x0, 0x14, 0x40, 0xa, 0x1, 0xff,
    0xc8, 0x90, 0x8, 0xc0, 0x3f, 0xf8, 0xe8, 0x60,
    0x1d, 0x1f, 0xfd, 0x20, 0x15, 0x7f, 0xf2, 0x84,
    0x80, 0x7f, 0xf2, 0xdc, 0x80, 0x3f, 0xf9, 0x76,
    0x1, 0xff, 0xcc, 0x60, 0xf, 0xdd, 0xff, 0xa4,
    0x2, 0xaf, 0xfc, 0xe1, 0x80, 0x62, 0x1, 0xff,
    0xc9, 0x50, 0xe0, 0xf, 0xfe, 0x51, 0xd1, 0x0,
    0x7a, 0x5d, 0xf2, 0x0, 0x48, 0xef, 0x90, 0x0,
    0xa0, 0x1f, 0x3c, 0x46, 0xd0, 0xb, 0xa2, 0x31,
    0x80, 0x7f, 0xff, 0xc0, 0x3f, 0x91, 0x3d, 0xc0,
    0x16, 0xa2, 0x78, 0x3, 0xe2, 0xbb, 0xf3, 0x80,
    0x4f, 0x77, 0xd4, 0x1, 0xff, 0xed, 0x2d, 0xdf,
    0xfe, 0x26, 0x0,

    /* U+4F53 "体" */
    0x0, 0xe4, 0xb8, 0x51, 0x0, 0xc9, 0xff, 0x10,
    0x7, 0xff, 0x7, 0x51, 0xe9, 0x40, 0x3f, 0xf9,
    0x4e, 0x0, 0x14, 0x0, 0xff, 0xe4, 0x98, 0x80,
    0x1c, 0x3, 0xff, 0x95, 0x40, 0x16, 0xbb, 0xf7,
    0x0, 0x54, 0xef, 0xca, 0x1, 0xe6, 0x0, 0x12,
    0xc4, 0x72, 0x80, 0x4f, 0x11, 0xde, 0x1, 0xcc,
    0x1, 0x50, 0x7, 0xff, 0x2a, 0xc0, 0x23, 0x0,
    0xff, 0xe4, 0xa9, 0x0, 0x61, 0xff, 0xc4, 0x1,
    0xcb, 0xff, 0xa8, 0x3, 0x48, 0x7, 0xf2, 0x90,
    0x7, 0x29, 0x80, 0x7c, 0xa6, 0x1, 0xfd, 0x0,
    0x1f, 0x40, 0x7, 0xd6, 0x1, 0xfc, 0xe4, 0x1,
    0xf2, 0x28, 0x7, 0xff, 0xc, 0xa0, 0x0, 0x80,
    0x12, 0x0, 0x2c, 0x40, 0x39, 0x0, 0x40, 0x3d,
    0xc0, 0x1, 0xe0, 0xb, 0xc0, 0x3, 0xa0, 0x1d,
    0xe1, 0x40, 0x1d, 0x26, 0x0, 0x81, 0x0, 0x99,
    0x80, 0x3, 0x90, 0xc, 0xb0, 0xa0, 0x1a, 0x18,
    0x0, 0x6c, 0x1, 0xd0, 0x20, 0x6, 0x70, 0xc,
    0xe0, 0x1b, 0xdc, 0x2, 0xe0, 0xf, 0xd, 0x0,
    0x51, 0x0, 0xf, 0xc8, 0x1, 0x2b, 0x21, 0x80,
    0x4e, 0x80, 0x60, 0x12, 0x80, 0x7e, 0x50, 0x3,
    0x3d, 0xda, 0x0, 0x2a, 0xbb, 0x29, 0x0, 0x20,
    0x3, 0xf7, 0x1a, 0x48, 0x7, 0xfd, 0xe2, 0x6a,
    0x1, 0xfd, 0xd6, 0x1, 0xff, 0xc0, 0x2d, 0xf0,
    0xf, 0xf1, 0x0, 0x33, 0xb9, 0x40, 0x16, 0x77,
    0x24, 0xc, 0xc0, 0x1f, 0xfc, 0x11, 0x1c, 0x1,
    0x8, 0xc0, 0x1f, 0xff, 0x0,

    /* U+4FA7 "侧" */
    0x0, 0xff, 0xe7, 0xdf, 0x5a, 0x0, 0x7f, 0xf0,
    0x47, 0xfd, 0x80, 0x12, 0x8a, 0x7d, 0xdf, 0xf0,
    0x7, 0xf8, 0x84, 0x0, 0x28, 0x9f, 0xc3, 0x76,
    0x80, 0xf, 0x28, 0x0, 0xcc, 0x1, 0xfe, 0x44,
    0x18, 0x7, 0xb0, 0x0, 0x80, 0x13, 0xbe, 0x30,
    0xf, 0xfe, 0x2, 0x0, 0x2c, 0x0, 0x30, 0x44,
    0xeb, 0x0, 0xff, 0x98, 0x2, 0x20, 0x8, 0x55,
    0x5e, 0x1, 0xff, 0xc0, 0xa0, 0xf, 0xfe, 0x51,
    0x18, 0x7, 0xff, 0x2a, 0x0, 0x3f, 0xf9, 0x68,
    0x1, 0xff, 0xcb, 0x50, 0xf, 0xfe, 0x59, 0x0,
    0x7f, 0xf2, 0xf8, 0x8c, 0x3, 0xff, 0x92, 0x52,
    0x1, 0xfe, 0x10, 0xf, 0xf9, 0x50, 0x3, 0xe3,
    0x0, 0x78, 0x7, 0xff, 0x21, 0x80, 0x4, 0x1,
    0xff, 0xc5, 0xaa, 0x59, 0x80, 0x3d, 0x6a, 0x82,
    0x1, 0xff, 0xc1, 0x35, 0x55, 0x0, 0x16, 0x15,
    0x41, 0x97, 0x20, 0x1f, 0xfc, 0x6, 0x20, 0x9,
    0x64, 0x0, 0x68, 0x40, 0x1f, 0xf2, 0x48, 0x1,
    0x0, 0xd, 0x0, 0x1f, 0xfc, 0x25, 0xb0, 0x3,
    0x59, 0x80, 0x1d, 0xc2, 0x44, 0x70, 0xf, 0xcd,
    0x40, 0x3, 0x90, 0xd1, 0x0, 0x7c, 0xee, 0xa4,
    0x0, 0xe0, 0x1c, 0x80, 0x2, 0xd0, 0x0, 0xe8,
    0x3c, 0x60, 0x7, 0x60, 0x7, 0x15, 0xae, 0x88,
    0x4, 0x7b, 0x0, 0xa0, 0x10, 0xb3, 0x80,

    /* U+4FDD "保" */
    0x0, 0xe5, 0x50, 0x80, 0x4, 0x7f, 0xf8, 0x40,
    0x1f, 0x45, 0x76, 0x47, 0x77, 0xff, 0x8, 0x40,
    0x38, 0x88, 0x0, 0x60, 0xf, 0xfe, 0x4a, 0x80,
    0x58, 0x1, 0xff, 0xc9, 0xa0, 0x9, 0xc0, 0x35,
    0xdf, 0xcc, 0x1, 0xf8, 0xc8, 0x0, 0x82, 0x1,
    0x91, 0x3e, 0xf0, 0xf, 0xd4, 0x1, 0x68, 0x7,
    0xff, 0x25, 0x80, 0x23, 0x0, 0xe6, 0x6f, 0xb0,
    0x3, 0xe7, 0x0, 0xff, 0x4c, 0xfc, 0xa0, 0x1f,
    0x48, 0x7, 0xff, 0x31, 0x84, 0x3, 0xde, 0x1,
    0xff, 0xc4, 0x18, 0x0, 0xf9, 0xff, 0xf8, 0x2,
    0x6f, 0xfe, 0x10, 0x31, 0x0, 0xf1, 0x19, 0xf8,
    0x2, 0x33, 0xf8, 0x48, 0xc0, 0x80, 0x37, 0x66,
    0x78, 0x2, 0x5c, 0xcf, 0x38, 0x58, 0x70, 0x7,
    0xff, 0x2d, 0x58, 0xc0, 0x3f, 0xf9, 0x26, 0x5,
    0x20, 0x1d, 0x9f, 0xf6, 0x0, 0x7c, 0xff, 0xf9,
    0x40, 0x3f, 0xe2, 0xd0, 0xf, 0x9e, 0x0, 0x3f,
    0xf8, 0x47, 0x82, 0x2, 0x1, 0x8, 0x1, 0xe8,
    0x3, 0xff, 0x80, 0xf8, 0x20, 0xc, 0x0, 0x9d,
    0x40, 0xb, 0xa8, 0x1, 0xf8, 0xb2, 0x0, 0x3,
    0x84, 0x1, 0xa9, 0x0, 0x5, 0x72, 0x1, 0xf5,
    0x18, 0x0, 0x74, 0xc0, 0x3d, 0x6a, 0x1, 0x70,
    0x7, 0xd0, 0x20, 0x7e, 0x60, 0x1f, 0xa9, 0xc0,
    0x9c, 0x3, 0xf5, 0x3e, 0x8, 0x7, 0xfa, 0x26,
    0x40, 0x1c, 0x45, 0xa, 0x40, 0x7, 0xff, 0x5,
    0x90, 0x0,

    /* U+4FEE "修" */
    0x0, 0xff, 0xe1, 0x18, 0x7, 0xff, 0xd, 0x7a,
    0xdc, 0x3, 0x8b, 0x3f, 0x4c, 0x3, 0xff, 0x81,
    0xe2, 0x9a, 0x1, 0xd2, 0x0, 0x20, 0x33, 0xe2,
    0x0, 0xf2, 0x0, 0x3c, 0x3, 0x32, 0x0, 0x59,
    0x9e, 0x90, 0xe, 0x41, 0x0, 0x20, 0x4, 0x72,
    0x1, 0xff, 0xc4, 0xf0, 0x1, 0xff, 0x69, 0x68,
    0x4, 0x68, 0x91, 0x80, 0x42, 0x1, 0x85, 0x0,
    0x14, 0x22, 0x2c, 0x10, 0x8, 0x6a, 0xec, 0x1,
    0xc, 0x0, 0x68, 0x0, 0x9c, 0x3, 0xc2, 0x5,
    0xef, 0xa6, 0x0, 0xa2, 0x0, 0x85, 0x80, 0x6,
    0x20, 0x15, 0x5, 0x60, 0x80, 0xc1, 0x0, 0x2d,
    0x0, 0x34, 0x0, 0x7e, 0x4d, 0x44, 0x10, 0x7,
    0xbd, 0xcc, 0x0, 0x4c, 0x1, 0xf9, 0xfb, 0x92,
    0x60, 0x1e, 0x48, 0xcf, 0x19, 0x0, 0xfe, 0x93,
    0x0, 0xcd, 0x86, 0x1, 0xc8, 0x22, 0x0, 0xfe,
    0x60, 0x1, 0x47, 0x6f, 0x98, 0x4b, 0x98, 0x70,
    0x78, 0x7, 0xf5, 0x3e, 0x60, 0x72, 0xcc, 0x0,
    0x31, 0x9c, 0xa0, 0x80, 0xa0, 0x1f, 0x16, 0xcf,
    0x49, 0x0, 0x13, 0x4a, 0x40, 0x40, 0x3, 0x1c,
    0x1, 0xfa, 0x54, 0x2, 0x3b, 0x99, 0x53, 0x28,
    0x6, 0x70, 0xf, 0xe8, 0x0, 0x2e, 0x77, 0x35,
    0x0, 0x1e, 0x1, 0xff, 0xc2, 0x4a, 0xef, 0x8d,
    0x50, 0x0, 0xcd, 0x20, 0x7, 0xff, 0x5, 0x33,
    0xe9, 0x0, 0x27, 0xe2, 0xdb, 0x30, 0xf, 0xfe,
    0x5, 0x30, 0x80, 0x5, 0xfa, 0xee, 0x20, 0xe0,
    0xf, 0xfe, 0x4, 0x80, 0x12, 0xbb, 0x2b, 0x10,
    0x0, 0x5c, 0x1, 0xff, 0xc0, 0x7a, 0xe9, 0xdd,
    0x5a, 0x0, 0x4f, 0xa6, 0x1, 0xfb, 0xfe, 0x3,
    0xdd, 0x9c, 0x80, 0x26, 0xd8, 0x0, 0xff, 0xe0,
    0x27, 0xe3, 0x98, 0x4, 0x2f, 0xd2, 0x40, 0x1f,
    0xfc, 0x14, 0x10, 0xc, 0xb7, 0xd0, 0x20, 0x1f,
    0xfc, 0x46, 0x37, 0xbf, 0xa4, 0x0, 0xfe,

    /* U+5019 "候" */
    0x0, 0xc7, 0x92, 0xc0, 0x1f, 0xfc, 0xab, 0x36,
    0x80, 0xd, 0x3f, 0xff, 0xe6, 0x0, 0xf2, 0x80,
    0x1c, 0x3, 0xff, 0x86, 0x60, 0x1c, 0x44, 0x0,
    0x62, 0x20, 0xc0, 0x3f, 0xf8, 0xc, 0x1, 0xca,
    0x1, 0x35, 0xda, 0x42, 0x7f, 0xfd, 0x0, 0x10,
    0x80, 0x75, 0x80, 0x14, 0x3, 0x11, 0x9f, 0xdc,
    0x1, 0x31, 0x88, 0x0, 0x4c, 0x1, 0xe0, 0x1a,
    0xf3, 0x3e, 0x60, 0xa, 0xf2, 0x40, 0xe, 0x1,
    0xff, 0xcd, 0xb0, 0xf, 0xdc, 0x67, 0xff, 0xc1,
    0xe0, 0x42, 0x0, 0xfc, 0xf8, 0x62, 0xb9, 0x9f,
    0xcc, 0x1e, 0x1, 0xfe, 0x60, 0x24, 0x66, 0xfc,
    0x80, 0x28, 0x1, 0xfe, 0xb0, 0x1, 0x4c, 0xfe,
    0xd0, 0x10, 0xf, 0xf3, 0x90, 0x7, 0xff, 0x8,
    0x80, 0x3f, 0xc, 0x0, 0x15, 0xcc, 0x2, 0x77,
    0xd8, 0x0, 0x75, 0x20, 0xf, 0xe, 0x11, 0x2a,
    0x10, 0x2, 0x88, 0xca, 0x0, 0xcb, 0x0, 0xfc,
    0xf6, 0xac, 0xc3, 0x0, 0x99, 0xb8, 0xc1, 0x84,
    0x3, 0xf7, 0x4b, 0xcc, 0x90, 0x2, 0x99, 0xeb,
    0x0, 0xff, 0xec, 0xea, 0x24, 0x60, 0x18, 0x51,
    0x37, 0x0, 0x7f, 0xcf, 0x77, 0x0, 0x70, 0xf5,
    0xdc, 0xc0, 0x1f, 0x9, 0x14, 0x0, 0x2c, 0x30,
    0xe, 0xa8, 0x0, 0xff, 0x16, 0xea, 0xa, 0x74,
    0xc0, 0x5, 0x40, 0x13, 0xf3, 0x8, 0x7, 0xfa,
    0x75, 0x80, 0x24, 0xc5, 0xb1, 0x0, 0xc, 0xd8,
    0x7, 0xfb, 0x40, 0x21, 0x8b, 0x10, 0x4c, 0x50,
    0x0, 0xd8, 0x7, 0xf9, 0x18, 0x63, 0xdc, 0x3,
    0x15, 0x63, 0x50, 0x80, 0x5b, 0xfe, 0x50, 0xd,
    0x3c, 0xe2, 0x1, 0xf1, 0xca, 0x0,

    /* U+5145 "充" */
    0x0, 0xff, 0xe0, 0x88, 0x80, 0x3f, 0xf9, 0x15,
    0xfe, 0xea, 0x0, 0xff, 0xe4, 0x68, 0x4, 0x80,
    0x1f, 0xe1, 0x44, 0xfe, 0xf0, 0xc, 0xc8, 0x9f,
    0x81, 0x6e, 0xff, 0x9c, 0x3, 0x4d, 0xdf, 0xe2,
    0x0, 0xff, 0xf3, 0x27, 0xff, 0xa0, 0x3, 0x5f,
    0xfd, 0xb3, 0xff, 0xe2, 0x0, 0xf3, 0x40, 0x5,
    0x68, 0x0, 0x2c, 0x97, 0x0, 0xff, 0x9a, 0x40,
    0x29, 0x40, 0xb, 0x4, 0x22, 0x0, 0x1f, 0xd1,
    0x20, 0x14, 0xb0, 0x6, 0xb0, 0x9, 0xe4, 0x3,
    0xc3, 0x6e, 0x1, 0x4b, 0x91, 0x99, 0x14, 0xcc,
    0x1, 0x34, 0x80, 0x74, 0x20, 0x6, 0x9e, 0xdc,
    0xc5, 0xd4, 0x98, 0x6, 0x69, 0x0, 0xde, 0x1,
    0xff, 0xc7, 0x68, 0x0, 0x90, 0x3, 0xff, 0x86,
    0x24, 0x1, 0x70, 0x4, 0x4a, 0xcd, 0x0, 0x49,
    0x79, 0x0, 0x15, 0xf6, 0xb8, 0x4b, 0x0, 0x6a,
    0x99, 0x68, 0x5, 0x88, 0x62, 0x1, 0xe8, 0xb6,
    0x0, 0xfc, 0x60, 0x11, 0x0, 0x7f, 0x90, 0x3,
    0xfa, 0xc0, 0x27, 0x0, 0xff, 0x54, 0xb1, 0x0,
    0x71, 0x98, 0x0, 0x24, 0x1, 0xfe, 0x76, 0x98,
    0x0, 0xef, 0x0, 0x9c, 0x3, 0xfe, 0x30, 0x1,
    0x80, 0x43, 0x86, 0x1, 0x40, 0x7, 0xfc, 0x20,
    0x1, 0x0, 0x37, 0x18, 0x5, 0x2, 0x1, 0x18,
    0x5, 0xec, 0xc8, 0x0, 0xbc, 0xba, 0x40, 0x33,
    0x38, 0x6, 0x10, 0x9, 0x26, 0x4e, 0x1, 0x19,
    0x18, 0x6, 0x89, 0x0, 0xe4, 0x10, 0xf, 0xc4,
    0x81, 0xc0, 0x3, 0xc7, 0x0, 0xfb, 0x4c, 0x3,
    0x85, 0x7c, 0x0, 0x71, 0x58, 0x60, 0x1f, 0x8f,
    0x3f, 0xfb, 0xa8, 0x80,

    /* U+5165 "入" */
    0x0, 0xf2, 0xdd, 0xf4, 0x98, 0x7, 0xff, 0x18,
    0x91, 0x39, 0xb1, 0x80, 0x3f, 0xf9, 0xb0, 0x1,
    0xff, 0xcd, 0x12, 0x0, 0xff, 0xe2, 0x36, 0x66,
    0x60, 0x9, 0x80, 0x3f, 0xf8, 0x82, 0x67, 0xbc,
    0x2, 0x30, 0xf, 0xfe, 0x4e, 0x0, 0x5a, 0x1,
    0xff, 0xc9, 0x40, 0x9, 0x0, 0x3f, 0xf9, 0x6,
    0x20, 0x10, 0x90, 0x7, 0xff, 0x1e, 0x80, 0x39,
    0x40, 0x3f, 0xf8, 0xec, 0x1, 0xd4, 0x1, 0xff,
    0xc6, 0x70, 0xf, 0x11, 0x80, 0x7f, 0xf1, 0x6,
    0x40, 0x28, 0x0, 0xa0, 0x3, 0xff, 0x89, 0x2,
    0x0, 0x37, 0x20, 0x2, 0x20, 0x3, 0xff, 0x84,
    0x8c, 0x1, 0x40, 0x58, 0x5, 0x40, 0x1f, 0xfc,
    0x11, 0xa0, 0x9, 0x10, 0xc, 0x20, 0x1, 0x90,
    0xf, 0xfe, 0x6, 0x88, 0x5, 0x40, 0x14, 0x0,
    0x4c, 0xe0, 0x1f, 0xea, 0x30, 0xa, 0x44, 0x2,
    0x64, 0x0, 0xa1, 0x40, 0x3f, 0x52, 0x80, 0x4a,
    0xc0, 0x1d, 0x20, 0x1a, 0x98, 0x3, 0xd6, 0xa0,
    0x11, 0x50, 0x7, 0x8a, 0x40, 0x34, 0xb8, 0x4,
    0x5a, 0x80, 0x10, 0xe0, 0x7, 0xe6, 0x70, 0xd,
    0x16, 0x21, 0xe4, 0x1, 0xe, 0x8, 0x7, 0xf4,
    0x30, 0x6, 0x4a, 0xe, 0x0, 0x87, 0x8, 0x3,
    0xfe, 0x96, 0x0, 0x86, 0x80, 0xe8, 0xb, 0x8,
    0x3, 0xff, 0x83, 0x2e, 0x0, 0xd1, 0x0, 0x2c,
    0xe1, 0x0, 0x7f, 0xf0, 0xe2, 0x64, 0x60,

    /* U+5168 "全" */
    0x0, 0xff, 0x91, 0x20, 0xf, 0xfe, 0x4b, 0x5d,
    0xca, 0x1, 0xff, 0xc7, 0x39, 0x0, 0xa8, 0x80,
    0x3f, 0xf8, 0xa5, 0xa0, 0x1d, 0xe2, 0x1, 0xff,
    0xc3, 0x2c, 0x10, 0xe, 0x2c, 0x10, 0xf, 0xfe,
    0x9, 0xe0, 0x80, 0x7, 0x48, 0x0, 0x5e, 0x60,
    0x1f, 0xf3, 0xe0, 0x80, 0x7, 0xb, 0x8, 0x0,
    0x38, 0xc0, 0x1f, 0x8b, 0x20, 0x2, 0x2c, 0x20,
    0x1c, 0x20, 0xa, 0x6c, 0x80, 0x30, 0xc6, 0x98,
    0x4, 0x78, 0x40, 0x10, 0xe2, 0x0, 0x49, 0xb0,
    0x0, 0x7f, 0x70, 0xc, 0x28, 0xce, 0xfc, 0xd8,
    0x20, 0x19, 0xf9, 0xf8, 0x40, 0x38, 0x5e, 0x23,
    0xf0, 0x80, 0x70, 0xf4, 0x0, 0x4a, 0xa0, 0xf,
    0xfe, 0xa, 0xb8, 0x5, 0x3, 0x3, 0x74, 0x40,
    0x1f, 0xfc, 0x12, 0x8d, 0x48, 0x10, 0x7e, 0x40,
    0x8f, 0xfd, 0x0, 0x14, 0xff, 0xe8, 0x2, 0xb7,
    0x0, 0xff, 0xe8, 0x94, 0x47, 0xb0, 0x2, 0xd8,
    0x8f, 0x18, 0x7, 0x9d, 0xfe, 0x40, 0x9, 0x1d,
    0xfc, 0xa0, 0x1f, 0xfd, 0x31, 0x0, 0xff, 0xe2,
    0x98, 0x7, 0x93, 0xff, 0xd0, 0x1, 0x4f, 0xff,
    0x94, 0x3, 0xff, 0xa2, 0xcd, 0xfd, 0xa0, 0x16,
    0x33, 0x7f, 0x0, 0xcc, 0xff, 0x28, 0x4, 0xb3,
    0x3f, 0xc2, 0x1, 0xff, 0xcd, 0x10, 0xf, 0xfe,
    0x60,

    /* U+5173 "关" */
    0x0, 0xf8, 0x40, 0x3f, 0x88, 0x3, 0xff, 0x80,
    0x99, 0xe4, 0x1, 0xf3, 0x6d, 0x10, 0x7, 0xf3,
    0x59, 0x8f, 0x80, 0x78, 0xa4, 0x17, 0x54, 0x3,
    0xf3, 0x10, 0x0, 0xa8, 0x3, 0xb8, 0x2, 0x25,
    0x0, 0xfe, 0xf0, 0x9, 0x58, 0x2, 0x83, 0x0,
    0xbc, 0x3, 0xe1, 0x18, 0xdc, 0x0, 0x46, 0x22,
    0x57, 0x0, 0xa4, 0xc4, 0x60, 0xd, 0xdd, 0x9c,
    0x0, 0x55, 0xdc, 0xa0, 0xd, 0x3d, 0xd6, 0x0,
    0x7f, 0xfa, 0xaa, 0xbf, 0x28, 0x4, 0xf5, 0x5f,
    0x48, 0x6, 0x55, 0xfd, 0xa0, 0x16, 0x2a, 0xfc,
    0x80, 0x1f, 0xfd, 0x8, 0x8f, 0xeb, 0x0, 0xba,
    0x23, 0xf8, 0x5, 0xdf, 0xf8, 0xc0, 0x25, 0x77,
    0xfc, 0xc0, 0x1f, 0xfe, 0x71, 0xff, 0xfd, 0x40,
    0x1d, 0xbf, 0xff, 0x70, 0x7, 0xf0, 0xd8, 0x7,
    0x48, 0x7, 0xff, 0x10, 0x70, 0x40, 0x39, 0x2c,
    0x3, 0xff, 0x84, 0x9e, 0x40, 0x14, 0x80, 0x49,
    0xa4, 0x1, 0xfe, 0x2a, 0xb1, 0x0, 0xa5, 0xa4,
    0x2, 0x2d, 0x92, 0x0, 0xf2, 0xde, 0xa8, 0x6,
    0x86, 0x6, 0x90, 0xc, 0xdb, 0x6c, 0x20, 0xbd,
    0x48, 0x1, 0x86, 0xdc, 0x2, 0x6b, 0x10, 0xc,
    0x93, 0xca, 0x82, 0x1, 0xcb, 0xe8, 0x1, 0xc9,
    0xea, 0x1, 0xc2, 0xa3, 0x0, 0x12, 0xe5, 0x8,
    0x7, 0xc3, 0x5a, 0xa0, 0x14, 0x80, 0x1c, 0xe3,
    0xa8, 0xc0, 0x3f, 0xe2, 0xae, 0x95, 0x70,

    /* U+517B "养" */
    0x0, 0xff, 0xe9, 0xb, 0xf5, 0x0, 0x7d, 0x7a,
    0xc2, 0x1, 0xfe, 0x68, 0x15, 0x50, 0x7, 0x32,
    0x14, 0xc8, 0x3, 0xe4, 0x48, 0x80, 0x2b, 0x44,
    0xcb, 0x20, 0x1, 0xd4, 0x48, 0x40, 0x5, 0x77,
    0x50, 0x4, 0x37, 0x7a, 0x80, 0x21, 0xab, 0xb8,
    0x80, 0x3f, 0xf9, 0xe6, 0x7f, 0xc4, 0x1, 0x19,
    0xff, 0x8, 0x0, 0x73, 0x3f, 0x28, 0x5, 0xb9,
    0x9f, 0x88, 0x2, 0x5f, 0xff, 0x9c, 0x2, 0xef,
    0xff, 0x90, 0x3, 0xff, 0xa2, 0x23, 0xf8, 0x2,
    0x11, 0xfe, 0x0, 0xe4, 0xee, 0xf3, 0x0, 0x5f,
    0xdd, 0xf9, 0x0, 0x5, 0xff, 0xf9, 0xc0, 0x2e,
    0xff, 0xff, 0x8, 0x7, 0xff, 0x98, 0xbb, 0xb6,
    0xa0, 0x6, 0xce, 0xc0, 0xc, 0xfd, 0xdc, 0x20,
    0x23, 0x26, 0x20, 0x5, 0x26, 0x27, 0x40, 0x13,
    0xd1, 0x88, 0xc0, 0x1, 0x6d, 0xa1, 0x0, 0x91,
    0x0, 0x12, 0xb8, 0x4, 0x9b, 0x6a, 0x0, 0x9e,
    0x92, 0x0, 0xe4, 0x50, 0x8, 0x5c, 0x3, 0x92,
    0xbd, 0xfc, 0x3, 0x90, 0x2, 0x10, 0xf, 0x88,
    0x3, 0x8d, 0x88, 0x5, 0xfb, 0x40, 0x25, 0x0,
    0xfa, 0xf5, 0x80, 0x2, 0x81, 0xd7, 0xd0, 0x36,
    0x0, 0x13, 0x0, 0xfc, 0x53, 0xd3, 0x0, 0x3,
    0x40, 0x1b, 0x20, 0x3, 0x80, 0x7f, 0xc2, 0xcc,
    0x0, 0x86, 0x79, 0x0, 0x3, 0x0, 0x1f, 0xfc,
    0x51, 0x40, 0x8, 0x74, 0x40, 0x3f, 0xf8, 0xde,
    0x20, 0x9e, 0x60, 0x1f, 0xfc, 0x72, 0xab, 0xb0,
    0x80, 0x78, 0x7f, 0xe6, 0x0, 0xf0,

    /* U+5185 "内" */
    0x0, 0xff, 0x8, 0xe0, 0xf, 0xfe, 0x31, 0x77,
    0x56, 0x1, 0xff, 0xec, 0x77, 0xfd, 0x40, 0x13,
    0x3b, 0xfe, 0x21, 0x88, 0xfc, 0xe0, 0x11, 0xc4,
    0x7e, 0x40, 0xf, 0xff, 0x33, 0x7f, 0xeb, 0x0,
    0x9b, 0xff, 0x60, 0x7, 0xff, 0x4, 0x40, 0x2e,
    0x0, 0xff, 0xe3, 0x60, 0x4, 0x60, 0x1f, 0xfc,
    0x67, 0x0, 0xb8, 0x3, 0xff, 0x8a, 0xc2, 0x1,
    0x2d, 0x80, 0x7f, 0xf0, 0xc6, 0x0, 0x39, 0x2c,
    0x3, 0xff, 0x85, 0xa2, 0x0, 0x10, 0x9, 0x30,
    0x40, 0x3f, 0xc3, 0x86, 0x1, 0x65, 0x0, 0x47,
    0x8c, 0x1, 0xf8, 0xb0, 0xc0, 0x2a, 0x25, 0xa0,
    0x8, 0xa8, 0x3, 0xf3, 0x10, 0x4, 0xea, 0x0,
    0x5a, 0x0, 0x98, 0x3, 0xf2, 0x38, 0x1, 0xe0,
    0x3, 0x2d, 0x3, 0x50, 0x7, 0xf4, 0x1c, 0xc0,
    0x7, 0x96, 0xe4, 0x3, 0xfe, 0xc6, 0x0, 0xfc,
    0x80, 0x1f, 0xfc, 0xc7, 0x0, 0xff, 0xe3, 0x34,
    0x45, 0x20, 0x1f, 0xfc, 0x6c, 0x77, 0x88, 0x2,
    0x20, 0xf, 0xfe, 0x16, 0x80, 0x7c, 0xa0, 0x1f,
    0xfc, 0x23, 0x0, 0xc2, 0x76, 0x22, 0xee, 0xa4,
    0x3, 0xf9, 0x3f, 0xf7, 0x62, 0x0,

    /* U+5199 "写" */
    0x0, 0xff, 0xe7, 0x47, 0xff, 0xff, 0x29, 0x0,
    0x3f, 0xfd, 0x45, 0x33, 0xff, 0xc3, 0x50, 0xf,
    0xc2, 0xb9, 0x91, 0x33, 0x7f, 0xb4, 0x3, 0xfa,
    0xd5, 0x61, 0x1f, 0xf8, 0x3, 0xd7, 0x54, 0x82,
    0x0, 0xab, 0xbb, 0xfd, 0x17, 0x72, 0x81, 0xaa,
    0x91, 0xc0, 0x3f, 0xf8, 0x68, 0x90, 0x80, 0x71,
    0x0, 0x7f, 0xf2, 0xc4, 0x2, 0x6f, 0xff, 0xfe,
    0x0, 0x7, 0xe5, 0x0, 0x84, 0x8b, 0xff, 0x84,
    0x1, 0xe2, 0x0, 0x9f, 0x77, 0xff, 0x84, 0x20,
    0x1d, 0xe0, 0x1f, 0xfc, 0x61, 0x0, 0xe2, 0x0,
    0xff, 0xe6, 0x5f, 0xff, 0xff, 0x9, 0x0, 0x3c,
    0xab, 0xff, 0xc4, 0x40, 0x70, 0x0, 0x80, 0xa,
    0xab, 0xff, 0x89, 0x20, 0x20, 0x3, 0x0, 0xff,
    0xe4, 0x90, 0x0, 0x40, 0x3f, 0xf8, 0xe2, 0x1,
    0x9c, 0x0, 0x5f, 0xff, 0xfc, 0x4c, 0x40, 0x8,
    0x40, 0x3f, 0xf8, 0x42, 0x89, 0x2b, 0xd0, 0x4,
    0x40, 0x1f, 0xfc, 0x23, 0xbb, 0xaa, 0x4, 0x2,
    0xb0, 0xf, 0xfe, 0x11, 0x0, 0x7e, 0x43, 0x0,
    0xff, 0xe1, 0x98, 0x6, 0x13, 0x8b, 0x0, 0x80,

    /* U+51B7 "冷" */
    0x0, 0xff, 0xe0, 0x89, 0x98, 0x40, 0x3f, 0xf8,
    0x2, 0x1, 0xfd, 0x59, 0x8f, 0x0, 0xff, 0x36,
    0x70, 0x7, 0xe4, 0x40, 0x0, 0x60, 0x3, 0xf2,
    0x49, 0x83, 0x0, 0x78, 0x68, 0x3, 0x39, 0x80,
    0x7c, 0x82, 0x0, 0xa0, 0xf, 0x50, 0x80, 0x76,
    0x88, 0x7, 0xcc, 0x0, 0x33, 0x0, 0x69, 0x40,
    0x1, 0x28, 0x0, 0x74, 0x3, 0xea, 0x0, 0xac,
    0x2, 0x96, 0x0, 0xba, 0x88, 0x0, 0x78, 0x20,
    0x1c, 0x44, 0x0, 0x28, 0x2, 0x98, 0x2, 0xa3,
    0xf, 0x0, 0x8f, 0x8, 0x3, 0x94, 0x0, 0x4b,
    0x8a, 0x1, 0x48, 0xe9, 0x13, 0x0, 0x22, 0xd6,
    0x0, 0xd6, 0x1, 0x51, 0x80, 0x54, 0x16, 0x5e,
    0x27, 0x60, 0x1a, 0x6c, 0x2, 0x35, 0xae, 0x10,
    0xa, 0xd4, 0x40, 0x5, 0xa0, 0x9a, 0x20, 0x11,
    0x0, 0x6a, 0x51, 0xd0, 0x2d, 0x40, 0x75, 0x0,
    0x1c, 0x1, 0x7a, 0x0, 0xc0, 0x7, 0xc7, 0x58,
    0x40, 0x15, 0x18, 0x2c, 0x0, 0x6, 0xe6, 0xc4,
    0x3, 0x2a, 0x84, 0x1d, 0xcc, 0xdc, 0x85, 0x8c,
    0xdc, 0xa, 0x1, 0xd1, 0x5d, 0x8f, 0x33, 0xe7,
    0x29, 0x9f, 0x40, 0x7, 0x11, 0x0, 0xc, 0x1,
    0xff, 0xc9, 0x40, 0xb, 0xc4, 0x7f, 0xe0, 0xf,
    0xf6, 0x80, 0x48, 0x8e, 0xe5, 0x77, 0x7a, 0x0,
    0x35, 0x80, 0x72, 0x0, 0xc, 0x40, 0x11, 0x76,
    0x20, 0x9, 0xe4, 0x2, 0xa5, 0x0, 0xca, 0x1,
    0x58, 0x0, 0xdc, 0x13, 0x60, 0x26, 0x0, 0x2a,
    0x50, 0xe, 0xf0, 0x9, 0x40, 0xc, 0x20, 0x13,
    0xfb, 0x0, 0x56, 0xa0, 0x1e, 0x40, 0x0, 0x90,
    0x1, 0x7d, 0x40, 0x3e, 0xb4, 0x0, 0xf2, 0x8,
    0x1, 0xc0, 0x30, 0xd5, 0x90, 0x7, 0x18, 0x7,
    0xda, 0x1, 0x68, 0x7, 0x93, 0x5c, 0x3, 0x46,
    0x8, 0x7, 0x4d, 0xb1, 0xa0, 0x7, 0xe8, 0xd3,
    0x0, 0x9c, 0x40, 0x3c, 0x93, 0x80, 0x1f, 0xe2,
    0xc9, 0x0, 0x48, 0x7, 0xff, 0x29, 0xba, 0x88,
    0x3, 0xc0,

    /* U+51FA "出" */
    0x0, 0xfe, 0x12, 0x28, 0x3, 0xff, 0x8f, 0xbb,
    0x88, 0x3, 0xff, 0xab, 0x9f, 0xeb, 0x0, 0xff,
    0xe0, 0xff, 0xd2, 0x0, 0x10, 0x3, 0x80, 0x7f,
    0xff, 0xc0, 0x3f, 0xfb, 0x65, 0x11, 0x88, 0x2,
    0xb8, 0x8c, 0x1, 0xfc, 0x2e, 0xf8, 0x40, 0x26,
    0x77, 0xc0, 0x1f, 0xfe, 0x8d, 0xff, 0xf8, 0xc0,
    0x2d, 0xff, 0xfa, 0x40, 0x8c, 0xe0, 0xf, 0xfe,
    0x19, 0x9c, 0x37, 0x99, 0x8, 0x7, 0xff, 0x5,
    0x33, 0x27, 0x0, 0xff, 0xff, 0x80, 0x7f, 0xf8,
    0x3b, 0xff, 0x18, 0x5, 0xbf, 0xfa, 0xc0, 0x3f,
    0xfc, 0xd8, 0xef, 0xff, 0xc5, 0x50, 0xc, 0xb1,
    0x1f, 0xfc, 0x5e, 0x0, 0xc0,

    /* U+51FB "击" */
    0x0, 0xff, 0xe, 0xec, 0xe0, 0x1f, 0xfc, 0x83,
    0x22, 0xb8, 0x3, 0xff, 0xb2, 0xb1, 0x1f, 0x58,
    0x4, 0xb1, 0x1f, 0x84, 0x2, 0xf7, 0x7f, 0x98,
    0x2, 0x37, 0x7f, 0xc6, 0x1, 0xff, 0xe9, 0xaf,
    0xff, 0xb4, 0x2, 0x6f, 0xff, 0xc4, 0x1, 0xff,
    0xe7, 0x6f, 0xff, 0xed, 0x0, 0x9b, 0xff, 0xfb,
    0x40, 0x3f, 0xf9, 0x86, 0x1, 0xff, 0xcd, 0x57,
    0x7f, 0xe6, 0x0, 0x8d, 0xdf, 0xfa, 0x4e, 0x26,
    0xee, 0x88, 0xd6, 0x1, 0x2c, 0x46, 0x9b, 0xba,
    0x1c, 0x1, 0x19, 0x90, 0x80, 0x7f, 0xf0, 0x23,
    0x32, 0x10, 0xf, 0xff, 0xf8, 0x7, 0xff, 0x52,
    0x5d, 0xea, 0x0, 0x95, 0xdf, 0x28, 0x7, 0xfc,
    0xf1, 0x13, 0x80, 0x47, 0x11, 0x8c, 0x3, 0xff,
    0xdb, 0x3f, 0xff, 0xfc, 0x46, 0x0, 0xe0,

    /* U+5206 "分" */
    0x0, 0xff, 0xe2, 0x8, 0x7, 0xff, 0xc, 0x69,
    0x40, 0x32, 0xdf, 0x28, 0x7, 0xff, 0xa, 0x56,
    0xb8, 0xc0, 0x69, 0x2, 0x40, 0x3f, 0xf8, 0x22,
    0xe0, 0x11, 0x80, 0xa8, 0x0, 0xcc, 0x1, 0xff,
    0xc0, 0xa0, 0x9, 0x80, 0x29, 0x0, 0xbc, 0x3,
    0xfe, 0x64, 0x0, 0xc, 0x0, 0x46, 0x80, 0x3,
    0x70, 0xf, 0xe2, 0x90, 0xa, 0xc0, 0x3a, 0x40,
    0x28, 0x30, 0xf, 0x8b, 0x0, 0x24, 0x50, 0xe,
    0x27, 0x0, 0xb4, 0x80, 0x38, 0x7c, 0x40, 0x3,
    0x40, 0x1f, 0x41, 0x80, 0x7, 0xc, 0x2, 0x3f,
    0x20, 0xa, 0x84, 0x3, 0xf7, 0x8, 0x0, 0x71,
    0x41, 0x70, 0x40, 0x28, 0x40, 0xf, 0xe2, 0xa0,
    0xd, 0x52, 0x40, 0x1d, 0x1f, 0xff, 0xf5, 0x80,
    0x70, 0xb8, 0x80, 0x8, 0x3, 0xff, 0x88, 0x20,
    0x9, 0x8, 0xb, 0x50, 0xf, 0xfe, 0x27, 0x9b,
    0x88, 0x36, 0xa6, 0x44, 0xc, 0x2, 0x88, 0xf1,
    0x0, 0x43, 0x90, 0x1, 0x10, 0x23, 0xbc, 0x1,
    0x3b, 0xf8, 0x40, 0x2, 0x1, 0xff, 0x28, 0x0,
    0x80, 0x3c, 0x40, 0x2, 0x0, 0xff, 0x8, 0x80,
    0xc, 0x1, 0xe1, 0x0, 0x38, 0x7, 0xf9, 0x80,
    0x23, 0x0, 0xfe, 0x10, 0xf, 0xf4, 0x80, 0x58,
    0x1, 0xc2, 0x1, 0x18, 0x7, 0xf5, 0x88, 0x0,
    0x90, 0x3, 0x88, 0x2, 0x10, 0xf, 0xd6, 0x80,
    0x14, 0x0, 0x79, 0x40, 0x2e, 0x0, 0xf2, 0xf2,
    0x0, 0x4c, 0xa0, 0xef, 0xa6, 0x40, 0x11, 0x0,
    0x76, 0x50, 0x80, 0x49, 0x20, 0x8, 0x8c, 0xc0,
    0x19, 0x40, 0x3a, 0xc0, 0x33, 0x58, 0x4, 0x60,
    0x1f, 0x38, 0x80, 0x73, 0xa0, 0x2, 0x64, 0x1,
    0x94, 0x3, 0x9, 0xcc, 0x0, 0x7d, 0x4b, 0xac,
    0x1, 0xd3, 0xff, 0xbb, 0x18, 0x3, 0xc0,

    /* U+5207 "切" */
    0x0, 0x37, 0x74, 0x20, 0x1f, 0xfc, 0x81, 0x18,
    0x2, 0x5c, 0xcf, 0xfe, 0xd, 0x80, 0x7f, 0x11,
    0x9f, 0xff, 0x5, 0x40, 0x3f, 0xfa, 0xa2, 0x1,
    0xff, 0xc1, 0x30, 0xf, 0xe7, 0xff, 0x48, 0x5,
    0x9f, 0xf1, 0x0, 0x70, 0x80, 0x55, 0xbf, 0xa0,
    0x1, 0x0, 0x84, 0x3, 0xc3, 0x7f, 0x0, 0x12,
    0x10, 0x8, 0x7, 0xf8, 0xc0, 0x27, 0x0, 0xff,
    0xbc, 0x2, 0x30, 0xf, 0x3b, 0x0, 0x7c, 0x4e,
    0x0, 0x10, 0x8, 0x40, 0x21, 0x0, 0x8c, 0x88,
    0x1, 0x67, 0xed, 0x0, 0xc, 0x3, 0xfc, 0x33,
    0xb6, 0x1, 0x10, 0x7, 0x8, 0x0, 0x40, 0x3e,
    0x30, 0xf, 0xfe, 0x3, 0x0, 0xc, 0x3, 0xff,
    0x90, 0x60, 0x6, 0x0, 0x84, 0x2, 0x10, 0xf,
    0xf8, 0x44, 0x0, 0x20, 0x8, 0xc0, 0x3f, 0xf8,
    0x12, 0xc0, 0xa0, 0x17, 0x0, 0x7d, 0xe0, 0x1e,
    0x2d, 0x6f, 0xc, 0x0, 0x90, 0x2, 0x10, 0xf,
    0xf6, 0x10, 0x20, 0x28, 0x4, 0x60, 0x1f, 0x8,
    0x0, 0x40, 0x3c, 0x4a, 0x40, 0x4, 0x0, 0xce,
    0x1, 0xea, 0x0, 0xe3, 0xd8, 0x0, 0xbc, 0x3,
    0x8, 0x4, 0x60, 0x3, 0x0, 0xcf, 0x96, 0x40,
    0x2, 0x40, 0xd, 0x80, 0x10, 0x80, 0x24, 0x0,
    0x37, 0xe, 0xc0, 0x14, 0x15, 0xdd, 0xac, 0x1,
    0x30, 0x1, 0xc5, 0x3d, 0x1e, 0x0, 0x24, 0x53,
    0x44, 0x88, 0x3, 0x10, 0x5, 0x96, 0x21, 0xe0,
    0x11, 0x50, 0x8, 0x80, 0x3d, 0x0, 0x18, 0x80,
    0x28, 0xa0, 0x7, 0x88, 0x1, 0x40, 0x21, 0x39,
    0x70, 0xf, 0xe5, 0xcb, 0x20, 0xa, 0xff, 0xee,
    0xc6, 0x0, 0x0,

    /* U+5224 "判" */
    0x0, 0xe1, 0xdd, 0x98, 0x3, 0xfc, 0xd5, 0x49,
    0x0, 0x31, 0x80, 0x8, 0xa1, 0x2, 0x60, 0xf,
    0xbd, 0x54, 0xe9, 0xb3, 0xc0, 0x1f, 0x44, 0xf2,
    0x0, 0x7f, 0x31, 0x1, 0x30, 0x7, 0x1a, 0x80,
    0x87, 0x7f, 0xa4, 0x3, 0x89, 0x80, 0x10, 0x60,
    0x1b, 0xc0, 0x8, 0x80, 0xf, 0xf4, 0x0, 0x6,
    0x80, 0x2a, 0x30, 0x4, 0x80, 0x7f, 0xc2, 0xc0,
    0x2, 0x0, 0x8c, 0x0, 0xc4, 0x1, 0xff, 0xc0,
    0x85, 0xdb, 0x0, 0xa7, 0x16, 0x0, 0x3f, 0xf8,
    0x8, 0xda, 0xb2, 0x1, 0x62, 0x6b, 0x20, 0x7,
    0xfd, 0xd1, 0x13, 0x80, 0x49, 0x11, 0x70, 0x7,
    0xff, 0x5c, 0xc4, 0x70, 0x6, 0x11, 0x8c, 0x3,
    0xfe, 0x9e, 0xeb, 0xc0, 0x28, 0xee, 0xa4, 0x3,
    0xff, 0x86, 0x60, 0x1f, 0xfc, 0x64, 0xaa, 0xd2,
    0x1, 0x5d, 0x56, 0x0, 0xff, 0x12, 0xae, 0x40,
    0x8, 0xd5, 0x70, 0x80, 0x7f, 0xf5, 0x49, 0x13,
    0x8, 0x4, 0x89, 0xc2, 0x1, 0xfc, 0x97, 0x78,
    0x2, 0x2b, 0xbe, 0x5, 0x33, 0x70, 0x7, 0xf2,
    0x88, 0x1, 0x40, 0x3d, 0x79, 0x87, 0x0, 0xfc,
    0x36, 0x1, 0x50, 0x7, 0xff, 0x14, 0x70, 0x40,
    0x8, 0x40, 0x1e, 0x29, 0x9a, 0x98, 0x3, 0xe,
    0x10, 0x5, 0x20, 0x1f, 0x99, 0xa5, 0x0, 0x8c,
    0x10, 0x80, 0x2a, 0x20, 0xf, 0x88, 0x40, 0x3d,
    0x40, 0xb8, 0x41, 0x2a, 0x1, 0xfc, 0xa0, 0x18,
    0xa1, 0xc0, 0x7, 0x94, 0xc0, 0x1f, 0xeb, 0xff,
    0xda, 0xe0,

    /* U+522B "别" */
    0x0, 0x84, 0x7f, 0xe0, 0xf, 0xa6, 0xa8, 0xc0,
    0x6, 0xee, 0xff, 0x98, 0x3, 0xce, 0xaa, 0xf0,
    0xf, 0xfe, 0x20, 0x8c, 0x1, 0xff, 0xca, 0xee,
    0x98, 0x3, 0xfc, 0x3b, 0xbc, 0x1, 0xff, 0xc8,
    0x22, 0xe0, 0xf, 0xff, 0x0, 0xff, 0xf0, 0x7,
    0xff, 0xd9, 0xee, 0xc4, 0x0, 0x5b, 0xbe, 0x70,
    0xf, 0xfe, 0x0, 0xa2, 0x0, 0x2d, 0x44, 0xe1,
    0x0, 0xff, 0x8d, 0xde, 0x30, 0x6, 0x3b, 0xf2,
    0x80, 0x7f, 0xc9, 0x11, 0x8, 0x1, 0x22, 0x3b,
    0x80, 0x3f, 0xfb, 0x2, 0x45, 0x0, 0x44, 0x50,
    0x4, 0x20, 0x1f, 0xf3, 0x6e, 0xb8, 0x2, 0xfd,
    0xd2, 0x80, 0xc, 0x3, 0xff, 0x84, 0x80, 0x11,
    0x0, 0x4, 0x3, 0xff, 0x8b, 0x60, 0x3, 0x0,
    0x9c, 0x0, 0x21, 0x77, 0x38, 0x7, 0xe2, 0x30,
    0x2, 0x0, 0x7e, 0x44, 0x84, 0x3, 0xf4, 0x80,
    0x54, 0x1, 0x10, 0x3, 0xc0, 0x3c, 0x20, 0x1c,
    0xe8, 0x0, 0x60, 0x33, 0x40, 0x80, 0x4, 0x22,
    0xee, 0xd0, 0xe, 0x48, 0x0, 0xc, 0x7e, 0x61,
    0xc0, 0x25, 0x1, 0x44, 0x88, 0x2, 0xe0, 0x90,
    0xa, 0x85, 0xc0, 0x38, 0xcc, 0x1e, 0x1, 0xf2,
    0x86, 0xb8, 0x42, 0x6, 0x80, 0x44, 0xfa, 0x0,
    0x50, 0xc, 0x29, 0x84, 0x0, 0x8e, 0x70, 0x3,
    0xff, 0xdb, 0x2, 0x0, 0x3f, 0xfd, 0xd6, 0x60,

    /* U+524D "前" */
    0x0, 0xfc, 0x40, 0x1f, 0x8, 0x80, 0x3f, 0xf8,
    0xf, 0x9f, 0xa6, 0x1, 0xec, 0xed, 0xa1, 0x0,
    0xff, 0x18, 0x3, 0xc0, 0x39, 0xc8, 0x9, 0x84,
    0x3, 0xa, 0x26, 0x20, 0x8, 0xdd, 0x12, 0x58,
    0x0, 0xad, 0x13, 0x19, 0x5d, 0xea, 0x0, 0xd1,
    0x77, 0x50, 0x6, 0x8b, 0xbd, 0xe0, 0x1f, 0xfe,
    0x57, 0x3f, 0xff, 0xfe, 0x5d, 0x80, 0x22, 0x67,
    0xfc, 0x60, 0x1e, 0xff, 0x94, 0x2, 0x66, 0xff,
    0xe0, 0x7, 0x7f, 0x90, 0x3, 0xff, 0xb0, 0x4a,
    0xb8, 0x3, 0xff, 0x91, 0x55, 0xc0, 0x1f, 0xfc,
    0x89, 0xdd, 0xc0, 0x1f, 0xfc, 0x81, 0x22, 0xc0,
    0x1f, 0xfe, 0x17, 0xee, 0xc0, 0x1f, 0xfc, 0x82,
    0x44, 0xc0, 0x1f, 0xfc, 0x85, 0xaa, 0xc0, 0x1f,
    0xfe, 0x13, 0x66, 0xc0, 0x1c, 0x42, 0x27, 0x0,
    0xff, 0xae, 0x67, 0x0, 0x76, 0x77, 0xc, 0x3,
    0xff, 0x82, 0x44, 0x40, 0xe, 0x26, 0x6a, 0x40,
    0x3f, 0xe3, 0xdd, 0x58, 0x4, 0x20, 0x33, 0x33,
    0x0, 0x4c, 0x1, 0xf1, 0x80, 0x79, 0x40, 0xc0,
    0x3c, 0x26, 0x1, 0xf8, 0xc0, 0x21, 0x91, 0x0,
    0x10, 0x4, 0x27, 0xa0, 0x1b, 0xfb, 0x8e, 0x19,
    0xdd, 0x98, 0x2, 0xdf, 0xfb, 0xb0, 0xc0, 0x0,

    /* U+529F "功" */
    0x0, 0xff, 0xe1, 0x8, 0x80, 0x3f, 0xf9, 0x3b,
    0xdd, 0x0, 0x7f, 0xf4, 0xc6, 0xef, 0xf5, 0x0,
    0x78, 0xc0, 0x3f, 0x22, 0x7f, 0x0, 0x46, 0x1,
    0xff, 0xdf, 0x34, 0xff, 0x8, 0x0, 0xbf, 0xfe,
    0x1f, 0xf4, 0x80, 0x53, 0xfa, 0x1, 0xff, 0xc1,
    0x10, 0xf, 0xfe, 0xb3, 0x34, 0x1, 0x13, 0x34,
    0x20, 0x3, 0x0, 0xff, 0x14, 0xc0, 0x4, 0xf3,
    0x32, 0x80, 0x7f, 0xf0, 0xcc, 0x2, 0x30, 0x9,
    0xc0, 0x2, 0x1, 0xff, 0xc0, 0x10, 0xb, 0x80,
    0x3f, 0xf8, 0xee, 0x1, 0x8, 0x4, 0x20, 0x7,
    0x0, 0xff, 0xe0, 0x8, 0x4, 0x40, 0x1f, 0xfc,
    0x72, 0x0, 0x98, 0x2, 0x30, 0x0, 0x80, 0x7f,
    0xf0, 0x34, 0x2, 0x20, 0x8, 0x40, 0x6, 0x1,
    0xf6, 0x46, 0x90, 0x20, 0x0, 0x80, 0x3f, 0xc3,
    0xe0, 0x12, 0xb9, 0x31, 0x88, 0x1, 0x40, 0x3e,
    0x17, 0xee, 0x30, 0x7, 0x86, 0x0, 0x2c, 0x0,
    0xfd, 0xe2, 0x1, 0xfb, 0xd0, 0x0, 0x28, 0x1,
    0x10, 0x5, 0xf8, 0x1, 0xc4, 0xb3, 0x88, 0x1,
    0x48, 0x6, 0x70, 0x8, 0x54, 0xd, 0xab, 0xb6,
    0x9a, 0x4, 0x0, 0x2c, 0xef, 0x4d, 0x80, 0x46,
    0x3d, 0x92, 0xa2, 0x0, 0xa4, 0x0, 0xac, 0x62,
    0x26, 0x10, 0x9, 0xc0, 0x40, 0x38, 0x5c, 0x2,
    0x65, 0x3, 0x0, 0xf2, 0x10, 0x7, 0xc3, 0x88,
    0x7, 0x20, 0x5, 0x0, 0xc4, 0xf6, 0x1, 0xfc,
    0x37, 0x1a, 0x1, 0x4f, 0xfe, 0xd8, 0x0, 0x0,

    /* U+52A0 "加" */
    0x0, 0x8e, 0x66, 0x0, 0xff, 0xe4, 0x2b, 0x34,
    0x20, 0x1f, 0xfc, 0x71, 0x0, 0x84, 0x3, 0xd3,
    0x3f, 0xd0, 0x1, 0xff, 0xc1, 0x16, 0x6f, 0xf1,
    0x4c, 0xac, 0x2, 0x99, 0xe6, 0x0, 0xff, 0x85,
    0x98, 0x60, 0x13, 0x37, 0x60, 0x7, 0xff, 0x2c,
    0xc0, 0x35, 0x77, 0x20, 0x3, 0xff, 0x92, 0x22,
    0x0, 0xc7, 0xfe, 0x60, 0x1, 0x7f, 0x88, 0x3,
    0xff, 0x8a, 0x60, 0x1c, 0x60, 0x1f, 0xfc, 0x51,
    0x0, 0x8, 0x7, 0x8, 0x7, 0xff, 0x9, 0xc0,
    0xe, 0x1, 0xff, 0xc8, 0x10, 0x0, 0x80, 0x4,
    0x3, 0xff, 0x8a, 0x60, 0x3, 0x0, 0xef, 0x0,
    0xff, 0xe1, 0x8, 0x3, 0x80, 0x3f, 0xf8, 0xe6,
    0x1, 0x10, 0x7, 0xff, 0x1d, 0x40, 0x27, 0x1,
    0x0, 0xff, 0xe2, 0xe0, 0x4, 0x40, 0x1c, 0x20,
    0x1f, 0xfc, 0x15, 0x0, 0x20, 0x7, 0xfc, 0x46,
    0x6e, 0x0, 0xce, 0x1, 0x60, 0x0, 0xc0, 0x3f,
    0x46, 0x61, 0x80, 0x34, 0x80, 0x4a, 0x0, 0x10,
    0x8, 0xc0, 0x3f, 0xe8, 0x10, 0x2, 0x2d, 0xdb,
    0x40, 0x21, 0x0, 0xff, 0x8c, 0x2, 0xff, 0x22,
    0x4, 0x2, 0x60, 0xd, 0x19, 0x86, 0x0, 0xac,
    0x80, 0xd3, 0x0, 0x38, 0xc8, 0x3, 0x11, 0x9b,
    0x80, 0x37, 0x8f, 0x82, 0x80, 0x44, 0xda, 0x2,
    0x45, 0x8, 0x0, 0x8a, 0x50, 0x2c, 0x30, 0x1f,
    0xfb, 0x64, 0x40, 0x1b, 0xb2, 0x0, 0x17, 0x75,
    0x60,

    /* U+52A8 "动" */
    0x0, 0xff, 0xe1, 0x3f, 0x72, 0x40, 0x3f, 0x13,
    0xbf, 0xf1, 0x0, 0x38, 0x44, 0x60, 0x1f, 0x9e,
    0x23, 0xf9, 0xc0, 0x3f, 0xfc, 0xe2, 0x60, 0x10,
    0x8f, 0x80, 0xb, 0xff, 0xfc, 0xaf, 0xca, 0x0,
    0x5e, 0xef, 0x10, 0x7, 0xff, 0x94, 0xe7, 0xff,
    0xfd, 0xcd, 0x66, 0x0, 0x5b, 0xb5, 0x0, 0x7f,
    0xf1, 0x5, 0x1c, 0x1, 0xa8, 0x90, 0x4, 0x20,
    0x1f, 0xfc, 0x27, 0x0, 0xe3, 0x0, 0xda, 0xee,
    0x50, 0x9, 0x1d, 0xe9, 0x0, 0xe1, 0x0, 0xf9,
    0x22, 0x4, 0x1, 0x4c, 0x44, 0xe0, 0x1, 0x0,
    0x18, 0x0, 0x40, 0x3e, 0x50, 0x1, 0x11, 0x6d,
    0x0, 0x23, 0x0, 0x8, 0x1, 0xc0, 0x3c, 0x84,
    0x0, 0x5b, 0xa4, 0xe0, 0x8, 0x40, 0xe, 0x1,
    0xc2, 0x1, 0x70, 0x5, 0x5a, 0x0, 0x51, 0x0,
    0xe1, 0x0, 0x8, 0x7, 0x12, 0x80, 0xc, 0x98,
    0x2, 0x60, 0x20, 0x8, 0xc0, 0x38, 0xc0, 0x16,
    0x1, 0x50, 0x1, 0x40, 0x14, 0xe, 0x0, 0x11,
    0x0, 0xc, 0x3, 0x13, 0x0, 0x5, 0x10, 0xc2,
    0x0, 0x23, 0xd0, 0x1, 0x0, 0x42, 0x0, 0x10,
    0xa0, 0x8, 0x76, 0xe5, 0x0, 0x2a, 0x50, 0x2,
    0x0, 0x7e, 0xd0, 0xf, 0xf9, 0x88, 0x1, 0x60,
    0x16, 0x80, 0x1c, 0x10, 0x3, 0xf0, 0x80, 0x70,
    0xd4, 0xca, 0xd4, 0x0, 0x20, 0x24, 0x44, 0x68,
    0xbd, 0xfe, 0x83, 0x0, 0xa1, 0x19, 0x88, 0x1,
    0x10, 0x3, 0x75, 0x72, 0xe8, 0x40, 0x3, 0x30,
    0x0, 0x59, 0xc0, 0x3d, 0x40, 0x1f, 0xf2, 0x40,
    0x2, 0xc3, 0x40, 0x21, 0x4b, 0x20, 0xf, 0xfe,
    0x3, 0xeb, 0xa8, 0x3f, 0xfd, 0xd6, 0x80, 0x0,

    /* U+5316 "化" */
    0x0, 0xf9, 0x8c, 0x3, 0x19, 0xc4, 0x1, 0xff,
    0xc3, 0x39, 0xce, 0x60, 0x1c, 0xcb, 0x80, 0x3f,
    0xf8, 0x74, 0x0, 0x10, 0xf, 0xfe, 0x53, 0x80,
    0x4c, 0x1, 0xff, 0xc8, 0x61, 0x0, 0x30, 0x7,
    0xfc, 0xbc, 0x40, 0x1f, 0x40, 0x5, 0x60, 0x1f,
    0xe3, 0xa1, 0xc2, 0x0, 0xe6, 0x10, 0x2, 0x90,
    0x7, 0xf1, 0xe0, 0x0, 0x78, 0x3, 0xac, 0x2,
    0x90, 0xf, 0xe3, 0xd0, 0x8, 0x78, 0x3, 0x39,
    0x0, 0x44, 0x1, 0xf8, 0xf0, 0x40, 0x3, 0x84,
    0x1, 0xc, 0x0, 0x7f, 0xf0, 0xb, 0x0, 0x36,
    0x90, 0x6, 0xb0, 0xf, 0xfe, 0x8, 0x80, 0x6c,
    0x30, 0xc, 0xaa, 0x0, 0xff, 0xe2, 0xe, 0x98,
    0x6, 0x1a, 0x0, 0xff, 0x10, 0x7, 0x1f, 0x90,
    0x7, 0x8, 0x80, 0x3f, 0xa3, 0x0, 0x32, 0x60,
    0x80, 0x7c, 0xc0, 0x4, 0x0, 0xc9, 0xae, 0x1,
    0x8a, 0xc0, 0x3f, 0xa8, 0x24, 0xc0, 0x2a, 0xb2,
    0x0, 0xe1, 0x0, 0xff, 0x14, 0x30, 0x6, 0x20,
    0xf, 0xfe, 0x3, 0x75, 0x30, 0x4, 0xe0, 0x1d,
    0x62, 0x3, 0x0, 0x1f, 0xc2, 0xb2, 0x20, 0x1f,
    0x8e, 0xd7, 0xd8, 0x3, 0xff, 0x94, 0xb4, 0x20,
    0x1f, 0xc2, 0x1, 0xff, 0xc8, 0x10, 0xd, 0xe0,
    0x1f, 0xfc, 0x41, 0x0, 0x8b, 0x2a, 0x96, 0xe0,
    0x1f, 0xfc, 0x51, 0x0, 0x8d, 0x54, 0x80, 0x10,
    0x88, 0x3, 0xff, 0x82, 0xc0, 0x1f, 0xe6, 0x0,
    0xff, 0xe1, 0x43, 0x90, 0x7, 0x8a, 0x20, 0x0,

    /* U+533A "区" */
    0xf, 0xff, 0xfe, 0x4d, 0x80, 0x7f, 0xfa, 0x45,
    0x57, 0xff, 0x80, 0x48, 0xab, 0x60, 0x7, 0x2d,
    0x52, 0xda, 0x2a, 0xbd, 0x4, 0xd1, 0x54, 0x70,
    0xf, 0x87, 0xf, 0xc, 0x3, 0xf, 0x81, 0x6a,
    0x0, 0x7f, 0x59, 0x0, 0xe2, 0x0, 0x54, 0x40,
    0x1, 0x50, 0xf, 0xe8, 0x10, 0xa, 0xd0, 0x29,
    0x0, 0x2a, 0x10, 0xf, 0xe2, 0xf2, 0x0, 0xae,
    0x94, 0x2, 0x84, 0x0, 0xff, 0x87, 0x8, 0x2,
    0x50, 0x9, 0x9c, 0x3, 0xff, 0x82, 0x38, 0x40,
    0x1c, 0xb2, 0x1, 0xff, 0xc3, 0x15, 0x0, 0xec,
    0x0, 0xff, 0xe2, 0x43, 0x80, 0x74, 0xa8, 0x7,
    0xff, 0xa, 0x5c, 0x3, 0xea, 0x50, 0xf, 0xf8,
    0x71, 0x80, 0x23, 0xc1, 0x0, 0xa9, 0x40, 0x3f,
    0x8f, 0xcc, 0x2, 0x4c, 0x3c, 0x10, 0xa, 0x94,
    0x3, 0xf0, 0x88, 0x2, 0x4b, 0x0, 0x16, 0x8,
    0x5, 0x0, 0x1f, 0x8a, 0x80, 0xf, 0x60, 0x18,
    0xb4, 0x0, 0x3e, 0x1, 0xfc, 0xad, 0x50, 0x1,
    0xe3, 0xc2, 0xc2, 0x0, 0xf9, 0xa2, 0x3, 0xb1,
    0x1f, 0xad, 0x6a, 0x22, 0x10, 0xc, 0x4e, 0xff,
    0xfc, 0x62, 0x0, 0xff, 0xf2, 0xff, 0xff, 0xf2,
    0x8c,

    /* U+5355 "单" */
    0x0, 0xff, 0xe9, 0xc7, 0x28, 0x7, 0xdb, 0x6a,
    0x1, 0xff, 0x73, 0x8d, 0x18, 0x7, 0x49, 0x25,
    0x40, 0x7, 0xfa, 0xc0, 0x2d, 0x20, 0x9, 0x58,
    0x0, 0x50, 0x1, 0xf1, 0x19, 0x99, 0x40, 0xa,
    0x26, 0x64, 0xa0, 0xa, 0xc, 0xe0, 0xe, 0x9c,
    0xc9, 0x40, 0x9, 0x99, 0x58, 0x6, 0xac, 0xc9,
    0x40, 0x3f, 0xfa, 0xa2, 0x38, 0x3, 0x8, 0xf0,
    0x7, 0xfc, 0x3d, 0xd9, 0x80, 0x2d, 0xee, 0xac,
    0x3, 0xfe, 0x1b, 0xbc, 0x80, 0x17, 0xdd, 0xd2,
    0x1, 0xff, 0xc0, 0x44, 0xc4, 0x1, 0x1a, 0x24,
    0x60, 0x1f, 0xfd, 0x81, 0xff, 0xcc, 0x1, 0x67,
    0xfd, 0x40, 0x1f, 0xfd, 0x81, 0xff, 0xcc, 0x1,
    0x67, 0xfd, 0x40, 0x1f, 0xfe, 0xea, 0xdd, 0xf9,
    0x40, 0x2b, 0xdd, 0xf9, 0x40, 0x30, 0x91, 0x7c,
    0x60, 0x13, 0x91, 0x7c, 0x1, 0x5f, 0xff, 0xf3,
    0x0, 0x59, 0xff, 0xfc, 0x80, 0x1f, 0xfe, 0x6f,
    0x99, 0xfe, 0x40, 0x9, 0xe6, 0x7f, 0x95, 0x19,
    0xbf, 0x88, 0x2, 0xb6, 0x6f, 0xe1, 0x0, 0xff,
    0xf3, 0x0,

    /* U+5361 "卡" */
    0x0, 0xfe, 0xde, 0xe8, 0x3, 0xff, 0x92, 0x42,
    0x30, 0x7, 0xff, 0x9b, 0xff, 0xf9, 0x80, 0x3f,
    0xfe, 0xae, 0xff, 0xca, 0x1, 0xff, 0xc3, 0x88,
    0xfe, 0x30, 0xf, 0xfe, 0x7a, 0xb3, 0x7e, 0x0,
    0xcc, 0xdf, 0xf1, 0x5c, 0xcf, 0xe0, 0xd, 0x33,
    0xff, 0x20, 0x7, 0xff, 0x9b, 0xbb, 0xf8, 0x3,
    0x6f, 0x77, 0xf9, 0x80, 0x47, 0xf0, 0x6, 0x39,
    0x21, 0x1f, 0xc0, 0x1f, 0xfc, 0x24, 0x7c, 0xb2,
    0x0, 0xff, 0xe4, 0x58, 0x1, 0x36, 0x44, 0x3,
    0xff, 0x8c, 0xc0, 0x19, 0xb9, 0xc0, 0x3f, 0xf8,
    0xb3, 0xca, 0x1, 0xa3, 0x94, 0x3, 0xff, 0x88,
    0x35, 0x86, 0x1, 0xc, 0x80, 0x7f, 0xf1, 0x8f,
    0x20, 0x2, 0xf0, 0xf, 0xfe, 0x43, 0xf2, 0x29,
    0x80, 0x7f, 0xf2, 0x46, 0xe8, 0x3, 0xff, 0xd2,

    /* U+538B "压" */
    0x0, 0x2c, 0xcf, 0xff, 0x24, 0x40, 0x18, 0xcd,
    0xff, 0xc9, 0x30, 0xf, 0xff, 0x29, 0x80, 0x7b,
    0xbf, 0xfd, 0xbb, 0x77, 0xff, 0xc2, 0x1, 0xff,
    0xc0, 0x2d, 0xda, 0x0, 0x3f, 0xff, 0xe0, 0x1f,
    0xfc, 0x3e, 0xff, 0xda, 0x1, 0x37, 0xff, 0x8c,
    0x3, 0xe1, 0x0, 0xff, 0xe2, 0x38, 0x4, 0x60,
    0x1f, 0xfd, 0x16, 0x6e, 0x50, 0x8, 0x99, 0xbe,
    0x0, 0x84, 0x3, 0x44, 0xce, 0x80, 0x9, 0x26,
    0x5f, 0xb3, 0x22, 0x0, 0x9c, 0x0, 0x20, 0x1f,
    0xfc, 0x7, 0x9b, 0x40, 0xe, 0x20, 0x1, 0x0,
    0x7f, 0xc7, 0x0, 0xb, 0x30, 0xc, 0x20, 0x6,
    0x0, 0xff, 0x8d, 0xc0, 0x2d, 0x20, 0x1, 0x80,
    0x44, 0x1, 0xff, 0xc0, 0x85, 0x0, 0xb, 0x0,
    0x10, 0x2, 0xc0, 0xf, 0xfe, 0xd, 0x18, 0x5a,
    0x0, 0x28, 0x3, 0x4c, 0xfa, 0x0, 0x24, 0x99,
    0x98, 0xf6, 0x4d, 0x48, 0x0, 0x84, 0xcd, 0xe5,
    0x0, 0x89, 0x9a, 0x53, 0x66, 0xa4, 0x2, 0xe0,
    0xf, 0xfe, 0x44, 0x8, 0x12, 0x80, 0x7f, 0xf2,
    0x13, 0xa, 0x1, 0xbf, 0xff, 0xf8, 0xca, 0x5,
    0x8a, 0x1, 0xff, 0xc9,

    /* U+53BB "去" */
    0x0, 0xff, 0x5f, 0xfc, 0x80, 0x1f, 0xff, 0x11,
    0x33, 0xfc, 0xe0, 0x11, 0x19, 0xfc, 0x40, 0x12,
    0x66, 0x7e, 0x30, 0xa, 0x73, 0x3e, 0xf0, 0xf,
    0xff, 0x4a, 0x5d, 0xfe, 0x30, 0xa, 0x2e, 0xfe,
    0xe0, 0x8, 0x51, 0x3f, 0x38, 0x4, 0x68, 0x9f,
    0x18, 0x7, 0xff, 0x74, 0x40, 0x3f, 0xd9, 0xff,
    0xfc, 0x80, 0x15, 0x7f, 0xff, 0x20, 0x7, 0xff,
    0x9a, 0x62, 0x3c, 0xe0, 0x19, 0x22, 0x3f, 0xe5,
    0x53, 0xbf, 0x8c, 0x2, 0x2b, 0x77, 0xb8, 0xdd,
    0xfc, 0x20, 0x1e, 0xa4, 0x0, 0xbc, 0x0, 0x7a,
    0xd6, 0x40, 0x1f, 0xf4, 0xa8, 0x5, 0x64, 0x0,
    0x62, 0x0, 0x60, 0x80, 0x7f, 0x4b, 0x0, 0x52,
    0x80, 0x12, 0xb0, 0x0, 0x74, 0x3, 0xf5, 0x30,
    0x5, 0xc, 0x1, 0xd2, 0x60, 0x3, 0xa0, 0xe,
    0x1c, 0x50, 0x8, 0xc2, 0x21, 0x35, 0x4b, 0xc1,
    0x0, 0x96, 0x0, 0x31, 0x98, 0x3, 0x1c, 0x3b,
    0x99, 0x54, 0x86, 0x40, 0x19, 0xd4, 0x2, 0x22,
    0x0, 0x7f, 0xf1, 0xe8, 0xc0, 0x25, 0x0, 0xfc,
    0x24, 0x43, 0x45, 0x66, 0x20, 0x0, 0x84, 0x2,
    0x9a, 0xbc, 0xde, 0xe7, 0xfb, 0xb7, 0x59, 0x75,
    0x32, 0xb2, 0x4c, 0x20, 0x8, 0x55, 0xc, 0x84,
    0x40, 0x1f, 0xf6, 0x58, 0x80, 0x0,

    /* U+53C2 "参" */
    0x0, 0xff, 0x23, 0x90, 0x7, 0xff, 0x2d, 0xee,
    0x37, 0x42, 0x4, 0xe0, 0x1f, 0xfc, 0x42, 0xc8,
    0x0, 0x17, 0x89, 0xe4, 0x58, 0x80, 0x7f, 0xf0,
    0x5f, 0x4c, 0x0, 0xda, 0x41, 0x62, 0x9, 0xea,
    0x1, 0xfe, 0x6d, 0x80, 0x1, 0x5c, 0x80, 0x53,
    0x20, 0x0, 0xd4, 0x80, 0x7e, 0xa9, 0x20, 0x8,
    0xaf, 0xff, 0x74, 0x80, 0x66, 0xd2, 0x0, 0xf6,
    0x0, 0x7f, 0xf1, 0x8b, 0xc0, 0x3c, 0xe4, 0x51,
    0x99, 0x0, 0x32, 0xb3, 0x1d, 0xd0, 0xc0, 0x9,
    0x0, 0xf0, 0xee, 0xd9, 0x8e, 0x0, 0x92, 0xa6,
    0x51, 0x7, 0x9c, 0x94, 0x0, 0xc3, 0xff, 0xf5,
    0x0, 0x49, 0xff, 0xf6, 0x4f, 0xf8, 0xc0, 0x3f,
    0xf9, 0xce, 0x1, 0xff, 0xd1, 0x1e, 0xeb, 0x4c,
    0x2, 0x1d, 0xee, 0xb0, 0xc0, 0x24, 0xde, 0xe9,
    0x0, 0x21, 0x11, 0x61, 0x80, 0x7, 0x48, 0xdb,
    0x37, 0x44, 0x0, 0x4f, 0x51, 0x10, 0x6, 0x29,
    0xc1, 0x0, 0x9a, 0xbb, 0x60, 0x85, 0xb0, 0xc0,
    0x5, 0x78, 0xa0, 0x14, 0xeb, 0x0, 0x73, 0xb0,
    0x80, 0x5, 0xd4, 0xe9, 0x40, 0x23, 0xad, 0x0,
    0x8, 0x6, 0x40, 0xc, 0x2d, 0x7d, 0x93, 0xb3,
    0x14, 0x20, 0x12, 0x80, 0x24, 0x0, 0x9b, 0x64,
    0xb3, 0xbd, 0xba, 0xeb, 0x40, 0x5, 0xaf, 0xb8,
    0x2, 0x40, 0x3, 0x57, 0x62, 0xf, 0xf7, 0x73,
    0xed, 0x84, 0x0, 0x75, 0x24, 0xd1, 0xd4, 0x20,
    0x12, 0xa4, 0xf7, 0xed, 0x39, 0x80, 0x44, 0xfb,
    0x8d, 0x5b, 0xa, 0x2a, 0x1, 0xee, 0x10, 0xc,
    0x29, 0x1b, 0xab, 0xad, 0xc5, 0x0, 0x58, 0x7,
    0xe5, 0x25, 0x7a, 0xde, 0xa2, 0xad, 0xc7, 0x20,
    0x8, 0xe0, 0x3, 0xf1, 0x6c, 0xee, 0xa3, 0xb9,
    0x4e, 0x40, 0x19, 0x73, 0xc, 0x1, 0xe1, 0xce,
    0xfc, 0xa7, 0x51, 0x0, 0xe5, 0xaf, 0xa3, 0x0,
    0xfc, 0x23, 0x0, 0x7c, 0x6f, 0x7f, 0x4a, 0x1,
    0xff, 0xc0, 0x50, 0x1, 0x23, 0xd6, 0xfe, 0x42,
    0x0, 0x7f, 0xf0, 0xe7, 0x7f, 0x6e, 0x14, 0x80,
    0x3f, 0xf8, 0x80,

    /* U+53CC "双" */
    0x0, 0x4c, 0xff, 0x91, 0xe6, 0x7f, 0xcc, 0x1,
    0x99, 0xbf, 0xc7, 0x6c, 0xdf, 0xed, 0x0, 0xff,
    0xf7, 0x7f, 0xfb, 0x80, 0x21, 0x70, 0xb, 0xff,
    0x8, 0x0, 0x80, 0x39, 0x30, 0x40, 0x4, 0x1,
    0x29, 0x80, 0x42, 0x0, 0x11, 0x0, 0x3c, 0x3,
    0x4d, 0x9d, 0x0, 0x14, 0x2, 0x3d, 0x0, 0x94,
    0x0, 0x80, 0x12, 0x80, 0x63, 0x0, 0x22, 0x86,
    0x80, 0x8, 0x10, 0x2, 0x30, 0x6, 0x0, 0x46,
    0x1, 0xac, 0x40, 0x16, 0x28, 0x0, 0x40, 0x12,
    0x0, 0x60, 0x1, 0x0, 0x6, 0x1, 0xc3, 0x0,
    0x1, 0xc0, 0xb, 0x0, 0x8, 0x0, 0x40, 0x22,
    0x0, 0x2c, 0x3, 0xcc, 0x60, 0x2, 0x0, 0x90,
    0x1, 0xa0, 0x12, 0x28, 0x4, 0x80, 0x1f, 0x70,
    0x7, 0x20, 0x80, 0x10, 0x2, 0xe9, 0x0, 0x11,
    0x80, 0x7c, 0x4e, 0x1, 0xb4, 0x3, 0x30, 0x1,
    0x44, 0x1, 0x40, 0x1f, 0xd4, 0x1, 0x94, 0x3,
    0x50, 0x7, 0x98, 0x3, 0xfa, 0xc0, 0x37, 0x80,
    0x63, 0x30, 0x6, 0x71, 0x0, 0xfc, 0x6c, 0x1,
    0x8d, 0x80, 0x35, 0x80, 0x69, 0x0, 0xfe, 0xe0,
    0xf, 0x40, 0x80, 0xa, 0x0, 0x33, 0x80, 0x7e,
    0x92, 0x0, 0xb, 0x0, 0x6, 0x0, 0xb0, 0x3,
    0xa5, 0x0, 0x3c, 0xcc, 0x0, 0xaa, 0x44, 0x12,
    0x13, 0x4, 0x3, 0xd6, 0x80, 0x18, 0xe4, 0x2,
    0x64, 0xb, 0x8b, 0x6b, 0x10, 0xb, 0xc, 0x2,
    0xb7, 0x0, 0xe, 0x80, 0x45, 0x20, 0x5, 0x6b,
    0x80, 0xd, 0x67, 0xa4, 0x1, 0x46, 0x0, 0xa8,
    0x0, 0x7c, 0x3, 0x4a, 0x0, 0x43, 0x88, 0x3,
    0xe2, 0x1, 0x20, 0x2, 0xcc, 0x28, 0x80, 0x34,
    0x18, 0x0, 0xb0, 0xc0, 0x22, 0xc2, 0x3, 0x80,
    0xb, 0x69, 0x0, 0x3d, 0xa2, 0xba, 0x40, 0x1c,
    0x58, 0x9c, 0x1, 0x85, 0x40, 0x3e, 0x1f, 0xa0,
    0xf, 0xc3, 0x64, 0x0,

    /* U+53CD "反" */
    0x0, 0xff, 0xe2, 0x89, 0xab, 0x45, 0x0, 0x71,
    0x22, 0xa9, 0x9e, 0x26, 0xaf, 0x37, 0xfd, 0xd9,
    0x52, 0xea, 0x60, 0x1a, 0x2e, 0xa9, 0x30, 0xec,
    0xa8, 0x64, 0x1, 0xf9, 0x40, 0x3f, 0xf9, 0x9c,
    0x1, 0xff, 0xc0, 0x12, 0x34, 0x56, 0x89, 0xac,
    0xdf, 0x80, 0xf, 0xdb, 0xdf, 0xee, 0xdc, 0xba,
    0x97, 0x65, 0x32, 0x0, 0xfe, 0x12, 0x10, 0xf,
    0xfe, 0x50, 0xcc, 0xff, 0xf0, 0xe0, 0x3, 0xf9,
    0x9b, 0xff, 0x88, 0x1, 0xff, 0xeb, 0x10, 0x0,
    0xa0, 0x5, 0x7f, 0xfe, 0x70, 0x9, 0x0, 0x3f,
    0xa0, 0x2, 0x90, 0xe, 0x17, 0x0, 0xa4, 0x3,
    0x9c, 0x0, 0x66, 0x40, 0x1, 0x40, 0x6, 0x80,
    0x9, 0x4c, 0x3, 0x84, 0x0, 0x21, 0x20, 0x13,
    0xa0, 0x1, 0x58, 0x2, 0x80, 0xf, 0x10, 0x1,
    0xc0, 0x9c, 0x2, 0xa2, 0x3a, 0x0, 0x9c, 0x80,
    0x38, 0x40, 0x22, 0x0, 0x41, 0x80, 0x7, 0x34,
    0x2, 0x38, 0x0, 0xf2, 0x0, 0x5e, 0x1, 0x70,
    0x80, 0x4, 0x40, 0x1, 0xe0, 0xf, 0xbc, 0x2,
    0x40, 0x8, 0xac, 0x3, 0xd0, 0x40, 0x1e, 0x15,
    0x0, 0x9, 0x0, 0xa, 0x68, 0x3, 0xd3, 0x46,
    0x1, 0xd0, 0x1, 0x38, 0x25, 0xeb, 0x0, 0x7e,
    0x5c, 0xd7, 0x20, 0x46, 0x0, 0x97, 0xad, 0x0,
    0x39, 0xdc, 0x1, 0xc5, 0x1b, 0x5c, 0x1, 0x22,
    0x88, 0x7, 0x2e, 0xc4, 0x35, 0x0, 0x3d, 0xf4,
    0x80, 0x8, 0x80, 0x6, 0x5c, 0xa2, 0x0, 0x15,
    0xe2, 0x80, 0x44, 0xa1, 0x6c, 0xc3, 0x18, 0x17,
    0xea, 0x30, 0xf, 0x1d, 0x74, 0x15, 0x80, 0x53,
    0x20, 0x3, 0xf4, 0x8, 0x7, 0xf8, 0x5f, 0x58,
    0x0,

    /* U+53D1 "发" */
    0x0, 0xff, 0xe2, 0x90, 0x7, 0xf1, 0x90, 0x7,
    0x7f, 0xba, 0x0, 0x21, 0xdc, 0x20, 0xf, 0xbb,
    0x7f, 0x0, 0x4, 0x0, 0x1f, 0x0, 0xa8, 0xf,
    0x64, 0x40, 0x31, 0x10, 0x0, 0xe0, 0x6, 0x0,
    0x88, 0x0, 0x28, 0x1, 0x36, 0x0, 0x65, 0x0,
    0xb4, 0x0, 0x60, 0x13, 0x80, 0x7, 0x94, 0x2,
    0x80, 0xd, 0x80, 0x12, 0x88, 0xb4, 0x2, 0x31,
    0x18, 0x2e, 0xc2, 0x68, 0x22, 0x0, 0x28, 0x5,
    0x9d, 0xc5, 0x0, 0xbb, 0xbd, 0x62, 0x7d, 0xd4,
    0x0, 0x7f, 0xf9, 0xf6, 0xef, 0x88, 0x2, 0xab,
    0xbf, 0xfe, 0x5, 0x1, 0xa2, 0x65, 0x20, 0x1,
    0xaa, 0x27, 0xff, 0x0, 0x80, 0x3c, 0xc0, 0x11,
    0xff, 0xff, 0xc0, 0x1f, 0xd4, 0x1, 0xff, 0xcb,
    0x52, 0x0, 0xff, 0xe5, 0xc0, 0x7, 0x14, 0xcf,
    0x30, 0x4, 0x20, 0x1f, 0x31, 0x0, 0x71, 0x1b,
    0x34, 0xe8, 0x1, 0x58, 0x7, 0x8a, 0x40, 0x27,
    0x0, 0xa8, 0xc0, 0x14, 0x40, 0x4, 0x50, 0xf,
    0x70, 0x4, 0x90, 0xc0, 0x16, 0x2e, 0x20, 0x0,
    0x68, 0x3, 0xd0, 0x60, 0x14, 0x84, 0x98, 0x5,
    0x46, 0x1, 0x60, 0x80, 0x73, 0xb8, 0x2, 0x92,
    0x0, 0x69, 0x0, 0x7b, 0x8, 0x3, 0x9a, 0x0,
    0x25, 0x60, 0x1, 0xd9, 0x0, 0x7b, 0xd4, 0x3,
    0xb0, 0x2, 0x2a, 0x6, 0xcc, 0x28, 0x7, 0xc7,
    0x5d, 0x28, 0x0, 0x90, 0x0, 0xd5, 0x3e, 0x4c,
    0x3, 0x13, 0x88, 0x6, 0x16, 0xbf, 0x33, 0x20,
    0x6d, 0x28, 0x7, 0x14, 0xec, 0x7b, 0x80, 0x78,
    0x4c, 0x22, 0xce, 0xc0, 0x32, 0x56, 0xb0, 0x0,
    0x63, 0xa0, 0x40, 0x26, 0x0, 0x1a, 0x3, 0x9,
    0x46, 0xda, 0x80, 0x78, 0x5f, 0xad, 0x46, 0x80,
    0x3d, 0xfa, 0xe4, 0x1, 0xff, 0x25, 0x71, 0x0,

    /* U+53D6 "取" */
    0x2, 0x2f, 0xfe, 0x0, 0x7, 0xff, 0x0, 0xf7,
    0x7f, 0xf8, 0x0, 0x1f, 0xfc, 0xd5, 0xff, 0xfe,
    0xe0, 0xf, 0xfe, 0x11, 0x80, 0x7f, 0x8, 0x1e,
    0x0, 0x55, 0xba, 0x90, 0x0, 0xe8, 0x7, 0xff,
    0x4, 0x80, 0x26, 0x22, 0x18, 0x4, 0x46, 0x1,
    0x3b, 0xc8, 0x0, 0x10, 0xf, 0x29, 0x98, 0x80,
    0x33, 0x0, 0x57, 0x10, 0x20, 0x1, 0x0, 0x7a,
    0x73, 0x10, 0x1, 0x88, 0x2, 0x60, 0x1, 0x0,
    0x18, 0x3, 0xff, 0x84, 0x22, 0x0, 0x68, 0x1,
    0x40, 0x1a, 0x1, 0xff, 0xc3, 0x40, 0x1, 0x81,
    0x8, 0x0, 0xc0, 0x3d, 0x9f, 0xea, 0x0, 0xed,
    0x0, 0x28, 0x38, 0x4, 0x80, 0x1f, 0xfc, 0x34,
    0x0, 0x9, 0xf8, 0x0, 0xc0, 0x3e, 0xcf, 0xf5,
    0x0, 0x71, 0x80, 0x56, 0x80, 0x4, 0x0, 0xff,
    0xe2, 0xa8, 0x1, 0xc4, 0x1, 0x60, 0x1f, 0xfc,
    0x5f, 0x0, 0xe2, 0x30, 0xf, 0xa2, 0xed, 0x0,
    0x1e, 0x51, 0x0, 0xd4, 0x1, 0xf9, 0x12, 0x20,
    0xf, 0x98, 0x3, 0x38, 0x7, 0xfc, 0x40, 0x1,
    0xf6, 0x0, 0x78, 0x4, 0x22, 0x0, 0xfd, 0xfd,
    0xf0, 0x1, 0x84, 0xe, 0x0, 0x21, 0xd0, 0xa,
    0x78, 0x2, 0x31, 0x0, 0xf7, 0x96, 0x80, 0x71,
    0xd8, 0x0, 0x40, 0x3f, 0xea, 0xbc, 0x10, 0x2,
    0x80, 0x49, 0x61, 0xe0, 0x11, 0x2c, 0x5c, 0x80,
    0x5, 0xf4, 0x40, 0x9, 0x52, 0x1, 0x25, 0xa4,
    0x67, 0xed, 0x3a, 0x18, 0x4, 0xa2, 0x0, 0x2b,
    0x6, 0x70, 0xb, 0xd, 0xcc, 0x3, 0xf9, 0xcc,
    0x7, 0x0, 0x28, 0x60, 0x17, 0x0, 0xff, 0xe0,
    0xf1, 0x60, 0x80, 0x69, 0x5b, 0x0, 0xfe, 0x5f,
    0xf7, 0x1, 0x69, 0x0, 0x7a, 0x94, 0x0,

    /* U+53EA "只" */
    0x0, 0x87, 0xff, 0xff, 0x8e, 0x20, 0x1f, 0xff,
    0x13, 0x77, 0xff, 0x8c, 0x3, 0xff, 0x82, 0x91,
    0x1f, 0xf2, 0x0, 0x7f, 0xff, 0xc0, 0x3f, 0xff,
    0x6, 0xef, 0xff, 0x18, 0x7, 0xff, 0x5, 0x22,
    0x3f, 0xe4, 0x0, 0xff, 0xf8, 0x8f, 0xfe, 0xae,
    0xff, 0xfd, 0x3f, 0xf8, 0x40, 0x3f, 0x96, 0xb4,
    0x40, 0x3d, 0x13, 0x40, 0x1f, 0xfc, 0x6, 0xa0,
    0x3c, 0x10, 0xc, 0xee, 0x5, 0xc1, 0x0, 0xfe,
    0x89, 0x0, 0x8c, 0xc0, 0x1a, 0x80, 0x23, 0xc2,
    0x0, 0xfa, 0x9c, 0x3, 0x69, 0x0, 0x6c, 0x40,
    0x8, 0xb0, 0xc0, 0x31, 0x6a, 0x80, 0x43, 0x86,
    0x1, 0xc3, 0x6a, 0x1, 0xe, 0x28, 0x1, 0xf4,
    0x80, 0x21, 0xc3, 0x0, 0xfd, 0x4c, 0x1, 0xa9,
    0x83, 0x80, 0x31, 0x79, 0x0, 0x7f, 0xa5, 0xc0,
    0x31, 0x84, 0xa0, 0x1, 0x34, 0x40, 0x3f, 0xf8,
    0x11, 0x0, 0x4, 0xa8, 0x2, 0xca, 0x2c, 0x3,
    0xff, 0x86, 0xf2, 0xcc, 0x0, 0xda, 0xe0, 0x1f,
    0xfc, 0x56, 0x90, 0x0,

    /* U+53EF "可" */
    0x37, 0x7f, 0xfe, 0x5b, 0x2c, 0x47, 0xff, 0x30,
    0x3, 0xff, 0xca, 0x6d, 0xff, 0xff, 0xc5, 0x70,
    0xb, 0x7f, 0x40, 0x3f, 0xfa, 0x1b, 0xff, 0xff,
    0x20, 0x7, 0xff, 0x0, 0xc0, 0x3f, 0xfd, 0x7,
    0x11, 0x98, 0x3, 0xff, 0x8e, 0xae, 0xfb, 0x40,
    0x3f, 0xff, 0xe0, 0x1f, 0xfc, 0x75, 0x77, 0xda,
    0x1, 0xff, 0xc7, 0x38, 0x8c, 0xc0, 0x1f, 0xfd,
    0xd3, 0x0, 0xff, 0xe6, 0x6f, 0xff, 0xfc, 0x80,
    0x1f, 0xfc, 0xf3, 0x0, 0xff, 0xe3, 0xe, 0x66,
    0xd4, 0x0, 0x8c, 0x3, 0xff, 0x84, 0x24, 0x67,
    0x10, 0x6, 0x10, 0xf, 0xfe, 0x19, 0x0, 0x7c,
    0xa0, 0x1f, 0xfc, 0x45, 0x0, 0xe2, 0x7a, 0x0,
    0x80,

    /* U+53F3 "右" */
    0x0, 0xff, 0xeb, 0xdf, 0x6d, 0x98, 0x7, 0xff,
    0x1c, 0x50, 0x49, 0x8, 0x3, 0xff, 0x8e, 0xc0,
    0x11, 0x88, 0x7, 0xfd, 0x35, 0x5f, 0x48, 0x4,
    0x35, 0x5f, 0xe3, 0x7, 0x55, 0xf8, 0x40, 0x22,
    0x55, 0xff, 0x38, 0x7, 0xff, 0x9f, 0xbf, 0xf8,
    0xc0, 0x25, 0xff, 0xff, 0xe0, 0x20, 0x7, 0x94,
    0xc0, 0x28, 0x0, 0xff, 0xe3, 0xd, 0x80, 0x4e,
    0x40, 0x1f, 0xfc, 0x6a, 0x10, 0x0, 0xc8, 0x7,
    0xff, 0x1a, 0x10, 0x2, 0x1e, 0xff, 0xff, 0xa0,
    0x3, 0x99, 0xc0, 0x3f, 0xf9, 0x4d, 0x20, 0x1f,
    0xfc, 0xa8, 0x90, 0xe, 0x15, 0x5f, 0xf0, 0x7,
    0xa9, 0xc0, 0x3c, 0xb5, 0x5f, 0xd0, 0x1, 0xfe,
    0x10, 0xf, 0xfe, 0x44, 0x80, 0xb, 0x4, 0x3,
    0xff, 0x8e, 0x64, 0x78, 0x40, 0x1f, 0xfc, 0x99,
    0xc1, 0x0, 0xe1, 0x1f, 0xf0, 0x7, 0xc8, 0x1,
    0xe4, 0xee, 0xfe, 0xc0, 0xf, 0xff, 0xa1, 0xd5,
    0x7f, 0x48, 0x7, 0xff, 0x9, 0xd5, 0x7f, 0x90,
    0x3, 0xc0,

    /* U+5408 "合" */
    0x0, 0xff, 0x91, 0x50, 0x3, 0xff, 0x94, 0xd7,
    0x56, 0xc0, 0x1f, 0xfc, 0x83, 0x90, 0xa, 0x4c,
    0x3, 0xff, 0x8c, 0x5a, 0x1, 0xda, 0x40, 0x1f,
    0xfc, 0x43, 0xc1, 0x0, 0x8, 0x0, 0x70, 0x80,
    0x3f, 0xf8, 0x4d, 0x82, 0x0, 0x2f, 0x40, 0x0,
    0xea, 0x80, 0x7f, 0xc3, 0x52, 0x1, 0x16, 0xd,
    0x98, 0x5, 0x54, 0x0, 0xfe, 0x4f, 0x50, 0x8,
    0xf0, 0x40, 0x18, 0x80, 0x12, 0xf2, 0x0, 0x71,
    0xe5, 0x88, 0x4, 0x7c, 0x2, 0x3a, 0x90, 0x2,
    0x1b, 0xc4, 0x0, 0x56, 0x18, 0x7, 0x1e, 0xf7,
    0x79, 0x0, 0x38, 0xee, 0xc0, 0x40, 0x18, 0x40,
    0x3f, 0xf8, 0x26, 0x1, 0x8c, 0x24, 0x2, 0x8c,
    0x0, 0xff, 0xe0, 0xe4, 0x88, 0xc, 0x0, 0xb3,
    0x39, 0xca, 0xef, 0xff, 0x82, 0xd, 0xd1, 0x0,
    0xa, 0x64, 0x20, 0x4, 0x4f, 0xfe, 0x8, 0x4,
    0xec, 0x1, 0xc8, 0xcd, 0xff, 0xc5, 0x40, 0xf,
    0xa2, 0x67, 0xff, 0x8b, 0xc0, 0x1f, 0xff, 0x21,
    0xff, 0xff, 0x84, 0x3, 0xff, 0xea, 0x2c, 0xdf,
    0xf0, 0x80, 0x7f, 0xf0, 0xa6, 0x7f, 0xe0, 0xf,
    0xfe, 0xe8, 0x8f, 0xfc, 0x1, 0xff, 0xc2, 0x1e,
    0xef, 0xf8, 0x40, 0x3f, 0xd9, 0xfe, 0xe0, 0xf,
    0xfb, 0xba, 0xa0, 0xc,

    /* U+540E "后" */
    0x0, 0xff, 0xe3, 0x9, 0xab, 0xb0, 0x7, 0x9,
    0x10, 0xcc, 0x8a, 0xcf, 0x13, 0x79, 0xdf, 0xd9,
    0x51, 0x0, 0xc, 0x3d, 0xba, 0xcc, 0x5d, 0x4c,
    0x3b, 0x21, 0x88, 0x7, 0x9, 0x0, 0x7f, 0xf3,
    0x10, 0x3, 0xff, 0x82, 0x24, 0x68, 0xaf, 0x13,
    0x7b, 0xec, 0x1, 0xf3, 0x66, 0xf7, 0xfb, 0xb7,
    0x2e, 0xa1, 0xd9, 0x8, 0x3, 0xfb, 0x8c, 0x84,
    0x3, 0xff, 0x93, 0x1f, 0xff, 0xfc, 0x57, 0x0,
    0xff, 0xf6, 0x2c, 0xcf, 0xff, 0x15, 0x0, 0x3d,
    0xac, 0xdf, 0xfc, 0x53, 0x0, 0x18, 0x4, 0x20,
    0x1f, 0xfc, 0x81, 0x0, 0x8e, 0x7f, 0xff, 0xf8,
    0x5c, 0x1, 0x98, 0x2, 0x13, 0x0, 0xff, 0xe3,
    0x90, 0x4, 0xc0, 0x1f, 0xfc, 0x8d, 0x0, 0x88,
    0x2, 0x1b, 0xbf, 0xca, 0x1, 0xf2, 0x0, 0x8,
    0x3, 0x1a, 0x27, 0xe2, 0x0, 0xf1, 0x8, 0x1,
    0x0, 0x3f, 0xf9, 0x14, 0x1, 0x60, 0x7, 0xff,
    0x21, 0x80, 0x25, 0x0, 0xc5, 0xff, 0xf9, 0xc0,
    0x39, 0x84, 0x0, 0xa0, 0x1f, 0xfc, 0x8a, 0x0,
    0xb8, 0x3, 0xff, 0x91, 0xa8, 0x4, 0x80, 0x1c,
    0x37, 0x7f, 0x94, 0x3, 0x86, 0xe2, 0x0, 0x1e,
    0x34, 0x4f, 0xc4, 0x1, 0xc0,

    /* U+5411 "向" */
    0x0, 0xff, 0xe9, 0xcf, 0xf6, 0x48, 0x7, 0xff,
    0x19, 0xc0, 0x4f, 0x80, 0x3f, 0xf8, 0xac, 0x20,
    0x13, 0x0, 0x7f, 0xab, 0xff, 0xd2, 0x1, 0xbb,
    0xff, 0xfa, 0x0, 0x3f, 0xfc, 0xd1, 0x1f, 0xfc,
    0x27, 0x0, 0xfc, 0xef, 0xff, 0xc2, 0x90, 0xf,
    0xf2, 0xaf, 0xfc, 0x1, 0xff, 0xc0, 0xba, 0xaf,
    0xeb, 0x0, 0xff, 0xf8, 0xb6, 0xec, 0xc0, 0x1f,
    0xfc, 0x72, 0x28, 0x40, 0x3f, 0xfe, 0x8a, 0xef,
    0x18, 0x7, 0xff, 0x18, 0xe2, 0x24, 0x0, 0xff,
    0xf8, 0xf7, 0xff, 0xf7, 0x0, 0x7f, 0xf2, 0xd,
    0xde, 0xb0, 0xf, 0xfe, 0x33, 0x44, 0x4a, 0x1,
    0x78, 0x7, 0xff, 0x9, 0xc0, 0x3e, 0x40, 0xf,
    0xfe, 0x11, 0x0, 0x71, 0xc9, 0xd7, 0x74, 0x1,
    0xff, 0x7f, 0xf6, 0x30, 0x0,

    /* U+542F "启" */
    0x0, 0xff, 0xe1, 0x88, 0x7, 0xff, 0x20, 0xf3,
    0xbf, 0x40, 0x3f, 0xf9, 0x4, 0x62, 0x6, 0x20,
    0x1f, 0xf1, 0x2a, 0xfc, 0x82, 0x1, 0x42, 0xaf,
    0xc4, 0x1, 0x55, 0x7f, 0x8, 0x4, 0xd5, 0x5f,
    0x80, 0x3f, 0xfa, 0x82, 0x3f, 0xfc, 0x20, 0xf,
    0xfb, 0xfb, 0xbf, 0xf8, 0x1e, 0x1, 0xff, 0xd8,
    0xef, 0xff, 0xfe, 0x7, 0x0, 0x7f, 0xfc, 0x66,
    0xab, 0xff, 0x89, 0x60, 0x10, 0x80, 0x4c, 0xab,
    0xff, 0xc4, 0x30, 0x8, 0xc0, 0x2, 0x89, 0xff,
    0xc5, 0x0, 0xc2, 0x0, 0x3b, 0xbf, 0xfe, 0x28,
    0x6, 0x60, 0x3, 0x0, 0x7f, 0xf2, 0x48, 0x0,
    0x60, 0x1f, 0xfc, 0x83, 0x0, 0xb8, 0x2, 0x4f,
    0xff, 0xe5, 0x0, 0xf2, 0x0, 0x48, 0x1, 0xff,
    0xc8, 0xa0, 0x0, 0x90, 0x7, 0xff, 0x1c, 0xc8,
    0x0, 0xe0, 0x19, 0xcc, 0xff, 0x84, 0x3, 0xa4,
    0x2, 0xa0, 0xc, 0x79, 0x9f, 0xc8, 0x1, 0x85,
    0x40, 0x4, 0x60, 0x1f, 0xfc, 0x71, 0xc2, 0xb,
    0x0, 0xff, 0xe4, 0x9e, 0xc3, 0x0, 0x72, 0x7f,
    0xff, 0x28, 0x6,

    /* U+547D "命" */
    0x0, 0xff, 0xe0, 0x2a, 0xc0, 0x1f, 0xfc, 0xa1,
    0xca, 0xaa, 0xc0, 0x3f, 0xf9, 0x3, 0x86, 0x1,
    0x26, 0x8, 0x7, 0xff, 0x15, 0x3c, 0x80, 0x38,
    0xfc, 0xc0, 0x3f, 0xf8, 0x71, 0x62, 0x1, 0x30,
    0x4, 0x39, 0x0, 0x1f, 0xfc, 0x5, 0xe7, 0x0,
    0x8b, 0x27, 0x8, 0x2, 0x7d, 0x40, 0xf, 0xc7,
    0x74, 0x20, 0x12, 0xe9, 0x81, 0xea, 0x80, 0x45,
    0x76, 0x30, 0xc, 0x97, 0x88, 0x1, 0x8f, 0x19,
    0xbb, 0xc, 0x3, 0x26, 0x59, 0x80, 0x25, 0x0,
    0x3c, 0x73, 0x3f, 0x18, 0x7, 0x93, 0x80, 0x16,
    0x1, 0x16, 0x0, 0x7f, 0xf0, 0x6, 0xc8, 0x2,
    0xb0, 0x3, 0x8, 0xa7, 0x4c, 0x3, 0xff, 0x82,
    0x9b, 0x2, 0x26, 0x0, 0xb7, 0x98, 0x1, 0xff,
    0xff, 0xc0, 0xe0, 0x3, 0xf6, 0x80, 0x63, 0x22,
    0xfe, 0x0, 0x19, 0xff, 0xc0, 0x18, 0x77, 0x7f,
    0x88, 0x99, 0x9f, 0xe2, 0x0, 0xff, 0xf9, 0x5f,
    0x60, 0x7, 0xec, 0xff, 0x60, 0x7, 0xff, 0x1,
    0xc4, 0x40, 0x1f, 0xfe, 0x76, 0x36, 0x0, 0xff,
    0x9c, 0x3, 0xff, 0x81, 0x59, 0x60, 0x1f, 0x93,
    0xb9, 0x60, 0x1f, 0xfc, 0xb3, 0x11, 0x0, 0x62,
    0x0, 0xff, 0xe1, 0x18, 0x6, 0x72, 0x0, 0xd0,
    0x1, 0xc3, 0xff, 0xfc, 0x20, 0x1d, 0xd5, 0x4b,
    0xe7, 0x0, 0xff, 0xe4, 0x9a, 0xa9, 0x4, 0x3,
    0xff, 0xa6,

    /* U+54CD "响" */
    0x0, 0xff, 0xe0, 0xcf, 0x6e, 0x18, 0x7, 0xff,
    0x19, 0xc4, 0x8c, 0xc0, 0x1d, 0xdf, 0xfe, 0x21,
    0x22, 0x90, 0x40, 0x6, 0x45, 0xe0, 0xf, 0xdb,
    0xba, 0xc0, 0x23, 0xdd, 0xf0, 0x7, 0xff, 0x3a,
    0x48, 0x3, 0xff, 0x92, 0xe2, 0x1, 0xea, 0xff,
    0xfb, 0x80, 0x3f, 0xf8, 0x42, 0x1, 0xff, 0xcb,
    0x5f, 0xfe, 0xe0, 0xf, 0xfe, 0x21, 0x80, 0x7f,
    0xf9, 0x39, 0x80, 0x3f, 0xf9, 0x22, 0x20, 0xf,
    0xff, 0xf8, 0x7, 0xff, 0xc, 0xc8, 0x3, 0xf9,
    0x40, 0x3f, 0xec, 0x50, 0xf, 0xeb, 0x30, 0xf,
    0xfe, 0x91, 0x88, 0xf1, 0x0, 0x7f, 0xf1, 0x17,
    0xbb, 0xb0, 0x3, 0xee, 0xff, 0x88, 0x3, 0xf1,
    0xa2, 0x18, 0x3, 0xff, 0x8f, 0x17, 0x68, 0x0,
    0xae, 0x64, 0x20, 0x1f, 0xfc, 0xc, 0x0, 0xe4,
    0x56, 0x60, 0x7, 0xff, 0x4, 0xc0, 0x21, 0x49,
    0x0, 0xfd, 0xbb, 0x20, 0x6, 0x4f, 0xfb, 0xac,
    0x80,

    /* U+5524 "唤" */
    0x0, 0xff, 0xec, 0x6e, 0xa8, 0xc0, 0x3f, 0xf8,
    0xea, 0x44, 0x51, 0x0, 0xfd, 0xdf, 0xfe, 0xc0,
    0xa, 0x0, 0x2d, 0xff, 0xd4, 0x1, 0xff, 0xc1,
    0x62, 0x0, 0xff, 0xe4, 0x94, 0x80, 0x7f, 0xf1,
    0x21, 0xc0, 0x37, 0x0, 0x13, 0xba, 0xa0, 0xb,
    0x80, 0x3c, 0xb8, 0x1, 0x51, 0x80, 0xd0, 0x88,
    0x2c, 0x0, 0xa8, 0x1, 0xfe, 0x35, 0x0, 0x32,
    0xa2, 0x28, 0x40, 0x1e, 0x88, 0x0, 0xfe, 0x20,
    0x9, 0xee, 0xe4, 0x0, 0xaa, 0xec, 0x20, 0x1f,
    0x85, 0x0, 0x3f, 0xf9, 0x74, 0x20, 0x1f, 0xfc,
    0xa1, 0x0, 0xbb, 0xc4, 0x1, 0x5e, 0x40, 0x1f,
    0xff, 0x3, 0x0, 0x91, 0x2, 0x0, 0xd4, 0x0,
    0x90, 0x40, 0x3f, 0x40, 0x80, 0x2a, 0xc0, 0x27,
    0xb2, 0x0, 0x52, 0x0, 0x7f, 0xf5, 0xd, 0x13,
    0x8, 0x4, 0x28, 0x9c, 0xc0, 0x16, 0xd8, 0x5,
    0x17, 0x74, 0x88, 0x4, 0x3f, 0x77, 0x8c, 0x3,
    0xfe, 0x2f, 0x0, 0xeb, 0x50, 0xf, 0xfe, 0x13,
    0xe1, 0x0, 0x10, 0x2, 0xaa, 0x8, 0x7, 0x45,
    0x55, 0x71, 0xd0, 0x20, 0x3, 0xba, 0x0, 0x97,
    0xa9, 0x0, 0x25, 0x5d, 0xce, 0x20, 0x12, 0x60,
    0x2d, 0x0, 0x65, 0x2e, 0xff, 0x10, 0x5, 0x40,
    0x10, 0xcd, 0x80, 0x4b, 0x86, 0x1, 0x38, 0x7,
    0xc6, 0x74, 0xf3, 0x0, 0x71, 0xe5, 0x1b, 0x8,
    0x7, 0xec, 0xc3, 0x0, 0x7f, 0x2e, 0x48, 0x0,

    /* U+56DB "四" */
    0x26, 0x6f, 0xfe, 0x49, 0xac, 0xcf, 0xff, 0x26,
    0xc0, 0x3f, 0xfc, 0xdf, 0xec, 0x0, 0xaf, 0xe0,
    0x2, 0xff, 0x80, 0x3f, 0xf8, 0x82, 0x1, 0xff,
    0xdf, 0x70, 0xf, 0xfe, 0x33, 0x80, 0x7f, 0xf2,
    0x84, 0x2, 0x10, 0xf, 0xfe, 0x36, 0x0, 0x44,
    0x1, 0xff, 0xc5, 0x16, 0x0, 0x20, 0x7, 0x8c,
    0x3, 0xfe, 0xa0, 0xb, 0x80, 0x3d, 0x9f, 0xe0,
    0xf, 0xd6, 0x80, 0x3, 0x50, 0x2, 0x80, 0x7f,
    0xf0, 0x90, 0x0, 0x3c, 0x1, 0x1a, 0x80, 0x7f,
    0xf0, 0x54, 0x1, 0xa4, 0x1, 0xaa, 0xe1, 0xd9,
    0x80, 0x1f, 0xa9, 0xb0, 0xc0, 0x3c, 0x8f, 0x13,
    0x20, 0xf, 0xe9, 0x30, 0xf, 0xfe, 0x41, 0x9f,
    0xff, 0xc, 0x3, 0xf6, 0x67, 0xff, 0xc, 0x3,
    0xff, 0xd5, 0x77, 0xff, 0xc3, 0x0, 0xfc, 0x89,
    0xff, 0xc3, 0x0, 0xc0,

    /* U+56DE "回" */
    0x0, 0xff, 0xe5, 0xe7, 0xff, 0xff, 0x26, 0x80,
    0x3f, 0xfc, 0xca, 0xbf, 0xfc, 0x30, 0xf, 0x86,
    0xab, 0xff, 0x86, 0x1, 0xfe, 0x33, 0xff, 0x80,
    0x3f, 0xf8, 0x1b, 0x99, 0xfd, 0xa0, 0x1f, 0xff,
    0x1a, 0xff, 0xb0, 0x3, 0xff, 0xfe, 0x1, 0xff,
    0xc0, 0xd4, 0x4c, 0x1, 0xff, 0xc6, 0x7b, 0xba,
    0x0, 0x3f, 0xfe, 0x3d, 0xff, 0xfd, 0xc0, 0x1f,
    0xfd, 0x41, 0xff, 0xff, 0xe1, 0x80, 0x7f, 0xfa,
    0x9d, 0xff, 0xf8, 0x60, 0x1f, 0xc, 0x47, 0xff,
    0xc, 0x3, 0x0,

    /* U+56FE "图" */
    0x12, 0x2f, 0xfe, 0x54, 0x6e, 0xff, 0xf2, 0x70,
    0x3, 0xff, 0xca, 0x3f, 0xf5, 0x92, 0x4f, 0xff,
    0xe7, 0x0, 0xfe, 0x3b, 0x24, 0x8e, 0xef, 0x8c,
    0x3, 0xf8, 0xf4, 0x2, 0x11, 0xfc, 0xe0, 0x1f,
    0x97, 0x4, 0x0, 0x31, 0x13, 0x80, 0x42, 0xc0,
    0x1f, 0xb4, 0x0, 0x20, 0x38, 0xc4, 0xc0, 0x2,
    0xc2, 0x0, 0xfd, 0x9, 0x1c, 0x80, 0x9d, 0x42,
    0x9, 0x84, 0x1, 0xfe, 0xb7, 0x32, 0x0, 0xe1,
    0xf0, 0xf, 0xf9, 0xab, 0xb1, 0x80, 0x38, 0x6f,
    0xb9, 0x62, 0x1, 0xf6, 0xa8, 0x80, 0x4b, 0x92,
    0x60, 0x10, 0xb8, 0x80, 0x7d, 0xe0, 0x2, 0x2,
    0x35, 0x56, 0x6c, 0x18, 0x50, 0x7, 0xe4, 0x9e,
    0x90, 0x26, 0x9c, 0xff, 0x6f, 0x7b, 0x0, 0x7f,
    0x30, 0xbb, 0x18, 0x6, 0x25, 0x10, 0xf, 0xf8,
    0xae, 0xd9, 0xdf, 0xb4, 0xe8, 0x24, 0x1, 0xff,
    0x32, 0x3d, 0x6f, 0xff, 0x84, 0x3, 0xfe, 0x20,
    0xe, 0x25, 0x8b, 0xed, 0x60, 0xf, 0xf3, 0x76,
    0x4b, 0x18, 0x7, 0x10, 0x80, 0x7f, 0x8, 0x80,
    0x9e, 0x37, 0xb2, 0x58, 0xc0, 0x84, 0x3, 0xe1,
    0xee, 0xfd, 0x92, 0xc6, 0x15, 0xce, 0x1, 0xff,
    0xe8, 0x1f, 0xff, 0xfe, 0x1b, 0x80, 0x40,

    /* U+5728 "在" */
    0x0, 0xfe, 0x10, 0xf, 0xfe, 0x59, 0xf7, 0xea,
    0x80, 0x7f, 0xf2, 0x28, 0x0, 0x4e, 0x1, 0xff,
    0xc1, 0x55, 0xf9, 0xc0, 0x2, 0xea, 0xbf, 0xf0,
    0x85, 0x57, 0xc2, 0x0, 0x1a, 0xaf, 0xfe, 0x2,
    0x80, 0x7f, 0xf9, 0xfb, 0x77, 0x8, 0x5, 0x9b,
    0xbf, 0xfc, 0x14, 0x1, 0x22, 0x94, 0x40, 0xa,
    0x64, 0x50, 0xd5, 0x46, 0x45, 0xc0, 0x1c, 0x50,
    0x1, 0x40, 0x6, 0x47, 0x78, 0x80, 0x3f, 0xdc,
    0x1, 0x31, 0x0, 0x7f, 0xf1, 0xa0, 0xc0, 0x3,
    0x20, 0x1f, 0xfc, 0x65, 0x70, 0xa, 0xc1, 0x15,
    0x76, 0x80, 0x56, 0xab, 0x8c, 0x0, 0x94, 0x1,
    0x84, 0x22, 0xab, 0x28, 0x4, 0xf5, 0x5a, 0xc1,
    0x2c, 0x3, 0xff, 0x97, 0x0, 0x1f, 0xfc, 0xc9,
    0x0, 0xfd, 0x9f, 0xfa, 0x0, 0x2b, 0xff, 0xd0,
    0xa, 0x22, 0x90, 0xf, 0xfe, 0x13, 0x80, 0x7d,
    0x1a, 0xa0, 0x1f, 0xfc, 0xa6, 0x30, 0xf, 0xff,
    0x5a, 0x3b, 0xf6, 0x0, 0x54, 0xef, 0xc6, 0x1,
    0xfb, 0xa2, 0x39, 0x0, 0x26, 0x88, 0xe4, 0x0,
    0xff, 0xf2, 0x88, 0x7, 0xea, 0xff, 0xff, 0xe1,
    0xb0,

    /* U+5730 "地" */
    0x0, 0xff, 0xe7, 0x89, 0x9c, 0x1, 0xf9, 0xbf,
    0xdc, 0x1, 0xfc, 0xf9, 0x90, 0x7, 0xff, 0x3c,
    0x77, 0x64, 0x0, 0xff, 0xe4, 0x91, 0x42, 0x1,
    0xff, 0xd4, 0x27, 0xc7, 0x0, 0xff, 0xe3, 0xc,
    0x6e, 0xa0, 0xc4, 0x9, 0x7c, 0x2, 0x55, 0x0,
    0x7b, 0x80, 0x27, 0x20, 0xe, 0x5a, 0x60, 0xa,
    0xa8, 0x1, 0xa3, 0xdc, 0x3, 0xf1, 0x80, 0x7f,
    0x48, 0x4, 0x40, 0x1e, 0x10, 0xf, 0xfe, 0xb,
    0x80, 0x7f, 0x67, 0x8, 0x0, 0x41, 0xfe, 0x40,
    0x2f, 0x10, 0xc, 0x2c, 0xa0, 0x1, 0x30, 0xf,
    0xfe, 0xb, 0x80, 0x6b, 0x9c, 0x0, 0xe1, 0x0,
    0x38, 0x7, 0xe8, 0xe0, 0xf, 0xfe, 0x58, 0x80,
    0x7f, 0xc4, 0x1, 0x8, 0x7, 0xff, 0x1e, 0xf4,
    0x2, 0x30, 0xf, 0xfe, 0x39, 0x0, 0x42, 0x20,
    0xf, 0xfe, 0x3f, 0x80, 0x52, 0x1, 0xf8, 0xd8,
    0x3, 0xfc, 0xf5, 0x44, 0xb8, 0x40, 0x7, 0x0,
    0x59, 0x20, 0x1f, 0xe1, 0x55, 0x1, 0xbf, 0xd7,
    0xb8, 0x7, 0xfc, 0x4a, 0xa7, 0x0, 0x9c, 0x0,
    0x20, 0x1f, 0x8c, 0x2, 0x30, 0x4a, 0xa4, 0x80,
    0x78, 0xc8, 0x3, 0x24, 0x69, 0x80, 0x56, 0xab,
    0xf3, 0x98, 0x0, 0x78, 0xde, 0xfe, 0xdc, 0x84,
    0x40, 0x2, 0xaa, 0xfa, 0x0, 0x2e, 0x6c, 0x84,
    0x0, 0xe7, 0x0, 0xff, 0xe1, 0x20, 0x7, 0xf4,
    0xb9, 0x0, 0x7f, 0x8e, 0xc8,

    /* U+573A "场" */
    0x0, 0xbf, 0xe5, 0x0, 0xff, 0xe7, 0x2f, 0xff,
    0xff, 0x0, 0x80, 0x3f, 0xc6, 0x1, 0xff, 0xe3,
    0x49, 0x9e, 0x60, 0xe, 0x23, 0x0, 0x8, 0x80,
    0x23, 0x10, 0x26, 0x6c, 0x2c, 0x1, 0x9f, 0x44,
    0x7, 0xb8, 0x1, 0x4f, 0x48, 0x4, 0x7b, 0x0,
    0x11, 0xec, 0x0, 0x7f, 0xf0, 0xa7, 0x8, 0x0,
    0x33, 0x84, 0x1, 0xff, 0xc1, 0x4e, 0x60, 0x8,
    0xac, 0x91, 0x38, 0xc6, 0x20, 0x1, 0x2c, 0x6d,
    0x88, 0x6, 0x2a, 0xbb, 0xf4, 0x3, 0xb8, 0x2,
    0xf7, 0x40, 0xf, 0xfe, 0xd0, 0x80, 0x7f, 0x7f,
    0x90, 0x1, 0x5e, 0x20, 0xf, 0x60, 0x1, 0x80,
    0x7f, 0x85, 0x0, 0x8, 0x62, 0x4, 0x6, 0x0,
    0x10, 0xf, 0xf3, 0x0, 0x10, 0x50, 0x0, 0xe0,
    0x20, 0xf, 0x0, 0xf1, 0xb0, 0x2, 0x40, 0x1c,
    0x18, 0x0, 0xc0, 0x70, 0x0, 0x80, 0x7a, 0x64,
    0x30, 0x20, 0x4a, 0x48, 0x0, 0x40, 0x10, 0x8,
    0xa3, 0x0, 0x39, 0x1c, 0x1, 0x61, 0x40, 0x2,
    0x20, 0x18, 0x0, 0xe9, 0xcc, 0x3, 0xac, 0x0,
    0x6c, 0xc, 0x0, 0xa0, 0x0, 0x80, 0x7, 0xc0,
    0x39, 0x0, 0x40, 0x1c, 0x10, 0x20, 0x6, 0x1,
    0x0, 0x9c, 0x80, 0x9, 0x5e, 0xe0, 0x14, 0x92,
    0x38, 0x1, 0x84, 0x8, 0x2, 0x17, 0x9e, 0xb5,
    0x8, 0x0, 0x43, 0xd, 0x0, 0x5c, 0xcc, 0xf0,
    0x8, 0xc9, 0x84, 0x2, 0x4b, 0x97, 0x1c, 0x10,
    0x2, 0xc4, 0xc8, 0xc0, 0x2, 0x20, 0xf, 0x91,
    0x82, 0xc8, 0x0, 0xb6, 0x1, 0xe7, 0x0, 0xff,
    0xac, 0x80, 0xe8, 0x44, 0x1, 0x13, 0xc8, 0x7,
    0xfc, 0x38, 0xd8, 0x0, 0xef, 0xfb, 0x60, 0x0,

    /* U+57FA "基" */
    0x0, 0xe9, 0xdd, 0x50, 0x7, 0xe3, 0xdd, 0x88,
    0x3, 0xe1, 0x11, 0x14, 0xc2, 0x3f, 0x9c, 0x8a,
    0x61, 0x10, 0x6, 0xbe, 0xe2, 0x0, 0xf, 0xbb,
    0xf5, 0x80, 0x57, 0xdc, 0x30, 0xf, 0xfe, 0x8e,
    0x2a, 0x84, 0x0, 0x2a, 0xbf, 0x90, 0x2, 0x45,
    0x50, 0x80, 0x4f, 0x54, 0x50, 0x1, 0x44, 0x7e,
    0xe0, 0xa, 0x2a, 0x84, 0x1, 0xfc, 0x7b, 0xbf,
    0xa8, 0x3, 0xff, 0xbc, 0x7d, 0xdf, 0xac, 0x3,
    0xff, 0x88, 0x7d, 0xdf, 0xac, 0x3, 0xff, 0xbc,
    0x7d, 0xdf, 0xac, 0x3, 0xf9, 0xae, 0xe5, 0x0,
    0x15, 0x57, 0xe8, 0x0, 0xbe, 0xee, 0x0, 0x72,
    0x24, 0x20, 0x1, 0x44, 0xfc, 0x60, 0x11, 0xa2,
    0x42, 0x1, 0xff, 0xcf, 0x8f, 0xfb, 0x44, 0x2,
    0xcf, 0xfe, 0x50, 0x9, 0xbf, 0xf0, 0x80, 0x65,
    0xd1, 0x0, 0x49, 0x9a, 0x66, 0xa, 0x20, 0x3,
    0x60, 0x80, 0x71, 0x5d, 0x0, 0x4c, 0xe2, 0x8c,
    0xd0, 0x8b, 0x84, 0x0, 0x7c, 0xe0, 0x14, 0xea,
    0x0, 0x66, 0xee, 0x40, 0x5, 0xdc, 0xc1, 0x0,
    0xd1, 0xca, 0x8, 0x1, 0xd, 0x80, 0x7f, 0xf0,
    0x25, 0xc0, 0x21, 0x10, 0x58, 0x1, 0x3d, 0x1d,
    0xf2, 0x0, 0x4e, 0xf9, 0x62, 0xc8, 0xd, 0x1,
    0x8e, 0xac, 0x42, 0x23, 0x68, 0x5, 0x11, 0x8c,
    0x13, 0x66, 0x0, 0x2c, 0x8d, 0xdf, 0xa0, 0x2,
    0xdd, 0xfc, 0x68, 0x1, 0x88, 0xbf, 0x8, 0x4,
    0x45, 0xfc, 0x1, 0xff, 0xd0,

    /* U+590D "复" */
    0x0, 0xf3, 0xcb, 0x18, 0x7, 0xff, 0x24, 0x61,
    0xa7, 0x80, 0x3f, 0xf9, 0x36, 0x1, 0x1e, 0x67,
    0xff, 0xa, 0xc0, 0x39, 0x54, 0x1, 0x9, 0x9f,
    0xff, 0x9, 0x0, 0x31, 0x58, 0x7, 0xff, 0x33,
    0xc4, 0x1, 0x1b, 0xbf, 0xfc, 0x50, 0xa, 0xc8,
    0x2, 0xfa, 0xaf, 0xfe, 0x1b, 0x10, 0x2, 0x90,
    0x3, 0x3b, 0xff, 0xf1, 0x30, 0x2, 0x30, 0xf,
    0xfe, 0x6c, 0x98, 0x10, 0x5, 0xff, 0xff, 0x70,
    0x7, 0xed, 0xb4, 0x0, 0xbf, 0xff, 0xee, 0x0,
    0xfc, 0x28, 0x1, 0xff, 0xd2, 0xff, 0xff, 0xb8,
    0x3, 0xff, 0x85, 0xff, 0xff, 0x70, 0x7, 0xff,
    0x62, 0xa6, 0x42, 0x1, 0x3c, 0xcf, 0xfd, 0x60,
    0x1e, 0x36, 0xc1, 0x0, 0x10, 0x77, 0x7f, 0xc0,
    0x1f, 0x16, 0x28, 0x4, 0x4e, 0xff, 0xfc, 0x5,
    0x0, 0xe7, 0xd3, 0x0, 0xff, 0xe4, 0x8e, 0xc0,
    0x7, 0xcd, 0xbf, 0xf6, 0xb8, 0x80, 0x4a, 0xe0,
    0x10, 0xb0, 0x1, 0x3b, 0x8, 0x0, 0xdb, 0x4d,
    0x7a, 0xe2, 0x3, 0x54, 0x10, 0xd, 0x45, 0x56,
    0x27, 0xb0, 0x1, 0x2c, 0xa0, 0x4, 0xfc, 0xa0,
    0x1e, 0x1d, 0x74, 0x7a, 0xd8, 0x0, 0xfe, 0x7e,
    0xc9, 0x87, 0x20, 0x6, 0xfe, 0xdc, 0x29, 0x0,
    0x62, 0x51, 0x0, 0xc2, 0x6c, 0xf0, 0xe0, 0x1,
    0x0, 0xf0, 0xac, 0xee, 0xab, 0xb2, 0x10, 0x3,
    0xc8, 0x0, 0xb0, 0x14, 0x7a, 0xde, 0xa6, 0x20,
    0x8, 0xde, 0xff, 0x69, 0xd5, 0x42, 0x0, 0x7e,
    0xe5, 0xc2, 0x90, 0x7, 0xfc, 0x4b, 0x15, 0x40,

    /* U+5976 "奶" */
    0x0, 0xe, 0x62, 0xc4, 0x3, 0xff, 0x90, 0x46,
    0x64, 0x10, 0x9, 0x15, 0x7f, 0xe4, 0x0, 0xce,
    0x0, 0x10, 0xd, 0x35, 0x5f, 0xf7, 0x80, 0x62,
    0x0, 0x10, 0x7, 0xff, 0x1c, 0xdb, 0x40, 0x2,
    0xcd, 0x80, 0x3f, 0xf8, 0x77, 0x28, 0x0, 0x29,
    0x9a, 0x37, 0xc4, 0x0, 0xdf, 0xed, 0x0, 0x8c,
    0x3, 0xff, 0x8a, 0x20, 0xa, 0x0, 0xa8, 0x3,
    0xff, 0x84, 0x20, 0x1c, 0xc0, 0x4, 0x20, 0x4,
    0x78, 0x5, 0xda, 0x0, 0x30, 0xe, 0xf0, 0x51,
    0x0, 0x70, 0x6, 0x20, 0x8, 0x58, 0x0, 0xe0,
    0x1c, 0x21, 0xc0, 0x11, 0xb3, 0x4, 0x18, 0x0,
    0x60, 0x40, 0x2, 0x1, 0x0, 0xe7, 0x0, 0xa6,
    0x62, 0x3, 0x0, 0x28, 0x78, 0x3, 0x40, 0xc0,
    0x23, 0x0, 0xfc, 0x21, 0xa0, 0xf, 0x4, 0x0,
    0x38, 0x8, 0x4, 0x20, 0x89, 0x18, 0x4, 0x60,
    0xe0, 0x5, 0x12, 0x0, 0x10, 0x30, 0x4, 0xc1,
    0x17, 0x6f, 0x0, 0xc2, 0x40, 0x6, 0x70, 0x2,
    0x0, 0x8, 0x2, 0x30, 0xc, 0xe0, 0x10, 0x90,
    0x5, 0x50, 0x0, 0xc0, 0x7, 0x0, 0x42, 0x1,
    0x84, 0x3, 0x1c, 0x80, 0x42, 0x0, 0x50, 0x2,
    0x80, 0xc, 0x3, 0x8c, 0x3, 0x9a, 0x40, 0x30,
    0x90, 0x9, 0x80, 0x14, 0x3, 0x84, 0x3, 0xcc,
    0xe0, 0x10, 0xd0, 0x38, 0x5, 0xe0, 0x1f, 0x84,
    0x2, 0x16, 0x0, 0xcb, 0x14, 0x1, 0x38, 0x7,
    0x78, 0x7, 0xa8, 0x40, 0x30, 0xf1, 0x80, 0x10,
    0x40, 0x39, 0x0, 0x6, 0x0, 0x84, 0x0, 0x1c,
    0x5, 0x58, 0x5, 0xc0, 0x93, 0x36, 0x18, 0x0,
    0x41, 0x5c, 0x0, 0x3c, 0xf9, 0x82, 0x0, 0x1a,
    0x80, 0x19, 0xa3, 0x0, 0x94, 0x1c, 0x40, 0x14,
    0x40, 0x6a, 0x1, 0x40, 0x1, 0x40, 0x3e, 0xa0,
    0x2d, 0x8, 0x40, 0xb, 0xc, 0x19, 0x0, 0x2,
    0x20, 0x8, 0x52, 0xcc, 0x0, 0x7a, 0xe0, 0x18,
    0x71, 0xa4, 0x3, 0x77, 0xfd, 0xd6, 0x80, 0x0,

    /* U+5B57 "字" */
    0x0, 0xff, 0xe0, 0x88, 0x7, 0xff, 0x26, 0xfb,
    0xf9, 0xc0, 0x3f, 0xf9, 0x2, 0x20, 0x4, 0x80,
    0x7f, 0xcf, 0x11, 0xf8, 0x3, 0xc, 0xc4, 0x7c,
    0xe0, 0x9, 0x77, 0xfc, 0xa0, 0x19, 0x9d, 0xfe,
    0x80, 0xf, 0xff, 0x5a, 0xff, 0xff, 0xf0, 0xd0,
    0x3, 0xf8, 0x4c, 0xff, 0xf8, 0x22, 0x1, 0xfc,
    0x71, 0x99, 0xff, 0xc1, 0x90, 0xf, 0x77, 0xfa,
    0x40, 0x3f, 0xf8, 0x77, 0xff, 0x0, 0x7f, 0xf4,
    0xe3, 0x33, 0xe6, 0x0, 0xc5, 0x60, 0x1f, 0xe1,
    0x33, 0xe1, 0x86, 0x0, 0x97, 0x4c, 0x3, 0xff,
    0x86, 0x3a, 0x80, 0x14, 0xd0, 0x7, 0xc2, 0xcd,
    0xfd, 0x20, 0x19, 0x81, 0x9b, 0xe1, 0x59, 0x9f,
    0xe7, 0x0, 0xcd, 0x33, 0xf8, 0x80, 0x3f, 0xfc,
    0xc9, 0xff, 0xfd, 0xa0, 0x12, 0x7f, 0xff, 0x18,
    0x7, 0xff, 0xb1, 0x19, 0xa8, 0x0, 0xff, 0xe4,
    0x1c, 0xcc, 0xa0, 0x10, 0x80, 0x7f, 0xf1, 0xc,
    0x3, 0xef, 0x0, 0xff, 0xe2, 0x28, 0x7, 0x13,
    0xa8, 0x7, 0xf8,

    /* U+5B58 "存" */
    0x0, 0xfd, 0x57, 0x2e, 0x1, 0xff, 0xc8, 0x25,
    0x46, 0xa0, 0xf, 0xfe, 0x13, 0x37, 0xa0, 0x2,
    0x66, 0xff, 0xe0, 0x88, 0xa6, 0x7c, 0xa0, 0x12,
    0x4c, 0xff, 0xf0, 0x14, 0x3, 0xff, 0x9a, 0x23,
    0xe0, 0xc, 0x23, 0xff, 0xc2, 0x0, 0x77, 0x69,
    0x0, 0x8f, 0xbb, 0xff, 0x84, 0x80, 0x18, 0x60,
    0x2, 0xf4, 0x4f, 0xfe, 0x9, 0x0, 0x75, 0x0,
    0x4a, 0x57, 0x7f, 0xfc, 0x18, 0x0, 0xce, 0x80,
    0x1, 0xb0, 0xf, 0xfe, 0x32, 0xc0, 0x5, 0x62,
    0x20, 0xf, 0xfe, 0x21, 0xd0, 0x6, 0x40, 0x7,
    0xff, 0xb9, 0x80, 0x32, 0xd8, 0x1e, 0x0, 0x7f,
    0xf0, 0x63, 0x98, 0x0, 0x57, 0x42, 0x1e, 0x1,
    0xff, 0xc1, 0x27, 0x0, 0x9f, 0x50, 0x2, 0xb0,
    0xf, 0xb3, 0x77, 0xb0, 0x3, 0x2e, 0xee, 0x95,
    0x2, 0x90, 0xc, 0x45, 0xe1, 0x0, 0xc4, 0x5c,
    0x64, 0xb8, 0x60, 0x1f, 0xfc, 0xaa, 0x10, 0xe,
    0xba, 0xae, 0x80, 0x9, 0x2a, 0xba, 0x40, 0x3f,
    0x2a, 0xfc, 0x1, 0x1a, 0xaf, 0x18, 0x7, 0xff,
    0xc0, 0x99, 0xa9, 0x0, 0xff, 0xe4, 0xcc, 0xc8,
    0x1, 0x70, 0x7, 0xff, 0x10, 0x80, 0x3c, 0x2e,
    0x1, 0xff, 0xc5, 0x52, 0x28, 0xdb, 0x4, 0x3,
    0xc0,

    /* U+5B89 "安" */
    0x0, 0xff, 0xe0, 0x90, 0x80, 0x7f, 0xf2, 0x27,
    0xbf, 0x74, 0x1, 0xff, 0xc8, 0xc1, 0x0, 0x19,
    0x80, 0x3f, 0xc4, 0xef, 0xf8, 0x80, 0x34, 0x3b,
    0xfc, 0xc0, 0x4, 0x88, 0xfe, 0x0, 0xc9, 0x11,
    0xf4, 0x80, 0x7f, 0xfb, 0x33, 0xfe, 0x56, 0xcf,
    0xff, 0xcc, 0x1, 0xff, 0xc0, 0x35, 0x6c, 0xd0,
    0xf, 0xfe, 0xa, 0x55, 0x44, 0x0, 0x90, 0x9,
    0x40, 0x3e, 0xaa, 0xc0, 0x2, 0x55, 0x84, 0xd,
    0x40, 0x2a, 0x0, 0xf8, 0xd5, 0x60, 0x2f, 0xff,
    0x60, 0x6, 0xdf, 0xff, 0xfa, 0x40, 0x3f, 0xfc,
    0xc5, 0x55, 0x94, 0x2, 0x1a, 0xaf, 0x8, 0x5,
    0x15, 0x58, 0x15, 0x64, 0x40, 0x5, 0x6a, 0xbc,
    0x2, 0x0, 0x27, 0x55, 0x8c, 0x3, 0x40, 0x80,
    0x4c, 0x1, 0xd0, 0x1, 0x40, 0x7, 0xe4, 0x60,
    0xd, 0x9a, 0xe2, 0x14, 0x40, 0x3, 0x50, 0xf,
    0xcb, 0x26, 0x1, 0x8a, 0x3b, 0x54, 0x2, 0xe0,
    0xf, 0xe1, 0x6c, 0xc3, 0x0, 0x71, 0x0, 0x50,
    0x40, 0x1f, 0xfc, 0x3, 0x9e, 0x40, 0xf, 0xa2,
    0xd4, 0x3, 0xfc, 0x6d, 0x5c, 0x80, 0x1f, 0x92,
    0xba, 0x4, 0x2, 0x8b, 0xdf, 0xc9, 0x50, 0xe,
    0x67, 0x0, 0xe1, 0x7e, 0xa0, 0x3, 0x21, 0x0,
    0x78, 0x5f, 0xa6, 0x3e, 0x48, 0x3, 0x84, 0x0,
    0x80, 0x1c, 0x2b, 0x7d, 0x2, 0x1, 0x36, 0xd1,
    0x80, 0x50, 0x0, 0xf0, 0x25, 0x9d, 0xea, 0x40,
    0xf, 0xcb, 0x98, 0x44, 0x18, 0x1, 0x7f, 0x69,
    0x88, 0x3, 0xff, 0x82, 0x77, 0x60, 0x0,

    /* U+5B8C "完" */
    0x0, 0xff, 0x4d, 0xe6, 0xb0, 0x7, 0xff, 0x21,
    0x10, 0x65, 0x80, 0x1f, 0xf2, 0x2a, 0xfe, 0x10,
    0x9, 0x15, 0x7f, 0x20, 0x2, 0x6a, 0xbf, 0x18,
    0x4, 0x35, 0x5f, 0xa4, 0x3, 0xff, 0xd6, 0xbf,
    0xff, 0xfc, 0x32, 0x0, 0xff, 0xe9, 0x6f, 0xd2,
    0x77, 0x7f, 0xf0, 0xcf, 0xbf, 0x40, 0x38, 0x47,
    0xff, 0x8a, 0x1, 0xff, 0xd4, 0x5d, 0xdf, 0xfe,
    0x28, 0x80, 0x7c, 0x45, 0xff, 0xc5, 0x0, 0xed,
    0xee, 0xff, 0xe4, 0xd8, 0x0, 0xc4, 0x7f, 0xf9,
    0x2e, 0x1, 0xff, 0xcf, 0xb9, 0x9c, 0xe0, 0x11,
    0xcc, 0x90, 0x2, 0x99, 0xf4, 0x0, 0x15, 0x9b,
    0x70, 0x4, 0x8c, 0xc2, 0x0, 0x99, 0xb7, 0x83,
    0x80, 0x7d, 0xa0, 0x17, 0x0, 0x7f, 0x9a, 0x71,
    0x80, 0x39, 0x50, 0x2, 0x70, 0xf, 0xfe, 0x9,
    0x80, 0x67, 0xa0, 0x9, 0x44, 0x3, 0xc2, 0x0,
    0x10, 0x8, 0x40, 0x5b, 0x60, 0x2, 0x1b, 0x0,
    0x84, 0x2, 0x63, 0x34, 0x80, 0x4e, 0x1d, 0x24,
    0x1, 0xe, 0x88, 0x5, 0xc0, 0x14, 0x66, 0x1c,
    0x2, 0x20, 0x70, 0xc, 0x9e, 0x60, 0x19, 0xc0,
    0x3f, 0x90, 0x42, 0x4, 0xe, 0xec, 0x20, 0x1c,
    0x38, 0x60, 0x1c, 0x2d, 0x40, 0x15, 0x66, 0x10,
    0x3, 0xf1, 0xe7, 0xff, 0x74, 0x88, 0x0,

    /* U+5B9A "定" */
    0x0, 0xff, 0xab, 0x37, 0x98, 0x3, 0xff, 0x92,
    0xc6, 0x43, 0x80, 0x1f, 0xfc, 0x5, 0x5f, 0xe7,
    0x0, 0x91, 0x57, 0xf8, 0x2, 0xba, 0xaf, 0xc8,
    0x1, 0xd, 0x57, 0xeb, 0x0, 0xff, 0xea, 0x88,
    0xff, 0xf0, 0xc0, 0x3f, 0xcf, 0xdd, 0xff, 0xc3,
    0x80, 0xf, 0x11, 0x5e, 0x1, 0xff, 0xc3, 0x12,
    0x28, 0x2, 0xe3, 0x34, 0xf7, 0x7f, 0xf0, 0xe0,
    0xcd, 0xa0, 0x18, 0x47, 0xff, 0x92, 0x1, 0xff,
    0xd2, 0x2a, 0xaf, 0xe0, 0x8, 0xea, 0xbf, 0x8,
    0x6, 0x55, 0x22, 0xaf, 0x80, 0x26, 0x55, 0xfc,
    0x1, 0xf7, 0x7f, 0x30, 0x7, 0xff, 0x24, 0x80,
    0x2, 0x1, 0xf0, 0xa2, 0x7c, 0x20, 0x1e, 0x70,
    0x8, 0x80, 0x3c, 0x97, 0x7f, 0x20, 0x7, 0xb0,
    0x2, 0x50, 0xf, 0xfe, 0x4a, 0x0, 0x42, 0x1,
    0xff, 0xc8, 0x42, 0x0, 0xa8, 0x3, 0xcb, 0xff,
    0xf2, 0x80, 0x74, 0x0, 0x65, 0xa1, 0x0, 0xff,
    0xe2, 0xb1, 0x80, 0x72, 0xfc, 0x80, 0x7f, 0xf0,
    0xce, 0x40, 0x2a, 0x40, 0x0, 0xb0, 0x4, 0xbf,
    0xff, 0xd2, 0x1c, 0x1, 0x22, 0xdb, 0x80, 0x7f,
    0xf1, 0x30, 0x38, 0x0, 0x34, 0x0, 0x8d, 0x61,
    0x0, 0xff, 0xe0, 0xb8, 0x1d, 0x8e, 0x88, 0x4,
    0x53, 0xdb, 0x75, 0x33, 0xfd, 0x44, 0x0, 0x4f,
    0x30, 0xf, 0x89, 0x15, 0x9b, 0xf9, 0x40,

    /* U+5B9E "实" */
    0x0, 0xff, 0x9, 0x22, 0x98, 0x7, 0xff, 0x22,
    0x76, 0xeb, 0x80, 0x3f, 0xf9, 0x16, 0x1, 0x11,
    0x0, 0x3f, 0xd7, 0xff, 0xfb, 0x0, 0x36, 0xff,
    0xfe, 0x10, 0x70, 0xf, 0xff, 0x41, 0x55, 0x1e,
    0xab, 0xff, 0x80, 0xc0, 0x1f, 0x99, 0x41, 0xf9,
    0x95, 0x64, 0x0, 0x9d, 0x55, 0xc0, 0x1f, 0xe9,
    0x4, 0xca, 0x20, 0x2a, 0xa9, 0x40, 0x3f, 0x7d,
    0xda, 0x44, 0x3, 0x2e, 0xc3, 0x80, 0x79, 0x6a,
    0xa1, 0x3, 0x44, 0x1, 0xe5, 0x90, 0x7, 0xe1,
    0x0, 0x12, 0xac, 0x1, 0xd1, 0xb2, 0xbb, 0x22,
    0x12, 0x20, 0x1f, 0xfc, 0x22, 0x50, 0x6e, 0x86,
    0xea, 0x10, 0xc, 0x60, 0x1f, 0xe6, 0x10, 0x9,
    0xf9, 0x94, 0xc, 0x2, 0x10, 0xf, 0xf2, 0x73,
    0x80, 0x43, 0x22, 0x2, 0x1, 0x38, 0x7, 0xe5,
    0x5d, 0xb0, 0x20, 0x4, 0x42, 0xe0, 0x4, 0xab,
    0xf1, 0xd, 0x57, 0x40, 0x80, 0x12, 0xa8, 0x80,
    0x14, 0xd5, 0x79, 0x40, 0x3f, 0xfc, 0xa2, 0x2f,
    0xff, 0xee, 0x30, 0xd, 0x9f, 0xff, 0x30, 0x7,
    0xe1, 0x8e, 0x30, 0xd, 0x98, 0x60, 0xf, 0xf8,
    0x9a, 0xf9, 0xc0, 0x3e, 0x39, 0xe8, 0x20, 0xc,
    0x6f, 0x5d, 0xb2, 0x80, 0x18, 0xa9, 0xc0, 0x30,
    0xbe, 0xda, 0x0, 0x2e, 0x14, 0x40, 0x38, 0x5f,
    0x56, 0x3e, 0x4, 0x3, 0x25, 0x98, 0x50, 0x7,
    0x8e, 0x7a, 0x0, 0x33, 0xf5, 0x10, 0x4, 0x86,
    0x4, 0x80, 0x2b, 0x3d, 0x8c, 0x1, 0xf9, 0x76,
    0xcc, 0x3c, 0x2, 0x9d, 0xea, 0x61, 0x0, 0xff,
    0xe0, 0x26, 0x6a, 0x0,

    /* U+5BF9 "对" */
    0x0, 0xff, 0xf0, 0x8f, 0xfd, 0x20, 0x1f, 0xfd,
    0x2f, 0xff, 0xf2, 0x0, 0x7f, 0xf0, 0x84, 0x3,
    0xfc, 0x20, 0x1f, 0xfc, 0xe8, 0x8f, 0x48, 0x4,
    0xb0, 0xc0, 0x2c, 0xde, 0x40, 0x8, 0xdd, 0xfe,
    0x0, 0x8d, 0xec, 0x1, 0x32, 0x89, 0x9b, 0x0,
    0x25, 0x0, 0xff, 0xe1, 0x8d, 0x60, 0x5, 0xa0,
    0x1, 0x20, 0xf, 0xfe, 0x11, 0x7a, 0x95, 0x0,
    0x10, 0x0, 0x83, 0xff, 0xee, 0x0, 0x9b, 0xf4,
    0x8, 0xc0, 0xa, 0xc6, 0x20, 0xc, 0x0, 0x30,
    0x7, 0xff, 0x7, 0x80, 0x29, 0x90, 0x4, 0x85,
    0x93, 0x20, 0xf, 0xfe, 0x1, 0xc0, 0x4, 0xa0,
    0x3, 0x29, 0x30, 0x64, 0x0, 0xff, 0xe0, 0x39,
    0x80, 0x75, 0x84, 0x80, 0x52, 0x1, 0xff, 0xc1,
    0xe0, 0xe, 0x60, 0x28, 0x0, 0x14, 0x80, 0x7f,
    0xf0, 0xa, 0x0, 0x21, 0x10, 0x1, 0xc8, 0x0,
    0xc6, 0x1, 0xff, 0xc0, 0xc0, 0x8, 0x64, 0x2,
    0xe0, 0xa, 0x0, 0x3f, 0xe4, 0x40, 0x6, 0x64,
    0x0, 0x1b, 0x3, 0x50, 0x7, 0xfd, 0x40, 0x1e,
    0xa1, 0x0, 0x45, 0xc8, 0x80, 0x7f, 0xa8, 0x40,
    0xa, 0x80, 0x1, 0xb0, 0x0, 0xa0, 0x7, 0xfc,
    0xca, 0x0, 0x1b, 0xa0, 0x9, 0x54, 0x1, 0xff,
    0xc1, 0x39, 0x0, 0xac, 0x45, 0x20, 0x1f, 0xfc,
    0x11, 0x0, 0xb4, 0x2, 0x55, 0x0, 0x18, 0xcb,
    0x54, 0x1e, 0xaa, 0xc0, 0xf, 0xac, 0x0, 0x54,
    0x1, 0xb7, 0x44, 0x0, 0xd5, 0x58, 0x80, 0x2e,
    0x0, 0x96, 0x3, 0xc0, 0x38, 0x40, 0x36, 0x0,
    0x78, 0x5c, 0x3, 0x3e, 0x90, 0x7, 0xf9, 0x40,
    0x30, 0xae, 0x8, 0x0,

    /* U+5C01 "封" */
    0x0, 0xe2, 0x28, 0x40, 0x3f, 0xc2, 0x30, 0x7,
    0xec, 0xdd, 0x58, 0x7, 0xfb, 0xfb, 0x90, 0x1,
    0xff, 0xd0, 0x24, 0x48, 0x2, 0x14, 0x48, 0x40,
    0x3f, 0xf8, 0x31, 0x77, 0x8, 0x1, 0x2e, 0xe6,
    0x0, 0xff, 0xe6, 0xa4, 0x47, 0x8, 0x1, 0x21,
    0x0, 0x3f, 0xf8, 0x38, 0xef, 0xc0, 0x11, 0xbe,
    0x85, 0x7f, 0xc2, 0x0, 0x5f, 0xf9, 0xc0, 0x3f,
    0xf9, 0xba, 0xab, 0xc0, 0x11, 0x2f, 0xaf, 0xfe,
    0x10, 0x2, 0xff, 0xda, 0xb5, 0x5c, 0x20, 0x5,
    0xa6, 0x0, 0xff, 0xe0, 0x18, 0x0, 0x80, 0x3f,
    0xf9, 0x47, 0x7a, 0x80, 0x1f, 0x92, 0xef, 0xfe,
    0xa4, 0x40, 0x78, 0x7, 0xe1, 0x44, 0xd1, 0x54,
    0xc4, 0x4c, 0xc0, 0x4, 0x30, 0xf, 0xfe, 0x1,
    0x8, 0x88, 0x3, 0xb, 0x0, 0x24, 0x3, 0xf5,
    0x77, 0x42, 0x0, 0x5e, 0xea, 0x2, 0xc0, 0xa,
    0x20, 0x1f, 0x30, 0x8c, 0x1, 0x84, 0x70, 0x12,
    0x0, 0x24, 0x3, 0xff, 0x93, 0xe3, 0x10, 0x0,
    0xfa, 0x62, 0x20, 0x8, 0xe2, 0x2a, 0x0, 0x27,
    0x38, 0x7, 0xe5, 0x77, 0x84, 0x0, 0xce, 0xf1,
    0x80, 0x7f, 0xf2, 0x44, 0x91, 0x84, 0x3, 0xff,
    0x80, 0x48, 0xae, 0x20, 0x5, 0xed, 0xb9, 0x20,
    0xe, 0x10, 0xe, 0xad, 0xba, 0x80, 0xf, 0xf2,
    0xac, 0xe0, 0x17, 0x80, 0xc, 0x3, 0xff, 0x80,
    0x21, 0x55, 0x40, 0x4, 0x20, 0xe, 0x0, 0xf1,
    0x22, 0xbc, 0x51, 0x1, 0x80, 0x79, 0xc0, 0x9,
    0x15, 0x7b, 0xfe, 0xdb, 0xa8, 0x75, 0x0, 0x28,
    0x4, 0x29, 0x82, 0x0,

    /* U+5C31 "就" */
    0x0, 0xf0, 0x9a, 0x98, 0x7, 0x84, 0x60, 0xf,
    0xfe, 0xf, 0xe5, 0x48, 0x7, 0x1f, 0x74, 0x20,
    0xe4, 0x1, 0xfc, 0xe0, 0x4, 0x0, 0xff, 0x54,
    0x61, 0x0, 0x6e, 0xff, 0x98, 0x0, 0x3f, 0xf6,
    0x0, 0x71, 0xa0, 0xe, 0x10, 0x4, 0x20, 0x1f,
    0xe1, 0x0, 0xe2, 0xc1, 0x1, 0xf0, 0xf, 0xfe,
    0x23, 0x80, 0x62, 0xd0, 0x5, 0x80, 0x57, 0x7f,
    0xf7, 0x8, 0x80, 0x22, 0x12, 0x87, 0x70, 0x4,
    0x89, 0xff, 0x1f, 0x50, 0x5, 0xbd, 0xc8, 0x7e,
    0x60, 0x2, 0x7f, 0xff, 0x98, 0x3, 0xff, 0xc0,
    0x45, 0x80, 0x36, 0x38, 0x5, 0x99, 0xe7, 0x0,
    0xe2, 0xdd, 0xc6, 0x1, 0x1f, 0x80, 0x4, 0xcf,
    0xc2, 0x1, 0xff, 0xc3, 0xf0, 0x0, 0xee, 0xa0,
    0x3, 0xf8, 0xbf, 0xf1, 0x80, 0x62, 0x0, 0x88,
    0x86, 0x1, 0xff, 0xc7, 0x60, 0xf, 0xfe, 0x59,
    0x81, 0x0, 0x4, 0x3, 0xf9, 0x3f, 0xeb, 0x0,
    0xbf, 0xd6, 0xa2, 0x20, 0x2, 0x80, 0x7f, 0xbb,
    0x18, 0x3, 0x37, 0x5a, 0x20, 0x2, 0x30, 0xc,
    0x40, 0x19, 0x4, 0xe0, 0x3, 0x70, 0x87, 0x78,
    0x0, 0x78, 0x3, 0x7f, 0xa0, 0x1, 0xc0, 0x7,
    0x0, 0xd6, 0x0, 0x55, 0x0, 0x1c, 0x3, 0x8c,
    0x8, 0x0, 0xa0, 0xd, 0x0, 0xc6, 0x20, 0x40,
    0x16, 0x80, 0x7f, 0x30, 0x0, 0x50, 0x3, 0xab,
    0x80, 0x22, 0x40, 0xf, 0x8c, 0x28, 0x0, 0x82,
    0x60, 0x1, 0x4, 0x72, 0x0, 0x50, 0x6, 0x72,
    0x10, 0x10, 0xa1, 0x5, 0xe8, 0x0, 0xc3, 0x0,
    0x1, 0x70, 0x20, 0x1, 0xe8, 0x3, 0xc1, 0xba,
    0x50, 0x3, 0x28, 0x10, 0x5, 0x20, 0x5, 0x0,
    0xf2, 0x0, 0x4c, 0x60, 0x11, 0x48, 0x1f, 0x98,
    0xb8, 0x0, 0x68, 0x80, 0x3, 0x6, 0x1, 0xa3,
    0xb9, 0xfa, 0x40, 0x1, 0xcc, 0x0, 0x65, 0xdf,
    0xf7, 0x38, 0x0,

    /* U+5C42 "层" */
    0x0, 0x37, 0x77, 0xff, 0x23, 0x0, 0x21, 0x1f,
    0xfe, 0x50, 0x7, 0xff, 0x53, 0xff, 0xff, 0x84,
    0xa0, 0x1f, 0xfd, 0x7e, 0xef, 0xfe, 0x12, 0x80,
    0x7f, 0x84, 0x7f, 0xf8, 0x40, 0x1f, 0xfd, 0x8f,
    0xff, 0xfe, 0x2e, 0x80, 0x7e, 0x23, 0x3f, 0xfe,
    0x18, 0x7, 0xf4, 0xe6, 0x7f, 0xf0, 0xc0, 0x37,
    0x80, 0x7f, 0xf4, 0x71, 0x13, 0xff, 0x86, 0x1,
    0x84, 0x3, 0x3d, 0xdf, 0xff, 0xc, 0x3, 0x18,
    0x0, 0x6f, 0xff, 0xff, 0x8a, 0x60, 0x1, 0x0,
    0x18, 0x7, 0xff, 0x19, 0xc0, 0xc, 0x0, 0x60,
    0xf, 0xfe, 0x40, 0x90, 0x0, 0xaf, 0xfd, 0x0,
    0x12, 0x7f, 0xd6, 0x21, 0x7f, 0xf2, 0x2, 0x0,
    0x58, 0x0, 0x68, 0x0, 0x15, 0x80, 0x6, 0xc4,
    0x28, 0x80, 0x37, 0x0, 0x48, 0xf, 0x20, 0x2,
    0xc0, 0x0, 0x9b, 0x0, 0x7, 0x4, 0x0, 0x68,
    0x0, 0x31, 0x68, 0x0, 0x8b, 0xbf, 0xdd, 0xac,
    0x1, 0xe, 0x80, 0x28, 0x2, 0xa0, 0x30, 0xf,
    0xfe, 0x19, 0xd8, 0x4a, 0x0, 0xb0, 0x20, 0x7,
    0xf0, 0x91, 0xa0, 0x80, 0x18, 0x42, 0xd6, 0x0,
    0x3, 0x54, 0xbb, 0x66, 0xf7, 0xfb, 0xb7, 0x2f,
    0x4, 0xf0, 0x40, 0x14, 0xc0, 0x12, 0xa9, 0x10,
    0x64, 0x20, 0x1e, 0x2d, 0xc1, 0x0,

    /* U+5C4F "屏" */
    0x0, 0x9, 0x17, 0xff, 0x20, 0x40, 0x29, 0xdd,
    0xff, 0xe4, 0x58, 0x7, 0xff, 0x50, 0x47, 0xff,
    0x84, 0x1, 0xff, 0x77, 0x7f, 0xf0, 0x80, 0x3f,
    0xee, 0xef, 0xfe, 0x10, 0x7, 0xfc, 0x23, 0xff,
    0xc2, 0x0, 0xff, 0xec, 0x77, 0xfb, 0xa4, 0x57,
    0xff, 0x31, 0x46, 0xff, 0xa8, 0x3, 0xe1, 0x0,
    0x3c, 0x8a, 0x90, 0x0, 0x58, 0xa3, 0xc0, 0x3f,
    0xe1, 0x12, 0x0, 0x56, 0x22, 0x90, 0xa, 0xc4,
    0x60, 0x8, 0x40, 0x37, 0x73, 0x40, 0x26, 0xee,
    0x38, 0x5, 0x3d, 0xca, 0x0, 0xff, 0xf4, 0x98,
    0x0, 0x43, 0xfd, 0x60, 0x16, 0xff, 0xb4, 0x2,
    0xaf, 0xf5, 0x80, 0x4c, 0x0, 0x30, 0xf, 0xfe,
    0x49, 0x0, 0x1b, 0x3f, 0xd6, 0x1, 0x6f, 0xfb,
    0x40, 0x2a, 0xff, 0xa0, 0x0, 0x20, 0x2, 0x0,
    0xff, 0xe3, 0x8, 0x18, 0x5, 0xe0, 0x1f, 0xfc,
    0x84, 0x0, 0x97, 0x76, 0x50, 0x0, 0xee, 0xd6,
    0x1, 0x46, 0xed, 0x1, 0x40, 0x1, 0x31, 0x23,
    0x40, 0x2, 0x11, 0x4c, 0x1, 0x11, 0x61, 0x42,
    0x0, 0x20, 0x5, 0x42, 0x0, 0xf0, 0xf, 0xfe,
    0x7, 0x0, 0x5e, 0x3, 0x68, 0x0, 0x25, 0x0,
    0xff, 0xe0, 0x59, 0x0, 0xa8, 0x12, 0x0, 0x5e,
    0x1, 0xff, 0xc1, 0x1d, 0x49, 0x0, 0x1e, 0x0,
    0xe1, 0x0, 0x7f, 0xf0, 0xed, 0xc0, 0x23, 0xcc,
    0x18, 0x7, 0x17, 0xfc, 0xa0, 0x18,

    /* U+5DE6 "左" */
    0x0, 0xff, 0xec, 0x77, 0xed, 0x0, 0x7f, 0xf2,
    0x48, 0x40, 0x84, 0x3, 0xff, 0x92, 0x80, 0x16,
    0x0, 0x7f, 0xf0, 0xa2, 0x67, 0xd6, 0x1, 0x64,
    0xcf, 0xfc, 0x20, 0x6, 0x6f, 0x88, 0x2, 0x46,
    0x6f, 0xf8, 0xc0, 0x3f, 0xfd, 0x5d, 0xff, 0xb8,
    0x40, 0x2d, 0xff, 0xff, 0xe0, 0x10, 0x7, 0xc8,
    0x20, 0x3, 0x20, 0xf, 0xfe, 0x44, 0x80, 0x54,
    0x1, 0xff, 0xc8, 0x33, 0x0, 0x4e, 0x1, 0xff,
    0xc8, 0x80, 0xd, 0xdf, 0xff, 0xf6, 0x80, 0x7c,
    0x88, 0x0, 0xff, 0xe6, 0x48, 0x7, 0xff, 0x32,
    0x48, 0x0, 0x2e, 0xf8, 0xc0, 0x25, 0x77, 0xeb,
    0x0, 0xe4, 0x60, 0xa, 0xa2, 0x32, 0x0, 0x5d,
    0x11, 0xcc, 0x1, 0x8a, 0x80, 0x25, 0x40, 0xf,
    0xfe, 0x30, 0xf8, 0x80, 0xa, 0x80, 0x3f, 0xf8,
    0xfa, 0x40, 0x17, 0x0, 0x7f, 0xf2, 0x4, 0x2,
    0xa3, 0x0, 0xff, 0xe4, 0x48, 0x1, 0x89, 0xdf,
    0xe3, 0x0, 0xb9, 0xdf, 0xe1, 0x4, 0x56, 0xb8,
    0x8f, 0xc8, 0x1, 0x2c, 0x47, 0xc6, 0x0, 0xb9,
    0x0, 0xff, 0xe6, 0x8, 0x7, 0xff, 0x2c,

    /* U+5DF2 "已" */
    0x1f, 0xff, 0xfe, 0x40, 0x80, 0xc, 0x3, 0xff,
    0xc6, 0x67, 0xff, 0xc5, 0x0, 0xf8, 0x73, 0x3f,
    0xf8, 0x84, 0x1, 0xff, 0xd3, 0xbc, 0xc8, 0x3,
    0xff, 0x90, 0xa6, 0x70, 0x80, 0x7f, 0xf2, 0xcc,
    0x47, 0xfe, 0x0, 0xff, 0xe0, 0x6f, 0x77, 0xfc,
    0x40, 0x1f, 0xfe, 0xf6, 0x6f, 0xfe, 0x20, 0x80,
    0x7d, 0x13, 0x3f, 0xfc, 0x30, 0xf, 0xfe, 0x51,
    0x8, 0x7, 0xff, 0x2a, 0xfb, 0x68, 0x40, 0x3f,
    0xf8, 0xe6, 0x4, 0xa6, 0x1, 0xff, 0xcb, 0x30,
    0xe, 0x30, 0xf, 0xfe, 0xb, 0x0, 0x42, 0x6,
    0x1, 0x59, 0x8, 0xff, 0x89, 0xc, 0x3, 0x84,
    0x2, 0x6d, 0xee, 0xff, 0x6d, 0x80, 0x46, 0x0,
    0xb0, 0xf, 0xfe, 0x42, 0x0, 0x1d, 0x0, 0x3f,
    0xf8, 0xc5, 0x20, 0x15, 0xd9, 0xd9, 0x57, 0xff,
    0x80, 0xcf, 0x5a, 0x20,

    /* U+5E76 "并" */
    0x0, 0xf8, 0x40, 0x3f, 0xf9, 0x71, 0xcc, 0x1,
    0xf5, 0xe3, 0x8, 0x7, 0xf0, 0xeb, 0x84, 0xa0,
    0x7, 0x22, 0xe, 0x78, 0x40, 0x3f, 0xb, 0x80,
    0x54, 0x40, 0x1a, 0x40, 0x27, 0x10, 0xf, 0xea,
    0x20, 0x0, 0xf0, 0x4, 0xe4, 0x0, 0x18, 0x0,
    0xf2, 0xbb, 0xf0, 0x4, 0xce, 0xf4, 0x0, 0x4a,
    0xef, 0x8c, 0x1, 0xd1, 0x19, 0x40, 0x25, 0x88,
    0x80, 0x32, 0x44, 0x64, 0x0, 0xff, 0xf4, 0x5f,
    0xfd, 0x60, 0x13, 0x7f, 0xf3, 0x80, 0x57, 0xff,
    0x38, 0x7, 0xff, 0xfc, 0x22, 0x67, 0x78, 0x4,
    0x93, 0x3c, 0xa0, 0x17, 0xcc, 0xe3, 0x66, 0xe4,
    0x0, 0x89, 0x9b, 0x88, 0x2, 0x46, 0x6c, 0xa0,
    0x1f, 0xfe, 0x6e, 0xff, 0xce, 0x1, 0x57, 0xff,
    0x38, 0x5, 0x5f, 0xf9, 0x80, 0x38, 0xc0, 0x27,
    0x0, 0xfe, 0x10, 0xf, 0xe1, 0x40, 0x8, 0x80,
    0x3f, 0xf8, 0xf6, 0x1, 0x28, 0x7, 0xff, 0x1e,
    0x14, 0x2, 0xe0, 0xf, 0xfe, 0x35, 0x38, 0x4,
    0x68, 0x1, 0xff, 0xc4, 0x1d, 0x50, 0x8, 0x74,
    0x3, 0xff, 0x8a, 0x34, 0x1, 0xb4, 0x40, 0x3f,
    0xf8, 0xcf, 0x20, 0x5a, 0x60, 0x1f, 0xfc, 0x86,
    0xcc, 0x10, 0x7, 0xf4, 0x7f, 0xc8, 0x1, 0xc0,

    /* U+5E94 "应" */
    0x0, 0xff, 0xe1, 0x19, 0x0, 0x7f, 0xf2, 0x1f,
    0x3f, 0x2c, 0x3, 0xff, 0x91, 0xe6, 0x0, 0x70,
    0xf, 0xf8, 0xd5, 0x7f, 0x0, 0x61, 0x65, 0x5f,
    0x88, 0x1, 0x35, 0x5f, 0x9c, 0x3, 0x4d, 0x57,
    0xe0, 0xf, 0xff, 0x58, 0xf7, 0x7f, 0xf1, 0xa0,
    0x3, 0xc2, 0x3e, 0x26, 0xab, 0x11, 0xc0, 0x1,
    0x10, 0x7, 0xe4, 0x92, 0x0, 0x54, 0x22, 0x80,
    0x66, 0xec, 0x60, 0xf, 0xf, 0x5b, 0x50, 0x3,
    0x0, 0x24, 0x0, 0xac, 0xe, 0x40, 0x3c, 0x2a,
    0x0, 0x60, 0x2, 0x0, 0x58, 0x0, 0x13, 0x0,
    0x20, 0x7, 0xdc, 0x0, 0x13, 0x1, 0x20, 0x2,
    0x0, 0x10, 0x2, 0xd0, 0xf, 0x94, 0x2, 0xa0,
    0x2, 0x0, 0xc, 0x1, 0xe0, 0x13, 0x80, 0x42,
    0x1, 0x90, 0x0, 0xe0, 0xc, 0x0, 0x90, 0x14,
    0x0, 0x82, 0x1, 0x38, 0x0, 0xc3, 0x40, 0x2,
    0x60, 0xe0, 0x16, 0x20, 0x5, 0xa0, 0x18, 0x40,
    0x2, 0xe, 0x1, 0x50, 0x10, 0x80, 0xf, 0x40,
    0x27, 0x0, 0xc6, 0x0, 0x70, 0x13, 0x0, 0x38,
    0x1, 0x40, 0x8, 0xe0, 0x5, 0x10, 0x8, 0x44,
    0x0, 0x20, 0x2, 0x0, 0x4, 0xc3, 0x5e, 0xa4,
    0x40, 0x1e, 0x1, 0x94, 0x2, 0xe0, 0x6, 0x1,
    0x41, 0x3, 0x42, 0xe0, 0x0, 0x54, 0x3, 0x68,
    0x4, 0x60, 0x4, 0xdd, 0x38, 0x80, 0x65, 0x0,
    0x38, 0x7, 0x38, 0x4, 0xf1, 0x15, 0x44, 0x7a,
    0x80, 0x23, 0x88, 0x91, 0x84, 0x0, 0x6c, 0xef,
    0xfe, 0x50, 0x9, 0x5d, 0xec, 0x10, 0xa, 0x80,
    0x3f, 0xf9, 0xf, 0x0, 0x7, 0x0, 0xff, 0xe4,
    0xbc, 0xb0, 0xaf, 0xff, 0xff, 0x1a, 0x0, 0xd,
    0x20, 0x1f, 0xfc, 0x90,

    /* U+5EFA "建" */
    0x0, 0xff, 0xe0, 0xae, 0x62, 0xc0, 0x3f, 0x2f,
    0x77, 0xc5, 0x55, 0xa0, 0xcc, 0x95, 0x5d, 0x20,
    0x3, 0x11, 0xf8, 0x15, 0x71, 0x0, 0x4a, 0xbc,
    0xe0, 0x1f, 0xfc, 0xf6, 0xdd, 0x60, 0x80, 0xc,
    0xbf, 0xf4, 0x0, 0x7, 0xfd, 0x20, 0x1e, 0x22,
    0x40, 0x80, 0xee, 0x6e, 0xe9, 0x0, 0xe, 0xea,
    0x0, 0x3, 0xb2, 0x0, 0x94, 0x0, 0x68, 0x99,
    0x16, 0x10, 0x8, 0x88, 0x20, 0x11, 0x10, 0x19,
    0x80, 0x8, 0x30, 0x10, 0xf, 0xfe, 0x21, 0xc8,
    0x0, 0x44, 0xcc, 0xef, 0xfd, 0x0, 0x1, 0xff,
    0x48, 0x0, 0x7e, 0xd8, 0x2, 0x19, 0x98, 0xff,
    0xf4, 0x0, 0x7, 0xfd, 0x20, 0x1f, 0xfd, 0x26,
    0x6c, 0xa0, 0x10, 0xb3, 0x63, 0x0, 0x99, 0xbc,
    0x0, 0x39, 0xa9, 0xe0, 0x0, 0x94, 0xce, 0x40,
    0x0, 0xcc, 0xf4, 0x0, 0x1b, 0x70, 0x88, 0x0,
    0x23, 0xff, 0xce, 0x0, 0x1f, 0xff, 0x20, 0x71,
    0x2, 0xf8, 0x1, 0x40, 0x3f, 0xf8, 0xb6, 0x0,
    0x94, 0x0, 0x78, 0xaa, 0xe2, 0x0, 0x95, 0x7c,
    0xc0, 0x64, 0x2, 0x40, 0x4, 0x2a, 0xac, 0xa0,
    0x1, 0xaa, 0xf1, 0x0, 0x2c, 0x3, 0x11, 0x3f,
    0xf9, 0xc0, 0x3, 0xff, 0xee, 0x0, 0x30, 0x80,
    0x4a, 0x1, 0xff, 0xc8, 0x70, 0x8, 0x85, 0x57,
    0x8c, 0x2, 0x55, 0xf3, 0x80, 0x15, 0x80, 0x25,
    0xf2, 0xe8, 0xaa, 0x42, 0xa9, 0xaa, 0xbd, 0x20,
    0xb4, 0x1, 0xc2, 0xf7, 0xbf, 0xeb, 0x55, 0x37,
    0xff, 0xd1, 0xe0, 0x15, 0xc8, 0x7, 0xff, 0x1b,
    0xa8, 0x81, 0xd1, 0xba, 0xc, 0x3, 0xff, 0x86,
    0xa1, 0xe9, 0x0, 0x1, 0x7c, 0xfd, 0xcb, 0xbf,
    0xfe, 0x1, 0x81, 0x58, 0x7, 0xc4, 0x68, 0x9f,
    0xfc, 0x0,

    /* U+5F00 "开" */
    0x1, 0xff, 0xff, 0xe4, 0xe8, 0x7, 0xff, 0x30,
    0xc0, 0x3f, 0xfa, 0xc, 0xd8, 0x3, 0x33, 0x78,
    0x40, 0x26, 0x6c, 0x0, 0x19, 0x9c, 0x20, 0x14,
    0xcf, 0x8c, 0x2, 0x99, 0xa0, 0x3, 0xff, 0xfe,
    0x1, 0xff, 0xce, 0x3a, 0xae, 0x10, 0xa, 0xab,
    0xc4, 0x1, 0x55, 0x68, 0x65, 0x5e, 0x0, 0xca,
    0xbe, 0x0, 0xca, 0xb9, 0x80, 0x3f, 0xfc, 0xcb,
    0xff, 0xb8, 0x2, 0x1f, 0xff, 0x10, 0x5, 0xdf,
    0xf7, 0x0, 0x71, 0x80, 0x44, 0x1, 0xfe, 0x10,
    0xf, 0xe4, 0x0, 0x98, 0x3, 0xff, 0x91, 0xa0,
    0x16, 0x80, 0x7f, 0xf1, 0xc9, 0x0, 0x24, 0x0,
    0xff, 0xe3, 0xf0, 0x4, 0x46, 0x1, 0xff, 0xc6,
    0xb3, 0x0, 0xa0, 0x3, 0xff, 0x8d, 0x68, 0x1,
    0x22, 0x80, 0x7f, 0xf1, 0x69, 0x0, 0x21, 0xa0,
    0xf, 0xfe, 0x35, 0x90, 0x5, 0xa2, 0x1, 0xff,
    0xc6, 0x1c, 0x10, 0xb3, 0x0, 0xff, 0xe4, 0xe,
    0x61, 0x0, 0x3f, 0xdb, 0xff, 0x0, 0x70,

    /* U+5F39 "弹" */
    0x0, 0xff, 0xe1, 0x8, 0x7, 0xff, 0x24, 0x63,
    0xec, 0x2, 0x1f, 0xc7, 0x10, 0x1, 0xf7, 0x7c,
    0xe0, 0x8, 0x70, 0x55, 0x0, 0x2c, 0xe, 0xc,
    0x0, 0xe2, 0x3f, 0x70, 0x2, 0x4, 0x1, 0x60,
    0x6a, 0x0, 0x72, 0x0, 0xff, 0xe0, 0x22, 0xb0,
    0xc, 0x27, 0x0, 0x58, 0x86, 0xb, 0x33, 0x88,
    0x2, 0x3b, 0xb3, 0x80, 0xcd, 0x90, 0x5, 0x76,
    0xf0, 0x16, 0x6c, 0x20, 0x1f, 0xfd, 0x44, 0x40,
    0x4, 0x48, 0x40, 0x1d, 0x3b, 0xb1, 0x80, 0x7d,
    0x76, 0x20, 0x4, 0x5d, 0x0, 0x71, 0x16, 0x0,
    0xfd, 0x98, 0x20, 0x4, 0x65, 0x0, 0x73, 0x80,
    0x7f, 0xc6, 0x60, 0x8, 0x8c, 0x80, 0x38, 0x40,
    0x13, 0x99, 0x58, 0x7, 0xff, 0x14, 0xc0, 0x8,
    0x67, 0x10, 0x6, 0xff, 0x10, 0x2, 0xbe, 0x0,
    0x38, 0x40, 0x6, 0x1, 0xff, 0xc8, 0x10, 0xb,
    0xbf, 0xe7, 0x0, 0xdf, 0xe2, 0x0, 0x57, 0xc0,
    0x6, 0x30, 0xf, 0xfe, 0x60, 0x80, 0x7f, 0xf3,
    0xf, 0x77, 0x8, 0x0, 0x4f, 0xff, 0x88, 0x1,
    0x5f, 0xfb, 0x0, 0x4, 0x58, 0x3, 0x19, 0xfc,
    0x0, 0x23, 0x3f, 0x0, 0x70, 0x80, 0x59, 0x9e,
    0x10, 0x4, 0x66, 0x76, 0x80, 0x7e, 0x30, 0xf,
    0xfe, 0x41, 0x0, 0x42, 0x1, 0xff, 0xc4, 0x18,
    0x8b, 0xc0, 0x26, 0xee, 0xf1, 0x0, 0x27, 0xbb,
    0xc2, 0xef, 0x10, 0x4, 0x42, 0x3e, 0x0, 0x8c,
    0x47, 0x80, 0x6, 0x1, 0xce, 0x1, 0xff, 0xc6,
    0xb3, 0x39, 0x66, 0x0, 0x3f, 0xf8, 0xa0,

    /* U+5F53 "当" */
    0x0, 0x8c, 0x3, 0x8b, 0x32, 0x90, 0xe, 0x40,
    0xe, 0x5c, 0x90, 0xc, 0x26, 0x71, 0x0, 0x65,
    0xbb, 0x8, 0x1, 0xa8, 0x1a, 0x0, 0x3f, 0xe3,
    0xa0, 0x4c, 0x10, 0xe, 0x77, 0x0, 0x7f, 0xe,
    0x80, 0x4e, 0x20, 0xd0, 0x1, 0x43, 0x0, 0x7e,
    0xc1, 0x0, 0x1d, 0x0, 0x4e, 0xc0, 0x14, 0x90,
    0x7, 0xac, 0x80, 0x5, 0xa0, 0x1d, 0x28, 0x0,
    0xa2, 0x0, 0xf7, 0x80, 0x7, 0xc4, 0x3, 0xd6,
    0x76, 0xa0, 0x1f, 0x26, 0xe, 0x90, 0x4, 0x7f,
    0xf8, 0xef, 0xfd, 0x80, 0x12, 0x7f, 0xb0, 0x73,
    0xfe, 0x30, 0xf, 0xfe, 0x53, 0x80, 0x7f, 0xf2,
    0xc5, 0x9b, 0xff, 0x8a, 0x20, 0x18, 0xa6, 0x7f,
    0xf8, 0xaa, 0x1, 0xff, 0xd0, 0x5f, 0xff, 0xfe,
    0x22, 0x0, 0x71, 0x80, 0x7f, 0xf8, 0x55, 0xdf,
    0xff, 0x88, 0x40, 0x1c, 0x71, 0x1f, 0xfc, 0x46,
    0x0, 0xff, 0xe7, 0xb4, 0xcf, 0xff, 0x15, 0x40,
    0x36, 0xb3, 0x7f, 0xf1, 0x44, 0x3, 0xff, 0x9e,
    0x20, 0x1f, 0xfc, 0xaa, 0xff, 0xff, 0xe2, 0xa0,
    0x6,

    /* U+5F55 "录" */
    0x0, 0x84, 0x7f, 0xf8, 0xe0, 0x1c, 0xdd, 0xdf,
    0xfc, 0x6a, 0x0, 0xff, 0xe9, 0x18, 0x7, 0xff,
    0x31, 0x7f, 0xff, 0xf8, 0x60, 0x1f, 0xe8, 0xdd,
    0xff, 0xe1, 0x0, 0x7f, 0x88, 0xbf, 0xf8, 0x60,
    0x1f, 0xfd, 0x7b, 0xdd, 0xff, 0xe1, 0x0, 0x7f,
    0x84, 0x8b, 0xff, 0x84, 0x1, 0xf3, 0x7f, 0xff,
    0xf1, 0x40, 0x24, 0xff, 0x70, 0x7, 0xff, 0x99,
    0xb7, 0x44, 0xb, 0xbb, 0xc2, 0x0, 0x2d, 0xde,
    0x50, 0xbd, 0xf0, 0x28, 0x20, 0x5e, 0x2, 0x28,
    0x2, 0x26, 0x22, 0x7, 0x28, 0x49, 0x88, 0x2,
    0x48, 0x0, 0x7a, 0x43, 0x22, 0x1, 0x51, 0x36,
    0x98, 0x0, 0x94, 0x2, 0x3d, 0x50, 0x1, 0xdf,
    0x30, 0x6, 0x1d, 0x90, 0x8, 0xf5, 0x0, 0x3a,
    0x9c, 0xd, 0x80, 0x3f, 0xe7, 0xc2, 0x0, 0xe1,
    0x97, 0x0, 0xff, 0xe0, 0x9d, 0x0, 0x70, 0xcf,
    0x30, 0x6, 0x2b, 0x10, 0x1, 0xc0, 0x4, 0x7b,
    0x48, 0x0, 0x4e, 0x60, 0xc, 0x33, 0xa8, 0x1,
    0x9e, 0x40, 0x32, 0xdf, 0x42, 0x8, 0x6, 0x8a,
    0x35, 0x81, 0x0, 0xcd, 0x84, 0x1, 0x84, 0x1,
    0x20, 0x7, 0xe7, 0xda, 0xa3, 0x80, 0x4e, 0x0,
    0x3d, 0x80, 0xd, 0x20, 0xed, 0xb0, 0x21, 0x80,
    0x1e, 0xd0, 0xc, 0xfc, 0xe0, 0xa2, 0x0, 0x92,
    0x0, 0x9c, 0x3, 0x14, 0x30, 0x7, 0xc, 0x75,
    0x80,

    /* U+5F85 "待" */
    0x0, 0xe1, 0x0, 0xff, 0xe6, 0x65, 0x88, 0x7,
    0xa3, 0x32, 0x0, 0xff, 0xa8, 0x93, 0x8, 0x3,
    0x88, 0xce, 0x0, 0xff, 0x3a, 0x80, 0x8, 0x9,
    0x13, 0x30, 0x4, 0x89, 0xc2, 0x1, 0x34, 0x0,
    0x54, 0x51, 0x77, 0x8c, 0x2, 0xbb, 0xe6, 0x0,
    0x34, 0x80, 0x4e, 0xa0, 0x1f, 0xfc, 0x56, 0x90,
    0x9, 0x60, 0x3, 0xff, 0x8c, 0x20, 0x12, 0x50,
    0x5, 0x5d, 0xd9, 0x0, 0x2e, 0xee, 0x70, 0x60,
    0x2, 0x5d, 0xa0, 0x2, 0x11, 0xe0, 0x8, 0x47,
    0x80, 0x2, 0xa9, 0x6a, 0x8f, 0xbf, 0xfe, 0x50,
    0xb, 0xff, 0xd4, 0x11, 0x63, 0x60, 0x2, 0x0,
    0xff, 0xe3, 0x10, 0x50, 0x80, 0x18, 0x3, 0xff,
    0x8f, 0x8, 0x0, 0x29, 0xa9, 0x9f, 0xd0, 0x1,
    0x24, 0xcb, 0x81, 0x9c, 0x2, 0x50, 0x56, 0x6f,
    0xca, 0x1, 0x1b, 0x31, 0x1a, 0x40, 0x3d, 0x1f,
    0xff, 0xb4, 0x2, 0x7f, 0xf2, 0xd0, 0x7, 0xc2,
    0x1, 0xff, 0xc3, 0x34, 0x0, 0xff, 0xe6, 0x60,
    0x28, 0x80, 0x6a, 0x96, 0x5, 0x99, 0xd0, 0x1,
    0x24, 0xc9, 0x12, 0xa0, 0xe, 0x35, 0x60, 0x55,
    0x33, 0x4a, 0x1, 0x1b, 0x30, 0x82, 0xc0, 0x3e,
    0xa0, 0xb, 0x48, 0x3, 0xff, 0x8f, 0x28, 0x0,
    0x1f, 0x0, 0xff, 0xe4, 0x59, 0x0, 0x24, 0x0,
    0x20, 0x1f, 0xfc, 0x6f, 0x14, 0xd9, 0x97, 0x0,
    0x5e, 0x1, 0xff, 0xc2, 0x2f, 0x26, 0x68, 0x80,
    0x21, 0x0, 0xff, 0xe1, 0x8f, 0x80, 0x7c, 0xe0,
    0x1f, 0xfc, 0x45, 0x0, 0xc2, 0x98, 0x20, 0x1e,
    0xfe, 0xe4, 0x0, 0x78, 0xff, 0xf7, 0x59, 0x80,
    0x60,

    /* U+6001 "态" */
    0x0, 0xff, 0x2e, 0xeb, 0x18, 0x3, 0xff, 0x90,
    0x45, 0x18, 0x7, 0xff, 0x1, 0x59, 0xbf, 0x60,
    0x5, 0xec, 0xdf, 0xc0, 0x8, 0x99, 0xfc, 0x80,
    0x13, 0x4c, 0xff, 0x0, 0x7f, 0xfa, 0x37, 0xff,
    0xdc, 0x20, 0x1c, 0x7d, 0xff, 0xf0, 0x7, 0xf5,
    0x8, 0x7, 0x1e, 0x80, 0x7f, 0xf0, 0x86, 0xd0,
    0x2, 0xa2, 0x0, 0x1e, 0x98, 0x7, 0xfc, 0xbe,
    0x80, 0x10, 0xa7, 0x80, 0x45, 0x90, 0x20, 0x1f,
    0x2e, 0x50, 0x80, 0x61, 0xf0, 0xc1, 0x0, 0x9f,
    0xa4, 0x80, 0x7, 0x5f, 0x46, 0x1, 0x88, 0x0,
    0x3a, 0x38, 0x40, 0x19, 0xb7, 0x4a, 0xca, 0x1,
    0xc5, 0x9a, 0x80, 0x3, 0x22, 0x62, 0x80, 0x71,
    0x2, 0x90, 0x6, 0x8d, 0x30, 0xb5, 0x1d, 0x0,
    0xd, 0x61, 0x80, 0x42, 0xa1, 0x0, 0x2f, 0xce,
    0x1, 0xaa, 0x5c, 0x3, 0x1e, 0x5a, 0x3, 0x80,
    0x16, 0x7a, 0x4, 0xd1, 0x6, 0x13, 0x12, 0x60,
    0x1d, 0x91, 0xd0, 0x1, 0x1e, 0x30, 0xfd, 0xdb,
    0xc5, 0xc0, 0x1c, 0x1, 0x37, 0x3f, 0x8, 0x80,
    0x2e, 0x39, 0xd0, 0xc, 0x34, 0x0, 0x2a, 0x0,
    0x70, 0x81, 0x38, 0x4, 0x28, 0x0, 0xb0, 0xe,
    0x46, 0x0, 0x3c, 0xad, 0x8, 0x2, 0x8, 0x1,
    0x20, 0x13, 0x0, 0x7a, 0x49, 0x71, 0xeb, 0x48,
    0x2, 0x90, 0x3, 0x80, 0x10, 0x40, 0x3e, 0xca,
    0x11, 0x0, 0x28, 0xc0, 0x8, 0x87, 0x0, 0xbc,
    0x3, 0x1b, 0xaa, 0x91, 0x60, 0x2, 0x2f, 0x0,
    0xbc, 0x2, 0x24, 0x6, 0x0, 0xa2, 0xab, 0x38,
    0x4, 0xc6, 0xa1, 0x16, 0xfc, 0xd0, 0x0, 0xc0,
    0xf, 0xf8, 0x48, 0x2f, 0x9c, 0x0, 0x32, 0xa0,
    0x6, 0x71, 0x0, 0xfc, 0x7a, 0x0, 0x11, 0x0,
    0x0,

    /* U+6027 "性" */
    0x0, 0x92, 0x22, 0x0, 0xfc, 0x4e, 0xf1, 0x0,
    0x7e, 0x37, 0x78, 0x40, 0x3e, 0x78, 0x89, 0xc0,
    0x3f, 0xf8, 0x65, 0xd9, 0x62, 0x1, 0xff, 0xc8,
    0x41, 0x34, 0x10, 0xf, 0xf9, 0x4f, 0xc0, 0x2c,
    0x60, 0xf0, 0x1, 0x0, 0x7f, 0xc3, 0x58, 0x80,
    0x11, 0x4d, 0xa8, 0x0, 0xbe, 0x80, 0x2a, 0xff,
    0xca, 0x60, 0x7, 0x0, 0xec, 0x30, 0xf, 0xfe,
    0x10, 0x80, 0x8, 0x3, 0x84, 0x3, 0xff, 0x86,
    0xc0, 0x1, 0x0, 0xb2, 0xb0, 0x2, 0x66, 0x20,
    0x4, 0x8c, 0xdc, 0x60, 0x3e, 0x1, 0x12, 0xa8,
    0x0, 0xb3, 0x2e, 0x0, 0xba, 0x67, 0x1f, 0x1,
    0x80, 0x72, 0x80, 0x5c, 0x1, 0xff, 0xc0, 0x20,
    0x60, 0xe, 0x78, 0x30, 0x40, 0xf, 0xfe, 0x3,
    0x81, 0x0, 0x71, 0x3d, 0x34, 0x45, 0xc0, 0x17,
    0xc4, 0x60, 0x87, 0xc0, 0xf, 0xa9, 0x9d, 0xe4,
    0x0, 0x95, 0xdf, 0x2, 0xc2, 0x80, 0x7f, 0xfb,
    0x73, 0xff, 0x50, 0x5, 0x5f, 0xf8, 0x3, 0xff,
    0xfe, 0x1, 0xfe, 0x88, 0xf7, 0x80, 0x5f, 0x11,
    0x9c, 0x3, 0xf0, 0xbb, 0xf9, 0x40, 0x25, 0x77,
    0xd2, 0x1, 0xff, 0xee, 0x1f, 0xff, 0xfe, 0x1f,
    0x0,

    /* U+603B "总" */
    0x0, 0xfc, 0x40, 0x1f, 0x8, 0x7, 0xff, 0x8,
    0x9f, 0x74, 0xe0, 0x1c, 0xfd, 0x8e, 0x40, 0x1f,
    0xf2, 0x41, 0x4, 0x10, 0x4, 0x32, 0x7, 0xe,
    0x1, 0xff, 0x31, 0x80, 0x5c, 0x1, 0x40, 0x80,
    0x11, 0x40, 0x3f, 0x99, 0xa5, 0x0, 0x89, 0x98,
    0xec, 0x1, 0x1b, 0x34, 0x1, 0xf4, 0xcc, 0xc0,
    0x10, 0xcc, 0xa0, 0x3, 0x3c, 0xcc, 0x20, 0x1f,
    0xff, 0x13, 0xff, 0xff, 0x8c, 0x3, 0xff, 0xea,
    0x2a, 0xbf, 0xf0, 0x80, 0x7f, 0xf0, 0x4a, 0xab,
    0xfe, 0x20, 0xf, 0xff, 0x97, 0x77, 0xe9, 0x1,
    0xde, 0xef, 0x84, 0x3, 0x8c, 0x84, 0x40, 0x19,
    0xe4, 0x6, 0x4, 0x7a, 0x58, 0x3, 0xd1, 0x9c,
    0xfd, 0xd5, 0xb8, 0x80, 0x15, 0x80, 0x7, 0xaf,
    0x2, 0x1, 0xc8, 0x3, 0xe0, 0x18, 0x68, 0x2,
    0x91, 0x6, 0x20, 0x5, 0x80, 0x66, 0x0, 0xa8,
    0x3, 0x91, 0x80, 0x13, 0x12, 0x4, 0x0, 0x53,
    0x0, 0xb4, 0x0, 0x44, 0x0, 0xf4, 0xae, 0xb2,
    0x35, 0x30, 0x5, 0xe0, 0x2, 0x40, 0x2, 0x80,
    0x61, 0x0, 0xa8, 0x80, 0xc0, 0x18, 0xa0, 0x3,
    0x50, 0xb0, 0xa, 0x80, 0x32, 0x43, 0xbe, 0x91,
    0x0, 0x14, 0x0, 0x52, 0x1a, 0x60, 0x64, 0x4,
    0x1, 0x3c, 0x46, 0x60, 0x9, 0x89, 0x81, 0xf4,
    0x13, 0x2e, 0x0, 0x8, 0x1, 0xff, 0x9, 0x84,
    0x74, 0x8, 0x4, 0x88, 0x0, 0x42, 0x88, 0x7,
    0xc2, 0x98, 0x0, 0x11, 0x0, 0x40,

    /* U+6062 "恢" */
    0x0, 0x96, 0xed, 0x40, 0x1a, 0x73, 0xe, 0x1,
    0xff, 0xc2, 0x24, 0x48, 0x3, 0x29, 0x9b, 0x80,
    0x3f, 0xf9, 0x6, 0x62, 0x0, 0x19, 0xff, 0x88,
    0x3, 0xfd, 0x98, 0x10, 0x2, 0xe6, 0x7f, 0x48,
    0x1, 0x55, 0xe0, 0x1, 0x70, 0xf, 0xfe, 0x3c,
    0xd2, 0x0, 0x51, 0x80, 0x1f, 0xfc, 0x62, 0x7,
    0x0, 0xc6, 0x6e, 0x0, 0xaf, 0xf2, 0xed, 0xdf,
    0xfa, 0xc0, 0x2, 0x4, 0x1, 0xd2, 0x40, 0x13,
    0x7, 0xdd, 0x98, 0x3, 0xc2, 0x0, 0x10, 0x0,
    0xb9, 0x2a, 0x80, 0x22, 0x0, 0xf8, 0x40, 0x22,
    0x0, 0x78, 0x5, 0x18, 0x1c, 0x1, 0x18, 0x7,
    0x93, 0xa8, 0xc1, 0x80, 0x80, 0x38, 0x41, 0x0,
    0x2f, 0x0, 0xf4, 0x2, 0xd0, 0x10, 0x30, 0x7,
    0xc6, 0x1, 0x1a, 0x8, 0x0, 0x4c, 0xc0, 0xb,
    0xd, 0x2, 0x0, 0xf2, 0x80, 0x77, 0x98, 0x5,
    0xe0, 0x5, 0x20, 0xd2, 0xe0, 0xf, 0x70, 0x0,
    0x40, 0x8, 0x20, 0xd, 0x30, 0x4, 0x0, 0x1f,
    0x5c, 0x3, 0x89, 0x0, 0xe, 0xa0, 0x1c, 0x80,
    0x5, 0x20, 0xf, 0xf5, 0x80, 0x57, 0xc4, 0x80,
    0x19, 0xc2, 0x0, 0x3f, 0xc4, 0xc0, 0x4, 0x24,
    0xd7, 0x0, 0xdd, 0xe4, 0x1, 0xfe, 0x90, 0xb,
    0xc0, 0x6, 0x60, 0xd, 0x0, 0x1f, 0xf0, 0xa0,
    0x1, 0x10, 0x0, 0xe0, 0x0, 0x80, 0x6, 0x0,
    0x3f, 0xf8, 0x52, 0x0, 0xa2, 0x0, 0x5a, 0x80,
    0x1d, 0x40, 0x3f, 0xf8, 0xc, 0x41, 0x6a, 0x0,
    0x45, 0x80, 0xa, 0x90, 0x3, 0xf0, 0xea, 0xc9,
    0xea, 0x0, 0xa, 0x80, 0xa0, 0x2, 0xb6, 0x0,
    0xfc, 0x54, 0xb8, 0x40, 0x2, 0xf1, 0x0, 0x3a,
    0x0, 0x54, 0x1, 0xfe, 0x53, 0x0, 0x16, 0x10,
    0x6, 0xb3, 0x1, 0xd0, 0xf, 0xfb, 0x45, 0x74,
    0x40, 0x3d, 0x8b, 0xa2, 0x1, 0x9f, 0xfd, 0xc0,
    0x10, 0xfd, 0x0, 0x7f, 0x51, 0x80, 0x0,

    /* U+610F "意" */
    0x0, 0xff, 0xe1, 0x8, 0x7, 0xff, 0x2a, 0xb7,
    0xf9, 0x80, 0x3f, 0xf9, 0x22, 0x40, 0xb, 0x0,
    0xff, 0xe0, 0x2f, 0xff, 0xe4, 0x0, 0x8b, 0xff,
    0xf0, 0x7, 0xff, 0x49, 0xdf, 0x28, 0x4, 0x4e,
    0xf9, 0x80, 0x21, 0x77, 0xa0, 0x3, 0x14, 0x45,
    0x44, 0x0, 0x29, 0x88, 0x80, 0x34, 0x46, 0x70,
    0xa, 0xff, 0xf8, 0x80, 0x2e, 0xff, 0x98, 0x2,
    0x9f, 0xfe, 0x40, 0xf, 0xfe, 0x7e, 0xbb, 0xff,
    0xf2, 0xd8, 0x1a, 0x35, 0x13, 0xff, 0x8f, 0x10,
    0x20, 0x8, 0xcf, 0xff, 0x90, 0x1, 0xfe, 0x9b,
    0xbf, 0xf9, 0x40, 0x3f, 0xf8, 0x3b, 0xdd, 0xff,
    0x38, 0x7, 0xff, 0x5, 0x15, 0x7f, 0xe2, 0x0,
    0xff, 0xe0, 0xe7, 0x77, 0xfc, 0xc0, 0x1f, 0xfc,
    0x15, 0x44, 0xff, 0x8c, 0x3, 0xff, 0x83, 0x35,
    0x5f, 0xf2, 0x80, 0x7f, 0xf5, 0xf8, 0x16, 0xdd,
    0xeb, 0x90, 0xa, 0xff, 0xf4, 0x88, 0x10, 0x6,
    0x27, 0x5, 0x97, 0x78, 0xdc, 0x40, 0x16, 0xbb,
    0x2f, 0x22, 0x1c, 0x1, 0xa4, 0x2, 0x80, 0xc,
    0x38, 0x21, 0x4c, 0x4d, 0xc, 0x0, 0x37, 0x0,
    0x32, 0x0, 0x15, 0x0, 0x2f, 0x2, 0xcc, 0x2b,
    0x0, 0x52, 0x40, 0x8, 0x10, 0xa0, 0x0, 0xd8,
    0x80, 0x4f, 0xba, 0xfe, 0xda, 0x0, 0x10, 0x48,
    0x4, 0xc1, 0x8e, 0x16, 0x20, 0x40, 0x11, 0x17,
    0x0, 0x48, 0x8, 0xa5, 0x4e, 0x0, 0x8d, 0x50,
    0x7, 0x18, 0x7, 0xe1, 0x59, 0x0, 0x5e, 0xa8,
    0x0,

    /* U+6210 "成" */
    0x0, 0xff, 0xe3, 0x98, 0x7, 0xff, 0x1e, 0xee,
    0x40, 0x5c, 0x90, 0xf, 0xfe, 0x32, 0xa2, 0xd,
    0x68, 0x1a, 0x80, 0x3f, 0xf8, 0xa6, 0x0, 0xf7,
    0x20, 0x2, 0xc8, 0x7, 0x84, 0x7f, 0xe0, 0x1,
    0x1f, 0x8, 0x3, 0x4, 0x40, 0x15, 0x77, 0x7f,
    0x8c, 0x0, 0xbd, 0x82, 0x0, 0xae, 0xa0, 0xf,
    0xff, 0x7d, 0x57, 0xca, 0x1, 0x55, 0x7d, 0x0,
    0x1e, 0x15, 0x5f, 0xbc, 0x2, 0x55, 0xb8, 0xd5,
    0x46, 0x1, 0xe1, 0x44, 0xf0, 0x88, 0x2, 0x20,
    0x44, 0x4f, 0xa0, 0x7, 0xeb, 0xbf, 0x33, 0x0,
    0x21, 0xe, 0x0, 0x94, 0x3, 0xff, 0x86, 0x40,
    0x13, 0xa, 0x80, 0x14, 0x40, 0x3f, 0xf8, 0x42,
    0x2, 0x0, 0x29, 0x0, 0xa4, 0x3, 0xf0, 0xee,
    0xb0, 0x2, 0x30, 0x20, 0x6, 0x38, 0x0, 0xcc,
    0x1, 0xf8, 0xc8, 0x82, 0x1, 0x8, 0x28, 0x1,
    0x0, 0x28, 0x0, 0xf0, 0x80, 0x7f, 0x38, 0x78,
    0x7, 0x1a, 0x0, 0x79, 0xc0, 0x2, 0x0, 0x10,
    0x8, 0x41, 0x0, 0x3b, 0xc0, 0x40, 0x38, 0x80,
    0xc, 0x0, 0x70, 0x8, 0xc0, 0xc0, 0x33, 0x98,
    0x66, 0xb8, 0x4, 0x20, 0x2, 0x0, 0x68, 0x4,
    0x22, 0xc0, 0xd, 0x20, 0x2, 0x24, 0x0, 0x10,
    0x2, 0x7f, 0xf3, 0x0, 0x4, 0xb0, 0x80, 0x34,
    0x81, 0x80, 0xc, 0x1, 0xa0, 0x12, 0x80, 0x71,
    0xe9, 0x0, 0x73, 0x9d, 0x80, 0x14, 0x0, 0xe0,
    0x2, 0xf0, 0xe, 0x20, 0x8, 0x64, 0x2, 0xc7,
    0x0, 0x78, 0x30, 0x80, 0x11, 0x13, 0x57, 0xba,
    0x10, 0x1, 0x7b, 0x28, 0x7, 0x9c, 0x0, 0x20,
    0xa, 0x16, 0x54, 0x22, 0x60, 0xa6, 0x88, 0x51,
    0x0, 0x66, 0x10, 0x6e, 0x95, 0x30, 0xf, 0x17,
    0xd8, 0x6, 0xc5, 0x11, 0x3c, 0x80, 0x0,

    /* U+6240 "所" */
    0x0, 0xfc, 0x4d, 0x46, 0x1, 0xf8, 0x9a, 0xcc,
    0x2, 0x35, 0x79, 0xcf, 0xd9, 0x5b, 0x0, 0x89,
    0x62, 0xfb, 0x65, 0x2c, 0x0, 0x39, 0x50, 0xc6,
    0x1, 0x91, 0x7f, 0xdb, 0x4e, 0x82, 0x1, 0x20,
    0x7, 0xff, 0x0, 0x4c, 0x3, 0xfc, 0x20, 0x1f,
    0xa, 0x35, 0x6e, 0x80, 0x3e, 0x25, 0x9d, 0xd0,
    0x7, 0xab, 0xae, 0x54, 0x80, 0x3a, 0x77, 0xf6,
    0x98, 0x80, 0x3e, 0x31, 0x1e, 0x0, 0xe4, 0x20,
    0xf, 0xfe, 0x4, 0xf7, 0x70, 0x7, 0xff, 0x49,
    0x57, 0xf1, 0x80, 0x7f, 0xf1, 0x22, 0xab, 0xe9,
    0x0, 0xe8, 0xd9, 0x0, 0xff, 0xe5, 0x11, 0xc,
    0x3, 0xff, 0xab, 0xbc, 0xe0, 0x17, 0x72, 0xc0,
    0x3b, 0x1b, 0x0, 0x30, 0x80, 0x44, 0x20, 0x18,
    0x46, 0x0, 0xe6, 0x96, 0x0, 0xde, 0x1, 0xff,
    0xc1, 0x30, 0xf, 0xf0, 0x80, 0x4, 0x3, 0xfc,
    0x20, 0x1f, 0xe5, 0x0, 0x10, 0x7, 0xf9, 0xc0,
    0x2c, 0xff, 0xe0, 0x30, 0x3, 0x0, 0x7f, 0x88,
    0x2, 0x20, 0xe, 0x40, 0xb, 0x0, 0x3f, 0xdc,
    0x1, 0x8, 0x7, 0x78, 0x4, 0x80, 0x1f, 0xe4,
    0x0, 0x10, 0x7, 0x1a, 0x0, 0x8, 0x80, 0x1f,
    0xc2, 0x60, 0x7, 0x0, 0xee, 0x0, 0xa8, 0x3,
    0xfc, 0xc0, 0x17, 0x80, 0x69, 0x20, 0x0, 0xb8,
    0x7, 0xfb, 0x0, 0x24, 0x0, 0xdc, 0x1, 0x40,
    0x7, 0xfd, 0x6e, 0xa, 0x20, 0x19, 0xe8, 0xd,
    0x80, 0x3f, 0xf8, 0x11, 0xd0, 0x1, 0xe5, 0xce,
    0x0, 0xe8, 0xff, 0x80, 0x20,

    /* U+624B "手" */
    0x0, 0xff, 0xe3, 0x91, 0xaa, 0x0, 0x7c, 0x24,
    0x68, 0xac, 0xf1, 0x35, 0x9b, 0xdf, 0xb9, 0x50,
    0x1, 0xab, 0xfd, 0xdb, 0x97, 0x53, 0xe, 0xca,
    0x64, 0x20, 0x18, 0x80, 0x31, 0x80, 0x7f, 0xf1,
    0xc4, 0x40, 0x10, 0x80, 0x7f, 0xf0, 0x9, 0x15,
    0xa2, 0x6f, 0x44, 0x2, 0xc7, 0x88, 0x4d, 0x5e,
    0x69, 0x0, 0x5f, 0x75, 0x2e, 0xc8, 0x40, 0x19,
    0x21, 0xdc, 0xca, 0x86, 0x40, 0x1f, 0xfd, 0xd8,
    0xff, 0xfc, 0x40, 0x16, 0xff, 0xfc, 0x1, 0xff,
    0xea, 0xc7, 0x7f, 0xc2, 0x1, 0x33, 0xbf, 0xc0,
    0x19, 0x22, 0x3f, 0x18, 0x5, 0x71, 0x1f, 0x0,
    0x7f, 0xf3, 0xd7, 0xff, 0xfc, 0x40, 0x16, 0xff,
    0xfe, 0xe0, 0xf, 0xff, 0x33, 0x37, 0xfc, 0x20,
    0x12, 0xb3, 0x7f, 0x1c, 0xcf, 0xf8, 0xc0, 0x28,
    0x99, 0xfd, 0x0, 0x1f, 0xfd, 0x83, 0x0, 0xff,
    0xe3, 0x16, 0x66, 0xd1, 0x0, 0x8c, 0x3, 0xff,
    0x84, 0x46, 0x78, 0x80, 0x30, 0x80, 0x7f, 0xf0,
    0xc8, 0x3, 0xe4, 0x0, 0xff, 0xe2, 0x20, 0x7,
    0xa, 0xd0, 0x7, 0xf8,

    /* U+624D "才" */
    0x0, 0xff, 0xe2, 0x55, 0x50, 0x1, 0xff, 0xc9,
    0x15, 0x5c, 0x1, 0xff, 0xf0, 0xab, 0xbf, 0xfe,
    0x6, 0x80, 0x45, 0x77, 0xc0, 0x12, 0x27, 0xff,
    0x4, 0xc0, 0x32, 0x27, 0x8, 0x7, 0xff, 0xab,
    0xbf, 0xff, 0xc4, 0x1, 0xc5, 0xff, 0xc2, 0x1,
    0xff, 0xc0, 0x92, 0x0, 0xff, 0xe5, 0xab, 0x0,
    0x7f, 0xf2, 0xce, 0x80, 0x27, 0x0, 0xff, 0xe3,
    0x9e, 0x80, 0x49, 0x20, 0x1f, 0xfc, 0x62, 0xd1,
    0x0, 0xd, 0x0, 0x7f, 0xf1, 0x93, 0x4, 0x2,
    0xd1, 0x0, 0xff, 0xe2, 0xb5, 0x88, 0x5, 0x86,
    0x1, 0xff, 0xc5, 0xa9, 0x0, 0xd6, 0x60, 0x1f,
    0xfc, 0x44, 0xd5, 0x0, 0xd6, 0x80, 0x1f, 0xfc,
    0x31, 0xab, 0x20, 0x8, 0xb5, 0x0, 0x3f, 0xf8,
    0x9a, 0xa0, 0x19, 0x30, 0x80, 0x3f, 0xf8, 0xb2,
    0x1, 0xa2, 0xc4, 0x3, 0xca, 0x1, 0xff, 0x2a,
    0x1, 0xeb, 0x80, 0x5f, 0xfd, 0x60, 0x10, 0x80,
    0x7e, 0x99, 0x61, 0x0, 0x63, 0x0, 0xfc, 0xc0,
    0x1f, 0x89, 0x80, 0x3c, 0xa0, 0x1f, 0xb8, 0x3,
    0xff, 0x89, 0x80, 0x1c, 0x29, 0x68, 0x1, 0xe0,

    /* U+6253 "打" */
    0x0, 0xd3, 0x33, 0x80, 0x7f, 0xf2, 0x59, 0xab,
    0x0, 0x9a, 0x23, 0xff, 0x80, 0xc0, 0x1f, 0xf6,
    0xbb, 0xff, 0xf0, 0x28, 0x3, 0xff, 0x9d, 0x33,
    0x0, 0x45, 0x32, 0x50, 0xf, 0xfe, 0x10, 0xb3,
    0x40, 0x10, 0xb3, 0x36, 0x73, 0x38, 0x2, 0x1c,
    0xcb, 0x80, 0x3f, 0xe2, 0x33, 0xe0, 0x8, 0xcf,
    0x10, 0x7, 0xff, 0x34, 0x7f, 0xe0, 0x8, 0xff,
    0xd0, 0x1, 0xff, 0xe4, 0x43, 0x0, 0xff, 0xe4,
    0x97, 0x5a, 0x0, 0x7f, 0xf1, 0x50, 0x2, 0x11,
    0x7, 0x0, 0x7f, 0xf0, 0x96, 0xfe, 0xc0, 0x3c,
    0x40, 0x1f, 0xfc, 0x2d, 0x40, 0xf, 0x1c, 0x50,
    0x7, 0xff, 0xb, 0x40, 0x3c, 0x78, 0xe2, 0x1,
    0xff, 0xc2, 0x70, 0x27, 0x0, 0xff, 0xe4, 0x96,
    0x6c, 0x0, 0x7f, 0xf2, 0x8c, 0x3, 0xff, 0xe8,
    0x20, 0x1f, 0x8e, 0xa9, 0x80, 0x13, 0x80, 0x6a,
    0xbb, 0xb0, 0x3, 0xf0, 0xaa, 0x8c, 0x2, 0x10,
    0xc, 0xc8, 0x91, 0x0, 0x4c, 0x1, 0x88, 0x3,
    0xda, 0x1, 0x90, 0x3, 0xed, 0x0, 0xe4, 0x0,
    0x85, 0x9c, 0x3, 0x68, 0x7, 0x14, 0x30, 0x7,
    0x5f, 0xfd, 0xd2, 0x1, 0xcb, 0xff, 0xda, 0xe0,
    0x1c,

    /* U+6267 "执" */
    0x0, 0x9a, 0x64, 0xe0, 0x1d, 0x77, 0x30, 0x7,
    0xff, 0x7, 0x19, 0x96, 0x1, 0xc8, 0x97, 0x0,
    0x7f, 0xf3, 0x7c, 0x3, 0xff, 0xb0, 0x5d, 0xc5,
    0x0, 0x1f, 0x62, 0x55, 0x0, 0x2b, 0xaa, 0xe3,
    0x0, 0xc2, 0x30, 0x6, 0x12, 0x35, 0x50, 0x4,
    0x6a, 0xbc, 0xc0, 0x1f, 0xfd, 0x22, 0x77, 0x10,
    0x0, 0x5e, 0x40, 0x3f, 0xf8, 0xa3, 0x10, 0x70,
    0x1, 0x43, 0xbb, 0xf8, 0x2, 0x9f, 0xe0, 0xf,
    0xfe, 0x18, 0xa8, 0x0, 0xc0, 0x23, 0x0, 0xff,
    0xe2, 0x1f, 0x48, 0x20, 0x80, 0x7f, 0xf1, 0x44,
    0x3, 0x12, 0x5e, 0x80, 0x42, 0x1, 0xfe, 0x18,
    0xe4, 0x0, 0xc3, 0x0, 0x20, 0x13, 0x80, 0x7f,
    0x9d, 0xc2, 0x1, 0x89, 0xcc, 0x3, 0xa4, 0x44,
    0x1, 0xf8, 0x80, 0x38, 0xb6, 0x35, 0x0, 0x32,
    0xf3, 0x80, 0x7e, 0x60, 0x0, 0x80, 0x4, 0x0,
    0x56, 0x20, 0x1d, 0x0, 0x1f, 0x89, 0xf9, 0x0,
    0x3c, 0x62, 0x1, 0xff, 0xc3, 0x81, 0x0, 0xfa,
    0xc0, 0x27, 0x30, 0x30, 0x8, 0xc9, 0x0, 0x3f,
    0xe1, 0x70, 0xa, 0x72, 0x60, 0x40, 0x24, 0xbc,
    0x0, 0xff, 0x48, 0x4, 0x82, 0xc, 0x86, 0x0,
    0x1e, 0x1, 0x0, 0xfe, 0x37, 0x0, 0xa0, 0x3,
    0x30, 0x3, 0xc8, 0x1c, 0xe, 0x20, 0x80, 0x10,
    0xf0, 0x4, 0xa6, 0x1, 0x8c, 0x0, 0xea, 0x18,
    0xe, 0xf0, 0x80, 0x5a, 0x40, 0x1, 0xb0, 0xe,
    0xc0, 0xe, 0x40, 0x40, 0xe, 0x66, 0x0, 0x54,
    0x20, 0x1c, 0x84, 0x1, 0x21, 0x0, 0x8, 0x0,
    0x2b, 0x75, 0x63, 0x28, 0x1, 0xf7, 0x98, 0x1d,
    0x0, 0x5b, 0xfe, 0xea, 0x10, 0x4e, 0x60, 0xf,
    0xc5, 0x9f, 0x82, 0x0,

    /* U+62A4 "护" */
    0x0, 0xff, 0xe2, 0x98, 0x7, 0xf4, 0xd5, 0x20,
    0x3, 0xe7, 0xdf, 0xc4, 0x0, 0xfc, 0x8a, 0xa4,
    0x0, 0xfc, 0x40, 0xe, 0x0, 0xff, 0xe1, 0x91,
    0x63, 0x0, 0x94, 0x8b, 0x80, 0x3f, 0x87, 0x77,
    0x58, 0x6, 0xdd, 0xd8, 0x9f, 0xe2, 0x0, 0x1f,
    0xf8, 0x3, 0xff, 0xd0, 0xb9, 0x9e, 0x40, 0x9,
    0x62, 0x2, 0x0, 0x28, 0x80, 0x6, 0x23, 0x3f,
    0x8, 0x4, 0x2e, 0xe3, 0x0, 0xb, 0xb8, 0x3,
    0xff, 0x96, 0x20, 0x1f, 0xfc, 0x91, 0xae, 0x30,
    0xf, 0xfe, 0x41, 0x28, 0x30, 0x4, 0xff, 0xfe,
    0x50, 0x8, 0x9f, 0x8, 0x3, 0x88, 0x3, 0xff,
    0x85, 0x30, 0x60, 0x1c, 0x84, 0x1, 0xff, 0xc2,
    0x30, 0xe, 0x2e, 0xb6, 0x0, 0x91, 0xdf, 0xfa,
    0x70, 0x4, 0x2, 0x11, 0x0, 0x80, 0x5d, 0x11,
    0xfc, 0xeb, 0x5c, 0x40, 0x1c, 0xe0, 0x10, 0x80,
    0x7f, 0x85, 0x40, 0x3e, 0x30, 0x9, 0x80, 0x3f,
    0xf8, 0xf8, 0x1, 0x10, 0x7, 0xff, 0x1d, 0x0,
    0x6, 0x1, 0xff, 0xc7, 0x70, 0xa, 0xc0, 0x3f,
    0xe4, 0x9a, 0x20, 0x3, 0x84, 0x80, 0x4a, 0x1,
    0xff, 0xb, 0x28, 0x6, 0x91, 0x0, 0x21, 0x0,
    0x7f, 0xce, 0x1, 0xc6, 0x40, 0x14, 0x0, 0x7f,
    0xf0, 0x8, 0x2, 0x15, 0x8b, 0xb1, 0x29, 0x80,
    0x7f, 0xf0, 0x7f, 0xee, 0xa0, 0x2, 0x6d, 0x80,
    0x7f, 0xf0, 0x40,

    /* U+62D4 "拔" */
    0x0, 0xff, 0xe3, 0x88, 0x7, 0xe6, 0x77, 0x18,
    0x6, 0x49, 0x98, 0x40, 0x11, 0xc6, 0x1, 0xf5,
    0xc4, 0x2c, 0x3, 0x1b, 0x34, 0x61, 0xe, 0x18,
    0x60, 0x1f, 0xfc, 0x2f, 0x0, 0x8c, 0x20, 0xc0,
    0x1a, 0x1, 0xff, 0xc0, 0x23, 0x20, 0x8, 0x8c,
    0xd0, 0x0, 0x93, 0x31, 0xf, 0xf8, 0x80, 0xf,
    0xf3, 0xd8, 0xa0, 0x16, 0x65, 0x60, 0x8, 0xcc,
    0x58, 0x7, 0xff, 0x98, 0x5d, 0xc2, 0x0, 0x37,
    0xce, 0xc2, 0x0, 0x1e, 0x67, 0xf4, 0x4, 0x40,
    0xc0, 0x9, 0xa, 0x46, 0x60, 0x3, 0x19, 0xff,
    0x8, 0x7, 0xe1, 0x0, 0x8, 0x1, 0x77, 0x7f,
    0x0, 0x7e, 0x4d, 0x90, 0x20, 0xc, 0x45, 0xf8,
    0x3, 0xf1, 0x90, 0x83, 0x0, 0x7f, 0xf0, 0x8e,
    0x78, 0x80, 0x31, 0x81, 0x80, 0x69, 0xaa, 0x90,
    0x3, 0xad, 0x84, 0x3, 0xb4, 0x34, 0x3, 0x7a,
    0xae, 0x0, 0x20, 0x3, 0x40, 0x39, 0x79, 0xc1,
    0x0, 0x33, 0x8, 0x30, 0x80, 0x38, 0x0, 0xc0,
    0x1c, 0x42, 0x6, 0x20, 0x1d, 0x43, 0x0, 0x1,
    0x50, 0x1, 0xc7, 0x10, 0x7, 0x58, 0x4, 0xc0,
    0x4, 0xc1, 0x0, 0x40, 0x6, 0x71, 0x0, 0xf3,
    0x0, 0xa, 0x48, 0x0, 0x40, 0x2, 0x60, 0xf,
    0xf9, 0x44, 0x1, 0x41, 0xc0, 0x1d, 0xc0, 0x1f,
    0xfc, 0x8, 0x0, 0x98, 0x14, 0x3, 0xa4, 0x40,
    0x3f, 0xcc, 0x40, 0x5, 0x19, 0x90, 0x7, 0x2f,
    0xb8, 0x0, 0xe6, 0x88, 0x0, 0x30, 0x1, 0x66,
    0xb0, 0x4, 0xa0, 0x10, 0xc7, 0x38, 0x32, 0x80,
    0x7e, 0x92, 0x0, 0xd, 0xd5, 0x88, 0x4, 0x20,
    0x60, 0x1d, 0x7e, 0x61, 0x84, 0x0, 0x4f, 0x40,
    0x4f, 0x60, 0x0, 0xb8, 0x10, 0x0, 0xec, 0x87,
    0x2c, 0xf8, 0x26, 0xc4, 0x2, 0x19, 0xc4, 0x80,
    0x6, 0xff, 0xb1, 0x0, 0x24, 0x3, 0xf6, 0x0,
    0xf8, 0xed, 0x80,

    /* U+6301 "持" */
    0x0, 0xa7, 0x31, 0x0, 0x1f, 0xe, 0xec, 0xc0,
    0x1f, 0xca, 0x66, 0x20, 0xf, 0xc4, 0x57, 0x0,
    0x7f, 0xf1, 0x15, 0x73, 0x80, 0x46, 0xab, 0x8c,
    0x3, 0xfe, 0xba, 0xaa, 0x40, 0x24, 0xaa, 0xd2,
    0x3, 0xdc, 0x30, 0x2, 0xf5, 0x80, 0x7f, 0xf1,
    0x44, 0x40, 0x18, 0x5c, 0x3, 0xff, 0x9d, 0xdf,
    0xf7, 0x0, 0x4f, 0xff, 0xa8, 0x5, 0xdc, 0x20,
    0x2, 0x7b, 0x33, 0xe5, 0x0, 0x84, 0xcf, 0x88,
    0x22, 0x4, 0x0, 0x78, 0x4c, 0xce, 0xb0, 0x9,
    0xb3, 0x3c, 0x1, 0xff, 0xd3, 0x17, 0x50, 0xf,
    0xfe, 0x52, 0x40, 0x66, 0x7f, 0x20, 0x5, 0x99,
    0xb, 0x59, 0x80, 0x61, 0x33, 0xfe, 0x10, 0x8,
    0xcc, 0x51, 0x28, 0x1, 0xdd, 0xcf, 0xff, 0xca,
    0x1, 0x7f, 0xa7, 0xc0, 0x38, 0xa6, 0x4, 0x3,
    0xff, 0x84, 0x6a, 0x1, 0xce, 0xc2, 0x1, 0xff,
    0xc4, 0x26, 0xc3, 0x0, 0xe9, 0x91, 0x4, 0x4c,
    0xe3, 0x0, 0xa6, 0x5c, 0x32, 0x60, 0x1e, 0x6f,
    0x20, 0xb6, 0x6e, 0x0, 0x99, 0x88, 0x1, 0xfc,
    0x2e, 0x0, 0x3b, 0x0, 0xff, 0xe3, 0x8e, 0x8,
    0x1, 0x18, 0x3, 0xff, 0x8e, 0x5a, 0x0, 0x66,
    0x0, 0x7f, 0x14, 0x40, 0xc0, 0x3e, 0x3a, 0x30,
    0x99, 0x52, 0x80, 0x7c, 0xee, 0x0, 0xfe, 0x5e,
    0x66, 0x94, 0x2, 0x10, 0x8, 0x80, 0x3b, 0x40,
    0x3c, 0x40, 0x1f, 0x20, 0x6, 0x30, 0x9, 0x5c,
    0x3, 0xe3, 0x0, 0xc4, 0xd6, 0x1, 0xb3, 0xbf,
    0xd4, 0x1, 0xfb, 0x3f, 0xf6, 0xc8, 0x80, 0x40,

    /* U+6307 "指" */
    0x0, 0x95, 0xdc, 0x80, 0x2, 0x55, 0x80, 0x3f,
    0xf8, 0x73, 0x10, 0xe0, 0x2, 0xd5, 0x42, 0x1,
    0xc7, 0x1a, 0xe0, 0x1f, 0xfc, 0x52, 0x6a, 0xec,
    0x72, 0xb0, 0xf, 0xfe, 0x1d, 0x76, 0xca, 0x88,
    0x4, 0x62, 0x3, 0xfe, 0x30, 0x2, 0xfe, 0x0,
    0x64, 0x10, 0xe, 0x26, 0xb1, 0x0, 0xfe, 0x10,
    0xf, 0x89, 0xab, 0xb4, 0xaa, 0xd8, 0x3, 0xff,
    0x82, 0xf7, 0xdb, 0x2a, 0x20, 0xe2, 0x9e, 0x33,
    0x22, 0x0, 0x1c, 0xc0, 0x6, 0xe7, 0x23, 0x3c,
    0x86, 0x0, 0x10, 0x66, 0x8, 0x1, 0x98, 0xa2,
    0x1, 0x4e, 0x67, 0xac, 0x2, 0xe0, 0xf, 0xe4,
    0x0, 0xff, 0xe1, 0x20, 0x7, 0x85, 0xd8, 0xa8,
    0xc0, 0x3f, 0xc5, 0x24, 0x1, 0xe4, 0x8c, 0x5,
    0xcf, 0xff, 0xf6, 0xb0, 0x0, 0xa0, 0x80, 0x33,
    0x2f, 0xff, 0xff, 0x6, 0x41, 0xf5, 0xc4, 0x3,
    0x18, 0x7, 0xff, 0x10, 0x40, 0x38, 0x5f, 0x40,
    0x3f, 0xf8, 0x8a, 0x1, 0xc9, 0x4, 0x1, 0xb7,
    0xff, 0xc2, 0x1, 0x8d, 0xb0, 0xc0, 0x3f, 0xa6,
    0xef, 0xc2, 0x1, 0xd2, 0x60, 0x1f, 0xe4, 0x4f,
    0x80, 0x3f, 0xfb, 0xf5, 0x77, 0xe0, 0xf, 0xfe,
    0x33, 0xa2, 0x78, 0x40, 0x31, 0xc4, 0xc, 0x3,
    0xfb, 0x7f, 0xfc, 0x20, 0x19, 0xde, 0x0, 0x8c,
    0x3, 0xff, 0x8c, 0xa0, 0x1d, 0x80, 0x1f, 0xfc,
    0x61, 0x10, 0x0, 0x9d, 0x40, 0x3d, 0x9b, 0xbe,
    0x10, 0xe, 0xef, 0xf6, 0xc0, 0x4, 0xbb, 0xb1,
    0x91, 0x7b, 0xfb, 0x90, 0x0,

    /* U+6309 "按" */
    0x0, 0x95, 0x61, 0x0, 0xf9, 0xe7, 0x34, 0x3,
    0xf8, 0x6a, 0xa5, 0x0, 0xfa, 0x98, 0xc9, 0x0,
    0x3f, 0xf8, 0x42, 0xcd, 0xe0, 0xa, 0x19, 0xb8,
    0x40, 0x3f, 0x2c, 0xcf, 0x20, 0x4, 0x73, 0x3c,
    0xa5, 0x36, 0x1, 0x7c, 0x88, 0x7, 0xff, 0x11,
    0x98, 0xa0, 0x12, 0x30, 0x6, 0x11, 0xfe, 0x0,
    0xff, 0xe2, 0x7e, 0x6f, 0x77, 0x78, 0x7, 0xff,
    0x16, 0x33, 0xec, 0x3, 0xf2, 0x7f, 0x0, 0x57,
    0xe9, 0x77, 0xa, 0x80, 0x1c, 0x2, 0x1b, 0xb9,
    0x40, 0x3f, 0xa, 0x24, 0xa0, 0x15, 0x80, 0x64,
    0x48, 0x40, 0x3d, 0x92, 0xff, 0xf5, 0x0, 0x51,
    0xff, 0xf5, 0x0, 0x79, 0xd8, 0x3, 0xff, 0x8c,
    0x32, 0x1, 0xda, 0x1, 0xff, 0xc4, 0x9e, 0x70,
    0xe, 0x38, 0x70, 0x8, 0xa2, 0x22, 0x0, 0x9e,
    0x38, 0xc0, 0x38, 0xea, 0x5c, 0x3, 0x43, 0xb9,
    0x88, 0x0, 0x30, 0xe9, 0x80, 0x1d, 0xa, 0x0,
    0x70, 0x9, 0x0, 0x10, 0x1, 0x38, 0x4, 0xa0,
    0xa0, 0x1e, 0x70, 0xd, 0xd2, 0xac, 0x1, 0x58,
    0x4, 0x7d, 0x60, 0x1e, 0x66, 0x0, 0x66, 0xa0,
    0x9, 0x88, 0x3, 0x8, 0x7, 0xc3, 0x3a, 0x80,
    0x1e, 0x19, 0x0, 0xff, 0xe1, 0x97, 0x8, 0x7,
    0xe, 0x18, 0x7, 0xff, 0x0, 0xa3, 0xa8, 0x40,
    0x3c, 0x79, 0x22, 0xf, 0x3a, 0x1, 0xa3, 0x74,
    0xe2, 0x1, 0x95, 0x40, 0x19, 0xbd, 0x79, 0x8c,
    0x2, 0x74, 0x20, 0xe, 0x3b, 0xaa, 0x84, 0x2,
    0x10, 0xc0, 0xe, 0x39, 0x0, 0xc9, 0x78, 0x80,
    0x5, 0xf6, 0x0, 0x2a, 0x9c, 0x2, 0x2a, 0x5,
    0x21, 0x7d, 0xb4, 0x0, 0xe1, 0x9b, 0x4a, 0x2,
    0xff, 0xb5, 0x40, 0x19, 0xd0, 0x40, 0x1f, 0xc9,
    0x60, 0x0,

    /* U+6362 "换" */
    0x0, 0x14, 0x44, 0x1, 0xeb, 0x95, 0x10, 0xf,
    0xf9, 0x9d, 0xe1, 0x0, 0xcc, 0x8d, 0x50, 0x1,
    0xff, 0xc8, 0x80, 0x9, 0xbf, 0xfb, 0x80, 0x3f,
    0xf8, 0x32, 0x20, 0x1f, 0xfc, 0x13, 0x8e, 0x0,
    0xa2, 0x0, 0x8c, 0x1, 0xff, 0xc2, 0x57, 0x50,
    0x9, 0x98, 0x54, 0x1, 0x5f, 0xfd, 0x80, 0x14,
    0x0, 0x7f, 0x87, 0x4, 0x0, 0xc8, 0x0, 0x1d,
    0x0, 0x2b, 0x0, 0x7f, 0xc2, 0x0, 0x1c, 0x55,
    0xa8, 0x40, 0x18, 0xaa, 0x10, 0x7c, 0x90, 0xa,
    0xe4, 0x2, 0x1a, 0xac, 0x80, 0x14, 0xd5, 0x14,
    0x4, 0xc8, 0x2, 0x56, 0x80, 0xf, 0xfe, 0x58,
    0xb8, 0x4, 0x66, 0x20, 0x8, 0xcc, 0x1, 0xff,
    0x7c, 0x80, 0x6f, 0xcb, 0x0, 0xe, 0x60, 0x40,
    0x38, 0x70, 0x2, 0x13, 0x0, 0xff, 0xe2, 0xcf,
    0x38, 0x6, 0x50, 0xf, 0xfe, 0x28, 0x80, 0x79,
    0x4c, 0x2, 0x63, 0xe0, 0x8, 0xcc, 0x20, 0x2,
    0x1d, 0x0, 0xee, 0x2c, 0x0, 0xab, 0x1c, 0x0,
    0x39, 0x80, 0xa, 0x64, 0x82, 0xa0, 0x1f, 0xfc,
    0xa1, 0xee, 0x0, 0x61, 0x0, 0xff, 0xe6, 0x47,
    0xff, 0x20, 0x6, 0x1d, 0xff, 0xd0, 0x1, 0xff,
    0xd, 0xa0, 0x6, 0x1c, 0x30, 0xf, 0xfe, 0x8,
    0xc7, 0x20, 0x5, 0x0, 0x1, 0xc8, 0x10, 0x3,
    0xdc, 0x80, 0x46, 0xd7, 0xce, 0x1, 0xa9, 0xe0,
    0x2, 0x7e, 0xa4, 0xf4, 0x20, 0xd, 0x28, 0x1,
    0x8b, 0x14, 0x1e, 0x40, 0x32, 0xe6, 0x80, 0x62,
    0x23, 0x80, 0x43, 0x1a, 0x60, 0x13, 0x61, 0x0,
    0x52, 0xc0, 0x11, 0xf0, 0x40, 0xa5, 0x73, 0x80,
    0x78, 0xf6, 0x49, 0x84, 0xff, 0xec, 0x30, 0x7,
    0x5a, 0x80, 0x7f, 0x9b, 0x64, 0x0,

    /* U+636E "据" */
    0x0, 0xb, 0xbc, 0x1, 0x8, 0xff, 0xf0, 0xc0,
    0x23, 0x88, 0x88, 0x1b, 0xbb, 0xff, 0x86, 0xe0,
    0x1f, 0xfe, 0x61, 0x7b, 0x0, 0xa9, 0xc0, 0x37,
    0xff, 0xf0, 0x6, 0x28, 0x60, 0x9, 0xe4, 0x3,
    0xff, 0xa3, 0xff, 0xfc, 0x1, 0xff, 0xd1, 0x3d,
    0xb0, 0xa, 0xf0, 0x3, 0x19, 0xe0, 0x8, 0x4c,
    0xf1, 0x1, 0x30, 0x4, 0xc4, 0x1, 0xb3, 0x31,
    0x0, 0x13, 0x33, 0x28, 0x7, 0x96, 0x40, 0x31,
    0x16, 0x0, 0x84, 0x8b, 0x80, 0x3d, 0xe, 0x20,
    0x16, 0xee, 0x20, 0x2, 0x6e, 0xf0, 0x1, 0x40,
    0x30, 0xf8, 0x7, 0xff, 0x11, 0xbe, 0x0, 0x38,
    0xc0, 0x21, 0x1c, 0x1, 0x84, 0x71, 0x8, 0x7,
    0x2e, 0x90, 0x0, 0xbb, 0xb1, 0x0, 0x17, 0xbb,
    0x69, 0x80, 0x74, 0x11, 0x0, 0x2, 0x89, 0x80,
    0x21, 0x44, 0xc0, 0xa0, 0xa0, 0x1c, 0xa0, 0x7,
    0xbb, 0xc4, 0x0, 0x4b, 0xba, 0x80, 0x7a, 0x0,
    0x31, 0x8, 0x0, 0xc0, 0x3f, 0xf8, 0x42, 0x1,
    0xc8, 0x1, 0x68, 0x4, 0x68, 0x98, 0x80, 0x3f,
    0xea, 0x0, 0x90, 0x2, 0xfb, 0xbd, 0x0, 0x1f,
    0xe7, 0x30, 0x2, 0x8, 0x7, 0xff, 0x4, 0xe2,
    0x40, 0x28, 0x0, 0xb8, 0x3, 0x67, 0xfe, 0xa0,
    0xc, 0xee, 0x40, 0x8, 0x80, 0x2, 0xa0, 0x1f,
    0xfc, 0x26, 0x0, 0xc4, 0x80, 0x8, 0x0, 0xe1,
    0x1f, 0x0, 0x62, 0x28, 0xd7, 0xee, 0xca, 0xc0,
    0x1d, 0xbd, 0xda, 0xc0, 0x3b, 0x75, 0x94, 0x40,
    0x94, 0x1, 0x7f, 0xc6, 0x1, 0x97, 0xfd, 0xc0,

    /* U+63A5 "接" */
    0x0, 0xff, 0xe2, 0x98, 0x7, 0xfa, 0x66, 0x20,
    0xf, 0xab, 0xbf, 0x14, 0x3, 0xf0, 0xb3, 0x4e,
    0x1, 0xf1, 0x88, 0x3, 0xc0, 0x3f, 0xf8, 0x7f,
    0xfc, 0xc0, 0x12, 0xff, 0xec, 0x0, 0xff, 0xe6,
    0x8, 0x1f, 0xf0, 0x5, 0x5e, 0x1, 0xff, 0xc5,
    0x70, 0xf, 0xdf, 0xc8, 0x0, 0x7e, 0xe9, 0x40,
    0x9, 0xda, 0x1, 0xff, 0xe, 0x0, 0xc, 0x46,
    0x40, 0x6, 0x8, 0x1, 0x9d, 0xc0, 0x12, 0xb8,
    0x4, 0x40, 0x5, 0x0, 0x10, 0x80, 0x10, 0x2,
    0x28, 0x90, 0xb, 0xe2, 0xff, 0xd4, 0x0, 0x1f,
    0xf6, 0x80, 0x59, 0xfe, 0x80, 0xf, 0xfe, 0xa2,
    0x80, 0x7f, 0xf2, 0xea, 0xed, 0xff, 0x51, 0xac,
    0x77, 0xff, 0xd0, 0x9, 0x0, 0x1f, 0xd2, 0x6b,
    0x22, 0x1, 0xfa, 0xec, 0xc0, 0x1d, 0x9f, 0xf1,
    0x80, 0x7, 0xff, 0xf3, 0x90, 0x7, 0x1d, 0x80,
    0x7f, 0xf1, 0x3f, 0x80, 0x3a, 0x54, 0x3, 0xff,
    0x8a, 0x6d, 0x60, 0x1d, 0x9c, 0xc0, 0x16, 0x77,
    0x42, 0x0, 0x3e, 0xe4, 0x24, 0xa8, 0x7, 0xcc,
    0x1, 0x20, 0xc, 0x88, 0x2, 0x44, 0x40, 0x1f,
    0xe6, 0x0, 0xd1, 0xd4, 0xe0, 0x2, 0x50, 0xf,
    0xfe, 0x3, 0xda, 0x0, 0x65, 0x0, 0xb8, 0x3,
    0xff, 0x84, 0x97, 0x0, 0x1f, 0x49, 0x0, 0x48,
    0xd0, 0x1, 0x8, 0x23, 0xdf, 0xc0, 0x7, 0xcb,
    0xb4, 0x41, 0x92, 0xc0, 0x1a, 0x2e, 0x10, 0x3,
    0x95, 0xc0, 0x32, 0xea, 0xe8, 0x7, 0x2d, 0x0,
    0x70, 0xbe, 0xd4, 0x73, 0x80, 0x42, 0xae, 0x1,
    0x15, 0x9, 0x18, 0x1b, 0xe7, 0x41, 0x0, 0x6,
    0x39, 0x82, 0x40, 0xbf, 0xed, 0x50, 0x6, 0xfe,
    0x41, 0x80, 0x7c, 0x33, 0xae, 0x0,

    /* U+63D0 "提" */
    0x0, 0x8c, 0xe0, 0xf, 0xfe, 0x49, 0xe6, 0x44,
    0x0, 0xef, 0xff, 0xfe, 0x9, 0x0, 0x7f, 0xf6,
    0x89, 0x13, 0xc6, 0x1, 0xc7, 0x14, 0x1, 0x5c,
    0x0, 0x65, 0x99, 0xf4, 0x0, 0x72, 0xbb, 0x0,
    0x4c, 0xe0, 0x19, 0xf7, 0x7d, 0x60, 0x1f, 0xfd,
    0xe7, 0xdd, 0xf5, 0x80, 0x73, 0x7e, 0x0, 0x5b,
    0xe0, 0x18, 0xea, 0xbd, 0xa0, 0x1f, 0xfc, 0x54,
    0x77, 0xf3, 0x0, 0x7f, 0xd5, 0x0, 0x1f, 0xfc,
    0xb7, 0x30, 0xfe, 0xef, 0xfe, 0x9, 0x1, 0x46,
    0x80, 0x67, 0xcc, 0xff, 0xe1, 0xeb, 0xf3, 0x88,
    0x7, 0x19, 0x17, 0xff, 0xf, 0x9c, 0x3, 0xab,
    0x0, 0x3f, 0xf8, 0xa4, 0x1, 0xce, 0x1d, 0x57,
    0x9b, 0xd4, 0x1, 0x67, 0x77, 0x4f, 0xc6, 0x0,
    0x70, 0xd5, 0xe3, 0x8b, 0x0, 0x42, 0x3e, 0x6,
    0x70, 0xf, 0x10, 0x4, 0xe0, 0x1d, 0xbf, 0xfb,
    0x0, 0x3f, 0x90, 0x2, 0x30, 0xf, 0xfe, 0x45,
    0x0, 0x56, 0x1, 0xc6, 0x7c, 0xa0, 0x1f, 0x94,
    0xc0, 0x25, 0x87, 0x0, 0xb7, 0x33, 0x48, 0x2d,
    0x70, 0x4, 0xd6, 0x1, 0xcf, 0x60, 0x1f, 0xe3,
    0x52, 0x0, 0xa8, 0x40, 0x10, 0x60, 0x1e, 0xef,
    0xfe, 0xa5, 0x0, 0xe1, 0x0, 0x23, 0xea, 0x0,
    0x7f, 0xda, 0x40, 0x11, 0x4e, 0x99, 0xac, 0x6,
    0xec, 0xc4, 0x20, 0x1f, 0x20, 0xff, 0xda, 0xc5,
    0x98, 0x0, 0xc9, 0x3b, 0xdf, 0xff, 0x18,

    /* U+63E1 "握" */
    0x0, 0x12, 0xa8, 0x80, 0x3f, 0xf9, 0x37, 0x54,
    0xb0, 0x4f, 0xff, 0xfe, 0x1d, 0x80, 0x7f, 0xf6,
    0x51, 0x3f, 0x88, 0x3, 0x3f, 0x30, 0x1, 0xb8,
    0x40, 0x2b, 0xbf, 0xea, 0x0, 0xde, 0x20, 0x18,
    0x40, 0x37, 0xff, 0xf4, 0x0, 0x7f, 0xf4, 0x71,
    0xcc, 0x0, 0x6e, 0x20, 0x14, 0x47, 0xff, 0x3,
    0x81, 0x21, 0x40, 0xb, 0x0, 0x19, 0xdf, 0xff,
    0x80, 0xa0, 0x1f, 0xfc, 0xa, 0xff, 0xff, 0xe0,
    0x0, 0x7c, 0x60, 0x1f, 0xfc, 0xb6, 0xd0, 0xd,
    0xec, 0x60, 0x13, 0x30, 0xc1, 0x19, 0x80, 0x5,
    0x40, 0x8, 0x44, 0x0, 0x15, 0xd3, 0x0, 0x5c,
    0xd1, 0x83, 0x44, 0x87, 0x51, 0x0, 0x6c, 0x0,
    0x92, 0xc0, 0x9, 0x93, 0x20, 0x1, 0x68, 0x0,
    0x80, 0x31, 0x4f, 0x80, 0xc, 0x80, 0x24, 0x76,
    0x50, 0x8, 0xe8, 0x14, 0x3, 0x23, 0x0, 0x42,
    0xa0, 0x1f, 0x1a, 0x8, 0x20, 0xe3, 0xa8, 0x6,
    0xe0, 0x3, 0x1f, 0x7f, 0xa4, 0x0, 0x79, 0x7a,
    0x5e, 0x2b, 0x6, 0x1, 0x88, 0x0, 0x51, 0x75,
    0x50, 0x0, 0xaa, 0x92, 0xe8, 0x1, 0xf9, 0x0,
    0x1a, 0xab, 0x8c, 0x0, 0x2a, 0xbb, 0x40, 0x3e,
    0x31, 0x0, 0x20, 0x7, 0xff, 0x22, 0xc0, 0x4,
    0x3b, 0xff, 0x48, 0x0, 0xff, 0xf4, 0x2, 0xb2,
    0x0, 0xd, 0xc0, 0x9, 0x77, 0xe0, 0x1, 0x5d,
    0xf3, 0x4c, 0x88, 0x0, 0xa0, 0x16, 0xa2, 0x71,
    0x0, 0x5, 0x13, 0xbd, 0x40, 0x32, 0x88, 0x1a,
    0x80, 0x7f, 0xf0, 0xfc, 0x0, 0x2d, 0x5c, 0xd0,
    0x3f, 0xff, 0xfc, 0x29,

    /* U+64AD "播" */
    0x0, 0x15, 0x52, 0x40, 0x3f, 0x9, 0x1a, 0x34,
    0x4d, 0xe9, 0x80, 0x42, 0xaa, 0x60, 0x4, 0x66,
    0xeb, 0xbf, 0xb7, 0x2e, 0x5d, 0x90, 0x94, 0x3,
    0xf8, 0xcc, 0x44, 0x10, 0xf, 0xf7, 0x0, 0x7f,
    0x8, 0x4, 0x46, 0x1, 0x2c, 0xa8, 0xd7, 0xc0,
    0x2, 0x64, 0x1, 0x4a, 0x53, 0x80, 0x23, 0xc,
    0x1, 0xee, 0x83, 0x4a, 0x0, 0x16, 0x50, 0x9,
    0xb0, 0x38, 0x1, 0x44, 0x1, 0xa8, 0x40, 0x94,
    0x3, 0xfe, 0x64, 0x6, 0x30, 0x8, 0xfc, 0x82,
    0x40, 0x3f, 0xc9, 0xfe, 0x40, 0x6e, 0x30, 0x4,
    0xd9, 0x5, 0xff, 0x8c, 0x7f, 0x0, 0x2f, 0x80,
    0xf, 0xfe, 0x63, 0x36, 0x30, 0xf, 0xc6, 0xcd,
    0x10, 0x7, 0xb0, 0x66, 0x5e, 0x60, 0x1f, 0x8f,
    0xe6, 0x42, 0x1, 0xe3, 0x55, 0x6c, 0x80, 0x10,
    0x80, 0x8, 0x1, 0x4e, 0x20, 0x1c, 0xe0, 0x6,
    0x9a, 0x20, 0x2, 0xd8, 0x80, 0x3a, 0x80, 0x23,
    0xb9, 0x93, 0x0, 0x70, 0x80, 0x4b, 0xc9, 0x35,
    0x41, 0x14, 0x80, 0x6d, 0xd0, 0x7, 0x5f, 0x18,
    0x1, 0x6e, 0xd5, 0x55, 0xda, 0x40, 0x23, 0x43,
    0x0, 0xe4, 0xa, 0x0, 0xff, 0xe1, 0x40, 0x2c,
    0x58, 0x7, 0xe6, 0xcc, 0x18, 0x2, 0x33, 0x2,
    0x0, 0x70, 0x17, 0x70, 0x7, 0xff, 0x8, 0x40,
    0x3f, 0xf8, 0xcd, 0x98, 0x30, 0x4, 0xe6, 0x4,
    0x3, 0xff, 0xa6, 0xe0, 0x1f, 0x9f, 0xfc, 0x60,
    0xa, 0xff, 0x8, 0x6, 0x6d, 0xb0, 0xf, 0xc6,
    0xee, 0x10, 0x6, 0x3b, 0x84, 0x3, 0x11, 0x0,
    0x21, 0x0, 0xe4, 0x88, 0x10, 0x1, 0xa2, 0x0,
    0x1c, 0xa0, 0x19, 0x40, 0x3f, 0xf8, 0xe2, 0x86,
    0x66, 0xa0, 0xe, 0x7f, 0xff, 0xc2, 0x1, 0x80,

    /* U+653E "放" */
    0x0, 0xfc, 0x20, 0x1f, 0xfc, 0xa7, 0xcf, 0xe1,
    0x0, 0xe5, 0xda, 0x82, 0x0, 0xff, 0xbc, 0xc0,
    0x8, 0x1, 0xde, 0x4a, 0xe0, 0x1f, 0xfc, 0xd,
    0x0, 0xb4, 0x3, 0x90, 0x0, 0x44, 0x0, 0xf9,
    0xaa, 0xae, 0x0, 0x9a, 0xaa, 0x4, 0x10, 0x0,
    0xc4, 0x78, 0xc3, 0xd5, 0x64, 0x0, 0x85, 0x56,
    0x1e, 0x0, 0x8d, 0xdf, 0xca, 0x1, 0xff, 0xc1,
    0x35, 0x0, 0xff, 0xe0, 0x71, 0x90, 0x4, 0x67,
    0xeb, 0x0, 0xff, 0xe0, 0xbe, 0x58, 0x5, 0x99,
    0xda, 0xc0, 0x17, 0x7f, 0x9c, 0x0, 0x7e, 0xc0,
    0x10, 0x80, 0x4, 0x3, 0xa0, 0x2, 0x11, 0x0,
    0x8, 0x0, 0xc0, 0x1d, 0xe0, 0x1, 0x88, 0xe6,
    0x0, 0x84, 0x80, 0xc, 0x0, 0xd0, 0xf, 0xe7,
    0x7e, 0x0, 0xe7, 0x0, 0x18, 0x0, 0x80, 0x38,
    0x40, 0x3f, 0x10, 0x6, 0xc0, 0x40, 0x9, 0x0,
    0x3f, 0xf8, 0x56, 0x4a, 0x0, 0x60, 0xd0, 0x1,
    0x8, 0x7, 0x18, 0x0, 0xff, 0xc4, 0x0, 0x3c,
    0xb0, 0x9, 0x9c, 0x0, 0xa0, 0x1e, 0x10, 0x3,
    0x80, 0xc, 0x0, 0x23, 0x18, 0x2, 0x44, 0x1,
    0x60, 0x1e, 0x60, 0x1, 0x0, 0x73, 0x80, 0x28,
    0x3, 0x88, 0xc0, 0x3c, 0x40, 0x1, 0x0, 0x8,
    0x7, 0x30, 0x80, 0x68, 0x0, 0xf0, 0x80, 0x5c,
    0x1, 0xc2, 0x1, 0x30, 0x6, 0x50, 0xf, 0x20,
    0x4, 0xa0, 0x20, 0x11, 0x80, 0xd, 0xc0, 0x35,
    0x80, 0x7b, 0xc0, 0x23, 0x2, 0x0, 0xe3, 0xc0,
    0xe, 0x4b, 0x0, 0xc2, 0xa0, 0x3, 0x1, 0xa0,
    0x8, 0x5b, 0x0, 0x3e, 0x4c, 0x20, 0x4, 0x80,
    0x45, 0xfc, 0xc0, 0x15, 0x48, 0x4, 0x3c, 0xa0,
    0x11, 0xe2, 0x3, 0x0, 0x6, 0x0, 0x3c, 0xa0,
    0x11, 0x60, 0xd2, 0x80, 0x42, 0x0, 0xa0, 0x4,
    0xa8, 0x7, 0x51, 0x80, 0xf, 0x8, 0x1, 0x4c,
    0x0, 0x64, 0x4, 0xa2, 0x73, 0x77, 0xa7, 0x57,
    0x41, 0x70, 0x40, 0x34, 0xc8, 0x60, 0x2, 0x5d,
    0x0, 0x44, 0x4c, 0x40, 0x3b, 0x40, 0x1f, 0x37,
    0x8, 0x0,

    /* U+6570 "数" */
    0x0, 0x8, 0x80, 0xb3, 0x14, 0x0, 0x40, 0x8,
    0x76, 0x9c, 0x3, 0xe4, 0xfa, 0x1, 0x33, 0x20,
    0x1d, 0xe1, 0x2, 0x12, 0xc0, 0x7, 0xd0, 0x28,
    0xc0, 0x1d, 0xc0, 0x74, 0x1e, 0x0, 0x40, 0xf,
    0xb8, 0x1, 0x2a, 0x1, 0x41, 0x1, 0x40, 0x20,
    0x4, 0xcd, 0xc8, 0x5, 0x23, 0x2a, 0x1, 0x4a,
    0x7, 0x82, 0x8, 0x1, 0x26, 0x7b, 0x8e, 0xf4,
    0xb7, 0xc0, 0x3, 0x40, 0x32, 0x9c, 0x1, 0xfe,
    0x64, 0x41, 0xa1, 0x80, 0x48, 0x81, 0x43, 0x50,
    0xf, 0xfe, 0x5c, 0x80, 0x59, 0xb8, 0x1, 0x5d,
    0x97, 0x74, 0xe0, 0x1c, 0xb9, 0xb6, 0x20, 0x18,
    0x84, 0x2, 0x41, 0x3, 0x87, 0x0, 0xe5, 0xca,
    0xc0, 0xc, 0xc0, 0xc0, 0x1, 0x0, 0x37, 0x28,
    0x1, 0x0, 0x39, 0xdc, 0x1, 0xb4, 0xc, 0x0,
    0x40, 0x2, 0x0, 0xa2, 0x0, 0x1, 0x60, 0x2,
    0x38, 0x4, 0x61, 0xa0, 0x5, 0x0, 0x21, 0x8d,
    0xe4, 0x35, 0xec, 0xea, 0x7c, 0xb8, 0x1, 0x1,
    0x0, 0x1e, 0x1, 0x77, 0xb2, 0x21, 0x88, 0xc0,
    0xad, 0x6, 0xc, 0x1, 0x2, 0x0, 0x40, 0x3,
    0xfe, 0x60, 0x2, 0x8d, 0xdd, 0x80, 0x4, 0x0,
    0x38, 0x0, 0x48, 0x1, 0xe4, 0x41, 0x0, 0x84,
    0x8b, 0x80, 0x16, 0x1, 0xce, 0x1, 0xff, 0xc6,
    0x32, 0x0, 0xd6, 0x1, 0x46, 0x80, 0x47, 0xfe,
    0xe2, 0x0, 0x38, 0x5, 0x40, 0x11, 0x90, 0x6,
    0xb0, 0x8, 0xf1, 0x68, 0x80, 0x60, 0x0, 0x32,
    0x1, 0x1a, 0x80, 0x68, 0x60, 0x8, 0xe9, 0x0,
    0x14, 0x20, 0x38, 0x20, 0x1a, 0x98, 0x2, 0x19,
    0xe3, 0x0, 0xf1, 0x81, 0x61, 0x0, 0x7a, 0x64,
    0x0, 0x48, 0xf3, 0x0, 0xf4, 0x3e, 0x10, 0x0,
    0xb8, 0xc0, 0x26, 0x9b, 0xb3, 0x88, 0x4, 0x88,
    0x0, 0x24, 0x8, 0x0, 0xf0, 0x74, 0x80, 0x2a,
    0x80, 0xc, 0x97, 0x76, 0x25, 0x38, 0x1, 0x30,
    0x40, 0x7c, 0x81, 0x4c, 0xc8, 0x2f, 0xb6, 0x80,
    0x3, 0xb1, 0x83, 0x6b, 0x0, 0xc5, 0x87, 0x0,
    0xb, 0xe8, 0x20, 0xf, 0xd9, 0x20, 0x1e, 0x1c,
    0x20,

    /* U+6574 "整" */
    0x0, 0xff, 0xea, 0x46, 0xe9, 0x80, 0x3d, 0x1f,
    0xb0, 0x1, 0xf4, 0xff, 0xe7, 0x22, 0x4f, 0xfe,
    0x50, 0x60, 0x22, 0x22, 0x70, 0x81, 0x80, 0x7f,
    0xf0, 0xd, 0x84, 0x0, 0xb7, 0x7c, 0xe1, 0xee,
    0xf8, 0x80, 0x6, 0xef, 0x96, 0xc0, 0x3f, 0xe5,
    0xaa, 0xcc, 0x0, 0x5a, 0xad, 0x64, 0x0, 0x11,
    0x80, 0x21, 0x30, 0x6, 0xee, 0x40, 0x3, 0x6e,
    0xe7, 0x0, 0xbf, 0xb8, 0x20, 0xe, 0x50, 0xe,
    0x10, 0xc, 0x20, 0x1f, 0x58, 0x38, 0x82, 0x80,
    0x79, 0x39, 0x40, 0x11, 0xc4, 0x2, 0x62, 0x20,
    0x5a, 0x80, 0x4, 0x80, 0x79, 0x3d, 0x40, 0x11,
    0xe4, 0x7, 0xb9, 0x60, 0x5, 0x0, 0x39, 0x80,
    0x7f, 0xf1, 0x4, 0x90, 0x80, 0x38, 0x40, 0x36,
    0xd0, 0x80, 0x79, 0xb3, 0xca, 0x38, 0x80, 0x33,
    0xf4, 0x90, 0x14, 0x50, 0x80, 0x80, 0x66, 0xc8,
    0xd7, 0x0, 0x98, 0x80, 0x26, 0x70, 0xe5, 0x0,
    0x52, 0x0, 0x15, 0x40, 0x3, 0x70, 0x1, 0xe4,
    0xec, 0x8, 0xa, 0x87, 0x1, 0x6a, 0xfb, 0xbb,
    0xab, 0x5a, 0x20, 0xb7, 0x86, 0x0, 0x7e, 0x9b,
    0x0, 0x13, 0x96, 0xfd, 0x3b, 0xaf, 0xf5, 0xbb,
    0xd6, 0xff, 0xfd, 0x2c, 0x1, 0xff, 0xd1, 0xd5,
    0x5f, 0xe0, 0x8, 0x95, 0x7f, 0x8, 0x4, 0xb5,
    0x64, 0x54, 0x55, 0x40, 0x12, 0xd5, 0x7e, 0x20,
    0xe, 0x27, 0x7c, 0x1, 0xe7, 0xff, 0xf8, 0xc0,
    0x3f, 0xfb, 0xe9, 0x55, 0xf1, 0x0, 0x4f, 0x33,
    0x0, 0x5d, 0x33, 0x0, 0x4f, 0x99, 0xf4, 0x49,
    0x85, 0xb3, 0x14, 0x2, 0x46, 0x68, 0x2, 0x36,
    0x6f, 0xf0, 0x7, 0xff, 0x3f, 0x3f, 0xff, 0xf9,
    0x6a,

    /* U+65AD "断" */
    0x0, 0xf8, 0xcc, 0x40, 0x1f, 0xf1, 0xa0, 0x2b,
    0x30, 0x80, 0x2c, 0xc7, 0x0, 0x7c, 0x6d, 0x7f,
    0x92, 0x17, 0x32, 0x58, 0x50, 0xe, 0x78, 0x5b,
    0xdf, 0xc9, 0x40, 0x1, 0x10, 0x2, 0x87, 0x80,
    0xe, 0x97, 0x84, 0x20, 0xf, 0x94, 0x2, 0x60,
    0x25, 0x0, 0x98, 0x42, 0x80, 0x3c, 0x4d, 0x6e,
    0x1, 0x7a, 0x4, 0x80, 0x6, 0x1, 0x84, 0x2,
    0x8b, 0xed, 0x94, 0x0, 0xef, 0x3, 0x0, 0x10,
    0x84, 0x0, 0x67, 0x41, 0x0, 0xfc, 0x88, 0x90,
    0x1, 0x3b, 0x8, 0x7, 0xff, 0xd, 0xf0, 0x40,
    0x7, 0xfc, 0xa0, 0x1a, 0xab, 0xd0, 0x1, 0xc,
    0x44, 0x0, 0x18, 0x87, 0x0, 0x65, 0x5f, 0x20,
    0x7, 0xff, 0x40, 0x88, 0x1, 0x88, 0xa0, 0xf,
    0xfe, 0x10, 0xef, 0x0, 0x47, 0xba, 0x90, 0x8,
    0x7e, 0x80, 0x2f, 0xc0, 0xe, 0xe0, 0x8, 0xe0,
    0x3, 0xff, 0x8b, 0x24, 0x1, 0x9f, 0x4c, 0x40,
    0x6, 0x1, 0xfe, 0xb6, 0x0, 0xf1, 0x65, 0x80,
    0x7f, 0xf0, 0x48, 0x1, 0x0, 0x1, 0x10, 0x13,
    0x0, 0x18, 0x3, 0xfc, 0x60, 0x6e, 0x0, 0x2f,
    0x49, 0x60, 0x1, 0x0, 0x7f, 0xa9, 0x34, 0x3,
    0xd, 0xa1, 0x80, 0x38, 0x3, 0xfe, 0xb1, 0x0,
    0xf1, 0x80, 0x46, 0x1, 0xfe, 0xf4, 0x4a, 0xa9,
    0x28, 0x34, 0x1, 0x20, 0x7, 0xf9, 0xae, 0xea,
    0xaa, 0xdd, 0xc0, 0x3, 0x0, 0xff, 0xe3, 0xd8,
    0x80, 0x28, 0x3, 0xff, 0x8e, 0x60, 0x1, 0x60,
    0xf, 0xdd, 0xff, 0xfe, 0xe9, 0x9, 0x0, 0xff,
    0xe4, 0xb7, 0x38, 0x4, 0xbf, 0xf0, 0x0,

    /* U+65B0 "新" */
    0x0, 0xf8, 0x4c, 0x3, 0xff, 0x94, 0xbd, 0xcc,
    0x60, 0xf, 0xfe, 0x1, 0xc1, 0x0, 0x79, 0xc4,
    0x1, 0x40, 0x1f, 0x12, 0xc5, 0xfe, 0x3d, 0x0,
    0xf, 0xfe, 0xd0, 0x8, 0xff, 0xea, 0x4e, 0xfd,
    0xa7, 0x40, 0x9, 0x40, 0x3f, 0xf8, 0x62, 0x20,
    0xf, 0xc6, 0x20, 0x1f, 0xfc, 0x81, 0x48, 0xce,
    0x10, 0x3e, 0x30, 0x4, 0xf7, 0xc, 0x1, 0x16,
    0x1, 0xa7, 0xb9, 0x6e, 0x60, 0x18, 0x6c, 0x1,
    0x82, 0x23, 0x0, 0x28, 0x80, 0x65, 0x10, 0xf,
    0xe5, 0x0, 0x28, 0x28, 0x0, 0x88, 0x1, 0xff,
    0xc2, 0xcf, 0xd0, 0xb, 0xe8, 0x0, 0x5f, 0xe3,
    0x0, 0xa9, 0xdf, 0xca, 0x2, 0x1, 0xff, 0xc4,
    0x68, 0x8f, 0x70, 0x7, 0xff, 0x3f, 0xf7, 0x72,
    0x0, 0x17, 0x77, 0x18, 0x7, 0xff, 0x0, 0x8b,
    0x80, 0x23, 0x22, 0xc0, 0x1b, 0x3c, 0x2, 0xbf,
    0xb0, 0x5f, 0xfc, 0x80, 0x6, 0xff, 0xac, 0x3,
    0x8, 0x7, 0xff, 0x24, 0xc0, 0x3f, 0xf9, 0xa2,
    0x1, 0x18, 0x7, 0xe5, 0xd6, 0xcd, 0x40, 0x2,
    0xeb, 0x5c, 0xf8, 0x4, 0x20, 0x1f, 0xcc, 0xcc,
    0xa0, 0xd, 0x2d, 0xe4, 0x40, 0x0, 0x80, 0x7f,
    0xb8, 0x1, 0xe0, 0x19, 0x41, 0x1d, 0xc0, 0x2,
    0x0, 0xfe, 0x15, 0x0, 0x30, 0x4, 0x74, 0x0,
    0x82, 0x0, 0x28, 0x7, 0xf4, 0x80, 0x14, 0x40,
    0x32, 0x28, 0xa8, 0x5, 0x80, 0x1f, 0xcc, 0x0,
    0xd4, 0x60, 0xd, 0x7e, 0xe0, 0x12, 0x0, 0x7f,
    0x61, 0x8c, 0x59, 0x0, 0x4, 0x5, 0x8, 0x0,
    0x82, 0x1, 0xfc, 0x59, 0x81, 0x0, 0xda, 0x0,
    0x80, 0xb, 0xc0, 0x3f, 0xf8, 0x4, 0xa0, 0x1,
    0x65, 0x0, 0x6c, 0x91, 0x10, 0x3, 0xff, 0x83,
    0x7f, 0xee, 0x90, 0xc, 0xdb, 0x80, 0x1b, 0xfe,
    0x40, 0x0,

    /* U+65E0 "无" */
    0x0, 0x47, 0xff, 0xff, 0x20, 0x3, 0xff, 0x9a,
    0x20, 0x1f, 0xfd, 0xd, 0x55, 0xf8, 0x40, 0x23,
    0x55, 0xfc, 0x20, 0x12, 0xd5, 0x7c, 0x80, 0x14,
    0xd5, 0x7e, 0x0, 0xff, 0xe0, 0x8, 0x4, 0x20,
    0x1f, 0xfc, 0x87, 0x0, 0x9c, 0x3, 0xfc, 0x35,
    0x5f, 0xc4, 0x1, 0x45, 0x57, 0xf3, 0x1a, 0xaf,
    0xf0, 0x80, 0x48, 0xab, 0xfd, 0x80, 0x1f, 0xfe,
    0x62, 0xff, 0xfc, 0x80, 0x13, 0xff, 0xff, 0xa8,
    0x3, 0xf0, 0xa0, 0x5, 0x80, 0x1f, 0xfc, 0x79,
    0x0, 0xd7, 0xfe, 0x40, 0xf, 0xfe, 0x18, 0xb8,
    0x7, 0xff, 0x2e, 0x80, 0x32, 0x80, 0x7c, 0x34,
    0xe8, 0x20, 0x1e, 0x84, 0x0, 0xa0, 0xc0, 0x3f,
    0x2c, 0x5d, 0x80, 0x39, 0xdc, 0x1, 0x13, 0x80,
    0x7e, 0x30, 0x8, 0xc0, 0x34, 0xc0, 0x4, 0x3e,
    0x1, 0xff, 0xc1, 0x10, 0x1, 0xeb, 0x0, 0x6d,
    0x20, 0xe, 0xd1, 0x1, 0xa0, 0xb, 0xc6, 0x70,
    0x80, 0x35, 0x98, 0x0, 0x40, 0x26, 0xef, 0xe7,
    0x0, 0x84, 0x1c, 0x3, 0x16, 0xa0, 0x5, 0xa0,
    0x1f, 0xf2, 0x8e, 0x80, 0x4b, 0x84, 0x1, 0x94,
    0xc0, 0x3f, 0x94, 0xc0, 0xe0, 0x6a, 0x82, 0x1,
    0xec, 0xb8, 0x77, 0xe8, 0xba, 0x0, 0x9f, 0x94,
    0x3, 0xf9, 0x1e, 0x23, 0x9d, 0x0, 0x0,

    /* U+65F6 "时" */
    0x0, 0xff, 0xe2, 0x96, 0x64, 0xa0, 0x9, 0xaa,
    0xfc, 0xa0, 0x1f, 0x9, 0x9c, 0x40, 0x7, 0x55,
    0xfd, 0xa0, 0x1f, 0xfd, 0xd1, 0x22, 0x0, 0x7f,
    0xf2, 0x5b, 0x74, 0x20, 0x12, 0x7f, 0xfb, 0x0,
    0x28, 0xfd, 0x0, 0xff, 0xf7, 0x3a, 0x27, 0x8c,
    0x2, 0x24, 0x50, 0xf, 0xf1, 0xdd, 0x75, 0xdd,
    0xe0, 0x15, 0x5c, 0x0, 0x4f, 0xfe, 0x10, 0x8,
    0x67, 0xa8, 0x80, 0x3f, 0xf8, 0xe8, 0xc0, 0x8,
    0x0, 0xff, 0xe3, 0xa9, 0x80, 0x15, 0x0, 0x3f,
    0xe5, 0xaa, 0x0, 0x77, 0x80, 0x52, 0x1, 0xff,
    0x12, 0xa8, 0x40, 0x31, 0xa8, 0x0, 0x98, 0x3,
    0xff, 0x8f, 0x60, 0x15, 0x80, 0x7f, 0xf1, 0xc5,
    0xc1, 0xf0, 0x3, 0xff, 0x91, 0x3d, 0x2, 0x1,
    0xfe, 0x24, 0x40, 0x80, 0x78, 0x44, 0x1, 0xff,
    0xc0, 0x5b, 0xb0, 0x7, 0xff, 0x5d, 0xc0, 0x3f,
    0xf8, 0xc7, 0x77, 0xa8, 0x2, 0x10, 0xe, 0x6d,
    0xde, 0x90, 0x0, 0xa2, 0x61, 0x0, 0x8c, 0x3,
    0x84, 0x8b, 0x84, 0x0, 0x40, 0x1f, 0xa, 0x80,
    0x3b, 0xa8, 0x0, 0xfe, 0x30, 0xc, 0x2b, 0x80,
    0x10,

    /* U+660E "明" */
    0x0, 0xff, 0x8d, 0x13, 0xfc, 0x5d, 0xff, 0xf9,
    0x3, 0x2e, 0xff, 0xd2, 0x1, 0xff, 0xe5, 0x37,
    0x70, 0x7, 0xe1, 0xcc, 0xac, 0x3, 0xeb, 0x88,
    0x0, 0x7e, 0x33, 0xca, 0x1, 0xff, 0xdd, 0x35,
    0x59, 0xc0, 0x3f, 0xf8, 0xc3, 0x55, 0x48, 0x7,
    0xd8, 0xcc, 0x0, 0xff, 0xe4, 0x24, 0xc8, 0x3,
    0xff, 0xa6, 0x5f, 0xf7, 0x0, 0x7e, 0x11, 0x0,
    0x7f, 0xf2, 0x23, 0xb8, 0x1, 0xfc, 0x67, 0x28,
    0x7, 0xff, 0x18, 0xb3, 0x2b, 0x0, 0xff, 0xe1,
    0x8, 0x7, 0xff, 0x28, 0xc0, 0x3f, 0xf9, 0x4e,
    0x1, 0x47, 0x75, 0xa0, 0x1f, 0x5c, 0x40, 0x3,
    0x60, 0x4, 0x82, 0x31, 0x80, 0x7c, 0x6e, 0xe0,
    0x8, 0x58, 0x2, 0x30, 0xf, 0xfe, 0x2c, 0x0,
    0x4a, 0x1, 0x8c, 0x3, 0xff, 0x82, 0x40, 0x17,
    0x96, 0xee, 0x0, 0x84, 0x2, 0x8f, 0xfb, 0x0,
    0x31, 0xa9, 0x16, 0x0, 0xc6, 0x45, 0x8, 0x4,
    0x72, 0x1, 0x40, 0x0, 0xc0, 0x3d, 0xb9, 0xba,
    0x60, 0xc, 0xd6, 0xe, 0x80, 0x5, 0x0, 0xc7,
    0x28, 0x1, 0xfc, 0x9b, 0x0, 0x14, 0xff, 0xec,
    0x60,

    /* U+663E "显" */
    0x0, 0x91, 0x3f, 0xf8, 0xe4, 0x1, 0x8a, 0xef,
    0xff, 0x8f, 0x0, 0x1f, 0xfd, 0x61, 0x1f, 0xfe,
    0x0, 0x7, 0xff, 0x1, 0xfb, 0xbf, 0xf8, 0x0,
    0x1f, 0xfc, 0x7, 0xff, 0xff, 0xe0, 0x0, 0x7f,
    0xf6, 0x52, 0x67, 0xfe, 0x80, 0xf, 0xfe, 0x1,
    0xb3, 0x7f, 0xce, 0x1, 0xff, 0xc0, 0x7f, 0xff,
    0xfe, 0x0, 0x7, 0xff, 0xb8, 0xbb, 0x9f, 0xee,
    0x0, 0x9b, 0xf8, 0x2, 0x6f, 0xfb, 0x68, 0x3,
    0x26, 0x40, 0x0, 0x40, 0x3f, 0x84, 0x0, 0x9b,
    0x22, 0x0, 0x8b, 0x26, 0x40, 0xf, 0xfe, 0x14,
    0x83, 0x78, 0x86, 0x0, 0x54, 0x20, 0x1f, 0xfc,
    0x6, 0x20, 0x2, 0x8, 0x23, 0x0, 0x6, 0xc0,
    0x3f, 0xe1, 0x90, 0xa, 0x0, 0x29, 0x10, 0x2,
    0xa8, 0x3, 0xfd, 0x60, 0x13, 0x90, 0x6, 0xa0,
    0x8, 0xc0, 0x3f, 0x8d, 0x40, 0x5, 0x0, 0x1c,
    0x88, 0x2d, 0x60, 0xf, 0xe3, 0xd3, 0x9, 0x0,
    0xc6, 0x77, 0xf0, 0x98, 0x4, 0x66, 0x20, 0x8,
    0x87, 0xe5, 0xcc, 0xc2, 0x79, 0x95, 0xe6, 0x40,
    0x12, 0xe6, 0x0, 0x25, 0xcc, 0x4e, 0x65, 0x60,
    0x1f, 0xfe, 0x63, 0xcc, 0xff, 0xe5, 0xc0,

    /* U+666F "景" */
    0x0, 0x11, 0x7f, 0xf2, 0x4, 0x3, 0x76, 0xef,
    0xff, 0x1d, 0xc0, 0x3f, 0xfa, 0x85, 0xbb, 0xff,
    0xc0, 0xa0, 0xf, 0xf8, 0xbf, 0xff, 0xf8, 0x16,
    0x1, 0xff, 0xc0, 0x22, 0xff, 0xe0, 0x8, 0x7,
    0xfc, 0x5d, 0xdf, 0xfc, 0xb, 0x0, 0xff, 0x8b,
    0xbb, 0xff, 0x81, 0x60, 0x1f, 0xfd, 0x5c, 0xff,
    0xf9, 0x0, 0x29, 0xff, 0xf9, 0x80, 0x19, 0xff,
    0xfc, 0x80, 0x14, 0xff, 0xff, 0x28, 0x80, 0x7f,
    0xf2, 0xce, 0x99, 0xbf, 0xf9, 0x6a, 0xf3, 0x2d,
    0xdf, 0xfe, 0x35, 0xcc, 0x8c, 0x0, 0x37, 0x7f,
    0xfc, 0x68, 0x0, 0xff, 0xeb, 0x37, 0xff, 0xfc,
    0x1, 0xff, 0xc1, 0x6f, 0xff, 0xf8, 0x3, 0xff,
    0xac, 0x2e, 0xe2, 0x0, 0x3b, 0xc0, 0x10, 0xbb,
    0x80, 0xc, 0xfe, 0x1, 0xec, 0x42, 0x0, 0x6c,
    0x40, 0x40, 0x5, 0x1e, 0x0, 0x61, 0x70, 0xc,
    0xdb, 0x66, 0x1, 0x71, 0x20, 0x80, 0x6a, 0x0,
    0x9b, 0x68, 0xc2, 0x64, 0x40, 0x12, 0x1a, 0x6d,
    0x80, 0x4e, 0x19, 0x2, 0x1, 0x2e, 0xd, 0x80,
    0x49, 0x97, 0x60, 0xf, 0x60, 0xb, 0xf5, 0x10,
    0x1, 0xc4, 0x99, 0x9b, 0x66, 0x8, 0x1, 0x89,
    0xdc, 0x1, 0x97, 0x69, 0x20, 0x0,

    /* U+6682 "暂" */
    0x0, 0xc9, 0x50, 0xc0, 0x1f, 0xfc, 0x2, 0x56,
    0x0, 0xf7, 0xab, 0xd0, 0x7, 0x12, 0x33, 0xce,
    0x7e, 0xd4, 0x88, 0x47, 0xfc, 0x80, 0x3, 0xff,
    0xc7, 0x97, 0x30, 0xc6, 0x1, 0x90, 0x3, 0xff,
    0x94, 0x28, 0x0, 0xd5, 0x20, 0x9, 0x57, 0xc2,
    0x1, 0x1b, 0x45, 0xf7, 0x2d, 0x41, 0x60, 0x80,
    0x12, 0xef, 0x55, 0x44, 0x1, 0x44, 0xba, 0x8,
    0x7, 0x78, 0x5, 0xa4, 0x55, 0xda, 0x0, 0x35,
    0x6e, 0xfc, 0x60, 0x40, 0x12, 0x0, 0x48, 0x90,
    0x6, 0x12, 0x2f, 0x9c, 0xc, 0xf1, 0x0, 0x46,
    0x65, 0x1, 0x0, 0xff, 0xe0, 0x66, 0x69, 0x0,
    0xbb, 0xf4, 0x3, 0x6f, 0xc0, 0x0, 0xbf, 0xc8,
    0xd3, 0x57, 0x92, 0x1, 0x6e, 0x59, 0x80, 0x44,
    0x1, 0xfb, 0x59, 0x50, 0xc8, 0x3, 0xd2, 0x0,
    0x30, 0xf, 0xfe, 0x8, 0x88, 0x2, 0x67, 0x55,
    0x0, 0x20, 0x3, 0xfa, 0xbb, 0xfd, 0xda, 0x45,
    0x4c, 0x53, 0x82, 0xa0, 0x1, 0x1d, 0xd6, 0x1,
    0x8, 0x82, 0x65, 0x48, 0x94, 0xcc, 0x2a, 0x13,
    0x35, 0x8, 0x80, 0x3c, 0x2c, 0xdf, 0xe5, 0x53,
    0x37, 0xb0, 0x3, 0xff, 0xad, 0x1f, 0xff, 0xf0,
    0x80, 0x7f, 0xf0, 0x23, 0xff, 0xfe, 0x10, 0xf,
    0xfe, 0xca, 0xcc, 0xff, 0xc0, 0x1f, 0xfc, 0x12,
    0x55, 0xff, 0x84, 0x3, 0xff, 0x80, 0xf9, 0x9f,
    0xf0, 0x80, 0x7f, 0xf6, 0x5f, 0x77, 0xfe, 0x10,
    0xf, 0x0,

    /* U+66F4 "更" */
    0x2, 0x2f, 0xfe, 0x58, 0x8b, 0x77, 0xff, 0x97,
    0x20, 0x1f, 0xfe, 0x61, 0xff, 0xfe, 0xe0, 0x9,
    0xbf, 0xff, 0xa0, 0x0, 0xbf, 0xff, 0x70, 0x4,
    0xdf, 0xff, 0x60, 0x6, 0x30, 0xf, 0xfe, 0x38,
    0x80, 0x7f, 0xf5, 0x6f, 0xba, 0xd0, 0x9, 0xbb,
    0xb2, 0x0, 0x7f, 0xf0, 0x4, 0x60, 0xe, 0x11,
    0xc0, 0x1f, 0xfc, 0xb, 0xff, 0xb4, 0x2, 0x6f,
    0xfc, 0x80, 0x1f, 0xfd, 0x85, 0x66, 0x94, 0x2,
    0x26, 0x6c, 0x20, 0x1f, 0xf4, 0xce, 0xb0, 0x9,
    0x26, 0x72, 0x80, 0x7f, 0xd9, 0xff, 0x70, 0x4,
    0xdf, 0xf9, 0x0, 0x3f, 0xfd, 0xad, 0xec, 0x0,
    0x6f, 0xf3, 0x0, 0x59, 0xff, 0xf6, 0x80, 0x71,
    0xb0, 0x1, 0xad, 0x18, 0x0, 0x26, 0x1, 0xff,
    0xc1, 0x39, 0x0, 0x92, 0xc0, 0x26, 0x0, 0xff,
    0xe1, 0xb5, 0x80, 0x7c, 0x28, 0x20, 0x1f, 0xfc,
    0x3, 0x88, 0x0, 0x7c, 0xd7, 0xdf, 0x97, 0x30,
    0xec, 0xc4, 0xc, 0xfc, 0x73, 0x0, 0xff, 0x8d,
    0x19, 0xe2, 0x65, 0xa0, 0xe0, 0x1e, 0x2a, 0xd8,
    0x30, 0xf, 0xfb, 0xc3, 0xc0, 0x22, 0x7c, 0xd5,
    0x27, 0xcf, 0xc9, 0x75, 0x42, 0x10, 0x9, 0x1,
    0x1e, 0xbb, 0x60, 0xc0, 0x3c, 0x6d, 0x15, 0x7b,
    0xdf, 0xee, 0x20,

    /* U+6700 "最" */
    0x0, 0x8d, 0x57, 0xff, 0x8c, 0x1, 0xf4, 0x55,
    0x7f, 0xf1, 0x84, 0x3, 0xff, 0xae, 0x39, 0x9f,
    0xf2, 0x0, 0x7f, 0xf0, 0x47, 0x33, 0xfe, 0x40,
    0xf, 0xfe, 0xd8, 0xdd, 0xff, 0xc8, 0x1, 0xff,
    0xc1, 0x1b, 0xbf, 0xf9, 0x0, 0x3f, 0xc2, 0x1,
    0xff, 0xcd, 0xaf, 0xff, 0xfe, 0x30, 0x80, 0x4d,
    0xff, 0xff, 0xcb, 0xd0, 0xf, 0xfe, 0x79, 0x21,
    0x0, 0x5, 0x12, 0x10, 0x1, 0x22, 0x7f, 0xf0,
    0x1, 0x2d, 0x40, 0x9, 0x55, 0x20, 0x2, 0xa3,
    0xbb, 0xfa, 0x24, 0x3, 0xcb, 0xdd, 0x28, 0x5,
    0x55, 0xfe, 0x90, 0xf, 0xc4, 0x50, 0x7, 0xff,
    0x29, 0x77, 0x66, 0x0, 0xbc, 0x0, 0x39, 0xb4,
    0x1, 0x68, 0x7, 0xcb, 0xdd, 0x30, 0x4, 0xc4,
    0x3, 0x25, 0x20, 0x2, 0x70, 0xf, 0xc2, 0x30,
    0x7, 0x48, 0x1, 0x78, 0xc0, 0x1c, 0x1, 0xf9,
    0x33, 0x24, 0x0, 0x79, 0xa3, 0x80, 0x4, 0x1,
    0x26, 0x1, 0xfc, 0xb7, 0x2a, 0x0, 0x7f, 0xb,
    0x0, 0xe1, 0x0, 0xc5, 0x6c, 0x0, 0x49, 0x75,
    0x10, 0x8, 0xa7, 0x0, 0x3a, 0x3e, 0x4c, 0x5,
    0x4, 0x3, 0xf8, 0x85, 0x80, 0x26, 0x0, 0xcd,
    0xc0, 0x40, 0x1, 0x35, 0x79, 0xc5, 0x0, 0x53,
    0x80, 0x13, 0xa7, 0x54, 0x2, 0x80, 0x1c, 0xfe,
    0xca, 0x86, 0x33, 0x0, 0x52, 0x77, 0x61, 0x2,
    0xad, 0x73, 0x50,

    /* U+6709 "有" */
    0x0, 0xfc, 0x75, 0x30, 0xc0, 0x1f, 0xfc, 0x8a,
    0x56, 0x7c, 0x0, 0xff, 0xe0, 0xc4, 0x7c, 0xe0,
    0x1a, 0x23, 0xfe, 0x61, 0x77, 0xf8, 0x40, 0x25,
    0x77, 0xff, 0xac, 0x3, 0xff, 0xca, 0x22, 0xff,
    0xe1, 0x0, 0xab, 0xff, 0xff, 0x83, 0x80, 0x1d,
    0x22, 0x0, 0x11, 0x22, 0x7f, 0xc4, 0x1, 0xe5,
    0x60, 0x8, 0x6e, 0xff, 0xf8, 0x14, 0x1, 0xc7,
    0x40, 0x1f, 0xfc, 0xa2, 0xd0, 0xf, 0xfe, 0x51,
    0x60, 0x80, 0x69, 0xff, 0xfe, 0xd0, 0xf, 0x1e,
    0x8, 0x7, 0x47, 0x77, 0xf6, 0x0, 0x7a, 0xc4,
    0x3, 0xc2, 0x3f, 0xf0, 0x7, 0xb0, 0x2, 0x50,
    0xf, 0xfe, 0x42, 0x8, 0x4f, 0x80, 0x51, 0xdd,
    0xfd, 0x60, 0x1f, 0x24, 0x30, 0x6, 0x11, 0xff,
    0x30, 0x7, 0xd6, 0xe0, 0x1d, 0x3f, 0xff, 0xda,
    0x1, 0xf0, 0x80, 0x7f, 0xfb, 0x27, 0xbb, 0xfb,
    0x0, 0x3f, 0xf8, 0x62, 0x3c, 0x67, 0xac, 0x3,
    0xff, 0x91, 0xbb, 0x9c, 0x2, 0xf0, 0xf, 0xfe,
    0x21, 0x80, 0x7c, 0xa0, 0x1f, 0xfc, 0x45, 0x0,
    0xe3, 0xa2, 0x0, 0xf2, 0xff, 0xcc, 0x1, 0xd3,
    0xff, 0xd8, 0xa0, 0x10,

    /* U+671F "期" */
    0x0, 0x1e, 0xec, 0x1, 0x2e, 0xeb, 0x0, 0x6,
    0x7f, 0xc2, 0x0, 0x72, 0x28, 0x2, 0x32, 0x21,
    0x80, 0xe6, 0x7f, 0x30, 0x45, 0x80, 0x5f, 0xf4,
    0x80, 0x5e, 0xa0, 0x1f, 0xfe, 0x98, 0xbb, 0x0,
    0x75, 0x40, 0x5, 0x79, 0x87, 0x0, 0xb1, 0x80,
    0x23, 0x44, 0x8, 0x6, 0x23, 0x0, 0x94, 0xcd,
    0xe0, 0x11, 0x98, 0x3, 0xff, 0x89, 0xdf, 0xe8,
    0x0, 0xfd, 0xd1, 0x1, 0x0, 0xff, 0xe4, 0xab,
    0xb8, 0x3, 0xfc, 0x67, 0x8, 0x7, 0xff, 0x27,
    0x32, 0x80, 0xf, 0xc6, 0x88, 0x0, 0xff, 0x5d,
    0xe0, 0xf, 0xd1, 0x76, 0x10, 0xf, 0xe4, 0x48,
    0x80, 0x3f, 0xfa, 0x26, 0x1, 0x9, 0x10, 0x3,
    0xfd, 0xdf, 0xe8, 0x0, 0xfd, 0x5b, 0xa1, 0x0,
    0xc6, 0x60, 0x9, 0x4c, 0xde, 0x1, 0x18, 0x80,
    0x7f, 0xdb, 0x0, 0x15, 0xe6, 0x1c, 0x2, 0xc5,
    0x0, 0xff, 0xe6, 0x70, 0x5, 0x13, 0x20, 0xe,
    0x31, 0x10, 0x0, 0x46, 0x0, 0x8, 0xc6, 0x1,
    0x3b, 0x30, 0x40, 0x36, 0xf7, 0x88, 0xaf, 0xb4,
    0x0, 0xbd, 0xc4, 0x0, 0x18, 0x7, 0xfa, 0x84,
    0x54, 0xd2, 0x0, 0x4c, 0x70, 0x9, 0x0, 0x3f,
    0xad, 0x0, 0x6, 0xd4, 0x80, 0x7, 0x90, 0xa,
    0xd5, 0x4e, 0x20, 0x1b, 0x10, 0x0, 0x3a, 0x0,
    0xb4, 0x40, 0x88, 0x0, 0x47, 0x75, 0x0, 0x10,
    0x85, 0x0, 0x7, 0x4, 0x2, 0xba, 0x60, 0xa,
    0x1, 0x0, 0x39, 0x1, 0xa0, 0x70, 0x80, 0x38,
    0x72, 0x0, 0xd4, 0x34, 0x2, 0x2a, 0x20, 0x3,
    0xf9, 0x0, 0x7e, 0x7e, 0xe0, 0x1, 0xff, 0xed,
    0x50,

    /* U+672A "未" */
    0x0, 0xff, 0xd, 0x54, 0xc0, 0x1f, 0xfc, 0x83,
    0x55, 0xbc, 0x3, 0xff, 0xb2, 0xb1, 0x1f, 0x58,
    0x4, 0x91, 0x1f, 0x84, 0x2, 0xf7, 0x7f, 0x98,
    0x2, 0x27, 0x7f, 0xc6, 0x1, 0xff, 0xe9, 0xaf,
    0xff, 0xb4, 0x2, 0x6f, 0xff, 0xc4, 0x1, 0xff,
    0xe7, 0x2f, 0xff, 0xed, 0x0, 0x9b, 0xff, 0xfa,
    0x40, 0x3f, 0xfc, 0xc6, 0xcd, 0xf8, 0x80, 0x3c,
    0xac, 0xdf, 0x60, 0xcc, 0xfd, 0xe4, 0x1, 0xe7,
    0x89, 0x9f, 0x28, 0x7, 0xcd, 0x20, 0x1f, 0x16,
    0x10, 0x7, 0xff, 0x2, 0x24, 0x3, 0xf8, 0xb1,
    0x0, 0x3f, 0x86, 0xdc, 0x2, 0x40, 0x9, 0x4,
    0x0, 0x37, 0x0, 0x1f, 0x37, 0x20, 0x4, 0xb2,
    0x1, 0x16, 0x8, 0x4, 0xfc, 0x80, 0x11, 0xe4,
    0x80, 0x65, 0xa0, 0xe, 0x2c, 0x20, 0x8, 0x6f,
    0x11, 0x18, 0x60, 0x19, 0xe8, 0x3, 0xe2, 0xc3,
    0x0, 0xc7, 0xc8, 0x40, 0x10, 0xdc, 0x0, 0x7f,
    0xe, 0x38, 0x6, 0xb0, 0xe0, 0x2, 0x7a, 0x0,
    0x7f, 0xf0, 0x23, 0x8, 0x20, 0x40, 0xda, 0x6c,
    0x40, 0x3f, 0xf8, 0x47, 0xb2, 0xe0, 0x14, 0xb0,
    0x7, 0xff, 0x19, 0x80, 0x0,

    /* U+672C "本" */
    0x0, 0xff, 0x24, 0xcc, 0x40, 0x1f, 0xfc, 0x83,
    0x66, 0xc0, 0x1f, 0xfd, 0x88, 0x99, 0xfd, 0x60,
    0x17, 0x4c, 0xfe, 0x60, 0x3, 0x37, 0xf1, 0x80,
    0x4a, 0xcd, 0xfb, 0x40, 0x3f, 0xfd, 0x1d, 0xff,
    0xe9, 0x0, 0xfb, 0x7f, 0xfd, 0x60, 0x1f, 0xd0,
    0x1, 0xf4, 0x0, 0x7f, 0xf0, 0xe4, 0x40, 0x3e,
    0x54, 0x0, 0xff, 0xe0, 0xa3, 0x0, 0x4, 0x3,
    0xd2, 0x20, 0x1f, 0xf0, 0xd0, 0x0, 0x98, 0x2,
    0x70, 0x1, 0x50, 0x7, 0xfd, 0xa2, 0x0, 0x8f,
    0x0, 0xb1, 0x80, 0x8, 0xe0, 0x1f, 0xd8, 0x60,
    0x5, 0x50, 0x7, 0x40, 0x80, 0x21, 0xc0, 0x3e,
    0xc3, 0x0, 0x15, 0x0, 0x78, 0x74, 0x2, 0x87,
    0x0, 0xc5, 0x86, 0x1, 0x70, 0x7, 0xe3, 0x90,
    0xa, 0x28, 0x41, 0x30, 0xc0, 0x2a, 0x30, 0xf,
    0xe6, 0x60, 0x4, 0xbe, 0x70, 0x20, 0x14, 0x6c,
    0x45, 0x80, 0x17, 0x44, 0x5c, 0xc0, 0x10, 0xb4,
    0x80, 0x50, 0xce, 0xf9, 0x0, 0x25, 0x77, 0xa6,
    0x4a, 0x0, 0x15, 0x50, 0x84, 0x38, 0x7, 0xff,
    0xe, 0x9c, 0x24, 0x1, 0x32, 0x70, 0xf, 0xfe,
    0x11, 0x80, 0x22, 0x58, 0x0, 0xec, 0x0, 0x1f,
    0xfd, 0x0, 0x15, 0xff, 0xda, 0x1, 0x30, 0x80,
    0x7f, 0xff, 0xc0,

    /* U+673A "机" */
    0x0, 0x92, 0xa9, 0x20, 0x1f, 0xfc, 0x93, 0x55,
    0x30, 0x4, 0x51, 0x1f, 0xe0, 0xf, 0xfe, 0x13,
    0x3b, 0xff, 0x30, 0x7, 0xff, 0x44, 0x5d, 0xd8,
    0x1, 0x3b, 0x90, 0x3, 0xff, 0x86, 0x71, 0x4,
    0x0, 0xa2, 0x1a, 0x1, 0xab, 0xb8, 0xc0, 0x1f,
    0xfc, 0x91, 0x18, 0x3, 0xf8, 0x44, 0x1, 0x84,
    0x60, 0xf, 0xfe, 0x19, 0x77, 0x14, 0x2, 0xee,
    0x40, 0x7, 0xff, 0x14, 0x54, 0x3, 0xff, 0x96,
    0xc0, 0x1a, 0x40, 0x3f, 0xf8, 0xf4, 0x1, 0x9b,
    0x94, 0x3, 0xff, 0x88, 0xe4, 0x1, 0xc3, 0x52,
    0x1, 0xff, 0xc2, 0x18, 0x0, 0xff, 0xe5, 0xb0,
    0x7, 0xa0, 0x1, 0x60, 0x13, 0x80, 0x7f, 0x84,
    0x0, 0x20, 0x13, 0xec, 0x18, 0x4, 0x20, 0x1f,
    0x29, 0x1, 0x0, 0xb0, 0x6, 0x27, 0x20, 0x8,
    0xc0, 0x3e, 0xbd, 0xd3, 0x4, 0x78, 0x7, 0xb8,
    0x2, 0x10, 0xf, 0x84, 0x0, 0x46, 0xc0, 0x1f,
    0x20, 0x0, 0x80, 0x3f, 0xf8, 0x1c, 0x1, 0xf1,
    0x90, 0x1, 0x0, 0x3f, 0xf8, 0x4, 0x1, 0xf4,
    0x0, 0x5a, 0x1, 0xe1, 0x10, 0x0, 0x40, 0x3f,
    0x3a, 0x0, 0x9, 0x0, 0x21, 0x0, 0xb8, 0x0,
    0xe0, 0x1f, 0x24, 0x0, 0x52, 0x1, 0xbc, 0x3,
    0xc4, 0x1, 0xf2, 0xa0, 0x1, 0x90, 0x3, 0x30,
    0x80, 0x75, 0x0, 0x7c, 0x37, 0x49, 0x20, 0x1c,
    0x3f, 0x53, 0x2a, 0xd3,

    /* U+6750 "材" */
    0x0, 0xd5, 0x52, 0x80, 0x7f, 0x96, 0xaa, 0x10,
    0xf, 0x2a, 0xd8, 0x1, 0xfe, 0xc5, 0x58, 0x3,
    0xff, 0xd5, 0x33, 0x0, 0x49, 0x32, 0x73, 0xbb,
    0xf2, 0x0, 0x55, 0x6c, 0x2c, 0xd0, 0x4, 0x4c,
    0xcc, 0x64, 0x4f, 0x10, 0x4, 0x88, 0xf0, 0xf,
    0xfe, 0x70, 0x8c, 0x1, 0x84, 0x60, 0xf, 0xfe,
    0x10, 0xf7, 0x30, 0x2, 0x6e, 0xe5, 0x2f, 0xfe,
    0xb0, 0xe, 0xdf, 0x90, 0xa, 0xc0, 0x25, 0x10,
    0xf, 0xbc, 0x3, 0x8c, 0x3, 0xb, 0x0, 0x47,
    0xe8, 0x1, 0xc8, 0x80, 0xf, 0xf4, 0x80, 0x70,
    0xdc, 0x0, 0x69, 0x0, 0xff, 0xb, 0x80, 0x7c,
    0xf4, 0x0, 0x92, 0x0, 0x8, 0x7, 0xd6, 0x1,
    0xfd, 0xc0, 0x8c, 0x0, 0x37, 0x0, 0xf2, 0xa8,
    0x3, 0x99, 0x41, 0x90, 0xa8, 0x2, 0xf0, 0xf,
    0x88, 0x0, 0x20, 0x1a, 0xa2, 0x3, 0xe2, 0x0,
    0x73, 0x0, 0xf8, 0x80, 0x16, 0x1, 0xce, 0x3a,
    0x40, 0x3, 0x80, 0xf, 0xce, 0x4, 0xa0, 0x1c,
    0x3a, 0x60, 0x17, 0x0, 0x7f, 0x10, 0x48, 0x7,
    0x17, 0x90, 0x5, 0x64, 0x1, 0xfe, 0x74, 0x0,
    0xe6, 0x10, 0xa, 0x90, 0x3, 0xfe, 0x80, 0xf,
    0x25, 0x0, 0x29, 0x40, 0x3f, 0xf9, 0xb, 0x58,
    0xa7, 0x11, 0x4b, 0x0, 0x7f, 0xf1, 0x14, 0xc1,
    0xdf, 0x30, 0x6, 0x10, 0xf, 0xfe, 0x1b, 0x0,
    0x7c, 0x80, 0x1f, 0xfc, 0x42, 0x0, 0xe1, 0x5a,
    0x0, 0x80,

    /* U+675F "束" */
    0x0, 0xff, 0xd, 0x54, 0xa0, 0x1f, 0xfc, 0xa5,
    0x5b, 0x0, 0x3f, 0xe1, 0xff, 0xfe, 0xe0, 0x9,
    0xbf, 0xff, 0xa0, 0x3, 0xff, 0x9a, 0x20, 0x1f,
    0xfc, 0xf1, 0x99, 0xfe, 0x80, 0x9, 0x26, 0x7f,
    0xa8, 0x0, 0xcd, 0xfe, 0x0, 0x89, 0x9b, 0xf8,
    0xc0, 0x26, 0xff, 0xfb, 0x80, 0x26, 0xff, 0xfb,
    0x40, 0x38, 0x40, 0x3f, 0xf8, 0xe6, 0x1, 0xff,
    0xd7, 0x99, 0xd0, 0x1, 0x24, 0xce, 0x30, 0xf,
    0xfe, 0x3, 0x37, 0x0, 0x44, 0xcd, 0xc0, 0x1f,
    0xfd, 0xaf, 0xfd, 0xc0, 0x13, 0x7f, 0xe5, 0x0,
    0xff, 0xf8, 0x2d, 0x57, 0x20, 0x7, 0xe9, 0xaa,
    0xe0, 0xe, 0x25, 0x5d, 0x88, 0x1, 0xfa, 0x5,
    0x56, 0x40, 0xf, 0xc7, 0xac, 0x1, 0xfc, 0x37,
    0x22, 0x1, 0xf8, 0xab, 0x8, 0x2, 0x70, 0x9,
    0x48, 0x2, 0x6e, 0x81, 0x0, 0xc7, 0x3a, 0xa0,
    0x10, 0xdc, 0x80, 0x47, 0xaa, 0x1, 0x9f, 0xa9,
    0x1, 0x71, 0x80, 0x32, 0x7a, 0x0, 0x7a, 0xa8,
    0x20, 0x19, 0x60, 0x14, 0x40, 0x21, 0xab, 0x10,
    0xf, 0xcb, 0xee, 0x1, 0xa0, 0x0, 0xc0, 0x2f,
    0xca, 0x1, 0xff, 0xc, 0x73, 0x81, 0x20, 0x2,
    0x63, 0xa0, 0x3, 0xff, 0x86, 0x31, 0xfe, 0x0,
    0x0,

    /* U+6765 "来" */
    0x0, 0xff, 0x16, 0x64, 0xe0, 0x1f, 0xfc, 0x81,
    0x33, 0xb8, 0x3, 0xff, 0x80, 0xef, 0xfa, 0xc0,
    0x25, 0x77, 0xfc, 0x40, 0x14, 0x47, 0xe7, 0x0,
    0x8e, 0x23, 0xf3, 0x80, 0x7f, 0xfa, 0x7f, 0xd6,
    0xd, 0xff, 0x60, 0x4, 0xdf, 0xf6, 0x2, 0x77,
    0xa8, 0x6, 0x6b, 0x6, 0x60, 0x7, 0xf0, 0xe8,
    0x26, 0x8, 0x7, 0xf4, 0x98, 0x7, 0xed, 0x10,
    0x3, 0x88, 0x7, 0x33, 0x80, 0x5c, 0x1, 0xf5,
    0x18, 0x0, 0xa8, 0x3, 0xe8, 0x30, 0x5, 0x0,
    0x7d, 0xe0, 0x1, 0xf0, 0xe, 0x77, 0xc8, 0x8,
    0xf, 0x60, 0x12, 0xb9, 0x20, 0x22, 0xbb, 0xc6,
    0x31, 0x19, 0xc1, 0x22, 0xe, 0x1, 0x1c, 0x41,
    0x1, 0x62, 0x32, 0x0, 0x7f, 0xf9, 0x44, 0x5f,
    0xff, 0x40, 0x7, 0xc9, 0xff, 0xf3, 0x0, 0x7d,
    0x30, 0x1, 0xf2, 0x69, 0x0, 0x7f, 0xc7, 0xac,
    0x1, 0xfc, 0x5a, 0xe0, 0x1f, 0x86, 0xb0, 0x80,
    0x26, 0x0, 0x94, 0xc0, 0x28, 0xd4, 0x0, 0xc3,
    0x3c, 0xa0, 0x1a, 0xa8, 0x1, 0x1e, 0x28, 0x4,
    0x57, 0x8a, 0xb, 0xcc, 0x1, 0x8b, 0x54, 0x3,
    0xd5, 0x20, 0x18, 0xea, 0x8a, 0x20, 0x19, 0xf4,
    0x80, 0x3f, 0x36, 0x98, 0x6, 0x90, 0x90, 0x2,
    0x6c, 0x0, 0x7f, 0xc5, 0x94, 0x40, 0x66, 0x7,
    0x4c, 0xb2, 0x0, 0xff, 0xe1, 0x2e, 0xcf, 0x80,
    0x56, 0x60, 0x1f, 0xfc, 0x66, 0x30,

    /* U+677E "松" */
    0x0, 0x97, 0x31, 0x60, 0x1e, 0x10, 0x8, 0x56,
    0x60, 0x3, 0xf1, 0x19, 0x90, 0x3, 0x97, 0xb2,
    0x6, 0x69, 0x98, 0x1, 0xff, 0xc5, 0xf0, 0x37,
    0x1c, 0x0, 0xa, 0x0, 0x7f, 0xf1, 0x14, 0x0,
    0xa0, 0x80, 0x17, 0x0, 0x61, 0x88, 0x60, 0x5,
    0x10, 0x60, 0x60, 0xb, 0x80, 0xa, 0x0, 0x51,
    0x0, 0x8d, 0xdc, 0x80, 0x13, 0xbb, 0x42, 0x80,
    0x2, 0x80, 0xe, 0x0, 0xa4, 0x3, 0xff, 0x82,
    0x86, 0x0, 0x60, 0x9, 0x4, 0x0, 0xe2, 0x1,
    0xff, 0xc0, 0x90, 0xa, 0x40, 0x34, 0x80, 0x56,
    0x0, 0x2f, 0xf1, 0x80, 0x5f, 0xec, 0x20, 0x3,
    0x88, 0x6, 0x61, 0x0, 0x2b, 0x0, 0x46, 0x60,
    0xc, 0x70, 0x1, 0x48, 0x90, 0x4, 0x30, 0x1,
    0x48, 0x5, 0x40, 0x18, 0xc4, 0x40, 0x8, 0x18,
    0xde, 0x91, 0x6, 0x30, 0x2, 0x80, 0x5, 0x80,
    0x36, 0x2e, 0x81, 0xb8, 0x38, 0xb, 0x88, 0x3,
    0x84, 0x20, 0x1, 0x20, 0x1e, 0x89, 0x97, 0x82,
    0x8, 0x1, 0xc0, 0x22, 0xa5, 0x20, 0x27, 0x0,
    0xf9, 0x74, 0xc3, 0xc0, 0x2a, 0x0, 0xc9, 0x40,
    0xa, 0x0, 0xfe, 0x80, 0x24, 0x0, 0x19, 0x80,
    0xd4, 0x3, 0xb8, 0x0, 0x40, 0x16, 0x8b, 0x98,
    0x50, 0x5, 0x2b, 0xb9, 0x42, 0x1, 0x88, 0xa,
    0x80, 0x22, 0xf8, 0x1, 0x70, 0x1, 0x28, 0x90,
    0x1, 0x80, 0x33, 0x5, 0x80, 0x70, 0x80, 0x24,
    0x2, 0xb0, 0x42, 0x0, 0x48, 0x6, 0x23, 0x60,
    0xf, 0x85, 0xc0, 0x4, 0xc0, 0xb, 0x0, 0xb,
    0x0, 0x6e, 0x0, 0xfd, 0x40, 0x14, 0x0, 0x5,
    0x40, 0x2b, 0x0, 0xc4, 0x1, 0xf2, 0x20, 0x2,
    0x9e, 0xfe, 0xc0, 0x8, 0x90, 0x3, 0xff, 0x88,
    0x62, 0x1, 0xf7, 0x80, 0x7f, 0xc8, 0x1, 0xff,
    0xc1, 0x42, 0x0, 0xff, 0x94, 0x0, 0x46, 0xad,
    0x13, 0x72, 0x1, 0x28, 0x7, 0xfd, 0x7f, 0xed,
    0xca, 0x97, 0x64, 0x63, 0x6c, 0x70, 0xc, 0xff,
    0xf0, 0x4, 0x20, 0x1f, 0xec, 0x93, 0x0, 0x0,

    /* U+6781 "极" */
    0x0, 0xcf, 0x10, 0x50, 0xf, 0xfe, 0x55, 0x3b,
    0xbc, 0x1, 0x99, 0xff, 0xc1, 0x60, 0xf, 0xfe,
    0x1, 0x9f, 0xff, 0x7, 0x80, 0x3f, 0xfa, 0x25,
    0x10, 0x30, 0x3, 0xc3, 0xbc, 0x1, 0x23, 0xbc,
    0xc0, 0x17, 0x80, 0x4c, 0xee, 0x10, 0x1, 0x3c,
    0xc4, 0x0, 0x2f, 0x88, 0x80, 0x21, 0x70, 0xf,
    0xfe, 0x41, 0x30, 0x2, 0xc0, 0x38, 0x44, 0x1,
    0x84, 0x80, 0x40, 0x21, 0x0, 0x70, 0x0, 0xd4,
    0x3, 0x27, 0x70, 0x2, 0x5e, 0xc0, 0xe, 0xc0,
    0x33, 0x0, 0xf, 0xfe, 0x0, 0xca, 0x1, 0xf1,
    0x0, 0x4e, 0x1, 0xff, 0xc1, 0xe0, 0x9, 0x68,
    0x0, 0xe0, 0x10, 0xa0, 0x7, 0xfc, 0x48, 0x1,
    0x97, 0x48, 0x40, 0x37, 0x1e, 0xec, 0x60, 0x1,
    0x0, 0xa0, 0x3, 0xc5, 0x4, 0x1, 0x94, 0x48,
    0x80, 0x60, 0x9, 0x0, 0x12, 0x80, 0x7d, 0x1a,
    0x1, 0xd0, 0x0, 0x80, 0x9, 0x80, 0x12, 0x1,
    0xca, 0xcc, 0x27, 0x0, 0x10, 0x1, 0x8c, 0xca,
    0x0, 0x71, 0x5, 0x40, 0x0, 0x80, 0x53, 0x21,
    0x20, 0x4, 0x10, 0x3, 0xb8, 0x0, 0x19, 0x0,
    0x38, 0x1, 0x8c, 0x3, 0x98, 0x2, 0x48, 0x0,
    0x11, 0x0, 0x10, 0x20, 0x2, 0x50, 0x80, 0xf,
    0x50, 0x0, 0xc5, 0x54, 0x1, 0x91, 0x80, 0x34,
    0xb8, 0x80, 0x72, 0x10, 0x2, 0x80, 0x3e, 0x10,
    0xe, 0x38, 0x0, 0xf4, 0x80, 0x5, 0x8b, 0x54,
    0x3, 0x2e, 0x8, 0x7, 0xfa, 0x8, 0x1, 0x2f,
    0xa4, 0x1, 0xe3, 0xf5, 0x0, 0xfe, 0x70, 0xa,
    0xa0, 0x2, 0x1c, 0xa0, 0x8, 0x6a, 0x40, 0x3f,
    0x38, 0x4, 0x40, 0x11, 0xf9, 0xad, 0x80, 0x6d,
    0x0, 0xfd, 0x4, 0x96, 0x1, 0x3e, 0x8, 0x1,
    0x34, 0x81, 0x10, 0x1, 0xfd, 0x34, 0x8c, 0x59,
    0x0, 0x1c, 0x5a, 0xd2, 0x1, 0xdb, 0xfe, 0xa0,
    0x41, 0x9, 0xd3, 0x0, 0xfd, 0x24, 0x0,

    /* U+679C "果" */
    0x0, 0x88, 0xbf, 0xf8, 0xe2, 0x1, 0xc3, 0xbb,
    0xff, 0xc7, 0x80, 0xf, 0xff, 0x8c, 0x7f, 0xdc,
    0x1, 0x3f, 0xfe, 0x0, 0xff, 0xe0, 0xd5, 0xdd,
    0x40, 0x12, 0xdd, 0xe0, 0xf, 0xfe, 0x9, 0x22,
    0x60, 0x8, 0x91, 0x30, 0x7, 0xff, 0x6e, 0x3f,
    0xee, 0x0, 0x9b, 0xff, 0x0, 0x7f, 0xf0, 0x7c,
    0x8a, 0x30, 0xc, 0x45, 0x80, 0x3f, 0xf8, 0x2f,
    0xbb, 0x80, 0x26, 0xdd, 0xc0, 0x1f, 0xfd, 0x81,
    0x1f, 0xc0, 0x18, 0x47, 0xf0, 0x7, 0xf, 0x77,
    0xde, 0x1, 0x3f, 0x77, 0xd0, 0x1, 0x1f, 0xff,
    0xf7, 0x0, 0x4f, 0xff, 0xfd, 0x60, 0xe0, 0x1f,
    0xfc, 0xb7, 0x0, 0xff, 0xe7, 0xad, 0xdf, 0xa0,
    0x3, 0xf9, 0x2e, 0xfd, 0xe0, 0x28, 0x99, 0x76,
    0x0, 0x3f, 0x92, 0x1d, 0x13, 0x18, 0x6, 0x18,
    0xe6, 0x0, 0x98, 0x2, 0x53, 0x0, 0x1e, 0x5a,
    0x0, 0x72, 0x57, 0x38, 0x6, 0x98, 0x0, 0x8b,
    0x14, 0x2, 0x4b, 0xd7, 0x20, 0x6b, 0x50, 0xc,
    0x7a, 0xc0, 0x1e, 0xaa, 0x8, 0x4, 0x51, 0xe0,
    0xc0, 0x18, 0x67, 0x8, 0x3, 0xf2, 0xfb, 0x0,
    0x6b, 0x0, 0x30, 0xc, 0x73, 0x0, 0x7f, 0xc3,
    0x3a, 0xa0, 0x2c, 0x0, 0xb9, 0xe7, 0x0, 0xff,
    0xe1, 0x95, 0x75, 0x0, 0x0,

    /* U+6838 "核" */
    0x0, 0xff, 0xe3, 0x8, 0x7, 0xfc, 0xae, 0xe5,
    0x0, 0xf9, 0xef, 0xb8, 0x40, 0x1f, 0xee, 0x88,
    0x70, 0x7, 0xdc, 0x82, 0xa, 0x1, 0xff, 0xc4,
    0x46, 0x6c, 0x1, 0xa9, 0x9b, 0x90, 0x3, 0xfd,
    0xf3, 0x39, 0x80, 0x22, 0x99, 0xe8, 0x0, 0x33,
    0x40, 0x6, 0x62, 0x0, 0x7f, 0xf1, 0x46, 0x64,
    0x40, 0x2, 0x98, 0x0, 0xff, 0xe7, 0x5f, 0xfa,
    0x0, 0x24, 0xff, 0x57, 0x7f, 0xd8, 0x1, 0xfc,
    0xe0, 0x3, 0x80, 0x0, 0xd0, 0x1d, 0x7b, 0x0,
    0x61, 0xff, 0x0, 0x49, 0xf6, 0x5, 0xa0, 0x16,
    0x88, 0x70, 0xc, 0x90, 0x7, 0x30, 0x7, 0x87,
    0x4, 0x0, 0xce, 0x94, 0x40, 0x7, 0x20, 0xe,
    0xb0, 0x9, 0x18, 0x24, 0x40, 0x26, 0xbb, 0x28,
    0x0, 0xe0, 0x3, 0x90, 0x80, 0x34, 0xe7, 0x0,
    0x7f, 0xf, 0x10, 0x80, 0x68, 0x0, 0xf1, 0xf8,
    0x80, 0x88, 0x3, 0xb4, 0xbf, 0xca, 0x0, 0x43,
    0x0, 0xfa, 0x3b, 0xf9, 0x80, 0x35, 0x1d, 0x10,
    0xd2, 0x84, 0x80, 0x71, 0xa4, 0x8, 0x16, 0x38,
    0x5, 0x6a, 0xea, 0x0, 0x25, 0x62, 0x0, 0x8,
    0x1, 0xed, 0xc6, 0x34, 0xc0, 0x3, 0x88, 0xd0,
    0x1, 0x70, 0x20, 0x1, 0x54, 0x1, 0x9f, 0xdc,
    0x2, 0x4f, 0x37, 0x90, 0xa, 0x4c, 0x9, 0x42,
    0x0, 0x3b, 0xc4, 0x2, 0x8b, 0x19, 0x80, 0x9,
    0xd8, 0x2, 0x97, 0x20, 0xe, 0x82, 0x4, 0xd7,
    0x3d, 0x60, 0x8, 0xe0, 0x3, 0x1c, 0x0, 0x7d,
    0xf9, 0x67, 0x38, 0x40, 0x18, 0xe4, 0x3, 0xff,
    0x82, 0x44, 0x8e, 0x60, 0xf, 0x9b, 0x4, 0x3,
    0xfc, 0x53, 0xce, 0x1, 0x8f, 0x60, 0x2, 0x3f,
    0x30, 0xf, 0xea, 0x60, 0xe, 0x8c, 0x27, 0xa0,
    0x8, 0x64, 0x3, 0xfa, 0xc, 0x2, 0x6e, 0x70,
    0x9, 0x74, 0x40, 0xa8, 0x3, 0xfd, 0xc2, 0xdb,
    0x22, 0x1, 0xc5, 0xe9, 0xe0, 0x1d, 0x7f, 0xeb,
    0x0, 0x17, 0x49, 0x0, 0x7e, 0x1b, 0x20,

    /* U+6B21 "次" */
    0x0, 0xff, 0xe0, 0x32, 0x90, 0x7, 0xff, 0x8,
    0xe8, 0x3, 0xe9, 0xad, 0xb0, 0xf, 0xf8, 0xab,
    0x16, 0x0, 0x39, 0x40, 0x2d, 0x0, 0xff, 0x8d,
    0x40, 0xe, 0x40, 0x1b, 0x80, 0x2f, 0x88, 0xfc,
    0xe0, 0x1, 0x70, 0xa, 0x40, 0x22, 0x40, 0x9,
    0x9d, 0xff, 0x40, 0x5, 0x2, 0x0, 0x45, 0x0,
    0x58, 0x7, 0xff, 0x1a, 0x0, 0x2b, 0x2, 0x60,
    0xf, 0xfe, 0x8, 0x80, 0x66, 0x20, 0x0, 0xb4,
    0x0, 0x55, 0xff, 0xed, 0x0, 0x9c, 0x3, 0xa0,
    0xa, 0x95, 0x40, 0x3, 0x59, 0xaa, 0x48, 0x3,
    0x80, 0x28, 0x0, 0xe5, 0xad, 0x5e, 0x0, 0xa0,
    0x1d, 0x54, 0xe0, 0xc6, 0x0, 0x81, 0x0, 0xf2,
    0x83, 0x10, 0x1, 0x10, 0x1, 0xe8, 0x0, 0xb,
    0x80, 0x7f, 0x34, 0x80, 0x28, 0x3, 0x84, 0x3a,
    0x6, 0xc0, 0x3e, 0x26, 0x20, 0x6d, 0xa1, 0x0,
    0x8, 0x4, 0x40, 0xfc, 0xa0, 0x1f, 0x54, 0xee,
    0x88, 0x8a, 0x0, 0x20, 0xc, 0x80, 0x1f, 0xf2,
    0x80, 0x8, 0x80, 0x19, 0x0, 0x36, 0x80, 0x7f,
    0x8c, 0x80, 0xa, 0x1, 0xda, 0x1, 0x90, 0x80,
    0x3f, 0xa8, 0x2, 0xe0, 0xc, 0x68, 0x1, 0xd0,
    0x1, 0xfc, 0xc0, 0x1, 0x40, 0xd, 0xe0, 0x10,
    0x80, 0x15, 0x40, 0x1f, 0x28, 0x4, 0xe0, 0x1a,
    0xcc, 0x0, 0x5a, 0x1, 0x51, 0x80, 0x7b, 0x80,
    0x2d, 0x0, 0xa9, 0x0, 0x29, 0x36, 0x0, 0xb0,
    0xc0, 0x31, 0x20, 0x0, 0x50, 0xf, 0x54, 0x2,
    0x84, 0x9, 0x20, 0xb, 0x1c, 0x2, 0xa0, 0x9,
    0xc2, 0x30, 0x80, 0x25, 0x70, 0xb, 0xc4, 0x2,
    0x8c, 0x20, 0x60, 0xb, 0x55, 0xc0, 0x33, 0x50,
    0x6, 0x2c, 0x10, 0x8, 0xcc, 0x1f, 0x4, 0x28,
    0xac, 0x1, 0x44, 0x80, 0x78, 0xb0, 0x80, 0x12,
    0x20, 0x2f, 0xb8, 0x0, 0x92, 0x26, 0x38, 0x7,
    0xe2, 0xd5, 0x36, 0x0, 0xe2, 0x0, 0xb3, 0x4c,
    0x3, 0xfe, 0xac, 0x0, 0x0,

    /* U+6B63 "正" */
    0x0, 0x4d, 0xdf, 0xff, 0x21, 0xc0, 0x24, 0x4f,
    0xfe, 0x4e, 0x80, 0x7f, 0xfa, 0x77, 0xff, 0xf8,
    0x80, 0x2e, 0xff, 0xf5, 0x0, 0x7f, 0xf1, 0x44,
    0x3, 0xff, 0x80, 0x24, 0x50, 0x7, 0xff, 0x27,
    0x37, 0x60, 0xf, 0xff, 0x75, 0x57, 0xa0, 0x3,
    0xff, 0x8c, 0xab, 0xe4, 0x0, 0xff, 0xfc, 0x77,
    0xff, 0x60, 0x7, 0xff, 0x18, 0x40, 0x3f, 0xff,
    0xe0, 0x1f, 0xfd, 0x6c, 0xc8, 0x80, 0x2c, 0xcc,
    0x40, 0x16, 0x67, 0xe6, 0x13, 0x38, 0x3, 0x19,
    0xe0, 0xc, 0x67, 0xfb, 0x80, 0x3f, 0xfc, 0xc0,

    /* U+6C34 "水" */
    0x0, 0xff, 0xb7, 0x6a, 0x0, 0xff, 0xe5, 0x11,
    0x4e, 0x1, 0xff, 0xee, 0x60, 0xf, 0xfe, 0x64,
    0xca, 0x80, 0x36, 0x67, 0xea, 0x0, 0xc4, 0x20,
    0x14, 0x30, 0x2d, 0x0, 0x4, 0xcf, 0xf2, 0x0,
    0x73, 0x80, 0x21, 0xc0, 0x27, 0x10, 0xf, 0xfe,
    0x25, 0x84, 0xb8, 0x4, 0x78, 0x20, 0x1f, 0xe3,
    0x0, 0xe2, 0xc6, 0x0, 0x8f, 0x4, 0x0, 0x3f,
    0xfc, 0x60, 0x6, 0x0, 0xf1, 0x80, 0x49, 0x80,
    0x1f, 0xc4, 0x60, 0xc, 0x0, 0xfe, 0x6b, 0x0,
    0xff, 0x28, 0x4, 0x80, 0x1f, 0xa2, 0x40, 0x3f,
    0xe9, 0x0, 0x9, 0x80, 0x7e, 0x10, 0xf, 0xf9,
    0x84, 0x0, 0xc0, 0x1c, 0x42, 0x0, 0x92, 0x0,
    0xff, 0x40, 0x5, 0x40, 0x1e, 0xb0, 0xb, 0xc4,
    0x3, 0xf4, 0x88, 0x1, 0x48, 0x3, 0xca, 0x60,
    0x2, 0xd0, 0xf, 0x91, 0x80, 0x28, 0x0, 0xfd,
    0xc0, 0x11, 0xd8, 0x80, 0x62, 0xa0, 0x9, 0x88,
    0x3, 0xf1, 0x50, 0x4, 0x98, 0x40, 0x2, 0xc1,
    0x0, 0x14, 0x80, 0x7f, 0x95, 0x80, 0x22, 0xd6,
    0xa, 0x10, 0xb, 0x80, 0x3f, 0xf8, 0x12, 0xa0,
    0x1a, 0x2, 0x80, 0x29, 0x30, 0xc, 0x40, 0x1f,
    0xa9, 0x0, 0x2b, 0x2, 0x40, 0x76, 0x8, 0xbb,
    0xb0, 0x2, 0x10, 0xe, 0xb5, 0x3, 0x50, 0x7,
    0x3c, 0x0, 0x48, 0x90, 0x80, 0x4e, 0x1, 0xea,
    0x7f, 0x0, 0x96, 0x0, 0x2d, 0x0, 0xfb, 0x40,
    0x3e, 0x83, 0x0, 0xfc, 0xe0, 0x1c, 0x50, 0xc0,
    0x1f, 0xf0,

    /* U+6CA1 "没" */
    0x0, 0x9c, 0x3, 0x85, 0x13, 0xfe, 0x10, 0xe,
    0x78, 0xd2, 0x0, 0x92, 0xef, 0xfe, 0x50, 0xc,
    0x50, 0x5, 0xac, 0x1, 0xff, 0xc7, 0x11, 0x0,
    0x53, 0x20, 0xf, 0xfe, 0x31, 0xf9, 0x80, 0x5e,
    0x4, 0x1, 0x77, 0xfd, 0x40, 0x1f, 0xc3, 0x8e,
    0x8, 0xc1, 0x60, 0x10, 0x80, 0x7f, 0xf0, 0x4c,
    0x22, 0xa4, 0x24, 0xc0, 0x8, 0x1, 0xfa, 0xff,
    0xca, 0xf, 0x8e, 0xa, 0x78, 0xc0, 0x14, 0x0,
    0x66, 0x0, 0xf3, 0x14, 0x4, 0x58, 0x8a, 0xc0,
    0x28, 0x30, 0xc, 0x6e, 0x1, 0xc5, 0x60, 0x12,
    0x79, 0xbc, 0x84, 0xb8, 0x7, 0xa3, 0xf7, 0x32,
    0x19, 0x60, 0x8, 0x74, 0x1, 0x2, 0xef, 0xfc,
    0xa8, 0xc6, 0x0, 0x99, 0x0, 0x56, 0x11, 0x1f,
    0xfc, 0x29, 0x0, 0xcd, 0x82, 0x8a, 0x1, 0xff,
    0xc9, 0x3f, 0xa0, 0xf, 0x84, 0x78, 0x3, 0x38,
    0x7, 0x84, 0x40, 0x7, 0x0, 0x93, 0xbb, 0x88,
    0x2, 0xd0, 0xe, 0x4f, 0xa4, 0x9, 0x10, 0x2,
    0x30, 0x5, 0x24, 0x0, 0x26, 0x0, 0xee, 0x5,
    0xb4, 0xa, 0x0, 0xa5, 0x2, 0x18, 0x2, 0xe0,
    0xe, 0x15, 0x0, 0xa, 0x2, 0x38, 0x5, 0x76,
    0x70, 0xa, 0xc, 0x3, 0x9c, 0x2, 0x70, 0xa,
    0x14, 0x2, 0x40, 0x9, 0x9c, 0x3, 0xd4, 0x1,
    0x50, 0x6, 0x81, 0x0, 0xe4, 0x90, 0xf, 0x11,
    0x80, 0x4, 0xc0, 0x7, 0x7a, 0x20, 0x1c, 0x9a,
    0xc2, 0x1, 0x94, 0x2, 0x62, 0x7d, 0xc4, 0x0,
    0xfc, 0x53, 0xd6, 0xc4, 0x14, 0x1, 0x5e, 0x41,
    0x0, 0x61, 0xaf, 0x70, 0xe, 0x49, 0x52, 0x20,
    0x0, 0x8e, 0xc0, 0x31, 0x4f, 0x28, 0x47, 0x38,
    0x80, 0x42, 0xe5, 0xb0, 0x54, 0xa, 0x80, 0x97,
    0xac, 0x1, 0x86, 0x3a, 0x4c, 0x20, 0x0, 0x4f,
    0xae, 0x0, 0xae, 0xb4, 0x0, 0xfe, 0x6c, 0xd6,
    0x0,

    /* U+6CE2 "波" */
    0x0, 0x1b, 0x0, 0x7f, 0x92, 0xee, 0x0, 0xfc,
    0x3b, 0x34, 0x20, 0x1f, 0x89, 0x12, 0x10, 0xf,
    0xac, 0x41, 0x70, 0xc9, 0x13, 0xde, 0x1, 0x22,
    0x78, 0x43, 0x80, 0x22, 0xda, 0xbb, 0xf3, 0x0,
    0x55, 0x77, 0xc8, 0x9, 0xa4, 0x0, 0x80, 0xf,
    0xfe, 0x41, 0x6a, 0xa3, 0x0, 0x7f, 0xf2, 0x8,
    0x2a, 0xc0, 0x30, 0xf7, 0x50, 0x1, 0x6f, 0x28,
    0x4, 0x80, 0xda, 0xe0, 0x1f, 0x8, 0xe0, 0x8,
    0xc9, 0x40, 0xe, 0x22, 0x90, 0x8b, 0x10, 0xf,
    0xfe, 0x9, 0xe4, 0x24, 0x83, 0x80, 0x49, 0xe8,
    0x1, 0x88, 0xae, 0x0, 0x88, 0x82, 0xb2, 0x20,
    0xd4, 0x1, 0xb, 0x80, 0x43, 0xbb, 0x38, 0x5,
    0x9b, 0xb8, 0x40, 0xb, 0x82, 0xe, 0x60, 0x1f,
    0xfc, 0x83, 0xf6, 0x80, 0xf, 0xfe, 0x50, 0xc8,
    0x0, 0x40, 0x3c, 0xdb, 0xb8, 0x2, 0x11, 0x0,
    0x6a, 0x61, 0x3, 0x0, 0x11, 0x0, 0xe, 0x45,
    0x28, 0x4, 0xc0, 0x18, 0x96, 0x79, 0x84, 0x0,
    0x36, 0x0, 0x17, 0x1, 0x90, 0xa, 0x40, 0x32,
    0x0, 0x48, 0xa0, 0x6, 0x60, 0x80, 0x20, 0xf4,
    0x40, 0x10, 0x20, 0x1b, 0x40, 0x2, 0x62, 0x0,
    0x20, 0xb0, 0xb, 0xc, 0x0, 0x6e, 0x1, 0xc8,
    0x0, 0x44, 0x0, 0x5a, 0xa, 0xc0, 0x1c, 0x3c,
    0x1, 0xc8, 0x1, 0x7f, 0x80, 0x24, 0x0, 0x70,
    0x7, 0x1b, 0x0, 0x76, 0x0, 0x4e, 0xa0, 0x3,
    0x15, 0xd8, 0x0, 0xe2, 0xbd, 0x61, 0x0, 0x28,
    0x0, 0xa8, 0x2, 0x7d, 0xa2, 0x0, 0x88, 0x3,
    0x14, 0xf4, 0x9, 0x0, 0x11, 0x80, 0x2, 0x64,
    0x1, 0x9f, 0x74, 0x80, 0x1d, 0x88, 0x1, 0x6d,
    0x80, 0x26, 0x4, 0x0, 0x7b, 0x0, 0x57, 0x86,
    0x0, 0x44, 0x2e, 0xc2, 0x21, 0x74, 0xdc, 0x20,
    0xaf, 0x8, 0x3, 0x1e, 0x61, 0x20, 0x0, 0x4f,
    0x60, 0x2, 0xc0, 0x3, 0x6a, 0x0, 0x7e, 0x3b,
    0x30,

    /* U+6D88 "消" */
    0x0, 0x23, 0x0, 0x71, 0x80, 0x6b, 0xb9, 0xc0,
    0x24, 0x0, 0xc3, 0x53, 0x62, 0x0, 0x4c, 0xb0,
    0x0, 0xa2, 0x5a, 0x0, 0x3b, 0xc1, 0x0, 0x58,
    0x82, 0x7a, 0xa5, 0x82, 0x50, 0x7, 0xc5, 0xa0,
    0x78, 0x0, 0xf0, 0x8, 0x69, 0xcc, 0x0, 0xb0,
    0x1, 0xc3, 0xe2, 0x0, 0xb0, 0x2, 0xe9, 0x80,
    0x14, 0xf4, 0x80, 0x8, 0x1, 0xcc, 0x40, 0x7,
    0x60, 0x8, 0xb1, 0xc6, 0xc0, 0x7c, 0x4f, 0x0,
    0x39, 0xe0, 0x16, 0x0, 0x31, 0x4, 0x78, 0x81,
    0x8c, 0x40, 0xd4, 0x2, 0x13, 0x47, 0xe3, 0x20,
    0x1, 0xec, 0x0, 0x80, 0xe6, 0x26, 0xf2, 0xc0,
    0x24, 0xcc, 0x3d, 0xe4, 0x0, 0x38, 0x1f, 0x4,
    0x3, 0xff, 0x8e, 0x84, 0x0, 0x3f, 0x40, 0xf,
    0xfe, 0x32, 0x50, 0x4, 0x38, 0x1, 0x9f, 0xbb,
    0xf0, 0x80, 0x72, 0xe0, 0x81, 0x40, 0x6, 0x13,
    0x3f, 0xc0, 0x1f, 0x1f, 0x9f, 0x0, 0x73, 0x6e,
    0xfe, 0x10, 0xf, 0x87, 0xc, 0x3, 0xff, 0x94,
    0x46, 0x1, 0xff, 0xcb, 0xbc, 0xe9, 0x30, 0xa,
    0x3f, 0xff, 0x8, 0x7, 0xc8, 0x2, 0xc6, 0x1,
    0x6a, 0x27, 0xe1, 0x0, 0xf0, 0x90, 0x1, 0x40,
    0x32, 0xdd, 0xfe, 0x0, 0xf9, 0xc0, 0x2f, 0x0,
    0xff, 0xe4, 0x68, 0x4, 0xa0, 0x18, 0x47, 0xf8,
    0x3, 0xc2, 0x80, 0x4, 0x0, 0xe9, 0xee, 0xfc,
    0x1, 0xe7, 0x0, 0xb4, 0x3, 0xf8, 0x59, 0xa8,
    0x0, 0xf6, 0x80, 0x4e, 0x1, 0xfc, 0x73, 0x33,
    0x80, 0x46, 0x2, 0x80, 0x2, 0x10, 0xf, 0xe2,
    0x0, 0xfb, 0x0, 0x12, 0x80, 0xa0, 0x1f, 0xf2,
    0x0, 0x62, 0x85, 0x1, 0x6b, 0xf9, 0x0, 0xe,
    0x64, 0xc0, 0x1a, 0xff, 0xf6, 0xb8, 0x0,

    /* U+6DFB "添" */
    0x0, 0x15, 0x8, 0x4, 0x23, 0xff, 0xc3, 0x0,
    0xef, 0x5c, 0x30, 0x7, 0x77, 0xff, 0xd, 0xc0,
    0x29, 0x20, 0x2c, 0x60, 0xf, 0xfe, 0x45, 0x8,
    0x5, 0x28, 0x1, 0xff, 0xc7, 0x3f, 0x40, 0x2,
    0xa7, 0x77, 0x20, 0x0, 0xbb, 0xbc, 0xe0, 0x18,
    0x6d, 0xc6, 0xc0, 0x47, 0x94, 0x0, 0x82, 0x3e,
    0x0, 0xfa, 0x3c, 0x4c, 0xf9, 0x44, 0x0, 0x26,
    0x7f, 0x10, 0x5, 0x46, 0x2, 0x2c, 0xce, 0xa0,
    0x9, 0xf3, 0x3e, 0xb0, 0x3, 0xae, 0x30, 0x7,
    0xff, 0x24, 0xe0, 0x1, 0x34, 0x1, 0xff, 0xc6,
    0x10, 0x24, 0x0, 0x95, 0xbf, 0xe6, 0x0, 0x9f,
    0xe0, 0x2, 0xaf, 0xfa, 0x0, 0x6d, 0xc0, 0x4,
    0xe0, 0x36, 0xc0, 0x4, 0x80, 0x73, 0x0, 0x53,
    0x80, 0x7a, 0x24, 0x38, 0x17, 0xd0, 0x0, 0x25,
    0x10, 0xd, 0x20, 0x4, 0x73, 0x90, 0x6, 0x6e,
    0x1c, 0xa1, 0x0, 0x1d, 0x33, 0xb8, 0x7, 0xc,
    0x0, 0x31, 0xe0, 0x19, 0xc8, 0xc4, 0x2, 0x6c,
    0x70, 0xe, 0x1c, 0x60, 0xa, 0xc0, 0x22, 0x8c,
    0xea, 0x0, 0xe, 0x0, 0x7c, 0x41, 0x2c, 0x40,
    0xe0, 0x12, 0x80, 0x4b, 0x70, 0x35, 0xa0, 0x1a,
    0xbe, 0x53, 0xd9, 0x78, 0x40, 0x2c, 0x0, 0x9,
    0x25, 0x80, 0x14, 0x3, 0x30, 0x23, 0x0, 0x18,
    0x40, 0x32, 0x0, 0x10, 0xc, 0xc0, 0xa, 0x0,
    0xd4, 0x0, 0x46, 0x1, 0x50, 0x9, 0x0, 0x2c,
    0x8, 0x0, 0x29, 0x0, 0x64, 0x0, 0x6d, 0x0,
    0x24, 0x2, 0xd0, 0x9, 0xd1, 0x0, 0x9, 0x0,
    0xe2, 0x30, 0x43, 0x20, 0x32, 0x0, 0x20, 0x0,
    0x86, 0x40, 0x6, 0x24, 0x80, 0x1a, 0xc0, 0xb,
    0x40, 0xa, 0x2, 0x20, 0x1, 0x3, 0xd0, 0x23,
    0x75, 0x0, 0x19, 0x1, 0x59, 0x80, 0x98, 0x8,
    0x1, 0x60, 0x15, 0xea, 0x8, 0x6, 0x30, 0x3f,
    0xa3, 0x1e, 0xb4, 0x6, 0xc8, 0x34, 0x0, 0x88,
    0x14, 0x2, 0x3f, 0x0, 0xf0, 0x80, 0x40,

    /* U+6E05 "清" */
    0x0, 0x90, 0x3, 0xfd, 0x11, 0x20, 0x7, 0xf5,
    0x5c, 0x0, 0x8, 0xcf, 0x91, 0xde, 0xe3, 0x3f,
    0x8, 0x32, 0x83, 0xe9, 0xd6, 0x67, 0x58, 0x4,
    0xb9, 0x9e, 0x50, 0xe, 0x2c, 0x50, 0xf, 0xfe,
    0x33, 0x61, 0x0, 0xb, 0x3b, 0xbc, 0x1, 0x37,
    0x77, 0x90, 0x0, 0x7a, 0xa1, 0xc3, 0xfd, 0xdc,
    0x1, 0x37, 0x77, 0x50, 0x7, 0x56, 0x98, 0x7,
    0xff, 0x1c, 0xb9, 0x40, 0x80, 0x19, 0x9e, 0x0,
    0x97, 0x33, 0xa4, 0x1, 0xc3, 0x52, 0x3, 0x15,
    0x77, 0xc0, 0x13, 0x5d, 0xf5, 0x3b, 0x18, 0x1,
    0xb5, 0x5d, 0xfe, 0x0, 0x8d, 0xdf, 0xd2, 0xcc,
    0x0, 0x8b, 0xc0, 0x3f, 0xf8, 0xa6, 0x13, 0x40,
    0x3, 0xbf, 0xdc, 0xcf, 0xfe, 0x17, 0x68, 0x1,
    0x74, 0xf8, 0x1, 0x99, 0xff, 0xc3, 0x70, 0xc,
    0x58, 0x40, 0x1f, 0xfc, 0xa5, 0x50, 0x7, 0x97,
    0xff, 0xed, 0x0, 0xfd, 0x75, 0xf0, 0x1, 0x97,
    0xbb, 0xec, 0x0, 0xf8, 0xc4, 0x1, 0xe0, 0x1c,
    0x23, 0xf8, 0x3, 0xeb, 0x0, 0x94, 0x3, 0x25,
    0xdf, 0xd4, 0x1, 0xf2, 0x0, 0x4, 0x80, 0x3f,
    0xf8, 0xe2, 0x60, 0x7, 0x0, 0xe4, 0xbb, 0xfa,
    0x80, 0x3c, 0xe0, 0x16, 0x80, 0x7f, 0xf2, 0x34,
    0x2, 0x40, 0xe, 0x5f, 0xff, 0xb8, 0x3, 0xc8,
    0x0, 0x40, 0xf, 0xf2, 0xdd, 0xd8, 0x1, 0x18,
    0x28, 0x5, 0xa0, 0x1f, 0xe1, 0x44, 0x88, 0x2,
    0x70, 0x5b, 0x61, 0x70, 0xf, 0xf2, 0x80, 0x71,
    0x49, 0x0, 0x12, 0x78, 0x40, 0x2e, 0xff, 0x50,
    0x4, 0x3f, 0xfd, 0xac, 0x0,

    /* U+6E10 "渐" */
    0x0, 0x8c, 0x3, 0x96, 0x5c, 0xc0, 0x3f, 0xc2,
    0x80, 0x12, 0xe4, 0x80, 0x6e, 0x68, 0x50, 0xf,
    0x1a, 0xce, 0xf5, 0x80, 0x12, 0x81, 0xa4, 0xc,
    0xca, 0x0, 0x33, 0x86, 0xfb, 0xf2, 0x98, 0x80,
    0xa, 0xc, 0x20, 0x6, 0xbc, 0xc0, 0x80, 0x2b,
    0x30, 0xe8, 0x20, 0x1f, 0x78, 0x16, 0x8, 0x3,
    0x40, 0x3f, 0xf8, 0x66, 0xf9, 0x40, 0x2, 0xc1,
    0x97, 0x0, 0xfc, 0x60, 0x13, 0xef, 0xe4, 0x18,
    0x6, 0x2f, 0x61, 0xf1, 0x0, 0x77, 0xfc, 0xa0,
    0x16, 0x10, 0x7, 0xc8, 0xe2, 0x0, 0x31, 0x3,
    0xbb, 0x28, 0x7, 0xff, 0x4, 0xae, 0x20, 0x0,
    0xb0, 0x5, 0xa2, 0x8, 0x3, 0x8d, 0x13, 0x8c,
    0x38, 0x0, 0xf2, 0xc, 0x0, 0x60, 0xf, 0xd1,
    0x77, 0xdc, 0x1e, 0x20, 0x6, 0xc1, 0x2, 0x30,
    0x7, 0x90, 0x7, 0xff, 0x0, 0xf4, 0x0, 0x28,
    0x0, 0x2d, 0x10, 0x7d, 0x10, 0xf, 0xfe, 0x1,
    0xd8, 0xe7, 0x80, 0x7f, 0xf0, 0x2f, 0x40, 0x2f,
    0xd0, 0x9, 0x38, 0x80, 0x3f, 0xf8, 0x2e, 0x1,
    0xfc, 0xcc, 0x36, 0xcc, 0x84, 0x0, 0xf8, 0x20,
    0x1f, 0xfc, 0x1b, 0x9c, 0x73, 0x3c, 0x0, 0xf1,
    0x0, 0xc2, 0x1, 0xf8, 0x48, 0x0, 0x80, 0x28,
    0x60, 0x8, 0xd0, 0xf, 0xfe, 0xa, 0x80, 0x6,
    0xbf, 0xac, 0x40, 0x30, 0x80, 0x44, 0x1, 0xfb,
    0x0, 0xa, 0x20, 0x1f, 0x88, 0x3, 0xff, 0x80,
    0x60, 0xc, 0x10, 0xf, 0x1c, 0xb0, 0x0, 0xc0,
    0x3f, 0x90, 0x0, 0x7c, 0xb1, 0x64, 0x0, 0xb6,
    0xc0, 0x2, 0x80, 0x7e, 0x30, 0x9, 0x1a, 0x9d,
    0x0, 0x39, 0xc0, 0x18, 0x1, 0xf9, 0x0, 0x4,
    0x1, 0xfc, 0x82, 0x0, 0x50, 0xf, 0xd8, 0x0,
    0x70, 0xf, 0xe9, 0x0, 0x30, 0x7, 0xf6, 0xa9,
    0x60, 0x7, 0xf4, 0xa0, 0x40, 0x7, 0xf3, 0x56,
    0xb0, 0x7, 0x6f, 0xf9, 0xd2, 0xf8, 0x40, 0x5,
    0xff, 0x0, 0x0,

    /* U+6ED1 "滑" */
    0x0, 0x8c, 0x3, 0x84, 0x7f, 0xf8, 0x40, 0x1c,
    0x3b, 0xa3, 0x0, 0x17, 0x77, 0xff, 0x9, 0x40,
    0x36, 0x89, 0x63, 0x80, 0x7f, 0xf2, 0x4, 0x40,
    0x14, 0x58, 0x80, 0x4a, 0xcd, 0xf0, 0x7, 0xc3,
    0xac, 0x1, 0x84, 0x2, 0xcd, 0xde, 0x99, 0x0,
    0x7f, 0x4d, 0x0, 0xd0, 0x6, 0x9b, 0xbe, 0x10,
    0xf, 0xf9, 0x76, 0x84, 0x3, 0x11, 0x98, 0x3,
    0xff, 0x83, 0x38, 0x44, 0x42, 0x60, 0xa, 0x3b,
    0x84, 0x0, 0x22, 0x0, 0x44, 0x40, 0x2, 0xb1,
    0xea, 0x86, 0x58, 0x5, 0x5b, 0xa2, 0x0, 0x66,
    0x80, 0x51, 0xa6, 0x12, 0x1, 0x54, 0x80, 0x7f,
    0xf2, 0x31, 0x0, 0x26, 0x10, 0x2, 0x3b, 0xff,
    0x98, 0x3, 0xd6, 0xe0, 0x6, 0x10, 0x1, 0x6e,
    0xff, 0xbc, 0x3, 0xe8, 0xa2, 0x90, 0x9, 0xaa,
    0xbf, 0xd2, 0x1, 0xf9, 0x74, 0x3b, 0x0, 0x3f,
    0xf8, 0x53, 0xe6, 0x1, 0x9c, 0xc0, 0x3d, 0xdf,
    0xff, 0x0, 0x7f, 0x1c, 0x67, 0x28, 0x6, 0xef,
    0xff, 0x80, 0x3f, 0x90, 0x0, 0x2c, 0x1, 0xff,
    0xc9, 0xc0, 0x0, 0x98, 0x6, 0xab, 0xbf, 0x80,
    0x3f, 0x90, 0x0, 0x80, 0x1c, 0x2e, 0xfe, 0x0,
    0xfe, 0x30, 0xb, 0x0, 0x3a, 0xf3, 0x3d, 0x60,
    0x1f, 0xac, 0x2, 0x40, 0xf, 0xfe, 0x4a, 0x0,
    0x4, 0x80, 0x3b, 0xbf, 0xfd, 0x80, 0x1f, 0x9,
    0x80, 0x10, 0x3, 0xf9, 0x3b, 0xac, 0x0, 0x8c,
    0x2, 0x70, 0xb, 0x40, 0x3f, 0x94, 0x46, 0x0,
    0xc8, 0x1, 0x24, 0x20, 0x20, 0x7, 0xf0, 0x98,
    0x4, 0x29, 0x62, 0x1, 0x13, 0xdf, 0x98, 0x0,
    0xfb, 0xa1, 0x0, 0xb3, 0xfe, 0xeb, 0x40, 0x8,

    /* U+6EE1 "满" */
    0x0, 0x18, 0x7, 0xd3, 0x54, 0x40, 0xa, 0x6a,
    0x8a, 0x1, 0xc5, 0x9a, 0x40, 0x1c, 0xea, 0xa3,
    0x0, 0x9d, 0x55, 0xa0, 0x18, 0x70, 0xb, 0x12,
    0xf3, 0x21, 0x0, 0x4e, 0x64, 0x20, 0x6, 0xcc,
    0x98, 0x54, 0x0, 0x36, 0x86, 0x70, 0x4, 0x26,
    0x70, 0x4, 0x26, 0x77, 0x5, 0xb0, 0x0, 0x40,
    0x3f, 0xf9, 0x32, 0xe1, 0xba, 0xcc, 0x84, 0x0,
    0xf9, 0x90, 0x80, 0x1b, 0x32, 0x90, 0xa, 0x34,
    0xcc, 0x23, 0x44, 0xcb, 0x4, 0x68, 0x99, 0x68,
    0x8c, 0x0, 0x7c, 0x12, 0xc, 0xdd, 0xa6, 0x6b,
    0xdd, 0xa6, 0x6b, 0xdd, 0x98, 0xe0, 0xfc, 0xc0,
    0x3f, 0xf9, 0x12, 0x0, 0x1c, 0x67, 0x33, 0xc0,
    0x11, 0x18, 0x80, 0x4, 0xcf, 0x15, 0x38, 0x5,
    0x3d, 0x99, 0x80, 0x2f, 0xc4, 0x0, 0x3e, 0x66,
    0x50, 0x89, 0x0, 0x2b, 0xee, 0xe0, 0xb, 0xf5,
    0x40, 0xf, 0xbb, 0x48, 0x4, 0xd6, 0x94, 0xe4,
    0x58, 0x2, 0x22, 0x0, 0x42, 0x45, 0x28, 0x6,
    0x4b, 0x0, 0xff, 0xe5, 0x36, 0x39, 0x80, 0x45,
    0xe8, 0x0, 0xdf, 0x30, 0x3f, 0xa0, 0xf, 0x61,
    0xc6, 0x80, 0x73, 0x80, 0x24, 0x8, 0xc, 0x80,
    0x3e, 0x40, 0x2, 0x80, 0x71, 0x80, 0x12, 0x84,
    0x1, 0xe6, 0x1, 0xc4, 0x20, 0xc, 0x0, 0xca,
    0x1, 0x94, 0x2, 0x28, 0x0, 0xe4, 0x0, 0x90,
    0x3, 0x48, 0x2, 0x4, 0x2, 0x10, 0x10, 0xe,
    0xc0, 0x8, 0xc0, 0x22, 0x30, 0x57, 0x70, 0x1,
    0xb4, 0x8, 0x3, 0x90, 0x0, 0x60, 0x1f, 0x49,
    0xb0, 0x2, 0xcf, 0x20, 0x3, 0x10, 0x80, 0x10,
    0x3, 0x14, 0x29, 0x81, 0x2, 0x90, 0x1e, 0x80,
    0x1c, 0x10, 0x2, 0xc0, 0xe, 0x7a, 0x3, 0xd7,
    0xb3, 0xff, 0x38, 0x6, 0xf0, 0x9, 0x0, 0x3f,
    0xd0, 0x26, 0x1, 0xc6, 0x13, 0x8e, 0x80, 0x1f,
    0xfc, 0x22, 0x0, 0xa, 0xc0, 0x0, 0xe2, 0xc0,
    0x9, 0xfe, 0xd0, 0xf, 0xdb, 0xfe, 0xea, 0x0,
    0x0,

    /* U+6F14 "演" */
    0x0, 0xff, 0xe7, 0xb0, 0x7, 0xfa, 0xb3, 0xb0,
    0x3, 0xf9, 0xa7, 0x48, 0x3, 0xf3, 0x98, 0x99,
    0x0, 0x7c, 0x52, 0x5, 0xab, 0x9f, 0xfe, 0x20,
    0xb, 0x7f, 0xfc, 0x67, 0x0, 0x54, 0x60, 0x1f,
    0xfc, 0x61, 0xc5, 0x0, 0x19, 0x0, 0x42, 0x3f,
    0xf0, 0x7, 0xaa, 0x3, 0x84, 0x1, 0x5d, 0xdf,
    0xf0, 0x7, 0xcf, 0xc4, 0x1, 0x57, 0xff, 0xfc,
    0x1, 0xcb, 0xa4, 0x21, 0x6c, 0x60, 0x1f, 0xfc,
    0x1, 0x66, 0x11, 0x28, 0xb1, 0x1, 0xe6, 0x48,
    0x98, 0x80, 0x24, 0x4c, 0xf3, 0x21, 0x90, 0x0,
    0xdb, 0x80, 0x16, 0xef, 0x80, 0x3, 0x77, 0xa4,
    0x2, 0xa3, 0x0, 0xa1, 0xff, 0xfd, 0x20, 0x1,
    0xff, 0xf1, 0x80, 0xe2, 0x80, 0x5, 0x80, 0x3f,
    0xf9, 0x14, 0xc1, 0xa2, 0x1, 0x1a, 0xa8, 0xc0,
    0x25, 0x58, 0x3, 0xf4, 0xe1, 0x80, 0x69, 0xaa,
    0x80, 0x3, 0x54, 0xb0, 0xf, 0xd7, 0x63, 0x0,
    0xd5, 0xfe, 0x90, 0x0, 0xff, 0xb8, 0x3, 0xe2,
    0x47, 0xc6, 0x0, 0xff, 0xe4, 0x28, 0x4, 0xe0,
    0x13, 0xdd, 0x98, 0x2, 0xbb, 0x50, 0x7, 0xd6,
    0x0, 0x31, 0x0, 0x8f, 0x74, 0xa0, 0x16, 0xeb,
    0xc0, 0x3c, 0x26, 0x0, 0xb0, 0xc, 0x8c, 0xc3,
    0x0, 0x99, 0x8a, 0x1, 0xe7, 0x0, 0x94, 0x3,
    0xff, 0x91, 0xa0, 0x2, 0x20, 0x7f, 0xb6, 0xc,
    0x23, 0xfe, 0x20, 0x4a, 0xef, 0x30, 0x14, 0x0,
    0x28, 0x24, 0x66, 0xc1, 0x85, 0x80, 0xc, 0x81,
    0x2b, 0xa5, 0x1, 0x80, 0x2b, 0x6b, 0x73, 0x0,
    0xce, 0x1, 0x20, 0x6, 0x6b, 0x60, 0x20, 0x13,
    0x70, 0xc, 0x51, 0xd6, 0x0, 0x3b, 0xe8, 0x20,
    0x9, 0xdd, 0xba, 0xa0, 0x14, 0x38, 0xdd, 0x38,
    0x80, 0x70, 0xbe, 0xe3, 0x28, 0x80, 0x9, 0x0,
    0x17, 0x8e, 0x40, 0x1f, 0xf1, 0xcd, 0x0,

    /* U+70B9 "点" */
    0x0, 0xff, 0x55, 0xda, 0x0, 0x3f, 0xf9, 0x2a,
    0x89, 0x0, 0x7f, 0xf3, 0xf, 0xff, 0xfc, 0x80,
    0x1f, 0xff, 0x31, 0x77, 0xff, 0x30, 0x7, 0xff,
    0x4, 0xa2, 0x3f, 0xc4, 0x0, 0x1f, 0xff, 0x80,
    0x23, 0xff, 0xfc, 0x20, 0x1f, 0xfe, 0xe1, 0x66,
    0xff, 0x88, 0x3, 0xff, 0x80, 0xb3, 0x3f, 0xf3,
    0x0, 0x7f, 0xfc, 0x93, 0xff, 0xfe, 0x40, 0xf,
    0xff, 0x70, 0x9b, 0xc4, 0x7f, 0xf0, 0xdd, 0x44,
    0x3, 0x19, 0x9b, 0xd9, 0xd8, 0xd1, 0xde, 0x3e,
    0x67, 0x60, 0x64, 0x10, 0xd, 0x20, 0x2e, 0x17,
    0xd7, 0x20, 0xe, 0xb6, 0x70, 0x78, 0x11, 0x40,
    0x4, 0x2a, 0x0, 0x61, 0x20, 0x2, 0x0, 0x10,
    0x1, 0x40, 0xc4, 0x0, 0x62, 0x0, 0x40, 0x5,
    0x61, 0xe0, 0x1, 0x10, 0x70, 0x0, 0xc8, 0x20,
    0x2, 0x90, 0x36, 0x0, 0x21, 0x2, 0x80, 0x48,
    0x8, 0x20, 0x5, 0x5, 0x30, 0x2, 0x22, 0xc0,
    0x2f, 0x0, 0x18, 0x5, 0xa0, 0x7, 0x0, 0x60,
    0x2, 0x0, 0x2c, 0x8b, 0x23, 0x40, 0x9, 0x16,
    0x2c, 0x1, 0x51, 0x96, 0x0, 0x43, 0x4c, 0x80,
    0x4d, 0xd0, 0x6, 0xba, 0x73, 0x0, 0x1b, 0x98,
    0x6, 0xdb, 0x30,

    /* U+70ED "热" */
    0x0, 0xd1, 0x76, 0x40, 0xc, 0x75, 0x48, 0x0,
    0xff, 0xe1, 0x22, 0x46, 0x1, 0x99, 0x56, 0x0,
    0xff, 0xe4, 0x89, 0x80, 0x42, 0x3e, 0x0, 0xee,
    0xff, 0x18, 0x2, 0x3e, 0x8b, 0xa4, 0x0, 0x5d,
    0xdd, 0xa0, 0x1c, 0x20, 0x1f, 0x8, 0x7, 0xff,
    0x7e, 0xaa, 0x20, 0x2, 0xd4, 0x15, 0xb8, 0x0,
    0xae, 0xca, 0x1, 0xf9, 0x56, 0x10, 0x1, 0x0,
    0x49, 0xc0, 0x1, 0x44, 0x18, 0x7, 0xfc, 0x20,
    0x7, 0xa4, 0x2b, 0xc0, 0x3, 0x80, 0x4, 0x3,
    0xe2, 0x7b, 0xf2, 0x0, 0xdf, 0x8, 0xa0, 0x1,
    0x0, 0xff, 0x2c, 0x20, 0x7, 0x91, 0x40, 0x33,
    0x10, 0x7, 0x94, 0x0, 0x40, 0x1e, 0x6e, 0xc9,
    0x10, 0x8, 0xf6, 0x88, 0x3, 0x57, 0x90, 0x81,
    0xc1, 0x0, 0x38, 0x41, 0x90, 0x3, 0x95, 0x40,
    0x1, 0x30, 0x1, 0x27, 0x63, 0x88, 0x7, 0x2a,
    0x80, 0x2, 0x1, 0x20, 0x0, 0xec, 0x4, 0x0,
    0x20, 0x22, 0x0, 0xcb, 0x40, 0x16, 0x59, 0x12,
    0x40, 0x2, 0xe0, 0x80, 0x5f, 0xee, 0x20, 0x0,
    0xbd, 0x0, 0x50, 0x49, 0xbe, 0x44, 0x0, 0xd8,
    0x4, 0x1, 0xe3, 0xc0, 0x9, 0x1c, 0x2, 0x20,
    0x80, 0x8, 0x58, 0x0, 0x60, 0x19, 0x55, 0x6e,
    0x7, 0x60, 0x1e, 0x57, 0x1, 0xd0, 0xb, 0xa5,
    0x6b, 0xa8, 0x1, 0x31, 0xa0, 0x4, 0x94, 0x0,
    0x8, 0x83, 0xc, 0x2, 0x2f, 0x5a, 0xa0, 0x3f,
    0x72, 0xc4, 0x36, 0xdb, 0xc0, 0x7d, 0x82, 0x40,
    0x39, 0xc0, 0xe, 0x0, 0x10, 0x30, 0x2, 0x80,
    0x10, 0x44, 0xe0, 0x4, 0x50, 0x9, 0x84, 0x1,
    0x20, 0x60, 0x11, 0x85, 0x80, 0x4c, 0x10, 0x1,
    0x40, 0x0, 0x60, 0x0, 0x2a, 0xa, 0x1, 0x20,
    0x19, 0x0, 0x28, 0x6, 0x0, 0x4, 0xc0, 0xc2,
    0x0, 0x90, 0x0, 0x88, 0x1, 0xa0, 0x5, 0x0,
    0x11, 0x1, 0xc0, 0x21, 0x7, 0xb4, 0x17, 0x0,
    0x94, 0x97, 0x0, 0x16, 0xd7, 0xe4, 0x0, 0x74,
    0xd7, 0x0, 0x25, 0xf8, 0x6, 0xbd, 0xa6, 0x0,
    0x1c, 0xa0, 0x6, 0x8b, 0x20, 0x0,

    /* U+7259 "牙" */
    0x0, 0xff, 0xe7, 0x77, 0xff, 0xff, 0x28, 0x40,
    0x3f, 0xfc, 0xf1, 0x1f, 0xfc, 0x20, 0xc, 0xf1,
    0x18, 0x41, 0x9c, 0xf8, 0x51, 0xdf, 0xf0, 0x80,
    0x52, 0xef, 0x80, 0x37, 0xb4, 0xe1, 0x80, 0x7f,
    0xf1, 0xc5, 0x0, 0x4, 0x60, 0x1f, 0xfc, 0x76,
    0x0, 0xa8, 0x3, 0xff, 0x91, 0x60, 0x17, 0x3b,
    0xfe, 0x10, 0x9, 0x9d, 0xf1, 0x80, 0x4, 0x2,
    0x68, 0x8f, 0xc0, 0x1a, 0x23, 0x90, 0x3, 0xff,
    0xd1, 0xbf, 0xfe, 0xe3, 0x0, 0x98, 0x40, 0x2e,
    0xff, 0xce, 0x1, 0xfd, 0x46, 0x0, 0x39, 0x0,
    0xff, 0xe2, 0x8e, 0x20, 0x0, 0x74, 0x3, 0xff,
    0x8a, 0x7e, 0x60, 0x16, 0x88, 0x7, 0xff, 0x11,
    0xb0, 0x40, 0x2c, 0x30, 0xf, 0xfe, 0x19, 0x64,
    0x80, 0x43, 0x86, 0x1, 0xff, 0xc2, 0x18, 0xd3,
    0x0, 0x8b, 0xc, 0x3, 0xff, 0x84, 0xdc, 0xe0,
    0x19, 0x74, 0x80, 0x38, 0x40, 0x3f, 0x8c, 0x3,
    0xa6, 0x81, 0x2e, 0xf7, 0x0, 0x61, 0x0, 0xe5,
    0x30, 0x2, 0xf3, 0x0, 0x1d, 0x13, 0x8, 0x4,
    0x20, 0x1f, 0x79, 0x5d, 0x8, 0x4, 0x60, 0x1f,
    0x9c, 0x3, 0xe3, 0xd4, 0x0, 0xf1, 0x0, 0x71,
    0x3c, 0x80, 0x78,

    /* U+725B "牛" */
    0x0, 0xff, 0x9e, 0xee, 0x20, 0xf, 0xfe, 0x17,
    0x5b, 0x90, 0x3, 0x11, 0x21, 0x0, 0xff, 0xe0,
    0xa0, 0xa4, 0x58, 0x7, 0xff, 0x23, 0x40, 0x2d,
    0x0, 0xff, 0xe4, 0x38, 0x4, 0xa0, 0x1e, 0x70,
    0xf, 0xfe, 0x2, 0x88, 0x5, 0xdf, 0xe4, 0x0,
    0xaf, 0xff, 0xe0, 0xe, 0xe0, 0xf, 0xfe, 0x59,
    0x20, 0x7, 0xff, 0x2e, 0xc0, 0x22, 0x44, 0xc2,
    0x1, 0x1a, 0x27, 0xc0, 0x11, 0x30, 0x5, 0xf7,
    0x79, 0x40, 0x2f, 0xbb, 0xf8, 0x2, 0x40, 0x9,
    0x8, 0x3, 0xff, 0x8e, 0xd8, 0x41, 0xe0, 0x1f,
    0xfc, 0x93, 0xda, 0x40, 0xf, 0xfe, 0x39, 0x5d,
    0xdd, 0x77, 0xe5, 0x0, 0xbe, 0xef, 0xf4, 0x32,
    0x27, 0xf8, 0x40, 0x23, 0x44, 0xfe, 0x0, 0xff,
    0xf3, 0x27, 0xff, 0xf9, 0x0, 0x2b, 0xff, 0xfd,
    0x80, 0x1f, 0xfc, 0x37, 0x0, 0xff, 0xff, 0x80,
    0x7f, 0xff, 0xc0, 0x3f, 0x80,

    /* U+7269 "物" */
    0x0, 0xcb, 0x76, 0xa0, 0xd, 0x54, 0x62, 0x0,
    0xff, 0xe0, 0x92, 0x24, 0x1, 0x12, 0xaa, 0x54,
    0x3, 0xfd, 0x5f, 0x60, 0x1f, 0x50, 0x4, 0xc0,
    0x1f, 0xe6, 0x0, 0xfe, 0x50, 0x0, 0xcc, 0x47,
    0xe2, 0x1, 0x2, 0x0, 0xf3, 0x10, 0x0, 0x5d,
    0xff, 0x98, 0x8, 0x1a, 0x0, 0x3, 0xeb, 0x0,
    0x1f, 0xfc, 0xb8, 0x10, 0x0, 0x80, 0x4, 0x40,
    0x2, 0x0, 0x9c, 0xc0, 0x3f, 0x10, 0x1, 0x6c,
    0x1, 0xac, 0x0, 0xd0, 0x8, 0x54, 0x0, 0xe8,
    0x1, 0xf5, 0xf8, 0x0, 0x8c, 0x8, 0x40, 0x37,
    0x80, 0x27, 0x0, 0x3, 0x20, 0x9, 0x15, 0x1,
    0x12, 0x83, 0x18, 0x4, 0x64, 0x0, 0x10, 0xc,
    0xd6, 0xac, 0xe0, 0x4, 0x31, 0x2, 0x10, 0xc,
    0x64, 0x60, 0x1c, 0xc3, 0x43, 0x20, 0xf, 0x40,
    0x7, 0x80, 0x61, 0x8d, 0xc0, 0xc, 0x33, 0xa1,
    0x2, 0x2, 0xb4, 0x0, 0x57, 0x0, 0xf9, 0x6c,
    0x3, 0x12, 0xb0, 0x2, 0x4c, 0x80, 0x6, 0x20,
    0x18, 0xa3, 0xa8, 0xc0, 0x33, 0xd0, 0x0, 0x5e,
    0x40, 0x8, 0x1, 0x84, 0x25, 0xc4, 0x3, 0x90,
    0x80, 0x2a, 0x25, 0x0, 0x70, 0x18, 0x6, 0x30,
    0xf, 0xc, 0x88, 0x1, 0xd3, 0x80, 0x2, 0xa0,
    0x20, 0x3, 0xc, 0x0, 0x22, 0x0, 0x22, 0xc1,
    0x58, 0x73, 0x0, 0x48, 0x3, 0xc0, 0x2, 0x8,
    0xbb, 0x78, 0x1, 0x8b, 0x28, 0xe0, 0x0, 0x2e,
    0x1, 0xfa, 0x88, 0x3, 0xe2, 0x26, 0x80, 0x56,
    0x1, 0x10, 0x1, 0xc0, 0x3f, 0xe2, 0xc1, 0x0,
    0x22, 0x80, 0xd, 0x0, 0x2, 0x1, 0xfe, 0x3c,
    0x10, 0x1, 0x47, 0xfd, 0x82, 0x0, 0x20, 0xf,
    0xf3, 0x88, 0x0, 0x70, 0xc0, 0x3e, 0xb0, 0xf,
    0xf2, 0x50, 0xe, 0x8, 0x18, 0x7, 0x41, 0x80,
    0x7f, 0xcb, 0x58, 0x40, 0x8, 0x99, 0xab, 0x9c,
    0x0,

    /* U+72B6 "状" */
    0x0, 0xe4, 0x88, 0x80, 0x39, 0x66, 0x60, 0x0,
    0x80, 0x7f, 0x6b, 0xbc, 0x20, 0x1b, 0x19, 0xa1,
    0x4e, 0x50, 0xf, 0xfe, 0x4b, 0x58, 0x51, 0x80,
    0x65, 0x30, 0xf, 0xfe, 0x11, 0x0, 0x5a, 0x20,
    0xbd, 0x50, 0x1, 0xff, 0xc2, 0x49, 0x0, 0xb,
    0x80, 0x88, 0x10, 0x40, 0x3f, 0xf8, 0x4c, 0xa1,
    0x2c, 0x8, 0x20, 0x6, 0x0, 0xff, 0xe1, 0xdd,
    0x30, 0x4, 0xc0, 0xa, 0x0, 0xcf, 0xff, 0x98,
    0x2, 0xef, 0xea, 0xff, 0x8, 0x50, 0x0, 0x90,
    0x3, 0xff, 0x90, 0x46, 0x0, 0x20, 0xf, 0xfe,
    0x4d, 0x0, 0x78, 0x95, 0x70, 0x80, 0x4a, 0xbe,
    0x10, 0x3, 0x1d, 0x30, 0x4, 0xb5, 0x58, 0xc0,
    0x29, 0xaa, 0xe0, 0xd, 0x8a, 0x40, 0x1f, 0x88,
    0x2, 0x40, 0xf, 0xe1, 0xb4, 0x0, 0xf8, 0x80,
    0x35, 0x80, 0x7e, 0x2c, 0x40, 0xf, 0xd4, 0x1,
    0x8c, 0x80, 0x3c, 0xda, 0x40, 0x1f, 0xca, 0x1,
    0xd6, 0x1, 0xd3, 0x20, 0xf, 0xf2, 0x10, 0x7,
    0x31, 0x0, 0x63, 0x0, 0x89, 0x0, 0x3d, 0x20,
    0x12, 0x80, 0x5c, 0x1, 0xbc, 0x0, 0x98, 0x40,
    0x1d, 0x4, 0x0, 0x4a, 0x10, 0x1, 0xb8, 0x4,
    0xa0, 0xd6, 0x20, 0x1c, 0xae, 0x1, 0x40, 0x40,
    0x5, 0xa, 0x1, 0x5c, 0x80, 0x79, 0xe8, 0x2,
    0x53, 0x6, 0x30, 0xa, 0x94, 0x0, 0x80, 0x1f,
    0x48, 0x4, 0x36, 0x1, 0x70, 0x6, 0xa6, 0x0,
    0xff, 0xe0, 0xe8, 0x80, 0x45, 0x60, 0x18, 0x80,
    0x3f, 0xa0, 0x1, 0x26, 0x1, 0xc9, 0x0, 0x6,
    0x40, 0xf, 0xe6, 0x39, 0x60, 0xf, 0x9e, 0x4a,
    0x40, 0x3d, 0x3f, 0xf0, 0xe3, 0x0, 0x7f, 0x36,
    0x80, 0x0,

    /* U+7528 "用" */
    0x0, 0x57, 0xff, 0xff, 0x20, 0x40, 0x3f, 0xfd,
    0x48, 0x9c, 0x1, 0xa, 0x26, 0x10, 0xf, 0xf5,
    0x5d, 0xd4, 0x1, 0x2d, 0xde, 0x40, 0xf, 0xff,
    0x77, 0x7f, 0xdc, 0x1, 0x27, 0xfe, 0x50, 0xf,
    0xff, 0x73, 0xbf, 0x0, 0x44, 0xef, 0x88, 0x3,
    0xfd, 0x31, 0x14, 0x80, 0x4d, 0x11, 0x9c, 0x3,
    0xff, 0xa4, 0x20, 0x14, 0x4c, 0xd0, 0x1, 0x34,
    0xce, 0x70, 0xf, 0xf3, 0x37, 0x0, 0x44, 0xcd,
    0x88, 0x3, 0xce, 0x1, 0xff, 0xcb, 0x10, 0xf,
    0xfe, 0x59, 0x0, 0xb, 0xff, 0x70, 0x4, 0x9f,
    0xf9, 0x40, 0x38, 0x80, 0x26, 0x0, 0xff, 0xe3,
    0xa8, 0x5, 0x80, 0x1f, 0xfc, 0x7a, 0x0, 0x90,
    0x3, 0xf8, 0x62, 0x12, 0xa0, 0x19, 0x48, 0x0,
    0x26, 0x1, 0xfc, 0x2e, 0xe6, 0x0, 0xc3, 0x80,
    0x14, 0x80, 0x7f, 0xc4, 0x1, 0xc8, 0x13, 0x86,
    0x2e, 0x1, 0xc3, 0x55, 0x40, 0x30, 0x4, 0x2b,
    0x40, 0x3, 0xcc, 0x0, 0x7c, 0xab, 0x18, 0x5f,
    0xfd, 0xd4, 0x20,

    /* U+7535 "电" */
    0x0, 0xfe, 0x66, 0x90, 0x3, 0xff, 0x8e, 0x33,
    0x37, 0x80, 0x7f, 0xf0, 0x4, 0x7e, 0x30, 0xc,
    0x23, 0xf8, 0x2, 0xae, 0xef, 0xb4, 0x2, 0x4e,
    0xef, 0xc0, 0x1f, 0xfe, 0xba, 0xae, 0x0, 0x8e,
    0xab, 0x18, 0x7, 0xf9, 0x15, 0x64, 0x0, 0x9d,
    0x57, 0x38, 0x7, 0xf8, 0x8b, 0x80, 0x27, 0x22,
    0xce, 0x1, 0xfe, 0xcd, 0xdb, 0x0, 0x23, 0xdd,
    0xc6, 0x1, 0xff, 0xee, 0xaa, 0xe0, 0x8, 0xea,
    0xb1, 0x80, 0x7f, 0x91, 0x56, 0x40, 0x9, 0xd5,
    0x73, 0x80, 0x7f, 0xf5, 0xbb, 0xfe, 0xe0, 0x9,
    0x3f, 0xf2, 0x0, 0x7f, 0xf3, 0xc8, 0x3, 0xff,
    0x97, 0xbc, 0xfd, 0x11, 0xf8, 0x2, 0x28, 0x8f,
    0x80, 0x3, 0xa8, 0xef, 0xf3, 0x0, 0x4c, 0xef,
    0xf0, 0x4, 0x60, 0x1f, 0xfc, 0x7, 0x0, 0xf0,
    0x80, 0x42, 0x1, 0xf8, 0x40, 0x23, 0x86, 0x6e,
    0xd0, 0xb, 0x80, 0x3f, 0x84, 0x2, 0x79, 0x9e,
    0x30, 0x8, 0x80, 0x3f, 0x98, 0x3, 0xff, 0x80,
    0x48, 0x1, 0xfd, 0xe, 0x40, 0x1f, 0x85, 0x70,
    0x0,

    /* U+753B "画" */
    0x5f, 0xff, 0xfe, 0x5e, 0x0, 0x7f, 0xf3, 0x4,
    0x3, 0xff, 0x9a, 0xf3, 0x3f, 0xfc, 0xb8, 0x26,
    0x6f, 0xfe, 0x5a, 0x82, 0xcc, 0xa0, 0x37, 0xff,
    0xff, 0x80, 0x87, 0x55, 0x0, 0x35, 0x9a, 0x0,
    0xff, 0xe1, 0xb2, 0xac, 0x1, 0xfe, 0x24, 0x10,
    0x1, 0xa0, 0x7, 0xff, 0x1a, 0xec, 0x80, 0xe,
    0xb1, 0x0, 0xff, 0xef, 0x4f, 0xa8, 0x3, 0x7c,
    0x40, 0x3f, 0xfb, 0xc6, 0xa2, 0x0, 0x45, 0x0,
    0xff, 0xe3, 0x55, 0x10, 0x1, 0x34, 0x20, 0x1f,
    0xfd, 0xeb, 0xb2, 0x0, 0x3a, 0xc4, 0x3, 0xff,
    0x8a, 0x48, 0x20, 0x3, 0x40, 0xf, 0xfe, 0xe6,
    0xff, 0xff, 0xf0, 0x10, 0x3, 0xfc, 0xcd, 0xff,
    0xc3, 0xc0, 0xf, 0xc3, 0x33, 0xff, 0xc3, 0x60,
    0xf, 0xff, 0x5c, 0x7f, 0xff, 0xf1, 0xa8, 0x3,
    0x0,

    /* U+754C "界" */
    0x0, 0xff, 0xe7, 0xc7, 0xff, 0xff, 0x1e, 0x80,
    0x3f, 0xfd, 0xdf, 0xfb, 0x40, 0x2b, 0xff, 0xc2,
    0x1, 0xff, 0x44, 0x6b, 0x0, 0xba, 0x23, 0x8,
    0x7, 0xfc, 0xef, 0x98, 0x2, 0x57, 0x7c, 0x1,
    0xff, 0xd9, 0xff, 0xd8, 0x1, 0x57, 0xfe, 0x10,
    0xf, 0xfe, 0xc7, 0xfe, 0xc0, 0xa, 0xbf, 0xf0,
    0x80, 0x7f, 0xfb, 0x63, 0xff, 0x38, 0x7, 0xf3,
    0xff, 0xea, 0x0, 0xf9, 0x75, 0xc0, 0x23, 0xd4,
    0x0, 0x9f, 0x9c, 0x3, 0xf3, 0x6d, 0x10, 0x4,
    0xf8, 0x56, 0xe0, 0x10, 0xc7, 0xca, 0x0, 0x12,
    0xbe, 0x48, 0x2, 0x2c, 0x80, 0xa, 0x30, 0xc0,
    0x33, 0x5f, 0x46, 0x28, 0x7, 0x8b, 0x10, 0x3,
    0x61, 0x80, 0x78, 0x7a, 0x40, 0x21, 0x89, 0x0,
    0x9c, 0x3, 0xe4, 0xa3, 0x0, 0xb, 0xb, 0x25,
    0x73, 0xf0, 0x4, 0x40, 0x1f, 0xa, 0xe6, 0x1e,
    0x40, 0x13, 0x6a, 0x2, 0xc0, 0x2, 0x10, 0xf,
    0xf1, 0xc3, 0x80, 0x71, 0x60, 0x80, 0x2c, 0x3,
    0xff, 0x8a, 0x35, 0xa4, 0x0, 0x36, 0x0, 0xff,
    0xe2, 0x89, 0x80, 0x45, 0xa0, 0x1f, 0xfc, 0x79,
    0x30, 0x6d, 0x10, 0xf, 0xfe, 0x46, 0xea, 0x40,
    0x3f, 0x7f, 0xd4, 0x1, 0xe0,

    /* U+767D "白" */
    0x0, 0xff, 0xe8, 0x47, 0xf6, 0x38, 0x7, 0xff,
    0x11, 0x80, 0x4c, 0x3, 0xff, 0x88, 0x82, 0x1,
    0x30, 0x7, 0xf7, 0xff, 0xac, 0x3, 0x77, 0xff,
    0xee, 0x0, 0xff, 0xe4, 0x8, 0x7, 0xff, 0x35,
    0x57, 0xff, 0x82, 0x1, 0xf0, 0xd5, 0x7f, 0xf0,
    0x40, 0x3f, 0xff, 0x43, 0x11, 0xff, 0xc1, 0x0,
    0xfc, 0xef, 0xff, 0xc1, 0x0, 0xff, 0xf2, 0x8f,
    0xff, 0xff, 0x4, 0x3, 0xff, 0xf6, 0x23, 0xff,
    0xc1, 0x0, 0xf8, 0x7b, 0xbf, 0xf8, 0x20, 0x1f,
    0xfe, 0x65, 0x5f, 0xfe, 0x8, 0x7, 0xc3, 0x55,
    0xff, 0xc1, 0x0, 0xdd, 0xd8, 0x3, 0xff, 0x83,
    0xff, 0x80,

    /* U+7684 "的" */
    0x0, 0xff, 0xe7, 0x15, 0xcb, 0x10, 0x7, 0x37,
    0x53, 0x88, 0x7, 0xe7, 0x46, 0x95, 0x0, 0xed,
    0x15, 0x83, 0x0, 0xfd, 0x80, 0x12, 0x0, 0x61,
    0x40, 0x1, 0x10, 0x3, 0xf2, 0x0, 0x46, 0x1,
    0x9c, 0x2, 0x41, 0x1f, 0x77, 0xf8, 0x80, 0x2f,
    0xfa, 0xc2, 0x80, 0x26, 0xee, 0xef, 0x0, 0xff,
    0x8c, 0xc0, 0x1f, 0xfc, 0x98, 0x0, 0xff, 0x18,
    0x4, 0x4e, 0xf0, 0x4, 0xc8, 0x0, 0x16, 0x6c,
    0x20, 0x1e, 0x68, 0x88, 0x40, 0x4, 0x1, 0x44,
    0xce, 0x20, 0x0, 0x80, 0x7f, 0x8d, 0x40, 0x98,
    0x3, 0xff, 0x8c, 0xf5, 0x90, 0xe0, 0x18, 0x40,
    0xe, 0x1, 0x2d, 0x54, 0x20, 0x19, 0xaa, 0x14,
    0x3, 0xfc, 0x2a, 0xb0, 0x6, 0x1a, 0x0, 0x51,
    0x0, 0xc, 0x0, 0x20, 0x1f, 0xf0, 0xc8, 0x5,
    0xc0, 0x1f, 0xfc, 0x66, 0x40, 0x1, 0xc8, 0x8,
    0x0, 0xc0, 0x24, 0xff, 0x84, 0x3, 0xa4, 0x2,
    0x63, 0x0, 0x84, 0x3, 0xff, 0x82, 0x50, 0x3,
    0x46, 0x1, 0xff, 0xc6, 0x78, 0xf5, 0x0, 0xde,
    0x1, 0xff, 0xc3, 0x71, 0x1, 0x0, 0xff, 0xe7,
    0x8, 0x4, 0x9f, 0xf0, 0x80, 0x7f, 0x94, 0x3,
    0xff, 0x8a, 0x55, 0x5c, 0x1, 0x18, 0x7, 0xff,
    0x4, 0xd5, 0x70, 0x80, 0x4e, 0x1, 0x13, 0x37,
    0xb4, 0x0, 0x22, 0x0, 0xf1, 0x90, 0x4, 0xd3,
    0x3e, 0x60, 0x9, 0x40, 0x31, 0x36, 0x80,

    /* U+76AE "皮" */
    0x0, 0xff, 0xe0, 0x55, 0xda, 0x0, 0x3f, 0xf9,
    0x28, 0x91, 0x80, 0x7f, 0xf0, 0x22, 0x3f, 0x84,
    0x0, 0xd1, 0x1f, 0x84, 0x0, 0x2e, 0xff, 0xc0,
    0x11, 0x3b, 0xfe, 0x30, 0xf, 0xff, 0x64, 0x7f,
    0xf0, 0x80, 0x13, 0xfe, 0xe1, 0x0, 0x19, 0x0,
    0x7f, 0xf1, 0xe0, 0x40, 0x1e, 0x1, 0xff, 0xc8,
    0x9a, 0x46, 0x30, 0xf, 0xb5, 0x57, 0x84, 0x0,
    0xca, 0xb8, 0x3a, 0x0, 0x3f, 0x2d, 0x57, 0x0,
    0x45, 0x55, 0xe2, 0x0, 0xff, 0xf5, 0x18, 0x5,
    0x2, 0x1, 0x5f, 0xff, 0x58, 0x4, 0x46, 0x1,
    0x84, 0x2, 0x28, 0x0, 0xa4, 0x3, 0xd, 0x0,
    0x52, 0x1, 0xce, 0x1, 0xb, 0x18, 0x0, 0xa4,
    0x0, 0x3a, 0x20, 0x7, 0x40, 0xe, 0x30, 0x9,
    0x83, 0xc0, 0x26, 0x72, 0xc3, 0x0, 0x24, 0x0,
    0x7b, 0x40, 0x22, 0x3, 0x80, 0xa, 0x34, 0x80,
    0x7, 0x60, 0x1f, 0x20, 0x0, 0xc0, 0x27, 0x60,
    0xf, 0x1e, 0x80, 0x7c, 0x82, 0x0, 0x40, 0x8,
    0x8c, 0x3, 0xce, 0xa0, 0x1f, 0x40, 0x5, 0x62,
    0xd9, 0xaa, 0x1, 0xe4, 0xbe, 0x95, 0x10, 0x2,
    0x98, 0x5, 0xfd, 0x26, 0x1, 0x95, 0x40, 0x18,
    0x5a, 0xbb, 0x60, 0x40, 0x31, 0x80, 0x72, 0x65,
    0x53, 0x10, 0x3, 0xc5, 0xe9, 0x20, 0x4a, 0x1,
    0x97, 0x2c, 0xc0, 0x7, 0x7b, 0x4, 0x1, 0x98,
    0x19, 0xe2, 0x0, 0x73, 0xd4, 0x60, 0x1e, 0x27,
    0xdd, 0x41, 0xb0, 0x80, 0x21, 0x4b, 0xb1, 0x84,
    0x3, 0xfe, 0x27, 0xc9, 0x0,

    /* U+76F4 "直" */
    0x0, 0xff, 0x2c, 0xcc, 0x20, 0x1f, 0xe1, 0x33,
    0xfe, 0xe6, 0x69, 0xc, 0xff, 0x81, 0x33, 0x3f,
    0x90, 0x2, 0xac, 0xcf, 0xe0, 0xf, 0xfe, 0x73,
    0x19, 0xff, 0x8, 0x4, 0x67, 0xfe, 0x3, 0xcc,
    0xfe, 0x40, 0xb, 0xb3, 0x3f, 0x80, 0x22, 0xff,
    0xf9, 0x40, 0x2d, 0xff, 0xf8, 0x3, 0xff, 0xae,
    0x45, 0xff, 0x0, 0x7f, 0xf0, 0x57, 0x33, 0xfe,
    0x30, 0xf, 0xfe, 0x2, 0xf7, 0x7f, 0xc6, 0x1,
    0xff, 0xd9, 0x4a, 0xaf, 0xf8, 0x80, 0x3f, 0xf8,
    0xd, 0xbb, 0xff, 0x18, 0x7, 0xff, 0x0, 0x9d,
    0xff, 0xe1, 0x0, 0xff, 0xec, 0xaf, 0xff, 0xfc,
    0x60, 0x1f, 0xfc, 0x7, 0x99, 0xff, 0x88, 0x3,
    0xff, 0x80, 0x4c, 0xdf, 0xf0, 0x80, 0x7f, 0xf6,
    0x5b, 0xff, 0xfe, 0x30, 0xf, 0x67, 0xe8, 0x4,
    0xdf, 0xff, 0xf1, 0x80, 0x5f, 0xe6, 0x10, 0xf,
    0xff, 0x2e, 0x77, 0x7f, 0xf2, 0xd8,

    /* U+771F "真" */
    0x0, 0xff, 0x47, 0x74, 0x1, 0xff, 0x25, 0xdf,
    0xf3, 0x8, 0xd7, 0x7f, 0xe0, 0x24, 0x4f, 0xe1,
    0x0, 0x91, 0x3f, 0xc0, 0x60, 0x1f, 0xfc, 0xc5,
    0xff, 0xfe, 0x60, 0xb, 0xff, 0xfc, 0x1, 0xbf,
    0xfe, 0x60, 0xb, 0xff, 0xe9, 0x0, 0xff, 0xe6,
    0x18, 0x7, 0xf1, 0xdd, 0xff, 0xc0, 0x1f, 0xfc,
    0x17, 0x66, 0xff, 0x38, 0x7, 0xff, 0x5, 0x37,
    0x7f, 0xd8, 0x1, 0xff, 0xc1, 0x13, 0x3f, 0xf8,
    0x3, 0xff, 0x82, 0xbd, 0xdf, 0xf0, 0x7, 0xff,
    0x5, 0x37, 0x7f, 0xe0, 0xf, 0xfe, 0x10, 0x8f,
    0xfc, 0x1, 0xff, 0xc1, 0x4f, 0xff, 0xf8, 0x3,
    0xff, 0x82, 0x9d, 0xdf, 0xf0, 0x7, 0xff, 0x69,
    0x7f, 0xff, 0xdc, 0x1, 0xf7, 0x7f, 0x80, 0x25,
    0xff, 0xff, 0x70, 0x4, 0xbf, 0xe7, 0x0, 0xff,
    0xe6, 0xb3, 0x72, 0x0, 0x44, 0xcd, 0x94, 0x2,
    0x26, 0x6e, 0x38, 0x98, 0xf5, 0x40, 0x8, 0xa2,
    0x66, 0x20, 0x8, 0x98, 0xf6, 0x64, 0x87, 0x9d,
    0x26, 0x1, 0x98, 0x3, 0x71, 0x0, 0x65, 0xbe,
    0x70, 0x13, 0x0, 0xc3, 0x1d, 0x22, 0x1, 0x36,
    0xe9, 0xc4, 0x2, 0x11, 0x1, 0x18, 0x1, 0x6f,
    0x9c, 0x40, 0x3e, 0x28, 0xeb, 0x50, 0x16, 0x0,
    0x44, 0xf5, 0x20, 0x7, 0xff, 0x5, 0x2b, 0xa8,
    0x0,

    /* U+7720 "眠" */
    0x0, 0xfe, 0x23, 0x3f, 0xfe, 0x1, 0x0, 0x3b,
    0xff, 0xe1, 0xcc, 0xff, 0xe0, 0xf8, 0x7, 0xff,
    0xad, 0xe4, 0x3, 0xe7, 0xbb, 0xf3, 0x80, 0x7e,
    0xa6, 0x10, 0xf, 0x72, 0x27, 0xb8, 0x3, 0xff,
    0x8b, 0x55, 0xf8, 0x3, 0xf6, 0xf8, 0x80, 0x78,
    0xd5, 0x7c, 0x60, 0x1f, 0xfd, 0xe3, 0x55, 0x18,
    0x4, 0xab, 0x80, 0x3a, 0xb0, 0x40, 0x3d, 0x55,
    0x40, 0x0, 0x6a, 0xa8, 0x0, 0xe7, 0x30, 0xf,
    0xf3, 0x80, 0x4, 0x3, 0xff, 0x8d, 0x1b, 0xb0,
    0x5, 0xbb, 0xa8, 0x3, 0x6f, 0x88, 0x7, 0x84,
    0x88, 0x20, 0x11, 0x16, 0x60, 0xf, 0xfe, 0xd2,
    0x33, 0x40, 0x12, 0xb3, 0x54, 0x1, 0xab, 0x4,
    0x3, 0xdb, 0x33, 0x18, 0x3, 0xe6, 0x66, 0x0,
    0xce, 0x60, 0x1f, 0xf2, 0x80, 0x34, 0x8, 0x40,
    0x3f, 0xf8, 0xde, 0x0, 0x30, 0xbe, 0x90, 0xd,
    0xbe, 0x20, 0x1f, 0x14, 0x5a, 0x80, 0x10, 0x8,
    0x1c, 0x3, 0xff, 0x83, 0x7a, 0xe8, 0x60, 0x12,
    0xa8, 0x14, 0x3, 0xf8, 0xc4, 0x0, 0x40, 0x10,
    0xa8, 0x2, 0x84, 0xc, 0x3, 0x45, 0x56, 0x70,
    0xf, 0x20, 0x70, 0x7, 0x58, 0x6, 0x55, 0xf1,
    0x0, 0x5, 0xf6, 0xc5, 0x10, 0x1, 0x19, 0x83,
    0xbf, 0xc4, 0x1, 0xd6, 0x75, 0xd0, 0x40, 0x15,
    0x28, 0x1f, 0x0, 0x7f, 0xcd, 0x8a, 0x1, 0xe1,
    0xaf, 0xc2, 0x0, 0x0,

    /* U+77ED "短" */
    0x0, 0xff, 0xe8, 0xcf, 0x5b, 0x0, 0x7f, 0xf2,
    0x90, 0x50, 0x40, 0x35, 0x7f, 0xff, 0xf0, 0x54,
    0x0, 0x44, 0x0, 0x11, 0x61, 0x10, 0x7, 0xff,
    0x11, 0x0, 0x2a, 0xdd, 0xa4, 0x3, 0xff, 0x8b,
    0x40, 0x1f, 0xbe, 0x67, 0xff, 0x82, 0xe0, 0x66,
    0x0, 0xfc, 0x8c, 0xdf, 0xfc, 0x12, 0xa, 0x0,
    0xa, 0x0, 0x16, 0xa8, 0x1f, 0xff, 0xfc, 0x6,
    0x0, 0x20, 0x1, 0x84, 0x0, 0x4a, 0x42, 0x1,
    0xff, 0xc3, 0xc2, 0x9, 0x0, 0xbc, 0x3, 0xff,
    0x8c, 0x39, 0x22, 0x1, 0xfe, 0x8c, 0xce, 0x0,
    0xf3, 0x4f, 0x43, 0x80, 0x2e, 0x20, 0x1, 0x88,
    0xcf, 0x80, 0x3d, 0xae, 0xf1, 0x0, 0xd, 0xdc,
    0x60, 0x1f, 0xfd, 0x1b, 0xdd, 0xe0, 0xf, 0x19,
    0xe0, 0x8, 0x8c, 0xe0, 0x8, 0x48, 0xb8, 0x3,
    0xd1, 0x99, 0x0, 0x57, 0x98, 0x0, 0xff, 0xe3,
    0x90, 0x7, 0x86, 0xe8, 0xd2, 0xef, 0x1a, 0x55,
    0xb8, 0x7, 0x28, 0x5, 0x28, 0x0, 0x1b, 0x34,
    0x54, 0x42, 0x9a, 0x51, 0x88, 0x7, 0x50, 0x6,
    0xb3, 0x0, 0x8, 0x2, 0x0, 0xc, 0x1, 0x10,
    0x7, 0x21, 0x0, 0x76, 0x1a, 0x98, 0x1, 0x84,
    0x24, 0x0, 0x4a, 0x1, 0xd2, 0x1, 0x20, 0x5,
    0x21, 0x20, 0x2, 0x35, 0x10, 0x5, 0x80, 0x74,
    0x10, 0x1, 0x2d, 0x40, 0x18, 0x80, 0x3, 0x86,
    0x80, 0x8, 0xd1, 0x4, 0xa, 0xe0, 0x14, 0x85,
    0x1b, 0x4d, 0xd0, 0x1d, 0x59, 0x0, 0x55, 0x76,
    0x50, 0xe0, 0x9, 0x88, 0x1, 0x98, 0x0, 0xff,
    0xe2, 0x51, 0x1, 0x48, 0x7, 0xff, 0x24, 0x7c,
    0x7c, 0x3, 0x97, 0xff, 0xff, 0x84, 0xe0, 0x2,
    0xe2, 0x0, 0xff, 0xe4, 0x80,

    /* U+786E "确" */
    0x0, 0xff, 0xe0, 0xe6, 0x25, 0x40, 0x3f, 0x8c,
    0xff, 0x10, 0x1, 0x8c, 0xcd, 0xe6, 0x7c, 0x1,
    0xe, 0x67, 0xeb, 0x2, 0x90, 0x9, 0x73, 0x39,
    0x0, 0x3f, 0xf8, 0x3c, 0x1, 0xff, 0xcb, 0xa3,
    0x0, 0x9, 0x9c, 0x20, 0x13, 0x80, 0x7, 0xfc,
    0x20, 0xa, 0xff, 0x2, 0x80, 0xf, 0xf3, 0x10,
    0x20, 0x8, 0x30, 0xc, 0x62, 0x0, 0x50, 0x86,
    0x0, 0x87, 0x37, 0x56, 0x1, 0x56, 0xe8, 0x40,
    0x16, 0x0, 0x50, 0x5, 0x0, 0x62, 0x2c, 0x1,
    0x88, 0xa0, 0x9, 0x40, 0x6, 0xaa, 0x7b, 0x0,
    0xff, 0xe2, 0x21, 0x0, 0x1a, 0xa9, 0x68, 0x60,
    0x7, 0xc9, 0x0, 0x16, 0x60, 0x3, 0xbc, 0x3,
    0xfe, 0xe3, 0x20, 0x0, 0x99, 0x80, 0x32, 0x20,
    0x2, 0x41, 0x0, 0xf4, 0x6d, 0x0, 0xf, 0x74,
    0x1, 0xa0, 0x2, 0x2b, 0x40, 0xf, 0x9, 0x8,
    0x4, 0x44, 0x0, 0xce, 0x1, 0xff, 0xcc, 0xc0,
    0xf, 0xfe, 0x4, 0x75, 0x0, 0xb, 0xb8, 0x1,
    0x8d, 0x4, 0x3, 0xe1, 0x0, 0x8, 0xc0, 0x1,
    0x18, 0x3, 0x25, 0x0, 0x7f, 0xd3, 0xf6, 0x0,
    0x3f, 0xf0, 0x7, 0x8, 0x7, 0xe3, 0x0, 0xff,
    0xe6, 0x8, 0x4, 0x20, 0x18, 0x44, 0x1, 0xf8,
    0xbd, 0x40, 0x6, 0x1, 0x67, 0x58, 0x0, 0xfb,
    0x80, 0x1f, 0xfc, 0x14, 0x0, 0x8c, 0x3, 0xff,
    0x91, 0x20, 0x2, 0x0, 0xf1, 0x20, 0x7, 0xe1,
    0xdd, 0x98, 0x40, 0x14, 0x1, 0xec, 0xb0, 0x8,
    0x40, 0x31, 0x91, 0x56, 0x20, 0x6, 0x0, 0xf2,
    0x0, 0x44, 0x1, 0x6d, 0xf0, 0x4, 0x7e, 0x8e,
    0x20, 0x5, 0x99, 0x46, 0x80, 0xf, 0x80, 0x23,
    0x43, 0x0, 0xc3, 0x70, 0x1, 0xb, 0x31, 0x1f,
    0xfd, 0x86, 0x0,

    /* U+78B3 "碳" */
    0x0, 0xff, 0xe1, 0xd5, 0xd8, 0xc0, 0x3c, 0x2c,
    0xdf, 0x8f, 0x75, 0x40, 0x4, 0x49, 0xc0, 0xb7,
    0x60, 0x29, 0x9f, 0xca, 0x44, 0x60, 0xf, 0x84,
    0x8a, 0x0, 0xff, 0xe7, 0x9, 0x98, 0x2, 0x23,
    0x38, 0x0, 0x7f, 0xe1, 0x0, 0x5f, 0xe0, 0x6,
    0x2c, 0xe0, 0xb, 0xf3, 0xc, 0x1, 0xff, 0xc5,
    0x40, 0x8, 0x80, 0x3f, 0xf9, 0x1a, 0x0, 0x40,
    0x8, 0xf8, 0x40, 0x15, 0xdd, 0xfc, 0x1, 0x20,
    0x3, 0x0, 0x22, 0x51, 0x0, 0x1a, 0xaf, 0xf1,
    0x3, 0x0, 0x51, 0xfe, 0xc9, 0xb0, 0xa, 0x6e,
    0xff, 0xa8, 0x2c, 0x3, 0xff, 0x96, 0xa4, 0x1,
    0xf1, 0x10, 0x2, 0x22, 0xff, 0x74, 0x80, 0x47,
    0xe8, 0x0, 0x9e, 0x0, 0xe, 0xe9, 0x51, 0x1f,
    0xba, 0xcd, 0x65, 0x0, 0xfe, 0x60, 0xe, 0x66,
    0xc1, 0x1e, 0xa1, 0xe0, 0x1f, 0xd8, 0x0, 0x1a,
    0x1, 0x0, 0x95, 0xc6, 0x8d, 0x4, 0x3, 0xf2,
    0x0, 0x4a, 0xe0, 0x17, 0x50, 0x1, 0xcc, 0xb0,
    0x3, 0xe2, 0x20, 0x6, 0xa0, 0x9, 0x8, 0x12,
    0x0, 0x4, 0x1, 0xf5, 0x80, 0xd, 0xda, 0xc0,
    0x21, 0x97, 0xa0, 0xf, 0xf1, 0x30, 0x2, 0xa2,
    0x68, 0x3, 0x44, 0x4, 0x3, 0xc7, 0xa8, 0x2,
    0x1, 0x30, 0x41, 0x80, 0x63, 0x90, 0xf, 0xc4,
    0x1, 0xce, 0x34, 0xe0, 0xa, 0x50, 0x3, 0x58,
    0x80, 0x7f, 0xf0, 0x7, 0x94, 0x0, 0xcb, 0x62,
    0x0, 0x4e, 0x70, 0xc, 0x59, 0x94, 0x4, 0xa0,
    0x4, 0xb2, 0x3, 0x82, 0x1, 0x20, 0x6, 0x13,
    0x39, 0xe5, 0xb8, 0x1, 0x14, 0x1, 0x16, 0x18,
    0x31, 0x80, 0x37, 0x60, 0xc, 0xc0, 0x71, 0x8e,
    0x1, 0xc5, 0x93, 0x20,

    /* U+793A "示" */
    0x0, 0xbf, 0xff, 0xf9, 0x0, 0x1c, 0x20, 0x1f,
    0xfe, 0x71, 0x33, 0xff, 0xe4, 0x0, 0x7b, 0x33,
    0xff, 0x90, 0x1, 0xff, 0xeb, 0x1f, 0xff, 0xfe,
    0x5e, 0x80, 0x7f, 0xf3, 0x4c, 0x3, 0xff, 0xa0,
    0x67, 0xfe, 0x0, 0xc6, 0x7f, 0xca, 0x3, 0x99,
    0xfe, 0x10, 0xb, 0x73, 0x3f, 0x58, 0x7, 0xaa,
    0x84, 0x1, 0xfe, 0x7c, 0x0, 0xff, 0x1a, 0xab,
    0x5c, 0x3, 0xe1, 0xc8, 0x39, 0x0, 0xfe, 0xe0,
    0x8, 0x40, 0x3e, 0x53, 0x0, 0x32, 0x80, 0x7c,
    0xe4, 0x0, 0x26, 0x0, 0xf9, 0x1c, 0x2, 0xa2,
    0x0, 0xe3, 0x80, 0xa, 0x40, 0x3f, 0xa0, 0x80,
    0x2e, 0x0, 0xc3, 0xa0, 0x12, 0xa0, 0x7, 0xfb,
    0xc0, 0x23, 0x90, 0xa, 0x84, 0x0, 0x36, 0x1,
    0xff, 0x14, 0x0, 0x4c, 0x80, 0xc8, 0x1, 0x58,
    0x80, 0x42, 0x20, 0xf, 0x9c, 0xc0, 0x2a, 0x6,
    0x50, 0x3, 0x29, 0x6e, 0xdc, 0x1, 0xfd, 0xc0,
    0x1, 0xd0, 0x5, 0x49, 0xc8, 0x11, 0x60, 0xe,
    0x10, 0xc, 0x50, 0x9e, 0x60, 0x13, 0x60, 0x4,
    0x40, 0x1e, 0x50, 0xf, 0x3d, 0x88, 0x7, 0xf3,
    0x80, 0x62, 0x6a, 0x0, 0xff, 0x80,

    /* U+79D2 "秒" */
    0x0, 0xfc, 0x6a, 0x1, 0xdf, 0xf4, 0x0, 0x7f,
    0x12, 0xc5, 0xf6, 0x50, 0x7, 0xe1, 0x0, 0xf1,
    0x6f, 0xed, 0x3a, 0x8, 0x0, 0x80, 0x3f, 0xf8,
    0x64, 0x1, 0xf9, 0x80, 0x40, 0x3c, 0x30, 0xa0,
    0x11, 0x0, 0x7a, 0x33, 0xd0, 0x7b, 0x60, 0x2,
    0x4e, 0x78, 0x0, 0xcf, 0x2e, 0x1, 0x39, 0x80,
    0x1c, 0x9, 0xc0, 0x3c, 0x4a, 0x1, 0x43, 0x68,
    0x7, 0xda, 0x0, 0x30, 0x9, 0x8, 0x1, 0x0,
    0x4, 0x88, 0x70, 0x5, 0x11, 0xa, 0x0, 0x2c,
    0x3, 0x58, 0x0, 0x94, 0x31, 0xdc, 0x80, 0x13,
    0xbe, 0x0, 0x94, 0x3, 0x30, 0x80, 0x24, 0x3,
    0xfe, 0xa0, 0x1, 0x90, 0x7, 0x48, 0x0, 0xcc,
    0x1, 0xfe, 0x30, 0x5, 0x80, 0x79, 0x80, 0x29,
    0x8f, 0xf1, 0x80, 0x5f, 0xe6, 0x0, 0x98, 0x3,
    0xc2, 0xc0, 0x3a, 0x0, 0x43, 0x0, 0x84, 0x18,
    0x0, 0x82, 0x1, 0xe8, 0xf8, 0xe7, 0x0, 0x40,
    0x6, 0xf6, 0xd6, 0xe, 0x0, 0xf2, 0xbc, 0x80,
    0x65, 0x30, 0xc, 0x33, 0xd5, 0xca, 0x1, 0xc7,
    0x60, 0x8, 0x20, 0x1b, 0x0, 0xf8, 0xfc, 0x40,
    0x26, 0x69, 0x44, 0x0, 0xe4, 0x16, 0x20, 0x1c,
    0x80, 0x9, 0x0, 0xd3, 0x25, 0x0, 0x8a, 0x0,
    0x2, 0x0, 0x40, 0xa, 0xe4, 0xd4, 0x3, 0xe,
    0x18, 0x0, 0x7c, 0x2, 0xc0, 0x3e, 0x0, 0xcd,
    0x80, 0x19, 0x3c, 0xc0, 0x2d, 0x20, 0x9, 0x3,
    0xc0, 0x3f, 0x86, 0xac, 0x40, 0x2b, 0x30, 0xc,
    0x70, 0x60, 0x1f, 0xc, 0x72, 0x80, 0x43, 0x88,
    0x1, 0xe7, 0x0, 0xf1, 0x4f, 0x38, 0x6, 0x3f,
    0x30, 0xf, 0xfe, 0x13, 0xb0, 0x7, 0x46, 0x8,
    0x7, 0xff, 0xd, 0x50, 0x2, 0x5e, 0x70, 0xf,
    0xfe, 0x34, 0x2, 0xe5, 0x8, 0x7, 0xff, 0x5,
    0x7f, 0xe0, 0x1, 0xf5, 0x18, 0x7, 0xff, 0x0,

    /* U+79E4 "秤" */
    0x0, 0xf8, 0x9c, 0xc0, 0x3f, 0xf8, 0xa6, 0xd1,
    0x7f, 0xb0, 0x91, 0xff, 0xff, 0xc1, 0x31, 0xfc,
    0x97, 0x40, 0xb, 0x44, 0x3, 0xff, 0x82, 0xe2,
    0x1, 0xf0, 0x98, 0x7, 0xff, 0x10, 0x40, 0x3b,
    0x3a, 0x76, 0x23, 0x18, 0x5, 0x11, 0xca, 0x15,
    0xb6, 0x1, 0x18, 0x1, 0x1d, 0xf2, 0x80, 0x4e,
    0xfc, 0x20, 0x84, 0x1, 0xf0, 0xbe, 0x90, 0x7,
    0xd9, 0x68, 0x4, 0xee, 0xd0, 0x9, 0xdc, 0xbf,
    0x5, 0x60, 0x1e, 0x23, 0x4b, 0x36, 0x88, 0x30,
    0x5, 0x11, 0x48, 0x1, 0x84, 0x3, 0xac, 0x0,
    0x46, 0x1, 0xfe, 0x60, 0x9, 0x80, 0x30, 0xb0,
    0x2, 0xc0, 0x2, 0x20, 0xc, 0x23, 0x98, 0x1,
    0x26, 0x1, 0x48, 0x4, 0xc0, 0x9d, 0xc5, 0x0,
    0xbb, 0x98, 0x16, 0x2, 0xc0, 0x1b, 0x48, 0x1c,
    0x3, 0x1a, 0x80, 0x42, 0x1, 0x15, 0xf4, 0x18,
    0x4, 0xbb, 0x72, 0x1, 0xa0, 0x3, 0x61, 0x24,
    0xcb, 0x66, 0x48, 0x1, 0x4c, 0xb6, 0x26, 0x1,
    0x10, 0x1, 0x8b, 0x7d, 0x9b, 0x88, 0x2, 0x66,
    0xf0, 0xd0, 0x7, 0xc8, 0x1, 0xff, 0xc3, 0x81,
    0x0, 0xff, 0xe5, 0x1f, 0x80, 0xc, 0x2, 0xb1,
    0xcf, 0xfe, 0x60, 0xb, 0xff, 0xb5, 0xc0, 0x64,
    0x2, 0x4f, 0x30, 0xf, 0xfe, 0x18, 0x9d, 0x88,
    0x6, 0x10, 0xf, 0xfe, 0x2f, 0xa8, 0x7, 0xff,
    0x2c, 0xc0, 0x3f, 0xff, 0xe0, 0x1f, 0xfc, 0xb0,

    /* U+79F0 "称" */
    0x0, 0xfc, 0x40, 0x2, 0x85, 0x30, 0xf, 0xfe,
    0x0, 0xa3, 0x4e, 0x7e, 0x90, 0x53, 0xd6, 0x10,
    0x7, 0xf3, 0xff, 0x5c, 0xb1, 0x80, 0x18, 0x18,
    0x0, 0x44, 0x0, 0xfe, 0x10, 0xf, 0xc6, 0x61,
    0x0, 0x17, 0xff, 0xf0, 0x98, 0x7, 0x25, 0x6b,
    0xc8, 0x7, 0xff, 0x9, 0x2f, 0x48, 0x1, 0x8a,
    0x44, 0x50, 0xf, 0xfe, 0x10, 0xa1, 0x0, 0x7a,
    0x0, 0x28, 0x99, 0xf1, 0x0, 0x42, 0xd3, 0x22,
    0x0, 0x5c, 0xc9, 0x40, 0x8, 0xec, 0xdc, 0x84,
    0x0, 0x70, 0xd6, 0x60, 0x4, 0x6c, 0xc0, 0xa,
    0x1, 0xbb, 0xa0, 0x90, 0x0, 0xc0, 0x7, 0xfa,
    0x1, 0xc, 0x4, 0x7c, 0x0, 0x90, 0x0, 0x80,
    0x7e, 0x5a, 0x90, 0xf, 0xab, 0xe5, 0xc0, 0x15,
    0xf8, 0x1, 0x47, 0xf8, 0x94, 0x80, 0x3f, 0xb,
    0x0, 0x74, 0x80, 0x52, 0x80, 0x7, 0xfb, 0x50,
    0xc, 0x71, 0xc8, 0x1, 0x85, 0x40, 0x21, 0xba,
    0xa, 0x4, 0xc0, 0xd, 0x2e, 0x1e, 0x1, 0xa0,
    0x3, 0xcb, 0x4, 0x0, 0xd0, 0xd, 0xe0, 0x4,
    0x20, 0x1, 0x30, 0x7, 0x8c, 0x3, 0x20, 0x6,
    0x53, 0x0, 0x50, 0x2, 0x0, 0x39, 0xda, 0x14,
    0x0, 0xc0, 0x1e, 0xa0, 0x3, 0x0, 0x1c, 0x0,
    0x20, 0xf, 0x90, 0x20, 0x6, 0x80, 0x79, 0x80,
    0x2, 0xc0, 0xa0, 0xe6, 0x1, 0xa0, 0x0, 0x48,
    0x1, 0xf3, 0x0, 0x28, 0x2c, 0x64, 0x3, 0x21,
    0x80, 0x2c, 0x3, 0xf5, 0x0, 0xc, 0xea, 0x10,
    0xd, 0x0, 0x1, 0x60, 0xf, 0xc6, 0x40, 0xa,
    0x4, 0x0, 0xee, 0x60, 0x94, 0x77, 0x50, 0x4,
    0x20, 0xb, 0x19, 0x90, 0x7, 0xc5, 0x3c, 0xf9,
    0x10, 0x20, 0xf, 0x37, 0x30, 0x7, 0xf8, 0x43,
    0x40, 0x38, 0xc0, 0x3f, 0xf8, 0xce, 0x1, 0x8f,
    0x80, 0x3f, 0xdb, 0xfe, 0x70, 0xc, 0x5f, 0xfb,
    0x8, 0x3, 0xe0,

    /* U+7A33 "稳" */
    0x0, 0xff, 0xeb, 0x10, 0x5, 0x59, 0x6, 0x1,
    0xff, 0xc1, 0x14, 0x7b, 0xec, 0x0, 0x22, 0x9b,
    0xa8, 0x8f, 0x80, 0x31, 0x67, 0xf5, 0xc2, 0x8,
    0x80, 0x68, 0x2, 0x9e, 0xef, 0x18, 0x6, 0x30,
    0xf, 0x8e, 0x84, 0x3, 0xff, 0x84, 0x40, 0x1c,
    0x73, 0x94, 0x80, 0x2, 0x2e, 0x0, 0xc2, 0x1,
    0xa6, 0xcc, 0x0, 0xad, 0x6c, 0x0, 0x4d, 0xdd,
    0x0, 0x15, 0x10, 0x6, 0x64, 0x70, 0x8, 0x58,
    0x2, 0x28, 0x8a, 0x68, 0x0, 0x7b, 0x8, 0x0,
    0x4a, 0xa2, 0x80, 0x12, 0xc8, 0xc0, 0xc, 0xef,
    0x30, 0x4, 0x6e, 0xec, 0x0, 0x1a, 0xa8, 0x40,
    0x4, 0xa7, 0x20, 0x1f, 0xfc, 0xd5, 0xdd, 0xff,
    0x8, 0x7, 0x23, 0xb8, 0x2, 0x37, 0x70, 0x7e,
    0x67, 0xf0, 0x80, 0x71, 0xc6, 0x0, 0x4b, 0x10,
    0x2, 0x11, 0xfe, 0x0, 0xfd, 0xc0, 0x13, 0x98,
    0x2, 0x67, 0xfc, 0x20, 0x1e, 0x15, 0x0, 0x87,
    0x18, 0x19, 0xbf, 0xc6, 0x1, 0xe9, 0x0, 0xf4,
    0xf7, 0xff, 0xf8, 0x80, 0x38, 0x5c, 0x3, 0xe5,
    0x0, 0xff, 0xe2, 0x58, 0x7, 0x29, 0xb9, 0x88,
    0xf0, 0x4, 0x23, 0xde, 0x0, 0x60, 0x1, 0x0,
    0xf, 0x2b, 0x7b, 0xf7, 0x62, 0x0, 0x6f, 0x73,
    0x19, 0xc0, 0x8, 0xc, 0xc0, 0xd, 0x54, 0xfa,
    0xcc, 0x6d, 0x80, 0x3c, 0x27, 0x5c, 0xc0, 0x16,
    0x10, 0x1, 0xcc, 0x0, 0x30, 0x9, 0x84, 0xb,
    0x9c, 0x1, 0x0, 0x3, 0x91, 0x0, 0xc8, 0x20,
    0x5a, 0x1, 0xae, 0xa0, 0x44, 0x0, 0x42, 0x0,
    0x30, 0x7, 0x40, 0x2, 0x84, 0x0, 0x20, 0xaa,
    0x10, 0x2, 0x0, 0x2c, 0x3, 0xe3, 0x10, 0x3,
    0x0, 0x6e, 0xdd, 0x40, 0x3, 0xc0, 0xa, 0x1,
    0xf1, 0xed, 0x40, 0xa8, 0x4, 0x24, 0x40, 0x9,
    0x22, 0xf0, 0x3, 0xf9, 0x5c, 0x6, 0x8c, 0x3,
    0x8a, 0xc1, 0xd0, 0x3, 0xab, 0x75, 0x0, 0x1c,
    0xb9, 0xff, 0xda, 0x80, 0x1c,

    /* U+7A7A "空" */
    0x0, 0xff, 0xeb, 0xad, 0x67, 0xb8, 0x7, 0xff,
    0x23, 0x14, 0xc2, 0xc0, 0x3f, 0xe8, 0x8f, 0xe2,
    0x0, 0x8e, 0x23, 0xf8, 0x0, 0xef, 0xfc, 0x80,
    0x19, 0xdf, 0xf8, 0x3, 0xff, 0xd6, 0x9f, 0xfb,
    0x7f, 0xfa, 0xff, 0xf2, 0x0, 0x7f, 0xc5, 0xb8,
    0x1, 0x8a, 0xf5, 0x40, 0x3f, 0x5d, 0x52, 0x1,
    0xf4, 0x86, 0x0, 0x28, 0x2, 0xad, 0x48, 0xaa,
    0x80, 0x8, 0xaa, 0x7d, 0x80, 0x9, 0xc4, 0x5,
    0x40, 0x22, 0xb8, 0x65, 0x50, 0x4, 0x79, 0x64,
    0x1, 0x1e, 0x8, 0xf, 0x30, 0x6, 0x4c, 0xa2,
    0x3, 0xcc, 0x18, 0x6, 0x8c, 0x30, 0x8, 0x67,
    0x54, 0x3, 0x2e, 0xb0, 0x18, 0x6, 0x5e, 0x70,
    0xf, 0x8a, 0xb0, 0xc0, 0x31, 0x1a, 0x0, 0x48,
    0x53, 0x11, 0xfe, 0xb4, 0x20, 0x2, 0x20, 0x3c,
    0xe4, 0x11, 0xdf, 0xff, 0x84, 0x56, 0xf0, 0x0,
    0x4c, 0x70, 0xf, 0xfe, 0x34, 0x18, 0x7, 0xff,
    0x29, 0xc0, 0x3c, 0x3f, 0xfe, 0x80, 0xa, 0x3f,
    0xfc, 0x60, 0x1f, 0xfe, 0xa7, 0x7f, 0xec, 0x0,
    0xb1, 0xdf, 0xf8, 0x6, 0x23, 0xf9, 0x0, 0x24,
    0x88, 0xfe, 0x10, 0xf, 0xff, 0x30, 0xff, 0xff,
    0xf2, 0xc4,

    /* U+7ACB "立" */
    0x0, 0xff, 0xe0, 0x88, 0x7, 0xff, 0x25, 0xef,
    0xb8, 0xa0, 0x1f, 0xfc, 0x8e, 0x41, 0xf, 0x0,
    0xff, 0xe4, 0x68, 0x4, 0x80, 0x1f, 0xfc, 0x84,
    0x10, 0x0, 0x98, 0x7, 0xf9, 0x7f, 0xff, 0x84,
    0x2, 0xcf, 0xff, 0xc0, 0x1f, 0xfc, 0xd1, 0x0,
    0xff, 0xe7, 0x32, 0xaf, 0xff, 0x28, 0x40, 0xea,
    0xb4, 0x75, 0x57, 0xf7, 0x9c, 0x55, 0x60, 0xe,
    0x5b, 0xda, 0x0, 0xfe, 0xe6, 0xdc, 0x40, 0xf,
    0xb1, 0x0, 0x50, 0x3, 0xe1, 0x40, 0x1, 0x88,
    0x7, 0xd4, 0x1, 0x78, 0x7, 0xce, 0x1, 0xa,
    0x80, 0x7c, 0x66, 0x0, 0x20, 0x80, 0x7a, 0x80,
    0x26, 0x0, 0xfe, 0xa0, 0x9, 0x80, 0x38, 0x4c,
    0x2, 0xa0, 0xf, 0xe7, 0x0, 0xa8, 0x3, 0x98,
    0x2, 0x32, 0x0, 0xfe, 0x15, 0x0, 0x12, 0x0,
    0x6a, 0x0, 0xa8, 0x3, 0xfe, 0xf0, 0xb, 0x80,
    0x23, 0x20, 0x9, 0x80, 0x3f, 0xe5, 0x0, 0x94,
    0x40, 0x14, 0x1, 0x30, 0x7, 0xff, 0x5, 0x40,
    0x5c, 0x2, 0x70, 0xa, 0x80, 0x3f, 0xf8, 0x33,
    0x5d, 0x2, 0xa, 0x20, 0x2, 0x30, 0xf, 0xc,
    0xcf, 0xab, 0x26, 0x74, 0x0, 0x43, 0x33, 0xe6,
    0x26, 0x6f, 0xfe, 0x1, 0x0, 0x46, 0xcd, 0xed,
    0x0, 0xff, 0xf3, 0x1f, 0xff, 0xff, 0x2e, 0xc0,

    /* U+7B49 "等" */
    0x0, 0xcd, 0xb7, 0x4, 0x1, 0xe8, 0xca, 0x80,
    0xf, 0xfa, 0x9, 0x18, 0xc0, 0x3c, 0xe6, 0xa6,
    0x1, 0xfe, 0x91, 0x0, 0xf, 0x7f, 0xe8, 0x70,
    0x9, 0x3f, 0xfc, 0x40, 0x5, 0x60, 0xf, 0xe2,
    0x80, 0xf, 0xfe, 0x1, 0xd0, 0x4, 0x20, 0x11,
    0xa2, 0x14, 0x2, 0x40, 0xc, 0x89, 0x18, 0x78,
    0x5, 0x78, 0x1, 0x2d, 0xc9, 0x0, 0x1a, 0xe0,
    0x2, 0xeb, 0xb0, 0x86, 0x98, 0x4a, 0x14, 0x0,
    0x39, 0x55, 0x48, 0xd2, 0xe, 0x60, 0x8e, 0x1,
    0x87, 0x25, 0x80, 0xc, 0xfc, 0xff, 0x10, 0x48,
    0x0, 0xa2, 0xac, 0x80, 0x3d, 0x5f, 0xf7, 0x3f,
    0x7a, 0x80, 0x5d, 0xff, 0x5d, 0x7f, 0x8c, 0x3,
    0xff, 0xa6, 0x8a, 0xbf, 0x8, 0x4, 0xab, 0xf8,
    0x40, 0x3a, 0x2a, 0xbe, 0x40, 0xa, 0xea, 0xbe,
    0x20, 0xa, 0xbf, 0xff, 0x94, 0x2, 0xef, 0xff,
    0xe3, 0x0, 0xff, 0xe7, 0x98, 0x8f, 0xff, 0xc,
    0x2, 0x11, 0xf0, 0x4f, 0x77, 0xff, 0xa, 0xc0,
    0x2b, 0xee, 0xc4, 0x0, 0x9c, 0xcf, 0xfe, 0xc,
    0x0, 0x51, 0x99, 0x30, 0x4, 0xa6, 0x7f, 0xfc,
    0x12, 0x0, 0x88, 0xce, 0xe0, 0xf, 0xfe, 0x8f,
    0x66, 0x24, 0x0, 0xb9, 0x9f, 0x40, 0x5, 0x19,
    0x94, 0x80, 0x44, 0x66, 0x80, 0x2, 0xc9, 0x9f,
    0x88, 0x2, 0x23, 0x38, 0x40, 0x3d, 0x0, 0x12,
    0xd0, 0x8, 0xec, 0x0, 0x84, 0x3, 0xfc, 0xd8,
    0x20, 0x36, 0x7d, 0xd9, 0x80, 0x26, 0x0, 0xff,
    0x8f, 0xd3, 0x44, 0xc0, 0x3e, 0x22, 0x0, 0x7f,
    0xf0, 0x6, 0xcc, 0x0, 0x40, 0x18, 0x57, 0x0,
    0x3c,

    /* U+7D2B "紫" */
    0x0, 0xf8, 0x8a, 0x0, 0x84, 0xce, 0x0, 0xff,
    0xe1, 0x16, 0xec, 0x60, 0x7, 0xcc, 0x80, 0x32,
    0x28, 0x6, 0xef, 0xf0, 0x80, 0x65, 0x32, 0x0,
    0xf2, 0xe5, 0xd8, 0x3, 0xe3, 0x0, 0xd3, 0x9e,
    0x1, 0xa7, 0xa8, 0xc0, 0x5c, 0x3, 0xff, 0x8c,
    0xc2, 0x0, 0x17, 0x60, 0xf, 0xf9, 0x5a, 0x80,
    0x3c, 0x94, 0x84, 0xe2, 0x1, 0xfe, 0x99, 0x38,
    0x6, 0x8e, 0xb5, 0x65, 0x94, 0x0, 0xe1, 0x70,
    0xb, 0xb9, 0x60, 0x19, 0x84, 0x0, 0x40, 0x1,
    0x49, 0x10, 0x6, 0x50, 0x4, 0x42, 0xe6, 0x1,
    0x7e, 0xeb, 0x84, 0x0, 0xe6, 0xc0, 0x1f, 0xc2,
    0xae, 0x1, 0x9, 0x10, 0x40, 0x2, 0x64, 0x1,
    0x9, 0xb4, 0x30, 0x0, 0x44, 0x50, 0x1, 0xf0,
    0xd0, 0x25, 0x6f, 0xf6, 0x6e, 0x30, 0x0, 0xb4,
    0x1f, 0x4c, 0xf, 0x7b, 0xf9, 0x0, 0x54, 0x85,
    0xf6, 0xd0, 0xe, 0xb5, 0xe, 0x74, 0xc0, 0xfc,
    0x40, 0x3c, 0x3d, 0x4, 0x1, 0x15, 0x7f, 0x63,
    0x0, 0x49, 0xc0, 0x1f, 0x8, 0x80, 0x38, 0x40,
    0x3c, 0xd0, 0x2, 0x1, 0xfa, 0xe6, 0xa0, 0xc0,
    0x38, 0xa7, 0x82, 0x13, 0x54, 0x3, 0xe6, 0xe8,
    0x81, 0x80, 0x5, 0xf3, 0x8, 0x42, 0x1, 0x54,
    0x0, 0x77, 0x63, 0x90, 0x7, 0x3e, 0x76, 0xe3,
    0x80, 0x67, 0xc1, 0x0, 0x8c, 0x3, 0xe1, 0x0,
    0xff, 0x8e, 0x0, 0x27, 0x12, 0x20, 0x82, 0x2a,
    0x80, 0x24, 0x97, 0x75, 0xe3, 0x1, 0xc8, 0x5,
    0x5d, 0x88, 0x21, 0x15, 0x60, 0x11, 0xb0, 0xbc,
    0x34, 0xcb, 0x40, 0x30, 0xc7, 0x30, 0x3, 0x80,
    0x3c, 0x2c, 0x7, 0x5a, 0x2, 0x0, 0x29, 0xe7,
    0x0, 0x8a, 0x5, 0x0, 0x2f, 0x34, 0x0, 0x8a,
    0x7a, 0x6, 0xd8, 0x2, 0x19, 0xfa, 0xea, 0x0,
    0x84, 0xaf, 0x54, 0x2, 0x17, 0x75, 0x80, 0xa,
    0x79, 0x88, 0x40, 0x39, 0x40, 0x5, 0x5c, 0xc0,
    0x2, 0x62, 0x7a, 0xd6, 0x0, 0x94, 0x2, 0x29,
    0x30, 0xc, 0x33, 0xcf, 0x0,

    /* U+7EBF "线" */
    0x0, 0xe2, 0x0, 0xff, 0xe0, 0x8, 0x7, 0xf9,
    0xb6, 0x8c, 0x3, 0x6f, 0x72, 0x40, 0xfe, 0x40,
    0x3f, 0xac, 0x17, 0x80, 0x31, 0x8, 0x8c, 0xb0,
    0x5a, 0x80, 0x3e, 0x62, 0x0, 0x40, 0x6, 0x10,
    0x0, 0x93, 0x80, 0x16, 0x40, 0x38, 0x60, 0x0,
    0x6a, 0x1, 0x8c, 0x0, 0xe1, 0xc, 0x3, 0x60,
    0x1d, 0x2, 0x0, 0xf4, 0xa2, 0x0, 0x8, 0x0,
    0x51, 0x84, 0xf, 0xfc, 0xe0, 0x3, 0x60, 0x2,
    0x9c, 0xae, 0xd5, 0x98, 0x0, 0xae, 0x5c, 0x8,
    0x81, 0xc0, 0x3c, 0x0, 0x2b, 0x72, 0x0, 0x2a,
    0x0, 0x7f, 0xc4, 0xc, 0x40, 0x2, 0xe8, 0x0,
    0x1a, 0x0, 0x70, 0x9a, 0xbc, 0xd6, 0x50, 0x18,
    0x7, 0xef, 0xe9, 0x50, 0xb, 0xf2, 0xa1, 0x94,
    0xc4, 0x14, 0x3, 0xe6, 0x35, 0x6f, 0x0, 0x9d,
    0x5e, 0x6f, 0x7f, 0xc2, 0x28, 0x9a, 0x0, 0x86,
    0xa, 0x2a, 0x40, 0x29, 0xa8, 0x64, 0x20, 0x1,
    0x83, 0xb7, 0x80, 0x50, 0x22, 0x75, 0x30, 0xf,
    0xf8, 0x40, 0xc, 0xa0, 0x4, 0x60, 0x10, 0xf,
    0xc4, 0x88, 0x9, 0xc3, 0x4, 0x90, 0x8, 0xe7,
    0x10, 0x91, 0x88, 0x0, 0x7f, 0xb2, 0xa1, 0x46,
    0x0, 0xa0, 0xc, 0xec, 0x61, 0xb7, 0x28, 0x0,
    0x20, 0x2c, 0x10, 0x34, 0x0, 0x28, 0x7, 0xfd,
    0xe0, 0x1, 0x6c, 0x10, 0x4, 0xa0, 0x0, 0xc0,
    0x30, 0xa3, 0x28, 0x4, 0x80, 0x14, 0x88, 0x1,
    0x58, 0x2, 0xb8, 0xad, 0xfe, 0xb9, 0x30, 0x8,
    0x84, 0x3, 0xa9, 0xb5, 0x80, 0x6, 0xea, 0x44,
    0x59, 0xd2, 0x0, 0x15, 0x8, 0x4, 0x38, 0xa4,
    0x49, 0x50, 0x36, 0xae, 0xda, 0x62, 0x63, 0xad,
    0x50, 0xd, 0x26, 0x42, 0x0, 0x4a, 0xc9, 0x51,
    0x0, 0xdf, 0x8a, 0x1, 0xe9, 0x24, 0x0, 0x10,
    0x90, 0x7, 0x85, 0x7c, 0x40, 0x23, 0x70, 0x0,
    0xec, 0x80, 0x10, 0x34, 0x0, 0x4d, 0x5b, 0xd4,
    0x8c, 0x7, 0x79, 0x8, 0x1, 0xea, 0x4, 0xbf,
    0xd9, 0x52, 0x0, 0xa7, 0x30, 0x80, 0xa, 0x20,
    0xc, 0xa6, 0x2, 0x80, 0x1f, 0x84, 0xc0, 0x30,
    0xe3, 0x8, 0x9a, 0x80, 0x0,

    /* U+7ED3 "结" */
    0x0, 0xff, 0xe8, 0xde, 0xb8, 0x80, 0x78, 0xff,
    0xe6, 0x0, 0xfe, 0x24, 0x28, 0x70, 0xf, 0xfe,
    0x44, 0x0, 0x5, 0x80, 0x3f, 0xf8, 0xe4, 0xa0,
    0x9, 0x0, 0x6f, 0xfe, 0xc0, 0xa, 0x7f, 0xf9,
    0x80, 0x10, 0x0, 0x17, 0x0, 0x18, 0x7, 0xff,
    0x10, 0xd4, 0x1, 0x0, 0xc0, 0x1f, 0xfc, 0x6f,
    0x0, 0x13, 0x3c, 0xf2, 0xcc, 0xe7, 0x0, 0x96,
    0x67, 0x91, 0xcc, 0x0, 0xee, 0x80, 0x10, 0x66,
    0xd6, 0x1, 0x63, 0x37, 0x17, 0x0, 0x4b, 0x0,
    0x14, 0x80, 0x7f, 0xf0, 0xf0, 0x3, 0xe6, 0x67,
    0xfe, 0xc0, 0xa, 0x7f, 0xf6, 0x83, 0x80, 0x4,
    0x3, 0x40, 0x7, 0xff, 0x10, 0xbb, 0xd8, 0x2,
    0x81, 0x0, 0xff, 0xe2, 0x89, 0xb8, 0x0, 0xdc,
    0x16, 0xab, 0xff, 0x83, 0x20, 0x1, 0xd0, 0xb,
    0x89, 0x5, 0x57, 0xff, 0x82, 0x80, 0xd, 0x10,
    0xb, 0x75, 0x21, 0xdf, 0xff, 0xfc, 0x4, 0x0,
    0x18, 0x7, 0x8c, 0x3, 0xff, 0x8a, 0x80, 0x1f,
    0xfc, 0xcc, 0x2, 0x47, 0xac, 0xe0, 0xc, 0x97,
    0x7d, 0x20, 0x1e, 0x7f, 0xdb, 0x85, 0x30, 0xe,
    0x24, 0x4e, 0x50, 0xf, 0xe1, 0x47, 0xac, 0x0,
    0xff, 0xe2, 0x24, 0x5f, 0x72, 0xe1, 0x4c, 0x3,
    0x12, 0xaf, 0x20, 0x7, 0x73, 0xa0, 0x80, 0x70,
    0x80, 0x49, 0x55, 0xd0, 0x1, 0xc4, 0x1, 0xf1,
    0x0, 0x7f, 0xf1, 0x38, 0xd, 0xa2, 0xf7, 0xf4,
    0x40, 0x30, 0x8f, 0x0, 0x79, 0xbf, 0x25, 0xd0,
    0x80, 0x3c, 0xdd, 0xdd, 0x80, 0x1c,

    /* U+7EEA "绪" */
    0x0, 0xd7, 0x6, 0x1, 0xec, 0xff, 0x58, 0x7,
    0xfc, 0x88, 0x7c, 0x10, 0xf, 0xfe, 0xa, 0x88,
    0x7, 0x78, 0x1, 0x84, 0x1, 0x5b, 0xa3, 0x0,
    0x26, 0xea, 0x4a, 0xba, 0x44, 0x0, 0x68, 0x0,
    0xb0, 0x9, 0x88, 0x80, 0x18, 0x8a, 0xe0, 0x3,
    0x0, 0x50, 0x0, 0x52, 0x61, 0x0, 0xff, 0x21,
    0x80, 0x18, 0x40, 0xd0, 0x1, 0x7, 0x3d, 0x1f,
    0x98, 0x20, 0x1, 0xe5, 0x0, 0x68, 0x0, 0x78,
    0x1, 0x8a, 0x0, 0xa, 0x67, 0x8, 0x1, 0xcf,
    0x80, 0x27, 0x10, 0x83, 0x0, 0x7b, 0xa0, 0x1,
    0xd5, 0x61, 0x0, 0x34, 0x20, 0x5, 0xaa, 0x64,
    0x1, 0x4c, 0x0, 0x9, 0x6a, 0xa2, 0x0, 0x13,
    0x80, 0x6a, 0xa4, 0xe8, 0x7, 0xd2, 0x20, 0x1f,
    0xfc, 0x34, 0x0, 0xf2, 0xa2, 0x99, 0xc4, 0x1,
    0xc6, 0x7c, 0x47, 0xbc, 0xa0, 0x15, 0x85, 0xe6,
    0x20, 0x3, 0xd, 0xe6, 0x74, 0x1, 0x22, 0x80,
    0x24, 0x40, 0x5, 0x56, 0x40, 0x10, 0xdf, 0xfd,
    0xa0, 0x11, 0x50, 0x0, 0xca, 0x12, 0x75, 0x40,
    0x3f, 0xc6, 0x1, 0x60, 0x4, 0x76, 0xf4, 0xc0,
    0x1f, 0xfc, 0x41, 0x0, 0xf3, 0x80, 0x61, 0xff,
    0xe8, 0x0, 0xf1, 0x80, 0x7b, 0x0, 0x38, 0x47,
    0x80, 0x3e, 0x40, 0x1, 0x34, 0xe2, 0xd4, 0x0,
    0x7, 0xbb, 0xa0, 0x3, 0xd5, 0x9f, 0xb2, 0xc4,
    0x45, 0x10, 0xf, 0xfe, 0x19, 0x11, 0x1e, 0xbb,
    0x92, 0x1, 0xcc, 0xdc, 0x60, 0x1c, 0xfd, 0xcb,
    0x85, 0x10, 0x60, 0xc, 0x33, 0x3d, 0x60, 0x1d,
    0xe2, 0x1, 0xe3, 0x0, 0xc3, 0xff, 0xd0, 0x1,
    0xda, 0x1, 0x12, 0xc6, 0x70, 0x7, 0xff, 0x11,
    0xe2, 0xfb, 0x69, 0xcc, 0x3, 0xc4, 0x5c, 0x20,
    0x1c, 0x4e, 0x82, 0x1, 0xfc, 0x3b, 0xbd, 0x0,
    0x1c,

    /* U+7EED "续" */
    0x0, 0xc4, 0x20, 0x1f, 0xc4, 0x50, 0x80, 0x7f,
    0xbb, 0x94, 0x40, 0x1f, 0x6e, 0xd4, 0x1, 0xfc,
    0x66, 0x5, 0x10, 0xf, 0xfe, 0x44, 0x80, 0x10,
    0xc0, 0xff, 0xf8, 0x2, 0x4f, 0xfd, 0x60, 0x11,
    0x28, 0x3, 0xc0, 0x3f, 0xf9, 0x16, 0x0, 0x34,
    0x0, 0x88, 0xb8, 0x3, 0x11, 0x70, 0x0, 0x98,
    0x1, 0x23, 0xb0, 0x3b, 0xbc, 0x1, 0x26, 0xee,
    0x90, 0x4, 0x0, 0xd, 0x60, 0x9f, 0x7b, 0xb8,
    0x2, 0x4e, 0xee, 0x74, 0x50, 0x3, 0xcb, 0x0,
    0x18, 0x47, 0x80, 0x30, 0x8f, 0x79, 0x80, 0x48,
    0xc0, 0x5, 0xf0, 0xf, 0xfe, 0x1a, 0x0, 0x7d,
    0xd, 0x20, 0xfb, 0xbf, 0x8c, 0x1, 0xc6, 0x0,
    0x10, 0x9, 0x88, 0x34, 0x1f, 0x68, 0x37, 0x6a,
    0x23, 0x0, 0x20, 0x77, 0xb0, 0x5, 0x0, 0x8,
    0x50, 0x3, 0xa0, 0x5, 0xea, 0x0, 0x22, 0x0,
    0x9b, 0x80, 0x24, 0x41, 0x63, 0xb8, 0xe4, 0xe0,
    0x19, 0x29, 0xe8, 0x0, 0x3c, 0x0, 0x37, 0x42,
    0x84, 0xbc, 0xed, 0x30, 0x8, 0x44, 0xb0, 0xe0,
    0xa, 0x20, 0x1, 0xf5, 0xa4, 0xa0, 0x14, 0xb8,
    0x80, 0x46, 0x1, 0xe4, 0x0, 0xf9, 0x2f, 0x54,
    0x19, 0xc0, 0x21, 0x0, 0xf1, 0x0, 0x78, 0x7f,
    0xda, 0xa1, 0xd6, 0x1, 0x5f, 0xfe, 0x90, 0x70,
    0x36, 0x9c, 0xf6, 0x0, 0xff, 0xe2, 0xdf, 0xe4,
    0xb1, 0x98, 0x80, 0x3f, 0xf8, 0x62, 0x2, 0x6d,
    0x5b, 0xf8, 0x9f, 0xfb, 0x48, 0x2, 0x18, 0xef,
    0xfa, 0x13, 0xf2, 0x54, 0x80, 0x38, 0x5f, 0x48,
    0x2, 0x18, 0xe8, 0x10, 0x3, 0x80, 0x7d, 0xcd,
    0x7d, 0x0, 0x11, 0x88, 0x4, 0xfd, 0x22, 0x20,
    0x8, 0x56, 0x2c, 0xe5, 0x0, 0x33, 0xe7, 0x40,
    0x80, 0x4d, 0x25, 0x17, 0xdc, 0xa7, 0x49, 0x0,
    0xcb, 0xb0, 0x0, 0x7f, 0x70, 0x0, 0xc0, 0x3a,
    0x8, 0x6, 0x34, 0x44, 0xf5, 0x10, 0x6, 0x18,
    0xe5, 0x80, 0xf, 0xf5, 0xd9, 0x84, 0x3, 0xf0,
    0xd3, 0x0,

    /* U+7F6E "置" */
    0x0, 0x22, 0x7f, 0xf2, 0x48, 0x0, 0x77, 0x7f,
    0xfc, 0x98, 0x0, 0xff, 0xe9, 0xcf, 0xf8, 0x2,
    0x9f, 0xf0, 0x5, 0x1f, 0xe0, 0xf, 0xf4, 0x6e,
    0x80, 0x28, 0xdd, 0x0, 0x53, 0xba, 0x0, 0xff,
    0x9, 0x10, 0x2, 0x12, 0x20, 0x4, 0x24, 0x40,
    0xf, 0x1d, 0xdf, 0xea, 0x0, 0x92, 0xef, 0xf4,
    0x0, 0xc, 0x3, 0xff, 0x92, 0xc2, 0x1d, 0x77,
    0xfa, 0x80, 0x24, 0xbb, 0xfe, 0x50, 0x10, 0xf,
    0xfe, 0x53, 0x86, 0x7f, 0x6e, 0xfa, 0xc0, 0x25,
    0xdd, 0xfb, 0xfc, 0x60, 0x15, 0xee, 0xfa, 0xc0,
    0x25, 0xdd, 0xf8, 0xc0, 0x3f, 0xfa, 0xdf, 0xff,
    0xf3, 0x80, 0x7f, 0xf0, 0x7f, 0xff, 0xe7, 0x0,
    0xff, 0xe0, 0xaa, 0xff, 0xc4, 0x1, 0xff, 0xc1,
    0xcc, 0xff, 0x98, 0x3, 0xff, 0x83, 0x33, 0xff,
    0x20, 0x7, 0xff, 0x6, 0xef, 0xfe, 0x50, 0xf,
    0xfe, 0xc, 0x47, 0xfc, 0x80, 0x1f, 0xfc, 0x13,
    0x3f, 0xf8, 0x40, 0x3f, 0xf8, 0x3f, 0xff, 0xf3,
    0x80, 0x79, 0xbf, 0xca, 0x1, 0x7f, 0xff, 0xce,
    0x1, 0x67, 0xf0, 0x7, 0xff, 0x35, 0x26, 0x7f,
    0xf9, 0x76,

    /* U+8089 "肉" */
    0x0, 0xfe, 0x37, 0x78, 0x40, 0x3f, 0xf8, 0xc9,
    0x11, 0x0, 0x7f, 0xf5, 0x5e, 0xef, 0xf5, 0x0,
    0x55, 0x77, 0xf8, 0x31, 0x13, 0xf1, 0x0, 0x48,
    0x9f, 0xc2, 0x1, 0xff, 0xe6, 0xef, 0xfb, 0x80,
    0x21, 0xbf, 0xfc, 0x80, 0x1f, 0xf0, 0xe8, 0x4,
    0x37, 0x42, 0x1, 0xff, 0xc1, 0x4c, 0x30, 0xe,
    0x5e, 0x70, 0xf, 0xf2, 0xdd, 0x88, 0x0, 0x56,
    0x40, 0x14, 0x63, 0x0, 0x7e, 0xa4, 0x0, 0x85,
    0x31, 0x54, 0x1, 0x18, 0x80, 0x7e, 0xb0, 0xa,
    0x64, 0xce, 0xe8, 0xc2, 0x8, 0x70, 0xf, 0xc8,
    0x86, 0xe6, 0xe0, 0x8, 0x8f, 0x61, 0xc0, 0x3f,
    0xd7, 0x22, 0xe, 0x1, 0x28, 0x1, 0xc0, 0x3f,
    0xf8, 0x56, 0x20, 0x15, 0x58, 0x80, 0x7f, 0xf0,
    0x4b, 0x10, 0x3, 0x93, 0x98, 0x3, 0xfc, 0x55,
    0xa6, 0x0, 0x19, 0x10, 0xa, 0x6c, 0x3, 0xfb,
    0x14, 0x2, 0x2c, 0x6f, 0x40, 0x8, 0xc0, 0x3f,
    0x9c, 0x2, 0x6d, 0x20, 0x1b, 0x90, 0x28, 0x0,
    0xfe, 0x92, 0x4c, 0x90, 0xe, 0x6c, 0xe0, 0x70,
    0xf, 0xed, 0xb3, 0x0, 0xe1, 0x74, 0x44, 0x98,
    0x4, 0x20, 0x1f, 0xfc, 0x28, 0x89, 0x80, 0x3f,
    0xf8, 0xc2, 0x20, 0xf, 0x28, 0x7, 0xff, 0xd,
    0x40, 0x30, 0xb5, 0x85, 0xff, 0xc2, 0x1, 0xfd,
    0x7f, 0xfb, 0xa4, 0x40,

    /* U+80AA "肪" */
    0x0, 0xff, 0xe1, 0xa4, 0x56, 0x20, 0x7, 0x93,
    0xff, 0xf1, 0x80, 0x6c, 0x75, 0x3c, 0x0, 0xff,
    0xe4, 0x60, 0x4, 0x80, 0x1f, 0xfc, 0x37, 0x88,
    0xda, 0x1, 0x1c, 0x46, 0x70, 0xe, 0x66, 0x0,
    0x42, 0xef, 0x98, 0x3, 0x3b, 0xe9, 0x0, 0xc3,
    0x32, 0x10, 0xf, 0xfe, 0x78, 0x99, 0x80, 0x21,
    0x33, 0xf9, 0x0, 0x30, 0xff, 0x84, 0x0, 0xf9,
    0x80, 0x9, 0xf3, 0x3e, 0xa0, 0xf, 0xfe, 0x20,
    0x80, 0x7f, 0xf3, 0xd, 0x57, 0xc8, 0x1, 0xe8,
    0x80, 0x7, 0x8, 0x4, 0x95, 0x5e, 0x90, 0xe,
    0x17, 0x70, 0x80, 0x7f, 0xf0, 0xc4, 0x3, 0xff,
    0x82, 0x60, 0x1f, 0xe7, 0x0, 0xe1, 0x77, 0x8,
    0x6, 0x10, 0x9, 0x5d, 0xe0, 0xf, 0x8, 0x5,
    0x10, 0x0, 0xe6, 0x0, 0xba, 0x22, 0x10, 0x0,
    0x80, 0x7f, 0xf0, 0x48, 0x2, 0x60, 0x8, 0x40,
    0x6, 0x0, 0x30, 0xf, 0xf7, 0x0, 0x44, 0x1,
    0xfc, 0x20, 0x2, 0xff, 0x8, 0x6, 0x50, 0x1,
    0x0, 0x7c, 0x20, 0xf, 0x0, 0x8, 0x7, 0x84,
    0xc0, 0xe, 0x1, 0xf7, 0x80, 0x8, 0x0, 0xc0,
    0x1e, 0x60, 0xb, 0x0, 0x21, 0x0, 0x84, 0x0,
    0xc0, 0x2, 0x0, 0xe7, 0x90, 0x9, 0xc0, 0x24,
    0x0, 0xe1, 0x30, 0x0, 0xa3, 0x8, 0x3, 0xc4,
    0x0, 0xc7, 0x99, 0x50, 0x4, 0x60, 0xe0, 0x11,
    0xdc, 0x80, 0x48, 0x1, 0x41, 0x9e, 0x0, 0xcc,
    0x6, 0x0, 0x1e, 0x0, 0xfd, 0x2, 0x30, 0x7,
    0x9, 0x82, 0xe9, 0xba, 0x80, 0x45, 0x58, 0x46,
    0xe0, 0x5, 0x0, 0x85, 0x30, 0x2, 0x2c, 0x81,
    0xff, 0xb5, 0x4f, 0x74, 0x1, 0x5f, 0xfd, 0xd6,
    0x40, 0x0,

    /* U+80F8 "胸" */
    0x0, 0xff, 0xe0, 0x3d, 0x18, 0x7, 0xff, 0x2,
    0x33, 0x3d, 0x0, 0x9, 0x5c, 0x60, 0xf, 0xf8,
    0xcf, 0xe2, 0x6, 0x10, 0x0, 0xb3, 0x7e, 0x50,
    0xf, 0xfa, 0x0, 0x28, 0x99, 0xfd, 0x40, 0x1c,
    0xf2, 0x1, 0x48, 0x80, 0x7f, 0xf1, 0xb1, 0xc0,
    0x8, 0xc0, 0x2, 0x2f, 0xe0, 0x0, 0x80, 0x7f,
    0x8, 0x1, 0x37, 0x69, 0xcd, 0xdb, 0xc0, 0x3f,
    0x11, 0x0, 0x30, 0xee, 0x9c, 0x2b, 0x98, 0x0,
    0x20, 0x1f, 0xa7, 0x0, 0xb, 0x19, 0xe5, 0xc,
    0x20, 0x62, 0x1, 0xff, 0xc3, 0x1c, 0x40, 0x4,
    0x81, 0x57, 0x30, 0x7, 0xff, 0x8, 0x44, 0xc,
    0x1, 0x50, 0x7, 0xff, 0x2, 0xf8, 0x3, 0xd6,
    0x1, 0x30, 0x4, 0xe0, 0x1f, 0xfc, 0x43, 0x0,
    0x8, 0x80, 0x3f, 0x9c, 0x3, 0xfd, 0x0, 0x1,
    0x50, 0xf, 0x18, 0x7, 0x5f, 0x80, 0x71, 0x30,
    0x5, 0x0, 0x1f, 0xc2, 0x1, 0x8, 0x7, 0xe8,
    0x2, 0x0, 0xff, 0xe4, 0xb3, 0x90, 0x80, 0x42,
    0x1, 0xc4, 0x0, 0xbc, 0x0, 0xe2, 0x89, 0xe,
    0xf0, 0xf, 0xfe, 0x2, 0x90, 0x7, 0x15, 0xe6,
    0x3f, 0x40, 0x3f, 0x10, 0x4, 0x20, 0x1f, 0x19,
    0xf0, 0x7, 0x84, 0x1c, 0x0, 0x40, 0x1f, 0xfc,
    0x43, 0x0, 0xdc, 0x0, 0x70, 0x20, 0x9, 0xff,
    0xff, 0x9b, 0xc0, 0xe, 0x8, 0x0, 0x4f, 0xc0,
    0xf, 0xe2, 0x99, 0xb1, 0x80, 0x6, 0x10, 0x0,
    0x80, 0xc, 0x40, 0x1e, 0x26, 0x68, 0xc0, 0x2a,
    0x7, 0x65, 0x40, 0x8, 0x68, 0x3, 0xe3, 0x0,
    0x85, 0x30, 0x80, 0x13, 0x65, 0xdd, 0x88, 0x3,
    0xec, 0xff, 0xba, 0xcc, 0x0,

    /* U+80FD "能" */
    0x0, 0xe1, 0x0, 0xff, 0xe5, 0x97, 0x6c, 0xa0,
    0x7, 0x4d, 0xd9, 0x80, 0x31, 0x80, 0x7b, 0xc0,
    0x98, 0xc0, 0x39, 0x12, 0xf0, 0x2, 0xee, 0x10,
    0x6, 0xa2, 0x0, 0x33, 0xc6, 0x88, 0x7, 0x1c,
    0x75, 0x10, 0x40, 0x4, 0xea, 0x0, 0x59, 0xc7,
    0x2a, 0x0, 0xe5, 0x71, 0x0, 0x8c, 0x0, 0xb0,
    0x0, 0x6a, 0x8, 0x0, 0x24, 0x0, 0x7c, 0x2f,
    0xd2, 0x5, 0x40, 0x12, 0x77, 0xd8, 0x4, 0xea,
    0x1, 0x8e, 0xbb, 0x74, 0xe4, 0x40, 0xc, 0x42,
    0x1, 0xea, 0x30, 0x3, 0x62, 0x81, 0x9a, 0x20,
    0x8, 0x1, 0xf0, 0x90, 0x0, 0x80, 0x3e, 0x10,
    0x1, 0x4, 0x4d, 0x5e, 0x6f, 0xfb, 0xb6, 0x5b,
    0x48, 0x0, 0xf3, 0x35, 0x0, 0x34, 0x7, 0x3f,
    0xa6, 0x2a, 0xb6, 0x0, 0x1c, 0x0, 0x2c, 0xd1,
    0x0, 0x1c, 0x19, 0x57, 0xfc, 0xe1, 0xa0, 0x1f,
    0x8c, 0x80, 0x3f, 0xf8, 0x4d, 0x4e, 0xcd, 0x9e,
    0x70, 0x3, 0x87, 0xbb, 0x48, 0x7, 0x2c, 0x4c,
    0xe8, 0x60, 0xf, 0x84, 0x71, 0x80, 0x6a, 0xee,
    0x40, 0x4, 0x94, 0x1, 0xe1, 0xff, 0xd4, 0x1,
    0x98, 0x46, 0x3, 0xbb, 0x2b, 0x0, 0x7f, 0xf1,
    0x96, 0xf1, 0x0, 0x10, 0x1, 0xe7, 0x7c, 0x80,
    0x1f, 0x1a, 0x0, 0x6, 0x3c, 0x3, 0xfc, 0x20,
    0x1f, 0xc7, 0x58, 0x26, 0x1, 0xe7, 0x7c, 0xa0,
    0x1f, 0x1e, 0xe2, 0xb4, 0xed, 0x80, 0x7f, 0xf1,
    0x54, 0x80, 0x2, 0x0, 0x70, 0xc, 0x3f, 0xfa,
    0x80, 0x3f, 0xe3, 0x0, 0x38, 0x7, 0xc4, 0x78,
    0x1, 0xf2, 0x90, 0x96, 0x80, 0x4, 0x3, 0xef,
    0xc6, 0x0, 0xce, 0x0, 0x3d, 0xed, 0x40, 0x1,
    0x0, 0x7c, 0xe0, 0x19, 0x43, 0x0, 0x3f, 0xac,
    0x3, 0xec, 0x0, 0x92, 0x41, 0xd4, 0x3, 0xc5,
    0x26, 0x9, 0xfe, 0xe0, 0x3, 0x7f, 0xd6, 0x40,
    0xa, 0xff, 0xf6, 0xb0, 0x0,

    /* U+8102 "脂" */
    0x0, 0xff, 0x85, 0x9a, 0x0, 0xfc, 0x80, 0x1a,
    0xff, 0xfe, 0x24, 0x99, 0x84, 0x2, 0x15, 0xbf,
    0xb1, 0x0, 0xff, 0xe2, 0x9c, 0x67, 0x52, 0x0,
    0x18, 0x3, 0xff, 0x89, 0xd8, 0xe6, 0x1, 0xdc,
    0x1, 0xe5, 0x81, 0x0, 0xff, 0xe0, 0xa, 0x8a,
    0x71, 0x0, 0x77, 0xb9, 0x0, 0x7f, 0x24, 0x67,
    0x51, 0xa4, 0x50, 0x7, 0xfc, 0x20, 0x15, 0xfd,
    0xb9, 0x80, 0xc, 0x1, 0xe0, 0x1d, 0x8c, 0x40,
    0x1f, 0x1a, 0xaf, 0x38, 0x80, 0x8, 0x3, 0x9a,
    0x44, 0x2, 0x60, 0xa, 0x2a, 0xba, 0x0, 0x26,
    0x0, 0xff, 0x88, 0xc0, 0x3f, 0xe1, 0x30, 0xf,
    0xfe, 0x6, 0x4b, 0x2a, 0xfe, 0x7f, 0x0, 0xf5,
    0x79, 0x80, 0x64, 0x2d, 0xee, 0xfd, 0x80, 0x1f,
    0xfc, 0x11, 0xbb, 0xff, 0xe0, 0x28, 0x7, 0xb1,
    0x88, 0x3, 0xff, 0x96, 0xd2, 0x20, 0x1f, 0x9,
    0x17, 0x0, 0x7c, 0xe0, 0x1f, 0xfc, 0xd, 0xdf,
    0x0, 0x7f, 0x88, 0xc0, 0x3f, 0x76, 0x67, 0x0,
    0x7c, 0x20, 0xe, 0xc3, 0x0, 0xf8, 0x8c, 0xf8,
    0x3, 0xe2, 0x0, 0x8, 0x7, 0xff, 0x24, 0x40,
    0x23, 0x0, 0xfe, 0xbf, 0xfe, 0x0, 0xf2, 0x0,
    0x4, 0x40, 0x1f, 0xe1, 0x1e, 0x0, 0xf7, 0x80,
    0x9, 0x9c, 0xc0, 0x3e, 0xbe, 0xee, 0x0, 0xf2,
    0x80, 0x12, 0x60, 0x2, 0x30, 0xf, 0xfe, 0x24,
    0x80, 0x28, 0x40, 0x30, 0x80, 0x7f, 0xf1, 0x1a,
    0x10, 0x88, 0x0, 0x1a, 0x0, 0xec, 0xff, 0xe0,
    0xf, 0x9e, 0x83, 0x3f, 0xdc, 0xa0, 0x3d, 0xd1,
    0x80, 0x77, 0xfc, 0x80,

    /* U+819C "膜" */
    0x0, 0xff, 0xe0, 0xc5, 0xd9, 0x40, 0x13, 0x76,
    0x10, 0xe, 0xbf, 0xff, 0x68, 0x4, 0x68, 0x8d,
    0x0, 0x22, 0x40, 0x1e, 0x70, 0xf, 0x1c, 0x7f,
    0x90, 0x0, 0xff, 0xe2, 0x0, 0x77, 0xf8, 0xc0,
    0x3f, 0xfa, 0x75, 0x80, 0x17, 0x11, 0x0, 0x21,
    0x22, 0x0, 0x44, 0x50, 0x80, 0x73, 0x98, 0x80,
    0x1b, 0x74, 0xa2, 0x29, 0xdd, 0x20, 0x8b, 0x37,
    0x44, 0x1, 0xff, 0x3c, 0x13, 0x33, 0xe2, 0x6,
    0xcc, 0x98, 0x10, 0xf, 0x53, 0x8, 0x5, 0x2e,
    0xff, 0xfc, 0x2, 0x0, 0xf3, 0xc8, 0x7, 0xff,
    0x56, 0xfb, 0xbc, 0x40, 0x1f, 0xc8, 0x80, 0xf,
    0xaf, 0xbb, 0xc4, 0x1, 0xfd, 0x36, 0x20, 0x1f,
    0xfd, 0x4c, 0xff, 0xf1, 0x0, 0x7f, 0x31, 0x0,
    0x7d, 0x9f, 0xfe, 0x20, 0xf, 0xeb, 0xd1, 0x0,
    0xff, 0xe4, 0x8, 0x7, 0xe9, 0x77, 0xc0, 0x12,
    0xbb, 0xe2, 0x0, 0xff, 0xe0, 0x3c, 0x46, 0x10,
    0x7, 0x44, 0x61, 0x0, 0x8c, 0x1, 0xba, 0x10,
    0x5, 0xff, 0xf0, 0x80, 0x2f, 0xff, 0x8c, 0x0,
    0x20, 0x2, 0x20, 0x7, 0xff, 0x20, 0x40, 0x4,
    0x1, 0xc4, 0x5c, 0x1, 0xc2, 0x45, 0x84, 0x14,
    0x0, 0xc0, 0x1d, 0x3b, 0xb3, 0x80, 0x71, 0xe6,
    0xec, 0x41, 0xa0, 0x2, 0x12, 0x10, 0xc, 0xba,
    0xa0, 0x3, 0x0, 0x17, 0x38, 0x80, 0x4e, 0x0,
    0x2e, 0xd0, 0x0, 0xcf, 0x51, 0x0, 0x13, 0x28,
    0x2, 0x8e, 0xb4, 0x5, 0x0, 0x78, 0x7, 0x30,
    0x80, 0x53, 0x60, 0xb6, 0x20, 0x12, 0x8, 0x5a,
    0x2a, 0x0, 0x47, 0x60, 0x1, 0x8e, 0x60, 0x9,
    0x3d, 0xc4, 0x0, 0xa0, 0xb, 0x80, 0xff, 0xb1,
    0x22, 0xf9, 0xc4, 0x3, 0x86, 0x3a, 0xe0, 0x0,

    /* U+8272 "色" */
    0x0, 0xf8, 0x84, 0x3, 0xff, 0x94, 0x3b, 0xdb,
    0x0, 0x1f, 0xfc, 0x8b, 0x0, 0x12, 0x27, 0xf1,
    0x80, 0x7f, 0x99, 0x40, 0x23, 0xbb, 0xfd, 0x0,
    0x1f, 0xc7, 0x20, 0x1f, 0xfc, 0xa3, 0xc0, 0xf,
    0xfe, 0x10, 0x80, 0x7c, 0x98, 0x1, 0x2f, 0xff,
    0x94, 0x2, 0x3b, 0x0, 0xf3, 0x58, 0x4, 0x74,
    0x1, 0x87, 0x14, 0x0, 0x98, 0x20, 0x1c, 0xb2,
    0x1, 0x8f, 0xff, 0xb8, 0xc0, 0x24, 0xff, 0xce,
    0x0, 0x55, 0x0, 0x7f, 0xf3, 0x29, 0x0, 0x3f,
    0xf9, 0x84, 0x1, 0x44, 0xcc, 0x80, 0x14, 0x4c,
    0xd0, 0x1, 0xff, 0xc0, 0x66, 0xc6, 0x1, 0x33,
    0x70, 0x7, 0xff, 0x65, 0x4c, 0xe1, 0x0, 0x94,
    0xce, 0x50, 0xf, 0xfe, 0x5, 0xe6, 0x4c, 0x1,
    0x5e, 0x65, 0x60, 0x1f, 0xff, 0x2e, 0xff, 0xff,
    0xe1, 0x39, 0x8, 0x7, 0xff, 0x29, 0xab, 0x9c,
    0x3, 0xff, 0x92, 0x20, 0x1f, 0xc6, 0x1, 0xff,
    0xc5, 0x10, 0x0, 0x80, 0x5e, 0xec, 0xdf, 0xf3,
    0xd8, 0x4, 0x60, 0xd, 0x0, 0x8a, 0x26, 0x7f,
    0xe8, 0x40, 0x9, 0x80, 0xa, 0x40, 0x1f, 0xfc,
    0x72, 0x30, 0xb, 0x18, 0x40, 0x3f, 0xf8, 0x62,
    0xbe, 0x0,

    /* U+82F9 "苹" */
    0x0, 0xf5, 0xdc, 0xc0, 0x1d, 0x77, 0x38, 0x7,
    0xfc, 0x28, 0x97, 0x80, 0x72, 0x25, 0x80, 0x1e,
    0xbf, 0xfd, 0xc0, 0x13, 0x7f, 0xf0, 0x4, 0x9f,
    0xfc, 0xae, 0x1, 0xff, 0xe5, 0xfb, 0xbd, 0x40,
    0x12, 0x5d, 0xf0, 0x4, 0x77, 0x7c, 0x86, 0x89,
    0x96, 0x22, 0xf4, 0x4e, 0x88, 0xa5, 0x13, 0x84,
    0x1f, 0xbb, 0x4c, 0xd5, 0xdd, 0xd3, 0x35, 0xf7,
    0x61, 0x0, 0x84, 0x7f, 0xf9, 0x26, 0x1, 0xff,
    0xcf, 0x5a, 0xa1, 0xd, 0x56, 0x50, 0xa, 0x6a,
    0xa6, 0x5, 0xaa, 0x10, 0x0, 0x92, 0x48, 0x7d,
    0x56, 0x20, 0x9, 0x15, 0x4e, 0xe0, 0x5d, 0x50,
    0xe, 0x10, 0x2, 0xc8, 0x7, 0xe2, 0xc1, 0x0,
    0x8, 0x7, 0xe, 0x8, 0x1, 0xa0, 0x3, 0xc5,
    0x82, 0x0, 0x69, 0x0, 0xf0, 0xe0, 0x4, 0xc2,
    0x1, 0xd4, 0x20, 0x5, 0x90, 0xf, 0xc5, 0x60,
    0x7e, 0x20, 0x1d, 0x10, 0x5, 0xa0, 0xe, 0xbf,
    0xfd, 0x60, 0x7d, 0xee, 0x1, 0x6f, 0xc0, 0x2f,
    0xff, 0x2b, 0x80, 0x7f, 0xf2, 0xcc, 0x3, 0xff,
    0x9b, 0x15, 0x5f, 0xc8, 0x1, 0x4d, 0x57, 0xf2,
    0x21, 0x57, 0xf8, 0xc0, 0x24, 0x55, 0xfe, 0x20,
    0xf, 0xff, 0xf8, 0x7, 0xff, 0x34,

    /* U+8425 "营" */
    0x0, 0xf2, 0x7f, 0xc8, 0x1, 0xb7, 0xfd, 0x40,
    0x1e, 0x16, 0x6e, 0xd0, 0xb, 0x59, 0xb1, 0x0,
    0x19, 0xbc, 0x8b, 0x33, 0xcc, 0x1, 0x34, 0xce,
    0x0, 0x8e, 0x67, 0xbc, 0x3, 0xff, 0x9a, 0xce,
    0xfc, 0xa0, 0x12, 0xbb, 0xe0, 0x8, 0x9d, 0xfb,
    0x4a, 0x23, 0xd3, 0x34, 0x47, 0x54, 0xcd, 0x11,
    0xcc, 0x19, 0xff, 0xb6, 0x66, 0xdf, 0xfd, 0x53,
    0x2b, 0xff, 0xe3, 0x0, 0xff, 0xe8, 0x8b, 0xbf,
    0xff, 0xd, 0x0, 0x3f, 0xfa, 0xa2, 0xef, 0xff,
    0xc3, 0x40, 0xe, 0xce, 0xe3, 0x0, 0x7f, 0xf1,
    0x3b, 0xa3, 0x0, 0x8, 0xc0, 0x1, 0xff, 0xfe,
    0x40, 0x8, 0x46, 0x0, 0xfc, 0x3f, 0xff, 0xc8,
    0x1, 0xff, 0xd8, 0xc7, 0x7f, 0xfe, 0x1c, 0x0,
    0x7e, 0x48, 0x8f, 0xfe, 0x1b, 0x80, 0x79, 0xbf,
    0xff, 0xf8, 0xfa, 0x1, 0xff, 0xd5, 0x34, 0x4f,
    0xfe, 0x0, 0x7, 0xff, 0x3, 0xee, 0xff, 0xf8,
    0x6, 0x1, 0xff, 0x7e, 0x67, 0xff, 0x0, 0xc0,
    0x3f, 0xe3, 0x3f, 0xfe, 0x8, 0x7, 0xff, 0x67,
    0x3f, 0xff, 0xf8, 0x6, 0x1, 0xc0,

    /* U+84DD "蓝" */
    0x0, 0xf1, 0xf7, 0x48, 0x1, 0xa7, 0xb9, 0x80,
    0x1e, 0x4d, 0xdf, 0x8, 0xd5, 0xbb, 0x98, 0x44,
    0x7b, 0xbd, 0x42, 0x45, 0xc2, 0x1, 0x9, 0x16,
    0x0, 0xc4, 0x5c, 0xe0, 0x1f, 0xfc, 0xd4, 0xbb,
    0xe8, 0x0, 0x9e, 0xef, 0x18, 0x0, 0x6e, 0xfb,
    0x85, 0x13, 0x9a, 0x66, 0xa4, 0x49, 0xa6, 0x6b,
    0x44, 0xe3, 0x0, 0x2a, 0xc4, 0x3f, 0x76, 0x90,
    0x0, 0xed, 0x59, 0xa8, 0x7, 0xea, 0xa9, 0x0,
    0x8a, 0x60, 0x3, 0x0, 0xb, 0xe2, 0x3c, 0x60,
    0x1f, 0xfc, 0x19, 0x0, 0x95, 0xdf, 0xc8, 0x1,
    0xff, 0xc0, 0x51, 0x0, 0xff, 0xe5, 0xd8, 0x5,
    0xc, 0xd, 0x11, 0x90, 0x3, 0xfe, 0x81, 0x0,
    0x43, 0xa0, 0x30, 0xbb, 0xc6, 0x1, 0xfe, 0x37,
    0x0, 0x13, 0xa9, 0x0, 0x27, 0x8, 0x3, 0xff,
    0x80, 0x78, 0x61, 0xc0, 0xb8, 0x60, 0x3, 0x10,
    0xd, 0xdd, 0x30, 0x45, 0xda, 0x4f, 0x2c, 0xc0,
    0x7, 0x92, 0x32, 0x60, 0x18, 0xb3, 0x1b, 0xae,
    0x99, 0xb7, 0x53, 0xbb, 0xd6, 0x17, 0x40, 0x19,
    0xc8, 0xbf, 0xf8, 0xa2, 0x4e, 0x1, 0xff, 0xd5,
    0x9e, 0x70, 0x2, 0x75, 0x80, 0x7, 0xb8, 0x20,
    0x1f, 0xfc, 0x1, 0x0, 0xc2, 0x1, 0x84, 0x40,
    0x1f, 0xfd, 0x35, 0xfb, 0x0, 0xa7, 0xdc, 0x0,
    0x9f, 0x60, 0x1, 0xff, 0x8, 0x0, 0xbf, 0x40,
    0x3f, 0xf9, 0x86, 0x1, 0xff, 0xcd, 0x4c, 0xcf,
    0xfe, 0x60,

    /* U+8549 "蕉" */
    0x0, 0xf3, 0x77, 0x46, 0x1, 0x8b, 0xba, 0x60,
    0xe, 0x1e, 0xee, 0x81, 0x1b, 0x7b, 0xb6, 0x8,
    0xd1, 0xdd, 0xac, 0x4, 0x7c, 0x1, 0x8, 0xf8,
    0x2, 0x11, 0xe6, 0x0, 0xff, 0xe6, 0x8f, 0xff,
    0x48, 0x8d, 0x9d, 0x97, 0x34, 0x1, 0x47, 0xfe,
    0xd0, 0xc, 0x7f, 0x6b, 0x5c, 0x6f, 0x97, 0x39,
    0xdd, 0x38, 0x7, 0xf7, 0x81, 0x26, 0xb3, 0x38,
    0x2, 0x47, 0x79, 0x9b, 0x28, 0x6, 0x73, 0x0,
    0x9a, 0x64, 0xe0, 0x11, 0x4c, 0xfe, 0x0, 0x92,
    0x0, 0x3f, 0xf8, 0xee, 0x0, 0x2b, 0x0, 0x8f,
    0xff, 0xa0, 0x2, 0xdf, 0xff, 0x58, 0x1e, 0x80,
    0x63, 0xff, 0xe8, 0x0, 0xb7, 0xff, 0xb8, 0x0,
    0x80, 0x1f, 0xfc, 0x91, 0x0, 0x28, 0x7, 0x14,
    0xcf, 0x28, 0x5, 0x13, 0x3e, 0x0, 0x10, 0x99,
    0x80, 0x3f, 0xf9, 0x57, 0x80, 0x11, 0x4c, 0xf2,
    0x80, 0x51, 0x33, 0xe0, 0x9, 0x40, 0x3f, 0xf9,
    0x2, 0x1, 0xf8, 0xff, 0xfa, 0x0, 0x2d, 0xff,
    0xee, 0x0, 0xfc, 0x7f, 0xfd, 0x0, 0x16, 0xff,
    0xfc, 0x80, 0x1f, 0xfd, 0x9, 0x9f, 0xfe, 0x4a,
    0x80, 0x16, 0xa9, 0xee, 0xe1, 0xfa, 0x66, 0x2f,
    0x6e, 0x99, 0x81, 0x97, 0x8c, 0x20, 0x9, 0x3,
    0x71, 0x28, 0x63, 0x40, 0x77, 0x22, 0xc, 0x5,
    0x49, 0x48, 0x0, 0x86, 0x0, 0x90, 0x31, 0x0,
    0x68, 0x21, 0x0, 0x24, 0x18, 0x2, 0x80, 0x4,
    0x80, 0x5, 0xc0, 0xa, 0x0, 0x40, 0x5, 0x0,
    0x14, 0x85, 0x40, 0xa, 0x22, 0xa3, 0x8, 0x0,
    0x8c, 0x91, 0x40, 0xa, 0x8f, 0x26, 0x1c, 0x28,
    0xe6, 0x2f, 0x9c, 0xc0, 0x14, 0x6d, 0xc0, 0x0,
    0xae, 0x18, 0x41, 0x3a, 0xe0, 0x80,

    /* U+86CB "蛋" */
    0x1, 0x1f, 0xfe, 0x58, 0x1f, 0x77, 0xff, 0x2c,
    0x3, 0xff, 0x9c, 0x20, 0x1f, 0xfc, 0xc2, 0xff,
    0x73, 0xd6, 0x7f, 0xd0, 0x1, 0x77, 0xfe, 0xd1,
    0x0, 0x30, 0x6, 0x57, 0xac, 0x30, 0xf, 0x3b,
    0x36, 0xb1, 0x1, 0x80, 0xd, 0x80, 0x11, 0x80,
    0x7a, 0x67, 0x98, 0x2b, 0xc4, 0x3, 0x30, 0x4,
    0xe0, 0x1e, 0x22, 0xf8, 0x44, 0x1, 0x98, 0x40,
    0x28, 0xc6, 0xe0, 0xb, 0x37, 0x7c, 0x80, 0x18,
    0xa4, 0x3, 0x8e, 0x58, 0x2, 0xef, 0xff, 0xe8,
    0x2c, 0x0, 0xae, 0xc2, 0x1, 0xff, 0xc4, 0xc5,
    0x10, 0x4, 0x22, 0x3a, 0xdd, 0x4c, 0x8b, 0xff,
    0x80, 0x8f, 0x41, 0xe, 0x1, 0x24, 0x48, 0x80,
    0x27, 0x77, 0xf8, 0x0, 0xaf, 0x1f, 0xfe, 0xc2,
    0x2a, 0xff, 0xfe, 0xa0, 0xf, 0xfe, 0xab, 0x36,
    0x50, 0x9, 0x19, 0xb0, 0x80, 0x7f, 0x86, 0x67,
    0x70, 0x5, 0xd3, 0x38, 0xc0, 0x3f, 0xc3, 0xff,
    0xac, 0x2, 0xaf, 0xfc, 0x40, 0x1f, 0xfd, 0x4d,
    0x55, 0xf8, 0xc0, 0x23, 0x55, 0xc0, 0x1, 0xd0,
    0xc, 0xb5, 0x5f, 0x40, 0x5, 0x35, 0x4b, 0x20,
    0x0, 0x98, 0x0, 0x6a, 0x97, 0x6c, 0xcb, 0x75,
    0x40, 0x15, 0x7f, 0xb9, 0xc0, 0x2b, 0x30, 0x35,
    0x52, 0x20, 0xce, 0x22, 0x8, 0x7, 0xff, 0x3,
    0x44, 0x3, 0xff, 0x82, 0x22, 0x22, 0x8c, 0xc8,
    0x1, 0x11, 0x2a, 0xf3, 0x1b, 0xae, 0xe7, 0xfe,
    0xee, 0x6e, 0xd9, 0x8b, 0xa4, 0xf3, 0x5, 0x43,
    0x31, 0x10, 0x44, 0x1, 0xff, 0xc0, 0x5b, 0x10,

    /* U+884C "行" */
    0x0, 0xff, 0xe9, 0xf, 0x30, 0x7, 0xff, 0x24,
    0x70, 0x66, 0x0, 0x6e, 0xff, 0xf8, 0x10, 0x1,
    0x87, 0x48, 0x0, 0xc2, 0x68, 0x9f, 0xfc, 0x3,
    0x0, 0x87, 0x4c, 0x2, 0xc1, 0x0, 0xff, 0xe2,
    0x16, 0x18, 0x5, 0x64, 0x6, 0x1, 0xff, 0xc2,
    0x3d, 0x20, 0xa, 0xd0, 0x0, 0x3f, 0xff, 0xfc,
    0xb, 0x0, 0xf5, 0xa0, 0x7, 0xff, 0x18, 0xcc,
    0x3, 0x89, 0x74, 0x1, 0xff, 0xc6, 0x82, 0xc3,
    0x74, 0x5d, 0x20, 0xf, 0xfe, 0x22, 0x69, 0x24,
    0x0, 0x8, 0x3f, 0xff, 0xf8, 0x52, 0x1, 0x15,
    0x80, 0x52, 0x40, 0x1f, 0xfc, 0x52, 0xc0, 0x9,
    0x98, 0x1, 0xff, 0xc5, 0x1f, 0x10, 0xa, 0x40,
    0x8, 0x9f, 0x0, 0x64, 0x4b, 0xcb, 0xc8, 0x3,
    0xeb, 0xbf, 0x88, 0x2, 0xbb, 0x9a, 0x44, 0x3,
    0xff, 0x97, 0xa0, 0x1f, 0xfc, 0xc7, 0x2, 0x50,
    0xf, 0xfe, 0x48, 0xc6, 0x10, 0x7, 0xff, 0x29,
    0xc4, 0x3, 0xff, 0xe8, 0x60, 0x1f, 0xfc, 0x61,
    0xaa, 0xd8, 0x20, 0x1f, 0xfc, 0x61, 0x55, 0xc6,
    0x1, 0x10, 0x7, 0xff, 0x10, 0xc0, 0x3e, 0xa0,
    0xf, 0xfe, 0x22, 0x0, 0x42, 0x23, 0x97, 0x0,
    0xc0,

    /* U+88C5 "装" */
    0x0, 0x14, 0x80, 0xb, 0xba, 0x20, 0xe, 0xee,
    0x98, 0x3, 0xc7, 0x8d, 0x60, 0x1, 0x1c, 0x1,
    0xc2, 0x30, 0x7, 0xd6, 0x20, 0x96, 0x1, 0x97,
    0x77, 0x80, 0x28, 0xdd, 0xd2, 0x10, 0xc0, 0x4,
    0x80, 0xc, 0x45, 0xc0, 0x10, 0x91, 0x70, 0x2,
    0x54, 0x1a, 0x0, 0x3f, 0xf9, 0x35, 0x3d, 0x80,
    0x12, 0xee, 0xf0, 0x4, 0xfb, 0xba, 0x80, 0x5,
    0x32, 0x81, 0x0, 0xc4, 0x67, 0x80, 0x2f, 0x33,
    0xc2, 0x57, 0xac, 0x1, 0xf5, 0x77, 0x60, 0xa,
    0x3b, 0xb0, 0x89, 0x0, 0x31, 0x80, 0x7f, 0xf1,
    0x8d, 0x0, 0xb, 0xbc, 0x1, 0x8c, 0x47, 0xff,
    0x80, 0x0, 0x86, 0xda, 0x20, 0xe, 0xb9, 0x2f,
    0xee, 0xfe, 0x10, 0x39, 0x20, 0x1, 0x55, 0x41,
    0xb0, 0x72, 0x1, 0xfe, 0x2f, 0xff, 0x55, 0x58,
    0x1, 0x3f, 0xff, 0xf5, 0x88, 0x7, 0xff, 0x94,
    0xf7, 0x7d, 0x22, 0x1, 0xe9, 0xdd, 0xca, 0x3b,
    0xaa, 0x2, 0x2c, 0x11, 0x22, 0x0, 0x32, 0x0,
    0x40, 0x10, 0xfa, 0x8d, 0x90, 0x80, 0x47, 0x5a,
    0xa0, 0x13, 0x67, 0x0, 0x7, 0x27, 0x8, 0x0,
    0xe2, 0x2, 0xd9, 0x85, 0x0, 0xeb, 0x3, 0x80,
    0x0, 0xb0, 0x4, 0xdc, 0x20, 0x92, 0x60, 0x1f,
    0xe7, 0x30, 0xe, 0x58, 0x0, 0x94, 0x40, 0x27,
    0xc0, 0x8, 0x56, 0xbc, 0x60, 0x3, 0x2f, 0x5b,
    0x90, 0x30, 0xc7, 0x40, 0x80, 0x59, 0x4a, 0x6,
    0xf6, 0x40, 0x19, 0x22, 0xc2, 0x39, 0xc4, 0x20,
    0x3, 0xf9, 0x36, 0x4, 0x3, 0x58, 0x7, 0xb4,
    0x3, 0x1c, 0x67, 0x0, 0x4f, 0xd6, 0xa2, 0xa4,
    0x1, 0xe6, 0x15, 0xae, 0xc7, 0x30, 0xf, 0x25,
    0x75, 0x80, 0x7c, 0x3d, 0x4a, 0x20, 0x1f, 0xfc,
    0x1, 0x0,

    /* U+89C8 "览" */
    0x0, 0xff, 0xe1, 0x8, 0x7, 0xff, 0x0, 0x46,
    0x0, 0x77, 0x50, 0x0, 0x2e, 0xd8, 0x30, 0xf,
    0xd1, 0xdc, 0xf0, 0x0, 0x8e, 0x0, 0x28, 0x13,
    0xd2, 0x27, 0x88, 0x3, 0xff, 0x83, 0x20, 0x13,
    0x5d, 0xfc, 0x1, 0xff, 0xc0, 0x51, 0x0, 0xff,
    0xe5, 0xc0, 0x7, 0xff, 0x2d, 0xc8, 0x0, 0xd8,
    0x0, 0x8f, 0xfd, 0x20, 0x1f, 0xe5, 0x80, 0xa,
    0xf4, 0x1, 0x18, 0x40, 0x1f, 0xfc, 0x21, 0x0,
    0x49, 0x50, 0x80, 0xf, 0x5c, 0x2, 0xf1, 0x11,
    0x80, 0x72, 0xfa, 0x21, 0x81, 0x3d, 0x40, 0x3e,
    0x7e, 0xe6, 0x80, 0x3b, 0xa8, 0x1b, 0xa0, 0x8,
    0x6a, 0x41, 0x9c, 0x3, 0xb7, 0xfe, 0xee, 0xdf,
    0xee, 0xff, 0xe9, 0x3, 0x0, 0xff, 0xf8, 0x44,
    0x7f, 0x9c, 0x3, 0xff, 0x82, 0x2e, 0xf2, 0x80,
    0x4c, 0xee, 0xa0, 0xf, 0xfe, 0x2a, 0xc4, 0x42,
    0x1, 0xff, 0xc8, 0xd0, 0x0, 0x80, 0x7f, 0xf2,
    0x5, 0x40, 0x3, 0xea, 0x1, 0xcc, 0x84, 0x1,
    0xfe, 0xb0, 0xf, 0x8d, 0xde, 0x3b, 0xdb, 0x0,
    0xb7, 0xfd, 0xc3, 0x4a, 0x1, 0xf0, 0xc4, 0x40,
    0x10, 0x80, 0x71, 0xcf, 0xa8, 0x7, 0xfc, 0x20,
    0x18, 0x55, 0xef, 0xb1, 0x84, 0x2, 0x40, 0xa,
    0x55, 0x75, 0x80, 0x46, 0x55, 0x8, 0x20, 0x1d,
    0x16, 0x1, 0x1d, 0x56, 0x50, 0xb, 0xcc, 0x40,
    0x38, 0x5b, 0x9c, 0x14, 0x3, 0xfe, 0x70, 0x40,
    0x1, 0x35, 0xf4, 0x88, 0x2, 0xd8, 0x40, 0x3c,
    0x29, 0x82, 0x13, 0x5d, 0xb2, 0x80, 0x1c, 0x33,
    0xdf, 0xfe, 0xeb, 0x30,

    /* U+89E3 "解" */
    0x0, 0xc5, 0x70, 0xa0, 0x1f, 0xfc, 0xa8, 0x47,
    0xb2, 0x2c, 0x21, 0xff, 0xfe, 0xe0, 0xc, 0x8a,
    0x0, 0x1d, 0xdd, 0x60, 0x1f, 0xfc, 0x49, 0x0,
    0xff, 0xe4, 0x18, 0x5, 0x4, 0x0, 0x23, 0x20,
    0x8, 0x83, 0xf0, 0x2, 0xcf, 0xb0, 0x3, 0x0,
    0x11, 0xc0, 0x9, 0xba, 0x0, 0x96, 0x0, 0x14,
    0x0, 0x23, 0x2, 0x0, 0x8, 0x2, 0x80, 0x35,
    0xf9, 0x0, 0x6, 0xc1, 0x58, 0x2, 0xcc, 0x48,
    0x0, 0xc0, 0x12, 0x1, 0x22, 0x4, 0x2, 0x44,
    0x4d, 0x0, 0xa, 0x8c, 0xc0, 0x17, 0x80, 0x1c,
    0x40, 0x3f, 0xc6, 0x0, 0x1f, 0x30, 0xc, 0x6c,
    0x1, 0x18, 0x3, 0x50, 0x1, 0xca, 0x0, 0xb3,
    0x1d, 0x24, 0xcc, 0xb7, 0x0, 0x3e, 0x31, 0x0,
    0x8, 0x6, 0xe5, 0x51, 0x12, 0xec, 0x84, 0x1,
    0xfa, 0x1c, 0x1, 0x2e, 0x1, 0x3a, 0x4c, 0x33,
    0xba, 0x40, 0x3f, 0x98, 0x80, 0xc, 0x40, 0x16,
    0x0, 0x16, 0xc0, 0x3, 0xff, 0x8, 0x7, 0xff,
    0x9, 0xc0, 0x3f, 0xf8, 0x98, 0x80, 0xd, 0x40,
    0x3, 0x88, 0x7, 0xff, 0x10, 0x84, 0x0, 0x42,
    0x0, 0xa0, 0x4, 0x6d, 0x0, 0x7, 0x76, 0x10,
    0xe, 0xb4, 0x0, 0x52, 0x0, 0x2c, 0xc1, 0x88,
    0x40, 0x22, 0x28, 0x2, 0x30, 0x2, 0x88, 0x1,
    0x44, 0x0, 0xbf, 0x44, 0x66, 0x0, 0x9, 0x9c,
    0x20, 0x1, 0x0, 0xff, 0x2e, 0x56, 0x62, 0x0,
    0x2c, 0xc9, 0x80, 0x3b, 0x10, 0x1, 0x88, 0x1,
    0xff, 0xc4, 0x30, 0x1, 0x18, 0x80, 0xc, 0x40,
    0x2, 0x3e, 0x0, 0x84, 0x70, 0x20, 0x1, 0xc0,
    0x3f, 0x3f, 0x76, 0xa0, 0x0, 0xf7, 0x4c, 0x16,
    0x0, 0xd0, 0xd, 0xca, 0x0, 0x10, 0xf, 0xfe,
    0x22, 0x87, 0xc1, 0x88, 0x7, 0xff, 0x17, 0x1d,
    0x8, 0x15, 0xec, 0x0, 0x32, 0x1, 0xff, 0xc3,
    0x8b, 0x0, 0xcf, 0xfe, 0xe6, 0x0, 0xe4, 0xff,
    0x70, 0x6,

    /* U+89E6 "触" */
    0x0, 0xff, 0xe8, 0xb7, 0x5b, 0x0, 0x7f, 0x16,
    0xea, 0x80, 0x3f, 0xac, 0x53, 0x84, 0x70, 0x7,
    0x9, 0x11, 0xc0, 0x3f, 0x29, 0x0, 0x1f, 0xbb,
    0x8, 0x7, 0xff, 0x12, 0x0, 0x3f, 0xf9, 0x90,
    0x40, 0x2, 0x20, 0x7, 0xd, 0xdd, 0xe0, 0x2,
    0xbb, 0xa0, 0x0, 0x8e, 0x0, 0x8d, 0x90, 0x9,
    0xc4, 0xd1, 0x23, 0x0, 0x91, 0x30, 0x3, 0xc0,
    0x2b, 0xcb, 0x0, 0x92, 0x0, 0x3f, 0xf8, 0x5c,
    0x1, 0x19, 0x80, 0x31, 0x90, 0x4, 0x74, 0x20,
    0xb2, 0x1, 0xca, 0x40, 0x1f, 0xfc, 0x17, 0x50,
    0x1, 0x38, 0x7, 0x90, 0x1, 0xc2, 0x11, 0xe2,
    0x1, 0xff, 0xc8, 0x10, 0xf, 0xfe, 0x6d, 0x88,
    0x55, 0x88, 0x7, 0xff, 0x21, 0x0, 0x4, 0x80,
    0x1e, 0x73, 0x0, 0x12, 0x80, 0x7f, 0xf2, 0xf,
    0x4, 0x16, 0xc0, 0x3f, 0xb8, 0x42, 0x3c, 0x40,
    0x3f, 0xf9, 0x2, 0x1, 0xff, 0xcd, 0xc1, 0xa,
    0xc1, 0x0, 0x16, 0xed, 0x0, 0x2, 0xdd, 0x57,
    0x0, 0x46, 0x0, 0x30, 0x1, 0x18, 0x6, 0x22,
    0xc0, 0x12, 0xe5, 0x90, 0x4, 0xc0, 0x1f, 0xfc,
    0x6e, 0x11, 0x18, 0x4, 0x40, 0x5e, 0x21, 0x1e,
    0x20, 0x1f, 0xed, 0x0, 0x58, 0x0, 0x44, 0x2,
    0x1, 0xf8, 0xde, 0x26, 0x40, 0x2, 0xb0, 0x2,
    0x80, 0x10, 0x0, 0xa0, 0x1c, 0x20, 0x4, 0x87,
    0x63, 0x0, 0xf1, 0x10, 0x38, 0x1, 0xe0, 0x14,
    0xe8, 0x4, 0x20, 0x1f, 0xf2, 0x81, 0x80, 0x10,
    0x33, 0x44, 0x80, 0x4, 0x60, 0x1, 0x35, 0x79,
    0xac, 0x10, 0xb0, 0x87, 0x22, 0x1, 0x14, 0x0,
    0x3a, 0x4c, 0xfe, 0xca, 0x86, 0x53, 0x40, 0xd,
    0x1e, 0x1, 0xb7, 0xfd, 0x84, 0x26, 0x1, 0xfa,
    0x77, 0x0,

    /* U+8BA1 "计" */
    0x0, 0xd2, 0xa0, 0x1f, 0xd3, 0x33, 0x80, 0x7e,
    0x2d, 0x6a, 0x40, 0xf, 0xcc, 0xd5, 0x80, 0x7e,
    0xb2, 0x0, 0x59, 0x80, 0x7f, 0xf1, 0xe4, 0xc0,
    0x2d, 0x20, 0xf, 0xfe, 0x3e, 0x88, 0x0, 0x78,
    0x3, 0xff, 0x8e, 0x3a, 0x0, 0x2e, 0x0, 0xff,
    0xe4, 0x1c, 0xae, 0x90, 0x7, 0xff, 0x14, 0x47,
    0x3d, 0x80, 0x7f, 0xf1, 0x9f, 0xbb, 0xa8, 0x6,
    0x67, 0xc0, 0x11, 0x4c, 0xf4, 0x0, 0x7e, 0x36,
    0x6f, 0x0, 0x42, 0xcd, 0xe0, 0xf, 0xfe, 0x6a,
    0x3b, 0x80, 0x3f, 0xf9, 0x47, 0x12, 0x1, 0xc5,
    0xdd, 0xe0, 0x8, 0xbb, 0xbb, 0xc0, 0x3f, 0x84,
    0x7c, 0x1, 0x8, 0xfc, 0x1, 0xff, 0xee, 0x1b,
    0x70, 0xf, 0xfe, 0x49, 0xfa, 0x58, 0x7, 0xff,
    0x21, 0x70, 0x40, 0xc8, 0x3, 0xff, 0x8e, 0x20,
    0x10, 0x80, 0x7f, 0xf2, 0xcf, 0xc8, 0x3, 0xff,
    0x86, 0x80, 0x1c, 0xf8, 0x20, 0x1f, 0xfc, 0x44,
    0x10, 0x0, 0xdc, 0x0, 0x7f, 0xf1, 0x87, 0x40,
    0xfd, 0x0, 0x3f, 0xf9, 0x7, 0x98, 0x10, 0xf,
    0xfe, 0x30,

    /* U+8BA4 "认" */
    0x0, 0x86, 0x84, 0x3, 0xf3, 0xbc, 0xa0, 0x1f,
    0xc7, 0xeb, 0x40, 0x1f, 0xa2, 0x29, 0x0, 0xfe,
    0xe1, 0x4, 0x90, 0xf, 0xfe, 0x47, 0x0, 0x4c,
    0xe0, 0x1f, 0xfc, 0x73, 0x90, 0xa, 0x10, 0x3,
    0xff, 0x8e, 0xca, 0x0, 0x35, 0x0, 0xfc, 0x20,
    0x1f, 0xf5, 0x12, 0x60, 0x80, 0x61, 0x0, 0x88,
    0x3, 0xff, 0x81, 0x96, 0x1, 0xe3, 0x0, 0xff,
    0x96, 0xab, 0x5a, 0x80, 0x79, 0x80, 0x31, 0x80,
    0x7b, 0x55, 0x7b, 0x40, 0x3c, 0x40, 0x19, 0x80,
    0x3f, 0xf8, 0xfc, 0x1, 0xb4, 0x3, 0xff, 0x8e,
    0x60, 0x19, 0x0, 0x3d, 0x1f, 0xc0, 0x1f, 0xe5,
    0x0, 0xc6, 0x20, 0x1f, 0xfc, 0x53, 0x10, 0xe,
    0x70, 0xf, 0xfe, 0x2d, 0x80, 0x7a, 0x80, 0x3f,
    0xf8, 0x5, 0x40, 0x13, 0x0, 0x50, 0x0, 0x33,
    0x0, 0x7f, 0x8f, 0x14, 0x41, 0x84, 0x0, 0xcc,
    0x0, 0xbc, 0x3, 0xfc, 0x82, 0x8, 0x16, 0x1,
    0x50, 0xa8, 0x0, 0xd4, 0x3, 0xff, 0x81, 0xae,
    0x40, 0x5, 0x30, 0x80, 0xa, 0xc4, 0x3, 0xfc,
    0xb7, 0x0, 0x14, 0x0, 0x9, 0x80, 0x3, 0xa0,
    0x19, 0x40, 0x32, 0xc6, 0x80, 0x4e, 0x40, 0x14,
    0x8, 0x0, 0xec, 0x3, 0xe6, 0x8f, 0x10, 0x1,
    0x40, 0x6, 0x1b, 0x0, 0x92, 0xc0, 0x9, 0x60,
    0xd3, 0x44, 0x1, 0x78, 0x7, 0x95, 0x80, 0x2d,
    0x0, 0x93, 0xa4, 0x21, 0x0, 0x16, 0x40, 0x1f,
    0x4a, 0x2, 0xb0, 0x6, 0x10, 0xa, 0x8a, 0x50,
    0x3, 0xfa, 0xd2, 0xc0, 0x3f, 0x87, 0x58, 0x3,
    0xfe, 0xb1, 0x0,

    /* U+8BB0 "记" */
    0x0, 0x85, 0x40, 0x3f, 0xf9, 0x47, 0x94, 0xa0,
    0x11, 0x5d, 0xff, 0xf0, 0x40, 0x23, 0xc2, 0xa,
    0x30, 0x0, 0xa2, 0x7f, 0xf0, 0x44, 0x0, 0x6a,
    0x1, 0x70, 0x80, 0x7f, 0xf1, 0xe8, 0x80, 0x5,
    0x40, 0x1f, 0xfc, 0x8f, 0x0, 0x98, 0x4f, 0xff,
    0xfa, 0x0, 0x3f, 0x15, 0x2, 0xe8, 0x80, 0x7f,
    0xf2, 0x16, 0xe8, 0x3, 0xff, 0x8d, 0x3f, 0xfa,
    0xc4, 0x3, 0xff, 0x8c, 0x60, 0x1f, 0x8a, 0x23,
    0xfa, 0xc0, 0x3f, 0xf8, 0x4c, 0xef, 0xfc, 0x60,
    0x1d, 0x8c, 0x60, 0x1f, 0xfc, 0xa6, 0x9b, 0x0,
    0xff, 0xeb, 0xdf, 0xff, 0xf0, 0x80, 0x7f, 0xf0,
    0x9c, 0x3, 0xff, 0xdb, 0x2a, 0x40, 0x1f, 0x9d,
    0xc0, 0x1f, 0xfc, 0x6, 0xad, 0x90, 0xf, 0x5c,
    0x60, 0x7, 0xff, 0xc, 0x40, 0x3c, 0xa0, 0x80,
    0x1f, 0xf0, 0x80, 0x7f, 0xf0, 0x48, 0x2, 0x60,
    0xf, 0x18, 0x5, 0xc0, 0xd, 0x0, 0xe9, 0x50,
    0xa, 0xe6, 0x23, 0xbc, 0x2, 0x30, 0x1, 0x80,
    0x43, 0x8c, 0x40, 0x10, 0xb3, 0xbf, 0x10, 0x4,
    0xc0, 0x9, 0x30, 0x3f, 0x30, 0x13, 0x0, 0xff,
    0xe0, 0x9, 0x80, 0x5a, 0xf8, 0x20, 0x16, 0xa8,
    0x80, 0x7e, 0x13, 0xd0,

    /* U+8BC1 "证" */
    0x0, 0x90, 0x80, 0x3f, 0xf9, 0x51, 0x7e, 0x1,
    0x35, 0x57, 0xff, 0xc, 0x42, 0x5c, 0xa, 0xc0,
    0x18, 0xab, 0xff, 0xc3, 0x30, 0x81, 0x0, 0x23,
    0x80, 0x7f, 0xf1, 0xc6, 0x80, 0x28, 0x30, 0xf,
    0xfe, 0x3a, 0x38, 0x1, 0xa, 0xbf, 0xfc, 0x80,
    0x16, 0x7f, 0xe2, 0x0, 0xa0, 0xe2, 0xc4, 0x3,
    0xfe, 0x10, 0xf, 0xec, 0x70, 0xf, 0xfe, 0x3d,
    0x7f, 0xee, 0x0, 0xaf, 0xfd, 0xc0, 0x1f, 0xfc,
    0x51, 0x0, 0xff, 0xed, 0x4d, 0x54, 0xc1, 0xaa,
    0x20, 0x1f, 0xfc, 0x44, 0x55, 0xbc, 0x1e, 0x90,
    0x3, 0xff, 0xed, 0x9f, 0xf4, 0x80, 0x7f, 0xf2,
    0x4, 0x3, 0xff, 0x80, 0x80, 0x1f, 0xfc, 0xbb,
    0xf0, 0xf, 0xfe, 0x5a, 0x20, 0x3, 0xff, 0x9a,
    0x60, 0x1f, 0xfc, 0x67, 0x0, 0xe9, 0x50, 0x0,
    0xc4, 0x18, 0x2, 0xb8, 0x8c, 0x80, 0x1e, 0x30,
    0x51, 0x0, 0x9d, 0xc4, 0x1, 0x33, 0xbe, 0xc0,
    0x7, 0x0, 0x13, 0x4, 0x3, 0xff, 0x8e, 0x72,
    0xb6, 0x1, 0xff, 0xca, 0x6a, 0x0, 0x77, 0xff,
    0xff, 0x12, 0x0,

    /* U+8BC6 "识" */
    0x0, 0x94, 0x40, 0x3f, 0xf9, 0x71, 0x5a, 0x1,
    0x8d, 0x9b, 0xff, 0x82, 0x1, 0x9d, 0xc0, 0x72,
    0x1, 0x5c, 0xcf, 0xff, 0x4, 0x3, 0x30, 0x80,
    0x19, 0x80, 0x1f, 0xfc, 0x81, 0xa0, 0xa, 0x50,
    0x3, 0xff, 0x90, 0x90, 0x0, 0x17, 0x0, 0xc3,
    0xff, 0xe9, 0x0, 0xfe, 0x74, 0x1c, 0x30, 0xf,
    0xfe, 0x55, 0x61, 0x0, 0x7f, 0xf1, 0xda, 0xaa,
    0xb8, 0x0, 0xff, 0xe4, 0x62, 0xaf, 0x8, 0x7,
    0xff, 0xb4, 0x59, 0xbd, 0x80, 0x1e, 0xaf, 0x90,
    0xf, 0xf4, 0xcf, 0x94, 0x3, 0xff, 0xef, 0x1f,
    0xe8, 0xef, 0xfe, 0xaf, 0xf8, 0x3, 0xfd, 0x22,
    0x0, 0x58, 0xf4, 0x0, 0xaa, 0x92, 0x1, 0xff,
    0x53, 0x30, 0x1, 0x0, 0x36, 0x61, 0x8a, 0xc,
    0xa0, 0x1f, 0xe4, 0xb, 0x9, 0x20, 0x2, 0x18,
    0x50, 0x5, 0x44, 0x1, 0xff, 0xa, 0x30, 0x5,
    0x20, 0x6, 0x50, 0xb, 0x80, 0x3b, 0xc0, 0x31,
    0xf5, 0x0, 0x52, 0x40, 0x15, 0x88, 0x0, 0xe0,
    0x3, 0x10, 0x4, 0x9b, 0xc2, 0x0, 0x46, 0x0,
    0xc3, 0x40, 0x13, 0x98, 0x5, 0x66, 0xd, 0x7a,
    0x40, 0x1, 0xa0, 0xf, 0x22, 0x80, 0x5c, 0x1,
    0xb6, 0x24, 0x28, 0x2, 0xa1, 0x0, 0xfa, 0xc4,
    0x1, 0x60, 0x18, 0x5c, 0x0, 0xd4, 0x12, 0x80,
    0x1f, 0x86, 0x7, 0x18, 0x3, 0xf9, 0x75, 0x80,
    0x3f, 0xcd, 0xe6, 0x0,

    /* U+8BD5 "试" */
    0x0, 0xc, 0x80, 0x7f, 0xc9, 0x99, 0x20, 0x49,
    0x0, 0x62, 0xf6, 0xa0, 0xf, 0xf1, 0x19, 0xc3,
    0x4d, 0x86, 0x1, 0x60, 0x82, 0xc0, 0x7, 0xf1,
    0x80, 0x44, 0x80, 0x38, 0x80, 0xb, 0x0, 0x9d,
    0x80, 0x3f, 0xf8, 0x3, 0xe4, 0x1, 0xca, 0xe0,
    0x14, 0x8a, 0x27, 0xda, 0x1, 0x7a, 0xc0, 0x30,
    0x6, 0x84, 0x1, 0xc3, 0xbb, 0xf9, 0xc0, 0x26,
    0xba, 0x6, 0xa0, 0xd, 0x49, 0xe6, 0x1, 0xff,
    0xca, 0x1b, 0x10, 0xf, 0xfe, 0x44, 0x6e, 0xec,
    0x2, 0xdd, 0xfa, 0xc0, 0x25, 0xdd, 0xd8, 0x4,
    0x5e, 0x0, 0x11, 0x7c, 0xa0, 0x11, 0x91, 0x70,
    0x7, 0xf1, 0xaa, 0xf8, 0x80, 0x23, 0x0, 0xf6,
    0x98, 0x80, 0x77, 0xd5, 0x7a, 0xc0, 0x3f, 0xcf,
    0x8e, 0x1, 0xff, 0xc1, 0x20, 0x0, 0x80, 0x7f,
    0xf2, 0x84, 0x0, 0xc0, 0x1f, 0xfc, 0x2d, 0xe3,
    0x0, 0x37, 0x43, 0x0, 0xc, 0x3, 0xff, 0x84,
    0x22, 0x0, 0xc2, 0x6, 0x0, 0x10, 0xf, 0xfe,
    0x0, 0xd8, 0x7, 0xef, 0x0, 0x88, 0x4, 0x3,
    0xf0, 0xe2, 0x20, 0x3, 0xe2, 0x0, 0x98, 0x2f,
    0x14, 0x3, 0xe2, 0xf, 0x0, 0xf1, 0x30, 0x5,
    0x80, 0xc7, 0x42, 0x1, 0xf8, 0xc0, 0x33, 0xfe,
    0x89, 0x0, 0x14, 0xc, 0x4, 0x40, 0x3, 0x0,
    0xca, 0xde, 0x60, 0x1, 0x0, 0x3a, 0x0, 0xa,
    0x80, 0x8, 0x1, 0x28, 0x4, 0xd6, 0x20, 0x1f,
    0xa8, 0x2, 0x50, 0x6, 0x0, 0x50, 0x0, 0x59,
    0x10, 0xc, 0x4b, 0x16, 0x86, 0x80, 0x1c, 0x80,
    0x13, 0xaa, 0xa8, 0x0, 0xf3, 0x9f, 0xb4, 0xe8,
    0x0, 0x91, 0x0, 0x90, 0x80, 0x35, 0x50, 0x2,
    0x86, 0x30, 0xf, 0x8b, 0x4c, 0xe, 0x40, 0x0,

    /* U+8BEF "误" */
    0x0, 0x91, 0x40, 0x30, 0x8f, 0xff, 0x8, 0x3,
    0x96, 0xe9, 0x0, 0x5, 0xdd, 0xff, 0xc2, 0xa0,
    0x9, 0x28, 0x1, 0x64, 0x1, 0xff, 0xc8, 0x44,
    0x0, 0x58, 0x40, 0x1f, 0xfc, 0x8b, 0x20, 0x0,
    0xd0, 0x6, 0xad, 0xdf, 0x50, 0x7, 0xf6, 0x8,
    0x2c, 0x0, 0x61, 0x22, 0xf0, 0x80, 0x7f, 0xe,
    0xb5, 0x0, 0x75, 0xff, 0xfa, 0xc0, 0x3f, 0xc7,
    0x20, 0x1f, 0xfc, 0x8c, 0xff, 0xda, 0x1, 0xff,
    0xc8, 0x10, 0xc, 0x60, 0x2, 0xdd, 0xff, 0xe1,
    0x58, 0x7, 0xf9, 0x1d, 0xff, 0xf8, 0x48, 0x0,
    0x72, 0x10, 0xe, 0x8a, 0xaf, 0xfe, 0x19, 0x5,
    0x6b, 0x0, 0x7f, 0xf4, 0xd4, 0x8b, 0x80, 0x21,
    0x22, 0xf1, 0x80, 0x7f, 0x4e, 0xef, 0x10, 0x1,
    0xf7, 0x7c, 0x20, 0x1f, 0x87, 0xff, 0xc4, 0x0,
    0x6f, 0xff, 0x60, 0x7, 0xff, 0x34, 0x40, 0x3e,
    0x17, 0x0, 0xff, 0xe5, 0x8f, 0xc6, 0x66, 0xa0,
    0xf, 0x56, 0x66, 0xe0, 0xf, 0x84, 0x4e, 0x66,
    0x19, 0x0, 0xf5, 0x81, 0x9e, 0x0, 0x84, 0x3,
    0x84, 0x4f, 0xa6, 0x0, 0x24, 0x0, 0xe, 0x51,
    0x80, 0x73, 0x80, 0x42, 0x93, 0xd0, 0x1, 0xf,
    0xd9, 0x80, 0x4b, 0x9d, 0x20, 0x16, 0x80, 0xf,
    0xc8, 0xc0, 0x32, 0x79, 0x6, 0x30, 0x6, 0x11,
    0x0, 0x47, 0x4d, 0x83, 0x60, 0x11, 0xdd, 0x84,
    0x2, 0x9b, 0x30, 0xa, 0x40, 0x32, 0xc8, 0x0,
    0x99, 0x99, 0x84, 0x0, 0xf2, 0x66, 0x1e, 0x4,
    0x0,

    /* U+8BF4 "说" */
    0x0, 0xff, 0x84, 0x40, 0x1f, 0xfc, 0x21, 0xa6,
    0x0, 0xc3, 0x3d, 0xa0, 0x1c, 0x5f, 0x24, 0x1,
    0x93, 0xd6, 0x4c, 0x2, 0xa6, 0x3, 0x70, 0xd,
    0xc0, 0xda, 0x60, 0x16, 0x8, 0x3, 0x44, 0x1,
    0x20, 0x14, 0x10, 0x1, 0x4c, 0x0, 0xa6, 0x1,
    0x41, 0x80, 0x6, 0x80, 0x4, 0xe0, 0x14, 0x80,
    0xd8, 0x5, 0x0, 0x1d, 0xa2, 0x0, 0x44, 0x9,
    0x58, 0x83, 0x49, 0x58, 0x80, 0x18, 0x8, 0x3,
    0xd, 0x0, 0x29, 0x23, 0x70, 0x41, 0xb7, 0x4a,
    0x1, 0x36, 0xe8, 0x40, 0x32, 0x46, 0xa8, 0x7,
    0xff, 0x1c, 0x46, 0x63, 0x0, 0xff, 0xe3, 0xdf,
    0x77, 0x8, 0x7, 0x66, 0x7d, 0x0, 0x1f, 0xfc,
    0x53, 0x3f, 0x88, 0x3, 0xff, 0xa5, 0xce, 0x80,
    0x1f, 0xfc, 0xa5, 0x8c, 0x0, 0xfe, 0xff, 0xfa,
    0x80, 0x3f, 0xfe, 0x75, 0x50, 0x4, 0xb4, 0x80,
    0x15, 0x54, 0x20, 0x1f, 0xa4, 0xd5, 0x0, 0x2d,
    0x52, 0x0, 0xa, 0xac, 0x1, 0xfa, 0x98, 0xc1,
    0x40, 0x23, 0x0, 0xfa, 0x98, 0xc0, 0x3c, 0x80,
    0x81, 0x80, 0x12, 0x80, 0x7c, 0xb3, 0xc0, 0x1f,
    0xb0, 0x18, 0x0, 0x62, 0x1, 0xff, 0xc0, 0xe0,
    0xc, 0x31, 0x42, 0x0, 0xa0, 0xf, 0xf0, 0x80,
    0x10, 0x2, 0x2c, 0xa5, 0x0, 0x13, 0x0, 0x70,
    0xbc, 0x0, 0x76, 0x10, 0x27, 0x71, 0x80, 0x2e,
    0x0, 0x84, 0x2, 0x87, 0x0, 0x38, 0x0, 0x71,
    0xed, 0xcc, 0x2, 0xb3, 0x0, 0xb4, 0x3, 0xec,
    0x0, 0x86, 0x1, 0x20, 0x7, 0x10, 0x3, 0x2b,
    0x8, 0x4, 0x2a, 0xe0, 0x1f, 0x3c, 0x79, 0x80,
    0x7a, 0x7b, 0xfe, 0xea, 0x0,

    /* U+8BF7 "请" */
    0x0, 0x90, 0x3, 0xfd, 0x77, 0x28, 0x7, 0xe1,
    0xbb, 0x40, 0x0, 0xdd, 0xfc, 0x89, 0x73, 0xbf,
    0x84, 0x31, 0x1, 0xd4, 0x12, 0x23, 0xc0, 0x12,
    0x44, 0x78, 0x83, 0x80, 0x2a, 0x20, 0xf, 0xfe,
    0x39, 0xb8, 0x5, 0xcf, 0xff, 0xe0, 0xa, 0x3f,
    0xfc, 0x60, 0x8, 0x30, 0x4e, 0xe, 0xff, 0xe0,
    0xa, 0x3f, 0xfa, 0x80, 0x37, 0x55, 0x90, 0x8,
    0x7, 0xff, 0x8, 0x40, 0x31, 0x28, 0x5, 0x99,
    0xe0, 0x9, 0xb3, 0x3a, 0x42, 0xb3, 0x32, 0x84,
    0x5d, 0xf8, 0x2, 0x5b, 0xbe, 0xa6, 0x73, 0x3c,
    0x42, 0xef, 0xf0, 0x4, 0x6e, 0xfe, 0xd0, 0xf,
    0xfe, 0x6b, 0x90, 0x6, 0x1f, 0xf7, 0x77, 0xff,
    0xb, 0xee, 0xb4, 0x40, 0x3a, 0xbb, 0xbf, 0xf8,
    0x48, 0x1, 0xff, 0xd9, 0x1c, 0xcf, 0xa8, 0x3,
    0xff, 0x88, 0x3b, 0xbf, 0x58, 0x7, 0xff, 0x14,
    0x47, 0xf0, 0x7, 0xfd, 0xa, 0x1, 0xd, 0x57,
    0xd0, 0x1, 0xfe, 0xa7, 0xd0, 0xc, 0x67, 0xf7,
    0x80, 0x7f, 0x88, 0xc, 0x2, 0x19, 0x9f, 0x9c,
    0x3, 0xff, 0x80, 0xa0, 0x1f, 0xfc, 0x62, 0x10,
    0xd, 0x60, 0x11, 0x7f, 0xfd, 0x80, 0x1f, 0xe1,
    0xc5, 0x0, 0xfc, 0xb3, 0x2f, 0x0, 0x9c, 0x0,
    0x52, 0x5, 0x86, 0x1, 0xfc, 0x4c, 0xc3, 0x0,
    0x8c, 0x2, 0x66, 0x61, 0x0, 0x7f, 0x8c, 0x3,
    0x1d, 0x80, 0x74, 0x88, 0x5, 0x5d, 0xcd, 0x0,
    0xc9, 0xff, 0xb1, 0x0, 0x0,

    /* U+8C03 "调" */
    0x0, 0x9c, 0x80, 0x21, 0x1f, 0xfe, 0x20, 0xe,
    0x47, 0x80, 0x17, 0xbb, 0xff, 0x87, 0xe1, 0x66,
    0x5, 0x20, 0x1f, 0xfc, 0x7b, 0x10, 0x3, 0x28,
    0x7, 0xff, 0x18, 0x68, 0x2, 0xa3, 0x0, 0xbf,
    0xe6, 0x44, 0x6f, 0xfa, 0x40, 0x39, 0x18, 0x1,
    0x6, 0x1, 0xe7, 0x44, 0x30, 0x7, 0xf4, 0x9e,
    0x38, 0x6, 0x1f, 0xf0, 0x80, 0x2f, 0xe0, 0x3,
    0x84, 0x6d, 0x30, 0xf, 0xfe, 0x35, 0x77, 0x65,
    0x0, 0xf2, 0x20, 0x2, 0x34, 0xd0, 0xf, 0xfe,
    0x18, 0xdd, 0x84, 0x1, 0x16, 0xa0, 0x1f, 0xfc,
    0x36, 0xee, 0x8, 0x2, 0xfb, 0x80, 0x1a, 0x2c,
    0x3, 0xf8, 0x46, 0x0, 0xc2, 0x20, 0xc, 0x48,
    0x1, 0xf8, 0x40, 0x3f, 0xf9, 0x8f, 0xff, 0xf8,
    0x3, 0xff, 0x89, 0x99, 0xf2, 0x80, 0x7f, 0x8c,
    0xc0, 0x10, 0x99, 0xfc, 0x40, 0x1f, 0xd9, 0xa2,
    0x0, 0x30, 0xf, 0xfe, 0x33, 0xd, 0x80, 0x4,
    0x2, 0x4f, 0xa0, 0xf, 0xfe, 0x11, 0x80, 0x18,
    0x3, 0xff, 0x8e, 0x20, 0x11, 0x0, 0x49, 0xf4,
    0x1, 0xf9, 0x0, 0x21, 0x80, 0xb, 0x80, 0x3f,
    0x84, 0x3, 0x22, 0x0, 0x1b, 0xe0, 0x12, 0x8a,
    0x27, 0x0, 0x2e, 0x0, 0x3a, 0xce, 0xc9, 0x80,
    0x2, 0x61, 0x77, 0xc0, 0x3, 0x0, 0x8c, 0x2,
    0xc4, 0x40, 0x4, 0xe0, 0x1f, 0x18, 0x7, 0x28,
    0x7, 0x2e, 0xa0, 0x58, 0x7, 0xca, 0x1, 0x13,
    0xc0, 0x7, 0x8a, 0xf4, 0x80, 0x3e, 0x9f, 0xfb,
    0x60, 0x0,

    /* U+8D26 "账" */
    0x0, 0xff, 0xe0, 0x25, 0xdc, 0x1, 0xc6, 0x60,
    0x8, 0x7f, 0xff, 0xa4, 0x9, 0x12, 0x10, 0x8,
    0xb7, 0x44, 0x1, 0xff, 0xc0, 0x30, 0xf, 0xc5,
    0x82, 0x2f, 0x10, 0xf, 0xfe, 0x39, 0xe0, 0x80,
    0x4, 0x40, 0x19, 0x73, 0x2b, 0x0, 0xfe, 0x5c,
    0x10, 0x1, 0xe0, 0x7, 0x1a, 0xc4, 0x18, 0x3,
    0xf5, 0xd0, 0x4, 0x98, 0x1, 0xf7, 0x22, 0x4,
    0x3, 0xf2, 0x80, 0x4d, 0x60, 0x1f, 0xfc, 0x8a,
    0x0, 0x4c, 0x80, 0x3f, 0xf9, 0x29, 0x38, 0xc0,
    0x1f, 0xfc, 0x53, 0xf0, 0x9, 0x49, 0xd1, 0x38,
    0x40, 0x3f, 0xf8, 0x1c, 0xc0, 0x15, 0xdf, 0xe6,
    0x0, 0xff, 0xfa, 0x6c, 0x0, 0x5c, 0x60, 0x6,
    0xee, 0x9c, 0x3, 0x84, 0x0, 0x20, 0x18, 0x40,
    0x32, 0x80, 0x10, 0x46, 0x0, 0xf1, 0x80, 0x7f,
    0xf0, 0x34, 0x0, 0x44, 0x0, 0xfc, 0xe0, 0x3,
    0x0, 0xfe, 0x40, 0xa, 0xc0, 0x30, 0xc4, 0x30,
    0x80, 0x9, 0x54, 0x90, 0xf, 0x94, 0x0, 0xc2,
    0x1, 0x9d, 0xda, 0x1, 0x50, 0x29, 0x80, 0x7d,
    0xc0, 0x15, 0x0, 0x71, 0xb8, 0x6, 0xa6, 0x0,
    0xf1, 0x56, 0x10, 0x1, 0x18, 0x2, 0x2d, 0x0,
    0x10, 0x80, 0x25, 0x80, 0x3b, 0x14, 0x64, 0x2,
    0x95, 0x4, 0xc1, 0x0, 0x76, 0x80, 0x52, 0x78,
    0x1, 0xc6, 0x88, 0x0, 0xa0, 0x38, 0x40, 0x10,
    0x66, 0xc0, 0x2, 0x9b, 0x80, 0x76, 0x85, 0x8,
    0x3, 0xc2, 0xc4, 0x1d, 0xc0, 0x3, 0xa2, 0xa0,
    0x80, 0x9, 0xb9, 0xc0, 0x74, 0x28, 0x80, 0x6d,
    0xe0, 0x3, 0x2e, 0x80, 0x14, 0xdf, 0xa4, 0x40,
    0x23, 0xd5, 0x0, 0x96, 0x0, 0x3f, 0xd9, 0x2,
    0x1, 0xe2, 0x0, 0x80,

    /* U+8D28 "质" */
    0x0, 0xff, 0xe1, 0x89, 0x1a, 0xb3, 0xcd, 0x8,
    0x4, 0x6c, 0xee, 0x89, 0xaa, 0x5e, 0x6f, 0xfb,
    0xb7, 0x2a, 0x61, 0x95, 0x40, 0x15, 0x4c, 0x41,
    0xd9, 0x54, 0x86, 0x40, 0x1f, 0xe3, 0x0, 0xff,
    0xe4, 0x89, 0xa0, 0x80, 0x7c, 0x68, 0xac, 0xf1,
    0x2, 0x0, 0x17, 0x7f, 0xbb, 0x2d, 0x80, 0x3e,
    0xdb, 0xa9, 0x87, 0x73, 0x0, 0x8, 0x40, 0x3f,
    0xf8, 0x2d, 0xff, 0xe4, 0x0, 0xbf, 0xfe, 0x70,
    0xf, 0xff, 0x62, 0xee, 0xf8, 0xc0, 0x2d, 0xdf,
    0x98, 0x3, 0xc6, 0x2, 0x3c, 0x1, 0x84, 0x7c,
    0x42, 0x1, 0xf5, 0xe6, 0x71, 0x80, 0x59, 0x9e,
    0x30, 0xf, 0x84, 0x3, 0xff, 0x90, 0x60, 0x1f,
    0xfd, 0x41, 0xff, 0x54, 0xca, 0xff, 0xd6, 0x1,
    0xf0, 0x80, 0x4, 0x3, 0xe8, 0x99, 0x68, 0x7,
    0xf9, 0x80, 0x6, 0x1, 0xf1, 0x0, 0x4, 0x3,
    0xfc, 0x40, 0x6, 0x0, 0xf1, 0x0, 0x5c, 0x1,
    0xfc, 0x60, 0x11, 0x80, 0x7a, 0xc0, 0x2e, 0x0,
    0xfe, 0x40, 0xb, 0x42, 0xab, 0x3b, 0x0, 0x4f,
    0xce, 0xd7, 0x71, 0x80, 0x24, 0x2, 0x40, 0x35,
    0x8, 0x80, 0x7, 0xc, 0x6e, 0x99, 0x0, 0xc,
    0x20, 0x4, 0x5, 0xae, 0xa3, 0x0, 0x9d, 0x0,
    0x33, 0x6d, 0xa0, 0x50, 0x5, 0xdf, 0x4a, 0x20,
    0x10, 0xd4, 0x5e, 0xb0, 0x6, 0x4b, 0x6d, 0x20,
    0x25, 0x60, 0xc, 0x31, 0xca, 0x0, 0x29, 0xe7,
    0x0, 0x85, 0x87, 0x52, 0x2, 0x80, 0x5a, 0xf9,
    0xc0, 0x3c, 0x31, 0xce, 0x10, 0x1, 0x5a, 0x81,
    0x6f, 0x4a, 0x0, 0x7f, 0x86, 0x39, 0x80,

    /* U+8D85 "超" */
    0x0, 0xe3, 0x88, 0x30, 0x6, 0x11, 0xff, 0x80,
    0x3e, 0x57, 0x75, 0x80, 0x4f, 0xdd, 0xff, 0x40,
    0x4, 0x23, 0x80, 0x21, 0x18, 0x3, 0xff, 0x81,
    0xe0, 0x16, 0x77, 0x20, 0x0, 0x5d, 0xca, 0x10,
    0xf, 0xf8, 0x40, 0x3f, 0xf8, 0x2d, 0xfc, 0x1,
    0x67, 0xf8, 0x40, 0x6, 0x1, 0xff, 0xc3, 0x60,
    0x8, 0xc0, 0x2, 0x0, 0x10, 0xb, 0x3b, 0x90,
    0x0, 0x2e, 0xe5, 0x0, 0x24, 0x0, 0xc0, 0x3,
    0x0, 0x9c, 0x2, 0x11, 0xc0, 0x10, 0x8c, 0x16,
    0x20, 0x3, 0xff, 0x60, 0x4, 0x40, 0x5, 0x88,
    0xb4, 0x0, 0x71, 0x16, 0x20, 0x1, 0xf8, 0x3,
    0x88, 0x40, 0x18, 0xef, 0x20, 0x0, 0x5d, 0xe4,
    0x0, 0x24, 0x20, 0x6, 0x3e, 0x0, 0xff, 0xe1,
    0x4d, 0x2d, 0x80, 0x3f, 0xf6, 0x18, 0x5, 0x8e,
    0xf9, 0x0, 0x4, 0xee, 0x1b, 0x5f, 0xff, 0xe3,
    0x0, 0x2c, 0xee, 0xaf, 0x0, 0xf, 0x10, 0x0,
    0xff, 0xe2, 0x25, 0x52, 0x40, 0x3f, 0xf9, 0xa6,
    0x1, 0x3c, 0xc8, 0x40, 0x2a, 0xee, 0xb4, 0x3,
    0xe3, 0x0, 0xf1, 0x33, 0xc, 0x2, 0x61, 0x18,
    0x80, 0x3f, 0xc2, 0x1, 0xff, 0xca, 0xe0, 0x1,
    0x80, 0x42, 0x67, 0x0, 0x59, 0xff, 0x80, 0x3e,
    0x20, 0x2, 0x68, 0x1, 0x33, 0x2, 0x1, 0xff,
    0xc3, 0x70, 0x9, 0x40, 0x3f, 0xf9, 0x2, 0x40,
    0x1f, 0xee, 0xef, 0xf8, 0xc0, 0xe, 0x1, 0xf2,
    0x43, 0x2a, 0x91, 0x3f, 0xca, 0x61, 0x40, 0x4,
    0x20, 0x8, 0x5e, 0x6a, 0xbf, 0xf8, 0x28, 0x8,
    0x0, 0xec, 0x30, 0xf, 0xfe, 0x31, 0x84, 0x58,
    0xa0, 0xe5, 0xa9, 0x8, 0x7, 0xff, 0x9, 0x40,
    0x9, 0xe2, 0x0, 0x4a, 0xde, 0xff, 0xff, 0xe1,
    0x8,

    /* U+8DEF "路" */
    0x0, 0xff, 0xe1, 0x18, 0x7, 0xfc, 0x26, 0x7f,
    0x80, 0x24, 0xcf, 0xb2, 0x0, 0xfd, 0x79, 0x9f,
    0x88, 0x1, 0x20, 0x5, 0x31, 0x1f, 0x0, 0x7f,
    0xf0, 0x5c, 0x80, 0x3, 0xdd, 0xea, 0x0, 0xff,
    0xe0, 0x1c, 0x0, 0x7f, 0xf1, 0x23, 0xfc, 0x1,
    0xe, 0x80, 0x7f, 0xf2, 0xf8, 0x40, 0x2a, 0xff,
    0xa8, 0x2, 0xf0, 0xf, 0xf8, 0x80, 0x35, 0x18,
    0x25, 0x0, 0x19, 0x0, 0x3a, 0x3f, 0xc0, 0x12,
    0x82, 0x10, 0x3, 0x26, 0xc0, 0x7, 0x20, 0x1f,
    0xfc, 0x8, 0x7b, 0xf0, 0x9, 0x80, 0x7, 0xa0,
    0x1f, 0xfc, 0x28, 0x0, 0x18, 0x7, 0x31, 0x0,
    0x68, 0xcc, 0x50, 0x5, 0x98, 0x36, 0xbd, 0x30,
    0xe, 0x5c, 0xd8, 0x30, 0x45, 0x67, 0x0, 0x9,
    0x9b, 0xe5, 0x0, 0x23, 0x60, 0xc, 0x4f, 0x41,
    0x32, 0x80, 0xc, 0x44, 0x70, 0x8, 0xef, 0x27,
    0x9c, 0x40, 0x2a, 0x0, 0xf8, 0x77, 0x5c, 0x2d,
    0x98, 0x40, 0x0, 0xc7, 0x5b, 0x21, 0x80, 0x7f,
    0x91, 0x9f, 0x7b, 0xbe, 0xa7, 0xe0, 0xf, 0xfe,
    0x8, 0x8f, 0xfc, 0x60, 0x1f, 0x87, 0xfc, 0x60,
    0x1f, 0xfd, 0x1a, 0xae, 0x0, 0xff, 0xe4, 0x2a,
    0xf0, 0x7, 0xff, 0x0, 0x67, 0x18, 0x3, 0xff,
    0x84, 0x20, 0x2, 0xf0, 0x9, 0x8c, 0x3, 0x91,
    0x38, 0x3, 0xb4, 0x2, 0x20, 0xe, 0x10, 0xd,
    0x77, 0xc0, 0x1c, 0xc0, 0x1f, 0xfc, 0xc2, 0x0,
    0x89, 0x1a, 0x6f, 0x9c, 0x3, 0x19, 0xf0, 0x7,
    0x5d, 0x6f, 0xed, 0xcb, 0x20, 0x80, 0x76, 0x67,
    0x0, 0x70,

    /* U+8DF3 "跳" */
    0x0, 0xff, 0xe0, 0xaa, 0xc0, 0xce, 0xe1, 0x0,
    0xea, 0xff, 0xf8, 0x80, 0x2a, 0xa8, 0x6e, 0x20,
    0x40, 0x1f, 0xfd, 0x51, 0x10, 0x4, 0x2e, 0x60,
    0x1f, 0xea, 0x50, 0xe, 0xce, 0x50, 0x6, 0x44,
    0x0, 0x3f, 0x99, 0x6a, 0x80, 0x1f, 0xc4, 0x8,
    0x40, 0x1f, 0x3c, 0x0, 0x38, 0x3, 0xfa, 0x80,
    0x16, 0x1, 0xf4, 0x8, 0x1a, 0x0, 0x6c, 0xe5,
    0x0, 0x29, 0x3, 0x0, 0x7c, 0x60, 0x9, 0x0,
    0xe1, 0x10, 0x6, 0xa0, 0xf, 0xf8, 0xd4, 0x3,
    0xfe, 0x60, 0x50, 0xf, 0x8c, 0x3c, 0x2, 0xaf,
    0xf5, 0x80, 0x1f, 0xc8, 0x7a, 0x80, 0x3e, 0x8e,
    0x30, 0x9, 0x98, 0xa0, 0x1f, 0x9, 0x0, 0x7d,
    0x68, 0x1, 0xa6, 0x56, 0x1, 0x9, 0x0, 0x1f,
    0x40, 0x3f, 0x54, 0x80, 0x7f, 0x36, 0xb6, 0x40,
    0x7, 0xf9, 0xb0, 0x80, 0x3f, 0xa4, 0xc0, 0x38,
    0x40, 0x21, 0x0, 0x1c, 0x0, 0x7f, 0xf0, 0x8,
    0x3, 0xea, 0x50, 0x4, 0x0, 0x7c, 0xfe, 0xa0,
    0xf0, 0x0, 0x20, 0xc, 0xf5, 0x2e, 0x40, 0x1f,
    0xd3, 0x71, 0xa0, 0x6, 0x0, 0xf3, 0x40, 0x7,
    0xf8, 0xd0, 0x18, 0x0, 0x60, 0x1e, 0x7d, 0x80,
    0xf, 0x8e, 0x48, 0x18, 0x40, 0x16, 0x1, 0xef,
    0x26, 0x0, 0x86, 0x40, 0x8, 0xc2, 0x52, 0x0,
    0x23, 0x0, 0xfe, 0xa0, 0x8, 0x80, 0x32, 0xe0,
    0x5, 0x20, 0x1c, 0xa4, 0x80, 0x66, 0x0, 0xfd,
    0x22, 0x0, 0x54, 0x0, 0x8, 0x2, 0x74, 0xc1,
    0xb8, 0x5, 0x1e, 0x73, 0xe0, 0x2, 0x3a, 0x0,
    0x94, 0x3, 0xc6, 0xdd, 0xcb, 0x86, 0x30, 0x78,
    0x2, 0xd0, 0xd, 0xa, 0x20, 0x12, 0x48, 0x88,
    0x3, 0xe7, 0x9c, 0x10, 0xc, 0x35, 0xdf, 0xf5,
    0x88,

    /* U+8FC7 "过" */
    0x0, 0xff, 0xe8, 0x4b, 0x80, 0x7f, 0xf0, 0x27,
    0xfe, 0x10, 0xc, 0x38, 0xd0, 0x80, 0x1f, 0xfc,
    0x85, 0x30, 0x5, 0x8, 0x7, 0xff, 0x1d, 0x1c,
    0x0, 0x3a, 0x2, 0x45, 0xf8, 0xc0, 0x22, 0x28,
    0x2, 0x83, 0x0, 0x1c, 0x56, 0xef, 0xe5, 0x0,
    0xb3, 0x74, 0x40, 0x16, 0x88, 0xd, 0x80, 0x7f,
    0xf2, 0x6, 0x8f, 0xcc, 0x3, 0xff, 0x92, 0x98,
    0x21, 0x39, 0x8b, 0xcc, 0xe5, 0x0, 0xaf, 0x30,
    0x4b, 0x55, 0xd2, 0x4, 0x4f, 0x92, 0x33, 0xe0,
    0x9, 0x4c, 0xc1, 0x8a, 0xbc, 0xe0, 0x7e, 0x65,
    0x40, 0x1f, 0xfc, 0x83, 0x20, 0x2, 0x40, 0x7,
    0xff, 0x23, 0x80, 0x27, 0x50, 0xf, 0xf4, 0xff,
    0x8c, 0x3, 0x8a, 0x80, 0x2a, 0x10, 0xf, 0xfe,
    0x3a, 0xa8, 0x6, 0xc4, 0x3, 0xff, 0x91, 0x69,
    0xe8, 0x1, 0xff, 0xc9, 0x1b, 0x10, 0x8, 0xc0,
    0x3f, 0xf8, 0xec, 0xda, 0x14, 0x2, 0x10, 0xf,
    0xfe, 0x1d, 0xcc, 0xce, 0x1, 0xfe, 0x12, 0x0,
    0x8, 0x7, 0x20, 0x7, 0xca, 0x1, 0xc3, 0x82,
    0x1, 0x48, 0x6, 0xc0, 0xc, 0x24, 0xd6, 0x1,
    0x8b, 0xc8, 0x3, 0x34, 0x0, 0x4b, 0xff, 0xbb,
    0x64, 0x40, 0x34, 0x88, 0x7, 0x9f, 0xaa, 0x1d,
    0x9b, 0xfe, 0x3c, 0x0, 0xa5, 0x80, 0x21, 0x57,
    0x89, 0x9f, 0xf9, 0x94, 0x1, 0x2d, 0x30, 0x1,
    0xff, 0xc5, 0x72, 0x24, 0xb0, 0x1, 0xf9, 0xd0,
    0x40, 0x3f, 0xf8, 0x24, 0x1e, 0xc0, 0x18, 0x62,
    0xfb, 0xff, 0xff, 0x82, 0x0,

    /* U+8FDB "进" */
    0x0, 0x94, 0x3, 0xe4, 0x48, 0x40, 0x2, 0xab,
    0x8, 0x7, 0xaa, 0xa0, 0xe, 0x3b, 0xb9, 0x0,
    0x5, 0x55, 0x28, 0x7, 0x5a, 0x82, 0xc0, 0x7,
    0xff, 0x26, 0x0, 0x27, 0x50, 0xf, 0xfe, 0x41,
    0xc8, 0x5, 0x46, 0xb7, 0xe0, 0x14, 0xdd, 0xbc,
    0x2, 0x8b, 0xa0, 0xc, 0xca, 0x1, 0x36, 0xa1,
    0x80, 0x46, 0x88, 0x30, 0x8, 0xd1, 0x0, 0x1d,
    0x44, 0x16, 0xa0, 0x1f, 0xfc, 0xaf, 0xc4, 0xc,
    0x64, 0x0, 0x91, 0x98, 0x80, 0x12, 0x33, 0x0,
    0x2, 0x67, 0x8, 0x8, 0x24, 0xc0, 0x5, 0xd3,
    0x28, 0x0, 0xbe, 0x60, 0x1, 0x19, 0x9d, 0x0,
    0x1f, 0xfe, 0x83, 0x88, 0x50, 0x5, 0xf1, 0xa,
    0x0, 0xba, 0x20, 0x81, 0xb3, 0x0, 0x19, 0x1d,
    0xcc, 0x1, 0x2b, 0xb9, 0x80, 0x25, 0x77, 0x68,
    0x23, 0x38, 0x7, 0xff, 0x48, 0x46, 0x0, 0xc2,
    0x30, 0x7, 0x8, 0xc0, 0x1f, 0x9b, 0xb9, 0x20,
    0x17, 0xf7, 0x30, 0x2, 0xbe, 0xe4, 0x0, 0x7f,
    0xd4, 0x1, 0x8, 0x7, 0xff, 0x21, 0x4c, 0x0,
    0x80, 0x1f, 0xfc, 0x22, 0x0, 0xe3, 0xa0, 0xb,
    0x80, 0x3f, 0xf8, 0x23, 0xe0, 0x13, 0x19, 0x18,
    0x0, 0x94, 0x3, 0xff, 0x80, 0x38, 0x40, 0x1b,
    0x53, 0x18, 0x38, 0x3, 0x1f, 0x74, 0x80, 0x1a,
    0x88, 0x3, 0x86, 0xb8, 0x8e, 0xe2, 0x3a, 0x66,
    0x88, 0xc1, 0xa0, 0x13, 0xa8, 0x4, 0x28, 0x6e,
    0xff, 0xfc, 0x4, 0x6, 0x10, 0x78, 0xa6, 0x0,
    0xff, 0xe2, 0xa0, 0x2, 0x1a, 0x0, 0x13, 0x8c,
    0x62, 0x1, 0xff, 0xc1, 0xc0, 0x3, 0x48, 0x6,
    0x39, 0xce, 0xff, 0xff, 0xe0, 0xa0, 0x0,

    /* U+8FDE "连" */
    0x0, 0xff, 0xe8, 0xd, 0xa0, 0x7, 0xee, 0xdc,
    0x60, 0xf, 0xf2, 0xfa, 0x50, 0x80, 0x79, 0x44,
    0x8c, 0xc0, 0x1f, 0xef, 0x10, 0x1a, 0x0, 0x2a,
    0xe9, 0x0, 0xca, 0xbf, 0x10, 0x2, 0x84, 0x0,
    0x8e, 0x35, 0x58, 0xc0, 0x2a, 0xaf, 0xe0, 0xa,
    0x80, 0x28, 0x20, 0xf, 0xfe, 0x42, 0x30, 0x1,
    0x44, 0x3, 0xff, 0x93, 0x25, 0x34, 0x5f, 0xe5,
    0x0, 0xb7, 0xff, 0xfa, 0x0, 0x3b, 0x58, 0x2,
    0x25, 0x0, 0x21, 0x77, 0xfb, 0x0, 0x3e, 0x23,
    0x3e, 0x10, 0x4, 0x80, 0x50, 0x1, 0xff, 0xc0,
    0x8c, 0xce, 0x80, 0x54, 0x0, 0x20, 0x18, 0x6,
    0x33, 0xc4, 0x1, 0xfe, 0xc0, 0x9, 0x33, 0x2,
    0x0, 0x3c, 0xcd, 0xc0, 0x1f, 0xfd, 0xe, 0x88,
    0x0, 0x7f, 0xf2, 0xd1, 0xd8, 0x3, 0xa7, 0xff,
    0xc2, 0x0, 0x3f, 0xfd, 0x80, 0x1f, 0xfd, 0x74,
    0xdd, 0xf8, 0x40, 0x7, 0xbb, 0xce, 0x1, 0xf8,
    0x48, 0xbe, 0x0, 0xc4, 0x5d, 0xc0, 0x1f, 0xfd,
    0x67, 0x88, 0xf8, 0x2, 0x28, 0x8e, 0xd0, 0x0,
    0xe8, 0x4, 0xe0, 0xef, 0xf0, 0x80, 0x5, 0xdf,
    0x90, 0x7, 0xc, 0x2, 0x1c, 0x60, 0xf, 0x4b,
    0xba, 0x80, 0x3e, 0x82, 0x0, 0xe1, 0x9e, 0xb9,
    0x9d, 0xc2, 0x2f, 0x99, 0xe8, 0xa, 0x0, 0x90,
    0x3, 0xa, 0x33, 0x7f, 0xf0, 0x54, 0xc, 0x81,
    0x6f, 0x8, 0x3, 0xff, 0x8a, 0x80, 0xa, 0x4a,
    0x3, 0xda, 0x52, 0x10, 0xf, 0xfe, 0xf, 0x80,
    0x1a, 0xc0, 0x32, 0xd6, 0xf7, 0xff, 0xff, 0x5,
    0x80,

    /* U+9009 "选" */
    0x0, 0x8c, 0x3, 0xfc, 0x6e, 0xe6, 0x0, 0xfe,
    0x6c, 0x60, 0xc, 0x7b, 0x4e, 0x17, 0x10, 0x90,
    0xf, 0xcd, 0x21, 0x28, 0x1, 0x21, 0x2c, 0x80,
    0x7f, 0xf0, 0x78, 0x2, 0xa2, 0x0, 0x50, 0x0,
    0x90, 0x80, 0x24, 0x4e, 0x0, 0xa1, 0x0, 0x3,
    0xe0, 0x64, 0x0, 0x3b, 0x50, 0xa, 0xef, 0x8c,
    0x2, 0xb2, 0x0, 0x11, 0xc8, 0x7, 0xff, 0x1f,
    0xc0, 0x16, 0xa, 0x1, 0xff, 0xc2, 0x10, 0xc,
    0x55, 0x89, 0x60, 0x16, 0xff, 0x9c, 0x2, 0xff,
    0xe2, 0x3, 0x88, 0xb6, 0xd6, 0x3a, 0x20, 0x40,
    0x1f, 0xfc, 0x15, 0x77, 0xef, 0x6c, 0xaa, 0x6e,
    0xcc, 0x1, 0x6e, 0xf8, 0x3, 0xf7, 0x11, 0x78,
    0x40, 0x22, 0x2f, 0x0, 0x7f, 0xf3, 0x9b, 0xf8,
    0x3, 0x5c, 0xcc, 0x1, 0x24, 0x80, 0x49, 0x33,
    0x80, 0x3f, 0x1b, 0x34, 0x1, 0x63, 0x8, 0x0,
    0xd8, 0x88, 0xc0, 0x1f, 0xf2, 0x0, 0x46, 0x1,
    0xed, 0xbf, 0x20, 0xf, 0xf7, 0x80, 0x4a, 0x1,
    0xe3, 0x0, 0xff, 0xe0, 0x4a, 0x0, 0x10, 0x40,
    0x31, 0x3, 0x0, 0x7f, 0x8b, 0x18, 0x2, 0x90,
    0xe, 0x5f, 0x30, 0x1, 0x0, 0x10, 0x2, 0x70,
    0x30, 0xa, 0x48, 0x0, 0x80, 0x1e, 0x20, 0x2,
    0x50, 0x4, 0x55, 0x60, 0x8, 0x60, 0xa, 0x10,
    0x40, 0x23, 0xe0, 0x4b, 0x0, 0xe7, 0xc8, 0xa7,
    0x0, 0xc5, 0x7d, 0xff, 0x61, 0x81, 0x0, 0x7c,
    0xf3, 0xee, 0xcd, 0xff, 0xc0, 0x34, 0x0, 0x9c,
    0x40, 0x21, 0x58, 0x99, 0xff, 0xe0, 0x31, 0x10,
    0x1a, 0x30, 0x80, 0x3f, 0xf8, 0xae, 0x8, 0xb2,
    0x5, 0xb4, 0xa4, 0x1, 0xff, 0xc2, 0x20, 0xba,
    0x0, 0xcb, 0x5b, 0xff, 0xff, 0xc2, 0x0,

    /* U+900F "透" */
    0x0, 0x98, 0x3, 0xff, 0x84, 0x26, 0x8a, 0xc0,
    0x11, 0x64, 0xc8, 0x2, 0x9b, 0xcc, 0x6e, 0xbb,
    0xfe, 0xec, 0xba, 0x80, 0xb, 0xc, 0x18, 0xc0,
    0xa, 0x86, 0x62, 0x20, 0x80, 0x7c, 0x20, 0x15,
    0x0, 0x5c, 0x1, 0xf0, 0x80, 0x48, 0xcf, 0x15,
    0x60, 0x12, 0x28, 0x0, 0xa0, 0x33, 0xff, 0x68,
    0x5, 0x53, 0xe, 0xa8, 0x1, 0xac, 0x40, 0x3,
    0x7f, 0xfd, 0x80, 0x17, 0x7f, 0xf8, 0x40, 0x3,
    0x5, 0x72, 0xe0, 0x1f, 0xfc, 0x86, 0xd4, 0xa,
    0x77, 0x28, 0x7, 0xf3, 0x3b, 0xc2, 0x2, 0x3c,
    0xd, 0x1e, 0xa0, 0x1f, 0xcf, 0xd1, 0x0, 0xae,
    0xee, 0x48, 0xf8, 0x0, 0xc, 0x80, 0x4c, 0x0,
    0x19, 0xe7, 0x10, 0xf, 0x53, 0x80, 0x4b, 0xea,
    0x1, 0x46, 0x10, 0x0, 0x61, 0xc0, 0x3d, 0x20,
    0x1, 0x8e, 0x56, 0x77, 0x95, 0xe6, 0x8, 0x5,
    0xb1, 0x50, 0x2, 0x65, 0xb1, 0x8b, 0xb5, 0x3b,
    0xd7, 0x71, 0xed, 0x58, 0x35, 0x40, 0x6, 0xa4,
    0x0, 0xff, 0x94, 0x15, 0x40, 0x1f, 0xe9, 0x70,
    0x9, 0xe1, 0xc0, 0x27, 0x66, 0x10, 0x7, 0xf9,
    0xb8, 0x2, 0x87, 0xc0, 0xa, 0x66, 0x60, 0xf,
    0xfa, 0xc0, 0x8, 0x0, 0x30, 0xf, 0x30, 0x7,
    0xf1, 0xe9, 0x0, 0x20, 0x0, 0xff, 0xee, 0x0,
    0x88, 0x3, 0xf5, 0xe1, 0x0, 0x1c, 0xc2, 0xab,
    0x60, 0x1, 0x0, 0x21, 0xe0, 0x9, 0xb8, 0x2,
    0x88, 0x0, 0x1d, 0x56, 0x20, 0x6, 0x80, 0x7,
    0x8, 0x2, 0x82, 0x83, 0xb7, 0x0, 0x90, 0x2,
    0x13, 0x86, 0x0, 0x51, 0x0, 0x74, 0x52, 0x12,
    0xae, 0xca, 0xaa, 0xe4, 0x95, 0x47, 0xa0, 0x12,
    0x80, 0x44, 0xf3, 0x55, 0xff, 0xc1, 0x47, 0x0,
    0x45, 0x50, 0x40, 0x3f, 0xf8, 0xa8, 0x29, 0xe,
    0xb, 0xf0, 0x82, 0x1, 0xff, 0xc2, 0x30, 0xa7,
    0x0, 0x85, 0xef, 0xbf, 0xff, 0xf8, 0x40,

    /* U+9192 "醒" */
    0x8e, 0xef, 0xf8, 0xff, 0xff, 0xd0, 0x0, 0x11,
    0xff, 0x9c, 0x3, 0xfc, 0x20, 0x1f, 0xfc, 0x41,
    0x33, 0xc4, 0x1, 0xa3, 0xfc, 0x60, 0x34, 0x0,
    0xaf, 0xf3, 0x80, 0x13, 0x77, 0x50, 0x7, 0xf8,
    0x40, 0x2, 0x1, 0xcb, 0xdd, 0xa0, 0x3, 0xe,
    0x60, 0xc0, 0x64, 0x1, 0x38, 0xe0, 0x1f, 0xfc,
    0x23, 0x30, 0x4, 0x40, 0x2, 0x3e, 0x0, 0x97,
    0xbb, 0x40, 0x7, 0xff, 0x1d, 0x2a, 0xb8, 0x3,
    0xed, 0x11, 0x50, 0x4a, 0x0, 0x70, 0xa2, 0x62,
    0x0, 0xf8, 0xc4, 0xc4, 0xc, 0x3, 0xff, 0x84,
    0x20, 0x18, 0xc0, 0x3f, 0x1a, 0x36, 0x7b, 0x35,
    0xff, 0x40, 0x6, 0x40, 0x60, 0x1, 0x80, 0x44,
    0x8d, 0x60, 0xcd, 0x10, 0x7, 0xd0, 0x18, 0xe1,
    0x28, 0x0, 0x50, 0x3, 0xf8, 0x5, 0xbf, 0xf1,
    0x0, 0x42, 0xa, 0x20, 0x1d, 0x40, 0x1f, 0xfc,
    0x45, 0x22, 0x4a, 0x80, 0x14, 0x80, 0x3f, 0xf8,
    0x67, 0xac, 0xc0, 0xc0, 0x1, 0x80, 0xf7, 0xf8,
    0x2, 0xdf, 0xf8, 0x80, 0x23, 0x89, 0x9c, 0x0,
    0x32, 0x1e, 0xff, 0x0, 0x5b, 0xfe, 0x90, 0xf,
    0xfe, 0x2, 0xe8, 0x80, 0x7f, 0xf0, 0x92, 0xef,
    0x80, 0x31, 0x88, 0xc0, 0x10, 0x8e, 0x0, 0xc2,
    0xef, 0xc0, 0x1b, 0x7b, 0xa0, 0xb, 0xfb, 0x90,
    0x1, 0x97, 0x33, 0x80, 0x2d, 0xee, 0xc0, 0x17,
    0xf7, 0x52, 0x1, 0xff, 0xc0, 0x31, 0x1c, 0x1,
    0x8, 0xe3, 0x0, 0x89, 0xdf, 0xed, 0x0, 0xff,
    0xe2, 0x24, 0x47, 0xc9, 0xdf, 0xff, 0xf5, 0x0,

    /* U+91CA "释" */
    0x0, 0xf0, 0x9b, 0x28, 0x8, 0xff, 0xf0, 0x40,
    0xa6, 0xaf, 0x7f, 0xb2, 0x64, 0x1f, 0xdd, 0xff,
    0x50, 0x1, 0x95, 0x8, 0x3, 0x10, 0x7, 0xff,
    0xc, 0xc0, 0x3e, 0x12, 0x0, 0xff, 0xe1, 0x89,
    0xa3, 0x80, 0x59, 0x8f, 0x6, 0x0, 0xaf, 0xfe,
    0x50, 0xb, 0x80, 0x9c, 0x20, 0x2, 0x1b, 0xc8,
    0x81, 0x80, 0x2d, 0x2, 0x54, 0x0, 0xaa, 0x0,
    0x22, 0x8, 0x3, 0x38, 0x60, 0x68, 0x80, 0x2f,
    0x18, 0x0, 0x74, 0x0, 0x24, 0xa, 0x0, 0xa8,
    0x49, 0x0, 0x70, 0x40, 0x6, 0x0, 0x4c, 0x0,
    0xde, 0xc, 0x1, 0x30, 0x50, 0x1, 0x20, 0x40,
    0x39, 0x65, 0x0, 0x24, 0x7c, 0x0, 0xa9, 0x99,
    0x5f, 0x6a, 0x1, 0xe1, 0x6b, 0xf8, 0x3f, 0x7d,
    0x0, 0xad, 0xb0, 0xc0, 0x32, 0x5f, 0x38, 0x80,
    0x6d, 0x70, 0xf, 0xc7, 0x0, 0x4f, 0xb0, 0x6d,
    0xdc, 0xb6, 0x20, 0x50, 0xf, 0xf0, 0xee, 0xa0,
    0xae, 0x21, 0x20, 0x93, 0xbe, 0x9, 0xfe, 0x10,
    0xb, 0x7f, 0x93, 0x7f, 0xe7, 0x0, 0xbf, 0xf6,
    0x80, 0x4c, 0x20, 0x15, 0x8, 0x8, 0x7, 0xff,
    0x0, 0xc0, 0x28, 0x0, 0xcf, 0xee, 0x1, 0xff,
    0xc4, 0x81, 0x0, 0xe1, 0x81, 0xcc, 0xca, 0x1,
    0x66, 0x70, 0x23, 0x80, 0x7c, 0x48, 0x67, 0x88,
    0x2, 0x33, 0xc4, 0x6, 0x0, 0x70, 0xb, 0x1e,
    0xbf, 0xf9, 0xc0, 0x2f, 0xfe, 0xa3, 0x1, 0x80,
    0x8, 0x61, 0x80, 0x3f, 0xf8, 0x6a, 0x1a, 0x1,
    0xff, 0xca, 0x1a, 0x30, 0xf, 0xe, 0x67, 0x28,
    0x5, 0x99, 0xd0, 0xa, 0x1, 0xf8, 0xcf, 0x88,
    0x2, 0x33, 0xe2, 0x0, 0xff, 0xf5, 0x7f, 0xc4,
    0x1, 0xf4, 0x7f, 0xc0, 0x1e,

    /* U+91CC "里" */
    0x0, 0x9, 0x9f, 0xff, 0x20, 0x3, 0x4e, 0x67,
    0xff, 0x20, 0x40, 0x3f, 0xfd, 0xbd, 0xff, 0x68,
    0x4, 0xdf, 0xf9, 0x40, 0x3f, 0xfb, 0x19, 0xbb,
    0x78, 0x4, 0xfb, 0xb9, 0x40, 0x3f, 0xe2, 0x2e,
    0x0, 0x84, 0x8b, 0x0, 0x7f, 0xf6, 0x7b, 0xfe,
    0xd0, 0x9, 0xbf, 0xf2, 0x80, 0x7f, 0xf6, 0x3b,
    0xfe, 0xd0, 0x9, 0xbf, 0xf2, 0x80, 0x7f, 0xfb,
    0x6b, 0x33, 0xea, 0x0, 0x97, 0x33, 0xf0, 0x80,
    0x44, 0x67, 0xf3, 0x80, 0x46, 0x7f, 0xc0, 0x1b,
    0xbf, 0xfe, 0xd0, 0x9, 0xbf, 0xff, 0x38, 0x7,
    0xff, 0xa7, 0x37, 0x7e, 0xc0, 0x9, 0x77, 0x7f,
    0x30, 0x4, 0x45, 0xf8, 0x40, 0x23, 0x22, 0xfc,
    0x20, 0x7f, 0xff, 0xda, 0x1, 0x37, 0xff, 0xf5,
    0x80, 0x7f, 0xf9, 0x8f, 0x33, 0xff, 0x97, 0x20,

    /* U+91CD "重" */
    0x0, 0xff, 0xe1, 0x88, 0x88, 0xd1, 0xa, 0x80,
    0x19, 0xee, 0xd9, 0x8d, 0xdb, 0xb9, 0xff, 0x77,
    0x37, 0x2e, 0xd5, 0x0, 0x1b, 0x91, 0x6, 0x62,
    0x28, 0x44, 0x1, 0xfe, 0x20, 0xc, 0x20, 0x10,
    0x8c, 0x44, 0x0, 0x89, 0x98, 0xf1, 0x35, 0x50,
    0x0, 0x4e, 0xf3, 0x2d, 0xdb, 0xac, 0x2, 0x4a,
    0xa5, 0xa2, 0xb3, 0x1c, 0xcc, 0x99, 0x9f, 0xd2,
    0x1, 0x36, 0x67, 0xf7, 0x0, 0x7f, 0xf3, 0x57,
    0xbb, 0xfa, 0x80, 0x27, 0xee, 0xfe, 0xc0, 0x15,
    0xee, 0xfa, 0x80, 0x27, 0xee, 0xfa, 0x44, 0x40,
    0x1f, 0xfc, 0xa1, 0x0, 0xfd, 0x17, 0x74, 0x0,
    0x4b, 0x77, 0x80, 0x3f, 0xf8, 0x2, 0xef, 0x8,
    0x4, 0x6e, 0xf8, 0x3, 0xff, 0x81, 0x39, 0x94,
    0x80, 0x4d, 0x99, 0x80, 0x3f, 0xf8, 0x2, 0x3c,
    0x1, 0x8, 0xf0, 0x7, 0xff, 0x2, 0xbb, 0xaa,
    0x0, 0xa7, 0xbb, 0x0, 0x7f, 0xf0, 0x2f, 0xfe,
    0xb0, 0xa, 0x3f, 0xf0, 0x7, 0xff, 0x55, 0x3b,
    0xbe, 0xb0, 0x9, 0xfb, 0xbe, 0x90, 0xd, 0xdd,
    0xfa, 0xc0, 0x27, 0xee, 0xfb, 0xd0, 0x2, 0x10,
    0xf, 0xfe, 0x65, 0x57, 0xe7, 0x0, 0x96, 0xab,
    0xf2, 0x80, 0xa8, 0x7, 0xff, 0x25, 0x12, 0xaa,
    0xfe, 0x70, 0x9, 0x6a, 0xbf, 0xa4, 0x3, 0xff,
    0x9a, 0xbb, 0xbf, 0xfc, 0xbc,

    /* U+91CF "量" */
    0x0, 0x23, 0x37, 0xff, 0x1c, 0x40, 0x37, 0xcc,
    0xff, 0xf1, 0xd4, 0x3, 0xf2, 0xaf, 0xff, 0x0,
    0xc0, 0x3f, 0xf8, 0x2, 0x3f, 0xfc, 0x0, 0xf,
    0xfe, 0xa, 0x27, 0xff, 0x0, 0xc0, 0x3f, 0xf8,
    0x13, 0x3f, 0xfc, 0x6, 0x0, 0xff, 0xe0, 0x4c,
    0xff, 0xf0, 0x18, 0x3, 0xf4, 0x55, 0x7f, 0xf1,
    0xd4, 0x1, 0x59, 0xf3, 0x3f, 0xfc, 0x7d, 0xc5,
    0x73, 0x3f, 0xfe, 0x67, 0xe6, 0x7f, 0xf2, 0xdc,
    0x8d, 0x7f, 0xff, 0xf8, 0xe4, 0x62, 0x0, 0xe3,
    0x3f, 0xfe, 0x40, 0x7, 0xed, 0xdc, 0xc0, 0x15,
    0xee, 0xce, 0x1, 0xff, 0xc0, 0xdd, 0xcc, 0x1,
    0x5e, 0xec, 0xe0, 0x1f, 0xfc, 0x2, 0x2c, 0x20,
    0x11, 0x16, 0x10, 0xf, 0xfe, 0x6, 0x66, 0x60,
    0xb, 0xb3, 0x29, 0x0, 0xff, 0xe0, 0x77, 0x67,
    0x0, 0xb3, 0xba, 0x80, 0xf, 0xe1, 0x1f, 0x80,
    0x30, 0x8f, 0xe0, 0xc, 0x3f, 0x33, 0xf2, 0x0,
    0x4d, 0x33, 0xf3, 0x80, 0x45, 0x11, 0xf9, 0x0,
    0x27, 0x88, 0xfc, 0x1, 0x1d, 0xdf, 0xe5, 0x0,
    0xaa, 0xef, 0xee, 0x0, 0x67, 0xdd, 0xfe, 0x50,
    0xa, 0xae, 0xfe, 0xcf, 0x51, 0x0, 0xff, 0xe6,
    0x7e, 0xef, 0xff, 0x2d, 0x40,

    /* U+949F "钟" */
    0x0, 0x15, 0xcb, 0x8, 0x7, 0xe8, 0x88, 0xc0,
    0x3f, 0x22, 0x1a, 0x40, 0x3f, 0x99, 0xdc, 0x80,
    0x1f, 0xb4, 0x0, 0x40, 0x22, 0x0, 0xff, 0xe2,
    0x8a, 0x0, 0xb, 0xba, 0x50, 0xf, 0xfe, 0x23,
    0x80, 0x7c, 0x6e, 0xfc, 0x20, 0xc, 0x77, 0xe1,
    0xb, 0x0, 0xfb, 0xa2, 0x38, 0x2, 0x48, 0x8e,
    0x36, 0x20, 0x5, 0x77, 0x6b, 0x0, 0xff, 0xe1,
    0xd0, 0x0, 0x5c, 0xce, 0x0, 0xe2, 0x20, 0x4,
    0x24, 0x40, 0xd, 0xe0, 0x1, 0xdd, 0xe0, 0xd,
    0xba, 0x10, 0x4, 0xee, 0x0, 0x63, 0x50, 0xf,
    0xfe, 0x61, 0x80, 0x7f, 0xf3, 0x27, 0xc0, 0x27,
    0xfc, 0x0, 0xff, 0xee, 0xa5, 0x50, 0x2, 0x5a,
    0xa3, 0x80, 0x7f, 0xf0, 0xcd, 0x54, 0x1, 0x12,
    0xa8, 0x3, 0x33, 0x4, 0x1, 0xac, 0xc0, 0xf,
    0xfe, 0x2c, 0xc8, 0x2, 0x59, 0x80, 0xc, 0x46,
    0x60, 0x8, 0x4c, 0xc0, 0x1f, 0xfc, 0x45, 0xcc,
    0x0, 0x4d, 0x98, 0x70, 0xf, 0xfe, 0x61, 0xff,
    0xf0, 0x80, 0x23, 0xff, 0x88, 0x3, 0xe5, 0xe3,
    0x0, 0xff, 0xe4, 0xbd, 0xa, 0x0, 0x7f, 0xf1,
    0x4c, 0x3, 0xd8, 0x1, 0xff, 0xc5, 0x80, 0xe,
    0x59, 0x0, 0xff, 0xe2, 0xf0, 0x4, 0x99, 0x44,
    0x1, 0xff, 0xc5, 0x52, 0x3c, 0xb3, 0x0, 0xff,
    0xe4, 0x66, 0xc, 0x3, 0xfb, 0xbf, 0xce, 0x1,
    0xe0,

    /* U+94A0 "钠" */
    0x0, 0x17, 0x53, 0x88, 0x7, 0xe8, 0x99, 0x20,
    0x7, 0xc8, 0x2b, 0x6, 0x1, 0xf9, 0xd9, 0x98,
    0x1, 0xf6, 0x80, 0x8, 0x80, 0x1f, 0xfc, 0x61,
    0x40, 0x1, 0x7f, 0xc0, 0x23, 0xc0, 0x18, 0x47,
    0x82, 0x40, 0x3e, 0x6e, 0xee, 0x0, 0x9f, 0xbb,
    0x81, 0xc0, 0x3f, 0xf9, 0x4e, 0x1, 0x56, 0x66,
    0x0, 0xff, 0xe1, 0xe0, 0x0, 0x98, 0x2, 0x20,
    0xd, 0xba, 0x0, 0x9f, 0x58, 0x2, 0x90, 0x1,
    0x66, 0x67, 0x0, 0xc4, 0x40, 0xb, 0x88, 0x40,
    0x22, 0x40, 0xf, 0xfe, 0x0, 0x80, 0x46, 0x1,
    0xff, 0xc7, 0x20, 0x9, 0x80, 0x3d, 0x7c, 0x1,
    0x57, 0xb0, 0x7, 0x28, 0x5, 0x40, 0x1f, 0xfc,
    0x7a, 0x0, 0x99, 0x80, 0x19, 0xbf, 0x80, 0x2a,
    0xfd, 0x0, 0xc6, 0x60, 0xd, 0x26, 0x1, 0x8,
    0x7, 0xc6, 0x1, 0xb8, 0x2, 0x20, 0x2, 0x0,
    0x7f, 0xf1, 0x8, 0x0, 0xd2, 0x1, 0xe5, 0xaa,
    0x0, 0x4f, 0x54, 0x0, 0xc4, 0x0, 0xb4, 0x50,
    0xe, 0x25, 0x40, 0xb, 0x55, 0x0, 0x37, 0x84,
    0x10, 0x41, 0x30, 0x7, 0xfc, 0x80, 0x18, 0xad,
    0xc0, 0x5, 0xa2, 0x1, 0xfc, 0x59, 0xe0, 0x1c,
    0x80, 0x1f, 0xfc, 0x38, 0x37, 0x0, 0xff, 0x84,
    0x3, 0x8c, 0x3, 0x88, 0x3, 0xe5, 0x88, 0x4b,
    0x0, 0x72, 0x80, 0x74, 0x0, 0x7c, 0x4e, 0xe6,
    0x0, 0x84, 0x0, 0xc0, 0x12, 0x73, 0x0, 0x7c,
    0x40, 0x1e, 0x40, 0x0, 0xb8, 0xd5, 0x88, 0x7,
    0xe7, 0x0, 0xc2, 0xb6, 0x1, 0x47, 0x28, 0x4,
    0xdb, 0xae, 0x0, 0x8b, 0xff, 0x75, 0x8,

    /* U+94AE "钮" */
    0x0, 0x92, 0x59, 0x0, 0x3f, 0xf9, 0x5e, 0xd3,
    0x0, 0x1b, 0x37, 0x7f, 0xf8, 0x8, 0x1, 0xa,
    0x0, 0x14, 0x8a, 0x2, 0x2f, 0xfe, 0x8, 0x6,
    0x60, 0x9, 0xb7, 0x65, 0x0, 0xff, 0xe0, 0xb8,
    0x5, 0x20, 0x1f, 0x91, 0x6, 0x1, 0x1a, 0x20,
    0xc0, 0x21, 0x0, 0x28, 0x80, 0x7c, 0x35, 0x70,
    0x1, 0x7d, 0xda, 0x40, 0x3d, 0x0, 0x3, 0xff,
    0xe4, 0x0, 0x8, 0x4, 0x20, 0x3, 0x0, 0x8c,
    0x0, 0xe0, 0xa, 0x22, 0xc2, 0x1, 0x18, 0x4,
    0x60, 0x1, 0x0, 0x84, 0x1, 0x60, 0x9, 0xdd,
    0xd8, 0x1, 0x8, 0x4, 0x20, 0xf, 0x0, 0xf0,
    0x88, 0x3, 0xfd, 0xe0, 0x1f, 0xfc, 0xb3, 0x31,
    0x0, 0x4, 0xce, 0x20, 0x0, 0x80, 0x6e, 0xc0,
    0xb, 0xfd, 0xa3, 0x98, 0x50, 0x0, 0xe6, 0x4a,
    0x1, 0xff, 0xd0, 0x30, 0xb, 0x3f, 0x0, 0x2f,
    0xf9, 0x40, 0x3f, 0xf8, 0x2, 0x1, 0x8, 0x7,
    0xe6, 0xff, 0x8, 0x1, 0x7f, 0xe3, 0x0, 0xff,
    0xe3, 0x8, 0x0, 0x80, 0x21, 0x0, 0x38, 0x5,
    0xf9, 0x40, 0x16, 0x64, 0x40, 0x1d, 0xe0, 0x11,
    0x80, 0x4, 0x2, 0x23, 0x60, 0x8, 0xce, 0x0,
    0x8, 0x4, 0x20, 0x1f, 0xfc, 0x52, 0x20, 0x0,
    0xc0, 0x23, 0x0, 0x84, 0x0, 0x60, 0x1f, 0xd1,
    0xa8, 0x0, 0x10, 0x8, 0x40, 0x3c, 0x20, 0x1f,
    0xce, 0x1e, 0xee, 0xa0, 0xb, 0x5d, 0xd0, 0x1,
    0x23, 0x98, 0x5, 0x60, 0x1c, 0xb1, 0x6, 0x0,
    0x9a, 0x20, 0xe0, 0x11, 0xc5, 0x80, 0x46, 0x1,
    0x9b, 0x40, 0x3f, 0xf8, 0xf2, 0x0, 0x4d, 0x91,
    0x0, 0xff, 0xe3, 0x94, 0xdd, 0x88, 0x1, 0xff,
    0xff, 0xc3, 0x80,

    /* U+94FE "链" */
    0x0, 0x1e, 0xdc, 0x0, 0x49, 0x0, 0x1c, 0xb3,
    0x8, 0x1, 0xf5, 0x12, 0x10, 0x2, 0xad, 0xd4,
    0x3, 0x73, 0x3e, 0x0, 0x7c, 0xe0, 0xf, 0x11,
    0x60, 0x3, 0xc1, 0x15, 0x48, 0x1, 0x2a, 0xe1,
    0x4, 0x10, 0x5, 0x77, 0x14, 0x0, 0x81, 0x35,
    0x40, 0x9, 0xea, 0xb2, 0x7, 0x0, 0x78, 0x88,
    0x2, 0x80, 0x1f, 0xfc, 0x2, 0x50, 0xf, 0x90,
    0x0, 0x6c, 0x40, 0x11, 0x17, 0x86, 0x0, 0xb,
    0xdd, 0x87, 0x63, 0x5e, 0xf8, 0x2, 0xcf, 0xf6,
    0xec, 0x8c, 0x0, 0x91, 0x1c, 0x8, 0xe4, 0x0,
    0xb0, 0x2, 0xc6, 0xe8, 0x80, 0x2f, 0x0, 0x67,
    0xfc, 0xa2, 0x38, 0x0, 0xc0, 0xe, 0x0, 0xf8,
    0xc4, 0x3, 0x8b, 0xbb, 0x32, 0x8, 0xb, 0x98,
    0x1, 0xcc, 0xc0, 0x1f, 0xfc, 0x2c, 0x0, 0xe,
    0x28, 0x2, 0xb3, 0x0, 0xc, 0x60, 0x2, 0xe2,
    0x0, 0x70, 0x80, 0x7f, 0xf0, 0x8, 0x40, 0x4,
    0x66, 0xc1, 0x0, 0x84, 0x78, 0x2, 0x11, 0x81,
    0x21, 0x0, 0x9, 0x10, 0x30, 0xd, 0x1d, 0xd6,
    0x0, 0x59, 0xdc, 0xc, 0x73, 0x0, 0x1b, 0xb8,
    0x3, 0x84, 0x8a, 0x60, 0x9, 0x88, 0x82, 0x1,
    0xff, 0xc1, 0xbd, 0xda, 0xc0, 0x2b, 0xdd, 0x4e,
    0x31, 0x80, 0x9, 0x98, 0x1, 0xff, 0xc5, 0x49,
    0x40, 0x2, 0xcc, 0x80, 0x3f, 0xf9, 0x82, 0x1,
    0xd5, 0xff, 0x68, 0x5, 0x9f, 0xe8, 0x0, 0xe2,
    0xc7, 0x41, 0x0, 0x50, 0x7, 0xe1, 0x0, 0xfc,
    0xa7, 0xf4, 0x1, 0x1c, 0x0, 0x7f, 0xf1, 0x98,
    0x40, 0x33, 0xec, 0x33, 0xd5, 0x4e, 0xab, 0x0,
    0x14, 0x3, 0xe4, 0x30, 0x1, 0x3c, 0xd5, 0x7d,
    0x20, 0x4, 0x0, 0x1e, 0x10, 0xd, 0x69, 0x80,
    0x7f, 0xca, 0x0, 0x81, 0x8c, 0x3e, 0xa, 0x11,
    0x64, 0xa0, 0x80, 0x7e, 0xe0, 0x0, 0xf3, 0x80,
    0xf, 0x10, 0x2, 0x6b, 0xef, 0xff, 0xce,

    /* U+9501 "锁" */
    0x0, 0xae, 0xd0, 0x60, 0x18, 0x80, 0x2c, 0xc8,
    0xc0, 0x22, 0x0, 0xe1, 0x44, 0x3a, 0x0, 0x51,
    0xa8, 0x0, 0x33, 0x98, 0x1, 0x3a, 0xa0, 0x1a,
    0x40, 0x24, 0x11, 0x43, 0x85, 0x98, 0x7, 0x99,
    0x81, 0x4a, 0x1, 0x30, 0x5, 0x9d, 0xf4, 0x1,
    0x69, 0x0, 0x65, 0x90, 0x1, 0x28, 0x1, 0x84,
    0x3, 0xc5, 0x60, 0x1, 0x70, 0xd, 0x20, 0x17,
    0x80, 0x50, 0x1, 0xf9, 0x20, 0x29, 0x40, 0x36,
    0x30, 0x59, 0x0, 0x1c, 0x40, 0x13, 0xff, 0x70,
    0x12, 0xd3, 0x98, 0x4, 0x65, 0x74, 0xc4, 0x0,
    0xd0, 0x0, 0x92, 0x24, 0x47, 0xba, 0xad, 0xc0,
    0xa, 0x77, 0x55, 0xb8, 0x0, 0xb1, 0x1, 0xbb,
    0xd4, 0x1, 0xff, 0xc5, 0x16, 0x0, 0xff, 0xe6,
    0xf8, 0x7, 0xfd, 0xbd, 0xde, 0x80, 0xf, 0x3f,
    0x0, 0x57, 0xf0, 0x1, 0x8c, 0x7f, 0xb8, 0xe2,
    0x20, 0xf, 0x9, 0x80, 0x61, 0x10, 0x7, 0xff,
    0x14, 0xfb, 0x40, 0x2b, 0xef, 0x0, 0xf0, 0x80,
    0x7f, 0xf4, 0xc, 0x3, 0xff, 0x92, 0x40, 0x10,
    0x80, 0x7c, 0x7d, 0xa0, 0x15, 0x77, 0x80, 0x72,
    0x0, 0x4e, 0x1, 0xf8, 0x4c, 0x2, 0x11, 0x80,
    0x3b, 0x40, 0x2b, 0x0, 0xff, 0xe1, 0x20, 0x94,
    0x44, 0x88, 0x0, 0x9f, 0x17, 0xb9, 0xe0, 0x1f,
    0xbe, 0xd8, 0x5d, 0xc7, 0x40, 0x1c, 0x79, 0x22,
    0x20, 0xf, 0xc8, 0x16, 0x3, 0x36, 0x1, 0x18,
    0x80, 0x4f, 0x84, 0x1, 0x88, 0x3, 0x8e, 0xb9,
    0x80, 0x23, 0xcf, 0x40, 0x8, 0xf5, 0xc0, 0x2a,
    0x0, 0x86, 0x95, 0x40, 0x19, 0x70, 0x6, 0xe4,
    0x3, 0x58, 0x5, 0x2, 0x9, 0xeb, 0x0, 0x10,
    0xd5, 0x0, 0x33, 0x61, 0x0, 0x38, 0x2, 0x1b,
    0x9b, 0x10, 0x25, 0x29, 0xe5, 0x0, 0xf1, 0xea,
    0xc1, 0x0, 0x65, 0x60, 0xd, 0x5a, 0xc0, 0x1f,
    0xea, 0x70, 0x0,

    /* U+957F "长" */
    0x0, 0xca, 0xcc, 0x40, 0xf, 0xf8, 0x50, 0x3,
    0xf4, 0x4c, 0xa0, 0x3, 0xfc, 0xfd, 0x40, 0x1f,
    0xfc, 0x85, 0xd8, 0x1, 0x70, 0xf, 0xfe, 0x2a,
    0x65, 0x10, 0x5, 0x20, 0x1f, 0xfc, 0x36, 0xdb,
    0x30, 0xc, 0x7a, 0x1, 0xff, 0xc0, 0x39, 0xf9,
    0x20, 0xc, 0x55, 0x86, 0x1, 0xff, 0xc0, 0x86,
    0x0, 0xe2, 0x9d, 0x50, 0xf, 0xfe, 0x17, 0x0,
    0x63, 0xad, 0x60, 0xf, 0xfe, 0x22, 0x80, 0xb6,
    0x61, 0x40, 0x3f, 0xf8, 0xf7, 0xf2, 0x60, 0x1f,
    0xf2, 0x7f, 0xc4, 0x0, 0x3f, 0xf5, 0xf7, 0xff,
    0xff, 0x0, 0x80, 0x3f, 0xfc, 0xcc, 0xd8, 0x40,
    0x2, 0xcd, 0x10, 0x4, 0xcd, 0xfc, 0x65, 0x33,
    0x18, 0x0, 0xa6, 0x6e, 0x0, 0xba, 0x67, 0xf0,
    0x80, 0x7f, 0xc6, 0x80, 0x8, 0x30, 0xf, 0xfe,
    0x44, 0x80, 0x5c, 0x20, 0x1f, 0xfc, 0x72, 0x80,
    0x1, 0x61, 0x0, 0x7f, 0xf1, 0x95, 0x48, 0x0,
    0x2d, 0x60, 0xf, 0xfe, 0x11, 0xcf, 0xd3, 0x51,
    0x0, 0x53, 0xaa, 0x1, 0xfe, 0x2d, 0xc6, 0x0,
    0x10, 0xe1, 0x80, 0x45, 0x5d, 0x2, 0x1, 0x19,
    0x0, 0x4, 0x80, 0x30, 0x80, 0xe3, 0x0, 0x61,
    0x61, 0x0, 0xac, 0x3, 0xe4, 0xa7, 0x0, 0xa6,
    0xc8, 0x2, 0x80, 0xd, 0x20, 0x18, 0xa3, 0xad,
    0x40, 0x39, 0x36, 0x8c, 0x98, 0x3, 0xa, 0xb,
    0x66, 0xb8, 0x80, 0x7f, 0x2e, 0x68, 0x7, 0xab,
    0xa4, 0xc0, 0x3f, 0xf8, 0xa0,

    /* U+95ED "闭" */
    0x0, 0x84, 0x3, 0xff, 0x93, 0x3e, 0x40, 0x10,
    0x8f, 0xff, 0xc, 0x21, 0x87, 0x8, 0x1, 0xfd,
    0xdf, 0xfc, 0x1b, 0x4, 0x0, 0xe, 0x10, 0x7,
    0xff, 0x17, 0x48, 0x0, 0x38, 0x1, 0xff, 0xc5,
    0x1c, 0x20, 0x3, 0x85, 0xcc, 0xff, 0x80, 0x3c,
    0x38, 0x2b, 0x20, 0xac, 0xd1, 0xd5, 0x4c, 0xd0,
    0x6, 0x59, 0x9b, 0x28, 0x3, 0xc4, 0x67, 0x0,
    0x7d, 0x8c, 0xd1, 0x17, 0xef, 0x0, 0x88, 0x80,
    0x1f, 0xec, 0xdd, 0xf3, 0x80, 0x5b, 0xa2, 0x0,
    0xff, 0xf5, 0xf7, 0xfe, 0x70, 0xe, 0xff, 0x10,
    0x7, 0xff, 0x4, 0xdc, 0x3, 0xff, 0x90, 0x5a,
    0x1, 0xff, 0xc8, 0x1f, 0x10, 0x16, 0x0, 0xff,
    0xe2, 0x17, 0x90, 0x2, 0xb8, 0x3, 0xff, 0x86,
    0x98, 0x20, 0x8, 0x40, 0xf, 0xfe, 0x1c, 0x58,
    0x80, 0x1d, 0xc0, 0x1f, 0xfc, 0x88, 0x80, 0x7,
    0xff, 0x16, 0xc, 0x29, 0xcc, 0xc9, 0x80, 0x1f,
    0xfc, 0x3e, 0xd5, 0x1c, 0xc5, 0xa0, 0x0, 0x40,
    0x3c, 0x60, 0x1c, 0x44, 0x1, 0x10, 0x7, 0x1c,
    0x43, 0x0, 0x3f, 0xf8, 0x2e, 0x23, 0x13, 0x31,
    0xdc, 0x60, 0x17, 0x0, 0x7f, 0x4f, 0x75, 0xb3,
    0xa0, 0x1e, 0x50, 0xf, 0xfe, 0x1a, 0x80, 0x63,
    0xa2,

    /* U+95F4 "间" */
    0x0, 0x84, 0x3, 0xff, 0x93, 0x3e, 0x40, 0x10,
    0x8f, 0xff, 0xc, 0x25, 0x87, 0xc, 0x7, 0xbb,
    0xff, 0x85, 0x40, 0xa0, 0x1, 0xc3, 0x0, 0xff,
    0xe2, 0xe9, 0x0, 0x5a, 0x40, 0x1f, 0xfc, 0x41,
    0xc2, 0x0, 0x21, 0xcc, 0xff, 0xc0, 0x1e, 0x1f,
    0x15, 0xa0, 0x66, 0xff, 0x84, 0x2, 0x47, 0x72,
    0x64, 0xee, 0xff, 0xc8, 0x1, 0xdb, 0x11, 0x10,
    0x11, 0x7f, 0xf0, 0x0, 0x3f, 0xfb, 0x33, 0x99,
    0x80, 0x3f, 0xf8, 0xca, 0x67, 0x80, 0x3f, 0xf8,
    0xce, 0x23, 0x80, 0x3f, 0xf8, 0xd7, 0xdd, 0x80,
    0x3f, 0xfe, 0x99, 0xff, 0x80, 0x3f, 0xfb, 0xbb,
    0xbc, 0x1, 0xff, 0xc6, 0x12, 0x2c, 0x1, 0xff,
    0xd9, 0x2a, 0xaf, 0xf9, 0x0, 0x40, 0x3f, 0xa,
    0xaf, 0xe1, 0x33, 0x25, 0x0, 0x42, 0x1, 0xff,
    0xc2, 0x39, 0x99, 0x40, 0x22, 0x0, 0xff, 0xe1,
    0x18, 0x7, 0xd6, 0x1, 0xff, 0xc2, 0x50, 0xc,
    0x27, 0x46,

    /* U+9664 "除" */
    0x0, 0xff, 0xe0, 0x96, 0xec, 0x20, 0x1e, 0x56,
    0x6f, 0x80, 0x3a, 0x48, 0xab, 0x0, 0xf5, 0xcc,
    0xfc, 0x20, 0x13, 0x20, 0x4, 0xaa, 0x0, 0xff,
    0xe2, 0x1c, 0x80, 0x75, 0x20, 0x7, 0xff, 0x8,
    0xf4, 0x2, 0x91, 0x0, 0x5a, 0x80, 0x7b, 0x34,
    0x0, 0x22, 0x5c, 0x10, 0x3, 0x32, 0xc0, 0x2a,
    0x70, 0xf, 0x38, 0x1, 0xe2, 0x80, 0x25, 0x90,
    0x57, 0x0, 0xa2, 0xc4, 0x3, 0x60, 0x1, 0xdc,
    0x1, 0xb1, 0x9a, 0xe2, 0x0, 0x92, 0x80, 0x32,
    0x80, 0x24, 0x3, 0xa6, 0x78, 0x80, 0x34, 0x0,
    0x4e, 0x60, 0x8e, 0x40, 0xa0, 0x1f, 0xd6, 0x68,
    0x60, 0x11, 0x80, 0x30, 0x27, 0x24, 0x46, 0x0,
    0x84, 0x65, 0xca, 0x0, 0xc6, 0x0, 0xa0, 0x43,
    0x37, 0x74, 0x1, 0x67, 0x70, 0x40, 0x40, 0x33,
    0xb0, 0x12, 0x93, 0xbf, 0x0, 0x54, 0xef, 0x8c,
    0x3, 0xa8, 0x1, 0xcd, 0x11, 0xc0, 0x13, 0xc4,
    0x6b, 0x0, 0xe3, 0x0, 0x20, 0x7, 0xff, 0x24,
    0x80, 0x6, 0x1, 0xff, 0xc1, 0xf0, 0xf, 0x8,
    0x1, 0x3d, 0xb3, 0xfc, 0x1, 0x6f, 0xb7, 0xf9,
    0xc0, 0x32, 0xa8, 0xc0, 0x24, 0x6c, 0x80, 0xc,
    0xfa, 0xd2, 0x1, 0xea, 0xa0, 0x4, 0x52, 0x0,
    0xe0, 0xe, 0x20, 0x65, 0x0, 0xe5, 0x0, 0x95,
    0x88, 0x9, 0x80, 0x33, 0xc0, 0x2, 0xc4, 0x3,
    0x78, 0x9c, 0x44, 0x0, 0x80, 0xf, 0x39, 0x80,
    0xd0, 0x6, 0x5e, 0xc7, 0xe0, 0x2, 0xb9, 0xa8,
    0x7, 0x70, 0x1, 0x18, 0x3, 0xc2, 0x0, 0x1b,
    0xfc, 0xa0, 0x8, 0xc0, 0xa0, 0xd, 0x0, 0x3c,
    0x38, 0xb4, 0x28, 0x1, 0x84, 0x40, 0x7, 0x9c,
    0x20, 0xf, 0xd4, 0x81, 0xe0, 0x11, 0x50, 0x6,
    0x60, 0x7, 0xee, 0x8c, 0x3, 0xe6, 0xff, 0xb5,
    0x0, 0x3e,

    /* U+9690 "隐" */
    0x0, 0xff, 0xec, 0x57, 0x5b, 0x80, 0x7f, 0xaf,
    0x33, 0xd4, 0x0, 0x45, 0x14, 0xe0, 0xf, 0xf2,
    0x99, 0xf9, 0xc0, 0x14, 0x1, 0x37, 0xff, 0x50,
    0x7, 0xff, 0x6, 0xc4, 0x3, 0xff, 0x8b, 0x50,
    0x0, 0x1a, 0x40, 0x1, 0x19, 0xc4, 0x1, 0x18,
    0x7, 0xc8, 0x20, 0x3, 0x50, 0x3, 0x6e, 0x63,
    0x80, 0x25, 0x90, 0xf, 0xd8, 0x0, 0x20, 0x9,
    0x37, 0x71, 0x0, 0x1f, 0x74, 0x80, 0x1e, 0x40,
    0x7, 0x80, 0x44, 0x58, 0x3, 0x11, 0x42, 0x1,
    0xc4, 0x20, 0x65, 0xa4, 0x1, 0xff, 0xc6, 0x50,
    0x2, 0x1, 0x6f, 0x77, 0xf0, 0x7, 0xf7, 0x0,
    0x73, 0x3b, 0xff, 0x0, 0x7f, 0x50, 0x83, 0x88,
    0xa6, 0x7f, 0xc0, 0x1f, 0xc6, 0xc0, 0x6, 0x1,
    0x1f, 0xf0, 0x7, 0xfa, 0x80, 0x16, 0x3d, 0xdf,
    0xe0, 0xf, 0xf1, 0x8, 0x19, 0x7f, 0xff, 0x80,
    0x3f, 0xe3, 0x0, 0x8, 0x7, 0xff, 0x24, 0xc0,
    0x2, 0xcd, 0xc2, 0x2, 0xcd, 0xe0, 0xe, 0xff,
    0x8, 0x1, 0x2e, 0x8, 0x86, 0xe0, 0x35, 0x30,
    0x24, 0x60, 0x1c, 0x60, 0x1a, 0x75, 0x91, 0x28,
    0x0, 0x40, 0x53, 0xa2, 0x0, 0x39, 0xc0, 0x6,
    0x60, 0x1, 0x80, 0x43, 0x10, 0xf, 0x50, 0x7,
    0x0, 0x74, 0x6f, 0x61, 0x0, 0xb0, 0x6, 0x77,
    0x0, 0x4, 0x81, 0x44, 0x3, 0x19, 0xa, 0x8,
    0x20, 0x4, 0x20, 0x13, 0x0, 0xd0, 0x2, 0x40,
    0x3e, 0xe0, 0x7, 0x98, 0x5, 0xdb, 0xc4, 0x6,
    0xa0, 0x6, 0x0, 0xfb, 0xc, 0x14, 0x44, 0x0,
    0x12, 0x10, 0x3, 0x92, 0x36, 0x80, 0x7c, 0xd9,
    0xc0, 0xd, 0x30, 0xe, 0x4b, 0xb, 0x93, 0x0,

    /* U+9762 "面" */
    0x1, 0x1f, 0xfe, 0x58, 0x57, 0x77, 0xff, 0x2c,
    0x40, 0x3f, 0xfc, 0xd7, 0xbb, 0xfa, 0x40, 0x25,
    0xdd, 0xff, 0x8, 0x88, 0xbf, 0x60, 0x5, 0x24,
    0x5f, 0xe0, 0x4, 0x7f, 0xfc, 0xa0, 0x16, 0x7f,
    0xff, 0x8, 0x0, 0x40, 0x3f, 0xfd, 0x3, 0x98,
    0x0, 0xa3, 0x32, 0x10, 0x2, 0xe3, 0x80, 0x7f,
    0x19, 0xc0, 0x11, 0x9f, 0x0, 0x8, 0xf4, 0x3,
    0xff, 0x87, 0x7f, 0xf1, 0x0, 0x7f, 0xf8, 0x4d,
    0x56, 0x0, 0xff, 0xe4, 0xc5, 0x54, 0x40, 0x1f,
    0xfc, 0x8e, 0x88, 0x8c, 0x3, 0xff, 0x90, 0xae,
    0xf0, 0x80, 0x7f, 0xf8, 0x6b, 0xba, 0x20, 0xf,
    0xfe, 0x40, 0x8e, 0x0, 0xff, 0xe1, 0x9a, 0xa8,
    0x2, 0xc5, 0x58, 0xc0, 0x4, 0xba, 0x1, 0xfc,
    0x35, 0x40, 0x9, 0xea, 0xa1, 0x0, 0x2d, 0x38,
    0x7, 0xff, 0x5c, 0xcf, 0xff, 0x84, 0x40, 0x1f,
    0xc5, 0x99, 0xff, 0xc2, 0x80, 0xe,

    /* U+9879 "项" */
    0x0, 0xff, 0xe7, 0x22, 0x7c, 0x6d, 0xff, 0xff,
    0xc2, 0x93, 0xbb, 0xfb, 0x80, 0x3f, 0xfc, 0xcf,
    0x77, 0xa0, 0x2, 0x6b, 0xbf, 0x1e, 0x60, 0x2,
    0x6c, 0xf1, 0x44, 0xc0, 0x1b, 0x51, 0x38, 0x80,
    0xcc, 0x1, 0x9, 0x90, 0xa2, 0x6c, 0x0, 0x85,
    0x13, 0x80, 0x3f, 0xcf, 0x77, 0x90, 0x2, 0xab,
    0xbe, 0x0, 0xff, 0xed, 0xa2, 0x7c, 0x40, 0x1f,
    0xfc, 0x5a, 0xb8, 0x8a, 0x6e, 0x80, 0x3f, 0xf8,
    0xfb, 0x98, 0xb0, 0xf, 0xff, 0xd8, 0x80, 0x4,
    0x3, 0xff, 0xb2, 0x2c, 0xa0, 0x1c, 0x40, 0x17,
    0x0, 0x7e, 0x20, 0x9, 0xa7, 0xc0, 0x39, 0x0,
    0x21, 0x0, 0xf3, 0x76, 0x80, 0x73, 0x24, 0xcc,
    0x16, 0x1, 0x44, 0xa4, 0xcc, 0x6, 0x20, 0x1e,
    0x22, 0x33, 0x1f, 0x48, 0x3, 0x37, 0x2b, 0x30,
    0x1c, 0x3, 0x1b, 0xdf, 0x0, 0x1b, 0xcc, 0x0,
    0x42, 0x0, 0x2c, 0x70, 0x1, 0x1b, 0xdf, 0xe4,
    0x21, 0x47, 0x48, 0x80, 0x7, 0xfc, 0x80, 0x14,
    0x58, 0x86, 0x42, 0x0, 0x4b, 0xae, 0x20, 0x12,
    0x79, 0xd, 0xb8, 0x4, 0x96, 0x1, 0xf2, 0x88,
    0x4, 0x33, 0x62, 0x1, 0x45, 0x0, 0x56, 0x1,
    0xfa, 0xc0, 0x67, 0x98, 0x3, 0xcb, 0x83, 0x42,
    0x1, 0xf9, 0x6f, 0x98, 0x3, 0xf8, 0xfd, 0x40,

    /* U+9884 "预" */
    0x2f, 0xff, 0xea, 0x9f, 0xff, 0xfe, 0x5, 0x80,
    0x80, 0x7f, 0xf9, 0xcf, 0x75, 0x5b, 0xaa, 0x0,
    0x8a, 0x7b, 0xac, 0x0, 0xaf, 0xbb, 0x50, 0x0,
    0x92, 0xa8, 0x50, 0x0, 0x28, 0x1, 0x19, 0xc0,
    0x24, 0x11, 0xe0, 0x1, 0x48, 0x3d, 0x90, 0x3,
    0x80, 0xf3, 0x2a, 0x0, 0xb3, 0x35, 0x80, 0x45,
    0x0, 0x4, 0x0, 0x49, 0x83, 0x99, 0xc2, 0x1,
    0x19, 0xe5, 0x0, 0xce, 0x80, 0x12, 0xb0, 0x7,
    0xff, 0x14, 0x95, 0x58, 0x1, 0x1a, 0xac, 0x1,
    0x1d, 0x57, 0x40, 0x7, 0x25, 0x52, 0x0, 0x26,
    0xaa, 0x58, 0x4, 0xcb, 0x9f, 0xe6, 0x40, 0xf,
    0xfe, 0x4b, 0x2a, 0x98, 0x3, 0xc6, 0x23, 0x0,
    0x42, 0x1, 0xff, 0xc6, 0x5e, 0xe5, 0x80, 0xf,
    0x80, 0x4, 0x1, 0xff, 0xca, 0x30, 0x2, 0x80,
    0x7f, 0xf2, 0x94, 0x1, 0xe0, 0x1f, 0x84, 0x3,
    0xff, 0x88, 0xa0, 0x18, 0x40, 0x26, 0x0, 0xff,
    0xe0, 0xb7, 0xe9, 0x80, 0x64, 0x0, 0xff, 0xe3,
    0x90, 0x3a, 0x23, 0x64, 0x2, 0xc5, 0x44, 0x80,
    0x3f, 0xf8, 0x27, 0x76, 0xf3, 0x0, 0x86, 0x72,
    0xe8, 0x3, 0xff, 0x84, 0x34, 0xe0, 0x1e, 0x8b,
    0x10, 0x0, 0xb3, 0x38, 0x0, 0xe0, 0x19, 0xfd,
    0x40, 0x2c, 0x90, 0x9, 0x30, 0xc0, 0x13, 0x24,
    0x0, 0xe6, 0xf8, 0x10, 0xa, 0xcd, 0xac, 0x40,
    0x5, 0x82, 0x30, 0x6, 0xc0, 0x2, 0x0, 0x62,
    0xd4, 0x0, 0x26, 0x10, 0x1, 0xc4, 0x14, 0x0,
    0x2a, 0xe0, 0x2, 0x80, 0x4, 0x69, 0x0, 0x62,
    0xc3, 0x28, 0x0, 0x5f, 0xfb, 0xa8, 0x3, 0x3c,
    0xf3, 0x80, 0x7c, 0x39, 0xe0, 0x0,

    /* U+98DF "食" */
    0x0, 0xff, 0x85, 0xdc, 0xc0, 0x1f, 0xfc, 0xad,
    0x88, 0x4c, 0x80, 0x3f, 0xf8, 0xe3, 0x86, 0x1,
    0x34, 0x80, 0x7f, 0xf1, 0x4f, 0xcc, 0x3, 0x9a,
    0xc4, 0x3, 0xff, 0x84, 0xf8, 0x20, 0x2, 0xc1,
    0x0, 0x27, 0xa8, 0x7, 0xfc, 0xbb, 0x0, 0x11,
    0xe1, 0xe1, 0x0, 0x6, 0xb0, 0xc0, 0x3e, 0x5c,
    0xa2, 0x0, 0x9a, 0xf7, 0xa7, 0x10, 0x2, 0x3c,
    0xc2, 0x80, 0x51, 0xd4, 0x60, 0x11, 0x5c, 0x91,
    0x8a, 0x5, 0xc8, 0x80, 0x47, 0x5c, 0xa0, 0x82,
    0x1, 0xcf, 0xd5, 0xc0, 0x15, 0x53, 0x14, 0x3,
    0x84, 0x41, 0x20, 0x1e, 0x55, 0x90, 0x2, 0x45,
    0x52, 0x0, 0x70, 0xa0, 0x29, 0xc3, 0x0, 0x7f,
    0xf1, 0x76, 0x20, 0x1, 0x63, 0x88, 0x5, 0xff,
    0xfe, 0x80, 0x8, 0xdd, 0x80, 0x3f, 0x95, 0x7f,
    0xdc, 0x1, 0xff, 0xc3, 0xaa, 0xff, 0x30, 0x7,
    0xff, 0x77, 0xff, 0xfd, 0x0, 0x1f, 0xfc, 0x3f,
    0xff, 0xf4, 0x0, 0x7f, 0xf4, 0x48, 0x3, 0xfe,
    0x22, 0x80, 0x4, 0x5e, 0x0, 0xb8, 0x40, 0x3f,
    0xdb, 0xa5, 0x0, 0x13, 0xce, 0xe9, 0x0, 0x22,
    0x50, 0xf, 0xfe, 0x2, 0x0, 0x4b, 0x7d, 0xc6,
    0x0, 0x27, 0x20, 0x7, 0xff, 0x2, 0xc, 0x3,
    0x8, 0x80, 0x9, 0x42, 0x1, 0xf1, 0x0, 0x59,
    0xf6, 0x61, 0x32, 0x30, 0xc, 0x9d, 0x6c, 0x1,
    0xc4, 0xa0, 0x11, 0x80, 0x63, 0x6c, 0xd6, 0x10,
    0x9, 0x27, 0xc0, 0x31, 0x0, 0x7c, 0x4c, 0xe0,
    0x2, 0x9e, 0xa4, 0x0, 0x94, 0x3, 0x94, 0x0,
    0x6f, 0x7d, 0xb2, 0x40, 0x1c, 0xb7, 0xae, 0x3c,
    0x1, 0xd1, 0x7f, 0x90, 0x82, 0x1, 0xfe, 0x28,
    0xe4, 0x0,

    /* U+9910 "餐" */
    0x0, 0xf8, 0x46, 0x0, 0xff, 0xe5, 0x1f, 0x73,
    0xc4, 0x60, 0x22, 0xff, 0x8, 0x7, 0xf8, 0x7b,
    0xaa, 0xcd, 0xdf, 0xe6, 0x0, 0xcf, 0x4a, 0x1,
    0xff, 0xca, 0x19, 0x58, 0x60, 0x0, 0xe6, 0x54,
    0xe0, 0x8c, 0xd2, 0x0, 0x7d, 0x62, 0x5, 0x40,
    0x1, 0xcc, 0x88, 0x80, 0x81, 0x1e, 0x80, 0x4,
    0x70, 0x3, 0x28, 0x7, 0xfc, 0x40, 0x6, 0xe9,
    0x0, 0x2d, 0x80, 0x50, 0x1, 0xc, 0xfc, 0x0,
    0x44, 0x70, 0xa0, 0x1c, 0x94, 0x1, 0xb4, 0x64,
    0x86, 0x7e, 0x0, 0xd, 0xc6, 0x4a, 0x1, 0xc9,
    0x86, 0x1, 0x1f, 0x9b, 0x0, 0x62, 0xb0, 0xcd,
    0xf3, 0x6, 0xc5, 0x0, 0x1e, 0x48, 0x1, 0xfa,
    0x90, 0x2, 0x8e, 0x86, 0x0, 0x19, 0xaa, 0x4e,
    0xac, 0x40, 0x1e, 0x0, 0x10, 0x8, 0x5f, 0x7f,
    0xc, 0x0, 0x20, 0xa, 0xb2, 0x4, 0xf5, 0x26,
    0x0, 0x30, 0x25, 0x60, 0xeb, 0x80, 0xa, 0x64,
    0xa0, 0x4, 0xdb, 0x41, 0xac, 0x0, 0xdd, 0xd6,
    0xb0, 0x0, 0x66, 0x68, 0xdc, 0x30, 0x2, 0x5f,
    0x41, 0x80, 0x55, 0xd4, 0x80, 0x1d, 0x14, 0x0,
    0x8d, 0x20, 0xc, 0x2f, 0xba, 0x20, 0x70, 0xf,
    0x84, 0x60, 0x8, 0x44, 0x1, 0xf1, 0x90, 0x50,
    0x11, 0x80, 0x55, 0x77, 0xfa, 0x80, 0x29, 0x40,
    0x70, 0x3, 0x5e, 0xd8, 0x5, 0x57, 0x7f, 0xa8,
    0x2, 0x4b, 0xe8, 0x0, 0xa, 0x0, 0x75, 0xdf,
    0xf5, 0x0, 0x70, 0x88, 0x3, 0xfa, 0xef, 0xfa,
    0x80, 0x30, 0x80, 0x7f, 0xc6, 0x61, 0x0, 0x8c,
    0xfc, 0x19, 0x80, 0xf, 0xfb, 0x71, 0x0, 0x23,
    0x69, 0xda, 0x10, 0x12, 0x40, 0xf, 0x78, 0x4,
    0x8c, 0x62, 0x1, 0x2d, 0x74, 0x90, 0x3f, 0x20,
    0x7, 0x98, 0x2, 0xa9, 0x61, 0x9, 0xc7, 0x10,
    0xc, 0xd0, 0x80, 0x1e, 0x30, 0xf, 0xa, 0x29,
    0xc7, 0x63, 0x8, 0xb, 0x5a, 0x0, 0x72, 0x81,
    0x2c, 0x5f, 0x72, 0xcc, 0x2, 0x39, 0xeb, 0x50,
    0x24, 0x0, 0xe8, 0xfd, 0xa7, 0x41, 0x0, 0xfe,
    0x4a, 0xff, 0x0, 0x0,

    /* U+9970 "饰" */
    0x0, 0xc6, 0x40, 0x1f, 0x32, 0x10, 0x7, 0xff,
    0xb, 0x75, 0xee, 0x1, 0x8e, 0x6f, 0x64, 0x3,
    0xff, 0x80, 0x42, 0x0, 0x30, 0xd, 0x60, 0x15,
    0x80, 0x7f, 0xf0, 0x10, 0x2, 0x40, 0xc, 0xc0,
    0x1, 0x57, 0x7f, 0xc8, 0x1, 0x68, 0x5, 0xff,
    0x63, 0x8, 0x0, 0x62, 0x3f, 0xb8, 0x0, 0x28,
    0x1, 0xe1, 0xb0, 0xf, 0xfe, 0x23, 0x0, 0x7c,
    0x44, 0x0, 0x1a, 0x27, 0xfb, 0x40, 0x14, 0x0,
    0x4b, 0x80, 0xf, 0x6d, 0xc4, 0x55, 0x77, 0xce,
    0xa, 0x40, 0xf, 0x4e, 0x0, 0x18, 0x1, 0xc4,
    0x33, 0x26, 0x0, 0xfa, 0x40, 0x2, 0x80, 0xc0,
    0xc, 0xb3, 0x80, 0xf, 0xfe, 0x9, 0x0, 0x7,
    0xfc, 0x0, 0x60, 0x6e, 0x22, 0x80, 0x2f, 0x22,
    0xe0, 0x4, 0x80, 0x80, 0x4c, 0x76, 0x1b, 0xbc,
    0x1, 0x3e, 0xee, 0xc0, 0x3, 0x84, 0x0, 0x5b,
    0x84, 0x1, 0xff, 0xc6, 0x96, 0x0, 0xff, 0xe6,
    0x30, 0x7, 0xfd, 0xbe, 0x1, 0x47, 0xe8, 0x7,
    0xff, 0xd4, 0x40, 0x3f, 0xf9, 0x63, 0x34, 0x1,
    0xff, 0xcb, 0xb6, 0x40, 0xf, 0xf8, 0x40, 0x3f,
    0xe1, 0x0, 0x20, 0x7, 0xef, 0xdc, 0x0, 0xf8,
    0x40, 0x38, 0xd4, 0x3, 0xf7, 0x90, 0x4, 0x40,
    0x1a, 0x40, 0x32, 0xe0, 0x80, 0x7f, 0x20, 0x5,
    0x0, 0x1a, 0x40, 0x27, 0xa0, 0x5, 0x54, 0x40,
    0x1d, 0x37, 0x9c, 0x80, 0x18, 0x60, 0x2a, 0x0,
    0x25, 0x58, 0x3, 0xc4, 0x86, 0x20, 0x1e, 0x7c,
    0x50, 0xf, 0xfe, 0x38,

    /* U+9988 "馈" */
    0x0, 0x9, 0x80, 0x7f, 0xf2, 0xdb, 0x3f, 0x0,
    0x3f, 0xbb, 0xfc, 0xe0, 0x1f, 0xb0, 0x0, 0xc0,
    0x10, 0xc4, 0x70, 0x80, 0x32, 0x23, 0x30, 0x4,
    0xa0, 0xc, 0x11, 0x89, 0xdf, 0x80, 0x24, 0x77,
    0xda, 0x0, 0x31, 0x0, 0x4f, 0x74, 0xc0, 0x1f,
    0xfc, 0x44, 0x0, 0xff, 0x17, 0x70, 0x40, 0x11,
    0xd4, 0x1, 0xd6, 0x1, 0xff, 0x11, 0x0, 0x2f,
    0x22, 0x0, 0x62, 0x30, 0x4, 0xc8, 0x2, 0x10,
    0x1, 0x66, 0x4, 0x0, 0xf9, 0x0, 0x1a, 0x80,
    0x8, 0xc0, 0x12, 0x38, 0x7, 0xff, 0xd, 0x0,
    0x18, 0x74, 0x0, 0xf3, 0xbb, 0xe1, 0x0, 0x35,
    0xde, 0x80, 0xb0, 0x4, 0x61, 0x81, 0x3d, 0xff,
    0xf0, 0x80, 0x13, 0xff, 0x45, 0x30, 0x40, 0x5,
    0x7c, 0xc8, 0x9e, 0x0, 0x89, 0x13, 0xc2, 0xe8,
    0x1, 0x29, 0x80, 0x7f, 0xf1, 0xa0, 0x3, 0xcb,
    0xff, 0xff, 0xc3, 0xe0, 0xf, 0xe1, 0xbb, 0xff,
    0xe0, 0xb8, 0x7, 0xf8, 0xd1, 0x3f, 0xf8, 0x3a,
    0x1, 0xff, 0xdb, 0xdf, 0xcc, 0xbb, 0xd8, 0x3,
    0xfe, 0x11, 0x0, 0x7b, 0x32, 0x70, 0xf, 0xfe,
    0x3, 0xfb, 0x0, 0x70, 0x80, 0x44, 0x1, 0xff,
    0xc0, 0x91, 0xb0, 0xe, 0x60, 0x8, 0x80, 0x3f,
    0x38, 0x7, 0x19, 0xbb, 0x9a, 0xb0, 0x1, 0x4f,
    0xe, 0xfd, 0x0, 0x5c, 0x1, 0x87, 0x1, 0x23,
    0x20, 0x3, 0x85, 0xf7, 0x14, 0x2, 0xe0, 0x8,
    0xfd, 0x3a, 0x98, 0x40, 0x29, 0x60, 0xc, 0x75,
    0x60, 0x4, 0x70, 0x7c, 0x16, 0x0, 0xe4, 0xd6,
    0x9f, 0x92, 0x0, 0xa0, 0x2, 0x8b, 0x80, 0x0,
    0xb0, 0x13, 0xed, 0x90, 0x4, 0xdb, 0x66, 0x86,
    0x1, 0x90, 0x3, 0x47, 0x6c, 0x10, 0x7, 0xc9,
    0x96, 0x0,

    /* U+9996 "首" */
    0x0, 0xf8, 0x8c, 0x3, 0xe3, 0x0, 0xff, 0xe0,
    0xd7, 0x6e, 0x84, 0x3, 0x97, 0x3f, 0x60, 0x3,
    0xfc, 0x42, 0x3, 0x0, 0x1d, 0x0, 0x2, 0xc0,
    0xe, 0x23, 0x3d, 0x80, 0x13, 0x21, 0x9d, 0x4,
    0x0, 0x47, 0x33, 0xc3, 0xd9, 0x9a, 0xc0, 0x35,
    0xe6, 0x4e, 0x1, 0x26, 0x67, 0x20, 0x7, 0xff,
    0x35, 0xc0, 0x3f, 0xf9, 0x97, 0xff, 0xfb, 0x80,
    0x23, 0xff, 0xff, 0x28, 0x0, 0x51, 0x3c, 0xc0,
    0x13, 0x22, 0x7c, 0x60, 0x1c, 0xf7, 0x7e, 0x80,
    0x9, 0x6e, 0xfe, 0xd0, 0xf, 0xfe, 0xb0, 0x91,
    0x7f, 0xc0, 0x1f, 0xfc, 0x1b, 0xdd, 0xff, 0x8c,
    0x3, 0xff, 0x81, 0x5f, 0xff, 0xf1, 0x80, 0x7f,
    0xf6, 0x44, 0x7f, 0xf8, 0x0, 0x1f, 0xfc, 0x1b,
    0xee, 0xff, 0x8c, 0x3, 0xff, 0x81, 0x5d, 0xdf,
    0xf1, 0x80, 0x7f, 0xf0, 0x44, 0x7f, 0xe0, 0xf,
    0xfe, 0xd5, 0x7f, 0xff, 0xc6, 0x1, 0xff, 0xc0,
    0x32, 0x2f, 0xf8, 0x40, 0x3f, 0xf8, 0x13, 0xbb,
    0xff, 0x10, 0x7, 0xff, 0x64, 0x8c, 0xff, 0xe0,
    0xf, 0xfe, 0xc, 0x66, 0x7f, 0xc6, 0x1, 0xf9,
    0xbb, 0xa5, 0x0, 0xff, 0xb3, 0xfd, 0xc0, 0x10,

    /* U+9999 "香" */
    0x0, 0xff, 0xe0, 0x89, 0x19, 0x91, 0x59, 0xd8,
    0x3, 0x8b, 0x31, 0xbb, 0x77, 0x3f, 0xee, 0xdc,
    0xc5, 0xd4, 0xc4, 0x0, 0x3c, 0x66, 0x22, 0x84,
    0x40, 0x1f, 0xf0, 0x88, 0x3, 0x10, 0x7, 0xfc,
    0x46, 0x64, 0x56, 0x78, 0x0, 0xf6, 0x63, 0x76,
    0xef, 0xa0, 0xb, 0xf3, 0x17, 0x53, 0xe, 0x20,
    0x11, 0x10, 0x44, 0x1, 0x19, 0x18, 0x4, 0xc4,
    0x5f, 0xc0, 0x7b, 0xbf, 0xd2, 0x1, 0x5e, 0xef,
    0xec, 0x0, 0xff, 0xe7, 0x9, 0x9f, 0x88, 0x3,
    0xf8, 0xcf, 0xca, 0x5, 0x99, 0xb9, 0x48, 0x3,
    0xf8, 0xaf, 0x73, 0x2b, 0x0, 0xcb, 0x7a, 0xc0,
    0x3, 0x80, 0xa, 0x8c, 0x6, 0x3a, 0x94, 0x2,
    0x6b, 0xfa, 0x40, 0x0, 0xce, 0x10, 0x4, 0xf9,
    0x22, 0x0, 0x5a, 0xfb, 0x5d, 0x40, 0x8, 0x63,
    0x98, 0x12, 0xee, 0x20, 0x6e, 0x81, 0x0, 0x90,
    0xb8, 0x3, 0xc, 0x7f, 0xdd, 0x77, 0x7f, 0xe8,
    0x10, 0x10, 0x3, 0x2a, 0xad, 0x0, 0x3f, 0xf8,
    0xb5, 0x72, 0x21, 0x48, 0x1, 0x84, 0x7f, 0xc0,
    0x1c, 0x8c, 0x1, 0xfb, 0xbb, 0xfd, 0x20, 0x1f,
    0xfc, 0x27, 0x7f, 0xf6, 0x0, 0x7f, 0xf0, 0xa2,
    0x3f, 0xca, 0x1, 0xff, 0xdb, 0xff, 0xff, 0x48,
    0x7, 0xff, 0xa, 0xab, 0xfe, 0x0, 0xff, 0xe1,
    0x2a, 0xff, 0x8c, 0x3, 0xff, 0xb7, 0xff, 0xfe,
    0x90, 0xf, 0xf5, 0xff, 0xc0, 0x1f, 0xe6, 0xff,
    0x90, 0x2,

    /* U+9A8C "验" */
    0x0, 0xff, 0xe1, 0xa2, 0xa8, 0x3, 0xf1, 0x17,
    0xe0, 0xe, 0x3b, 0xaa, 0x30, 0x7, 0x93, 0x77,
    0xf0, 0x80, 0x68, 0x0, 0xa0, 0x3, 0xff, 0x86,
    0x20, 0x12, 0xa0, 0x4, 0x30, 0x1, 0xce, 0x1,
    0xff, 0xd, 0x80, 0x73, 0xa0, 0x6, 0x3d, 0xbb,
    0x77, 0x0, 0x2, 0x0, 0x1d, 0x10, 0x4, 0x10,
    0x2, 0xd0, 0x3, 0x5d, 0xc8, 0x60, 0x3, 0x0,
    0x69, 0x80, 0x15, 0xf8, 0x2, 0xb5, 0x0, 0x8c,
    0x0, 0x22, 0x0, 0x9, 0x69, 0x80, 0xe, 0x80,
    0xe4, 0x2, 0xa9, 0x0, 0x8, 0x1, 0xdc, 0x0,
    0x2c, 0x20, 0x1, 0xe8, 0x4, 0xd0, 0x1, 0x34,
    0x83, 0x80, 0x4, 0x40, 0x5, 0x10, 0x8, 0xfb,
    0xff, 0x40, 0x6, 0xb0, 0x20, 0x1, 0x98, 0x0,
    0x4e, 0xa, 0x1, 0xfc, 0xa0, 0xa4, 0x2, 0x0,
    0x11, 0x0, 0x6, 0x62, 0x80, 0x3f, 0xb3, 0x60,
    0x3, 0xba, 0x0, 0xf, 0xe, 0x15, 0x5d, 0x35,
    0x49, 0x42, 0x20, 0x8, 0x4, 0x20, 0x18, 0xc5,
    0xb1, 0x5f, 0xab, 0xd5, 0x59, 0xce, 0x20, 0x60,
    0x1f, 0x8e, 0xa5, 0x84, 0xd0, 0x10, 0x0, 0x87,
    0x4, 0x5, 0xdd, 0xce, 0x1, 0x60, 0x1, 0xc4,
    0xc0, 0x84, 0xc4, 0x8, 0xc0, 0x2, 0x31, 0x28,
    0x4, 0x28, 0x0, 0xc0, 0x40, 0x2, 0x58, 0x1,
    0x40, 0xf, 0x7d, 0xf9, 0xe2, 0x1, 0x18, 0x1,
    0x3, 0x40, 0x18, 0xa0, 0xb, 0x0, 0x62, 0x8,
    0x1, 0xc0, 0x2f, 0x4, 0x1, 0x34, 0x0, 0x31,
    0x0, 0x98, 0x0, 0x40, 0x21, 0x53, 0x0, 0x8,
    0x60, 0x1, 0x4, 0x40, 0x20, 0x6, 0x0, 0xb1,
    0xeb, 0xb9, 0x22, 0x1, 0x90, 0xc, 0x83, 0x3c,
    0xc0, 0x16, 0x1, 0x34, 0x28, 0x80, 0x78, 0xc2,
    0xfd, 0x8c, 0x50, 0x80, 0x40, 0xc8, 0x3, 0xc2,
    0xa0, 0xe, 0xcc, 0x5e, 0x66, 0xb0, 0x0, 0xe6,
    0x40, 0x2, 0xee, 0xc2, 0x0, 0xe0, 0xf, 0xfe,
    0x21, 0x8, 0xc0, 0x11, 0x28, 0x7, 0xff, 0x14,
    0xc0, 0x21, 0x5f, 0x3d, 0xdf, 0xfe, 0xe, 0x0,

    /* U+9E21 "鸡" */
    0x0, 0xff, 0xe1, 0x9, 0x88, 0x7, 0xff, 0x2a,
    0x33, 0xbd, 0x0, 0x3e, 0x11, 0xfc, 0x1, 0xce,
    0x1, 0x20, 0x7, 0x87, 0xbb, 0xf5, 0xaf, 0xfc,
    0x20, 0x17, 0xff, 0x28, 0x7, 0xfc, 0x60, 0x1f,
    0xfc, 0x1, 0x0, 0xff, 0xe1, 0x88, 0xf8, 0x3,
    0x86, 0x67, 0x8c, 0x3, 0xc5, 0xce, 0x19, 0xde,
    0x1, 0x38, 0x1, 0x98, 0x8c, 0xc0, 0x8, 0xc0,
    0x31, 0xb0, 0xe1, 0x18, 0x4, 0x20, 0x3, 0xcd,
    0x10, 0x30, 0x7, 0x0, 0x63, 0xa0, 0x15, 0x10,
    0x8, 0xc0, 0x70, 0xc2, 0xc8, 0x2, 0x50, 0xe,
    0x58, 0x97, 0x50, 0xe, 0x16, 0x0, 0x2d, 0x80,
    0x46, 0x1, 0xc3, 0x9b, 0x92, 0x1, 0x8, 0x2,
    0x0, 0x26, 0x0, 0x18, 0x7, 0x85, 0x50, 0xc0,
    0x27, 0x0, 0x85, 0xc0, 0x39, 0x0, 0x3e, 0x40,
    0x0, 0xa5, 0x40, 0x6, 0x90, 0xe, 0xc0, 0xe,
    0x11, 0x5f, 0x73, 0xe9, 0x4, 0x40, 0x10, 0xb8,
    0x4, 0x28, 0x1, 0x8b, 0xbb, 0xfc, 0xe0, 0x15,
    0x0, 0x46, 0x1, 0xff, 0xc8, 0x50, 0x8, 0x98,
    0x8, 0xbf, 0xe0, 0x8, 0x40, 0x3, 0x0, 0x1a,
    0x1, 0x37, 0x7f, 0xc0, 0x11, 0x80, 0x24, 0x3,
    0x86, 0x27, 0xbb, 0xf5, 0x8, 0x4, 0x20, 0x4e,
    0x0, 0x42, 0x0, 0x3a, 0x88, 0xfe, 0x63, 0x0,
    0x9c, 0x3c, 0x2, 0x98, 0x0, 0x8c, 0x3, 0xf3,
    0x88, 0x4, 0x30, 0x40, 0x6, 0x25, 0x20, 0xb,
    0x7f, 0xfe, 0xb6, 0x0, 0x8f, 0xc0, 0x3, 0x0,
    0x8, 0x0, 0x31, 0x0, 0x5, 0x57, 0x34, 0x0,
    0x42, 0xe2, 0x16, 0x20, 0x5, 0x56, 0x48, 0x6,
    0xaa, 0xd2, 0x40, 0x4, 0x0, 0x4a, 0x28, 0x6,
    0xa3, 0x0, 0xc2, 0x20, 0xf, 0xbc, 0x0, 0xf4,
    0x1, 0xff, 0xc0, 0x50, 0xc, 0x2b, 0x88, 0x0,

    /* U+9ED1 "黑" */
    0x0, 0xff, 0xe7, 0xef, 0xff, 0xff, 0x20, 0xc0,
    0x3f, 0xfa, 0x82, 0x3c, 0x1, 0x84, 0x70, 0x7,
    0xfc, 0xdc, 0xc5, 0xdc, 0x0, 0xa3, 0xb4, 0xb3,
    0x0, 0x1f, 0xf5, 0x39, 0xc0, 0x7, 0xe, 0x9e,
    0xa8, 0x7, 0xfd, 0x0, 0x7, 0x30, 0xd, 0xa2,
    0x8, 0xa0, 0x1f, 0xf1, 0x40, 0x31, 0x0, 0x6a,
    0x1, 0xa0, 0xf, 0xf9, 0x2b, 0x48, 0xec, 0x2,
    0xbc, 0x22, 0x5c, 0x0, 0x7f, 0x89, 0x54, 0x4a,
    0xa0, 0x8, 0xd4, 0x8d, 0x50, 0x3, 0xff, 0xa9,
    0xd7, 0x7f, 0x80, 0x26, 0xbb, 0xfc, 0x60, 0x15,
    0x7f, 0xfe, 0x0, 0x93, 0xff, 0xf1, 0x0, 0x48,
    0x9f, 0xc0, 0x11, 0x22, 0x7e, 0x60, 0xf, 0xfe,
    0x86, 0x77, 0x7e, 0x0, 0xa3, 0xbb, 0xf2, 0x0,
    0x8, 0xcf, 0xf8, 0x2, 0xf3, 0x3f, 0xc4, 0x45,
    0xdd, 0xff, 0x0, 0x4f, 0xbb, 0xfd, 0xe0, 0x1f,
    0xfc, 0xd1, 0x33, 0x1, 0x19, 0xff, 0xc4, 0x67,
    0x80, 0xcc, 0x88, 0xcf, 0x2, 0x7f, 0xe4, 0x2,
    0xcc, 0x43, 0x1a, 0x66, 0x28, 0x41, 0x32, 0x40,
    0x1e, 0x0, 0x42, 0x17, 0x31, 0x30, 0xc5, 0x6,
    0x10, 0xa2, 0x7, 0x30, 0x3, 0x18, 0x1, 0x84,
    0xc0, 0x2b, 0x9, 0x0, 0xa4, 0x3c, 0x2, 0xe0,
    0x29, 0x0, 0xa0, 0x0, 0x60, 0x4, 0x1, 0x50,
    0x3, 0x81, 0xb0, 0x0, 0x94, 0xa8, 0x41, 0xc4,
    0x0, 0xa2, 0x88, 0x0, 0x70, 0xb5, 0x80, 0x20,
    0x6, 0x54, 0x17, 0xa2, 0x0, 0x14, 0xf5, 0xc0,
    0x1, 0x3a, 0x50, 0x0, 0x37, 0xec, 0x0,

    /* U+FF0C "，" */
    0x8, 0xbb, 0xc2, 0x8, 0x9c, 0x60, 0x1f, 0xfc,
    0xae, 0xcb, 0x0, 0x18, 0x11, 0xb8, 0x0, 0x40,
    0x2b, 0x3, 0x0, 0x99, 0xc2, 0x40, 0x17, 0x20,
    0x8a, 0x1, 0x96, 0xc0, 0x29, 0xba, 0x0, 0x80,

    /* U+FF1A "：" */
    0x9c, 0xcc, 0x8, 0x67, 0x84, 0x3, 0xff, 0x8d,
    0x9b, 0xb8, 0x44, 0x45, 0x80, 0x3f, 0xf9, 0xb3,
    0x77, 0x81, 0x13, 0x84, 0x3, 0xff, 0x8d, 0xf9,
    0x98, 0x40,

    /* U+FF1B "；" */
    0xa, 0xcc, 0xc0, 0x7, 0x33, 0xc2, 0x1, 0xff,
    0xca, 0xfd, 0xdc, 0x20, 0x45, 0xc0, 0x1f, 0xfd,
    0x29, 0xbb, 0xc0, 0x4, 0x4e, 0x10, 0xf, 0xfe,
    0x57, 0xe5, 0x0, 0x4, 0x8, 0xc4, 0x4, 0x3,
    0x70, 0x28, 0x4, 0xea, 0x1e, 0x3, 0x90, 0xa,
    0x80, 0x20, 0x6, 0xa0, 0xb, 0xf2, 0x40, 0x20,

    /* U+FF5C "｜" */
    0x35, 0x58, 0x7e, 0xaa, 0x40, 0xf, 0xff, 0xf8,
    0x7, 0xff, 0x70
};


/*---------------------
 *  GLYPH DESCRIPTION
 *--------------------*/

static const lv_font_fmt_txt_glyph_dsc_t glyph_dsc[] = {
    {.bitmap_index = 0, .adv_w = 0, .box_w = 0, .box_h = 0, .ofs_x = 0, .ofs_y = 0} /* id = 0 reserved */,
    {.bitmap_index = 0, .adv_w = 129, .box_w = 0, .box_h = 0, .ofs_x = 0, .ofs_y = 0},
    {.bitmap_index = 0, .adv_w = 141, .box_w = 7, .box_h = 21, .ofs_x = 1, .ofs_y = 0},
    {.bitmap_index = 50, .adv_w = 194, .box_w = 10, .box_h = 9, .ofs_x = 1, .ofs_y = 15},
    {.bitmap_index = 94, .adv_w = 327, .box_w = 19, .box_h = 21, .ofs_x = 1, .ofs_y = 0},
    {.bitmap_index = 237, .adv_w = 271, .box_w = 17, .box_h = 27, .ofs_x = 0, .ofs_y = -3},
    {.bitmap_index = 404, .adv_w = 393, .box_w = 25, .box_h = 21, .ofs_x = 0, .ofs_y = 0},
    {.bitmap_index = 621, .adv_w = 339, .box_w = 21, .box_h = 21, .ofs_x = 0, .ofs_y = 0},
    {.bitmap_index = 782, .adv_w = 101, .box_w = 6, .box_h = 9, .ofs_x = 0, .ofs_y = 15},
    {.bitmap_index = 809, .adv_w = 164, .box_w = 8, .box_h = 25, .ofs_x = 2, .ofs_y = -2},
    {.bitmap_index = 899, .adv_w = 164, .box_w = 9, .box_h = 25, .ofs_x = 0, .ofs_y = -2},
    {.bitmap_index = 989, .adv_w = 195, .box_w = 10, .box_h = 10, .ofs_x = 1, .ofs_y = 11},
    {.bitmap_index = 1039, .adv_w = 281, .box_w = 15, .box_h = 15, .ofs_x = 1, .ofs_y = 3},
    {.bitmap_index = 1072, .adv_w = 133, .box_w = 6, .box_h = 12, .ofs_x = 1, .ofs_y = -7},
    {.bitmap_index = 1101, .adv_w = 211, .box_w = 12, .box_h = 5, .ofs_x = 1, .ofs_y = 9},
    {.bitmap_index = 1110, .adv_w = 128, .box_w = 6, .box_h = 5, .ofs_x = 1, .ofs_y = 0},
    {.bitmap_index = 1118, .adv_w = 200, .box_w = 12, .box_h = 21, .ofs_x = 0, .ofs_y = 0},
    {.bitmap_index = 1207, .adv_w = 292, .box_w = 17, .box_h = 21, .ofs_x = 1, .ofs_y = 0},
    {.bitmap_index = 1345, .adv_w = 218, .box_w = 10, .box_h = 21, .ofs_x = 1, .ofs_y = 0},
    {.bitmap_index = 1378, .adv_w = 271, .box_w = 15, .box_h = 21, .ofs_x = 1, .ofs_y = 0},
    {.bitmap_index = 1484, .adv_w = 273, .box_w = 15, .box_h = 21, .ofs_x = 1, .ofs_y = 0},
    {.bitmap_index = 1591, .adv_w = 281, .box_w = 18, .box_h = 21, .ofs_x = 0, .ofs_y = 0},
    {.bitmap_index = 1681, .adv_w = 275, .box_w = 16, .box_h = 21, .ofs_x = 1, .ofs_y = 0},
    {.bitmap_index = 1801, .adv_w = 285, .box_w = 16, .box_h = 21, .ofs_x = 1, .ofs_y = 0},
    {.bitmap_index = 1924, .adv_w = 252, .box_w = 16, .box_h = 21, .ofs_x = 0, .ofs_y = 0},
    {.bitmap_index = 2016, .adv_w = 294, .box_w = 17, .box_h = 21, .ofs_x = 1, .ofs_y = 0},
    {.bitmap_index = 2158, .adv_w = 286, .box_w = 16, .box_h = 21, .ofs_x = 1, .ofs_y = 0},
    {.bitmap_index = 2280, .adv_w = 128, .box_w = 6, .box_h = 16, .ofs_x = 1, .ofs_y = 0},
    {.bitmap_index = 2299, .adv_w = 133, .box_w = 6, .box_h = 23, .ofs_x = 1, .ofs_y = -7},
    {.bitmap_index = 2340, .adv_w = 281, .box_w = 15, .box_h = 20, .ofs_x = 1, .ofs_y = 0},
    {.bitmap_index = 2442, .adv_w = 281, .box_w = 15, .box_h = 11, .ofs_x = 1, .ofs_y = 5},
    {.bitmap_index = 2468, .adv_w = 281, .box_w = 15, .box_h = 20, .ofs_x = 1, .ofs_y = 0},
    {.bitmap_index = 2569, .adv_w = 241, .box_w = 15, .box_h = 21, .ofs_x = 0, .ofs_y = 0},
    {.bitmap_index = 2668, .adv_w = 381, .box_w = 24, .box_h = 21, .ofs_x = 0, .ofs_y = 0},
    {.bitmap_index = 2892, .adv_w = 330, .box_w = 21, .box_h = 21, .ofs_x = 0, .ofs_y = 0},
    {.bitmap_index = 3037, .adv_w = 311, .box_w = 18, .box_h = 21, .ofs_x = 1, .ofs_y = 0},
    {.bitmap_index = 3148, .adv_w = 321, .box_w = 19, .box_h = 21, .ofs_x = 1, .ofs_y = 0},
    {.bitmap_index = 3294, .adv_w = 342, .box_w = 20, .box_h = 21, .ofs_x = 1, .ofs_y = 0},
    {.bitmap_index = 3417, .adv_w = 275, .box_w = 16, .box_h = 21, .ofs_x = 1, .ofs_y = 0},
    {.bitmap_index = 3461, .adv_w = 266, .box_w = 15, .box_h = 21, .ofs_x = 1, .ofs_y = 0},
    {.bitmap_index = 3497, .adv_w = 335, .box_w = 19, .box_h = 21, .ofs_x = 1, .ofs_y = 0},
    {.bitmap_index = 3641, .adv_w = 346, .box_w = 19, .box_h = 21, .ofs_x = 1, .ofs_y = 0},
    {.bitmap_index = 3676, .adv_w = 130, .box_w = 6, .box_h = 21, .ofs_x = 1, .ofs_y = 0},
    {.bitmap_index = 3685, .adv_w = 242, .box_w = 14, .box_h = 21, .ofs_x = 0, .ofs_y = 0},
    {.bitmap_index = 3738, .adv_w = 323, .box_w = 20, .box_h = 21, .ofs_x = 1, .ofs_y = 0},
    {.bitmap_index = 3869, .adv_w = 266, .box_w = 16, .box_h = 21, .ofs_x = 1, .ofs_y = 0},
    {.bitmap_index = 3895, .adv_w = 413, .box_w = 23, .box_h = 21, .ofs_x = 1, .ofs_y = 0},
    {.bitmap_index = 4015, .adv_w = 338, .box_w = 19, .box_h = 21, .ofs_x = 1, .ofs_y = 0},
    {.bitmap_index = 4115, .adv_w = 351, .box_w = 20, .box_h = 21, .ofs_x = 1, .ofs_y = 0},
    {.bitmap_index = 4271, .adv_w = 296, .box_w = 17, .box_h = 21, .ofs_x = 1, .ofs_y = 0},
    {.bitmap_index = 4359, .adv_w = 353, .box_w = 20, .box_h = 24, .ofs_x = 1, .ofs_y = -3},
    {.bitmap_index = 4536, .adv_w = 304, .box_w = 18, .box_h = 21, .ofs_x = 1, .ofs_y = 0},
    {.bitmap_index = 4652, .adv_w = 284, .box_w = 18, .box_h = 21, .ofs_x = 0, .ofs_y = 0},
    {.bitmap_index = 4799, .adv_w = 284, .box_w = 18, .box_h = 21, .ofs_x = 0, .ofs_y = 0},
    {.bitmap_index = 4832, .adv_w = 331, .box_w = 18, .box_h = 21, .ofs_x = 1, .ofs_y = 0},
    {.bitmap_index = 4907, .adv_w = 332, .box_w = 21, .box_h = 21, .ofs_x = 0, .ofs_y = 0},
    {.bitmap_index = 5058, .adv_w = 489, .box_w = 31, .box_h = 21, .ofs_x = 0, .ofs_y = 0},
    {.bitmap_index = 5302, .adv_w = 338, .box_w = 21, .box_h = 21, .ofs_x = 0, .ofs_y = 0},
    {.bitmap_index = 5460, .adv_w = 321, .box_w = 21, .box_h = 21, .ofs_x = 0, .ofs_y = 0},
    {.bitmap_index = 5570, .adv_w = 293, .box_w = 18, .box_h = 21, .ofs_x = 0, .ofs_y = 0},
    {.bitmap_index = 5661, .adv_w = 163, .box_w = 8, .box_h = 25, .ofs_x = 2, .ofs_y = -2},
    {.bitmap_index = 5687, .adv_w = 174, .box_w = 11, .box_h = 21, .ofs_x = 0, .ofs_y = 0},
    {.bitmap_index = 5772, .adv_w = 163, .box_w = 8, .box_h = 25, .ofs_x = 0, .ofs_y = -2},
    {.bitmap_index = 5797, .adv_w = 213, .box_w = 13, .box_h = 8, .ofs_x = 0, .ofs_y = 16},
    {.bitmap_index = 5843, .adv_w = 206, .box_w = 13, .box_h = 4, .ofs_x = 0, .ofs_y = -6},
    {.bitmap_index = 5853, .adv_w = 146, .box_w = 8, .box_h = 9, .ofs_x = 0, .ofs_y = 16},
    {.bitmap_index = 5884, .adv_w = 257, .box_w = 15, .box_h = 16, .ofs_x = 0, .ofs_y = 0},
    {.bitmap_index = 5978, .adv_w = 283, .box_w = 16, .box_h = 21, .ofs_x = 1, .ofs_y = 0},
    {.bitmap_index = 6074, .adv_w = 254, .box_w = 16, .box_h = 16, .ofs_x = 0, .ofs_y = 0},
    {.bitmap_index = 6170, .adv_w = 283, .box_w = 17, .box_h = 21, .ofs_x = 0, .ofs_y = 0},
    {.bitmap_index = 6265, .adv_w = 266, .box_w = 16, .box_h = 16, .ofs_x = 0, .ofs_y = 0},
    {.bitmap_index = 6367, .adv_w = 178, .box_w = 11, .box_h = 21, .ofs_x = 0, .ofs_y = 0},
    {.bitmap_index = 6416, .adv_w = 281, .box_w = 17, .box_h = 22, .ofs_x = 0, .ofs_y = -6},
    {.bitmap_index = 6552, .adv_w = 275, .box_w = 15, .box_h = 21, .ofs_x = 1, .ofs_y = 0},
    {.bitmap_index = 6604, .adv_w = 129, .box_w = 6, .box_h = 23, .ofs_x = 1, .ofs_y = 0},
    {.bitmap_index = 6635, .adv_w = 130, .box_w = 9, .box_h = 29, .ofs_x = -2, .ofs_y = -6},
    {.bitmap_index = 6695, .adv_w = 268, .box_w = 16, .box_h = 21, .ofs_x = 1, .ofs_y = 0},
    {.bitmap_index = 6781, .adv_w = 132, .box_w = 7, .box_h = 21, .ofs_x = 1, .ofs_y = 0},
    {.bitmap_index = 6801, .adv_w = 410, .box_w = 24, .box_h = 16, .ofs_x = 1, .ofs_y = 0},
    {.bitmap_index = 6878, .adv_w = 274, .box_w = 15, .box_h = 16, .ofs_x = 1, .ofs_y = 0},
    {.bitmap_index = 6927, .adv_w = 275, .box_w = 17, .box_h = 16, .ofs_x = 0, .ofs_y = 0},
    {.bitmap_index = 7033, .adv_w = 282, .box_w = 16, .box_h = 22, .ofs_x = 1, .ofs_y = -6},
    {.bitmap_index = 7131, .adv_w = 282, .box_w = 17, .box_h = 22, .ofs_x = 0, .ofs_y = -6},
    {.bitmap_index = 7232, .adv_w = 201, .box_w = 12, .box_h = 16, .ofs_x = 1, .ofs_y = 0},
    {.bitmap_index = 7272, .adv_w = 232, .box_w = 14, .box_h = 16, .ofs_x = 0, .ofs_y = 0},
    {.bitmap_index = 7372, .adv_w = 190, .box_w = 12, .box_h = 20, .ofs_x = 0, .ofs_y = 0},
    {.bitmap_index = 7423, .adv_w = 274, .box_w = 15, .box_h = 16, .ofs_x = 1, .ofs_y = 0},
    {.bitmap_index = 7471, .adv_w = 254, .box_w = 18, .box_h = 16, .ofs_x = -1, .ofs_y = 0},
    {.bitmap_index = 7579, .adv_w = 385, .box_w = 26, .box_h = 16, .ofs_x = -1, .ofs_y = 0},
    {.bitmap_index = 7751, .adv_w = 253, .box_w = 18, .box_h = 16, .ofs_x = -1, .ofs_y = 0},
    {.bitmap_index = 7862, .adv_w = 260, .box_w = 18, .box_h = 22, .ofs_x = -1, .ofs_y = -6},
    {.bitmap_index = 8000, .adv_w = 229, .box_w = 14, .box_h = 16, .ofs_x = 0, .ofs_y = 0},
    {.bitmap_index = 8059, .adv_w = 175, .box_w = 11, .box_h = 25, .ofs_x = 0, .ofs_y = -2},
    {.bitmap_index = 8157, .adv_w = 115, .box_w = 5, .box_h = 25, .ofs_x = 1, .ofs_y = -2},
    {.bitmap_index = 8168, .adv_w = 175, .box_w = 11, .box_h = 25, .ofs_x = 0, .ofs_y = -2},
    {.bitmap_index = 8262, .adv_w = 274, .box_w = 17, .box_h = 8, .ofs_x = 0, .ofs_y = 6},
    {.bitmap_index = 8319, .adv_w = 216, .box_w = 6, .box_h = 5, .ofs_x = 4, .ofs_y = 8},
    {.bitmap_index = 8325, .adv_w = 216, .box_w = 14, .box_h = 5, .ofs_x = 0, .ofs_y = 9},
    {.bitmap_index = 8336, .adv_w = 432, .box_w = 10, .box_h = 9, .ofs_x = 2, .ofs_y = -2},
    {.bitmap_index = 8380, .adv_w = 432, .box_w = 25, .box_h = 5, .ofs_x = 1, .ofs_y = 9},
    {.bitmap_index = 8395, .adv_w = 432, .box_w = 25, .box_h = 24, .ofs_x = 1, .ofs_y = -1},
    {.bitmap_index = 8449, .adv_w = 432, .box_w = 25, .box_h = 24, .ofs_x = 1, .ofs_y = -2},
    {.bitmap_index = 8595, .adv_w = 432, .box_w = 24, .box_h = 25, .ofs_x = 1, .ofs_y = -2},
    {.bitmap_index = 8747, .adv_w = 432, .box_w = 26, .box_h = 26, .ofs_x = 0, .ofs_y = -2},
    {.bitmap_index = 8895, .adv_w = 432, .box_w = 23, .box_h = 25, .ofs_x = 2, .ofs_y = -2},
    {.bitmap_index = 8974, .adv_w = 432, .box_w = 25, .box_h = 25, .ofs_x = 1, .ofs_y = -2},
    {.bitmap_index = 9162, .adv_w = 432, .box_w = 25, .box_h = 26, .ofs_x = 1, .ofs_y = -2},
    {.bitmap_index = 9340, .adv_w = 432, .box_w = 25, .box_h = 27, .ofs_x = 1, .ofs_y = -3},
    {.bitmap_index = 9571, .adv_w = 432, .box_w = 25, .box_h = 27, .ofs_x = 1, .ofs_y = -3},
    {.bitmap_index = 9800, .adv_w = 432, .box_w = 25, .box_h = 26, .ofs_x = 1, .ofs_y = -3},
    {.bitmap_index = 10020, .adv_w = 432, .box_w = 26, .box_h = 26, .ofs_x = 1, .ofs_y = -3},
    {.bitmap_index = 10248, .adv_w = 432, .box_w = 27, .box_h = 27, .ofs_x = 0, .ofs_y = -3},
    {.bitmap_index = 10472, .adv_w = 432, .box_w = 25, .box_h = 26, .ofs_x = 1, .ofs_y = -2},
    {.bitmap_index = 10637, .adv_w = 432, .box_w = 25, .box_h = 25, .ofs_x = 1, .ofs_y = -2},
    {.bitmap_index = 10791, .adv_w = 432, .box_w = 26, .box_h = 25, .ofs_x = 0, .ofs_y = -2},
    {.bitmap_index = 10987, .adv_w = 432, .box_w = 25, .box_h = 27, .ofs_x = 1, .ofs_y = -3},
    {.bitmap_index = 11206, .adv_w = 432, .box_w = 26, .box_h = 26, .ofs_x = 0, .ofs_y = -3},
    {.bitmap_index = 11418, .adv_w = 432, .box_w = 26, .box_h = 25, .ofs_x = 0, .ofs_y = -2},
    {.bitmap_index = 11550, .adv_w = 432, .box_w = 26, .box_h = 26, .ofs_x = 0, .ofs_y = -2},
    {.bitmap_index = 11761, .adv_w = 432, .box_w = 26, .box_h = 25, .ofs_x = 1, .ofs_y = -2},
    {.bitmap_index = 11984, .adv_w = 432, .box_w = 25, .box_h = 26, .ofs_x = 1, .ofs_y = -2},
    {.bitmap_index = 12139, .adv_w = 432, .box_w = 27, .box_h = 25, .ofs_x = 0, .ofs_y = -2},
    {.bitmap_index = 12344, .adv_w = 432, .box_w = 24, .box_h = 26, .ofs_x = 1, .ofs_y = -2},
    {.bitmap_index = 12527, .adv_w = 432, .box_w = 26, .box_h = 25, .ofs_x = 0, .ofs_y = -2},
    {.bitmap_index = 12721, .adv_w = 432, .box_w = 26, .box_h = 26, .ofs_x = 1, .ofs_y = -2},
    {.bitmap_index = 12976, .adv_w = 432, .box_w = 26, .box_h = 26, .ofs_x = 0, .ofs_y = -3},
    {.bitmap_index = 13198, .adv_w = 432, .box_w = 25, .box_h = 27, .ofs_x = 1, .ofs_y = -3},
    {.bitmap_index = 13418, .adv_w = 432, .box_w = 26, .box_h = 25, .ofs_x = 0, .ofs_y = -2},
    {.bitmap_index = 13609, .adv_w = 432, .box_w = 25, .box_h = 25, .ofs_x = 1, .ofs_y = -1},
    {.bitmap_index = 13786, .adv_w = 432, .box_w = 25, .box_h = 26, .ofs_x = 1, .ofs_y = -2},
    {.bitmap_index = 13977, .adv_w = 432, .box_w = 25, .box_h = 27, .ofs_x = 1, .ofs_y = -3},
    {.bitmap_index = 14183, .adv_w = 432, .box_w = 23, .box_h = 27, .ofs_x = 2, .ofs_y = -3},
    {.bitmap_index = 14341, .adv_w = 432, .box_w = 25, .box_h = 25, .ofs_x = 1, .ofs_y = -2},
    {.bitmap_index = 14493, .adv_w = 432, .box_w = 26, .box_h = 27, .ofs_x = 1, .ofs_y = -3},
    {.bitmap_index = 14759, .adv_w = 432, .box_w = 23, .box_h = 26, .ofs_x = 2, .ofs_y = -2},
    {.bitmap_index = 14852, .adv_w = 432, .box_w = 25, .box_h = 25, .ofs_x = 1, .ofs_y = -2},
    {.bitmap_index = 14963, .adv_w = 432, .box_w = 25, .box_h = 27, .ofs_x = 1, .ofs_y = -3},
    {.bitmap_index = 15202, .adv_w = 432, .box_w = 24, .box_h = 26, .ofs_x = 1, .ofs_y = -3},
    {.bitmap_index = 15421, .adv_w = 432, .box_w = 24, .box_h = 26, .ofs_x = 1, .ofs_y = -3},
    {.bitmap_index = 15623, .adv_w = 432, .box_w = 25, .box_h = 26, .ofs_x = 0, .ofs_y = -3},
    {.bitmap_index = 15807, .adv_w = 432, .box_w = 25, .box_h = 27, .ofs_x = 1, .ofs_y = -3},
    {.bitmap_index = 15975, .adv_w = 432, .box_w = 24, .box_h = 27, .ofs_x = 1, .ofs_y = -3},
    {.bitmap_index = 16175, .adv_w = 432, .box_w = 24, .box_h = 26, .ofs_x = 1, .ofs_y = -3},
    {.bitmap_index = 16368, .adv_w = 432, .box_w = 25, .box_h = 26, .ofs_x = 1, .ofs_y = -3},
    {.bitmap_index = 16592, .adv_w = 432, .box_w = 26, .box_h = 25, .ofs_x = 0, .ofs_y = -2},
    {.bitmap_index = 16792, .adv_w = 432, .box_w = 24, .box_h = 24, .ofs_x = 2, .ofs_y = -2},
    {.bitmap_index = 16953, .adv_w = 432, .box_w = 25, .box_h = 26, .ofs_x = 1, .ofs_y = -2},
    {.bitmap_index = 17099, .adv_w = 432, .box_w = 25, .box_h = 25, .ofs_x = 1, .ofs_y = -2},
    {.bitmap_index = 17211, .adv_w = 432, .box_w = 25, .box_h = 25, .ofs_x = 1, .ofs_y = -3},
    {.bitmap_index = 17367, .adv_w = 432, .box_w = 25, .box_h = 26, .ofs_x = 1, .ofs_y = -3},
    {.bitmap_index = 17541, .adv_w = 432, .box_w = 27, .box_h = 27, .ofs_x = 0, .ofs_y = -3},
    {.bitmap_index = 17816, .adv_w = 432, .box_w = 27, .box_h = 25, .ofs_x = 0, .ofs_y = -3},
    {.bitmap_index = 18068, .adv_w = 432, .box_w = 25, .box_h = 26, .ofs_x = 1, .ofs_y = -3},
    {.bitmap_index = 18293, .adv_w = 432, .box_w = 25, .box_h = 27, .ofs_x = 1, .ofs_y = -3},
    {.bitmap_index = 18533, .adv_w = 432, .box_w = 25, .box_h = 26, .ofs_x = 1, .ofs_y = -3},
    {.bitmap_index = 18764, .adv_w = 432, .box_w = 26, .box_h = 25, .ofs_x = 0, .ofs_y = -3},
    {.bitmap_index = 18904, .adv_w = 432, .box_w = 25, .box_h = 24, .ofs_x = 1, .ofs_y = -2},
    {.bitmap_index = 19001, .adv_w = 432, .box_w = 25, .box_h = 26, .ofs_x = 1, .ofs_y = -2},
    {.bitmap_index = 19139, .adv_w = 432, .box_w = 26, .box_h = 27, .ofs_x = 1, .ofs_y = -3},
    {.bitmap_index = 19311, .adv_w = 432, .box_w = 25, .box_h = 25, .ofs_x = 1, .ofs_y = -2},
    {.bitmap_index = 19476, .adv_w = 432, .box_w = 23, .box_h = 27, .ofs_x = 2, .ofs_y = -3},
    {.bitmap_index = 19585, .adv_w = 432, .box_w = 25, .box_h = 26, .ofs_x = 0, .ofs_y = -2},
    {.bitmap_index = 19732, .adv_w = 432, .box_w = 27, .box_h = 26, .ofs_x = 0, .ofs_y = -2},
    {.bitmap_index = 19918, .adv_w = 432, .box_w = 23, .box_h = 26, .ofs_x = 2, .ofs_y = -3},
    {.bitmap_index = 20047, .adv_w = 432, .box_w = 24, .box_h = 27, .ofs_x = 2, .ofs_y = -3},
    {.bitmap_index = 20239, .adv_w = 432, .box_w = 23, .box_h = 24, .ofs_x = 2, .ofs_y = -2},
    {.bitmap_index = 20355, .adv_w = 432, .box_w = 23, .box_h = 25, .ofs_x = 2, .ofs_y = -2},
    {.bitmap_index = 20430, .adv_w = 432, .box_w = 23, .box_h = 25, .ofs_x = 2, .ofs_y = -2},
    {.bitmap_index = 20597, .adv_w = 432, .box_w = 25, .box_h = 26, .ofs_x = 1, .ofs_y = -2},
    {.bitmap_index = 20750, .adv_w = 432, .box_w = 25, .box_h = 26, .ofs_x = 1, .ofs_y = -2},
    {.bitmap_index = 20939, .adv_w = 432, .box_w = 24, .box_h = 26, .ofs_x = 1, .ofs_y = -3},
    {.bitmap_index = 21163, .adv_w = 432, .box_w = 26, .box_h = 25, .ofs_x = 0, .ofs_y = -2},
    {.bitmap_index = 21360, .adv_w = 432, .box_w = 26, .box_h = 27, .ofs_x = 0, .ofs_y = -3},
    {.bitmap_index = 21568, .adv_w = 432, .box_w = 25, .box_h = 26, .ofs_x = 1, .ofs_y = -3},
    {.bitmap_index = 21832, .adv_w = 432, .box_w = 25, .box_h = 26, .ofs_x = 1, .ofs_y = -2},
    {.bitmap_index = 21971, .adv_w = 432, .box_w = 25, .box_h = 25, .ofs_x = 1, .ofs_y = -2},
    {.bitmap_index = 22140, .adv_w = 432, .box_w = 25, .box_h = 27, .ofs_x = 1, .ofs_y = -3},
    {.bitmap_index = 22347, .adv_w = 432, .box_w = 25, .box_h = 26, .ofs_x = 1, .ofs_y = -3},
    {.bitmap_index = 22522, .adv_w = 432, .box_w = 26, .box_h = 26, .ofs_x = 0, .ofs_y = -3},
    {.bitmap_index = 22705, .adv_w = 432, .box_w = 25, .box_h = 27, .ofs_x = 1, .ofs_y = -3},
    {.bitmap_index = 22917, .adv_w = 432, .box_w = 26, .box_h = 26, .ofs_x = 0, .ofs_y = -2},
    {.bitmap_index = 23137, .adv_w = 432, .box_w = 25, .box_h = 26, .ofs_x = 1, .ofs_y = -2},
    {.bitmap_index = 23349, .adv_w = 432, .box_w = 26, .box_h = 27, .ofs_x = 0, .ofs_y = -3},
    {.bitmap_index = 23600, .adv_w = 432, .box_w = 25, .box_h = 25, .ofs_x = 1, .ofs_y = -3},
    {.bitmap_index = 23774, .adv_w = 432, .box_w = 25, .box_h = 26, .ofs_x = 1, .ofs_y = -3},
    {.bitmap_index = 23964, .adv_w = 432, .box_w = 26, .box_h = 25, .ofs_x = 0, .ofs_y = -1},
    {.bitmap_index = 24115, .adv_w = 432, .box_w = 24, .box_h = 24, .ofs_x = 2, .ofs_y = -2},
    {.bitmap_index = 24231, .adv_w = 432, .box_w = 25, .box_h = 27, .ofs_x = 1, .ofs_y = -3},
    {.bitmap_index = 24399, .adv_w = 432, .box_w = 25, .box_h = 27, .ofs_x = 1, .ofs_y = -3},
    {.bitmap_index = 24627, .adv_w = 432, .box_w = 25, .box_h = 26, .ofs_x = 1, .ofs_y = -3},
    {.bitmap_index = 24861, .adv_w = 432, .box_w = 25, .box_h = 25, .ofs_x = 1, .ofs_y = -3},
    {.bitmap_index = 24996, .adv_w = 432, .box_w = 25, .box_h = 26, .ofs_x = 1, .ofs_y = -2},
    {.bitmap_index = 25203, .adv_w = 432, .box_w = 23, .box_h = 25, .ofs_x = 2, .ofs_y = -2},
    {.bitmap_index = 25348, .adv_w = 432, .box_w = 25, .box_h = 25, .ofs_x = 1, .ofs_y = -2},
    {.bitmap_index = 25533, .adv_w = 432, .box_w = 25, .box_h = 27, .ofs_x = 1, .ofs_y = -3},
    {.bitmap_index = 25750, .adv_w = 432, .box_w = 25, .box_h = 25, .ofs_x = 1, .ofs_y = -2},
    {.bitmap_index = 25983, .adv_w = 432, .box_w = 25, .box_h = 25, .ofs_x = 1, .ofs_y = -2},
    {.bitmap_index = 26144, .adv_w = 432, .box_w = 26, .box_h = 26, .ofs_x = 1, .ofs_y = -2},
    {.bitmap_index = 26342, .adv_w = 432, .box_w = 26, .box_h = 26, .ofs_x = 1, .ofs_y = -3},
    {.bitmap_index = 26597, .adv_w = 432, .box_w = 26, .box_h = 26, .ofs_x = 0, .ofs_y = -2},
    {.bitmap_index = 26798, .adv_w = 432, .box_w = 26, .box_h = 26, .ofs_x = 1, .ofs_y = -2},
    {.bitmap_index = 27037, .adv_w = 432, .box_w = 25, .box_h = 26, .ofs_x = 1, .ofs_y = -3},
    {.bitmap_index = 27242, .adv_w = 432, .box_w = 25, .box_h = 25, .ofs_x = 1, .ofs_y = -2},
    {.bitmap_index = 27390, .adv_w = 432, .box_w = 26, .box_h = 25, .ofs_x = 0, .ofs_y = -2},
    {.bitmap_index = 27542, .adv_w = 432, .box_w = 25, .box_h = 26, .ofs_x = 1, .ofs_y = -3},
    {.bitmap_index = 27703, .adv_w = 432, .box_w = 26, .box_h = 26, .ofs_x = 1, .ofs_y = -3},
    {.bitmap_index = 27931, .adv_w = 432, .box_w = 24, .box_h = 27, .ofs_x = 1, .ofs_y = -3},
    {.bitmap_index = 28118, .adv_w = 432, .box_w = 25, .box_h = 27, .ofs_x = 1, .ofs_y = -3},
    {.bitmap_index = 28369, .adv_w = 432, .box_w = 25, .box_h = 26, .ofs_x = 1, .ofs_y = -3},
    {.bitmap_index = 28577, .adv_w = 432, .box_w = 25, .box_h = 26, .ofs_x = 1, .ofs_y = -3},
    {.bitmap_index = 28782, .adv_w = 432, .box_w = 25, .box_h = 26, .ofs_x = 1, .ofs_y = -3},
    {.bitmap_index = 29016, .adv_w = 432, .box_w = 25, .box_h = 26, .ofs_x = 1, .ofs_y = -3},
    {.bitmap_index = 29246, .adv_w = 432, .box_w = 25, .box_h = 26, .ofs_x = 1, .ofs_y = -3},
    {.bitmap_index = 29454, .adv_w = 432, .box_w = 25, .box_h = 27, .ofs_x = 1, .ofs_y = -3},
    {.bitmap_index = 29684, .adv_w = 432, .box_w = 25, .box_h = 26, .ofs_x = 1, .ofs_y = -3},
    {.bitmap_index = 29875, .adv_w = 432, .box_w = 25, .box_h = 25, .ofs_x = 1, .ofs_y = -2},
    {.bitmap_index = 30087, .adv_w = 432, .box_w = 25, .box_h = 25, .ofs_x = 1, .ofs_y = -2},
    {.bitmap_index = 30319, .adv_w = 432, .box_w = 26, .box_h = 27, .ofs_x = 0, .ofs_y = -3},
    {.bitmap_index = 30593, .adv_w = 432, .box_w = 25, .box_h = 26, .ofs_x = 1, .ofs_y = -3},
    {.bitmap_index = 30874, .adv_w = 432, .box_w = 26, .box_h = 26, .ofs_x = 0, .ofs_y = -2},
    {.bitmap_index = 31099, .adv_w = 432, .box_w = 24, .box_h = 26, .ofs_x = 2, .ofs_y = -3},
    {.bitmap_index = 31314, .adv_w = 432, .box_w = 26, .box_h = 27, .ofs_x = 0, .ofs_y = -3},
    {.bitmap_index = 31556, .adv_w = 432, .box_w = 25, .box_h = 25, .ofs_x = 1, .ofs_y = -3},
    {.bitmap_index = 31731, .adv_w = 432, .box_w = 24, .box_h = 25, .ofs_x = 2, .ofs_y = -2},
    {.bitmap_index = 31884, .adv_w = 432, .box_w = 23, .box_h = 26, .ofs_x = 2, .ofs_y = -3},
    {.bitmap_index = 32037, .adv_w = 432, .box_w = 25, .box_h = 25, .ofs_x = 1, .ofs_y = -2},
    {.bitmap_index = 32196, .adv_w = 432, .box_w = 25, .box_h = 25, .ofs_x = 1, .ofs_y = -2},
    {.bitmap_index = 32362, .adv_w = 432, .box_w = 25, .box_h = 25, .ofs_x = 1, .ofs_y = -2},
    {.bitmap_index = 32556, .adv_w = 432, .box_w = 25, .box_h = 26, .ofs_x = 1, .ofs_y = -3},
    {.bitmap_index = 32727, .adv_w = 432, .box_w = 26, .box_h = 25, .ofs_x = 1, .ofs_y = -2},
    {.bitmap_index = 32914, .adv_w = 432, .box_w = 25, .box_h = 26, .ofs_x = 1, .ofs_y = -3},
    {.bitmap_index = 33070, .adv_w = 432, .box_w = 25, .box_h = 26, .ofs_x = 0, .ofs_y = -3},
    {.bitmap_index = 33287, .adv_w = 432, .box_w = 25, .box_h = 25, .ofs_x = 1, .ofs_y = -2},
    {.bitmap_index = 33444, .adv_w = 432, .box_w = 25, .box_h = 25, .ofs_x = 1, .ofs_y = -2},
    {.bitmap_index = 33615, .adv_w = 432, .box_w = 25, .box_h = 25, .ofs_x = 1, .ofs_y = -2},
    {.bitmap_index = 33803, .adv_w = 432, .box_w = 25, .box_h = 25, .ofs_x = 1, .ofs_y = -2},
    {.bitmap_index = 33997, .adv_w = 432, .box_w = 26, .box_h = 25, .ofs_x = 1, .ofs_y = -2},
    {.bitmap_index = 34166, .adv_w = 432, .box_w = 25, .box_h = 25, .ofs_x = 1, .ofs_y = -2},
    {.bitmap_index = 34356, .adv_w = 432, .box_w = 26, .box_h = 26, .ofs_x = 1, .ofs_y = -3},
    {.bitmap_index = 34628, .adv_w = 432, .box_w = 26, .box_h = 26, .ofs_x = 0, .ofs_y = -3},
    {.bitmap_index = 34883, .adv_w = 432, .box_w = 26, .box_h = 25, .ofs_x = 1, .ofs_y = -2},
    {.bitmap_index = 35056, .adv_w = 432, .box_w = 26, .box_h = 27, .ofs_x = 0, .ofs_y = -3},
    {.bitmap_index = 35319, .adv_w = 432, .box_w = 26, .box_h = 26, .ofs_x = 0, .ofs_y = -3},
    {.bitmap_index = 35580, .adv_w = 432, .box_w = 25, .box_h = 23, .ofs_x = 1, .ofs_y = -1},
    {.bitmap_index = 35660, .adv_w = 432, .box_w = 26, .box_h = 25, .ofs_x = 1, .ofs_y = -2},
    {.bitmap_index = 35862, .adv_w = 432, .box_w = 25, .box_h = 26, .ofs_x = 1, .ofs_y = -3},
    {.bitmap_index = 36111, .adv_w = 432, .box_w = 25, .box_h = 26, .ofs_x = 1, .ofs_y = -3},
    {.bitmap_index = 36368, .adv_w = 432, .box_w = 25, .box_h = 26, .ofs_x = 1, .ofs_y = -3},
    {.bitmap_index = 36599, .adv_w = 432, .box_w = 26, .box_h = 25, .ofs_x = 1, .ofs_y = -2},
    {.bitmap_index = 36862, .adv_w = 432, .box_w = 25, .box_h = 26, .ofs_x = 1, .ofs_y = -3},
    {.bitmap_index = 37075, .adv_w = 432, .box_w = 26, .box_h = 26, .ofs_x = 0, .ofs_y = -3},
    {.bitmap_index = 37334, .adv_w = 432, .box_w = 26, .box_h = 26, .ofs_x = 0, .ofs_y = -3},
    {.bitmap_index = 37558, .adv_w = 432, .box_w = 25, .box_h = 26, .ofs_x = 1, .ofs_y = -3},
    {.bitmap_index = 37823, .adv_w = 432, .box_w = 25, .box_h = 27, .ofs_x = 1, .ofs_y = -3},
    {.bitmap_index = 38070, .adv_w = 432, .box_w = 25, .box_h = 26, .ofs_x = 1, .ofs_y = -3},
    {.bitmap_index = 38233, .adv_w = 432, .box_w = 26, .box_h = 26, .ofs_x = 1, .ofs_y = -3},
    {.bitmap_index = 38511, .adv_w = 432, .box_w = 25, .box_h = 25, .ofs_x = 1, .ofs_y = -2},
    {.bitmap_index = 38674, .adv_w = 432, .box_w = 25, .box_h = 25, .ofs_x = 1, .ofs_y = -2},
    {.bitmap_index = 38799, .adv_w = 432, .box_w = 25, .box_h = 25, .ofs_x = 1, .ofs_y = -2},
    {.bitmap_index = 39048, .adv_w = 432, .box_w = 25, .box_h = 26, .ofs_x = 1, .ofs_y = -3},
    {.bitmap_index = 39274, .adv_w = 432, .box_w = 24, .box_h = 25, .ofs_x = 1, .ofs_y = -3},
    {.bitmap_index = 39413, .adv_w = 432, .box_w = 24, .box_h = 25, .ofs_x = 2, .ofs_y = -2},
    {.bitmap_index = 39558, .adv_w = 432, .box_w = 25, .box_h = 24, .ofs_x = 1, .ofs_y = -2},
    {.bitmap_index = 39671, .adv_w = 432, .box_w = 25, .box_h = 26, .ofs_x = 1, .ofs_y = -3},
    {.bitmap_index = 39836, .adv_w = 432, .box_w = 21, .box_h = 27, .ofs_x = 3, .ofs_y = -3},
    {.bitmap_index = 39926, .adv_w = 432, .box_w = 23, .box_h = 26, .ofs_x = 2, .ofs_y = -2},
    {.bitmap_index = 40117, .adv_w = 432, .box_w = 25, .box_h = 26, .ofs_x = 1, .ofs_y = -3},
    {.bitmap_index = 40322, .adv_w = 432, .box_w = 25, .box_h = 25, .ofs_x = 1, .ofs_y = -2},
    {.bitmap_index = 40448, .adv_w = 432, .box_w = 25, .box_h = 26, .ofs_x = 1, .ofs_y = -3},
    {.bitmap_index = 40625, .adv_w = 432, .box_w = 25, .box_h = 26, .ofs_x = 2, .ofs_y = -3},
    {.bitmap_index = 40813, .adv_w = 432, .box_w = 26, .box_h = 27, .ofs_x = 0, .ofs_y = -3},
    {.bitmap_index = 41042, .adv_w = 432, .box_w = 25, .box_h = 26, .ofs_x = 1, .ofs_y = -3},
    {.bitmap_index = 41277, .adv_w = 432, .box_w = 25, .box_h = 25, .ofs_x = 1, .ofs_y = -2},
    {.bitmap_index = 41505, .adv_w = 432, .box_w = 26, .box_h = 24, .ofs_x = 1, .ofs_y = -2},
    {.bitmap_index = 41663, .adv_w = 432, .box_w = 25, .box_h = 26, .ofs_x = 1, .ofs_y = -3},
    {.bitmap_index = 41911, .adv_w = 432, .box_w = 25, .box_h = 25, .ofs_x = 1, .ofs_y = -2},
    {.bitmap_index = 42103, .adv_w = 432, .box_w = 25, .box_h = 26, .ofs_x = 1, .ofs_y = -3},
    {.bitmap_index = 42354, .adv_w = 432, .box_w = 26, .box_h = 27, .ofs_x = 1, .ofs_y = -3},
    {.bitmap_index = 42615, .adv_w = 432, .box_w = 25, .box_h = 26, .ofs_x = 1, .ofs_y = -2},
    {.bitmap_index = 42777, .adv_w = 432, .box_w = 25, .box_h = 26, .ofs_x = 1, .ofs_y = -2},
    {.bitmap_index = 42953, .adv_w = 432, .box_w = 26, .box_h = 25, .ofs_x = 0, .ofs_y = -2},
    {.bitmap_index = 43170, .adv_w = 432, .box_w = 25, .box_h = 26, .ofs_x = 1, .ofs_y = -2},
    {.bitmap_index = 43439, .adv_w = 432, .box_w = 25, .box_h = 26, .ofs_x = 1, .ofs_y = -2},
    {.bitmap_index = 43724, .adv_w = 432, .box_w = 25, .box_h = 26, .ofs_x = 1, .ofs_y = -2},
    {.bitmap_index = 43930, .adv_w = 432, .box_w = 25, .box_h = 25, .ofs_x = 1, .ofs_y = -2},
    {.bitmap_index = 44171, .adv_w = 432, .box_w = 25, .box_h = 27, .ofs_x = 1, .ofs_y = -3},
    {.bitmap_index = 44437, .adv_w = 432, .box_w = 25, .box_h = 25, .ofs_x = 1, .ofs_y = -2},
    {.bitmap_index = 44591, .adv_w = 432, .box_w = 23, .box_h = 26, .ofs_x = 2, .ofs_y = -3},
    {.bitmap_index = 44771, .adv_w = 432, .box_w = 25, .box_h = 26, .ofs_x = 1, .ofs_y = -3},
    {.bitmap_index = 44997, .adv_w = 432, .box_w = 25, .box_h = 26, .ofs_x = 0, .ofs_y = -3},
    {.bitmap_index = 45218, .adv_w = 432, .box_w = 25, .box_h = 27, .ofs_x = 1, .ofs_y = -3},
    {.bitmap_index = 45471, .adv_w = 432, .box_w = 26, .box_h = 26, .ofs_x = 0, .ofs_y = -3},
    {.bitmap_index = 45683, .adv_w = 432, .box_w = 26, .box_h = 26, .ofs_x = 0, .ofs_y = -3},
    {.bitmap_index = 45915, .adv_w = 432, .box_w = 25, .box_h = 26, .ofs_x = 1, .ofs_y = -2},
    {.bitmap_index = 46077, .adv_w = 432, .box_w = 25, .box_h = 25, .ofs_x = 1, .ofs_y = -2},
    {.bitmap_index = 46243, .adv_w = 432, .box_w = 25, .box_h = 25, .ofs_x = 1, .ofs_y = -2},
    {.bitmap_index = 46393, .adv_w = 432, .box_w = 25, .box_h = 25, .ofs_x = 1, .ofs_y = -2},
    {.bitmap_index = 46587, .adv_w = 432, .box_w = 25, .box_h = 26, .ofs_x = 1, .ofs_y = -3},
    {.bitmap_index = 46817, .adv_w = 432, .box_w = 25, .box_h = 26, .ofs_x = 1, .ofs_y = -3},
    {.bitmap_index = 47025, .adv_w = 432, .box_w = 25, .box_h = 26, .ofs_x = 1, .ofs_y = -2},
    {.bitmap_index = 47186, .adv_w = 432, .box_w = 25, .box_h = 26, .ofs_x = 1, .ofs_y = -3},
    {.bitmap_index = 47420, .adv_w = 432, .box_w = 25, .box_h = 27, .ofs_x = 1, .ofs_y = -3},
    {.bitmap_index = 47632, .adv_w = 432, .box_w = 26, .box_h = 26, .ofs_x = 0, .ofs_y = -3},
    {.bitmap_index = 47890, .adv_w = 432, .box_w = 26, .box_h = 27, .ofs_x = 1, .ofs_y = -3},
    {.bitmap_index = 48124, .adv_w = 432, .box_w = 25, .box_h = 25, .ofs_x = 1, .ofs_y = -2},
    {.bitmap_index = 48270, .adv_w = 432, .box_w = 25, .box_h = 26, .ofs_x = 1, .ofs_y = -3},
    {.bitmap_index = 48481, .adv_w = 432, .box_w = 25, .box_h = 25, .ofs_x = 1, .ofs_y = -2},
    {.bitmap_index = 48645, .adv_w = 432, .box_w = 25, .box_h = 25, .ofs_x = 1, .ofs_y = -2},
    {.bitmap_index = 48792, .adv_w = 432, .box_w = 26, .box_h = 26, .ofs_x = 1, .ofs_y = -3},
    {.bitmap_index = 48980, .adv_w = 432, .box_w = 26, .box_h = 25, .ofs_x = 1, .ofs_y = -2},
    {.bitmap_index = 49212, .adv_w = 432, .box_w = 26, .box_h = 25, .ofs_x = 1, .ofs_y = -2},
    {.bitmap_index = 49413, .adv_w = 432, .box_w = 25, .box_h = 27, .ofs_x = 1, .ofs_y = -3},
    {.bitmap_index = 49634, .adv_w = 432, .box_w = 25, .box_h = 26, .ofs_x = 1, .ofs_y = -3},
    {.bitmap_index = 49831, .adv_w = 432, .box_w = 24, .box_h = 26, .ofs_x = 1, .ofs_y = -3},
    {.bitmap_index = 50033, .adv_w = 432, .box_w = 26, .box_h = 26, .ofs_x = 1, .ofs_y = -3},
    {.bitmap_index = 50261, .adv_w = 432, .box_w = 25, .box_h = 26, .ofs_x = 1, .ofs_y = -3},
    {.bitmap_index = 50476, .adv_w = 432, .box_w = 26, .box_h = 26, .ofs_x = 0, .ofs_y = -3},
    {.bitmap_index = 50709, .adv_w = 432, .box_w = 25, .box_h = 26, .ofs_x = 1, .ofs_y = -2},
    {.bitmap_index = 50919, .adv_w = 432, .box_w = 25, .box_h = 26, .ofs_x = 1, .ofs_y = -3},
    {.bitmap_index = 51152, .adv_w = 432, .box_w = 25, .box_h = 27, .ofs_x = 1, .ofs_y = -3},
    {.bitmap_index = 51357, .adv_w = 432, .box_w = 26, .box_h = 26, .ofs_x = 1, .ofs_y = -3},
    {.bitmap_index = 51580, .adv_w = 432, .box_w = 26, .box_h = 27, .ofs_x = 1, .ofs_y = -3},
    {.bitmap_index = 51789, .adv_w = 432, .box_w = 25, .box_h = 26, .ofs_x = 1, .ofs_y = -3},
    {.bitmap_index = 52020, .adv_w = 432, .box_w = 25, .box_h = 26, .ofs_x = 1, .ofs_y = -3},
    {.bitmap_index = 52275, .adv_w = 432, .box_w = 25, .box_h = 24, .ofs_x = 1, .ofs_y = -2},
    {.bitmap_index = 52483, .adv_w = 432, .box_w = 25, .box_h = 26, .ofs_x = 1, .ofs_y = -3},
    {.bitmap_index = 52712, .adv_w = 432, .box_w = 25, .box_h = 25, .ofs_x = 1, .ofs_y = -2},
    {.bitmap_index = 52824, .adv_w = 432, .box_w = 25, .box_h = 25, .ofs_x = 1, .ofs_y = -2},
    {.bitmap_index = 53005, .adv_w = 432, .box_w = 25, .box_h = 25, .ofs_x = 1, .ofs_y = -2},
    {.bitmap_index = 53170, .adv_w = 432, .box_w = 25, .box_h = 26, .ofs_x = 1, .ofs_y = -3},
    {.bitmap_index = 53355, .adv_w = 432, .box_w = 24, .box_h = 26, .ofs_x = 1, .ofs_y = -3},
    {.bitmap_index = 53570, .adv_w = 432, .box_w = 26, .box_h = 25, .ofs_x = 0, .ofs_y = -2},
    {.bitmap_index = 53797, .adv_w = 432, .box_w = 25, .box_h = 26, .ofs_x = 1, .ofs_y = -3},
    {.bitmap_index = 54052, .adv_w = 432, .box_w = 26, .box_h = 26, .ofs_x = 1, .ofs_y = -3},
    {.bitmap_index = 54303, .adv_w = 432, .box_w = 25, .box_h = 26, .ofs_x = 1, .ofs_y = -3},
    {.bitmap_index = 54500, .adv_w = 432, .box_w = 23, .box_h = 26, .ofs_x = 2, .ofs_y = -2},
    {.bitmap_index = 54669, .adv_w = 432, .box_w = 23, .box_h = 26, .ofs_x = 2, .ofs_y = -2},
    {.bitmap_index = 54799, .adv_w = 432, .box_w = 24, .box_h = 26, .ofs_x = 2, .ofs_y = -3},
    {.bitmap_index = 55041, .adv_w = 432, .box_w = 25, .box_h = 26, .ofs_x = 2, .ofs_y = -2},
    {.bitmap_index = 55265, .adv_w = 432, .box_w = 25, .box_h = 25, .ofs_x = 1, .ofs_y = -2},
    {.bitmap_index = 55391, .adv_w = 432, .box_w = 25, .box_h = 26, .ofs_x = 1, .ofs_y = -3},
    {.bitmap_index = 55567, .adv_w = 432, .box_w = 26, .box_h = 25, .ofs_x = 1, .ofs_y = -3},
    {.bitmap_index = 55789, .adv_w = 432, .box_w = 26, .box_h = 27, .ofs_x = 0, .ofs_y = -3},
    {.bitmap_index = 56015, .adv_w = 432, .box_w = 26, .box_h = 27, .ofs_x = 0, .ofs_y = -3},
    {.bitmap_index = 56291, .adv_w = 432, .box_w = 26, .box_h = 26, .ofs_x = 0, .ofs_y = -2},
    {.bitmap_index = 56495, .adv_w = 432, .box_w = 25, .box_h = 27, .ofs_x = 1, .ofs_y = -3},
    {.bitmap_index = 56729, .adv_w = 432, .box_w = 25, .box_h = 27, .ofs_x = 1, .ofs_y = -3},
    {.bitmap_index = 56889, .adv_w = 432, .box_w = 25, .box_h = 26, .ofs_x = 1, .ofs_y = -3},
    {.bitmap_index = 57083, .adv_w = 432, .box_w = 25, .box_h = 26, .ofs_x = 1, .ofs_y = -2},
    {.bitmap_index = 57355, .adv_w = 432, .box_w = 25, .box_h = 26, .ofs_x = 1, .ofs_y = -2},
    {.bitmap_index = 57595, .adv_w = 432, .box_w = 25, .box_h = 26, .ofs_x = 1, .ofs_y = -3},
    {.bitmap_index = 57802, .adv_w = 432, .box_w = 7, .box_h = 12, .ofs_x = 3, .ofs_y = -7},
    {.bitmap_index = 57834, .adv_w = 432, .box_w = 6, .box_h = 17, .ofs_x = 4, .ofs_y = -1},
    {.bitmap_index = 57860, .adv_w = 432, .box_w = 7, .box_h = 23, .ofs_x = 3, .ofs_y = -7},
    {.bitmap_index = 57908, .adv_w = 432, .box_w = 5, .box_h = 25, .ofs_x = 11, .ofs_y = -2}
};

/*---------------------
 *  CHARACTER MAPPING
 *--------------------*/

static const uint16_t unicode_list_1[] = {
    0x0, 0x1f5c, 0x2f4b, 0x4d49, 0x4d53, 0x4d56, 0x4d57, 0x4d73,
    0x4d76, 0x4da8, 0x4dd4, 0x4ded, 0x4e0e, 0x4e16, 0x4e17, 0x4e2d,
    0x4e3f, 0x4e44, 0x4e5a, 0x4e63, 0x4e69, 0x4e8f, 0x4e96, 0x4e97,
    0x4e98, 0x4e9c, 0x4ef0, 0x4f26, 0x4f37, 0x4f62, 0x508e, 0x50ae,
    0x50b1, 0x50bc, 0x50c4, 0x50ce, 0x50e2, 0x5100, 0x5143, 0x5144,
    0x514f, 0x5150, 0x516d, 0x5174, 0x5196, 0x51e8, 0x51e9, 0x51f1,
    0x525f, 0x5283, 0x529e, 0x52aa, 0x52d4, 0x5304, 0x530b, 0x5315,
    0x5316, 0x531a, 0x531f, 0x5333, 0x5338, 0x533c, 0x5351, 0x5357,
    0x535a, 0x5378, 0x53c6, 0x5416, 0x546d, 0x5624, 0x5627, 0x5647,
    0x5671, 0x5679, 0x5683, 0x5743, 0x5856, 0x58bf, 0x5aa0, 0x5aa1,
    0x5ad2, 0x5ad5, 0x5ae3, 0x5ae7, 0x5b42, 0x5b4a, 0x5b7a, 0x5b8b,
    0x5b98, 0x5d2f, 0x5d3b, 0x5dbf, 0x5ddd, 0x5e43, 0x5e49, 0x5e82,
    0x5e9c, 0x5e9e, 0x5ece, 0x5f4a, 0x5f70, 0x5f84, 0x5fab, 0x6058,
    0x6159, 0x6189, 0x6194, 0x6196, 0x619c, 0x61b0, 0x61ed, 0x621d,
    0x624a, 0x6250, 0x6252, 0x62ab, 0x62b7, 0x62ee, 0x6319, 0x632a,
    0x63f6, 0x6487, 0x64b9, 0x64bd, 0x64f6, 0x64f9, 0x6529, 0x653f,
    0x6557, 0x6587, 0x65b8, 0x65cb, 0x663d, 0x6649, 0x6652, 0x6668,
    0x6673, 0x6675, 0x6683, 0x6699, 0x66a8, 0x66ae, 0x66c7, 0x66ca,
    0x66e5, 0x6781, 0x6a6a, 0x6aac, 0x6b7d, 0x6bea, 0x6c2b, 0x6cd1,
    0x6d44, 0x6d4e, 0x6d59, 0x6e1a, 0x6e2a, 0x6e5d, 0x7002, 0x7036,
    0x71a2, 0x71a4, 0x71b2, 0x71ff, 0x7471, 0x747e, 0x7484, 0x7495,
    0x75c6, 0x75cd, 0x75f7, 0x763d, 0x7668, 0x7669, 0x7736, 0x77b7,
    0x77fc, 0x7883, 0x791b, 0x792d, 0x7939, 0x797c, 0x79c3, 0x7a14,
    0x7a92, 0x7c74, 0x7e08, 0x7e1c, 0x7e33, 0x7e36, 0x7eb7, 0x7fd2,
    0x7ff3, 0x8041, 0x8046, 0x804b, 0x80e5, 0x81bb, 0x8242, 0x836e,
    0x8426, 0x8492, 0x8614, 0x8795, 0x880e, 0x8911, 0x892c, 0x892f,
    0x8aea, 0x8aed, 0x8af9, 0x8b0a, 0x8b0f, 0x8b1e, 0x8b38, 0x8b3d,
    0x8b40, 0x8b4c, 0x8c6f, 0x8c71, 0x8cce, 0x8d38, 0x8d3c, 0x8f10,
    0x8f24, 0x8f27, 0x8f52, 0x8f58, 0x90db, 0x9113, 0x9115, 0x9116,
    0x9118, 0x93e8, 0x93e9, 0x93f7, 0x9447, 0x944a, 0x94c8, 0x9536,
    0x953d, 0x95ad, 0x95d9, 0x96ab, 0x97c2, 0x97cd, 0x9828, 0x9859,
    0x98b9, 0x98d1, 0x98df, 0x98e2, 0x99d5, 0x9d6a, 0x9e1a, 0xfe55,
    0xfe63, 0xfe64, 0xfea5
};

/*Collect the unicode lists and glyph_id offsets*/
static const lv_font_fmt_txt_cmap_t cmaps[] =
{
    {
        .range_start = 32, .range_length = 95, .glyph_id_start = 1,
        .unicode_list = NULL, .glyph_id_ofs_list = NULL, .list_length = 0, .type = LV_FONT_FMT_TXT_CMAP_FORMAT0_TINY
    },
    {
        .range_start = 183, .range_length = 65190, .glyph_id_start = 96,
        .unicode_list = unicode_list_1, .glyph_id_ofs_list = NULL, .list_length = 259, .type = LV_FONT_FMT_TXT_CMAP_SPARSE_TINY
    }
};

/*-----------------
 *    KERNING
 *----------------*/


/*Map glyph_ids to kern left classes*/
static const uint8_t kern_left_class_mapping[] =
{
    0, 0, 0, 1, 0, 0, 0, 2,
    1, 3, 0, 0, 0, 4, 5, 4,
    6, 7, 0, 8, 9, 10, 11, 12,
    13, 14, 15, 0, 0, 0, 0, 0,
    16, 17, 18, 19, 20, 21, 22, 23,
    24, 0, 0, 25, 26, 27, 0, 0,
    21, 28, 29, 30, 31, 32, 33, 34,
    35, 36, 37, 38, 3, 0, 0, 0,
    39, 0, 40, 41, 42, 0, 41, 43,
    44, 40, 45, 45, 46, 47, 40, 40,
    41, 41, 44, 48, 49, 50, 51, 52,
    53, 54, 52, 55, 3, 0, 0, 0,
    0, 5, 0, 0, 0, 0, 0, 0,
    0, 0, 0, 0, 0, 0, 0, 0,
    0, 0, 0, 0, 0, 0, 0, 0,
    0, 0, 0, 0, 0, 0, 0, 0,
    0, 0, 0, 0, 0, 0, 0, 0,
    0, 0, 0, 0, 0, 0, 0, 0,
    0, 0, 0, 0, 0, 0, 0, 0,
    0, 0, 0, 0, 0, 0, 0, 0,
    0, 0, 0, 0, 0, 0, 0, 0,
    0, 0, 0, 0, 0, 0, 0, 0,
    0, 0, 0, 0, 0, 0, 0, 0,
    0, 0, 0, 0, 0, 0, 0, 0,
    0, 0, 0, 0, 0, 0, 0, 0,
    0, 0, 0, 0, 0, 0, 0, 0,
    0, 0, 0, 0, 0, 0, 0, 0,
    0, 0, 0, 0, 0, 0, 0, 0,
    0, 0, 0, 0, 0, 0, 0, 0,
    0, 0, 0, 0, 0, 0, 0, 0,
    0, 0, 0, 0, 0, 0, 0, 0,
    0, 0, 0, 0, 0, 0, 0, 0,
    0, 0, 0, 0, 0, 0, 0, 0,
    0, 0, 0, 0, 0, 0, 0, 0,
    0, 0, 0, 0, 0, 0, 0, 0,
    0, 0, 0, 0, 0, 0, 0, 0,
    0, 0, 0, 0, 0, 0, 0, 0,
    0, 0, 0, 0, 0, 0, 0, 0,
    0, 0, 0, 0, 0, 0, 0, 0,
    0, 0, 0, 0, 0, 0, 0, 0,
    0, 0, 0, 0, 0, 0, 0, 0,
    0, 0, 0, 0, 0, 0, 0, 0,
    0, 0, 0, 0, 0, 0, 0, 0,
    0, 0, 0, 0, 0, 0, 0, 4,
    0, 0, 0
};

/*Map glyph_ids to kern right classes*/
static const uint8_t kern_right_class_mapping[] =
{
    0, 0, 0, 1, 0, 0, 0, 2,
    1, 0, 0, 0, 0, 3, 4, 3,
    5, 6, 7, 8, 9, 10, 11, 12,
    13, 14, 15, 0, 0, 0, 0, 0,
    16, 17, 18, 0, 19, 0, 0, 0,
    19, 0, 0, 20, 0, 0, 0, 0,
    19, 0, 19, 0, 21, 22, 23, 24,
    25, 26, 27, 28, 0, 0, 29, 0,
    30, 0, 31, 32, 33, 33, 33, 34,
    35, 32, 36, 37, 32, 38, 39, 39,
    33, 39, 33, 39, 40, 41, 42, 43,
    44, 45, 43, 46, 0, 0, 0, 0,
    0, 4, 0, 0, 0, 0, 0, 0,
    0, 0, 0, 0, 0, 0, 0, 0,
    0, 0, 0, 0, 0, 0, 0, 0,
    0, 0, 0, 0, 0, 0, 0, 0,
    0, 0, 0, 0, 0, 0, 0, 0,
    0, 0, 0, 0, 0, 0, 0, 0,
    0, 0, 0, 0, 0, 0, 0, 0,
    0, 0, 0, 0, 0, 0, 0, 0,
    0, 0, 0, 0, 0, 0, 0, 0,
    0, 0, 0, 0, 0, 0, 0, 0,
    0, 0, 0, 0, 0, 0, 0, 0,
    0, 0, 0, 0, 0, 0, 0, 0,
    0, 0, 0, 0, 0, 0, 0, 0,
    0, 0, 0, 0, 0, 0, 0, 0,
    0, 0, 0, 0, 0, 0, 0, 0,
    0, 0, 0, 0, 0, 0, 0, 0,
    0, 0, 0, 0, 0, 0, 0, 0,
    0, 0, 0, 0, 0, 0, 0, 0,
    0, 0, 0, 0, 0, 0, 0, 0,
    0, 0, 0, 0, 0, 0, 0, 0,
    0, 0, 0, 0, 0, 0, 0, 0,
    0, 0, 0, 0, 0, 0, 0, 0,
    0, 0, 0, 0, 0, 0, 0, 0,
    0, 0, 0, 0, 0, 0, 0, 0,
    0, 0, 0, 0, 0, 0, 0, 0,
    0, 0, 0, 0, 0, 0, 0, 0,
    0, 0, 0, 0, 0, 0, 0, 0,
    0, 0, 0, 0, 0, 0, 0, 0,
    0, 0, 0, 0, 0, 0, 0, 0,
    0, 0, 0, 0, 0, 0, 0, 0,
    0, 0, 0, 0, 0, 0, 0, 0,
    0, 0, 0, 0, 0, 0, 0, 3,
    0, 0, 0
};

/*Kern values between classes*/
static const int8_t kern_class_values[] =
{
    0, 0, 0, 0, 0, 0, 0, 0,
    0, -42, 0, -23, 9, 0, 0, 0,
    0, 0, 0, 0, 0, 0, 0, 0,
    0, 0, 0, 0, 0, 0, 0, 0,
    0, 0, 0, 0, 0, 0, 0, 0,
    0, 0, 0, 0, 0, 0, 0, 0,
    0, 0, 0, 0, -26, 0, -24, -16,
    0, -23, -28, 0, -22, 0, 0, 0,
    0, 0, 0, 0, 0, 0, 0, 0,
    0, 0, 0, 0, 0, 0, 0, 0,
    0, 0, 0, 0, 0, 0, 0, 0,
    0, 0, 0, 0, 0, 0, 0, 0,
    0, 0, 0, 0, 0, 0, 0, 0,
    0, 0, 0, 0, 0, 0, 0, 0,
    0, 0, 0, 0, 0, 0, 0, 0,
    0, 0, 0, 0, 0, 0, 0, 0,
    17, 0, 0, 0, 0, 0, 0, 0,
    0, 0, 0, 0, 0, 0, 0, -10,
    -46, 0, -10, -4, -7, -5, -10, -1,
    -40, 0, 0, 0, 0, 0, 0, 0,
    0, 0, 0, 0, 0, 0, 0, 0,
    0, 0, 0, 0, 0, 0, 0, 0,
    0, 0, 0, 0, 0, 0, 0, 0,
    0, 0, 0, 0, 0, 0, 0, -9,
    -13, 0, 0, 0, -6, 0, 0, 0,
    0, 0, 0, 0, 0, 0, 0, 0,
    0, 0, 0, 0, 0, 0, 0, 0,
    0, 0, 0, 0, 0, 0, 0, 0,
    0, 0, 0, 0, 0, 0, 0, 0,
    0, 0, 0, 0, 0, 0, 0, -34,
    0, -22, 0, 0, 0, 0, 0, 0,
    0, 0, 0, 0, 0, 0, 0, 0,
    0, 0, 0, 0, 0, 0, 0, 0,
    0, 0, 0, 0, 0, 0, 0, 0,
    0, 0, 0, 0, 0, 0, -10, 0,
    0, 0, 0, -8, -11, 0, 0, 0,
    -2, 0, 0, 0, 0, -15, 0, -11,
    0, -11, 0, -14, -8, 0, -23, 0,
    0, 0, 0, 0, 0, 0, 0, 0,
    0, 0, 0, 0, 0, 0, 0, 0,
    0, 0, 0, 0, 0, -1, 0, -5,
    0, 0, -9, -13, 0, -9, 0, 0,
    0, 0, 0, 0, 0, 0, 0, 0,
    0, -8, 0, 0, -16, 0, 0, 0,
    0, 0, 0, 0, 0, 0, 0, 0,
    0, 0, 0, 0, 0, 0, 0, 0,
    0, 0, -5, 0, 0, 0, 0, -5,
    0, 0, 0, 0, 0, 0, -4, -9,
    0, 0, 0, 0, 0, 0, 0, 0,
    0, -8, -9, 0, 0, 0, 0, 0,
    0, 0, 0, 0, 0, 0, 0, 0,
    0, 0, 0, 0, 0, 0, -10, 0,
    0, 0, 0, 0, -6, 0, -7, 0,
    0, 0, -10, 0, -9, -13, 0, 0,
    0, 0, 0, -13, 0, -10, 0, 0,
    -17, 2, 0, 0, 0, 0, 0, 0,
    0, 0, 0, 0, 0, 0, 0, 0,
    0, 0, 0, 0, 0, 0, -5, 0,
    0, 0, -10, 0, 0, 0, 0, 0,
    -7, 0, 0, -13, 0, 0, 0, 0,
    0, 0, 0, -8, 0, -20, 0, 0,
    0, 0, 0, 0, 0, 0, 0, 0,
    0, 0, 0, 0, 0, 0, 0, 0,
    0, 0, -35, 0, -5, 0, 0, 0,
    -24, 0, 0, 0, 0, 0, -14, 0,
    -4, -23, 0, 0, 0, 0, 0, -38,
    0, -28, 0, -19, -44, 0, 0, 0,
    0, 0, 0, 0, 0, 0, 0, 0,
    0, 0, 0, 0, -14, 0, -13, -7,
    9, -28, -54, -5, -32, -6, 0, 0,
    0, -30, 0, -27, 11, -11, 0, 8,
    0, -49, 0, -54, 0, 0, 0, 0,
    0, 0, 0, 0, 0, 0, -28, 0,
    -25, -6, -27, 0, 0, 0, -13, -19,
    0, -11, 0, 0, -7, -7, 0, 0,
    -1, 0, 0, 0, 0, 0, 0, 0,
    0, 0, -5, 0, -9, -5, 0, 0,
    0, 0, 0, -9, 0, -14, 0, 0,
    -17, 0, 0, 0, 0, 0, 0, 0,
    0, 0, 0, 0, 0, 0, 0, 0,
    0, 0, -9, 0, 0, -22, -41, 0,
    -22, 0, 0, 0, 0, -12, 0, -8,
    0, -9, 0, 0, 0, -30, 0, -41,
    0, 0, 0, -6, 0, -26, -16, 0,
    0, 0, -14, 0, -10, 6, 0, 0,
    0, 0, 0, 0, 3, 0, 0, 0,
    0, 0, 0, 0, 0, 0, 0, 0,
    0, 0, -9, -28, -2, -17, 4, -5,
    0, 0, 0, 0, 0, 0, 0, 0,
    0, 0, 0, 0, 0, 0, 0, 0,
    0, 0, 0, 0, 0, 0, 0, 0,
    0, 0, 0, 0, 0, 0, 0, 0,
    0, 0, 0, 0, 0, 0, 0, 0,
    0, 0, 0, 0, 0, 0, 0, 0,
    0, -21, 0, 0, 0, 0, 0, 0,
    0, -24, 0, 0, 0, 0, 0, 0,
    0, 0, 0, 0, 0, 0, 0, 0,
    0, 0, 0, 0, 0, 0, -49, -1,
    0, -28, 0, -15, -34, 0, 0, 0,
    0, 0, 0, 0, -35, -38, 0, 0,
    -17, 0, 0, -35, -12, -49, -33, 0,
    -48, 0, 0, 0, 0, 0, -5, -11,
    -5, 0, 0, -7, 0, 0, -19, -10,
    -23, -20, 0, 0, -13, 0, -5, 0,
    0, 0, 0, 0, 0, 0, 0, 0,
    0, 0, 0, -11, 0, -8, 0, -5,
    0, -10, 0, -13, -8, -12, -18, -2,
    0, 0, 0, 0, 0, 0, 0, 0,
    0, 0, 0, 0, 0, 0, 0, 0,
    -2, -3, 0, 0, 0, -21, 0, 0,
    0, 0, 0, 0, 0, 0, 0, 0,
    0, 0, 0, -12, -7, 0, 0, -2,
    0, 0, 0, -16, -23, -4, 0, 0,
    -7, 0, -12, 0, -10, 0, 0, 0,
    0, 0, 0, 0, -8, -5, -4, 0,
    -9, 0, -15, 0, 0, 0, 0, 0,
    0, 0, 0, 0, 0, 0, 0, -11,
    0, -17, 0, -18, 0, -15, 0, -13,
    -7, -25, -24, -13, 0, 0, 0, 0,
    0, 0, 0, 0, 0, 0, 0, 0,
    0, 0, 0, 0, 0, -5, 0, -2,
    0, 0, 0, 0, 0, 0, 0, 0,
    0, 0, 0, 0, 0, 0, 0, 0,
    0, 0, 0, 0, 0, 0, 0, 0,
    0, 0, 0, 0, 0, 0, 0, 0,
    0, 0, 0, 0, 0, 0, 0, 0,
    -4, 0, 0, 0, 6, -9, -27, 0,
    0, 0, 0, 0, 0, -9, 0, -8,
    0, 0, 0, 0, 0, -26, 0, -49,
    -5, 0, 0, 0, 0, -8, 0, 0,
    0, 0, -16, 0, -13, 0, -11, 0,
    0, 0, -8, -8, 0, -9, -4, -4,
    -9, -4, 0, 0, -10, 0, 0, 0,
    0, 0, 0, 0, 0, 0, 0, 0,
    0, -9, 0, -10, 0, 0, 0, -13,
    0, -13, -6, -16, -21, -4, 0, 0,
    0, 0, 0, 0, 0, 0, 0, 0,
    0, -4, 0, 0, -4, -5, -9, 0,
    0, 0, -10, 0, 0, 0, 0, 0,
    0, 0, 0, 0, 0, 0, 0, 0,
    0, 0, 0, -11, 0, 0, 0, 0,
    0, -8, 0, 0, 0, 0, 0, 0,
    0, 0, 0, 0, 0, 0, 0, 0,
    0, 0, 0, 0, 0, 0, 0, -17,
    3, -46, 0, -21, -16, 0, 0, -14,
    0, 0, 0, 0, -29, -21, 0, 0,
    -16, -9, -15, 0, -10, 0, 0, 0,
    0, 0, 0, 0, -8, 0, -21, -19,
    -19, 0, 0, -13, -6, -1, -19, -13,
    -22, -22, 0, 0, -44, 0, 9, -42,
    0, 0, -44, 0, 0, 0, 0, 0,
    -7, 0, -44, -46, 0, 0, -9, 0,
    0, -43, -13, -34, -35, 0, -75, 0,
    0, 0, -1, 0, -8, -9, -5, 0,
    0, 0, 0, 0, -26, -5, -30, -22,
    0, 0, 0, -17, -40, 0, 0, 0,
    0, -8, 0, -15, 0, 0, 0, 0,
    0, 0, 0, -32, 0, -50, 0, -9,
    0, -14, -6, -27, -20, -9, 0, 0,
    -17, 0, -9, 6, -9, 0, 0, 0,
    0, -4, 5, 0, 4, 6, 0, 0,
    0, 0, 0, 0, 0, 0, 0, 0,
    0, 0, 0, 0, 0, 0, 0, 0,
    0, -11, 0, -14, 0, -13, 0, -9,
    -9, -19, -21, -4, 0, 0, 0, 0,
    0, 0, 0, 0, 0, 0, 0, 0,
    0, 0, 0, 0, 0, 0, 0, -6,
    0, 0, 0, 0, 0, 0, 0, 0,
    0, 0, 0, 0, 0, 0, 0, 0,
    0, -13, 0, -7, 0, -9, -4, 0,
    -17, 0, 0, 0, -1, 0, -4, 0,
    -2, 0, 0, 0, 0, 0, 0, 0,
    0, 0, 0, 0, 0, 0, 0, 0,
    0, 0, 0, 0, 0, 0, 0, 0,
    0, 0, 0, 0, 0, 0, 0, 0,
    0, -6, 0, -11, 0, -12, -16, 0,
    0, 0, 0, 0, 0, 0, 0, 0,
    0, 0, 0, 0, 0, 0, 0, -2,
    -4, -2, 10, -27, -44, -35, 0, -11,
    0, 0, 0, -40, 0, -31, 0, -9,
    0, 0, 0, -35, -15, -53, -8, 0,
    0, -5, 0, -12, 0, 0, 0, 0,
    -41, -20, -46, -17, -48, 0, 0, 0,
    -29, -42, -9, -21, -25, -22, -19, -22,
    0, 0, -12, 0, 0, 0, 0, 0,
    0, 0, 0, 0, 0, 0, 0, 0,
    0, -12, 0, -16, 0, 0, 0, 0,
    0, -8, 0, 0, 0, 0, 0, 0,
    0, 0, 0, 0, 0, 0, 0, 0,
    0, 0, 0, 0, 0, 0, 0, -29,
    -58, -24, 0, -14, 0, -12, 0, -33,
    -3, -25, 0, -14, 0, 0, 0, -48,
    -13, -60, -10, 0, 0, 0, 0, 0,
    0, 0, 0, 0, -38, -25, -38, -10,
    -37, 0, 0, 0, -22, -33, -8, -23,
    -16, -13, -21, -16, 0, -17, -39, -14,
    0, -8, 0, 0, 0, -29, 0, 0,
    0, 0, 0, 0, 0, -32, -7, -42,
    -3, 0, 0, 0, 0, 0, 0, 0,
    0, 0, -30, 0, -27, -5, -27, 0,
    0, 0, -17, -23, -3, -19, -4, -7,
    -16, -12, 0, -16, 2, -41, 0, 0,
    -9, 0, -8, -16, -9, -16, 0, 0,
    -21, -9, -16, 0, -25, -16, -12, -13,
    -8, 0, 0, 0, 0, 0, 0, 0,
    -14, 0, -25, -19, -23, 0, 0, -4,
    -5, -16, -21, -21, -27, -24, 0, 0,
    0, -38, -64, -33, 0, -23, -6, -9,
    -8, -51, 0, -42, 0, -17, -13, -3,
    -24, -48, -24, -64, -19, 0, 0, 0,
    0, 0, 0, 0, 0, 0, -53, -22,
    -51, -21, -54, 0, 0, 0, -35, -46,
    -18, -34, -24, -23, -32, -29, 0, -17,
    0, -18, 0, 0, 0, 0, 0, -4,
    0, 0, 0, 0, 0, 0, 0, 0,
    -13, 0, 0, 0, -4, 0, 0, 0,
    0, 0, 0, 0, 0, 0, -6, 0,
    0, 0, 0, 0, 0, 0, -10, -9,
    -10, -12, 0, 0, 0, 0, 0, 0,
    0, 0, 0, 0, 0, 0, 0, 0,
    0, 0, 0, 0, 0, 0, 0, 0,
    0, 0, 0, 0, 0, 0, 0, 0,
    0, 0, 0, 0, -12, 0, 0, 0,
    47, 0, 0, 0, 0, 0, 0, 0,
    0, 0, -10, 0, 0, 0, 0, 0,
    -13, 0, 0, 0, 0, 0, -10, 0,
    -9, -18, 0, 0, 0, 0, -5, -45,
    0, -35, -24, -12, -41, 0, 0, 0,
    0, 0, 0, 0, 0, 0, 0, 0,
    0, 0, 0, 0, 0, 0, 0, 0,
    -18, 0, -7, 0, 0, 0, 0, 0,
    0, 0, 0, 0, -19, 0, -11, -29,
    0, -8, 0, -4, -6, -45, 0, -38,
    -27, -25, -49, -4, 0, -7, 0, 0,
    0, 0, 0, 0, 0, 0, 0, 0,
    0, 0, -4, -5, -8, 0, -8, 0,
    0, 0, 0, 0, 0, 0, 0, 0,
    0, 0, 0, 0, 0, -10, 0, -8,
    0, 0, -8, -37, 0, -27, -19, -23,
    -51, 0, 0, 0, -8, 0, -3, 0,
    0, -4, 0, -4, 0, 0, 0, 0,
    -8, 0, -12, 0, 13, -7, -30, 15,
    0, 0, 0, 0, 0, -21, 0, 0,
    10, 0, 7, 0, 0, -27, 0, -30,
    0, 0, 0, 11, 8, 0, 0, 0,
    11, 0, -11, 0, -5, 0, -6, 0,
    0, 0, 0, -6, 3, 0, 0, 0,
    0, 0, 0, 0, 0, 0, 0, 0,
    0, 0, 0, 0, 0, 0, 0, 0,
    0, 0, 0, 0, 0, 0, 0, -32,
    0, -28, -20, 0, -29, 0, 0, 0,
    0, 0, 0, 0, 0, 0, 19, 0,
    0, 0, 0, 0, 0, 0, 0, 0,
    0, 0, 0, 0, 0, 0, 0, 0,
    0, 0, 0, 0, 0, 0, 0, 0,
    0, 0, 0, 0, 0, 0, 0, 0,
    0, 0, 0, 0, 0, 0, 0, 0,
    0, 0, 0, 0, 5, 0, 0, 0,
    0, 0, 0, 0, 0, 0, -12, -6,
    3, -19, 0, 0, 0, 0, 0, -16,
    0, -13, 0, -14, -7, -5, 0, 0,
    -10, 0, 0, -29, -6, -25, -13, 0,
    -32, 0, 0, 0, -4, 0, -13, 0,
    -7, 0, 0, -6, 0, -10, -7, -7,
    0, 0, 0, 0, 0, 3, 9, -3,
    0, 0, 0, 0, 0, 0, 0, 0,
    0, 0, 0, -12, 0, 0, -3, 0,
    0, -15, 0, 0, 0, 0, -18, 0,
    0, 0, 2, 0, 0, 0, 0, 0,
    0, -1, 0, 0, 0, 0, 0, 0,
    0, 0, 0, -18, -47, 0, 0, 0,
    0, -5, -15, -22, 0, -13, 0, 0,
    4, 0, 0, -35, 0, -45, 0, -14,
    0, -10, -9, -26, -24, -11, 0, 0,
    -13, 0, -8, 0, -8, 0, 0, 0,
    0, -6, 0, -8, 6, 7, 0, 0,
    -17, 0, 0, 0, 0, 0, -10, 0,
    0, 0, 0, 0, -10, 0, 0, -20,
    0, 0, 0, 0, 0, -42, 0, -32,
    -23, -16, -45, 0, 0, 0, 0, 0,
    0, 0, 0, 0, 0, 0, 0, 0,
    0, 0, -5, -3, -8, 0, 0, 0,
    0, 0, 0, 0, 0, 0, 0, -1,
    0, 0, 0, 0, 5, 0, 0, 0,
    0, 0, 1, -10, 0, -13, -4, 0,
    -24, 0, 0, 0, 0, 0, -1, 2,
    0, 0, 0, 0, 0, -3, 0, -1,
    0, 0, 0, 0, 0, 0, 0, 0,
    0, 0, 0, 0, 0, 0, 0, 0,
    -3, 0, 0, -6, 0, 0, 0, 0,
    0, -18, 0, -22, -17, -4, -30, 0,
    0, 0, 0, 0, 0, 0, 0, 0,
    4, 0, 0, 0, 0, 0, 0, 0,
    0, 0, 0, -17, -37, 0, 0, 0,
    0, 0, 0, -20, 0, -15, 0, 0,
    0, 0, 0, -28, 0, -42, 0, -27,
    0, -10, -4, -28, -24, -10, 0, 0,
    -7, 0, -4, 0, -4, 0, 0, 0,
    0, -6, 0, 0, 14, 0, 0, 0,
    0, -9, -33, 0, 0, 0, 0, 0,
    0, 0, 0, 0, 0, 0, 0, 0,
    0, -22, 0, -29, 0, -22, 0, -13,
    -7, -25, -23, -12, 0, 0, -12, 0,
    -6, 0, 0, 0, 0, 0, 0, -4,
    0, 0, 0, 10, 0, 0, 0, -5,
    0, -16, 0, 0, 0, 0, 0, -10,
    0, -13, -6, -9, 0, 0, 0, 0,
    -3, 0, 0, -19, 0, -21, -16, 0,
    -32, 0, 0, 0, -5, 0, -8, 0,
    0, 0, 0, -4, 0, -8, 0, -4,
    0, 0, 0, 0, 0, -6, 0, -3,
    0, 0, 0, 0, 0, -5, 0, -7,
    -2, 0, 0, 0, 0, 0, -5, 0,
    0, -21, 0, -18, -13, 0, -29, 0,
    0, 0, 0, 0, -1, 0, -3, 0,
    0, 0, 0, -4, 0, -4, 0, 0,
    0, 0
};


/*Collect the kern class' data in one place*/
static const lv_font_fmt_txt_kern_classes_t kern_classes =
{
    .class_pair_values   = kern_class_values,
    .left_class_mapping  = kern_left_class_mapping,
    .right_class_mapping = kern_right_class_mapping,
    .left_class_cnt      = 55,
    .right_class_cnt     = 46,
};

/*--------------------
 *  ALL CUSTOM DATA
 *--------------------*/

#if LVGL_VERSION_MAJOR == 8
/*Store all the custom data of the font*/
static  lv_font_fmt_txt_glyph_cache_t cache;
#endif

#if LVGL_VERSION_MAJOR >= 8
static const lv_font_fmt_txt_dsc_t font_dsc = {
#else
static lv_font_fmt_txt_dsc_t font_dsc = {
#endif
    .glyph_bitmap = glyph_bitmap,
    .glyph_dsc = glyph_dsc,
    .cmaps = cmaps,
    .kern_dsc = &kern_classes,
    .kern_scale = 16,
    .cmap_num = 2,
    .bpp = 4,
    .kern_classes = 1,
    .bitmap_format = 1,
#if LVGL_VERSION_MAJOR == 8
    .cache = &cache
#endif
};



/*-----------------
 *  PUBLIC FONT
 *----------------*/

/*Initialize a public general font descriptor*/
#if LVGL_VERSION_MAJOR >= 8
const lv_font_t font_ui_27 = {
#else
lv_font_t font_ui_27 = {
#endif
    .get_glyph_dsc = lv_font_get_glyph_dsc_fmt_txt,    /*Function pointer to get glyph's data*/
    .get_glyph_bitmap = lv_font_get_bitmap_fmt_txt,    /*Function pointer to get glyph's bitmap*/
    .line_height = 32,          /*The maximum line height required by the font*/
    .base_line = 7,             /*Baseline measured from the bottom of the line*/
#if !(LVGL_VERSION_MAJOR == 6 && LVGL_VERSION_MINOR == 0)
    .subpx = LV_FONT_SUBPX_NONE,
#endif
#if LV_VERSION_CHECK(7, 4, 0) || LVGL_VERSION_MAJOR >= 8
    .underline_position = -3,
    .underline_thickness = 1,
#endif
    .dsc = &font_dsc,          /*The custom font data. Will be accessed by `get_glyph_bitmap/dsc` */
#if LV_VERSION_CHECK(8, 2, 0) || LVGL_VERSION_MAJOR >= 9
    .fallback = NULL,
#endif
    .user_data = NULL,
};



#endif /*#if FONT_UI_27*/

