/*******************************************************************************
 * Size: 24 px
 * Bpp: 4
 * Opts: --size 24 --bpp 4 --format lvgl --font ..\calorie-scale-app\assets\fonts\MiSans-Demibold.ttf --range 0x20-0x7E --symbols –，；：。·｜安按拔白保本闭别并波播不才材参餐侧层场超称成秤持充出除触传次从存打待单但弹蛋当地的等低点电调定动短断对发反肪放分封复个更功关果过合核黑后候护滑化画唤换恢回会击机鸡基极计记加间件建渐交蕉接结解界仅进景就据卡开可空馈来蓝览冷里立连链量令录路满没眠面秒明命膜钠奶内能牛钮判皮苹屏期启前切清请区取去全确热认任仍肉入色上时识实食示事试饰释手首束数双水说四松所锁态碳提体添跳透图完未位稳握无物误显线香响向项消写新行醒性胸休修绪续选压牙演验养也一已意隐应营用有右与预在暂长账真整正证脂执直只指质置中钟重住装状紫字总最左 --lv-font-name font_ui_24 -o src\fonts\font_ui_24.c
 ******************************************************************************/

#ifdef LV_LVGL_H_INCLUDE_SIMPLE
#include "lvgl.h"
#else
#include "lvgl/lvgl.h"
#endif

#ifndef FONT_UI_24
#define FONT_UI_24 1
#endif

#if FONT_UI_24

/*-----------------
 *    BITMAPS
 *----------------*/

/*Store the image of the glyphs*/
static LV_ATTRIBUTE_LARGE_CONST const uint8_t glyph_bitmap[] = {
    /* U+0020 " " */

    /* U+0021 "!" */
    0x2f, 0xf8, 0x40, 0x30, 0x98, 0x6, 0x10, 0xf,
    0xfe, 0x0, 0x80, 0x7c, 0x20, 0x60, 0x1f, 0x18,
    0x8, 0x7, 0xc2, 0xe, 0x0, 0x70, 0x10, 0x5,
    0xfd, 0x0, 0x7c, 0xcd, 0x1, 0x4c, 0xc2, 0x1,
    0xfe,

    /* U+0022 "\"" */
    0xef, 0xf0, 0x6f, 0xf8, 0x48, 0x4, 0x4, 0x0,
    0x2e, 0x6, 0xc, 0x2, 0x4, 0x2, 0x6, 0x4,
    0x2, 0xc, 0x2, 0xe, 0x1e, 0x6, 0x1c, 0x4,
    0x4, 0x1c, 0x6, 0x2, 0x0,

    /* U+0023 "#" */
    0x0, 0xeb, 0xf9, 0x0, 0xbf, 0xca, 0x1, 0xf2,
    0x7, 0x80, 0x8, 0x0, 0xe0, 0x1e, 0x20, 0x2,
    0x80, 0x10, 0x0, 0x40, 0x1e, 0x70, 0x1, 0x80,
    0x3c, 0x10, 0x3, 0xec, 0x3, 0x0, 0x94, 0xc,
    0x2, 0x3f, 0xf9, 0x80, 0xff, 0xe3, 0x7, 0xff,
    0x8, 0x7, 0xff, 0x10, 0xf3, 0x14, 0x0, 0xac,
    0xc3, 0x80, 0x33, 0x21, 0x3, 0x30, 0x4, 0xa6,
    0x61, 0x3, 0x3c, 0x1, 0xb4, 0x8, 0x2, 0x20,
    0x50, 0xf, 0x88, 0x1c, 0x2, 0x50, 0xe0, 0xc,
    0x67, 0x38, 0x0, 0xcc, 0x82, 0x0, 0x33, 0x8,
    0x66, 0x44, 0xb, 0x98, 0xb0, 0x4, 0x66, 0x10,
    0x3, 0xff, 0x8b, 0xfe, 0x90, 0x1f, 0xf9, 0x41,
    0x7f, 0xe5, 0x0, 0xb0, 0x14, 0x2, 0x70, 0xd0,
    0xf, 0x9c, 0xc, 0x0, 0x24, 0x6, 0x1, 0xf1,
    0x6, 0x0, 0x14, 0x0, 0xa0, 0x1e, 0x40, 0x2,
    0x80, 0xc, 0x8, 0x40, 0x38,

    /* U+0024 "$" */
    0x0, 0xf2, 0xa8, 0xc0, 0x3f, 0xea, 0xa4, 0x0,
    0x7f, 0xf0, 0x5c, 0x3, 0xf1, 0xdf, 0x80, 0xf,
    0xa0, 0x3, 0x9b, 0x10, 0x3, 0xb, 0xf1, 0x0,
    0xe, 0x40, 0x4, 0x0, 0x10, 0x0, 0xe0, 0x2,
    0x40, 0x11, 0xa2, 0x9, 0xc6, 0x2, 0x80, 0x80,
    0x6e, 0x1, 0x87, 0x57, 0x50, 0x2, 0x70, 0xf,
    0xd, 0x10, 0x0, 0x81, 0xc, 0x3, 0xfd, 0x40,
    0xc, 0x90, 0xf, 0xe6, 0x40, 0x3, 0x8, 0x31,
    0x80, 0x7a, 0xe0, 0x40, 0x23, 0xcc, 0x20, 0x7,
    0x3f, 0x58, 0x6, 0x3b, 0x60, 0xf, 0x20, 0x81,
    0xa0, 0x2, 0x48, 0x3, 0xf3, 0x5b, 0x80, 0x28,
    0x3, 0xfd, 0x20, 0x2, 0x4, 0xe4, 0x0, 0xff,
    0x1d, 0x8d, 0x18, 0x7, 0x58, 0x3, 0x4d, 0x40,
    0x72, 0xc4, 0x1f, 0x94, 0x5, 0x82, 0x94, 0x0,
    0x80, 0x2, 0x10, 0x5, 0x8, 0x2, 0xa8, 0x60,
    0x1c, 0xba, 0x80, 0x19, 0x73, 0x80, 0x7, 0xf4,
    0x40, 0x1f, 0x8, 0x1, 0xc0, 0x38,

    /* U+0025 "%" */
    0x0, 0x36, 0x7f, 0x48, 0x80, 0x7d, 0xdf, 0xc2,
    0x1, 0x44, 0x98, 0xb, 0x60, 0x7, 0xa8, 0x42,
    0x84, 0x0, 0x6e, 0x11, 0xd6, 0x25, 0x0, 0x19,
    0x54, 0xc, 0x80, 0x15, 0x82, 0x38, 0xa5, 0x82,
    0x80, 0x43, 0x60, 0x52, 0x1, 0x84, 0xc, 0x2,
    0x70, 0x20, 0xa, 0x84, 0x38, 0x3, 0x84, 0xc,
    0x2, 0x70, 0x20, 0x3, 0x20, 0x39, 0x80, 0x75,
    0x82, 0x30, 0x9d, 0x82, 0x81, 0x48, 0x1c, 0x0,
    0x78, 0xd8, 0x27, 0xb0, 0x4a, 0x43, 0x80, 0x1c,
    0x1, 0xfa, 0x64, 0x40, 0x2d, 0x83, 0x6, 0x12,
    0x40, 0x1f, 0xcd, 0xbf, 0xd2, 0x26, 0xe0, 0x8c,
    0x1, 0xff, 0xc4, 0xe0, 0x1a, 0x4, 0xcf, 0xea,
    0x20, 0xf, 0xe9, 0x20, 0xb1, 0x6b, 0x30, 0x15,
    0xd2, 0x0, 0xf9, 0x18, 0x15, 0x41, 0x20, 0xdd,
    0x86, 0x12, 0x1, 0xe1, 0xa0, 0x1b, 0x5, 0x1,
    0x91, 0x3e, 0x4, 0x10, 0xe, 0xb1, 0xa, 0x10,
    0x30, 0x50, 0x8, 0x80, 0x6, 0x1, 0x95, 0x40,
    0xc8, 0x0, 0x30, 0x50, 0x8, 0x80, 0x6, 0x1,
    0xd, 0x1, 0x48, 0x4, 0xa0, 0x32, 0x25, 0xc0,
    0x82, 0x1, 0x50, 0x3, 0x80, 0x3a, 0x41, 0xbb,
    0x4c, 0x24, 0x2, 0x74, 0x8, 0x30, 0xe, 0x6b,
    0x30, 0x15, 0xd2, 0x0,

    /* U+0026 "&" */
    0x0, 0xe4, 0xbe, 0xfd, 0x80, 0xf, 0xf9, 0xed,
    0x4, 0x9, 0xf4, 0x40, 0x3f, 0x1c, 0x0, 0x11,
    0x84, 0xa, 0x0, 0x3f, 0x48, 0x2, 0x2e, 0x7c,
    0x0, 0xc0, 0x1f, 0x98, 0x0, 0xc0, 0x1, 0x30,
    0xf, 0xf3, 0x80, 0xc, 0x0, 0x26, 0x2, 0x1,
    0xfb, 0x0, 0x16, 0x5, 0xa0, 0x7, 0x0, 0xfc,
    0xe2, 0xd, 0x7a, 0x60, 0x72, 0x1, 0xfd, 0x20,
    0x4, 0x0, 0x36, 0x0, 0x7f, 0x54, 0x0, 0x69,
    0x90, 0x0, 0x4c, 0x3, 0xb1, 0x40, 0x8, 0x0,
    0x92, 0x0, 0x4e, 0x71, 0x80, 0x20, 0xc0, 0xb6,
    0xd8, 0x1, 0x84, 0xa, 0x2, 0x60, 0x5, 0x0,
    0x79, 0x4, 0xa8, 0xf, 0xb9, 0x2, 0x80, 0x44,
    0x4, 0x40, 0xa, 0x90, 0xa, 0x0, 0x10, 0x1,
    0x8, 0x10, 0x7, 0x59, 0x80, 0x50, 0x40, 0x12,
    0x80, 0x24, 0x3, 0x18, 0x80, 0x5a, 0x1, 0xa0,
    0x0, 0xdb, 0x32, 0xcc, 0x10, 0x4, 0xae, 0x1,
    0x1d, 0x0, 0x9, 0x98, 0x60, 0x6, 0xa0, 0x4,
    0x20, 0x4, 0xba, 0xc4, 0x0, 0x27, 0xd9, 0x57,
    0x0, 0x51, 0x0,

    /* U+0027 "'" */
    0xf, 0xf8, 0x4, 0x8, 0x8, 0x4, 0x1c, 0x18,
    0x4, 0xc, 0x8, 0x38, 0x3c, 0x4,

    /* U+0028 "(" */
    0x0, 0x89, 0xdc, 0x20, 0x17, 0x44, 0x88, 0x0,
    0xcc, 0x10, 0x1, 0x48, 0x1, 0x80, 0x25, 0x4,
    0x0, 0x90, 0x1, 0xc0, 0x16, 0x0, 0x10, 0x2,
    0x30, 0x11, 0x0, 0x4a, 0xa, 0x1, 0x84, 0x8,
    0x2, 0x10, 0x0, 0x80, 0x46, 0x0, 0xf0, 0xf,
    0xf1, 0x80, 0x3c, 0x2, 0x10, 0x1, 0x0, 0x62,
    0x7, 0x0, 0xce, 0x4, 0x1, 0xb4, 0x0, 0x60,
    0x12, 0x80, 0x2c, 0x2, 0x22, 0x2, 0x80, 0x6a,
    0x2, 0x30, 0x9, 0x80, 0x12, 0x1, 0xb, 0x82,
    0x90,

    /* U+0029 ")" */
    0x17, 0x71, 0x80, 0x43, 0x71, 0xc0, 0x1a, 0x40,
    0x94, 0x2, 0x51, 0xe, 0x0, 0xce, 0x8, 0x20,
    0x16, 0x80, 0x1c, 0x2, 0x40, 0x6, 0x0, 0x62,
    0x7, 0x0, 0xce, 0x4, 0x1, 0x88, 0x0, 0x40,
    0x17, 0x80, 0x4, 0x2, 0x10, 0x3, 0x80, 0x79,
    0xc0, 0x21, 0x0, 0x8, 0x5, 0xe0, 0x3, 0x0,
    0x8c, 0x4, 0x40, 0x12, 0x82, 0x80, 0x44, 0x20,
    0x60, 0x12, 0x0, 0x2c, 0x2, 0xd0, 0x13, 0x0,
    0xa, 0x3, 0x80, 0x52, 0x0, 0xb0, 0x0, 0xb8,
    0x29, 0x0, 0x0,

    /* U+002A "*" */
    0x0, 0xa7, 0xd4, 0x3, 0x49, 0xf0, 0x33, 0x40,
    0x6d, 0x98, 0x9, 0x94, 0x1, 0xc9, 0xa0, 0x2a,
    0x50, 0x0, 0xc0, 0x30, 0xb8, 0x1d, 0x1a, 0x2,
    0xab, 0x40, 0xdb, 0x30, 0x13, 0x28, 0x0, 0x49,
    0xf0, 0x33, 0x40,

    /* U+002B "+" */
    0x0, 0xec, 0xed, 0x0, 0xff, 0x8, 0x8c, 0x3,
    0xff, 0xc0, 0x7f, 0xf8, 0x80, 0x7f, 0xf2, 0x0,
    0x7f, 0xf0, 0x45, 0x57, 0x0, 0x4a, 0xb9, 0x8a,
    0xab, 0x10, 0xd, 0x56, 0x20, 0xf, 0xfe, 0xd8,

    /* U+002C "," */
    0x16, 0x68, 0xe, 0x66, 0x10, 0xf, 0xf1, 0x7c,
    0x0, 0x80, 0x30, 0x80, 0xe, 0x96, 0xb, 0xa,
    0xc0, 0xb5, 0x40, 0x0,

    /* U+002D "-" */
    0xb, 0xbf, 0xe2, 0x4, 0x4f, 0xe6, 0x0, 0xff,
    0x80,

    /* U+002E "." */
    0x26, 0x62, 0x2c, 0xca, 0x0, 0x3f, 0x0,

    /* U+002F "/" */
    0x0, 0xf4, 0xff, 0x88, 0x3, 0xce, 0x4, 0x40,
    0xe, 0x31, 0x4, 0x0, 0xf2, 0x0, 0x34, 0x3,
    0xd6, 0x0, 0x40, 0xe, 0x13, 0x5, 0x0, 0xf3,
    0x80, 0x3c, 0x3, 0xda, 0x0, 0x40, 0xf, 0x20,
    0x18, 0x80, 0x72, 0x0, 0x2c, 0x3, 0xda, 0x0,
    0x50, 0xf, 0x38, 0x9, 0x0, 0x71, 0x8, 0x38,
    0x7, 0x94, 0x1, 0xa0, 0x1e, 0xb0, 0x2, 0x0,
    0x70, 0x98, 0x28, 0x7, 0x90, 0x1, 0x80, 0x1e,
    0xf0, 0x3, 0x80, 0x79, 0x40, 0xc4, 0x3, 0x80,

    /* U+0030 "0" */
    0x0, 0x86, 0x37, 0xfb, 0x18, 0x3, 0xc7, 0xee,
    0x40, 0x27, 0x36, 0x1, 0x87, 0x44, 0x0, 0x62,
    0x0, 0x49, 0x0, 0xa0, 0x40, 0xb7, 0x3a, 0x80,
    0xc, 0x40, 0x7, 0x0, 0x71, 0x0, 0x15, 0x80,
    0x16, 0x6, 0x20, 0x66, 0x0, 0xd6, 0x0, 0x40,
    0x50, 0x2, 0x0, 0x71, 0x8, 0x10, 0x70, 0x3,
    0x40, 0x3c, 0xa0, 0x2, 0x10, 0x0, 0x80, 0x78,
    0x40, 0x2, 0x60, 0x1f, 0xfc, 0x7, 0x30, 0xf,
    0xfe, 0x3, 0x88, 0x0, 0x40, 0x3c, 0x20, 0x1,
    0xe0, 0x6, 0x80, 0x79, 0x40, 0x4, 0xa0, 0x4,
    0x0, 0xe2, 0x10, 0x20, 0x31, 0x3, 0x20, 0xd,
    0x60, 0x4, 0x0, 0x38, 0x3, 0xc4, 0x0, 0xac,
    0x0, 0xa0, 0x4, 0x8, 0x17, 0x66, 0xd0, 0x1,
    0x8c, 0x0, 0x3a, 0x20, 0x3, 0x20, 0x2, 0x48,
    0x6, 0x3f, 0x72, 0x1, 0x39, 0xb0, 0x8,

    /* U+0031 "1" */
    0x0, 0x9b, 0xbf, 0x41, 0x76, 0x44, 0x1, 0x74,
    0x40, 0x19, 0x80, 0x8, 0x1, 0x8f, 0x28, 0x2,
    0xec, 0x30, 0xc, 0x60, 0x1f, 0xff, 0xf0, 0xf,
    0xfe, 0x18,

    /* U+0032 "2" */
    0x0, 0xc, 0x6f, 0xfb, 0x1c, 0x3, 0x1f, 0xb9,
    0x0, 0xe, 0x38, 0x80, 0xb0, 0x40, 0x8, 0x60,
    0x1, 0xf0, 0x80, 0x2, 0x75, 0xe6, 0x0, 0x4,
    0x90, 0x65, 0x62, 0x0, 0x37, 0x0, 0x61, 0x67,
    0x80, 0x76, 0x80, 0x4, 0x0, 0x40, 0x1c, 0x40,
    0xe, 0x0, 0xfd, 0x40, 0x4, 0x0, 0xfa, 0x8,
    0xc, 0xc0, 0x1e, 0x57, 0x0, 0x70, 0x7, 0x8e,
    0x80, 0x14, 0x40, 0x1c, 0x5a, 0x0, 0x75, 0x0,
    0xe1, 0xc1, 0x6, 0x80, 0xe, 0x1c, 0x10, 0x59,
    0x0, 0xf6, 0x90, 0x1d, 0x0, 0x7a, 0xcc, 0xb,
    0x40, 0x3d, 0x28, 0x1, 0x6e, 0x67, 0x5b, 0x80,
    0x44, 0x67, 0xe4, 0x0, 0xff, 0xe0, 0x0,

    /* U+0033 "3" */
    0x4f, 0xff, 0xf3, 0x80, 0x7f, 0xf0, 0x9c, 0xcf,
    0xc4, 0x1, 0x10, 0x1e, 0x67, 0x71, 0x80, 0x25,
    0x40, 0x3c, 0x58, 0x21, 0x6c, 0x1, 0xe2, 0xc1,
    0xc, 0x40, 0xf, 0x16, 0x8, 0xb4, 0xc0, 0x3c,
    0x38, 0x20, 0x3b, 0x8c, 0x1, 0xc2, 0xa0, 0x18,
    0xe6, 0xc0, 0x3a, 0x92, 0x69, 0xc0, 0x9, 0x0,
    0x18, 0x6d, 0x96, 0x30, 0x0, 0xe0, 0x1f, 0xc6,
    0xa0, 0x4, 0x0, 0xfe, 0xd0, 0x1, 0x0, 0xa0,
    0x7, 0xbc, 0x0, 0x66, 0xfa, 0x10, 0xe, 0x50,
    0x3, 0x50, 0x8b, 0x8, 0x2, 0x92, 0x2, 0x38,
    0x10, 0x2d, 0xcb, 0xe6, 0x0, 0x40, 0xe, 0x10,
    0x0, 0xd0, 0x40, 0x10, 0xa0, 0x2, 0xd8, 0x30,
    0x1, 0x36, 0x38, 0x0,

    /* U+0034 "4" */
    0x0, 0xfa, 0x3f, 0xec, 0x0, 0xfe, 0x17, 0x0,
    0xff, 0xe0, 0xc0, 0x7, 0xff, 0x4, 0x98, 0x8,
    0x3, 0xfe, 0x90, 0x4, 0x80, 0x7f, 0x91, 0x0,
    0xaa, 0x0, 0xff, 0x40, 0x2, 0x0, 0x3f, 0xca,
    0x60, 0xc4, 0x1, 0xfe, 0xb0, 0x4, 0x0, 0x7f,
    0x9c, 0x41, 0xc4, 0x3, 0xf8, 0x64, 0x6, 0x0,
    0x3f, 0xd2, 0x21, 0x0, 0x1f, 0xe1, 0x70, 0x6,
    0xdd, 0xd4, 0x0, 0x3b, 0xb0, 0x20, 0x4, 0x89,
    0xc0, 0x12, 0x20, 0x40, 0x3f, 0xf8, 0x6b, 0xff,
    0xf7, 0x0, 0xf, 0xfc, 0x20, 0x1f, 0xfe, 0x10,

    /* U+0035 "5" */
    0x9, 0xff, 0xfe, 0x80, 0x1, 0x80, 0x7f, 0xf0,
    0x4, 0x0, 0x89, 0xf7, 0x0, 0x1c, 0x1, 0x77,
    0xf3, 0x0, 0x4, 0x3, 0xff, 0x80, 0x60, 0x20,
    0x1f, 0xe1, 0x3, 0x0, 0xfe, 0x10, 0x0, 0xbe,
    0x7f, 0x63, 0x0, 0x46, 0x0, 0x38, 0x30, 0x13,
    0x9b, 0x0, 0x8, 0x6, 0x33, 0x8, 0x1, 0x24,
    0x9, 0x80, 0xb7, 0x31, 0xce, 0x0, 0x61, 0x14,
    0xf6, 0x10, 0x5, 0x8, 0x0, 0x40, 0x0, 0x88,
    0x3, 0xb0, 0x0, 0x40, 0x1, 0x0, 0xff, 0xab,
    0xc4, 0x3, 0xb0, 0x0, 0x72, 0xa3, 0x84, 0x1,
    0x42, 0x0, 0xa4, 0x8, 0x16, 0xe5, 0xf3, 0x80,
    0x20, 0x7, 0x4, 0x0, 0x68, 0x20, 0x7, 0x60,
    0x1, 0x7c, 0x18, 0x0, 0x97, 0x20, 0x0,

    /* U+0036 "6" */
    0x0, 0xe5, 0xff, 0x70, 0x80, 0x7e, 0x80, 0x4,
    0x8, 0x7, 0xce, 0x40, 0x6c, 0x1, 0xf0, 0xc8,
    0x3, 0x80, 0x3f, 0x40, 0x83, 0x90, 0x7, 0xc4,
    0xc0, 0x50, 0x1, 0xfa, 0x40, 0xf, 0x35, 0x4,
    0x1, 0x8d, 0x0, 0xa, 0xca, 0xfb, 0x0, 0x17,
    0x80, 0x7e, 0x78, 0x3, 0x30, 0x1, 0x33, 0xf5,
    0x40, 0xe, 0x54, 0x0, 0x4b, 0x30, 0x2a, 0x50,
    0x5, 0x28, 0x2, 0x0, 0x3a, 0x40, 0x8, 0x20,
    0x2, 0x0, 0xe2, 0x0, 0x8, 0x80, 0x6, 0x1,
    0xc4, 0x0, 0x16, 0x0, 0x50, 0x7, 0x58, 0x1,
    0x78, 0x0, 0xea, 0x1, 0x2b, 0x80, 0x29, 0x10,
    0x0, 0xad, 0xbd, 0xa0, 0x3, 0x18, 0x5a, 0x0,
    0x9, 0x8, 0x0, 0xb2, 0x1, 0x5d, 0x20, 0x80,
    0xad, 0xd0, 0x0,

    /* U+0037 "7" */
    0x4f, 0xff, 0xf9, 0x0, 0x3f, 0xf8, 0x2e, 0x45,
    0xf8, 0x2, 0x53, 0xdd, 0xfa, 0xc0, 0xa, 0x20,
    0x1f, 0xac, 0x1, 0x20, 0x1f, 0x8c, 0x80, 0xcc,
    0x1, 0xfa, 0x40, 0x14, 0x1, 0xf8, 0x54, 0x5,
    0x80, 0x3f, 0x48, 0x1, 0x80, 0x3f, 0x98, 0x1,
    0x40, 0x1f, 0x98, 0x41, 0x8, 0x3, 0xf5, 0x0,
    0x3c, 0x3, 0xf1, 0x98, 0x9, 0x0, 0x3f, 0x48,
    0x2, 0x80, 0x3f, 0xa, 0x80, 0x18, 0x3, 0xf4,
    0x80, 0x18, 0x40, 0x3f, 0x30, 0x2, 0x80, 0x3f,
    0x30, 0x81, 0x98, 0x3, 0xf5, 0x0, 0x24, 0x3,
    0xe0,

    /* U+0038 "8" */
    0x0, 0x8e, 0x77, 0xfb, 0x1c, 0x40, 0x3a, 0x31,
    0x88, 0x4, 0xe3, 0xcc, 0x2, 0x57, 0x0, 0xa,
    0x18, 0x0, 0x74, 0x2, 0x90, 0x3, 0x75, 0xe6,
    0x88, 0xb, 0x0, 0xc, 0x1, 0x20, 0x11, 0x40,
    0x3, 0xc0, 0x4, 0x1, 0xfe, 0xe0, 0x2, 0x80,
    0x24, 0x2, 0x2b, 0x0, 0x28, 0x2, 0xc, 0x1b,
    0xaf, 0x34, 0x82, 0x48, 0x2, 0xc5, 0x1, 0x43,
    0x0, 0x5b, 0x0, 0x69, 0x50, 0xf, 0x52, 0x0,
    0x50, 0xc0, 0x99, 0xfd, 0x22, 0x2b, 0x30, 0x27,
    0x3, 0xb3, 0x1, 0x6d, 0x0, 0x78, 0x28, 0x2,
    0x80, 0x38, 0xcc, 0x6, 0x3c, 0x0, 0x30, 0xf,
    0x38, 0x0, 0x84, 0x1, 0x80, 0x1c, 0x28, 0x0,
    0x1b, 0x0, 0x33, 0x0, 0x21, 0xa0, 0x1, 0x10,
    0xd0, 0x1, 0x3d, 0x79, 0xc8, 0x0, 0x80, 0x5,
    0xa0, 0x0, 0x50, 0xc0, 0x29, 0x50, 0xa, 0xec,
    0xa2, 0x2, 0x4f, 0xcc, 0x0,

    /* U+0039 "9" */
    0x0, 0x96, 0xfb, 0xfa, 0x90, 0x3, 0xe, 0x52,
    0x8, 0xa, 0xdd, 0x0, 0x5a, 0x60, 0x2, 0x41,
    0x0, 0x2c, 0x83, 0x18, 0xd, 0xed, 0xf4, 0x80,
    0x18, 0xb4, 0x1, 0x68, 0x1, 0x33, 0x80, 0x29,
    0x40, 0xa, 0x1, 0xd6, 0x0, 0x30, 0xf, 0xfe,
    0x3, 0x90, 0x1, 0x0, 0x39, 0x0, 0xe, 0x80,
    0xa, 0x30, 0x9, 0x60, 0x1, 0x92, 0x20, 0x39,
    0x8b, 0xda, 0x0, 0x94, 0x74, 0x40, 0x6, 0x84,
    0x1, 0x21, 0x1, 0xfb, 0x90, 0x9, 0x0, 0x52,
    0x1, 0xc, 0x6f, 0xf3, 0x0, 0x18, 0x80, 0x3e,
    0x44, 0x0, 0x20, 0x3, 0xf4, 0x80, 0x20, 0x40,
    0x3e, 0x72, 0x1, 0x70, 0xf, 0x86, 0x40, 0x16,
    0x1, 0xfa, 0x4, 0xd, 0x40, 0x3e, 0x26, 0x0,
    0x78, 0x7, 0x0,

    /* U+003A ":" */
    0x7f, 0xf6, 0x0, 0x7e, 0x5a, 0xa4, 0x12, 0xa9,
    0x0, 0x3f, 0xf9, 0x4, 0xcc, 0x45, 0x99, 0x40,
    0x7, 0xe0,

    /* U+003B ";" */
    0x2f, 0xf8, 0x40, 0x3f, 0xc5, 0x55, 0x8, 0x2a,
    0xc0, 0x1f, 0xfc, 0xe1, 0x66, 0x80, 0xe6, 0x61,
    0x0, 0xff, 0x17, 0xc0, 0x8, 0x3, 0x8, 0x0,
    0xe9, 0x60, 0xb0, 0xac, 0xb, 0x54, 0x0, 0x0,

    /* U+003C "<" */
    0x0, 0xff, 0x98, 0x80, 0x3f, 0x93, 0x65, 0x80,
    0x3e, 0x2b, 0xb1, 0x0, 0x7c, 0x33, 0xa8, 0x0,
    0x55, 0x0, 0x67, 0xe6, 0x0, 0x26, 0x50, 0x80,
    0x1b, 0xa0, 0x0, 0x77, 0x63, 0x0, 0xe, 0xc8,
    0x81, 0x56, 0x20, 0x6, 0x22, 0x0, 0x23, 0x54,
    0x3, 0xfd, 0x2c, 0x1, 0xf1, 0xd9, 0x0, 0xce,
    0xa8, 0x7, 0x93, 0x64, 0x40, 0xab, 0x10, 0x3,
    0xcd, 0xce, 0x0, 0x3b, 0xb1, 0x80, 0x7a, 0x39,
    0x80, 0x9, 0x86, 0x1, 0xe1, 0x9d, 0x40, 0x3,
    0x80, 0x7e, 0x2b, 0xb1, 0x0, 0x7f, 0xc9, 0xa8,

    /* U+003D "=" */
    0x3f, 0xff, 0xf9, 0x0, 0x3f, 0xf8, 0x22, 0xab,
    0xff, 0x31, 0x55, 0x7f, 0xc4, 0x1, 0xff, 0xce,
    0x3f, 0xff, 0xf9, 0x0, 0x3f, 0xf8, 0x22, 0xab,
    0xff, 0x30,

    /* U+003E ">" */
    0x26, 0x0, 0xff, 0x86, 0x75, 0x0, 0x3f, 0xe2,
    0xbb, 0x18, 0x7, 0xc4, 0xa0, 0x4, 0xca, 0x10,
    0xe, 0x1a, 0xd4, 0x0, 0x2f, 0x40, 0x7, 0x8a,
    0xf0, 0xc0, 0xf, 0xcc, 0x1, 0xe3, 0xcb, 0x20,
    0x19, 0xd2, 0x0, 0xf2, 0x6c, 0x80, 0x9, 0x80,
    0x3e, 0x5b, 0x0, 0x9c, 0x3, 0x93, 0x68, 0x80,
    0xa8, 0xc0, 0x23, 0xcb, 0x20, 0x19, 0xd5, 0x0,
    0x1d, 0xe1, 0x80, 0x1f, 0x98, 0x2, 0x2c, 0x40,
    0x2, 0xf4, 0x0, 0x70, 0x80, 0xf, 0x28, 0x40,
    0x3e, 0x2b, 0xc3, 0x0, 0xfc, 0x7a, 0x80, 0x1f,
    0xe0,

    /* U+003F "?" */
    0x0, 0x97, 0x3b, 0xf6, 0x44, 0x3, 0x65, 0x18,
    0x81, 0x37, 0x18, 0x2, 0xcc, 0x0, 0x66, 0x0,
    0xb4, 0x11, 0x0, 0x5b, 0x98, 0xd1, 0x1, 0x44,
    0x38, 0x61, 0x0, 0x9, 0x80, 0x4, 0x11, 0xc2,
    0x1, 0xf1, 0x80, 0x4, 0x3, 0x13, 0x80, 0x10,
    0x3, 0xc7, 0x80, 0x9, 0x10, 0xe, 0x2d, 0x10,
    0x96, 0x0, 0xf7, 0x8, 0x53, 0x0, 0x78, 0x4c,
    0x15, 0x40, 0x1f, 0x10, 0x3, 0x0, 0x3f, 0x8,
    0x0, 0xc0, 0x3f, 0x16, 0xe9, 0x40, 0x3f, 0x88,
    0x80, 0x1f, 0xc6, 0xcc, 0x40, 0xf, 0xd7, 0x32,
    0xf0, 0xf, 0xfe, 0x80,

    /* U+0040 "@" */
    0x0, 0xf1, 0xce, 0x7f, 0xd9, 0x26, 0x1, 0xfc,
    0x37, 0x8c, 0x60, 0x11, 0xb6, 0x58, 0x80, 0x79,
    0x3d, 0x1, 0x6b, 0x7b, 0x69, 0x1, 0x3c, 0x80,
    0x31, 0x58, 0x96, 0xd2, 0x90, 0x92, 0xde, 0x10,
    0xf8, 0x80, 0x5c, 0x7, 0xa4, 0x1, 0xf1, 0xe0,
    0x94, 0x0, 0x14, 0xc3, 0x80, 0xb, 0x9f, 0xd0,
    0x3f, 0xc3, 0x60, 0xc2, 0x1c, 0xc, 0x40, 0xf4,
    0x60, 0x2f, 0x60, 0x12, 0x90, 0x20, 0x20, 0x50,
    0x14, 0x0, 0xcd, 0xaa, 0x80, 0x33, 0x86, 0x88,
    0x0, 0x81, 0x40, 0x18, 0xc9, 0x48, 0x1, 0x88,
    0x4, 0xc0, 0x2, 0x1e, 0x2, 0x40, 0x16, 0x80,
    0x61, 0x1, 0x0, 0xef, 0x1, 0x10, 0x5, 0xe0,
    0x18, 0x83, 0x88, 0x0, 0x40, 0xa0, 0xa, 0x21,
    0x66, 0x0, 0xa2, 0xa0, 0x38, 0x18, 0x50, 0x13,
    0x82, 0x6f, 0x4a, 0x38, 0x5d, 0x3, 0x88, 0x58,
    0x30, 0x2, 0x28, 0xc0, 0x5e, 0xe1, 0x80, 0x62,
    0x0, 0x7, 0x11, 0x58, 0x1, 0x73, 0xfa, 0x0,
    0x13, 0xfc, 0xe0, 0x1b, 0x41, 0x2c, 0x40, 0x3e,
    0x10, 0xf, 0x8e, 0x81, 0x3a, 0x50, 0x84, 0x96,
    0x79, 0xc0, 0x3e, 0x5d, 0x20, 0x6b, 0xde, 0xda,
    0x60, 0xd0, 0xf, 0xc5, 0xb6, 0xc4, 0x0, 0x13,
    0x7c, 0xa0, 0xc,

    /* U+0041 "A" */
    0x0, 0xf1, 0xff, 0xc2, 0x1, 0xff, 0xc0, 0xb0,
    0x9, 0x80, 0x3f, 0xf8, 0xc, 0x1, 0x50, 0x7,
    0xfc, 0x82, 0x1, 0x11, 0x0, 0x3f, 0xda, 0x0,
    0x90, 0x5, 0x0, 0x7f, 0x98, 0xd, 0x84, 0x18,
    0x3, 0xf9, 0x40, 0x16, 0xe, 0x2, 0x80, 0x1f,
    0xb8, 0x0, 0xc1, 0x40, 0xd, 0x0, 0xf8, 0x50,
    0xc, 0x40, 0xc8, 0x1c, 0x3, 0xe7, 0x0, 0x50,
    0x4, 0xa0, 0x2a, 0x1, 0xea, 0x0, 0x5e, 0x64,
    0xa0, 0xf, 0x0, 0xe1, 0x30, 0x1, 0x19, 0xc4,
    0x0, 0x50, 0xe, 0x60, 0xf, 0xf9, 0x80, 0x35,
    0x0, 0x3f, 0xfd, 0xc0, 0xd, 0x0, 0x88, 0x80,
    0x80, 0x1e, 0x13, 0x4, 0x10, 0x5, 0x0, 0x34,
    0x3, 0xeb, 0x0, 0x30, 0x1, 0x80, 0xe, 0x1,
    0xf2, 0x80, 0x2c, 0xc, 0x41, 0x4, 0x3, 0xe2,
    0x30, 0x32, 0xa0, 0x6, 0x80, 0x7f, 0x58, 0x2,
    0x80,

    /* U+0042 "B" */
    0x3f, 0xff, 0xdb, 0x2, 0x1, 0xff, 0xc0, 0x27,
    0xf3, 0x0, 0xe1, 0x44, 0xc4, 0x0, 0x1d, 0x0,
    0xe4, 0xbb, 0xdb, 0x60, 0x1, 0x40, 0xf, 0xf2,
    0x30, 0x0, 0xc0, 0x3f, 0xe1, 0x0, 0xff, 0xe1,
    0x20, 0x0, 0xc0, 0x3f, 0x8a, 0x4c, 0x9, 0x0,
    0x32, 0xff, 0xed, 0x60, 0x4c, 0x0, 0xff, 0xe0,
    0x89, 0x80, 0x70, 0x99, 0xe2, 0x0, 0x2e, 0xa0,
    0x6, 0x4c, 0xcd, 0xbe, 0xe0, 0x9, 0x0, 0xff,
    0xa1, 0x0, 0x8c, 0x3, 0xfe, 0x20, 0x3, 0x0,
    0x7f, 0xca, 0x1, 0xff, 0xc1, 0x83, 0x0, 0x20,
    0x4, 0x97, 0x7b, 0x3d, 0xc0, 0xa, 0x20, 0x10,
    0xa2, 0x63, 0x0, 0x8e, 0x80, 0x3f, 0xc2, 0x95,
    0x80, 0x0,

    /* U+0043 "C" */
    0x0, 0xc2, 0xf7, 0xdf, 0xd8, 0xc2, 0x1, 0xe4,
    0xf8, 0x41, 0x1, 0x39, 0xf4, 0x0, 0xcf, 0x62,
    0x0, 0x12, 0x10, 0x0, 0xda, 0x80, 0xe, 0x0,
    0x9, 0x9d, 0xbd, 0x88, 0x0, 0xb0, 0x7, 0x0,
    0x16, 0xcc, 0x2, 0x3b, 0x53, 0xc0, 0x42, 0x1,
    0xb0, 0xf, 0xab, 0x8, 0x30, 0x0, 0xc2, 0x1,
    0xff, 0x18, 0x3, 0x0, 0x3f, 0xf8, 0xc, 0x0,
    0x60, 0xf, 0xfe, 0x19, 0x80, 0x7f, 0xf0, 0xcc,
    0x3, 0xff, 0x80, 0xc0, 0x6, 0x0, 0xff, 0xe0,
    0x18, 0x3, 0x40, 0x3f, 0xf8, 0x16, 0x0, 0x61,
    0x0, 0xff, 0x8c, 0xc0, 0xa, 0x0, 0xfa, 0xb4,
    0x80, 0x1c, 0x0, 0x4c, 0x30, 0x8, 0xad, 0x4b,
    0x0, 0x5, 0x40, 0x3, 0xce, 0xce, 0xd4, 0x0,
    0x58, 0x4, 0xb6, 0x20, 0x1, 0x31, 0x0, 0xd,
    0x28, 0x6, 0x4e, 0x84, 0x10, 0x13, 0x8f, 0x50,
    0x0,

    /* U+0044 "D" */
    0x3f, 0xff, 0xdb, 0x26, 0x1, 0xff, 0xc2, 0x26,
    0xc9, 0x0, 0xf8, 0x4c, 0xe2, 0x10, 0x9, 0xb0,
    0x3, 0xc9, 0x99, 0x6f, 0x6b, 0x0, 0xe, 0x0,
    0x3f, 0xe2, 0x99, 0x0, 0x1c, 0x80, 0x3f, 0xf8,
    0xc, 0xa0, 0x5, 0x0, 0xff, 0xe0, 0xc8, 0x2,
    0xc0, 0x3f, 0xf8, 0x26, 0x0, 0x30, 0xf, 0xfe,
    0x11, 0x0, 0x7f, 0xf1, 0xc4, 0x3, 0xff, 0xa4,
    0x40, 0x1, 0x0, 0xff, 0xe0, 0x20, 0x0, 0xc0,
    0x3f, 0xf8, 0x3e, 0x0, 0x40, 0xf, 0xfe, 0x3,
    0x20, 0x2, 0x40, 0x3f, 0xc5, 0x32, 0x0, 0x48,
    0x80, 0x64, 0xcc, 0xdd, 0xac, 0x0, 0x56, 0x0,
    0xe1, 0x33, 0xc2, 0x1, 0x45, 0x0, 0x7f, 0xc2,
    0x71, 0xce, 0x1, 0x80,

    /* U+0045 "E" */
    0x3f, 0xff, 0xf9, 0x80, 0x3f, 0xf8, 0x82, 0x89,
    0xf8, 0x80, 0x24, 0xbb, 0xfc, 0x80, 0x1f, 0xfe,
    0xb5, 0xff, 0xfb, 0x80, 0x3f, 0xf8, 0xa2, 0x89,
    0xf8, 0x3, 0x25, 0xdf, 0xd4, 0x1, 0xff, 0xec,
    0x4b, 0xbf, 0xd0, 0x1, 0xa, 0x27, 0xe3, 0x0,
    0xff, 0xe0, 0x80,

    /* U+0046 "F" */
    0x3f, 0xff, 0xf8, 0xc0, 0x3f, 0xf8, 0x82, 0x67,
    0xf8, 0x40, 0x24, 0xcc, 0xfc, 0x40, 0x1f, 0xfe,
    0xb4, 0xcc, 0xf9, 0xc0, 0x30, 0x99, 0xfd, 0xc0,
    0x1f, 0xfc, 0x55, 0xff, 0xfa, 0x40, 0x3f, 0xff,
    0xe0, 0x1f, 0xfc, 0x50,

    /* U+0047 "G" */
    0x0, 0xc2, 0xf7, 0xdf, 0xd8, 0xe2, 0x1, 0xe5,
    0xe8, 0x41, 0x1, 0x38, 0xe5, 0x0, 0xcf, 0x40,
    0x10, 0x98, 0x80, 0x54, 0xc0, 0x3, 0x80, 0x2,
    0x67, 0x67, 0x6a, 0x0, 0x2c, 0x1, 0xc0, 0x5,
    0xb3, 0x0, 0x8a, 0xd9, 0x98, 0x8, 0x40, 0x34,
    0x1, 0xf4, 0xc8, 0x43, 0x0, 0xc, 0x1, 0xff,
    0xc0, 0x30, 0x6, 0x0, 0x7f, 0xf0, 0x18, 0x0,
    0xc0, 0x18, 0xf3, 0x3c, 0xa0, 0x11, 0x80, 0x66,
    0x33, 0xf1, 0x0, 0x7f, 0xf1, 0x18, 0x0, 0xa0,
    0x19, 0x7f, 0xeb, 0x0, 0x8c, 0x1, 0x80, 0x1f,
    0xfc, 0xc, 0x0, 0x30, 0x7, 0xff, 0x1, 0x8,
    0x6, 0x40, 0x3e, 0x30, 0xd, 0x0, 0x6, 0xa2,
    0x0, 0x86, 0x20, 0x0, 0x10, 0x57, 0x0, 0x2e,
    0xf6, 0x6f, 0x38, 0x1, 0x58, 0x1, 0x10, 0x0,
    0x84, 0xc8, 0x2, 0x8a, 0x0, 0xcf, 0xd0, 0x62,
    0x2, 0x71, 0xae, 0x0,

    /* U+0048 "H" */
    0x3f, 0xf5, 0x0, 0x7e, 0x9f, 0xf2, 0x0, 0x7f,
    0xff, 0xc0, 0x3f, 0xfb, 0x8b, 0xff, 0xf9, 0x80,
    0x3f, 0xf9, 0x42, 0x67, 0xf8, 0x40, 0x3c, 0x99,
    0x9f, 0x9c, 0x3, 0xff, 0xfe, 0x1, 0xff, 0xdc,

    /* U+0049 "I" */
    0x3f, 0xf5, 0x0, 0x7f, 0xff, 0x0,

    /* U+004A "J" */
    0x0, 0xf9, 0xbf, 0xce, 0x1, 0xff, 0xff, 0x0,
    0xff, 0xfa, 0x8, 0x0, 0x41, 0x2c, 0x3, 0x70,
    0x0, 0xde, 0xd2, 0x40, 0x4, 0xc0, 0x6, 0x30,
    0x3, 0x76, 0xe8, 0x0, 0x46, 0x8e, 0x0, 0x12,
    0x0, 0xb8, 0x1, 0x16, 0x82, 0x2, 0xda, 0x60,

    /* U+004B "K" */
    0x3f, 0xf5, 0x0, 0x78, 0xbb, 0xfc, 0xe0, 0x1f,
    0xe1, 0xc1, 0x7, 0x70, 0x7, 0xfb, 0x44, 0x16,
    0x0, 0x3f, 0xd6, 0x60, 0x94, 0x1, 0xfe, 0x94,
    0x3, 0xb0, 0xf, 0xf4, 0x30, 0x16, 0x80, 0x7f,
    0x99, 0xc0, 0x7c, 0x40, 0x3f, 0x92, 0x40, 0x1a,
    0x40, 0x1f, 0xcd, 0x60, 0x15, 0x0, 0x7f, 0x8c,
    0x3, 0x31, 0x80, 0x7f, 0xd2, 0xc0, 0xe, 0x0,
    0xff, 0x3b, 0x40, 0x81, 0x40, 0x7, 0xe4, 0x80,
    0x1b, 0x0, 0x39, 0x80, 0x7c, 0x20, 0x12, 0xa0,
    0x3, 0x80, 0x3f, 0xf8, 0x14, 0x0, 0x28, 0x0,
    0xff, 0x86, 0x40, 0xe, 0x40, 0x1f, 0xf3, 0x18,
    0x3, 0x80, 0x3f, 0xf8, 0x1c, 0x0, 0x37, 0x0,
    0xff, 0x89, 0xc0, 0x10, 0x40,

    /* U+004C "L" */
    0x3f, 0xf5, 0x0, 0x7f, 0xff, 0xc0, 0x3f, 0xff,
    0xe0, 0x1f, 0xfe, 0xd4, 0xbb, 0xfc, 0xc0, 0x10,
    0xa2, 0x7e, 0xf0, 0xf, 0xfe, 0x8,

    /* U+004D "M" */
    0x3f, 0xf6, 0x0, 0x7f, 0xf0, 0x3b, 0xfc, 0x1,
    0x8d, 0x80, 0x3f, 0xd2, 0x20, 0x1f, 0x40, 0x80,
    0x7e, 0x26, 0x0, 0xfc, 0x30, 0x1, 0xfa, 0x40,
    0x3f, 0xcc, 0x60, 0x1e, 0x54, 0x0, 0xfc, 0x20,
    0xf, 0x0, 0xf5, 0x80, 0x4, 0x3, 0xce, 0x80,
    0x6a, 0x1, 0xa0, 0x41, 0xc8, 0x3, 0xe9, 0x0,
    0x58, 0x4, 0x4e, 0x3, 0x0, 0x1f, 0x89, 0xc0,
    0x60, 0x1, 0x20, 0xb, 0x0, 0xff, 0x40, 0x83,
    0x92, 0xa0, 0x1a, 0x80, 0x7f, 0xd6, 0x0, 0xe8,
    0x0, 0x78, 0x7, 0xff, 0x1, 0x4c, 0xc, 0x81,
    0x8c, 0x3, 0xff, 0x83, 0xc0, 0x10, 0xc0, 0x7,
    0xff, 0x8, 0x98, 0x1, 0x2, 0x1, 0xff, 0xc3,
    0x99, 0x53, 0x0, 0x7f, 0xf1, 0x59, 0x40, 0x3f,
    0xff, 0x20,

    /* U+004E "N" */
    0x3f, 0xf6, 0x0, 0x7e, 0x7f, 0xf2, 0x80, 0x46,
    0xe0, 0x1f, 0xfc, 0x38, 0x20, 0xf, 0xfe, 0x1f,
    0x0, 0x7f, 0xf0, 0xcd, 0x80, 0x3f, 0xf8, 0x6,
    0x0, 0x92, 0x0, 0xff, 0x95, 0xc0, 0x12, 0x1,
    0xff, 0xc0, 0x82, 0x4, 0x60, 0xf, 0xfe, 0x7,
    0x0, 0x24, 0x40, 0x3f, 0xe3, 0x70, 0x5, 0x0,
    0x7f, 0xf0, 0x20, 0x81, 0x14, 0x3, 0xff, 0x81,
    0xc0, 0xb, 0x10, 0xf, 0xf8, 0xd8, 0x6, 0xc0,
    0x3f, 0xf8, 0x12, 0x40, 0xb6, 0x1, 0xff, 0xc0,
    0x90, 0x1, 0x80, 0x7f, 0xf0, 0x11, 0x80, 0x3f,
    0xf8, 0x72, 0x20, 0x1f, 0xfc, 0x3a, 0x0, 0xff,
    0xe1, 0xa2, 0x80, 0x40,

    /* U+004F "O" */
    0x0, 0xc3, 0x19, 0xdf, 0xd9, 0x2, 0x1, 0xf3,
    0x73, 0x98, 0x80, 0x9b, 0xf3, 0x0, 0x74, 0x48,
    0x4, 0x26, 0x20, 0x14, 0xb8, 0x4, 0x8e, 0x0,
    0x5d, 0xec, 0xed, 0x40, 0x4, 0x18, 0x2, 0x40,
    0xd, 0x44, 0x1, 0x15, 0xa8, 0x3, 0x81, 0x8,
    0x6, 0x40, 0x3e, 0xa1, 0x2, 0x3c, 0x0, 0x30,
    0x7, 0xf3, 0x0, 0x2c, 0xc0, 0x18, 0x1, 0xfd,
    0x80, 0x2, 0x60, 0x2, 0x80, 0x7f, 0x30, 0x1,
    0x80, 0x3f, 0xf8, 0x26, 0x0, 0x10, 0xf, 0xfe,
    0x9, 0x80, 0x5, 0x80, 0xa, 0x1, 0xfc, 0xc0,
    0x6, 0x30, 0x1, 0x80, 0x7f, 0x60, 0x0, 0xb0,
    0x1, 0x20, 0x1f, 0xcc, 0x0, 0xb4, 0x20, 0x19,
    0x0, 0xfa, 0x84, 0x8, 0xc2, 0x40, 0xd, 0x44,
    0x1, 0x15, 0x28, 0x3, 0x80, 0x8, 0xe0, 0x5,
    0xdd, 0x66, 0xe9, 0x40, 0x10, 0x60, 0x14, 0x48,
    0x4, 0x46, 0x40, 0x14, 0xb8, 0x7, 0x37, 0x39,
    0x80, 0x46, 0xfc, 0xc0, 0x10,

    /* U+0050 "P" */
    0x3f, 0xff, 0xbb, 0x1c, 0x3, 0xfe, 0x13, 0x8d,
    0x20, 0xc, 0x28, 0x91, 0x88, 0x0, 0xb0, 0x3,
    0x25, 0xdd, 0x9d, 0x40, 0x1, 0x70, 0xf, 0xe5,
    0x90, 0x6, 0x0, 0x7f, 0x9c, 0x0, 0xc0, 0x1f,
    0xfc, 0xc7, 0x0, 0x8, 0x7, 0xf2, 0xc8, 0x2,
    0xc0, 0x24, 0xbb, 0xb3, 0xa8, 0x0, 0x2c, 0x1,
    0xa, 0x24, 0x62, 0x0, 0x1d, 0x10, 0xf, 0xe3,
    0x7f, 0x30, 0xc, 0xbf, 0xfd, 0x90, 0x20, 0x1f,
    0xff, 0xf0, 0xf, 0xf8,

    /* U+0051 "Q" */
    0x0, 0xc3, 0x19, 0xdf, 0xd9, 0x2, 0x1, 0xf3,
    0xf3, 0x98, 0x80, 0x9b, 0xf3, 0x80, 0x74, 0xc0,
    0x4, 0x46, 0x40, 0x14, 0x40, 0x2, 0x56, 0x0,
    0x2e, 0xeb, 0x37, 0x48, 0x0, 0x74, 0x0, 0x40,
    0x1, 0xa8, 0x80, 0x22, 0xb5, 0x0, 0x48, 0x21,
    0x0, 0xc8, 0x7, 0xd4, 0x20, 0x47, 0x80, 0x9,
    0x0, 0xfe, 0x60, 0x5, 0x98, 0x0, 0xc0, 0x3f,
    0xb0, 0x0, 0x4c, 0x0, 0x50, 0xf, 0xe6, 0x0,
    0x30, 0x7, 0xff, 0x4, 0xc0, 0x21, 0x0, 0xff,
    0xe0, 0x18, 0x4, 0xe0, 0x5, 0x0, 0xfe, 0x60,
    0x3, 0x18, 0x0, 0xc0, 0x3d, 0xa, 0x18, 0x0,
    0xdb, 0x0, 0x48, 0x7, 0x53, 0xd2, 0x30, 0x1,
    0xc, 0x40, 0x64, 0x3, 0xeb, 0x10, 0x33, 0x5,
    0x80, 0x1a, 0x88, 0x1, 0x44, 0x1, 0xa0, 0x0,
    0xac, 0x0, 0x5d, 0xd6, 0x69, 0x0, 0x44, 0x80,
    0x14, 0xb8, 0x4, 0x46, 0x40, 0x18, 0xa0, 0x3,
    0x46, 0xb9, 0x80, 0x4, 0xe2, 0x0, 0x7, 0x50,
    0xc, 0x51, 0x9f, 0xee, 0xc7, 0x78, 0x0, 0x40,
    0x1f, 0xfc, 0x18, 0x4a, 0x70, 0xf, 0xfe, 0x15,
    0xa8, 0x0,

    /* U+0052 "R" */
    0x3f, 0xff, 0xba, 0xd8, 0x3, 0xff, 0x80, 0x29,
    0x38, 0x20, 0x1c, 0x28, 0x91, 0x80, 0x47, 0x40,
    0x1c, 0x97, 0x76, 0x7c, 0x0, 0x10, 0xc0, 0x3f,
    0xce, 0xc0, 0xb, 0x0, 0xff, 0xb0, 0x0, 0x20,
    0x1f, 0xf1, 0x80, 0x7f, 0xf0, 0xb4, 0x1, 0xc0,
    0x1f, 0xc7, 0x68, 0x0, 0x50, 0xc, 0xbf, 0xfb,
    0x10, 0x0, 0xc4, 0x1, 0xff, 0xc0, 0x69, 0x0,
    0xe1, 0x33, 0x80, 0x2b, 0x90, 0xf, 0x26, 0x65,
    0x0, 0xe, 0x0, 0xff, 0x9c, 0x41, 0x4c, 0x3,
    0xfe, 0xb0, 0x7, 0x0, 0x7f, 0xca, 0x60, 0x4c,
    0x1, 0xff, 0x78, 0x2, 0x44, 0x3, 0xfc, 0x6a,
    0x0, 0xb0, 0xf, 0xfa, 0x0, 0xa, 0x60,

    /* U+0053 "S" */
    0x0, 0xcb, 0x7d, 0xfd, 0x8c, 0x1, 0xe2, 0xda,
    0x41, 0x1, 0x39, 0xe3, 0x0, 0x87, 0x8, 0x0,
    0x48, 0x40, 0x1, 0xc3, 0x0, 0x30, 0x81, 0x66,
    0xde, 0xe9, 0x0, 0x1e, 0x0, 0xb0, 0x7, 0x18,
    0x4, 0x56, 0xad, 0x80, 0x1, 0x0, 0x10, 0x7,
    0xaa, 0x40, 0x26, 0x0, 0x30, 0x7, 0xfd, 0xe0,
    0x8, 0xa3, 0x0, 0xfe, 0x47, 0x0, 0x2e, 0x75,
    0x28, 0x7, 0xd1, 0x66, 0x0, 0x15, 0xae, 0x80,
    0xf, 0x26, 0x6c, 0x18, 0x0, 0x5f, 0x4, 0x3,
    0xc4, 0xf9, 0xd0, 0x0, 0x38, 0x0, 0xfe, 0x17,
    0xd0, 0x3, 0x0, 0x44, 0x1, 0xf1, 0x18, 0x0,
    0x81, 0xb6, 0x40, 0x3e, 0x10, 0x1, 0x8c, 0x83,
    0x50, 0x80, 0x43, 0x44, 0x4, 0x22, 0xa0, 0x2,
    0xf6, 0xde, 0x72, 0x80, 0x20, 0x0, 0xb6, 0x20,
    0x2, 0x43, 0x0, 0xa5, 0x40, 0x24, 0xf8, 0x31,
    0x1, 0x37, 0xe6, 0x0, 0x0,

    /* U+0054 "T" */
    0x6f, 0xff, 0xfe, 0xb, 0x80, 0x7f, 0xf0, 0xcc,
    0xfc, 0x1, 0x19, 0xf1, 0x2e, 0x67, 0x8, 0x3,
    0x33, 0x94, 0x3, 0xff, 0xfe, 0x1, 0xff, 0xff,
    0x0, 0xff, 0xff, 0x80,

    /* U+0055 "U" */
    0x3f, 0xf5, 0x0, 0x7c, 0x5f, 0xeb, 0x0, 0xff,
    0xff, 0x80, 0x7f, 0xff, 0xc0, 0x3f, 0xf8, 0x64,
    0x0, 0x10, 0xf, 0x84, 0x0, 0x22, 0x0, 0x28,
    0x7, 0xc8, 0x0, 0x20, 0x40, 0x17, 0x0, 0xf4,
    0x80, 0x2c, 0x38, 0x1, 0xc, 0x1, 0x16, 0x8,
    0x11, 0x82, 0xa0, 0x2, 0x7b, 0x37, 0x46, 0x0,
    0xe0, 0xa, 0x90, 0x0, 0x26, 0x40, 0x15, 0x18,
    0x4, 0x37, 0x65, 0x20, 0x13, 0x8e, 0x50, 0x0,

    /* U+0056 "V" */
    0x9f, 0xf3, 0x80, 0x7f, 0x3f, 0xfa, 0x68, 0x1,
    0x40, 0x1f, 0xd6, 0x0, 0xa3, 0x20, 0x22, 0x0,
    0x7c, 0x46, 0x2, 0x60, 0xa0, 0xa, 0x0, 0xf9,
    0x40, 0xc, 0x0, 0xa0, 0x2, 0x80, 0x7d, 0x40,
    0xa, 0x0, 0x11, 0x81, 0x18, 0x7, 0x11, 0x0,
    0x88, 0x1, 0x50, 0x2, 0x80, 0x3a, 0x80, 0x14,
    0x1, 0x9c, 0x0, 0xe0, 0x1c, 0xa0, 0x6, 0x0,
    0xc2, 0x80, 0x28, 0x1, 0x19, 0x2, 0x8, 0x7,
    0x70, 0x3, 0x40, 0x2a, 0x0, 0x68, 0x7, 0x94,
    0x0, 0xe0, 0x13, 0x80, 0x18, 0x3, 0xe5, 0x1,
    0x40, 0x41, 0x5, 0x0, 0xfd, 0xc0, 0xe, 0xd,
    0x0, 0x70, 0x7, 0xe4, 0x10, 0x51, 0x70, 0x14,
    0x0, 0xfe, 0x60, 0x5, 0x88, 0x38, 0x7, 0xfa,
    0xc0, 0xa, 0x0, 0xa0, 0xf, 0xf1, 0x90, 0x4,
    0x46, 0x1, 0xff, 0x50, 0x4, 0xa0, 0x1f, 0xfc,
    0x6, 0x0, 0xa8, 0x3, 0xc0,

    /* U+0057 "W" */
    0x8f, 0xf3, 0x0, 0x79, 0x3f, 0xe0, 0xf, 0xab,
    0xfc, 0xb8, 0x0, 0xc0, 0xf, 0x60, 0x4, 0x80,
    0x1e, 0x40, 0x2, 0x20, 0x0, 0x80, 0x1e, 0x50,
    0xb, 0x40, 0x38, 0x84, 0xc, 0x41, 0x0, 0x48,
    0x3, 0x9, 0x0, 0x48, 0x1, 0xc8, 0x0, 0x40,
    0x6, 0x0, 0x10, 0x3, 0x20, 0x0, 0x40, 0x84,
    0x3, 0x60, 0x3, 0x0, 0x8, 0x0, 0xc0, 0xd,
    0xe0, 0xb, 0x0, 0x38, 0x6, 0x40, 0x2, 0x0,
    0xc, 0x41, 0x0, 0x32, 0x2, 0x28, 0x3, 0x0,
    0x22, 0x10, 0x40, 0xc, 0x80, 0x26, 0x0, 0x21,
    0xd, 0x4, 0x4, 0x0, 0x90, 0x1, 0x80, 0x1b,
    0x0, 0x8, 0x0, 0x50, 0x2, 0x6, 0x80, 0x98,
    0x3, 0x0, 0x8, 0x1, 0x90, 0x1, 0x80, 0xc,
    0x2, 0x20, 0x20, 0x1, 0x0, 0x8, 0x2, 0x60,
    0x18, 0x84, 0x10, 0x0, 0x80, 0x80, 0x2, 0x20,
    0x58, 0x10, 0x82, 0x0, 0x79, 0x0, 0x6, 0x80,
    0xd, 0x0, 0x90, 0xc, 0x10, 0x1, 0x80, 0x1e,
    0xf0, 0x2, 0x60, 0x1, 0x0, 0x2d, 0x0, 0x2e,
    0x0, 0x1c, 0x3, 0xc8, 0x0, 0xc4, 0x4, 0x0,
    0xc8, 0x0, 0xc4, 0x2, 0x10, 0xf, 0x9, 0x2,
    0x18, 0x68, 0x7, 0x20, 0x30, 0x82, 0x0, 0x7e,
    0x40, 0xc, 0x80, 0x1d, 0xa0, 0x1b, 0x0, 0x3f,
    0x60, 0x4, 0x44, 0x0, 0xe4, 0x0, 0xc8, 0x1,
    0xf9, 0x0, 0x24, 0x0, 0xf1, 0x10, 0x0, 0x62,
    0x1, 0xf8, 0x4c, 0x1, 0xa0, 0x1f, 0x20, 0x1,
    0x0, 0x38,

    /* U+0058 "X" */
    0xd, 0xff, 0x40, 0x7, 0xdb, 0xfe, 0x80, 0x7,
    0x0, 0x1c, 0xc0, 0x39, 0xc8, 0xa, 0x0, 0x6,
    0xc0, 0xf, 0x0, 0xc5, 0x0, 0xe, 0x0, 0xd2,
    0x20, 0x6e, 0x1, 0x48, 0x1, 0x8c, 0x3, 0xa8,
    0x1, 0x2, 0x8, 0x80, 0x29, 0x0, 0xf2, 0x30,
    0x2, 0x82, 0x40, 0x12, 0x1, 0xfa, 0x4, 0x12,
    0xc8, 0x19, 0x0, 0x3f, 0xd, 0x80, 0x10, 0x6,
    0x0, 0x3f, 0xca, 0xa0, 0xa, 0x84, 0x3, 0xfe,
    0x10, 0x9, 0xc0, 0x3f, 0xe5, 0x40, 0xb, 0x80,
    0x3f, 0xeb, 0x0, 0x10, 0x14, 0x0, 0x7f, 0x40,
    0x82, 0xf8, 0x1, 0xc8, 0x3, 0xe3, 0x70, 0x5,
    0x93, 0x80, 0x38, 0x3, 0xef, 0x0, 0x40, 0x84,
    0x8, 0x1b, 0x0, 0x73, 0x18, 0xb, 0x80, 0x56,
    0x0, 0x81, 0x0, 0x86, 0x40, 0x16, 0x1, 0x95,
    0x0, 0x6c, 0x2, 0xb0, 0x1, 0xa8, 0x7, 0x48,
    0x1, 0x50, 0x11, 0x40, 0x1e, 0x1, 0xe2, 0x70,
    0x5, 0x0,

    /* U+0059 "Y" */
    0x9f, 0xf6, 0x0, 0x7e, 0xcf, 0xf4, 0xc0, 0x0,
    0xd0, 0x3, 0xc8, 0x60, 0x8, 0x18, 0x0, 0x40,
    0x7, 0xa0, 0x1, 0x2, 0xe, 0x20, 0x68, 0x1,
    0x90, 0xc0, 0x5c, 0x2, 0xb0, 0x4, 0x0, 0x68,
    0x0, 0x58, 0x6, 0x53, 0x3, 0x40, 0x2, 0x18,
    0x1a, 0x80, 0x77, 0x80, 0x20, 0x1, 0x0, 0xf,
    0x0, 0xf1, 0xa8, 0x1a, 0xa8, 0xc1, 0x4c, 0x3,
    0xe8, 0x0, 0x44, 0x0, 0x10, 0x1, 0xf8, 0x9c,
    0x8, 0x80, 0xe4, 0x1, 0xfd, 0x22, 0x0, 0x19,
    0x0, 0xff, 0xc, 0x80, 0x18, 0x40, 0x3f, 0xe1,
    0x0, 0x78, 0x7, 0xff, 0xfc, 0x3, 0xff, 0x9e,

    /* U+005A "Z" */
    0xf, 0xff, 0xfe, 0x7, 0x0, 0x7f, 0xf1, 0x4c,
    0xff, 0x80, 0x25, 0x0, 0x66, 0x7e, 0x90, 0xa,
    0x40, 0x3f, 0x86, 0xc0, 0x12, 0x40, 0x1f, 0xd4,
    0x20, 0x8c, 0x1, 0xfc, 0xa8, 0x0, 0x90, 0xf,
    0xe1, 0xb0, 0x4, 0x90, 0x7, 0xf5, 0x8, 0x23,
    0x0, 0x7f, 0x32, 0x0, 0x28, 0x3, 0xf8, 0x64,
    0x1, 0x22, 0x1, 0xfd, 0x40, 0x4, 0x60, 0xf,
    0xe6, 0x40, 0x5, 0x0, 0x7f, 0xc, 0x80, 0x24,
    0x40, 0x3f, 0xa8, 0x0, 0x8c, 0x1, 0xfc, 0xc8,
    0x0, 0xa0, 0xf, 0xe1, 0x90, 0x0, 0xee, 0x67,
    0xe3, 0x20, 0x8, 0x4c, 0xff, 0x9c, 0x3, 0xff,
    0x86,

    /* U+005B "[" */
    0x37, 0x7e, 0x24, 0x88, 0xe4, 0x0, 0xff, 0x67,
    0xf9, 0x80, 0x3f, 0xff, 0xe0, 0x1f, 0xfd, 0xca,
    0x77, 0x10, 0x4, 0xd1, 0x4, 0x0, 0xf8,

    /* U+005C "\\" */
    0xaf, 0xf0, 0x80, 0x76, 0x0, 0x10, 0x3, 0x9c,
    0x1, 0xe0, 0x1c, 0x26, 0xa, 0x1, 0xeb, 0x0,
    0x20, 0x7, 0x20, 0x3, 0x40, 0x38, 0xc4, 0x10,
    0x3, 0xce, 0x4, 0x40, 0xe, 0xd0, 0x2, 0x80,
    0x72, 0x0, 0x2c, 0x3, 0xc8, 0x6, 0x20, 0x1d,
    0xa0, 0x4, 0x0, 0xe7, 0x0, 0x78, 0x7, 0x9,
    0x2, 0x0, 0x79, 0x40, 0x4c, 0x3, 0xac, 0x1,
    0x60, 0x1c, 0x62, 0xa, 0x1, 0xe7, 0x2, 0x20,
    0x7, 0x60, 0x1, 0x40,

    /* U+005D "]" */
    0x57, 0x7e, 0x1e, 0x88, 0xe3, 0x0, 0xfa, 0xff,
    0xce, 0x1, 0xff, 0xff, 0x0, 0xff, 0xee, 0x2b,
    0xb8, 0xc0, 0x2e, 0x88, 0x20, 0x7, 0xf8,

    /* U+005E "^" */
    0x0, 0x87, 0xfe, 0x30, 0xf, 0x40, 0x5, 0x0,
    0x1c, 0x2c, 0x6, 0x8, 0x60, 0x1a, 0xc0, 0x70,
    0x83, 0xc0, 0x22, 0x50, 0x80, 0x90, 0x34, 0x0,
    0x40, 0x13, 0x2, 0x20, 0x24, 0xd, 0x42, 0x0,
    0x28, 0x2, 0x50,

    /* U+005F "_" */
    0x99, 0xff, 0x85, 0x9b, 0xfe, 0x30, 0xf, 0xfe,
    0x0,

    /* U+0060 "`" */
    0x0, 0x8, 0x6, 0x4e, 0x30, 0x1, 0xd8, 0x70,
    0x0, 0xdc, 0xa, 0x0, 0x10, 0xe0, 0xe4, 0x0,
    0x87, 0x33, 0x0, 0x51, 0x82,

    /* U+0061 "a" */
    0x0, 0x8e, 0xbb, 0xfa, 0xd0, 0x3, 0x3e, 0x28,
    0x80, 0xa5, 0xb8, 0x0, 0xa0, 0x5, 0x9d, 0x40,
    0x10, 0x60, 0x5d, 0x1d, 0x31, 0x56, 0x0, 0x90,
    0x0, 0xb8, 0x6, 0x41, 0x7, 0x0, 0x8e, 0x77,
    0xfe, 0x10, 0xd, 0x18, 0xc4, 0x1, 0xc6, 0xe,
    0xe0, 0x1, 0xb4, 0x40, 0x40, 0x29, 0x0, 0x5e,
    0x4b, 0xb8, 0x2, 0x11, 0x2, 0x20, 0x2, 0x11,
    0x0, 0x73, 0x0, 0x6b, 0x0, 0x84, 0x80, 0xb1,
    0xe3, 0x54, 0x3, 0x48, 0x0, 0xe1, 0xc9, 0xc8,
    0x2, 0x4c, 0x40, 0x1, 0xcc, 0x0, 0x40,

    /* U+0062 "b" */
    0x7f, 0xf2, 0x80, 0x7f, 0xfd, 0xa3, 0xbf, 0x5c,
    0x3, 0xc7, 0xae, 0x20, 0x51, 0xa2, 0x1, 0xa4,
    0x85, 0x8, 0x0, 0x54, 0x1, 0xcd, 0xd7, 0xb4,
    0x0, 0x43, 0x0, 0x8a, 0x40, 0x25, 0x60, 0x5,
    0x0, 0x54, 0x1, 0xd6, 0x0, 0x50, 0x8, 0xc0,
    0x38, 0x80, 0x2, 0x1, 0xff, 0xc0, 0x10, 0x8,
    0x80, 0x38, 0x80, 0xe, 0x1, 0x58, 0x7, 0x58,
    0x3, 0x0, 0x22, 0x80, 0x9, 0x98, 0x0, 0x50,
    0xc, 0xfd, 0x7b, 0x20, 0x5, 0x20, 0xa, 0x4,
    0x48, 0x40, 0x3, 0xa0, 0xc, 0x5e, 0xc2, 0x5,
    0x18, 0x0,

    /* U+0063 "c" */
    0x0, 0xcb, 0x7d, 0xfa, 0xe2, 0x1, 0x86, 0xe9,
    0x4, 0xa, 0x3c, 0xc0, 0x2a, 0x40, 0x1, 0xa0,
    0x0, 0x74, 0x41, 0x50, 0x7, 0x72, 0xfd, 0x41,
    0x0, 0x1c, 0x0, 0xb2, 0x0, 0xaa, 0xe8, 0x41,
    0x40, 0xa, 0x1, 0xc8, 0x1, 0x8, 0x10, 0x7,
    0xff, 0x2c, 0x40, 0x80, 0x3f, 0xca, 0x0, 0x50,
    0xe, 0x40, 0xb, 0x80, 0x16, 0x40, 0x15, 0x5d,
    0x8, 0x2a, 0x0, 0xee, 0x5f, 0x28, 0x20, 0x5,
    0x46, 0x0, 0x34, 0x10, 0x1d, 0x10, 0x0, 0xe5,
    0x20, 0x81, 0x47, 0x98, 0x0,

    /* U+0064 "d" */
    0x0, 0xff, 0x3f, 0xf9, 0x0, 0x3f, 0xfd, 0xe3,
    0x1b, 0xfa, 0xe0, 0x1f, 0x17, 0xb9, 0x1, 0x45,
    0xf8, 0x7, 0x78, 0x80, 0x8, 0xc1, 0x1c, 0x3,
    0x31, 0x0, 0xe6, 0xe7, 0x20, 0x7, 0x68, 0x2,
    0xc, 0x0, 0x34, 0x1, 0xc8, 0x0, 0x60, 0xc,
    0x2a, 0x1, 0xe2, 0x0, 0xf6, 0x80, 0x7f, 0xf1,
    0x84, 0x8, 0x3, 0xda, 0x1, 0x90, 0x0, 0xc0,
    0x18, 0x54, 0x3, 0x78, 0x2, 0x50, 0x2, 0xa0,
    0xe, 0x53, 0x0, 0x5e, 0xe7, 0xa0, 0x7, 0xb4,
    0x80, 0x4, 0x60, 0x4e, 0x1, 0xc3, 0x8e, 0x40,
    0x2f, 0xbe, 0x1, 0x0,

    /* U+0065 "e" */
    0x0, 0xcd, 0x9d, 0xfb, 0x24, 0x1, 0x87, 0x24,
    0xc4, 0x9, 0xb5, 0x40, 0x2d, 0x30, 0x27, 0x72,
    0x0, 0x28, 0x81, 0x4c, 0x1b, 0x62, 0x17, 0x20,
    0xa, 0xe, 0x0, 0x40, 0x6, 0x60, 0x2, 0x2,
    0x80, 0x3b, 0xff, 0x80, 0x4, 0x2, 0x1, 0xfe,
    0x20, 0x8, 0x6a, 0xbf, 0x40, 0x8, 0xa, 0xaf,
    0xe4, 0x5, 0x0, 0x28, 0x7, 0x30, 0x5, 0xc0,
    0xb, 0x10, 0x9, 0xa7, 0x8, 0x14, 0xc0, 0x7a,
    0x63, 0x24, 0xc, 0x40, 0x1a, 0x60, 0x6, 0x73,
    0x0, 0x51, 0x80, 0x7, 0x25, 0x4, 0x9, 0xb5,
    0x40,

    /* U+0066 "f" */
    0x0, 0x86, 0x7b, 0xf9, 0xc0, 0x3, 0x8c, 0x20,
    0x3c, 0x0, 0x62, 0x0, 0x2b, 0x70, 0x3, 0x40,
    0x17, 0x52, 0xe0, 0x1, 0x0, 0x28, 0x5, 0x5e,
    0x80, 0xe, 0xff, 0x40, 0x7, 0xf6, 0x30, 0x80,
    0x15, 0x99, 0xad, 0x2a, 0x0, 0xb9, 0x92, 0x80,
    0x7f, 0xff, 0xc0, 0x3f, 0xf8, 0x60,

    /* U+0067 "g" */
    0x0, 0x86, 0x77, 0xf5, 0xc2, 0x7f, 0xc6, 0x0,
    0x3f, 0x62, 0x2, 0x8b, 0x0, 0xf6, 0x88, 0x0,
    0x8c, 0x11, 0x80, 0x33, 0x88, 0xe, 0x6e, 0x71,
    0x80, 0x75, 0x80, 0x2c, 0xc0, 0x3, 0xc0, 0x1c,
    0x60, 0x2a, 0x1, 0x89, 0x0, 0x21, 0x0, 0x10,
    0x7, 0x8c, 0x2, 0x10, 0xf, 0xfe, 0x21, 0x0,
    0x78, 0x80, 0x32, 0x0, 0xa8, 0x6, 0x15, 0x0,
    0xda, 0x0, 0xb3, 0x0, 0xd, 0x0, 0x73, 0x10,
    0xe, 0x6e, 0x72, 0x0, 0x7b, 0xc4, 0x0, 0x46,
    0x8, 0xc0, 0x1c, 0x5e, 0xe4, 0x4, 0xf6, 0x60,
    0x1, 0x0, 0x86, 0x37, 0xf6, 0x1, 0xc0, 0x4,
    0x3, 0x1c, 0x60, 0x19, 0xc8, 0x14, 0x0, 0xae,
    0x39, 0x89, 0xad, 0x80, 0x4, 0x80, 0x12, 0x40,
    0x6, 0xca, 0x40, 0xa, 0x30, 0x9, 0xb5, 0xc8,
    0x0, 0x4d, 0xaa, 0x0,

    /* U+0068 "h" */
    0x7f, 0xf2, 0x80, 0x7f, 0xfc, 0x63, 0x7f, 0x60,
    0x3, 0x8f, 0x5c, 0x80, 0x9e, 0xc0, 0x34, 0x91,
    0x10, 0x40, 0x8, 0xc0, 0x1a, 0x76, 0xf9, 0x40,
    0x1a, 0x1, 0x2b, 0x0, 0x56, 0x0, 0x60, 0xb,
    0x0, 0x30, 0x88, 0xc, 0x2, 0x30, 0xe, 0x30,
    0xf, 0xff, 0xf8, 0x7, 0xfc,

    /* U+0069 "i" */
    0x5, 0x61, 0x5a, 0x9a, 0x20, 0x3, 0x28, 0x85,
    0x17, 0x7b, 0x80, 0x62, 0xff, 0x48, 0x7, 0xff,
    0xa0,

    /* U+006A "j" */
    0x0, 0xc8, 0xe2, 0x1, 0x25, 0xc6, 0x80, 0x46,
    0x0, 0x20, 0x9, 0x44, 0x24, 0x2, 0x2e, 0xf7,
    0x0, 0xff, 0x17, 0xfa, 0x80, 0x3f, 0xff, 0xe0,
    0x1f, 0xfc, 0xa3, 0x0, 0xa8, 0x0, 0x2f, 0xba,
    0x70, 0x6, 0x81, 0x10, 0x0, 0x4a, 0x42, 0x2,
    0xd8, 0x0,

    /* U+006B "k" */
    0x7f, 0xf2, 0x80, 0x7f, 0xfe, 0x7, 0xbf, 0xcc,
    0x1, 0xfb, 0x4, 0x21, 0x80, 0x3e, 0xb2, 0x6,
    0x70, 0xf, 0xa9, 0x1, 0x64, 0x3, 0xe8, 0x50,
    0x4a, 0x0, 0xfb, 0x9c, 0x1, 0x0, 0x1f, 0x90,
    0x2, 0x80, 0xf, 0xe1, 0x10, 0x22, 0x80, 0x7c,
    0x39, 0x0, 0x8, 0x0, 0xfa, 0x9, 0x8c, 0xa,
    0x0, 0x3c, 0x60, 0xf, 0x0, 0x39, 0x0, 0x7e,
    0x35, 0x0, 0x48, 0x7, 0xf4, 0x0, 0x11, 0x0,
    0x1f, 0x89, 0xc0, 0x12, 0x0,

    /* U+006C "l" */
    0x7f, 0xf2, 0x80, 0x7f, 0xff, 0x8c, 0x4, 0x1,
    0x14, 0x80, 0x1, 0x42, 0x92, 0x0, 0x0,

    /* U+006D "m" */
    0x7f, 0xf2, 0xd, 0x77, 0x28, 0x80, 0x9, 0x9f,
    0xeb, 0x30, 0xe, 0x2f, 0x51, 0x12, 0xe0, 0xbd,
    0x98, 0x1, 0x30, 0xc0, 0x34, 0x89, 0xa0, 0x0,
    0x76, 0x0, 0xd0, 0x2, 0xf0, 0xe, 0xcc, 0x5e,
    0x0, 0xc, 0x33, 0x17, 0x80, 0x3, 0x10, 0x9,
    0x8c, 0x0, 0x6a, 0x0, 0x63, 0x0, 0x1a, 0x0,
    0x8, 0x2, 0xc0, 0xc, 0x40, 0xc, 0x0, 0xc6,
    0x1, 0xe1, 0x0, 0xde, 0x0, 0x10, 0xf, 0x9c,
    0x3, 0xff, 0xfe, 0x1, 0xff, 0xf5,

    /* U+006E "n" */
    0x7f, 0xf2, 0xc, 0x77, 0xec, 0x0, 0x71, 0x7b,
    0x88, 0x13, 0xd8, 0x6, 0x91, 0x24, 0x10, 0x2,
    0x28, 0x6, 0x9d, 0xbe, 0x40, 0x7, 0x0, 0x4a,
    0xc0, 0x15, 0x0, 0x18, 0x2, 0xc0, 0xc, 0x22,
    0x3, 0x0, 0x88, 0x3, 0xff, 0xfe, 0x1, 0xff,
    0xc5,

    /* U+006F "o" */
    0x0, 0xcd, 0x9d, 0xfb, 0x2, 0x1, 0xc3, 0x92,
    0x62, 0x4, 0xfe, 0x80, 0x1b, 0x4c, 0x0, 0x68,
    0x20, 0x36, 0x20, 0x5, 0x30, 0x1d, 0xcb, 0xe4,
    0x0, 0x58, 0x3, 0x80, 0x16, 0x40, 0x15, 0x0,
    0x14, 0x0, 0xa0, 0x5, 0x0, 0xc2, 0xa0, 0x3,
    0x1, 0x2, 0x0, 0xf1, 0x0, 0x18, 0x3, 0xff,
    0x86, 0x20, 0x40, 0x1e, 0x20, 0x3, 0x2, 0x80,
    0x14, 0x3, 0xa, 0x80, 0xc, 0x38, 0x1, 0x64,
    0x1, 0x58, 0x1, 0x40, 0xa, 0x60, 0x3b, 0x97,
    0xca, 0x0, 0x80, 0xb, 0x4c, 0x0, 0x68, 0x20,
    0xb, 0x20, 0x8, 0x72, 0x4c, 0x40, 0x9f, 0x90,
    0x0,

    /* U+0070 "p" */
    0x7f, 0xf2, 0xc, 0xf7, 0xeb, 0x80, 0x78, 0xbd,
    0x84, 0xa, 0x30, 0x40, 0x34, 0x88, 0x8c, 0x80,
    0x7, 0x60, 0x1c, 0xdd, 0x9b, 0x20, 0x5, 0x30,
    0x8, 0xa4, 0x2, 0x66, 0x0, 0x2c, 0x2, 0xb0,
    0xe, 0xb0, 0x1, 0x80, 0x44, 0x1, 0xc4, 0x0,
    0x70, 0xf, 0xfe, 0x21, 0x0, 0x71, 0x0, 0x1c,
    0x2, 0xb0, 0xe, 0xb0, 0x6, 0x0, 0x45, 0x0,
    0x13, 0x30, 0x0, 0xa0, 0x19, 0xfa, 0xfa, 0x40,
    0xc, 0x40, 0x14, 0x88, 0x90, 0x40, 0x7, 0x20,
    0x18, 0xbd, 0x84, 0xa, 0x30, 0x3, 0xc3, 0x3d,
    0xfa, 0xe0, 0x1f, 0xfe, 0xb0,

    /* U+0071 "q" */
    0x0, 0x86, 0x37, 0xf5, 0xc1, 0xff, 0xc8, 0x0,
    0x2f, 0x72, 0x2, 0x8c, 0xf0, 0xe, 0xf1, 0x0,
    0x11, 0x81, 0xb8, 0x6, 0x62, 0x1, 0xcd, 0xce,
    0x40, 0xe, 0xd0, 0x4, 0x18, 0x0, 0x68, 0x3,
    0x90, 0x0, 0xc0, 0x18, 0x54, 0x3, 0xc4, 0x1,
    0xed, 0x0, 0xff, 0xe3, 0x8, 0x10, 0x7, 0xb4,
    0x3, 0x20, 0x1, 0x80, 0x30, 0xa8, 0x6, 0xf0,
    0x4, 0x18, 0x5, 0x40, 0x1c, 0xa6, 0x3, 0x9b,
    0x7e, 0x80, 0x1e, 0xd2, 0x0, 0x12, 0x1, 0xb8,
    0x7, 0xe, 0x39, 0x0, 0xbe, 0x78, 0x7, 0x86,
    0x37, 0xfa, 0x0, 0x3f, 0xfe, 0x20,

    /* U+0072 "r" */
    0x7f, 0xf2, 0x1, 0xd7, 0x38, 0x6, 0x6c, 0x51,
    0xf0, 0xb, 0x24, 0x2, 0xf0, 0x9, 0xc6, 0x7b,
    0xdc, 0x2, 0x1c, 0x61, 0x0, 0xe6, 0x20, 0xf,
    0xb4, 0x3, 0xf0, 0x80, 0x7f, 0xfb, 0xc0,

    /* U+0073 "s" */
    0x0, 0xc, 0x6f, 0xfb, 0x1c, 0x3, 0x17, 0xb9,
    0x0, 0xe, 0x34, 0x80, 0x12, 0x20, 0x4e, 0xe2,
    0x2, 0xf0, 0x2, 0x0, 0xec, 0x43, 0x58, 0x60,
    0x3, 0x8, 0x80, 0x29, 0xf5, 0x0, 0x30, 0x3,
    0xdc, 0x80, 0x2, 0x1, 0x4a, 0x0, 0xc6, 0xf4,
    0x8, 0x6, 0xba, 0x40, 0x0, 0xbf, 0x20, 0x6,
    0x5b, 0xfb, 0x40, 0x5, 0x0, 0x46, 0x1, 0x25,
    0xa0, 0x9, 0x8d, 0x64, 0x0, 0x61, 0x0, 0xc8,
    0xf, 0xb0, 0xf6, 0xa0, 0x26, 0x3a, 0x20, 0x4f,
    0x8, 0x0, 0xa0, 0x1, 0xfc, 0x18, 0x81, 0x36,
    0xa0, 0x0,

    /* U+0074 "t" */
    0x0, 0x47, 0xf8, 0xc0, 0x3f, 0xfa, 0x55, 0xee,
    0x0, 0xcf, 0xf6, 0x80, 0x7f, 0x63, 0x10, 0x1,
    0x59, 0x8a, 0xd2, 0xa0, 0x9, 0x9a, 0x0, 0x3f,
    0xfd, 0x9e, 0x0, 0xa0, 0xe, 0x40, 0x3, 0x6e,
    0x40, 0x0, 0xd0, 0x0, 0x46, 0x20, 0x15, 0xb8,
    0x80, 0xf8,

    /* U+0075 "u" */
    0x7f, 0xf2, 0x0, 0x77, 0x7f, 0x0, 0x7f, 0xff,
    0xc0, 0x3f, 0x84, 0x0, 0x20, 0x1c, 0x20, 0x1d,
    0xa0, 0x18, 0xc0, 0x22, 0x0, 0x39, 0x0, 0x7,
    0xc0, 0x24, 0x10, 0x6, 0xdd, 0xb8, 0xc0, 0x35,
    0x80, 0x48, 0x80, 0x81, 0x0, 0x96, 0xd0, 0x0,
    0x76, 0xe0, 0x10,

    /* U+0076 "v" */
    0xe, 0xff, 0x8, 0x7, 0x17, 0xfb, 0x40, 0xc,
    0x0, 0x70, 0xe, 0x50, 0x5, 0x0, 0x2c, 0x1,
    0xa0, 0x1d, 0x60, 0x6, 0x0, 0x19, 0x2, 0x8,
    0x4, 0x46, 0x8, 0x20, 0x15, 0x0, 0x1c, 0x2,
    0x50, 0x7, 0x0, 0x66, 0x0, 0x68, 0x5, 0x60,
    0x5, 0x0, 0xc2, 0x80, 0x82, 0x4, 0x60, 0xa0,
    0x1e, 0xd0, 0x3, 0x82, 0x80, 0x38, 0x3, 0xcc,
    0x0, 0xd0, 0xb0, 0x14, 0x0, 0xf9, 0x41, 0xc,
    0xc0, 0xc0, 0x1f, 0xb8, 0x1, 0xc0, 0xa, 0x0,
    0xfc, 0x82, 0x4, 0x6, 0x40, 0x1f, 0xce, 0x1,
    0x50, 0x7, 0xfa, 0x80, 0x27, 0x0, 0xe0,

    /* U+0077 "w" */
    0xe, 0xff, 0x0, 0x74, 0xff, 0xa0, 0x3, 0xf,
    0xfb, 0x40, 0xe, 0x0, 0x40, 0xc, 0xe0, 0x5,
    0x0, 0xc8, 0x0, 0x50, 0x6, 0x80, 0x34, 0x2,
    0x21, 0x0, 0x10, 0x80, 0x58, 0x0, 0xb0, 0x2,
    0x0, 0x10, 0x2, 0x40, 0xc, 0x80, 0x13, 0x80,
    0x98, 0x4, 0x80, 0x42, 0x0, 0xc0, 0x43, 0xf,
    0x0, 0x10, 0x82, 0x0, 0x6d, 0x0, 0x20, 0x1,
    0x3, 0x6c, 0x10, 0x0, 0x80, 0xf, 0x0, 0xce,
    0x0, 0xf0, 0x31, 0x4, 0x40, 0x9, 0x6, 0x80,
    0x14, 0x3, 0x9, 0x82, 0x2, 0x0, 0x91, 0x88,
    0x20, 0x20, 0x20, 0x7, 0xac, 0x4, 0xb0, 0x1c,
    0x0, 0x81, 0xa6, 0x0, 0xd0, 0xf, 0x28, 0x1,
    0x50, 0x30, 0x1, 0x80, 0x96, 0x0, 0x70, 0xf,
    0x11, 0x2, 0x40, 0x8, 0x0, 0x70, 0x3, 0x81,
    0x88, 0x7, 0xca, 0x2, 0x6, 0x20, 0x1, 0x20,
    0xa, 0xc0, 0x3f, 0x58, 0x4, 0x80, 0x19, 0x0,
    0x25, 0x0, 0xfc, 0x62, 0x0, 0xc0, 0xd, 0xa0,
    0x2, 0x20, 0x6,

    /* U+0078 "x" */
    0x5, 0xff, 0x68, 0x6, 0x1f, 0xf8, 0xc1, 0x50,
    0xa, 0x0, 0x28, 0x0, 0x39, 0x80, 0x28, 0x41,
    0xc8, 0xd, 0x80, 0xa0, 0x2, 0x1b, 0x0, 0x48,
    0x78, 0x3, 0x80, 0x39, 0x54, 0x9, 0x66, 0xe,
    0x60, 0x1e, 0xb1, 0x4, 0x2, 0x80, 0xf, 0x86,
    0x0, 0x2e, 0x0, 0xfe, 0xc0, 0x9, 0x80, 0x3f,
    0x2a, 0x80, 0x2b, 0x10, 0xf, 0xd, 0x80, 0x1c,
    0x6, 0xc0, 0x3d, 0x62, 0x11, 0x3, 0x5, 0x50,
    0x6, 0x55, 0x1, 0x38, 0x70, 0x2, 0xc4, 0x0,
    0x36, 0x0, 0xe0, 0x1, 0x38, 0xd, 0x0, 0x28,
    0x41, 0x8c, 0x2, 0x81, 0x4, 0x60,

    /* U+0079 "y" */
    0xe, 0xff, 0x10, 0x7, 0xbf, 0xe1, 0x6, 0x0,
    0x28, 0x7, 0x28, 0x1, 0x44, 0x28, 0x1, 0x40,
    0x1d, 0xe0, 0xe, 0x0, 0x11, 0x81, 0x18, 0x6,
    0x50, 0x14, 0x0, 0xa8, 0x1, 0x60, 0x12, 0x80,
    0x18, 0x3, 0x30, 0x1, 0x80, 0x2e, 0x0, 0x50,
    0x7, 0x28, 0x9, 0x80, 0xa0, 0x19, 0x0, 0x77,
    0x0, 0x28, 0x1c, 0x1, 0x40, 0x1e, 0x42, 0x7,
    0xd, 0x0, 0x30, 0x7, 0xca, 0x2, 0xc8, 0xc,
    0x1, 0xfa, 0x80, 0x12, 0x0, 0xa0, 0xf, 0xc4,
    0x80, 0x11, 0x18, 0x7, 0xf7, 0x0, 0x54, 0x1,
    0xfe, 0x50, 0x9, 0x80, 0x3f, 0xc6, 0x0, 0x41,
    0x0, 0xff, 0x50, 0x3, 0xc0, 0x3f, 0xc2, 0xc0,
    0x28, 0x1, 0xfe, 0x70, 0x3, 0x0, 0x7f, 0xd6,
    0x0, 0xa0, 0xf, 0x80,

    /* U+007A "z" */
    0x3f, 0xff, 0xee, 0x0, 0xff, 0xe0, 0x8a, 0x27,
    0x80, 0x24, 0x2, 0xbb, 0xef, 0x0, 0xd, 0x80,
    0x78, 0x68, 0x1, 0xa2, 0x1, 0xea, 0x10, 0x73,
    0x0, 0xf3, 0xa0, 0x1c, 0x0, 0x78, 0xe0, 0x1,
    0xc0, 0x1f, 0x70, 0x2, 0x88, 0x3, 0xd2, 0x40,
    0xca, 0x1, 0xe5, 0x60, 0x29, 0x0, 0xf0, 0xd0,
    0x0, 0x6a, 0xbc, 0x48, 0x1, 0x1a, 0xaf, 0x84,
    0x3, 0xff, 0x80,

    /* U+007B "{" */
    0x0, 0xf2, 0x39, 0x80, 0x64, 0xeb, 0x84, 0x0,
    0x86, 0xc4, 0x3, 0xce, 0x0, 0x5d, 0x70, 0xb,
    0xc0, 0x16, 0x40, 0x18, 0xc0, 0x44, 0x1, 0xff,
    0xcb, 0x60, 0x30, 0xe, 0x33, 0x3, 0x80, 0x4b,
    0x98, 0x0, 0x48, 0x5, 0xa6, 0x0, 0xc3, 0x0,
    0xfb, 0xc0, 0x34, 0x6b, 0x1, 0xc0, 0x6, 0x29,
    0x20, 0x40, 0xf, 0x30, 0x10, 0x7, 0x84, 0x3,
    0xff, 0x8a, 0x60, 0x20, 0x1e, 0x10, 0x2, 0x0,
    0x76, 0x0, 0x2e, 0x8c, 0x2, 0x45, 0x0, 0x2a,
    0x0, 0x6a, 0x93, 0x0, 0x0,

    /* U+007C "|" */
    0x37, 0x70, 0xa4, 0x40, 0x80, 0x3f, 0xff, 0xe0,
    0x1f, 0xc0,

    /* U+007D "}" */
    0x47, 0x40, 0xf, 0x64, 0x5f, 0x18, 0x7, 0xc3,
    0xa0, 0x1a, 0x34, 0xc0, 0x54, 0x3, 0x17, 0x0,
    0x34, 0x3, 0x88, 0x3, 0xfe, 0x10, 0xf, 0xfe,
    0x29, 0x0, 0x78, 0xc1, 0x8, 0x3, 0xa0, 0x1,
    0xb6, 0x80, 0x12, 0x58, 0x1, 0xc, 0x2, 0x18,
    0x0, 0xfa, 0xc, 0x1f, 0x9c, 0x2, 0x70, 0x38,
    0x10, 0xc, 0x20, 0xa0, 0x1f, 0xfc, 0xb1, 0x0,
    0x8, 0x7, 0x38, 0x3, 0x80, 0x24, 0xa9, 0x0,
    0x20, 0x5, 0x8a, 0x0, 0x62, 0x0, 0xc2, 0x73,
    0x20, 0xc,

    /* U+007E "~" */
    0x0, 0xff, 0xe1, 0x9e, 0x7e, 0xc0, 0x80, 0x2f,
    0x10, 0xf, 0xc, 0x9, 0xfb, 0x79, 0xc, 0x83,
    0x80, 0x4, 0x20, 0x2, 0x10, 0x46, 0xe, 0x3b,
    0xde, 0xa4, 0x1, 0x7b, 0x0, 0x1e, 0x20, 0x1,
    0x6f, 0xfa, 0x0, 0x0,

    /* U+00B7 "·" */
    0x36, 0x61, 0xcc, 0xe0, 0xf, 0xc0,

    /* U+2013 "–" */
    0xbb, 0xff, 0xe0, 0x22, 0x7f, 0xf0, 0x0, 0x3f,
    0xf8, 0x0,

    /* U+3002 "。" */
    0x0, 0x88, 0x80, 0x19, 0x3b, 0x75, 0xc8, 0x3,
    0x47, 0x54, 0x3a, 0x17, 0x1f, 0x55, 0x78, 0xbf,
    0x1, 0x0, 0x8, 0x3b, 0x40, 0xc0, 0x6, 0x1a,
    0xa5, 0x93, 0x2c, 0x25, 0xc, 0x57, 0x72, 0xe0,
    0x0,

    /* U+4E00 "一" */
    0x1, 0x1f, 0xfe, 0x40, 0x67, 0x77, 0xff, 0x21,
    0x40, 0x3f, 0xf9, 0x56, 0xcd, 0xff, 0xc9,

    /* U+4E0A "上" */
    0x0, 0xfe, 0x66, 0x20, 0x7, 0xff, 0x1e, 0x65,
    0x0, 0x1f, 0xff, 0xf0, 0xf, 0xff, 0x60, 0xbb,
    0xfe, 0x20, 0xf, 0xfe, 0x1, 0x44, 0x7e, 0x40,
    0xf, 0xfe, 0x49, 0x80, 0x7f, 0xf0, 0xf, 0xff,
    0xf2, 0x80, 0x7f, 0xff, 0xc0, 0x3f, 0xff, 0xe0,
    0x1f, 0xfc, 0xf4, 0xff, 0xfc, 0x0, 0x3f, 0xff,
    0xeb, 0x0, 0xff, 0xe5, 0x33, 0x7f, 0xf2, 0x74,

    /* U+4E0D "不" */
    0xd, 0xff, 0xff, 0xe3, 0x80, 0xc, 0x3, 0xff,
    0x93, 0x2e, 0xff, 0x94, 0x0, 0x8e, 0xff, 0x0,
    0x1e, 0x23, 0xf3, 0x0, 0x2a, 0x23, 0xe0, 0xf,
    0xf3, 0x98, 0x40, 0x80, 0x7f, 0xf1, 0xa, 0x0,
    0x6, 0x1, 0xff, 0xc4, 0x1f, 0x0, 0xff, 0xe4,
    0x51, 0x0, 0x74, 0x0, 0x7f, 0xf0, 0x65, 0x0,
    0x80, 0x2a, 0x7c, 0x10, 0xf, 0xf5, 0x30, 0x24,
    0x80, 0x46, 0x7, 0xe4, 0x1, 0xfa, 0x94, 0xe,
    0xc0, 0x34, 0xc0, 0xe, 0xa0, 0x7, 0xd, 0xa8,
    0x1e, 0x80, 0x79, 0xe4, 0x1, 0x6a, 0x1, 0x1f,
    0xa0, 0x1e, 0x88, 0x7, 0xcd, 0x40, 0xa, 0x70,
    0x5c, 0x10, 0x4c, 0x10, 0xf, 0xe5, 0xa0, 0x4,
    0x33, 0x80, 0x16, 0xc0, 0x3f, 0xf8, 0xb, 0x40,
    0x2e, 0x53, 0x14, 0x1, 0xff, 0xc2, 0x5a, 0xc1,
    0x6, 0x70, 0xf, 0xfe, 0x22, 0x90, 0x7, 0xff,
    0xfc, 0x3, 0xff, 0x84,

    /* U+4E0E "与" */
    0x0, 0xdf, 0xe9, 0x0, 0xff, 0xe2, 0x88, 0x3,
    0x80, 0x3f, 0xf8, 0xa4, 0x0, 0xe4, 0x4f, 0xfe,
    0x9, 0x0, 0x4e, 0x0, 0x6b, 0xbf, 0xfe, 0xc,
    0x0, 0x42, 0x1, 0xff, 0xc8, 0x30, 0x6, 0x7f,
    0xff, 0xf0, 0x68, 0x2, 0x10, 0x0, 0x80, 0x7f,
    0xf1, 0x78, 0x0, 0x40, 0x1f, 0xfc, 0x53, 0x0,
    0x7f, 0xff, 0xf0, 0x74, 0x3, 0x8, 0x7, 0xff,
    0xc, 0x40, 0x37, 0x44, 0x7f, 0xf0, 0x44, 0x1c,
    0x3, 0x2b, 0xbf, 0xff, 0x4, 0x3, 0xff, 0x92,
    0x20, 0x20, 0xcd, 0xff, 0xc3, 0x30, 0x8, 0xc2,
    0x26, 0x7f, 0xf8, 0x48, 0x20, 0x1, 0x0, 0xff,
    0xe2, 0x98, 0x3, 0xc3, 0xbf, 0xff, 0xf8, 0x4e,
    0x20, 0x1, 0x0, 0xff, 0xe2, 0xa8, 0x0, 0xc0,
    0x3f, 0xe7, 0x7e, 0x99, 0x0, 0x1c, 0x3, 0xfe,
    0xa8, 0x8c, 0xc0, 0x3, 0x20, 0xf, 0xf9, 0xc0,
    0x38, 0x9b, 0x40, 0x0,

    /* U+4E2A "个" */
    0x0, 0xff, 0xa, 0x18, 0x7, 0xff, 0x22, 0xaf,
    0x10, 0x3, 0xff, 0x8c, 0xc8, 0x0, 0xa1, 0x0,
    0xff, 0xe2, 0x1c, 0x80, 0x43, 0x40, 0x1f, 0xfc,
    0x32, 0xd0, 0x6, 0x28, 0x25, 0x0, 0x7f, 0xf0,
    0x47, 0x4, 0x24, 0xe8, 0x81, 0x64, 0x3, 0xfe,
    0x2c, 0x10, 0x66, 0x0, 0x3c, 0x41, 0xa4, 0x3,
    0xf8, 0xf0, 0x81, 0xa4, 0x2, 0x2c, 0x10, 0x6b,
    0x0, 0xf9, 0xb0, 0x41, 0x64, 0x0, 0x22, 0x2,
    0xd1, 0x4, 0xc2, 0x0, 0x86, 0xe4, 0x0, 0xf4,
    0x0, 0x8e, 0xe0, 0x81, 0xe1, 0x1, 0xeb, 0x0,
    0x3d, 0x0, 0x13, 0x0, 0x1f, 0xc5, 0x86, 0x0,
    0x97, 0x6, 0x1, 0xc6, 0x0, 0xff, 0x87, 0x1c,
    0x0, 0xa1, 0x2d, 0xe6, 0x1, 0xff, 0xc2, 0x8b,
    0x82, 0x1, 0x91, 0x0, 0xff, 0xe2, 0x23, 0x80,
    0x7f, 0xff, 0xc0, 0x3f, 0xff, 0xe0, 0x1f, 0xfe,
    0xe0,

    /* U+4E2D "中" */
    0x0, 0xff, 0xe8, 0x3f, 0xf8, 0x40, 0x3f, 0xff,
    0xb, 0xff, 0xf4, 0x0, 0x3b, 0xff, 0xe5, 0x0,
    0xff, 0xe5, 0xc4, 0x72, 0x0, 0x22, 0x3c, 0x1,
    0xe6, 0x77, 0xd8, 0x0, 0x67, 0x7c, 0xc0, 0x1f,
    0xff, 0xf0, 0xf, 0xfb, 0xbf, 0xf4, 0x0, 0x3b,
    0xff, 0x70, 0x7, 0xff, 0x2d, 0xe6, 0x7e, 0x50,
    0x4, 0x4c, 0xfc, 0xe4, 0xcd, 0xf6, 0x80, 0x19,
    0xbf, 0x10, 0x7, 0xff, 0xfc, 0x3, 0xff, 0xc2,

    /* U+4E5F "也" */
    0x0, 0xff, 0x8, 0x80, 0x3f, 0xf8, 0xe7, 0xdc,
    0x20, 0xf, 0xfe, 0xb5, 0xe3, 0x0, 0x7f, 0xf1,
    0xd4, 0xf8, 0x3, 0xfe, 0x37, 0x60, 0xf, 0xfe,
    0x1a, 0x46, 0x7e, 0x47, 0x0, 0x7f, 0xca, 0x0,
    0xdb, 0x73, 0x0, 0xbc, 0x3, 0xe3, 0x8c, 0xf9,
    0x0, 0xc2, 0xb2, 0x0, 0x10, 0x0, 0xa4, 0x8,
    0x23, 0x98, 0x6, 0x8d, 0xea, 0x60, 0xe, 0xcb,
    0x70, 0x8, 0x56, 0x68, 0x0, 0xa4, 0x1, 0xc6,
    0x0, 0x70, 0x10, 0x3, 0x75, 0x33, 0x0, 0x3c,
    0x20, 0x1, 0x0, 0x46, 0xf0, 0x80, 0x80, 0x7f,
    0x8c, 0x0, 0xe0, 0x2, 0x20, 0x7, 0xff, 0x9,
    0x80, 0x2, 0x1, 0xff, 0xc3, 0x89, 0xaa, 0x0,
    0x8, 0x3, 0xff, 0x86, 0x6c, 0xa2, 0x8, 0x1,
    0xff, 0xc4, 0xe4, 0x55, 0x45, 0x31, 0x80, 0x7f,
    0xf0, 0x96, 0xea, 0x8e, 0x33, 0x8c, 0x1, 0xff,
    0xc9, 0x30, 0xe, 0x20, 0x8, 0xff, 0xc4, 0x1,
    0xc2, 0x0, 0x60, 0x8, 0x81, 0x61, 0x57, 0xfe,
    0xb0, 0x0, 0x80, 0x54, 0x0, 0x7a, 0xaf, 0xf9,
    0x40, 0x48, 0x2, 0x68, 0x20, 0xf, 0xfe, 0x9,
    0xd0, 0x0,

    /* U+4E8B "事" */
    0x0, 0xfe, 0x2f, 0xf0, 0x80, 0x7f, 0xf1, 0x84,
    0x3, 0xff, 0x80, 0xd9, 0x9f, 0xbc, 0x1, 0xb9,
    0x9f, 0x8f, 0x8c, 0xff, 0x80, 0x6, 0x7f, 0xc1,
    0x1f, 0xff, 0xb0, 0x1, 0xdf, 0xff, 0x8c, 0x0,
    0x73, 0x3f, 0x0, 0x2e, 0x67, 0xc2, 0x1, 0x99,
    0xbe, 0x50, 0x2, 0xb3, 0x78, 0xc0, 0x3c, 0x7f,
    0xfb, 0x0, 0x1d, 0xff, 0x70, 0x7, 0xf1, 0xff,
    0xec, 0x0, 0x77, 0xfd, 0xc0, 0x1f, 0x33, 0xbf,
    0x94, 0x0, 0xce, 0xfe, 0x30, 0xc, 0x71, 0x1e,
    0x90, 0x5, 0xc4, 0x78, 0x40, 0x23, 0xff, 0xfb,
    0x0, 0x1b, 0xff, 0xea, 0x0, 0x85, 0x9b, 0xe5,
    0x0, 0x2b, 0x36, 0x20, 0xe, 0x29, 0x9f, 0xc0,
    0xb, 0x99, 0xca, 0x1, 0xbb, 0xff, 0xf6, 0x0,
    0x3b, 0xff, 0x38, 0x2f, 0xc3, 0xaa, 0xfe, 0x40,
    0x2, 0xaf, 0x10, 0xa, 0xec, 0xd5, 0x7e, 0x80,
    0x5, 0xd5, 0x65, 0x4, 0xa5, 0x7, 0xff, 0xfb,
    0x0, 0x1d, 0xff, 0x9c, 0x3, 0x8d, 0x57, 0xe4,
    0x0, 0x2a, 0xfd, 0x80, 0x12, 0x55, 0x7d, 0xa0,
    0xb, 0xaa, 0xf3, 0x0, 0x7c, 0xdf, 0xf4, 0x80,
    0x88, 0x3, 0xff, 0x84, 0x80, 0x18, 0xe8, 0x3,
    0xfc,

    /* U+4EA4 "交" */
    0x0, 0xfe, 0x14, 0x50, 0xf, 0xfe, 0x3d, 0xda,
    0x84, 0x3, 0xff, 0x8d, 0xc0, 0x7, 0x0, 0xfe,
    0x17, 0x7f, 0xc6, 0x0, 0xa7, 0x7f, 0xc2, 0x71,
    0x1f, 0xc0, 0x3, 0x88, 0xfc, 0x60, 0x1f, 0xfc,
    0xa2, 0xff, 0xf4, 0x7f, 0xf6, 0xc7, 0xff, 0x88,
    0x3, 0xd9, 0x14, 0x1, 0xbe, 0x30, 0x40, 0x3f,
    0x87, 0xc, 0x8, 0x3, 0x20, 0x1f, 0xa0, 0x7,
    0xc5, 0x86, 0xf, 0x0, 0x1a, 0x68, 0x6, 0xe0,
    0x3, 0x97, 0x48, 0x22, 0x0, 0x1e, 0x5c, 0x10,
    0x7b, 0x10, 0x4, 0xd0, 0x2, 0x4b, 0x0, 0x38,
    0xb5, 0x7c, 0xc1, 0x30, 0x0, 0x60, 0x38, 0x94,
    0x70, 0x1, 0xa4, 0xa4, 0x31, 0x82, 0x80, 0x16,
    0xbe, 0x64, 0xc0, 0xe6, 0x0, 0x54, 0x8, 0x10,
    0x9a, 0x70, 0x0, 0xd0, 0x80, 0x24, 0x83, 0x44,
    0xa8, 0x9, 0xc0, 0x25, 0x0, 0xfe, 0xe0, 0x1c,
    0xf0, 0x7, 0x80, 0x7f, 0xf0, 0x8e, 0x80, 0x88,
    0x14, 0x40, 0x1f, 0xfc, 0x3d, 0x0, 0xd8, 0x20,
    0x1f, 0xfc, 0x1, 0x8e, 0x70, 0x11, 0x3, 0x74,
    0x90, 0x7, 0xc2, 0xb7, 0xce, 0x20, 0xdf, 0xe6,
    0x0, 0x36, 0xea, 0xc, 0x0, 0xb9, 0xd4, 0x80,
    0x5, 0xd9, 0x11, 0x4e, 0xa8, 0x0, 0x9f, 0x3d,
    0x84, 0xc0, 0x2, 0xfb, 0x44, 0x1, 0x8a, 0xba,
    0x8, 0x2, 0x44, 0x9b, 0x3a, 0x8, 0x3, 0xf0,
    0xbe, 0xea, 0x18, 0x80,

    /* U+4EC5 "仅" */
    0x0, 0xc2, 0xa0, 0x1f, 0xfc, 0x86, 0xaf, 0x0,
    0xff, 0xe3, 0xd8, 0x20, 0x77, 0xff, 0xfc, 0xa0,
    0x18, 0x8c, 0x34, 0x4, 0x3, 0xff, 0x89, 0x60,
    0x6, 0x1, 0x2, 0x88, 0xf3, 0x0, 0x4, 0x3,
    0x30, 0x30, 0x1, 0x40, 0xe, 0xfe, 0xe0, 0x2,
    0x80, 0x4c, 0x0, 0xf0, 0x6, 0x1, 0x8, 0x7,
    0x68, 0x10, 0x80, 0x50, 0x1, 0xc8, 0x0, 0x70,
    0xe, 0x40, 0x40, 0x9, 0x84, 0x3, 0x8c, 0x43,
    0x40, 0x32, 0x8, 0x68, 0x0, 0x60, 0x3, 0xe6,
    0x4, 0x10, 0xb, 0x80, 0x50, 0x1, 0x62, 0x1,
    0xf5, 0x80, 0x24, 0x0, 0x4a, 0xe, 0x1, 0x30,
    0x30, 0x7, 0x8c, 0xc0, 0xc0, 0xb, 0x0, 0x58,
    0x4, 0xa3, 0x20, 0x1f, 0x48, 0xc, 0x1b, 0x2,
    0x90, 0x5, 0x9a, 0x1, 0xf9, 0x4c, 0x1f, 0x80,
    0x10, 0x1, 0x94, 0xc0, 0x3f, 0xbc, 0x0, 0x41,
    0x4, 0x1, 0xff, 0xc3, 0x34, 0x0, 0xb, 0x80,
    0x7f, 0xf1, 0x21, 0x0, 0x3, 0x40, 0x1f, 0xfc,
    0x39, 0x70, 0x1, 0x2, 0xd8, 0x7, 0xff, 0x0,
    0x71, 0x80, 0x19, 0x82, 0x4, 0xd2, 0x0, 0xfe,
    0x4f, 0x30, 0x1c, 0x31, 0xc2, 0x2, 0xd6, 0x0,
    0xfa, 0xac, 0x40, 0xfc, 0xc0, 0x3, 0xa8, 0x0,
    0x99, 0x0, 0x7f, 0x36, 0x8, 0x7, 0x5b, 0x80,
    0x34, 0x3, 0xd4, 0x77, 0x20, 0x1f, 0xa2, 0xd9,
    0x0, 0x2f, 0xf3, 0x6, 0x20, 0x7, 0xf9, 0x24,
    0x0,

    /* U+4ECD "仍" */
    0x0, 0xc2, 0x20, 0xf, 0xfe, 0x3c, 0x75, 0x80,
    0x7f, 0xf1, 0x9c, 0xa, 0x7f, 0xff, 0xe1, 0x0,
    0xc6, 0x21, 0xa6, 0x1, 0xff, 0xc4, 0xa0, 0x14,
    0x9a, 0x50, 0x5, 0x56, 0x60, 0x0, 0x80, 0x66,
    0x7, 0x3, 0x5d, 0x0, 0x2a, 0xe3, 0x5, 0x0,
    0xce, 0x0, 0xd0, 0xe, 0x10, 0xc, 0xa1, 0xe0,
    0x1a, 0x40, 0xe, 0x1, 0x78, 0x7, 0x20, 0x1,
    0x40, 0x27, 0x10, 0xf, 0xfe, 0x6, 0x82, 0x0,
    0x43, 0x0, 0x1f, 0x8, 0x18, 0x4, 0x40, 0x9f,
    0xea, 0xb0, 0xf, 0xf0, 0x80, 0x4e, 0x1, 0xcc,
    0xe, 0x1, 0xe2, 0x7, 0x0, 0xbe, 0xec, 0x80,
    0x68, 0x72, 0x1, 0xe7, 0x1, 0x0, 0x8d, 0x10,
    0x20, 0xb, 0xe0, 0xf, 0x88, 0x8, 0x3, 0xc2,
    0x2, 0x64, 0x1, 0xe1, 0x10, 0x70, 0x7, 0x9c,
    0x3c, 0x3, 0xf2, 0x0, 0x14, 0x3, 0xc2, 0x2,
    0x1, 0xfb, 0xc0, 0x6, 0x1, 0xe3, 0x0, 0xfe,
    0x25, 0x5, 0x0, 0xf8, 0x40, 0xc0, 0x3e, 0x80,
    0x7, 0x80, 0x78, 0x40, 0x2, 0x1, 0xe4, 0x50,
    0x25, 0x0, 0x1a, 0x25, 0x60, 0x6, 0x0, 0xe6,
    0xa0, 0x4, 0x80, 0x53, 0x77, 0x28, 0x9, 0x0,
    0x7e, 0x64, 0x0, 0xb4, 0x3, 0x1e, 0x80, 0x79,
    0xa8, 0xe4, 0x3, 0x3f, 0xfe, 0xc3, 0x0, 0x87,
    0xfc, 0x69, 0x80, 0x1f, 0xfc, 0x10,

    /* U+4ECE "从" */
    0x0, 0xff, 0xe1, 0x8, 0x7, 0xfc, 0x3f, 0xe6,
    0x0, 0xea, 0xec, 0x0, 0xff, 0xe0, 0x98, 0x7,
    0xff, 0x18, 0xc0, 0x3f, 0xf9, 0x82, 0x1, 0xff,
    0xc6, 0x10, 0x3, 0x80, 0x70, 0x80, 0x7f, 0xf0,
    0xc4, 0x3, 0xe2, 0x0, 0xff, 0x38, 0x7, 0xe7,
    0x1, 0x0, 0xff, 0x10, 0x2, 0x40, 0x38, 0x80,
    0x4, 0x1, 0xfc, 0x20, 0x4, 0x90, 0xc, 0x20,
    0x6, 0x0, 0xfe, 0xd0, 0x9, 0x9c, 0x0, 0x60,
    0x11, 0x80, 0x7f, 0x30, 0x21, 0x84, 0x28, 0x20,
    0x5, 0x80, 0x1f, 0xc6, 0x19, 0xa2, 0x14, 0x58,
    0x1, 0x20, 0x80, 0x7c, 0x80, 0x3, 0x1d, 0x1,
    0x4, 0x8, 0x10, 0x70, 0xf, 0xb4, 0x0, 0x80,
    0x73, 0xb4, 0x0, 0x64, 0xa, 0x0, 0xf9, 0xc1,
    0x0, 0x26, 0x36, 0x4, 0x1e, 0x3, 0x40, 0xe,
    0x61, 0xd, 0x0, 0xd0, 0x21, 0x0, 0x84, 0x12,
    0x1, 0xd6, 0x2, 0xc0, 0x11, 0xb8, 0x19, 0x80,
    0x16, 0x4, 0xe0, 0x13, 0x10, 0x30, 0x6, 0xe0,
    0x7, 0x0, 0x4c, 0x41, 0x6, 0x3, 0x0, 0x9,
    0x0, 0xac, 0x82, 0x8, 0x3, 0x70, 0x3, 0x4a,
    0x4, 0x20, 0x40, 0x12, 0x80, 0x6e, 0x1, 0xc6,
    0xe0, 0x3d, 0x66, 0x2e, 0x1, 0x8, 0xe, 0x80,
    0x7d, 0x8, 0x1e, 0x59, 0x80, 0xd, 0x10, 0xd1,
    0x0, 0xfd, 0x52, 0x60,

    /* U+4EE4 "令" */
    0x0, 0xfe, 0x17, 0x70, 0x80, 0x7f, 0xf1, 0xb6,
    0x21, 0x40, 0x1f, 0xfc, 0x59, 0x30, 0x2, 0x40,
    0x7, 0xff, 0xe, 0x18, 0x11, 0x0, 0xec, 0x1,
    0xff, 0xc1, 0x97, 0x3, 0xba, 0x20, 0x97, 0x0,
    0xff, 0xa9, 0x80, 0xb4, 0x7, 0xc4, 0x22, 0x40,
    0x3f, 0x1e, 0xa8, 0x1e, 0x1b, 0x1, 0x61, 0x3,
    0x69, 0x0, 0x61, 0x8c, 0x20, 0x5c, 0x2d, 0x95,
    0x2, 0xc3, 0x2, 0xd8, 0x0, 0x37, 0xb8, 0x2,
    0x68, 0xc, 0xc1, 0x46, 0x3, 0x8e, 0x0, 0x7e,
    0x6c, 0x10, 0x3d, 0x60, 0xb, 0x44, 0x34, 0x40,
    0x11, 0x62, 0x3, 0xd6, 0x35, 0x84, 0x1, 0x87,
    0x41, 0xc4, 0x2, 0x4e, 0x71, 0x91, 0xe6, 0x77,
    0xf9, 0x17, 0x9d, 0xfd, 0x1c, 0x20, 0x4, 0x88,
    0xfc, 0xb1, 0x1f, 0x0, 0x70, 0x80, 0x7f, 0xf2,
    0x5b, 0xff, 0xfe, 0xe2, 0x0, 0x38, 0x7, 0xe7,
    0x50, 0xf, 0x17, 0x90, 0x3c, 0x0, 0x7c, 0x51,
    0x5a, 0x80, 0x12, 0x60, 0x84, 0x40, 0x3, 0xf3,
    0x8, 0x15, 0xe1, 0xad, 0x88, 0x4b, 0x80, 0x7f,
    0x27, 0x40, 0x81, 0xe5, 0x0, 0x2d, 0x80, 0x3f,
    0xf8, 0xf, 0xee, 0x1, 0x8d, 0x40, 0x3f, 0xf8,
    0x43, 0x1c, 0xa0, 0x3, 0xe8, 0x0, 0xff, 0xe1,
    0x8d, 0x62, 0x0, 0x14, 0x3, 0xff, 0x8a, 0x77,
    0x45, 0x0, 0x1f, 0xfc, 0x75, 0xd5, 0x0, 0xf0,

    /* U+4EF6 "件" */
    0x0, 0xff, 0xe0, 0x8a, 0x20, 0x40, 0x3f, 0x9f,
    0xa8, 0x3, 0xcb, 0x76, 0x50, 0xf, 0xeb, 0x16,
    0x0, 0x44, 0xa0, 0x7, 0xff, 0x4, 0x4c, 0x2c,
    0x0, 0xad, 0xa0, 0x1f, 0xfc, 0x16, 0x0, 0x28,
    0x11, 0x3, 0x40, 0x3f, 0xf8, 0x32, 0x8, 0x40,
    0xa0, 0x2, 0x6c, 0x0, 0x63, 0x36, 0x0, 0x94,
    0x43, 0x80, 0x16, 0x0, 0x99, 0x38, 0x1, 0xe6,
    0x71, 0x0, 0x24, 0x0, 0x20, 0x46, 0x1, 0xff,
    0xc0, 0x30, 0x43, 0x0, 0xd4, 0x0, 0xdf, 0xf5,
    0x80, 0x2f, 0xff, 0x8, 0x48, 0x7, 0x30, 0x19,
    0x0, 0x7f, 0xce, 0x40, 0x19, 0x4, 0x28, 0x3,
    0xff, 0x81, 0x40, 0x60, 0x12, 0x74, 0x38, 0x7,
    0xff, 0x1, 0xc3, 0x80, 0x30, 0xb8, 0x80, 0x7f,
    0xf0, 0x32, 0x8c, 0x2, 0x2f, 0xff, 0x58, 0x2,
    0xff, 0xf7, 0x32, 0x80, 0x61, 0x0, 0xff, 0xe4,
    0x95, 0x57, 0x9c, 0x0, 0xf5, 0x5a, 0xc0, 0x3c,
    0x2a, 0xbe, 0xc0, 0x6, 0x2a, 0xf0, 0x7, 0xff,
    0xfc, 0x3, 0xff, 0xde, 0x3f, 0xe4, 0x0, 0xf9,
    0x3f, 0xc8, 0x1, 0xc0,

    /* U+4EFB "任" */
    0x0, 0xe1, 0x0, 0xff, 0xe4, 0x17, 0x61, 0x0,
    0x7f, 0x89, 0x88, 0x3, 0xa8, 0x8, 0x80, 0x24,
    0x6a, 0xf3, 0x7b, 0xfb, 0x34, 0x1, 0xcc, 0xe,
    0x5f, 0xdb, 0x95, 0xc, 0x84, 0x1, 0x18, 0x6,
    0x51, 0xa, 0x30, 0xf, 0x89, 0xa6, 0xfa, 0xc0,
    0x34, 0x81, 0x98, 0x66, 0xf3, 0x7c, 0x0, 0xb2,
    0xc8, 0x20, 0x18, 0xcc, 0x16, 0x0, 0x64, 0x32,
    0x0, 0xff, 0xe0, 0x40, 0x7, 0xff, 0x20, 0xd0,
    0x3, 0xff, 0x91, 0xe0, 0x1f, 0xfc, 0x86, 0x30,
    0xe, 0x77, 0xf0, 0x1, 0x1d, 0xf9, 0x2c, 0x10,
    0x40, 0x3, 0x11, 0xe0, 0x1, 0xc4, 0x76, 0x20,
    0xd0, 0x6, 0x11, 0xf0, 0x4, 0x23, 0xdf, 0xb6,
    0x20, 0x10, 0xf7, 0x78, 0x0, 0xfd, 0xdc, 0xe8,
    0xa0, 0x1f, 0xff, 0xf0, 0xf, 0xfe, 0xe3, 0xff,
    0xf0, 0x1, 0xff, 0xf8, 0x3, 0xf7, 0x80, 0x7f,
    0xf2, 0x6e, 0x67, 0xff, 0x82, 0x0,

    /* U+4F11 "休" */
    0x0, 0xe2, 0xb7, 0x0, 0xe7, 0xff, 0x0, 0x7f,
    0xf0, 0x29, 0x24, 0x3, 0xff, 0x90, 0xa0, 0xc0,
    0x1f, 0xfc, 0x74, 0x20, 0x90, 0xf, 0xfe, 0x3c,
    0x2, 0x8f, 0xff, 0x40, 0x3, 0xff, 0xc2, 0x1,
    0x19, 0x83, 0x80, 0x3f, 0xf8, 0x66, 0x1, 0x78,
    0x1, 0xc1, 0xdf, 0x80, 0x24, 0x77, 0xe3, 0x0,
    0x29, 0x80, 0x68, 0x8d, 0xa0, 0x13, 0xc4, 0x70,
    0x80, 0x2c, 0x3, 0xfa, 0x40, 0x23, 0x30, 0x7,
    0xa4, 0x40, 0x3f, 0x19, 0x80, 0x34, 0x80, 0x79,
    0xc1, 0xc0, 0x3e, 0x80, 0xe, 0x53, 0x0, 0xe4,
    0x39, 0x0, 0xf2, 0x20, 0x14, 0x0, 0xc1, 0xe0,
    0x1d, 0xfc, 0x20, 0x1e, 0x90, 0x4d, 0x0, 0x40,
    0x1b, 0x0, 0x65, 0x20, 0xf, 0x49, 0x4, 0x80,
    0x42, 0xe1, 0x24, 0x1, 0xfe, 0x46, 0x6, 0x20,
    0xd, 0x2, 0x1e, 0x1, 0xfc, 0x54, 0x3, 0x20,
    0x1e, 0xa0, 0x2c, 0x0, 0xf9, 0xbc, 0x42, 0x80,
    0x3e, 0x47, 0x3, 0xa0, 0xf, 0x8c, 0x1d, 0x0,
    0x3f, 0x42, 0x6, 0x0, 0x79, 0xb5, 0x20, 0x3,
    0xfd, 0x4e, 0xc0, 0x1f, 0x1d, 0x80, 0x7f, 0xc3,
    0x0, 0x1f, 0xfd, 0x1, 0x10, 0x7, 0xff, 0x14,

    /* U+4F1A "会" */
    0x0, 0xfe, 0x17, 0x82, 0x0, 0xff, 0xe3, 0x54,
    0x3f, 0x88, 0x7, 0xff, 0x12, 0x50, 0x0, 0x5a,
    0x1, 0xff, 0xc3, 0xa6, 0x7, 0x90, 0x3c, 0x10,
    0xf, 0xf8, 0x6d, 0x41, 0x61, 0xa0, 0xf, 0x8,
    0x3, 0xf8, 0xfd, 0x1, 0xa8, 0x0, 0xf0, 0x5,
    0xac, 0x1, 0xf4, 0x60, 0x84, 0x48, 0x6, 0x7a,
    0x0, 0x4d, 0x88, 0x4, 0xbc, 0xe0, 0x36, 0xe0,
    0x1e, 0x5d, 0x20, 0x4e, 0x80, 0xaa, 0x8, 0x29,
    0xdf, 0xff, 0xed, 0x7, 0x0, 0x3d, 0xf8, 0x15,
    0xd0, 0x7, 0xfc, 0x71, 0x86, 0x1c, 0xb3, 0xa8,
    0x1f, 0x99, 0xfe, 0xd0, 0x3c, 0xa5, 0x6, 0x0,
    0x88, 0xcf, 0xfe, 0x0, 0x94, 0x3, 0xff, 0x96,
    0x3f, 0xff, 0xfc, 0x82, 0x0, 0xff, 0xe5, 0xe,
    0x67, 0x58, 0x0, 0x6f, 0x32, 0x8a, 0xcc, 0xe2,
    0x3, 0x3c, 0x52, 0x0, 0xd4, 0x33, 0x24, 0x40,
    0x8c, 0xf0, 0x7, 0xe, 0x90, 0x59, 0x80, 0x48,
    0x5, 0xa0, 0x1f, 0x8b, 0xc, 0x29, 0x0, 0x31,
    0xd0, 0x1d, 0x80, 0x78, 0xf0, 0x80, 0x67, 0x37,
    0xbf, 0xea, 0x0, 0x25, 0x0, 0x78, 0x40, 0x2,
    0x66, 0x21, 0x0, 0xf9, 0x60, 0x3, 0x1a, 0x2b,
    0x31, 0xe2, 0x6a, 0x97, 0x9b, 0xdc, 0x40, 0xd0,
    0xe, 0xba, 0x99, 0x43, 0xb2, 0xa9, 0xc, 0x84,
    0x57, 0x65, 0x0, 0x0,

    /* U+4F20 "传" */
    0x0, 0xe1, 0x0, 0xf2, 0xa0, 0x80, 0x7f, 0xc7,
    0xdc, 0x10, 0x8, 0xea, 0xc8, 0x3, 0xfe, 0xa0,
    0x31, 0x0, 0x94, 0x0, 0x60, 0x1f, 0xf3, 0x82,
    0x89, 0x15, 0x80, 0x45, 0xf0, 0x80, 0x65, 0x10,
    0xab, 0xdd, 0x94, 0xb, 0x77, 0xd6, 0x1, 0xa4,
    0x10, 0x8c, 0x3, 0xff, 0x80, 0x60, 0x12, 0x18,
    0x70, 0x4f, 0xfa, 0xc0, 0x1b, 0xff, 0xe9, 0x0,
    0xa0, 0x0, 0x20, 0x1b, 0x40, 0x88, 0x1, 0xfc,
    0x86, 0x1, 0x67, 0x74, 0xc0, 0x5d, 0xdf, 0x98,
    0x24, 0x3, 0x10, 0x8c, 0x1, 0x8, 0xff, 0x41,
    0x0, 0x6a, 0xa9, 0x40, 0x15, 0x5f, 0xca, 0xa0,
    0x81, 0x0, 0x22, 0xa8, 0x41, 0x15, 0x7f, 0x89,
    0x49, 0xc0, 0x3c, 0x80, 0x64, 0x5f, 0x8, 0x2,
    0xf8, 0x3, 0xc4, 0x0, 0x7d, 0xdf, 0xc0, 0x3,
    0x30, 0x7, 0xff, 0x15, 0xc0, 0x3f, 0xc5, 0xff,
    0xf4, 0x80, 0x38, 0x3, 0xfc, 0xce, 0x1, 0xc5,
    0x20, 0xca, 0x1, 0xfe, 0x88, 0x7c, 0x8, 0x3,
    0x80, 0xa4, 0x3, 0xfe, 0x60, 0x3, 0xf4, 0xc8,
    0xc3, 0x80, 0x3f, 0xf8, 0x11, 0xf0, 0x20, 0xcc,
    0x6, 0x30, 0xf, 0xfe, 0x13, 0xf4, 0x90, 0x1,
    0xad, 0x0, 0x3f, 0xf8, 0x6d, 0xb4, 0x60, 0x96,
    0x80, 0x1f, 0xfc, 0x45, 0xcb, 0x31, 0x40, 0xe,
    0xef, 0x40, 0xf, 0xf2, 0x66, 0x0, 0x20,

    /* U+4F46 "但" */
    0x0, 0xf0, 0x80, 0x7f, 0xf2, 0x5f, 0xb4, 0x3,
    0xff, 0x91, 0x60, 0xe1, 0x7f, 0xff, 0xf3, 0x80,
    0x71, 0x18, 0x78, 0x7, 0xff, 0x1e, 0x80, 0xa,
    0x1, 0x25, 0x57, 0xc2, 0x1, 0xf3, 0x3, 0x0,
    0x63, 0x55, 0xf8, 0xc0, 0x3c, 0xa2, 0x14, 0x1,
    0xff, 0xc7, 0x80, 0x0, 0x80, 0x7f, 0xf1, 0x94,
    0x80, 0x3e, 0x7f, 0xff, 0x88, 0x3, 0xac, 0x3,
    0xff, 0x93, 0x2, 0x1, 0xf9, 0x6e, 0xfe, 0x10,
    0xc, 0xe0, 0x60, 0x1f, 0x12, 0x27, 0xc6, 0x1,
    0x90, 0x7c, 0x3, 0xff, 0x91, 0x94, 0x20, 0x1f,
    0xfc, 0x87, 0x40, 0xf, 0xcf, 0xff, 0xf1, 0x0,
    0x7f, 0xf5, 0xe2, 0xef, 0xfe, 0x50, 0xf, 0xf1,
    0xa2, 0x7f, 0xc4, 0x1, 0xff, 0xd3, 0x4e, 0xef,
    0xfe, 0x16, 0x0, 0x7e, 0x11, 0xff, 0xe1, 0x80,
    0x7c, 0xb3, 0x3f, 0xfc, 0x28, 0x0, 0xf8, 0x59,
    0xbf, 0xf8, 0x4a,

    /* U+4F4D "位" */
    0x0, 0xe1, 0x0, 0xf8, 0x48, 0x3, 0xfe, 0x7e,
    0xc0, 0xe, 0xae, 0xc0, 0xf, 0xfa, 0xc0, 0x3e,
    0xc0, 0x14, 0x0, 0xfe, 0x13, 0xa, 0x0, 0xe7,
    0x0, 0x60, 0x7, 0xf4, 0x80, 0x1d, 0x15, 0x72,
    0x8, 0x2a, 0xf8, 0x80, 0x26, 0x5, 0x19, 0xaa,
    0xe1, 0x2, 0xaa, 0xe5, 0x0, 0x28, 0x87, 0x80,
    0x80, 0x7f, 0xf1, 0x20, 0x0, 0x21, 0x9f, 0xff,
    0xfc, 0x17, 0x5, 0x20, 0xe, 0x38, 0x90, 0xf,
    0x3e, 0xb8, 0x5, 0x0, 0x1e, 0x57, 0x60, 0xf,
    0x61, 0x58, 0x2, 0x8, 0x3, 0xce, 0x0, 0x50,
    0xe, 0x40, 0xb0, 0x2, 0x82, 0x80, 0x70, 0x98,
    0x60, 0x6, 0x30, 0x2, 0x0, 0x14, 0x6c, 0x3,
    0xc8, 0xe, 0x1, 0xac, 0x4, 0xc0, 0x17, 0x42,
    0x1, 0xeb, 0x1, 0x20, 0x9, 0x1, 0xc0, 0x23,
    0x40, 0xf, 0x8c, 0x41, 0x40, 0x2, 0x61, 0xa0,
    0x1f, 0xfc, 0x14, 0xc, 0x0, 0x38, 0x1, 0x0,
    0x3f, 0xf8, 0x38, 0x8, 0x0, 0xc0, 0x50, 0xf,
    0xfe, 0x12, 0x2, 0x8, 0x28, 0x78, 0x7, 0xff,
    0x8, 0xbe, 0xc5, 0x0, 0xa, 0x1, 0xfe, 0x15,
    0x5f, 0xbc, 0x9, 0x57, 0x20, 0x7, 0x96, 0xab,
    0xe4, 0x2, 0xaa, 0xe0, 0xf, 0x38, 0x8f, 0xff,
    0x8, 0xc0,

    /* U+4F4E "低" */
    0x0, 0xc4, 0x80, 0x1f, 0xfc, 0x8a, 0xbe, 0x0,
    0xfe, 0x24, 0x7a, 0x30, 0xe, 0x50, 0x41, 0x45,
    0x68, 0xab, 0xdf, 0xdb, 0x85, 0xb0, 0xc, 0x64,
    0x1c, 0xf7, 0x52, 0xea, 0x84, 0x1, 0x8f, 0x80,
    0x34, 0x80, 0xa0, 0x6, 0x13, 0x50, 0x4, 0xf7,
    0xe3, 0x0, 0x42, 0xa0, 0xc0, 0x10, 0xff, 0x65,
    0x0, 0x8, 0x40, 0x3c, 0xc0, 0xb, 0x0, 0xff,
    0xe3, 0x48, 0x0, 0x40, 0x3f, 0x8, 0x8, 0x7,
    0xa0, 0x40, 0x3f, 0xe3, 0x3, 0x0, 0xe1, 0x70,
    0xf, 0x87, 0xff, 0x10, 0x4f, 0xfe, 0x7a, 0x1,
    0x0, 0xff, 0xe3, 0x7b, 0x85, 0x80, 0x7d, 0x33,
    0x90, 0xa, 0x67, 0x5d, 0x99, 0x0, 0x3c, 0x2c,
    0xdb, 0x0, 0xc, 0xd8, 0xd6, 0x40, 0x3f, 0xf8,
    0x4, 0x4, 0x1, 0xc4, 0x1, 0xff, 0xc1, 0x70,
    0x1, 0x0, 0x7f, 0xf1, 0x88, 0x0, 0xe0, 0x1f,
    0xfc, 0x74, 0xc, 0x2, 0xf8, 0x0, 0xff, 0x9,
    0x94, 0xa6, 0x3, 0x83, 0x81, 0x0, 0x7f, 0xf,
    0xc3, 0xb4, 0x28, 0xb, 0x60, 0x68, 0x7, 0xd8,
    0x0, 0x16, 0x51, 0x31, 0x40, 0x96, 0x4, 0x0,
    0xf9, 0x80, 0x63, 0x41, 0x82, 0x64, 0x1, 0x9,
    0x80, 0x7d, 0x31, 0xce, 0x0, 0x90, 0x72, 0xb1,
    0x15, 0x0, 0x7e, 0x57, 0x0, 0xc3, 0x5a, 0x9,
    0xdc, 0x40,

    /* U+4F4F "住" */
    0x0, 0xff, 0xe0, 0xb3, 0x0, 0x3f, 0xe7, 0xfa,
    0x0, 0xe8, 0x99, 0x8, 0x7, 0xfa, 0xc1, 0x80,
    0x3a, 0x40, 0x10, 0x1, 0xfc, 0x46, 0x14, 0x1,
    0xc2, 0xe0, 0xc4, 0x1, 0xfa, 0x80, 0xe, 0x6a,
    0xbd, 0xc3, 0xe, 0xab, 0x84, 0x2, 0x60, 0x51,
    0x9a, 0xae, 0x91, 0x8a, 0xae, 0x70, 0x3, 0x8,
    0x60, 0x18, 0x7, 0xff, 0x12, 0xc0, 0x34, 0xff,
    0xf1, 0x3, 0x7f, 0xf3, 0x3, 0x10, 0x7, 0xff,
    0x22, 0x0, 0x3f, 0xf9, 0x12, 0x20, 0x1f, 0xfc,
    0x85, 0x5, 0x10, 0xc, 0xcd, 0xc6, 0xa, 0xcd,
    0x8c, 0x10, 0x6c, 0x3, 0xa6, 0x78, 0x40, 0xe6,
    0x78, 0x2e, 0x84, 0x3, 0xff, 0x8a, 0x60, 0x68,
    0x1, 0xef, 0xfe, 0x20, 0x6f, 0xfd, 0x20, 0x1f,
    0xff, 0xf0, 0xf, 0xfe, 0x4a, 0xaf, 0x8c, 0x9,
    0x57, 0xc0, 0x1e, 0x2a, 0xaf, 0x8, 0x25, 0x57,
    0x58, 0x7, 0xc2, 0x3f, 0xfc, 0x23, 0x0, 0xf1,
    0x77, 0x7f, 0xf0, 0xb4,

    /* U+4F53 "体" */
    0x0, 0xff, 0xe1, 0x8, 0x7, 0xff, 0x6, 0x32,
    0x40, 0x3a, 0xba, 0x80, 0x3f, 0xf8, 0xc, 0x60,
    0x1f, 0xfc, 0x83, 0x10, 0xd0, 0xf, 0xfe, 0x3d,
    0x0, 0xaa, 0x27, 0x30, 0xa, 0x27, 0x18, 0x7,
    0x30, 0x32, 0xdd, 0xf1, 0x82, 0x5d, 0xf6, 0x80,
    0x66, 0x0, 0x50, 0x7, 0xff, 0x1e, 0xc0, 0x4,
    0x9f, 0xf8, 0x80, 0x22, 0xff, 0xdc, 0x1, 0x29,
    0x0, 0x7c, 0xa4, 0x1, 0x12, 0x80, 0x7d, 0x0,
    0x1f, 0xa4, 0x3, 0xa4, 0x3, 0xce, 0x40, 0x1f,
    0x29, 0x8a, 0x2, 0x89, 0xb0, 0x7, 0x48, 0x18,
    0x7, 0xac, 0x24, 0x40, 0x12, 0x10, 0x20, 0x19,
    0x47, 0xc0, 0x3a, 0x4, 0x4e, 0x1, 0x30, 0x8a,
    0xc0, 0x37, 0x50, 0x7, 0x23, 0x84, 0x0, 0x61,
    0x80, 0x56, 0x0, 0x95, 0x0, 0x30, 0xd0, 0x13,
    0x0, 0x73, 0x10, 0x49, 0x80, 0x7c, 0x38, 0x21,
    0xe0, 0x1f, 0x70, 0x3, 0x48, 0x3, 0xda, 0x40,
    0xec, 0x88, 0x60, 0x14, 0x43, 0xc0, 0xc, 0x80,
    0x7a, 0xc1, 0x6a, 0xee, 0x30, 0x4b, 0xb9, 0xd4,
    0x38, 0x3, 0xce, 0xea, 0x0, 0xff, 0xa9, 0xd4,
    0x3, 0xe8, 0x2, 0xff, 0x94, 0x17, 0xfe, 0x0,
    0x40, 0x7, 0xff, 0x98, 0x46, 0x0, 0xff, 0xe2,
    0x80,

    /* U+4FA7 "侧" */
    0x0, 0xcc, 0xc1, 0x0, 0xff, 0xe0, 0xc, 0x30,
    0x6, 0x89, 0x50, 0xf, 0xfe, 0x1, 0x3e, 0x80,
    0x44, 0x20, 0xbf, 0xff, 0x68, 0x8, 0x80, 0x3e,
    0x50, 0x40, 0xf, 0xf6, 0xf0, 0x7, 0xd6, 0x18,
    0x0, 0x3b, 0xbc, 0x1, 0xff, 0x9, 0x82, 0x0,
    0x19, 0x38, 0xd0, 0x3, 0xfe, 0x60, 0x1, 0x0,
    0x42, 0xb8, 0x1, 0xff, 0xc0, 0xa0, 0xf, 0xfe,
    0x42, 0x10, 0x7, 0xff, 0x22, 0x0, 0x3f, 0xf9,
    0x26, 0x1, 0xff, 0xc9, 0x25, 0x20, 0xf, 0xfe,
    0x3a, 0x40, 0x7, 0xff, 0x22, 0x8, 0x3, 0xc6,
    0x2, 0x1, 0xff, 0x8, 0x7, 0xc2, 0x6, 0x1,
    0xff, 0xc7, 0x50, 0x10, 0xf, 0xfe, 0x20, 0xdc,
    0x68, 0x3a, 0x67, 0x0, 0x7f, 0xf0, 0x91, 0x90,
    0x1, 0x6c, 0x61, 0x9e, 0x1, 0xff, 0x15, 0x3,
    0xc0, 0x53, 0x0, 0x7f, 0xf0, 0x53, 0x4, 0xa1,
    0xd8, 0x25, 0x44, 0x45, 0x60, 0x1f, 0x25, 0x88,
    0x70, 0x2, 0x54, 0x9e, 0x7b, 0x5c, 0x8, 0x3,
    0x90, 0x87, 0xc, 0x2, 0xac, 0x2c, 0x0, 0x92,
    0x0, 0x3d, 0xd8, 0x60, 0x1c, 0x20, 0x9f, 0xf5,
    0x88,

    /* U+4FDD "保" */
    0x0, 0xff, 0xe8, 0x5e, 0xb8, 0xa2, 0x7f, 0xc6,
    0x1, 0xf2, 0x17, 0xbd, 0xdf, 0xfd, 0xc0, 0x1e,
    0x50, 0x5, 0x80, 0x7f, 0xf1, 0xf8, 0x4, 0xc0,
    0x3, 0xff, 0xf4, 0x0, 0x7c, 0x48, 0xc, 0x1,
    0xff, 0xc7, 0xa0, 0x5, 0x0, 0x7f, 0xf1, 0x85,
    0xc0, 0x6, 0x1, 0xa, 0x27, 0xdc, 0x1, 0xe9,
    0x0, 0xfd, 0x77, 0xf3, 0x0, 0x70, 0xb8, 0x7,
    0x18, 0x7, 0xfc, 0x20, 0x14, 0x0, 0x79, 0x7f,
    0xf4, 0x1, 0x7f, 0xec, 0x0, 0x98, 0x14, 0x3,
    0xff, 0x90, 0xa5, 0x0, 0x16, 0x7f, 0xf4, 0x1,
    0x7f, 0xf9, 0x2, 0x78, 0xc0, 0x3f, 0xf9, 0x6,
    0x60, 0xd, 0xd9, 0x98, 0x80, 0x35, 0xe6, 0x64,
    0x0, 0xf8, 0x8c, 0xe4, 0x20, 0xd, 0x6, 0x78,
    0x3, 0xfe, 0x68, 0x4, 0x1, 0x23, 0xb0, 0xf,
    0xfe, 0xb, 0xc8, 0x46, 0x1, 0xf8, 0x26, 0x8,
    0x7, 0xfa, 0xa0, 0x1d, 0xc0, 0x11, 0x58, 0x1f,
    0xa0, 0x7, 0xcb, 0xca, 0xf, 0x0, 0x1c, 0x96,
    0x3, 0x6e, 0x1, 0xf0, 0x84, 0xc0, 0x7, 0xc9,
    0x82, 0xa, 0x1, 0xe5, 0x8d, 0x60, 0xf, 0xe3,
    0xf9, 0x20, 0xf, 0x9c, 0x80, 0x3f, 0xe1, 0x60,
    0xc, 0x3f, 0xe1, 0x0, 0xf3, 0xfe, 0x80, 0x7c,

    /* U+4FEE "修" */
    0x0, 0xe3, 0x0, 0xf9, 0x8c, 0x3, 0xff, 0x80,
    0x59, 0xe0, 0x1c, 0x73, 0x84, 0x1, 0xff, 0x28,
    0x20, 0x7, 0x78, 0xd, 0x44, 0x70, 0x80, 0x75,
    0x86, 0x0, 0x67, 0x30, 0x17, 0x7f, 0x10, 0x6,
    0x23, 0x4, 0xba, 0x4, 0x80, 0x59, 0x9c, 0x60,
    0x2, 0x0, 0xd4, 0x6, 0x48, 0x95, 0x80, 0x15,
    0x4c, 0xc2, 0x30, 0xa1, 0x0, 0xcc, 0x14, 0x1,
    0x40, 0x23, 0x86, 0x2b, 0x58, 0x32, 0x80, 0x66,
    0x10, 0x20, 0xb, 0x96, 0xe1, 0x82, 0xa4, 0x1e,
    0x40, 0x3a, 0xc0, 0x3c, 0x54, 0x6, 0x60, 0xc,
    0x6c, 0x20, 0x13, 0x10, 0x7, 0x8e, 0x37, 0x14,
    0x19, 0x80, 0x93, 0xda, 0xc3, 0x0, 0x1f, 0x4b,
    0x90, 0x36, 0xcd, 0x1b, 0x90, 0x11, 0x88, 0x9,
    0x80, 0x74, 0xa5, 0x7c, 0x85, 0x61, 0xf6, 0xea,
    0x54, 0x1e, 0xdc, 0x3, 0x8e, 0xd5, 0x57, 0xaa,
    0x34, 0xc4, 0x46, 0x0, 0x42, 0x80, 0x7d, 0x1d,
    0x48, 0x31, 0xcf, 0x7a, 0x20, 0x10, 0x80, 0x7e,
    0xe1, 0x39, 0xe6, 0x8d, 0x42, 0x20, 0x7, 0xff,
    0x1, 0xb7, 0x12, 0x39, 0xc1, 0xb4, 0x94, 0x3,
    0xff, 0x80, 0xf7, 0xae, 0xb, 0xb2, 0xbf, 0x46,
    0x1, 0xfe, 0xca, 0x40, 0x6d, 0xa1, 0xba, 0x15,
    0x30, 0xf, 0xf4, 0x25, 0x7c, 0x8d, 0x62, 0x4,
    0xd0, 0x7, 0xc3, 0xfc, 0x9, 0x6a, 0xd9, 0x85,
    0x6, 0xe6, 0x0, 0xff, 0x85, 0x6b, 0xe4, 0xc1,
    0x76, 0x44, 0x3, 0xff, 0x81, 0xf4, 0xa0, 0x51,
    0xd4, 0x40, 0x1f, 0xfc, 0x27, 0x38, 0xdd, 0x38,
    0x80, 0x7f, 0xaf, 0xd0, 0x2, 0x9c, 0x72, 0x0,
    0xff, 0x0,

    /* U+5019 "候" */
    0x0, 0xc2, 0x40, 0x1f, 0xfc, 0x97, 0xdc, 0x0,
    0xc8, 0x9f, 0xc2, 0x1, 0xed, 0x4, 0x0, 0xd5,
    0x77, 0xf8, 0xc0, 0x3c, 0x81, 0x6a, 0xa0, 0x2,
    0x99, 0xf8, 0x0, 0x60, 0x1c, 0xa0, 0x25, 0x56,
    0x0, 0xbc, 0xce, 0xf0, 0x0, 0x80, 0x77, 0x3,
    0x0, 0x61, 0x1f, 0x98, 0x4, 0x60, 0x8, 0x50,
    0x30, 0x2, 0x1e, 0xef, 0xa8, 0x7, 0xb9, 0x20,
    0x6, 0x0, 0xff, 0xe3, 0x88, 0x2, 0x40, 0x3c,
    0x3f, 0xe6, 0xaf, 0xff, 0xd0, 0xa, 0x20, 0x1f,
    0x99, 0x9e, 0x1, 0xfe, 0x80, 0xf, 0xeb, 0x4,
    0xee, 0xf9, 0x40, 0x4, 0x22, 0x0, 0xf3, 0x10,
    0x8, 0xfe, 0x30, 0x1, 0xc9, 0x80, 0x70, 0xc8,
    0x4f, 0x70, 0x1, 0x7d, 0xd3, 0x0, 0x25, 0xc0,
    0x3c, 0x2e, 0x6c, 0x22, 0x0, 0x38, 0x8c, 0x1,
    0x28, 0x7, 0xc3, 0xf6, 0xef, 0x0, 0x2d, 0xdf,
    0x18, 0x7, 0xf1, 0xc4, 0x70, 0x1, 0xe2, 0x35,
    0x80, 0x7f, 0x1a, 0xae, 0x20, 0x1, 0x2a, 0xed,
    0x0, 0xfe, 0x1a, 0xac, 0x60, 0x3, 0xba, 0xa9,
    0x40, 0x3c, 0x20, 0x60, 0x10, 0xe0, 0x81, 0xe,
    0x8, 0x7, 0xfb, 0xf4, 0x0, 0x9e, 0x61, 0x3e,
    0x5, 0xea, 0x1, 0xff, 0x2e, 0x58, 0x84, 0xb1,
    0x58, 0xd, 0x62, 0x80, 0x7e, 0x1a, 0x30, 0x2c,
    0x60, 0x2, 0x61, 0x1, 0x80, 0x7f, 0xc, 0x94,
    0xe9, 0x80, 0x63, 0xd9, 0x65, 0x0, 0xb7, 0xd0,
    0x2, 0x6d, 0x60, 0xf, 0xcd, 0x20,

    /* U+5145 "充" */
    0x0, 0xff, 0x11, 0x80, 0x7f, 0xf1, 0xe3, 0x71,
    0x40, 0x3f, 0xf8, 0xd6, 0x0, 0xc0, 0xf, 0xe1,
    0x66, 0xfc, 0xa0, 0x7, 0x66, 0xfc, 0xb, 0x33,
    0xfc, 0x0, 0x19, 0x9f, 0xc4, 0xe2, 0x3e, 0x0,
    0xc2, 0x3f, 0xe0, 0x3e, 0xee, 0xf2, 0x0, 0x67,
    0x75, 0xfd, 0xde, 0x20, 0xf, 0x69, 0x5, 0x98,
    0x0, 0xff, 0x0, 0x3f, 0xec, 0x30, 0xa4, 0x0,
    0x98, 0x4f, 0x0, 0x3f, 0xe, 0x98, 0x52, 0x80,
    0x65, 0xa0, 0x3c, 0x0, 0xf1, 0xf9, 0x4, 0x32,
    0x2a, 0x99, 0xe3, 0x8, 0xf, 0x0, 0x3a, 0x4,
    0x1, 0x19, 0x75, 0x49, 0x87, 0x62, 0x0, 0x1d,
    0x80, 0x6c, 0x0, 0xfc, 0x20, 0x1, 0x45, 0x40,
    0x46, 0x0, 0x9a, 0xaf, 0x1c, 0x1, 0xfe, 0xe3,
    0x4, 0xba, 0xb5, 0x53, 0x0, 0x42, 0xa8, 0x62,
    0x4, 0x1, 0xfd, 0x54, 0x0, 0xfc, 0xa0, 0xc0,
    0x1f, 0xfc, 0x62, 0x30, 0xc0, 0xf, 0xf6, 0xe9,
    0x0, 0x3b, 0x80, 0xa, 0x1, 0xfe, 0x32, 0x20,
    0x6, 0xb3, 0x6, 0x20, 0xf, 0xf0, 0x81, 0x80,
    0x17, 0x90, 0xe, 0x40, 0x33, 0x82, 0x2a, 0x21,
    0xc0, 0x2, 0x7b, 0x42, 0x9, 0x80, 0x1c, 0x60,
    0x35, 0x76, 0x80, 0x2, 0x19, 0x80, 0x6a, 0xc0,
    0x3d, 0x28, 0x1, 0xc7, 0x80, 0xa, 0x9e, 0x50,
    0xf, 0x86, 0xff, 0xfb, 0xc, 0x0,

    /* U+5165 "入" */
    0x0, 0xc5, 0x33, 0xa1, 0x40, 0x3f, 0xf8, 0x62,
    0xcd, 0x9e, 0xa4, 0x3, 0xff, 0x92, 0xc0, 0x1f,
    0xfc, 0x23, 0xff, 0xd4, 0x0, 0x30, 0xf, 0xfe,
    0x30, 0x80, 0x14, 0x3, 0xff, 0x8c, 0x60, 0xe,
    0x0, 0xff, 0xe3, 0x60, 0x1, 0x0, 0x3f, 0xf8,
    0xc8, 0x0, 0x30, 0xf, 0xfe, 0x2b, 0x0, 0x65,
    0x0, 0xff, 0xe2, 0x58, 0x11, 0x3, 0x80, 0x3f,
    0xf8, 0x6a, 0x41, 0x54, 0x4, 0x20, 0xf, 0xfe,
    0x14, 0x0, 0xbb, 0x0, 0x2c, 0x3, 0xff, 0x82,
    0xe4, 0x12, 0x2, 0xa0, 0xc4, 0x1, 0xff, 0x1c,
    0x1, 0x38, 0x2, 0x0, 0x1c, 0x1, 0xfe, 0x1e,
    0x0, 0x48, 0x4, 0x4c, 0x7, 0x20, 0x1f, 0xda,
    0x40, 0xe8, 0x1, 0xa4, 0x41, 0x98, 0x1, 0xf5,
    0x98, 0x1c, 0x0, 0x7b, 0x40, 0x12, 0xc0, 0x1d,
    0x68, 0x5, 0xa0, 0x1f, 0x1c, 0x80, 0x25, 0xc0,
    0x3, 0xa8, 0x3, 0xe2, 0x1, 0xf9, 0xa0, 0x1,
    0x16, 0x36, 0x40, 0x38, 0x40, 0x1f, 0xe7, 0x90,
    0x2, 0x4d, 0x91, 0x30, 0x80, 0x3f, 0xf8, 0xd,
    0x40, 0x70, 0x3f, 0x84, 0x1, 0xff, 0xc2, 0x5c,
    0xd0,

    /* U+5168 "全" */
    0x0, 0xff, 0x19, 0x80, 0x3f, 0xf8, 0xf1, 0x98,
    0x80, 0xf, 0xfe, 0x2a, 0xb8, 0x1, 0xd0, 0x3,
    0xff, 0x86, 0x94, 0x4, 0x40, 0xb3, 0x0, 0xff,
    0xe0, 0xa5, 0x80, 0xfe, 0x8, 0x62, 0x0, 0x7f,
    0xcd, 0x60, 0xd, 0x21, 0xc1, 0xb, 0x60, 0xf,
    0xc3, 0x72, 0x3, 0x86, 0x0, 0x2c, 0x10, 0x9b,
    0x10, 0xe, 0x6f, 0x40, 0x3f, 0x30, 0xc, 0x5e,
    0x60, 0x9e, 0xc0, 0x4, 0xd9, 0x10, 0x29, 0x45,
    0x5f, 0x24, 0x90, 0xc, 0xea, 0x61, 0x1, 0x19,
    0x55, 0x7f, 0x88, 0xcc, 0x4, 0x72, 0x31, 0xaa,
    0x1, 0xff, 0xc0, 0x5c, 0xa3, 0x71, 0xe7, 0x9,
    0xff, 0xd6, 0x0, 0xbf, 0xfd, 0x20, 0xb8, 0x1,
    0xff, 0xce, 0x34, 0x4e, 0x30, 0x1, 0xa2, 0x71,
    0x80, 0x7b, 0x6e, 0xfa, 0x0, 0x11, 0x77, 0xda,
    0x1, 0xff, 0xd0, 0xef, 0xfe, 0xb0, 0x5, 0xff,
    0xf7, 0x0, 0x7f, 0xf9, 0x15, 0x7f, 0x60, 0x3,
    0x15, 0x7f, 0x1, 0x55, 0x7e, 0x70, 0x3, 0xd5,
    0x7e, 0x20, 0x11, 0xff, 0xe4, 0x0,

    /* U+5173 "关" */
    0x0, 0xe7, 0x40, 0xf, 0xd4, 0xe0, 0x1f, 0xd7,
    0x16, 0x40, 0x1e, 0x65, 0x89, 0x0, 0xfd, 0x20,
    0xf, 0x0, 0xe2, 0x90, 0x18, 0x0, 0xfc, 0x54,
    0x5, 0x40, 0x1b, 0xc0, 0x1a, 0x20, 0x1f, 0xca,
    0xa0, 0x20, 0xa, 0x48, 0x24, 0xc0, 0x3c, 0x7f,
    0xf9, 0x41, 0xff, 0xe6, 0x0, 0x4f, 0xfe, 0x0,
    0x9c, 0x3, 0xff, 0x92, 0xb5, 0x5f, 0x30, 0x2,
    0x6a, 0xbe, 0x0, 0x85, 0x57, 0xef, 0x0, 0x3a,
    0xaf, 0xc0, 0x1f, 0xfe, 0x24, 0xff, 0xfd, 0x20,
    0xe, 0xff, 0xfc, 0x22, 0x0, 0xff, 0xe4, 0xbc,
    0x47, 0xe1, 0x0, 0x24, 0x47, 0xe1, 0x27, 0x7f,
    0x90, 0x40, 0xa, 0xef, 0xf8, 0x3, 0xfb, 0x80,
    0x21, 0xa0, 0xf, 0xfe, 0x1d, 0x90, 0x4b, 0x82,
    0xc0, 0x7, 0xff, 0x0, 0xf5, 0x1, 0x5a, 0xc,
    0x1e, 0xc4, 0x3, 0xf0, 0xce, 0x10, 0x2d, 0x0,
    0x34, 0xc1, 0x3d, 0xc0, 0x38, 0xeb, 0x98, 0x1,
    0x14, 0x1, 0xe, 0x28, 0xc, 0x7c, 0xa0, 0x3e,
    0x28, 0x0, 0xf1, 0xc0, 0x3d, 0x56, 0x40, 0x6,
    0xb4, 0x61, 0x3, 0xbc, 0x30, 0xf, 0xc9, 0xb2,
    0x60, 0x68, 0x35, 0xb8, 0x80, 0x1f, 0xfc, 0x6,
    0xcd, 0xe0,

    /* U+517B "养" */
    0x0, 0xf1, 0xc8, 0x7, 0xc9, 0x24, 0x1, 0xfe,
    0x1d, 0x6a, 0x0, 0xe1, 0xa6, 0x80, 0xf, 0xf0,
    0xd8, 0x2a, 0x80, 0x36, 0x89, 0x50, 0x7, 0xd5,
    0xff, 0x50, 0x2, 0xbf, 0xf1, 0x81, 0x7f, 0xe4,
    0x0, 0x84, 0x3, 0xff, 0x95, 0x7d, 0xdf, 0x38,
    0x1f, 0x77, 0xe4, 0x0, 0xc2, 0x3f, 0x10, 0x38,
    0x8f, 0xe0, 0xe, 0xff, 0xf9, 0x41, 0x3f, 0xfe,
    0x70, 0xe, 0x21, 0x1f, 0x0, 0x4, 0x7f, 0x80,
    0x3b, 0x7b, 0xba, 0x0, 0x1d, 0xdf, 0x98, 0x3,
    0x8, 0xfd, 0x40, 0x62, 0x3f, 0xe0, 0x4, 0xf7,
    0x7c, 0x60, 0x7d, 0xdf, 0xe1, 0x1, 0x0, 0xff,
    0xe5, 0x47, 0xfe, 0xc1, 0x1, 0xef, 0xf2, 0x80,
    0x2b, 0xff, 0x84, 0x3, 0x9f, 0x4, 0x28, 0x40,
    0x14, 0x61, 0x50, 0x1, 0xf9, 0x76, 0x0, 0xc,
    0xe0, 0x1a, 0x0, 0xf, 0xce, 0x20, 0x14, 0x75,
    0x10, 0x21, 0x35, 0x80, 0x6e, 0x1, 0x1, 0x8e,
    0xb3, 0x4, 0x10, 0x3b, 0xb1, 0x87, 0x0, 0x79,
    0x39, 0x80, 0x8, 0x0, 0x86, 0xcc, 0x21, 0x8,
    0x28, 0x7, 0xc3, 0x3d, 0x8, 0x60, 0x92, 0x60,
    0x9, 0x1, 0x30, 0xf, 0xe1, 0x7b, 0x0, 0xe1,
    0xa4, 0x8, 0x0, 0xff, 0xe2, 0xbf, 0x28, 0x2b,
    0x0, 0x7f, 0xf1, 0x50, 0x1, 0x14, 0x1, 0xff,
    0xc6, 0x3c, 0xe7, 0x0, 0xfa, 0xbe, 0x80, 0x3c,

    /* U+5185 "内" */
    0x0, 0xfc, 0x2e, 0xe1, 0x0, 0xff, 0xe2, 0x1c,
    0x41, 0x40, 0x3f, 0xfc, 0x85, 0xff, 0xf6, 0x80,
    0x2f, 0xff, 0xe2, 0x0, 0xff, 0xe5, 0xbc, 0xce,
    0x80, 0x3, 0xcc, 0xe7, 0x0, 0xf5, 0xb3, 0x63,
    0x0, 0x53, 0x36, 0xb0, 0xf, 0xf8, 0x80, 0x4,
    0x1, 0xff, 0xc4, 0xd0, 0x0, 0x80, 0x7f, 0xf0,
    0xc9, 0x0, 0x1e, 0x40, 0x1f, 0xfc, 0x29, 0x0,
    0x87, 0x8, 0x3, 0xff, 0x81, 0x8, 0x11, 0x60,
    0x38, 0x60, 0x1f, 0xe8, 0x70, 0x37, 0x4b, 0x1,
    0xd3, 0x0, 0xf9, 0xe9, 0xc0, 0xb4, 0x0, 0x96,
    0x3, 0x8a, 0x1, 0xe3, 0x50, 0x2c, 0x10, 0x9,
    0x2c, 0x8, 0x80, 0x1e, 0x49, 0x4c, 0x10, 0xe,
    0x4b, 0xc7, 0x0, 0xf9, 0xac, 0x40, 0x3e, 0x41,
    0x0, 0xff, 0xe4, 0x38, 0x7, 0xff, 0xc, 0xd5,
    0x6f, 0x0, 0x18, 0x7, 0xff, 0x2, 0xea, 0xa4,
    0x1, 0x10, 0x7, 0xff, 0x3, 0x40, 0x31, 0x50,
    0x16, 0xe8, 0xc0, 0x3f, 0x2f, 0xfe, 0xd4, 0x0,

    /* U+5199 "写" */
    0x1, 0x33, 0xff, 0xe3, 0x80, 0x27, 0x33, 0xff,
    0x8e, 0x60, 0x1f, 0xfc, 0xd3, 0xee, 0xff, 0xe1,
    0x58, 0x7, 0xc3, 0xbf, 0x22, 0x3f, 0xe7, 0x0,
    0xfc, 0x63, 0xe0, 0x1f, 0xfc, 0x38, 0xfc, 0x10,
    0x4, 0x7f, 0xff, 0x97, 0xfc, 0x60, 0x18, 0x80,
    0x3f, 0xf8, 0x22, 0x1, 0xf3, 0x0, 0x37, 0xbb,
    0xfc, 0xe0, 0x1f, 0x10, 0x0, 0x84, 0x7f, 0xc0,
    0x1f, 0xb8, 0x4, 0xcf, 0xff, 0x82, 0x1, 0xe2,
    0x1, 0xcc, 0xff, 0xe0, 0x80, 0x79, 0xc4, 0x7f,
    0xf8, 0x0, 0x1f, 0xd9, 0xdd, 0xff, 0xc0, 0x80,
    0x10, 0x8, 0xcf, 0xff, 0x84, 0x41, 0xe0, 0x60,
    0x1, 0xcc, 0xff, 0xe1, 0x70, 0x10, 0x7, 0xff,
    0x24, 0x40, 0x40, 0x3, 0xff, 0xff, 0xc2, 0xc0,
    0x50, 0x60, 0xf, 0xfe, 0x9, 0x19, 0xc9, 0x42,
    0x1a, 0x1, 0xff, 0xc1, 0x9c, 0xca, 0xd4, 0x0,
    0xc0, 0x1f, 0xfc, 0x13, 0x0, 0xc2, 0x98, 0x20,
    0x0,

    /* U+51B7 "冷" */
    0x0, 0xff, 0xe0, 0x2c, 0x28, 0x7, 0xf1, 0x48,
    0x7, 0xe2, 0xa7, 0xa2, 0x0, 0xf8, 0x75, 0x98,
    0x1, 0xf7, 0x0, 0x52, 0x1, 0xf0, 0xa8, 0x58,
    0x7, 0xa0, 0xc1, 0x81, 0x1c, 0x3, 0xe9, 0x2,
    0x50, 0xc, 0xae, 0xb, 0x2a, 0x10, 0x80, 0x1e,
    0x33, 0x4, 0x80, 0x4b, 0x40, 0x74, 0x16, 0x41,
    0x68, 0x1, 0xe9, 0x3, 0x30, 0x35, 0x0, 0xe9,
    0x0, 0xf8, 0x85, 0xa8, 0x7, 0x28, 0x82, 0xcc,
    0x80, 0xbd, 0xf5, 0x80, 0xb4, 0x42, 0xa4, 0x3,
    0xab, 0xb5, 0x80, 0xb0, 0x7c, 0x25, 0x0, 0xf0,
    0x41, 0xb0, 0x3, 0x20, 0xc0, 0x2e, 0x88, 0x4a,
    0x5, 0x10, 0x17, 0xa0, 0x58, 0x7, 0x8f, 0x28,
    0x3, 0x51, 0x10, 0xc0, 0x3, 0x72, 0xe0, 0x18,
    0xd0, 0xc, 0xfc, 0x51, 0xe4, 0x67, 0x13, 0x0,
    0x74, 0x5e, 0x16, 0x67, 0xab, 0x33, 0xc0, 0x1e,
    0x40, 0xb0, 0xf, 0xfe, 0x3a, 0x80, 0x14, 0xbf,
    0xff, 0x98, 0x1, 0x20, 0x1d, 0xe0, 0x44, 0x0,
    0x22, 0x80, 0x74, 0xb0, 0x3b, 0x80, 0x39, 0x41,
    0x40, 0x3, 0x54, 0xb2, 0x0, 0x4b, 0x3, 0x40,
    0x7, 0x28, 0x2, 0xc0, 0x25, 0x4, 0xd7, 0x96,
    0x6, 0x90, 0xf, 0x78, 0x9, 0x80, 0x6, 0xe8,
    0x42, 0x18, 0x16, 0x40, 0x3e, 0x50, 0x70, 0xe,
    0x5f, 0x60, 0x8, 0xc0, 0x3e, 0x32, 0xa, 0x0,
    0xf0, 0xce, 0x10, 0x37, 0x20, 0x7, 0x1e, 0xe8,
    0xc0, 0x3f, 0x1e, 0xb8, 0x8, 0x80, 0x3e, 0x20,
    0xf, 0xfa, 0x31, 0x94, 0x3, 0x80,

    /* U+51FA "出" */
    0x0, 0xfc, 0x53, 0x22, 0x0, 0xff, 0xe2, 0xb,
    0x34, 0x1, 0xfc, 0x6c, 0x80, 0x1f, 0xfc, 0x5,
    0x62, 0x0, 0x54, 0xc0, 0x7, 0xff, 0x2, 0xe5,
    0x40, 0x3f, 0xff, 0xe0, 0x1f, 0xe3, 0x3c, 0xc0,
    0x2, 0x33, 0xc0, 0x1f, 0x1e, 0x66, 0xa0, 0x4,
    0xe6, 0x61, 0x0, 0xff, 0xe6, 0x46, 0xef, 0xa8,
    0x1, 0x5b, 0xbe, 0x60, 0x0, 0x91, 0x79, 0x80,
    0x2, 0x45, 0xe1, 0x3, 0xaa, 0x8, 0x7, 0xff,
    0x0, 0xae, 0xc2, 0xea, 0xa0, 0xf, 0xfe, 0xb,
    0x22, 0xc, 0x3, 0xff, 0xfe, 0x1, 0xfb, 0xbf,
    0xf6, 0x0, 0x2f, 0xff, 0x58, 0x7, 0xff, 0x2d,
    0x6a, 0xbf, 0xf8, 0x70, 0x1, 0xa, 0xaf, 0xff,
    0xc, 0xc0, 0x20,

    /* U+51FB "击" */
    0x0, 0xff, 0x3c, 0x18, 0x7, 0xff, 0x1e, 0x1d,
    0x0, 0x3f, 0xfd, 0x7b, 0xff, 0xf0, 0x2, 0x3f,
    0xfe, 0x40, 0xf, 0xfe, 0x6f, 0x5d, 0xfc, 0x0,
    0x6b, 0xbf, 0x94, 0x2, 0x34, 0x4f, 0x80, 0x1c,
    0x89, 0xf0, 0x80, 0x7f, 0xf3, 0x8, 0xbf, 0x80,
    0x1e, 0x45, 0xf8, 0x53, 0x77, 0xf8, 0x0, 0xfb,
    0xbf, 0xc0, 0x1f, 0xfc, 0xa4, 0xdd, 0xfe, 0x0,
    0x3e, 0xef, 0xee, 0x2, 0x2f, 0xe0, 0x7, 0x91,
    0x7f, 0x0, 0x1b, 0xfc, 0x1, 0xff, 0xc0, 0x8f,
    0xd0, 0xf, 0xff, 0xf8, 0x7, 0xff, 0x22, 0x1d,
    0xf0, 0x3, 0x1d, 0xf2, 0x0, 0x7f, 0x3c, 0x46,
    0x0, 0x24, 0x46, 0x30, 0xf, 0x19, 0xff, 0xf0,
    0xc4, 0x3, 0xcb, 0x99, 0xff, 0xc2, 0x60, 0xc,

    /* U+5206 "分" */
    0x0, 0xf8, 0x40, 0x39, 0x10, 0x1, 0xff, 0xc2,
    0xcd, 0x50, 0x4, 0xdc, 0x80, 0x7f, 0xf0, 0x58,
    0x88, 0x1, 0x68, 0x12, 0x0, 0x7f, 0xf0, 0x20,
    0x9, 0x40, 0x8, 0x41, 0x0, 0x1f, 0xf5, 0x8,
    0x48, 0x6, 0x80, 0x36, 0x0, 0xfe, 0x55, 0x2,
    0xa0, 0x6, 0x53, 0x9, 0x20, 0xf, 0x8e, 0x80,
    0x6c, 0x3, 0xdc, 0x0, 0xc1, 0x0, 0xe3, 0xc0,
    0x6, 0x88, 0x7, 0x8a, 0x80, 0x7c, 0x80, 0x24,
    0xc0, 0x5, 0x18, 0x7, 0xe5, 0x80, 0x1d, 0x50,
    0x6b, 0x0, 0x3b, 0x88, 0xbf, 0xca, 0xe0, 0xa,
    0x82, 0x0, 0x2b, 0xee, 0xff, 0xf0, 0x1a, 0xc0,
    0x1a, 0x8d, 0xbe, 0x1, 0xff, 0xc2, 0x4d, 0x65,
    0x9, 0x25, 0xdd, 0x50, 0x3, 0x37, 0x79, 0x40,
    0xc0, 0xa4, 0x3, 0x88, 0x80, 0x11, 0x91, 0x70,
    0x83, 0x0, 0x7f, 0xb4, 0x4, 0x3, 0xce, 0x2,
    0x1, 0xfe, 0x50, 0x20, 0xf, 0x8, 0x18, 0x7,
    0xf1, 0x90, 0x20, 0x7, 0x88, 0x4, 0x3, 0xfb,
    0x80, 0x14, 0x1, 0xfb, 0x80, 0x3e, 0x1c, 0x20,
    0x72, 0x0, 0xe3, 0x0, 0x18, 0x7, 0x93, 0xcc,
    0x12, 0x0, 0x91, 0x25, 0xe0, 0x3, 0x80, 0x61,
    0xbb, 0x8, 0x2d, 0x80, 0x16, 0xee, 0xa2, 0x3,
    0x20, 0xc, 0x20, 0x14, 0x50, 0x4, 0x60, 0x18,
    0x57, 0x40, 0x3d, 0x6d, 0xae, 0x1, 0x93, 0xff,
    0x75, 0x8, 0x7, 0x0,

    /* U+5207 "切" */
    0x0, 0xa, 0xa8, 0x3, 0xff, 0x8c, 0x55, 0x41,
    0x0, 0xff, 0xe5, 0xb7, 0xff, 0xfd, 0x80, 0x1f,
    0xfd, 0x15, 0x77, 0x20, 0x1, 0x9d, 0xe2, 0x7,
    0x0, 0xfc, 0x71, 0xe, 0x0, 0x4c, 0x44, 0xc0,
    0x1f, 0x23, 0x44, 0x0, 0x3f, 0xe1, 0x7b, 0xd0,
    0x5, 0x4b, 0xa8, 0x0, 0xc0, 0x3c, 0xe0, 0x7a,
    0x82, 0x1, 0x85, 0x80, 0x30, 0x80, 0x7d, 0xa8,
    0xa0, 0xb, 0xfe, 0xb0, 0x0, 0x81, 0x80, 0x61,
    0x1, 0x7b, 0x90, 0x2, 0x80, 0x77, 0x0, 0x80,
    0x63, 0x0, 0xff, 0xe0, 0x98, 0x38, 0x7, 0xbc,
    0x3, 0xfe, 0x60, 0x20, 0xc, 0x20, 0x1f, 0xfc,
    0x13, 0xe, 0x0, 0xf0, 0x80, 0x7c, 0x6e, 0x6,
    0x0, 0x30, 0xf, 0xfe, 0xc, 0x64, 0x85, 0x80,
    0x10, 0x2, 0x10, 0x1, 0x80, 0x76, 0x38, 0x0,
    0x58, 0x10, 0x3, 0xe1, 0x0, 0x30, 0x0, 0x81,
    0x7e, 0x44, 0x3c, 0x3, 0x18, 0x7, 0x48, 0x0,
    0x6a, 0x8a, 0xe0, 0x68, 0x1, 0x9c, 0x0, 0xe0,
    0x9, 0x5, 0xf5, 0x3b, 0x0, 0x70, 0x2b, 0x32,
    0x2c, 0x0, 0x40, 0x5, 0xba, 0x14, 0xc0, 0x5,
    0x10, 0x74, 0xc9, 0xc4, 0x10, 0x40, 0x24, 0x0,
    0x31, 0x4, 0x28, 0x0, 0xc0, 0x21, 0x5a, 0x0,
    0xf8, 0xb2, 0x5c, 0x2, 0x8f, 0xfb, 0xa8, 0x40,

    /* U+5224 "判" */
    0x0, 0xf2, 0x20, 0x3, 0xfe, 0x22, 0x0, 0x71,
    0x5d, 0x88, 0x3, 0xf9, 0xb7, 0x1, 0xb4, 0x40,
    0x3c, 0x7a, 0xa0, 0x1f, 0xd4, 0x52, 0x1, 0xef,
    0x2d, 0x1f, 0xf1, 0x80, 0x77, 0x83, 0x88, 0x6,
    0x53, 0x19, 0x0, 0x9c, 0x3, 0x8d, 0x2, 0x0,
    0x34, 0x4, 0x88, 0x7, 0xfa, 0x1, 0x84, 0x1,
    0x44, 0x47, 0x0, 0xff, 0x8e, 0x78, 0x40, 0x15,
    0x49, 0x0, 0xff, 0x91, 0xc5, 0xac, 0x1, 0x44,
    0x6e, 0x40, 0x1f, 0xdd, 0x11, 0x30, 0x1, 0xe2,
    0x27, 0x0, 0xfe, 0xd3, 0x38, 0x80, 0x6, 0x78,
    0x40, 0x3f, 0x9f, 0x32, 0xf0, 0x6, 0xe6, 0x48,
    0x1, 0xff, 0xc1, 0x10, 0xf, 0xfe, 0x18, 0xbb,
    0xea, 0x0, 0x33, 0xbc, 0xa0, 0x1f, 0x96, 0x23,
    0x30, 0x2, 0x23, 0x48, 0x7, 0xe7, 0x33, 0xc2,
    0x0, 0x33, 0xca, 0x1, 0xf8, 0xf3, 0x31, 0x3,
    0x66, 0x69, 0x0, 0xff, 0xe0, 0x11, 0x86, 0x0,
    0x70, 0xe6, 0x10, 0x3, 0xf4, 0x80, 0xa8, 0x7,
    0x8c, 0xc0, 0x1f, 0xa9, 0x2, 0x0, 0x3e, 0x56,
    0x63, 0xd8, 0x18, 0x2, 0xd4, 0x15, 0x80, 0x3e,
    0xe9, 0x94, 0x10, 0x38, 0xb, 0x2, 0xd0, 0x7,
    0xe3, 0x0, 0xc9, 0x60, 0x3b, 0x34, 0x1, 0xfd,
    0x1f, 0xfa, 0xc4,

    /* U+522B "别" */
    0x0, 0xff, 0xe3, 0x13, 0x28, 0x14, 0x47, 0xf1,
    0x0, 0x79, 0x26, 0xc1, 0x9d, 0xff, 0xc0, 0x1f,
    0xfc, 0x12, 0x2e, 0x0, 0xc3, 0xfe, 0x10, 0xf,
    0x87, 0x77, 0x84, 0x3, 0xc6, 0x1, 0xff, 0xe5,
    0x1c, 0xce, 0x10, 0xf, 0xfe, 0x19, 0x9f, 0x0,
    0x7f, 0xf0, 0x5a, 0x20, 0x20, 0xd1, 0x19, 0xc0,
    0x3f, 0xc4, 0xee, 0x0, 0x53, 0xbe, 0x20, 0xf,
    0xfe, 0x1b, 0x80, 0x7f, 0xf0, 0x9b, 0xfe, 0x10,
    0xbf, 0xfd, 0x60, 0x1f, 0xfd, 0x26, 0xdd, 0x60,
    0x3, 0x76, 0x50, 0x10, 0xf, 0xf1, 0x11, 0xc0,
    0x48, 0xa3, 0x3, 0x0, 0xff, 0xe0, 0x60, 0x28,
    0x7, 0xe3, 0x38, 0x3, 0xe6, 0xd, 0x0, 0x8c,
    0x4, 0x7, 0x30, 0x20, 0x1e, 0x81, 0x7, 0x0,
    0x84, 0x3c, 0x3, 0xfc, 0xce, 0x10, 0x4, 0x46,
    0x40, 0x10, 0x3, 0x34, 0xf6, 0x6, 0xd2, 0x6,
    0xed, 0xba, 0x90, 0x3, 0x80, 0x26, 0x68, 0x20,
    0x42, 0x12, 0xd0, 0x30, 0x8, 0xec, 0x40, 0x8,
    0x1, 0xa, 0xc2, 0x7e, 0x8, 0x27, 0xfd, 0x88,
    0x1, 0x5f, 0xfd, 0xd4, 0x20,

    /* U+524D "前" */
    0x0, 0xc2, 0xd2, 0x1, 0xf2, 0xca, 0x80, 0x7f,
    0x2c, 0xb4, 0x80, 0x70, 0xdb, 0x48, 0x7, 0xf2,
    0x28, 0x31, 0x80, 0x6a, 0x10, 0xe0, 0xe, 0xcf,
    0xfc, 0xa0, 0xc, 0xff, 0xc8, 0x0, 0xdf, 0xfc,
    0xa2, 0x1, 0xff, 0xc8, 0x3e, 0xcc, 0xff, 0xe4,
    0x39, 0x9f, 0xff, 0x15, 0xad, 0x8c, 0x40, 0xf3,
    0x3f, 0x48, 0x0, 0x88, 0x0, 0xc7, 0xf0, 0x9,
    0x8c, 0xff, 0x28, 0xe, 0xe8, 0x3, 0xfe, 0x66,
    0xc6, 0x1, 0xff, 0xc4, 0x19, 0x9d, 0x60, 0x1f,
    0xfc, 0x41, 0x66, 0xda, 0x1, 0xff, 0xc5, 0x99,
    0xca, 0x1, 0xff, 0xc5, 0x66, 0xc6, 0x1, 0xff,
    0xc4, 0x19, 0x9d, 0x60, 0x1f, 0xfc, 0x41, 0x66,
    0xda, 0x1, 0xff, 0xc5, 0x99, 0xca, 0x1, 0xff,
    0xc5, 0x66, 0xc6, 0x1, 0xff, 0xc4, 0x19, 0x9d,
    0x60, 0x10, 0xdd, 0x80, 0x3f, 0xf8, 0x22, 0x2d,
    0x0, 0xcc, 0xe6, 0x88, 0x3, 0x0, 0xf9, 0xbb,
    0x8a, 0xc, 0x0, 0x8c, 0xc5, 0x90, 0x70, 0x7,
    0xca, 0x1, 0x14, 0x0, 0x30, 0x2, 0x15, 0x70,
    0x9, 0x77, 0x0, 0xfb, 0x9f, 0xa4, 0x0, 0x6f,
    0xfb, 0xa8, 0x2,

    /* U+529F "功" */
    0x0, 0xff, 0xe0, 0x19, 0x80, 0x3f, 0xf8, 0xc7,
    0x98, 0x30, 0xf, 0xfe, 0x40, 0x80, 0x79, 0x33,
    0x3e, 0x70, 0xf, 0xfe, 0x1, 0x19, 0xfd, 0xc0,
    0x1f, 0xfc, 0x2, 0x55, 0x10, 0x1, 0x55, 0xea,
    0xf4, 0x0, 0xa7, 0x7e, 0x54, 0xaa, 0x28, 0xd,
    0x51, 0xa2, 0xc, 0x0, 0x78, 0x8e, 0xf0, 0xf,
    0xe1, 0x0, 0xff, 0xe4, 0x67, 0xd0, 0x3, 0xff,
    0x18, 0x18, 0x7, 0xfc, 0x60, 0x1f, 0xfc, 0x81,
    0x1, 0x0, 0xc2, 0x2, 0x1, 0xff, 0x78, 0x18,
    0x7, 0xbc, 0x3, 0xfe, 0x20, 0x60, 0xc, 0x60,
    0x1f, 0xfc, 0x16, 0x2, 0x0, 0xc2, 0x2, 0x1,
    0xff, 0x18, 0x78, 0x7, 0xff, 0x0, 0x67, 0x3c,
    0x14, 0x0, 0x80, 0x1e, 0x33, 0x3d, 0x30, 0x1,
    0x8c, 0x6, 0x40, 0x88, 0x1, 0x8, 0x5, 0x30,
    0xa2, 0x0, 0x15, 0x97, 0x30, 0xb0, 0xc, 0x60,
    0x1, 0xd0, 0x36, 0xae, 0xe5, 0x24, 0x80, 0xb0,
    0x6, 0x60, 0x3, 0xb7, 0xe4, 0xa8, 0x80, 0xe0,
    0x2, 0x81, 0x12, 0x69, 0x0, 0x10, 0x80, 0x71,
    0x60, 0x83, 0xa0, 0x55, 0xda, 0x48, 0xc, 0x40,
    0x3c, 0xc4, 0xb, 0x0, 0x5, 0x0, 0x85, 0x74,
    0x3, 0xe4, 0xd6, 0xa0, 0xa, 0xff, 0xee, 0xa1,
    0x0,

    /* U+52A0 "加" */
    0x0, 0xc4, 0x86, 0x1, 0xff, 0xc7, 0xab, 0xf0,
    0xf, 0xff, 0x31, 0xe6, 0x7d, 0x60, 0x4a, 0xa3,
    0x0, 0x2a, 0xe3, 0x6, 0x33, 0xf9, 0x41, 0x2a,
    0x88, 0x7, 0x55, 0xa0, 0x3, 0x33, 0x48, 0x1,
    0xff, 0xc5, 0x19, 0x9b, 0xc0, 0x26, 0xff, 0x28,
    0x2f, 0xf9, 0x40, 0x40, 0x3f, 0xf8, 0x86, 0x1,
    0xff, 0xc7, 0x10, 0x10, 0xf, 0xfe, 0x3b, 0x87,
    0x80, 0x4, 0xc, 0x3, 0xff, 0x84, 0x20, 0x20,
    0x1f, 0xfc, 0x72, 0x2, 0x0, 0xc2, 0x1, 0xff,
    0xc1, 0x10, 0x3, 0x0, 0x1c, 0x3, 0xff, 0x86,
    0xa0, 0x2, 0x0, 0xff, 0xe3, 0x60, 0x10, 0x4,
    0x21, 0xe0, 0x1f, 0xfc, 0x15, 0x4, 0x0, 0xff,
    0xe3, 0x19, 0x6, 0x80, 0x46, 0x2, 0x1, 0x84,
    0x70, 0x6, 0x90, 0x14, 0x0, 0x84, 0x3, 0x87,
    0xba, 0xa0, 0x8, 0xd4, 0x18, 0x9d, 0xd6, 0x0,
    0x30, 0xf, 0xfb, 0xc0, 0x12, 0x31, 0x4, 0x0,
    0x20, 0x6, 0xcc, 0xa0, 0x2, 0xa0, 0x81, 0x30,
    0x8, 0xa8, 0x40, 0x21, 0x33, 0xc0, 0x13, 0x5b,
    0x80, 0x3f, 0xed, 0x50, 0x2, 0xf7, 0x80, 0x49,
    0xde,

    /* U+52A8 "动" */
    0x0, 0xff, 0xe0, 0xaa, 0x80, 0x3f, 0xf8, 0xf5,
    0x42, 0x0, 0xf5, 0xff, 0xfd, 0x40, 0x1f, 0xfc,
    0x7, 0x0, 0xf8, 0x40, 0x2, 0x0, 0x30, 0xf,
    0x45, 0x57, 0xde, 0x0, 0x30, 0x1, 0x80, 0x79,
    0x15, 0x7e, 0x49, 0xfd, 0x0, 0x6f, 0xfe, 0x70,
    0xf, 0xfe, 0x9d, 0xda, 0x80, 0x17, 0x71, 0x80,
    0x33, 0xff, 0xf9, 0xd1, 0xc0, 0x8, 0x93, 0x80,
    0x88, 0x3, 0xfe, 0x10, 0x10, 0x9, 0xc0, 0x13,
    0x54, 0x50, 0x1a, 0xac, 0x80, 0xe0, 0x60, 0x1c,
    0x68, 0xaa, 0x60, 0x75, 0x5c, 0x20, 0x20, 0x1c,
    0x20, 0x18, 0x8c, 0x35, 0x28, 0xc0, 0x23, 0x6,
    0x0, 0xe1, 0x0, 0x50, 0xa, 0x7a, 0xd0, 0x5,
    0xc0, 0x20, 0x11, 0x80, 0x66, 0x6, 0xf, 0x6,
    0x0, 0x88, 0x8, 0x2, 0x10, 0x70, 0x61, 0xa,
    0x4, 0x10, 0x50, 0x2, 0x6, 0x80, 0x7d, 0x60,
    0x84, 0x0, 0x60, 0xe0, 0x31, 0x7, 0x0, 0xe1,
    0x62, 0x1, 0x9a, 0xc6, 0x4, 0x1a, 0x2, 0x20,
    0x0, 0x40, 0x2e, 0x0, 0x2b, 0x29, 0x88, 0x2,
    0x58, 0x14, 0x2, 0x20, 0x1, 0xe0, 0x0, 0x91,
    0xa2, 0x9c, 0x98, 0x1, 0x2a, 0xb7, 0x80, 0x5,
    0x3b, 0xf6, 0xe5, 0xd6, 0x20, 0x20, 0xe3, 0x55,
    0x18, 0x18, 0x0, 0x40, 0x3e, 0x90, 0x28, 0x3,
    0x0, 0x93, 0x80, 0x3f, 0xd8, 0xde, 0x0, 0xcf,
    0xfa, 0xc8, 0x0,

    /* U+5316 "化" */
    0x0, 0xf1, 0x80, 0x63, 0x30, 0x80, 0x7f, 0xf0,
    0x57, 0x38, 0x40, 0x73, 0xc, 0x1, 0xff, 0xc1,
    0x90, 0x21, 0x0, 0xff, 0xe2, 0x91, 0x85, 0x0,
    0x7f, 0xc2, 0x1, 0xeb, 0x0, 0x38, 0x7, 0xf9,
    0x78, 0xc0, 0x30, 0xb0, 0x30, 0x80, 0x7f, 0x25,
    0x7, 0x0, 0x68, 0x0, 0x58, 0x7, 0xf2, 0x58,
    0x3, 0x80, 0x22, 0x60, 0x1, 0x0, 0x7e, 0x5b,
    0x0, 0x59, 0x80, 0x52, 0x1, 0xff, 0x35, 0x0,
    0x2d, 0x0, 0x25, 0x40, 0xf, 0xf5, 0x48, 0x2,
    0xd0, 0x2, 0x1b, 0x0, 0xff, 0x88, 0x7, 0x10,
    0x3, 0x58, 0x82, 0x0, 0x79, 0x40, 0x22, 0xc3,
    0x0, 0xe2, 0x7, 0xc0, 0xe, 0x8b, 0x0, 0x26,
    0x90, 0x7, 0xac, 0xe0, 0x3, 0x1e, 0xb8, 0x5,
    0x80, 0x1f, 0x8f, 0x40, 0x32, 0x61, 0x0, 0x80,
    0x7e, 0x74, 0x0, 0x8, 0x6, 0x42, 0x7, 0xf0,
    0xf, 0xd3, 0x6c, 0x1, 0xf4, 0xec, 0x0, 0x7f,
    0xf1, 0xd0, 0x80, 0x3f, 0xc2, 0x6, 0x1, 0xff,
    0xc1, 0xf0, 0xc, 0x20, 0x1, 0x0, 0xff, 0x8,
    0x1, 0x9d, 0x9a, 0xa0, 0x3, 0x0, 0x7f, 0xc6,
    0x3, 0x13, 0x32, 0x0, 0x90, 0x7, 0xfd, 0xc8,
    0x1, 0xe3, 0xd0, 0xf, 0xfe, 0x1, 0x5f, 0xff,
    0xb0, 0xc0,

    /* U+533A "区" */
    0x22, 0xff, 0xe3, 0x86, 0xef, 0xff, 0x1b, 0x0,
    0x3f, 0xf9, 0x6d, 0x99, 0xff, 0x5d, 0xb3, 0x1a,
    0x1, 0x71, 0x9a, 0x0, 0xcf, 0xe8, 0x91, 0x33,
    0x0, 0x75, 0x26, 0x20, 0x7, 0x41, 0x95, 0x0,
    0x7d, 0xc0, 0xb, 0x40, 0x9, 0x5c, 0xe, 0x0,
    0x3e, 0x4b, 0x0, 0x5a, 0x1, 0xd0, 0xf, 0x0,
    0x7f, 0x25, 0x80, 0x2d, 0xb4, 0x1, 0x44, 0x1,
    0xfe, 0x4b, 0x0, 0x48, 0x84, 0xa0, 0x7, 0xff,
    0x1, 0x28, 0x2, 0x56, 0x0, 0xff, 0xe0, 0x8c,
    0x0, 0x4a, 0x80, 0x1f, 0xfc, 0x1, 0xc2, 0x3,
    0x0, 0x5a, 0x0, 0x7f, 0x8b, 0x8, 0x17, 0x28,
    0x1, 0x68, 0x1, 0xf9, 0x34, 0x81, 0xa8, 0x16,
    0x40, 0x16, 0x60, 0x1e, 0x5b, 0x0, 0x3c, 0x80,
    0x4d, 0x0, 0xc, 0x30, 0xe, 0x41, 0x9, 0x80,
    0xe, 0x77, 0x0, 0x7e, 0x1a, 0xb6, 0x0, 0xfa,
    0x1f, 0xc, 0x3, 0x6b, 0x11, 0x19, 0xbf, 0xb9,
    0x59, 0x84, 0x0, 0x59, 0x9f, 0xfe, 0x23, 0x88,
    0x7, 0xff, 0x1c,

    /* U+5355 "单" */
    0x0, 0xe3, 0x70, 0xf, 0x89, 0x80, 0x3f, 0xc7,
    0x90, 0xe0, 0x1e, 0xf9, 0xd0, 0xf, 0xe3, 0x60,
    0x85, 0x0, 0xd4, 0x41, 0xc0, 0x1f, 0x9, 0x12,
    0xc8, 0x30, 0x8a, 0x75, 0x7, 0x12, 0x20, 0x7,
    0x56, 0xec, 0x40, 0xdb, 0xb4, 0x0, 0x1f, 0x76,
    0x40, 0xf, 0xfe, 0x82, 0xff, 0xe9, 0x0, 0x7f,
    0xee, 0x0, 0xff, 0xe9, 0xaf, 0x76, 0x80, 0x7,
    0x76, 0xf0, 0xf, 0xf0, 0x8f, 0x0, 0x4, 0x78,
    0x3, 0xf9, 0x7f, 0xf4, 0x80, 0x3f, 0xf7, 0x0,
    0x7f, 0xf4, 0xd3, 0x33, 0x58, 0x3, 0x33, 0x68,
    0x7, 0xf0, 0x99, 0xe2, 0x0, 0x19, 0xf0, 0x7,
    0xd1, 0x77, 0xe7, 0x0, 0x5d, 0xfc, 0xa0, 0x18,
    0xd1, 0x3d, 0xc0, 0x4, 0x4f, 0x84, 0x0, 0x68,
    0x9f, 0xb8, 0x0, 0x89, 0xfc, 0x3f, 0x77, 0xf9,
    0xc0, 0x17, 0x7f, 0xc8, 0xe0, 0x1f, 0xfc, 0x81,
    0xbf, 0xff, 0xd2, 0x0, 0xff, 0xfe, 0x40, 0xf,
    0xff, 0xb0,

    /* U+5361 "卡" */
    0x0, 0xff, 0xe9, 0x4f, 0xf8, 0x3, 0xff, 0xc0,
    0xab, 0xf8, 0x80, 0x3f, 0xf8, 0x35, 0x5f, 0x94,
    0x3, 0xff, 0x92, 0x20, 0x1f, 0xfc, 0x1f, 0xff,
    0xcc, 0x1, 0xff, 0xe2, 0x56, 0x6f, 0x94, 0x0,
    0xcd, 0xfe, 0x2b, 0x99, 0xf8, 0xc0, 0x13, 0x3f,
    0xe4, 0x30, 0xf, 0xfe, 0x41, 0xef, 0xff, 0xcc,
    0x0, 0xff, 0xff, 0x28, 0x7, 0xff, 0x1, 0x80,
    0x3f, 0xf9, 0xb, 0x3c, 0xc0, 0x1f, 0xfc, 0x63,
    0x1, 0x9c, 0x40, 0xf, 0xfe, 0x23, 0x72, 0x81,
    0xdd, 0x10, 0x7, 0xff, 0xc, 0x6a, 0xc8, 0x17,
    0x5c, 0x3, 0xff, 0x88, 0x9a, 0xe0, 0xc, 0x0,
    0xff, 0xe3, 0x46, 0x9c, 0x80, 0x7f, 0xf1, 0xcb,
    0x8, 0x3, 0xff, 0xc4,

    /* U+538B "压" */
    0x0, 0x3f, 0xff, 0xff, 0x19, 0x40, 0x1e, 0x1,
    0xff, 0xcc, 0x99, 0xff, 0xe2, 0x38, 0x6, 0x16,
    0x6f, 0x15, 0xd9, 0xd9, 0xbc, 0x40, 0x1f, 0xf0,
    0x91, 0xc, 0x3, 0xff, 0xda, 0x23, 0xc6, 0x0,
    0x11, 0xf0, 0x7, 0xef, 0xee, 0xd2, 0x0, 0xce,
    0xee, 0x80, 0xf, 0xfe, 0x68, 0x81, 0x86, 0x67,
    0x40, 0x2, 0xf3, 0x3a, 0x40, 0x38, 0x40, 0x8c,
    0xf1, 0x0, 0x18, 0xc1, 0x8c, 0xc2, 0x1, 0x18,
    0x38, 0x7, 0xf8, 0xf2, 0x94, 0x3, 0x98, 0x4,
    0x3, 0xfc, 0x68, 0x14, 0xa0, 0x18, 0xc3, 0x40,
    0x3f, 0xeb, 0x30, 0xa4, 0x0, 0x10, 0x0, 0x80,
    0x3f, 0xf8, 0x1a, 0x42, 0xc0, 0xa, 0x0, 0x20,
    0x7, 0xff, 0x0, 0x7f, 0x8, 0x0, 0xc0, 0x65,
    0xff, 0xea, 0x0, 0x6f, 0xfd, 0xba, 0xf7, 0x61,
    0x9, 0x0, 0xff, 0xe2, 0xf9, 0x1, 0x29, 0x4c,
    0xff, 0xf1, 0x2d, 0x32, 0x0, 0x59, 0xbf, 0xf8,
    0x86,

    /* U+53BB "去" */
    0x0, 0xfe, 0x37, 0x70, 0x7, 0xff, 0x1e, 0xe2,
    0x0, 0x1f, 0xfe, 0xb4, 0xff, 0xf9, 0xc0, 0x1f,
    0xff, 0x60, 0x7, 0xff, 0x35, 0x6a, 0xbe, 0x50,
    0x5, 0x57, 0xd0, 0x1, 0xa, 0xaf, 0xc4, 0x0,
    0x55, 0xf9, 0x0, 0x3f, 0xfc, 0x44, 0x5f, 0xc2,
    0x0, 0x32, 0x2f, 0xc1, 0xdb, 0xbf, 0x98, 0x1,
    0x9b, 0xbf, 0x90, 0x3, 0xff, 0x95, 0xbb, 0xf3,
    0x0, 0x1f, 0x77, 0xfc, 0x82, 0x45, 0xce, 0xc0,
    0x90, 0x44, 0x3b, 0x22, 0xf0, 0x7, 0x8e, 0x80,
    0xa8, 0x2, 0xc6, 0xb0, 0xf, 0xf1, 0xe8, 0xf,
    0x88, 0x5, 0x0, 0x92, 0x1, 0xf8, 0xf4, 0x43,
    0x48, 0x3, 0x2b, 0x83, 0x38, 0x7, 0x93, 0x44,
    0x2c, 0xc0, 0x38, 0x68, 0xc2, 0x14, 0x3, 0x15,
    0x88, 0xc, 0x6e, 0xbb, 0xfe, 0xed, 0x30, 0x5,
    0x18, 0x4, 0x40, 0x10, 0x99, 0x10, 0x40, 0x3f,
    0xb4, 0x40, 0x27, 0x45, 0x66, 0x3c, 0x4d, 0x5d,
    0xb3, 0x7b, 0xec, 0x0, 0x40, 0x14, 0x5d, 0x4c,
    0xa1, 0xd9, 0x51, 0x6, 0x42, 0x9, 0x3e, 0x60,

    /* U+53C2 "参" */
    0x0, 0xfc, 0x9a, 0xc0, 0x1f, 0xfc, 0x78, 0xb2,
    0xd1, 0x3, 0x91, 0x0, 0xff, 0xe0, 0x16, 0x38,
    0x45, 0x88, 0x7b, 0x79, 0x80, 0x7f, 0xa3, 0x4c,
    0xb1, 0xc0, 0x2c, 0x51, 0xc8, 0x0, 0xf9, 0x39,
    0xc0, 0x9, 0x55, 0x5d, 0xb1, 0x80, 0xf, 0x84,
    0x1, 0xe1, 0x0, 0x99, 0x8a, 0xa4, 0x41, 0x98,
    0x2, 0x3c, 0x20, 0xc, 0x93, 0x54, 0xbb, 0x40,
    0x2, 0x7b, 0x9f, 0xf7, 0x19, 0x10, 0x3, 0x99,
    0x54, 0x88, 0xa0, 0x26, 0x11, 0x0, 0x43, 0x9a,
    0x1, 0xf, 0xff, 0xc4, 0x5, 0xff, 0xfb, 0xbe,
    0x40, 0xc0, 0x3f, 0xf9, 0x45, 0xdd, 0xa8, 0x0,
    0x9d, 0xda, 0x80, 0xf, 0xdd, 0xa4, 0x0, 0x23,
    0x3d, 0x1, 0xd8, 0x88, 0xe0, 0xe4, 0x1e, 0xc0,
    0x44, 0x1, 0x8a, 0xe4, 0x13, 0x4d, 0xf7, 0x4d,
    0x6d, 0x20, 0xbe, 0xc0, 0x11, 0xd6, 0xa0, 0x8,
    0x76, 0x41, 0x1d, 0x68, 0x1d, 0x88, 0xa7, 0xa0,
    0x19, 0x40, 0xec, 0x50, 0xe, 0x37, 0x11, 0xfa,
    0x87, 0x98, 0x4, 0xc1, 0x55, 0x58, 0x95, 0x7f,
    0x8c, 0x97, 0xd0, 0x28, 0xc1, 0x3a, 0xde, 0x0,
    0xa5, 0x0, 0x20, 0x46, 0x74, 0xa0, 0xb6, 0xd9,
    0xad, 0x94, 0xa0, 0x6, 0x9e, 0xe5, 0xb9, 0x93,
    0x5f, 0x49, 0x36, 0xd2, 0x38, 0x7, 0x84, 0x46,
    0xd3, 0xba, 0x94, 0x5a, 0xf9, 0x21, 0x76, 0x0,
    0xf4, 0x7e, 0x4b, 0xb, 0xdf, 0xd2, 0x81, 0x47,
    0x40, 0x80, 0x71, 0xab, 0xd6, 0xfe, 0x42, 0x1,
    0x46, 0xe9, 0xc0, 0x3f, 0x65, 0x42, 0x90, 0x13,
    0x57, 0x6b, 0x90, 0x7, 0xf9, 0xd1, 0xe7, 0x3f,
    0x65, 0x44, 0x3, 0xfe,

    /* U+53CC "双" */
    0x2, 0xff, 0xfd, 0xc7, 0xff, 0xfd, 0x20, 0x1f,
    0xfc, 0xb3, 0x0, 0x8a, 0x23, 0xca, 0x0, 0x10,
    0x3, 0xcc, 0xe2, 0x3, 0x0, 0xce, 0xce, 0xf8,
    0xc1, 0x48, 0x1, 0xac, 0xd8, 0xc3, 0xc0, 0x33,
    0x73, 0x0, 0x4a, 0x4, 0x4, 0x4, 0x1, 0x10,
    0x82, 0x80, 0x6f, 0x9, 0x10, 0x1, 0x87, 0x83,
    0x86, 0x0, 0x4e, 0x0, 0x30, 0xd, 0x22, 0x16,
    0x8, 0x0, 0x40, 0xc0, 0x50, 0xb, 0x0, 0xc0,
    0x3d, 0x60, 0xa9, 0xa0, 0x24, 0x8, 0x2, 0x60,
    0x7, 0x4, 0x0, 0xf2, 0xa0, 0x53, 0x83, 0x80,
    0x8, 0x42, 0xc0, 0xc4, 0x2c, 0x3, 0xe9, 0x1,
    0x10, 0x68, 0x4, 0xc0, 0xa1, 0x40, 0x46, 0x1,
    0xf1, 0x38, 0x0, 0x50, 0x2, 0xa0, 0x26, 0x60,
    0x50, 0x7, 0xf6, 0x0, 0x8, 0x3, 0x11, 0x84,
    0x80, 0x18, 0x3, 0xfa, 0x0, 0x6, 0xa0, 0x1a,
    0x0, 0x27, 0x10, 0xf, 0xcc, 0x60, 0x15, 0x80,
    0x65, 0x0, 0xa8, 0x3, 0xf0, 0xc8, 0x16, 0x0,
    0xc0, 0x5, 0xa0, 0x17, 0x0, 0x7e, 0xd0, 0x4,
    0x9b, 0x2, 0x80, 0x30, 0xc0, 0xc0, 0xe8, 0x3,
    0xd2, 0x60, 0xc8, 0x10, 0xda, 0x5a, 0x60, 0xb8,
    0xa0, 0xb6, 0x1, 0x99, 0x80, 0x72, 0x0, 0x19,
    0x4c, 0x20, 0x5a, 0xa, 0x30, 0x4c, 0x20, 0x5,
    0x0, 0xf0, 0x6, 0x8b, 0x10, 0x6a, 0x0, 0xb4,
    0xc0, 0xfc, 0x1, 0xa5, 0x44, 0x1, 0xb4, 0x1,
    0x32, 0x0, 0xc3, 0x88, 0x12, 0x0, 0x1d, 0x40,
    0xe, 0x58, 0xc6, 0x0, 0xfa, 0xec, 0x80,

    /* U+53CD "反" */
    0x0, 0xff, 0xe2, 0x9, 0xab, 0x88, 0x6, 0x34,
    0x56, 0x63, 0xc4, 0xd6, 0x6f, 0x7f, 0x65, 0x42,
    0x80, 0x6d, 0xba, 0x99, 0x43, 0xb2, 0x99, 0x8,
    0x7, 0x10, 0x7, 0xf0, 0x91, 0xa2, 0xbc, 0x4d,
    0xe7, 0x7b, 0x0, 0x7a, 0x3f, 0xdd, 0xb9, 0x75,
    0xe, 0xc8, 0x62, 0x1, 0xff, 0xd2, 0xc7, 0x7f,
    0xfe, 0xa, 0x0, 0x7c, 0x91, 0x1f, 0xfc, 0x1f,
    0x0, 0xff, 0xe4, 0x88, 0x7, 0xd0, 0xc0, 0x3d,
    0xff, 0xea, 0x0, 0x68, 0x7, 0x8, 0xc, 0x0,
    0xc8, 0x7, 0xa4, 0x5, 0xc0, 0x3f, 0xb, 0x3,
    0x98, 0x6, 0x53, 0x9, 0x0, 0xfc, 0x61, 0x22,
    0x1c, 0x20, 0x1, 0xb0, 0x27, 0x0, 0xe2, 0x0,
    0x8, 0x2, 0xc0, 0xa8, 0x1, 0xa2, 0x12, 0x1,
    0xe7, 0x0, 0x30, 0x1, 0x58, 0x12, 0xec, 0x60,
    0xe8, 0x1, 0xed, 0x0, 0x10, 0x5, 0x28, 0x8,
    0x80, 0x48, 0x0, 0xf9, 0x41, 0x0, 0x3b, 0x0,
    0x36, 0x0, 0x7c, 0xa4, 0x1a, 0x1, 0x36, 0xc0,
    0x6, 0x8d, 0x50, 0xe, 0x80, 0x3, 0x94, 0x74,
    0x90, 0x15, 0xd8, 0x40, 0xab, 0xa0, 0x82, 0x8,
    0x1f, 0x74, 0xe2, 0x3, 0x1a, 0x88, 0xe7, 0x0,
    0xb, 0xec, 0x68, 0xc, 0xa8, 0x0, 0x63, 0x9c,
    0x3, 0x47, 0x38, 0x80, 0x29, 0x6e, 0xc3, 0xb,
    0x5c, 0xe0, 0x1f, 0xc, 0x75, 0x39, 0x0,

    /* U+53D1 "发" */
    0x0, 0xfe, 0x98, 0x30, 0x9, 0x54, 0x1, 0xfd,
    0xbc, 0xe0, 0x1, 0x67, 0x60, 0x0, 0xdd, 0x61,
    0x0, 0x78, 0x48, 0x40, 0x22, 0x0, 0x30, 0x0,
    0xd4, 0xf, 0x5c, 0x3, 0x9c, 0x0, 0x80, 0x6,
    0x0, 0x10, 0x0, 0xae, 0x84, 0x4, 0x3, 0xb0,
    0x4, 0xc0, 0x1a, 0x2, 0x20, 0xc, 0xbd, 0xc,
    0x1, 0xce, 0x3, 0xff, 0x38, 0xf, 0xff, 0xd1,
    0xff, 0x18, 0x7, 0xff, 0x29, 0xc0, 0x1d, 0x77,
    0xa0, 0x1, 0x17, 0x7f, 0xf2, 0x80, 0xd, 0x13,
    0x70, 0x1, 0xd1, 0x3f, 0xe1, 0x0, 0xf9, 0xc0,
    0xc4, 0x7f, 0x80, 0x3f, 0xc8, 0x20, 0x7d, 0xdf,
    0xe0, 0xf, 0xee, 0x0, 0xff, 0xe4, 0x92, 0x80,
    0x4d, 0xbb, 0xd6, 0x0, 0x50, 0xf, 0xd0, 0x0,
    0x30, 0x61, 0x22, 0xde, 0x0, 0x90, 0xf, 0x8d,
    0x41, 0x34, 0x43, 0x84, 0x0, 0xe8, 0x10, 0x40,
    0x1f, 0x70, 0x2, 0x46, 0xc0, 0xb0, 0x62, 0x0,
    0xae, 0x1, 0xf4, 0x90, 0x39, 0x2, 0xc0, 0x17,
    0xb8, 0x25, 0x0, 0x7c, 0xcc, 0x3, 0x80, 0x9,
    0xcc, 0x4, 0x6, 0x80, 0x3e, 0x49, 0x1, 0xe0,
    0x9, 0x74, 0xc0, 0x21, 0xf6, 0x0, 0xf4, 0x80,
    0x28, 0x89, 0x1d, 0x44, 0x7, 0x46, 0x3, 0x3f,
    0x48, 0x1, 0x58, 0x48, 0x6e, 0x9c, 0x40, 0xab,
    0x17, 0x24, 0x40, 0xb, 0x7e, 0x20, 0xd2, 0xce,
    0x40, 0x5, 0xbd, 0x50, 0x9, 0xba, 0x8c, 0x0,
    0x62, 0x0, 0x60, 0x36, 0x8e, 0xa4, 0x0, 0xf9,
    0x73, 0x62, 0x0,

    /* U+53D6 "取" */
    0x6, 0x6f, 0xf1, 0x0, 0x7f, 0x86, 0x67, 0xfc,
    0xa8, 0x9f, 0x8c, 0x0, 0x40, 0x1, 0x22, 0x80,
    0x2, 0x17, 0x7f, 0xb8, 0x7, 0x48, 0x23, 0x76,
    0x20, 0xb6, 0x0, 0xff, 0xe4, 0x88, 0x2, 0xbf,
    0xe7, 0x6, 0x0, 0xe1, 0x22, 0x8c, 0x2, 0x20,
    0x20, 0x8, 0x80, 0x80, 0x3a, 0x37, 0x61, 0x0,
    0x9c, 0x38, 0x2, 0x70, 0xf0, 0xf, 0xfe, 0xe,
    0x82, 0x80, 0x44, 0xa, 0x1, 0xd3, 0xff, 0x10,
    0x4, 0x60, 0x60, 0x4, 0x0, 0x18, 0x7, 0xff,
    0x5, 0x0, 0x8, 0x18, 0x6, 0x1, 0xe1, 0x22,
    0x8c, 0x3, 0x18, 0x60, 0x20, 0x58, 0x7, 0xa3,
    0x76, 0x10, 0xd, 0x60, 0xc4, 0x60, 0xa0, 0x1f,
    0xfc, 0x35, 0x1, 0xf0, 0x22, 0x0, 0x7a, 0x7f,
    0xe2, 0x0, 0xc4, 0x80, 0x41, 0x60, 0x1f, 0xfc,
    0x58, 0x0, 0xb, 0x0, 0x7f, 0x84, 0xc2, 0x64,
    0x0, 0x70, 0x8, 0x40, 0x3e, 0xab, 0xee, 0x8,
    0x1a, 0x80, 0xd0, 0x0, 0x74, 0x2, 0x6f, 0x20,
    0x34, 0x10, 0x8, 0xe8, 0x34, 0x44, 0xe0, 0x74,
    0x0, 0x30, 0x0, 0xa3, 0xd6, 0x10, 0x4b, 0x59,
    0x85, 0x42, 0x82, 0xd0, 0x25, 0xf7, 0x2e, 0x14,
    0xc0, 0x7, 0x88, 0x12, 0x81, 0x46, 0xb, 0x42,
    0x82, 0x1, 0xf1, 0x88, 0x43, 0x0, 0x58, 0x61,
    0xe0, 0x1f, 0xf4, 0xc9, 0xc0, 0x3b, 0x1d, 0x40,

    /* U+53EA "只" */
    0x0, 0xff, 0xe6, 0x1f, 0xff, 0xff, 0x10, 0xc0,
    0x3f, 0xfa, 0x33, 0x77, 0xfe, 0x90, 0xf, 0xf2,
    0x27, 0xfc, 0xa0, 0x1f, 0xff, 0xf0, 0xf, 0xff,
    0xd, 0x33, 0x7f, 0xac, 0x3, 0xfc, 0xf3, 0x3f,
    0xe7, 0x0, 0xff, 0xe8, 0x9f, 0xff, 0xff, 0x10,
    0xc0, 0x3f, 0x4e, 0x0, 0x7a, 0xe8, 0x3, 0xfe,
    0x96, 0x3a, 0x0, 0xd2, 0x8b, 0x60, 0x1f, 0xd4,
    0xc0, 0x30, 0x1, 0xa0, 0x81, 0x34, 0x40, 0x3d,
    0x6a, 0x3, 0x84, 0x1, 0x87, 0xc, 0xb, 0xc8,
    0x2, 0x2d, 0x40, 0x1c, 0x20, 0xf, 0xe, 0x20,
    0xe, 0xa0, 0x36, 0x90, 0x17, 0x90, 0x7, 0xf5,
    0xa8, 0x2, 0xd4, 0x2, 0x4d, 0x10, 0xf, 0xfa,
    0x98, 0x5, 0xd9, 0x8f, 0x60, 0x1f, 0xfc, 0x29,
    0x7d, 0x20, 0x98, 0x0, 0xff, 0xe2, 0x41, 0x80,

    /* U+53EF "可" */
    0x6f, 0xff, 0xfe, 0x47, 0x8, 0x7, 0xff, 0x25,
    0x6e, 0xff, 0xf8, 0x6e, 0x0, 0x9b, 0xa2, 0x44,
    0xff, 0xe1, 0xe0, 0x1, 0x12, 0x0, 0xff, 0xe6,
    0xf7, 0x7f, 0x84, 0x3, 0xfe, 0x11, 0xff, 0x0,
    0x7f, 0xf0, 0x9e, 0x67, 0x38, 0x7, 0xff, 0x13,
    0x19, 0xb5, 0x80, 0x7f, 0xff, 0xc0, 0x3e, 0x11,
    0xe7, 0x0, 0xff, 0xe2, 0x57, 0x76, 0xb0, 0xf,
    0xfe, 0xc6, 0xef, 0xf8, 0x40, 0x3f, 0xe2, 0x2f,
    0xf0, 0x4, 0x20, 0x3, 0x0, 0xff, 0xe0, 0x9b,
    0xbe, 0x80, 0x0, 0x80, 0x7f, 0xf0, 0x5a, 0x23,
    0x10, 0x10, 0x7, 0xff, 0x9, 0xc0, 0x30, 0xa7,
    0x0, 0x40,

    /* U+53F3 "右" */
    0x0, 0xfe, 0x25, 0x30, 0xf, 0xfe, 0x3c, 0x56,
    0x8, 0x7, 0xff, 0x19, 0x40, 0xc4, 0x3, 0xfc,
    0x89, 0xf3, 0x80, 0x19, 0x13, 0xf8, 0x45, 0x77,
    0xf4, 0x0, 0x16, 0xef, 0xf9, 0x80, 0x3f, 0xf9,
    0x43, 0xbb, 0xe4, 0x0, 0x5e, 0xef, 0xf9, 0x80,
    0x8b, 0x85, 0x1, 0x50, 0x8b, 0xfc, 0x20, 0x1e,
    0xf0, 0x4, 0x0, 0x7f, 0xf1, 0x60, 0xc2, 0x8,
    0x3, 0xff, 0x88, 0x8e, 0x1, 0x3b, 0xff, 0x90,
    0x3, 0x8e, 0x80, 0x28, 0x8f, 0xfb, 0x40, 0x31,
    0x68, 0x80, 0x7f, 0xf1, 0x8f, 0x4, 0x2, 0xcf,
    0xff, 0xe3, 0x0, 0xcd, 0x82, 0xc, 0x1, 0xff,
    0xc5, 0xe0, 0x4, 0x58, 0x7, 0xff, 0x16, 0x42,
    0x5c, 0x3, 0xff, 0x8c, 0x3a, 0xc0, 0x1f, 0xfc,
    0x82, 0x0, 0xe4, 0x55, 0xfe, 0x10, 0xf, 0xfa,
    0x2a, 0xbf, 0x88, 0x3, 0xff, 0xab, 0x9f, 0xff,
    0xc6, 0x1, 0xff, 0xce,

    /* U+5408 "合" */
    0x0, 0xff, 0x33, 0x4, 0x3, 0xff, 0x8d, 0x33,
    0x50, 0x7, 0xff, 0x15, 0x98, 0x0, 0x48, 0x0,
    0xff, 0xe1, 0xb4, 0x81, 0xa8, 0x3b, 0x80, 0x3f,
    0xf8, 0x2f, 0x20, 0x5b, 0x46, 0x11, 0x20, 0x1f,
    0xe1, 0xa8, 0x2, 0xc1, 0xd, 0x30, 0x6b, 0x10,
    0xf, 0x8f, 0xd4, 0xf, 0x4, 0x0, 0x38, 0x80,
    0x9e, 0xa0, 0x18, 0x67, 0x4, 0x17, 0x40, 0x47,
    0xa9, 0x80, 0x6b, 0xc, 0x1b, 0x98, 0x2, 0x5e,
    0xef, 0xcc, 0x2, 0x7, 0x94, 0x20, 0x4, 0xe0,
    0xf, 0xfe, 0x7, 0x38, 0x3, 0x5c, 0xaa, 0xc7,
    0x77, 0xff, 0x80, 0x11, 0xac, 0xe1, 0xaa, 0x0,
    0x22, 0xff, 0xe0, 0x0, 0xa, 0x40, 0x32, 0x27,
    0xff, 0x10, 0x3, 0xd5, 0x77, 0xff, 0xc2, 0xa0,
    0xf, 0xfe, 0x93, 0xff, 0xff, 0xa0, 0x3, 0xff,
    0xfe, 0xf, 0xff, 0xfe, 0x80, 0xf, 0xfe, 0xa2,
    0xe6, 0x7f, 0x98, 0x3, 0xfc, 0x46, 0x7f, 0xee,
    0x0, 0xfd, 0xdf, 0x0, 0x1f, 0xe7, 0xfe, 0x0,
    0x80,

    /* U+540E "后" */
    0x0, 0xff, 0xe1, 0x89, 0xab, 0xa8, 0x7, 0x22,
    0xa9, 0x9e, 0x26, 0xaf, 0x3b, 0xfb, 0x2a, 0x24,
    0x3, 0x1d, 0xd5, 0x26, 0x1d, 0x95, 0xc, 0x40,
    0x38, 0x40, 0x3f, 0x9, 0x1a, 0x2b, 0x3c, 0x55,
    0xef, 0x7e, 0x80, 0x7d, 0xbd, 0xb9, 0x75, 0x30,
    0xea, 0x84, 0x20, 0x1f, 0xfd, 0x35, 0x5f, 0xfe,
    0x21, 0x0, 0x74, 0x55, 0x7f, 0xf0, 0xd0, 0x3,
    0x88, 0xbf, 0xf8, 0x86, 0x1, 0xd9, 0xbb, 0xff,
    0xc3, 0x50, 0x3, 0x80, 0x7f, 0xf3, 0x4, 0x46,
    0x7f, 0xfc, 0x1, 0x0, 0xc4, 0x1, 0x3e, 0x67,
    0xff, 0x1, 0xc0, 0x37, 0x1, 0x0, 0x7f, 0xf1,
    0xc8, 0x18, 0x2, 0x1f, 0xff, 0xc2, 0x1, 0xe4,
    0x2, 0x0, 0xff, 0xe3, 0x18, 0x86, 0x0, 0x7f,
    0xf1, 0xa8, 0x0, 0x80, 0x1f, 0xfc, 0x51, 0x60,
    0x41, 0x0, 0x87, 0xff, 0xf0, 0x80, 0x69, 0x0,
    0x70, 0x7, 0xff, 0x1b, 0x40, 0x94, 0x3, 0xf,
    0x77, 0xe1, 0x0, 0xcb, 0x70, 0x1, 0xe1, 0x1f,
    0xc0, 0x1c,

    /* U+5411 "向" */
    0x0, 0xfc, 0xca, 0x40, 0x1f, 0xfc, 0x42, 0x9a,
    0xa0, 0x7, 0xff, 0x12, 0xc0, 0x14, 0x1, 0xfc,
    0x4a, 0xbe, 0x70, 0x17, 0x55, 0xfc, 0x2b, 0x55,
    0xe1, 0x1, 0xaa, 0xfe, 0x40, 0xf, 0xfe, 0x50,
    0xff, 0xff, 0xf0, 0x78, 0x3, 0xff, 0xa0, 0x4a,
    0xbf, 0x88, 0x3, 0xfc, 0x95, 0x5f, 0x90, 0x3,
    0xff, 0xa8, 0x3f, 0xf8, 0x40, 0x3f, 0xff, 0xc2,
    0x89, 0x84, 0x3, 0xff, 0x87, 0x77, 0x80, 0x3f,
    0xfa, 0xad, 0xff, 0xf9, 0x80, 0x3f, 0xf8, 0xa2,
    0x89, 0x48, 0x7, 0xff, 0xc, 0xae, 0xe7, 0x0,
    0x30, 0x7, 0xff, 0x0, 0xc0, 0x30, 0xc1, 0xbf,
    0xf0, 0x7, 0xfb, 0xff, 0x73, 0x80,

    /* U+542F "启" */
    0x0, 0xff, 0x34, 0x20, 0x7, 0xff, 0x1a, 0x1e,
    0x0, 0x3f, 0xf8, 0xce, 0x6, 0x40, 0x1f, 0xc9,
    0xff, 0xf3, 0x0, 0x37, 0xff, 0xd0, 0x1, 0xff,
    0xce, 0xcd, 0xdf, 0xfe, 0x0, 0x80, 0x7c, 0x45,
    0xff, 0xc1, 0x0, 0xff, 0xe8, 0xf7, 0xff, 0xff,
    0x0, 0x40, 0x3f, 0xf9, 0xa2, 0x0, 0xbc, 0xcf,
    0xfe, 0x14, 0x80, 0x72, 0x19, 0xff, 0xf0, 0x84,
    0x0, 0x40, 0x1f, 0xfc, 0x8f, 0x1, 0x5f, 0xff,
    0xfe, 0x10, 0x80, 0xc, 0x14, 0x3, 0xff, 0x8c,
    0xa0, 0x60, 0x16, 0x6e, 0xfe, 0x80, 0xc, 0x42,
    0x1a, 0x1, 0x11, 0x7f, 0x80, 0x35, 0x0, 0x10,
    0x3, 0xff, 0x8a, 0xc0, 0x82, 0x1, 0xff, 0xc4,
    0x51, 0xe, 0x0, 0xdf, 0xdd, 0xfa, 0x80, 0x2e,
    0x1, 0x50, 0xc, 0x23, 0xfc, 0x1, 0xa8, 0xe4,
    0x3, 0xb3, 0x3f, 0xa0, 0x2, 0x1c, 0x60, 0xe,
    0x23, 0x3f, 0xc4, 0x1, 0x0,

    /* U+547D "命" */
    0x0, 0xfe, 0x48, 0x80, 0x80, 0x7f, 0xf1, 0x56,
    0xdd, 0xd8, 0x20, 0x1f, 0xfc, 0x36, 0xa0, 0x8,
    0xb0, 0xc0, 0x3f, 0xf8, 0x35, 0x20, 0x5d, 0x20,
    0x58, 0xc0, 0x1f, 0xe4, 0xd5, 0x4, 0xd1, 0x6b,
    0x10, 0x9b, 0x20, 0xf, 0xc, 0xd9, 0x4, 0x58,
    0x4, 0x9e, 0x60, 0x9a, 0xe0, 0x1a, 0x39, 0x80,
    0x10, 0x68, 0x9c, 0xb0, 0x80, 0x8, 0xe6, 0xa,
    0x70, 0x4, 0xc, 0x5d, 0xfe, 0x47, 0x40, 0x19,
    0xa9, 0x4, 0xe7, 0x0, 0xff, 0xb6, 0xec, 0x41,
    0x27, 0x96, 0x21, 0xdf, 0xff, 0xe5, 0x4, 0xdb,
    0x30, 0x30, 0xf, 0xfe, 0x32, 0x0, 0x5d, 0xff,
    0xe4, 0xb, 0xff, 0xfc, 0x1, 0x84, 0x3, 0xff,
    0x97, 0x5b, 0xa1, 0x0, 0xe7, 0xee, 0xac, 0x3,
    0xf3, 0x11, 0xc, 0x3, 0xbc, 0x46, 0x70, 0xf,
    0xff, 0x42, 0xa2, 0xc, 0x3, 0xf9, 0x0, 0x3f,
    0x4d, 0xd8, 0x40, 0x3d, 0x1f, 0xe8, 0x1, 0x0,
    0xc4, 0x23, 0xe0, 0xe, 0xe0, 0xd, 0x0, 0x1b,
    0x7b, 0xbc, 0x80, 0x19, 0xb3, 0x2f, 0x60, 0xf,
    0xfe, 0x29, 0x9c, 0x1, 0xff, 0xce,

    /* U+54CD "响" */
    0x0, 0xff, 0xe0, 0x55, 0xc, 0x3, 0xff, 0x88,
    0x2a, 0xa0, 0xf, 0x33, 0xbe, 0x60, 0xe, 0x70,
    0x13, 0x0, 0xe8, 0x8f, 0x6, 0x6e, 0xd2, 0x3,
    0xbb, 0xd8, 0x0, 0x33, 0x0, 0x44, 0x58, 0x2,
    0x22, 0xf0, 0x3, 0x74, 0x1, 0xd3, 0x77, 0xf5,
    0x0, 0x7f, 0xc8, 0x9f, 0xc0, 0x1f, 0xfd, 0x41,
    0xff, 0xe1, 0x0, 0xff, 0xeb, 0xaf, 0x28, 0x7,
    0xff, 0x14, 0xc4, 0x3, 0xff, 0xfe, 0x1, 0xff,
    0xc1, 0x44, 0x0, 0x7e, 0x6f, 0x50, 0xf, 0xaa,
    0x80, 0x1f, 0xfc, 0x61, 0x18, 0xc0, 0x30, 0xf7,
    0x70, 0x80, 0x77, 0xf7, 0x34, 0x3, 0x84, 0x63,
    0x31, 0x30, 0x1, 0x98, 0x20, 0x1f, 0xf6, 0xed,
    0x0, 0x51, 0x20, 0x1f, 0xfc, 0x3, 0x0, 0x8f,
    0xc0, 0x3e, 0xcc, 0x10, 0x6, 0xcf, 0xfb, 0xc,

    /* U+5524 "唤" */
    0x0, 0xff, 0x94, 0x40, 0x3f, 0xf8, 0xc9, 0x5c,
    0x20, 0x1f, 0xfc, 0x58, 0x3, 0x54, 0x48, 0xc0,
    0x2e, 0xff, 0xe1, 0x0, 0x29, 0x81, 0xdd, 0xee,
    0x0, 0xff, 0x86, 0xc0, 0x8c, 0xe1, 0x1, 0x0,
    0xeb, 0xd0, 0xd, 0xa2, 0x9b, 0x98, 0xd0, 0x4,
    0x80, 0x73, 0x10, 0x5, 0x26, 0x34, 0x1, 0x40,
    0xaa, 0x80, 0x3f, 0xa5, 0x82, 0x8, 0xcc, 0xac,
    0x1e, 0x66, 0x0, 0xfd, 0xa0, 0x9, 0xcc, 0xa8,
    0x1, 0x59, 0x81, 0x0, 0xf9, 0x28, 0x0, 0x22,
    0x0, 0x84, 0x40, 0x1f, 0xf2, 0x0, 0x3b, 0x96,
    0x5, 0xdc, 0x10, 0xf, 0xff, 0x41, 0x80, 0x4,
    0x40, 0x10, 0x88, 0x0, 0x60, 0x1f, 0x2e, 0x80,
    0x3b, 0x96, 0x5, 0xdc, 0x10, 0xd6, 0x0, 0xff,
    0xe4, 0x18, 0x1, 0xd0, 0x0, 0xbf, 0xfc, 0x40,
    0x9, 0xff, 0xca, 0x0, 0xab, 0x0, 0xfa, 0x8,
    0x1, 0x24, 0x1, 0xff, 0xc2, 0x87, 0x8, 0x40,
    0xc2, 0x0, 0xed, 0xff, 0x84, 0x1b, 0x5c, 0x15,
    0xe8, 0x45, 0xae, 0x0, 0x44, 0x18, 0x5, 0x3d,
    0x24, 0xf, 0x40, 0x38, 0x21, 0x1c, 0x95, 0x62,
    0x1, 0x10, 0x82, 0x6c, 0x0, 0x45, 0xea, 0x2,
    0xc0, 0x1e, 0x87, 0xdb, 0x20, 0xe, 0x1a, 0xc8,
    0x20,

    /* U+56DB "四" */
    0x5e, 0xef, 0xfe, 0x32, 0x98, 0x8f, 0xff, 0x18,
    0xc0, 0x2a, 0xa8, 0x0, 0xd5, 0x46, 0x0, 0x55,
    0x40, 0x1c, 0x2a, 0xb0, 0x87, 0xaa, 0xb0, 0x5,
    0x56, 0x10, 0xf, 0xfe, 0x91, 0x80, 0x7f, 0xf1,
    0x44, 0x3, 0xff, 0x92, 0x20, 0x1f, 0xfc, 0x42,
    0x0, 0x30, 0x7, 0xff, 0x11, 0x0, 0x4, 0x1,
    0x84, 0x3, 0xfc, 0x30, 0xc, 0x1, 0xe7, 0x33,
    0x8, 0x7, 0xa8, 0x42, 0x0, 0x27, 0x0, 0x46,
    0x60, 0x3, 0xd6, 0x81, 0x42, 0x1, 0x14, 0x88,
    0x7, 0xf7, 0x4, 0xa8, 0x7, 0x37, 0x7f, 0x70,
    0x40, 0x39, 0x79, 0x80, 0x3f, 0x84, 0x40, 0x1f,
    0x8, 0x7, 0xff, 0x14, 0x55, 0x7f, 0xf8, 0x42,
    0x1, 0xd5, 0x5f, 0xfc, 0x20, 0xf, 0xfe, 0x68,
    0xff, 0xff, 0xf0, 0x84, 0x3, 0xff, 0x94,

    /* U+56DE "回" */
    0x25, 0x5f, 0xfe, 0x31, 0x2d, 0x57, 0xff, 0x19,
    0x40, 0x3f, 0xf9, 0x43, 0xbb, 0xff, 0xc2, 0x10,
    0xe, 0x22, 0xff, 0xe1, 0x0, 0x7f, 0x11, 0x7e,
    0x10, 0xf, 0xf1, 0xee, 0xfe, 0xc0, 0xf, 0xfe,
    0xa0, 0xff, 0xeb, 0x0, 0xff, 0xff, 0x91, 0x70,
    0x7, 0xff, 0x8, 0x77, 0x74, 0x80, 0x7f, 0xf5,
    0xf, 0xff, 0xf6, 0x80, 0x7f, 0xf3, 0xc4, 0xcf,
    0xff, 0x84, 0x20, 0x1d, 0x99, 0xff, 0xc2, 0x0,
    0xff, 0xe6, 0x8e, 0xef, 0xff, 0x8, 0x40, 0x38,
    0x8b, 0xff, 0x84, 0x1, 0x0,

    /* U+56FE "图" */
    0x23, 0x3f, 0xfe, 0x30, 0xfe, 0x67, 0xff, 0x19,
    0x0, 0x2, 0x45, 0xff, 0xc2, 0x0, 0xe8, 0xdd,
    0xad, 0xa7, 0x77, 0xf0, 0x80, 0x7c, 0x72, 0x9b,
    0x33, 0xe2, 0x0, 0xfc, 0x78, 0x0, 0x66, 0xfc,
    0x1, 0xf2, 0xe0, 0x1, 0x3b, 0xfd, 0xa4, 0x8,
    0x80, 0xf, 0xa0, 0x29, 0x11, 0xa2, 0xb8, 0x4b,
    0x60, 0x1f, 0xbf, 0x16, 0xd4, 0xfa, 0x86, 0x28,
    0x3, 0xf8, 0x8c, 0x9d, 0xc0, 0x1b, 0x54, 0x40,
    0x3e, 0x19, 0xdd, 0x41, 0x1d, 0x38, 0xad, 0x77,
    0x18, 0x3, 0x85, 0xc8, 0x49, 0xf9, 0x63, 0xa9,
    0x44, 0x4a, 0x1, 0xea, 0xbe, 0x77, 0x6f, 0xdc,
    0x5, 0xf6, 0x18, 0x7, 0x91, 0x1, 0x30, 0xa4,
    0x8f, 0x4e, 0x6, 0x1, 0xf8, 0xd4, 0x5e, 0xb7,
    0xf2, 0x14, 0x3, 0xfd, 0x75, 0xbf, 0x92, 0xc0,
    0xe6, 0x1, 0xfe, 0xb8, 0x52, 0x36, 0x9c, 0xfc,
    0x50, 0xf, 0xe3, 0x7a, 0xde, 0xb8, 0x41, 0x32,
    0x0, 0xfb, 0xd1, 0x39, 0x40, 0xfe, 0xa4, 0x91,
    0x2, 0x1, 0x9a, 0xef, 0xfd, 0x35, 0x76, 0x0,
    0xe2, 0x33, 0xff, 0xe1, 0x0, 0x75, 0xe6, 0x7f,
    0xf0, 0x84, 0x0,

    /* U+5728 "在" */
    0x0, 0xfe, 0xb9, 0x30, 0xf, 0xfe, 0x3a, 0xa3,
    0x8, 0x7, 0xff, 0x1f, 0x80, 0x88, 0x1, 0xff,
    0xc0, 0x8e, 0xef, 0x20, 0x17, 0x77, 0xfc, 0x20,
    0x42, 0x3e, 0x0, 0x84, 0x7f, 0xe0, 0x7, 0x4c,
    0xe8, 0x0, 0x24, 0xcf, 0xff, 0x0, 0x41, 0x19,
    0xb7, 0x0, 0x29, 0x9b, 0xff, 0x80, 0x1, 0xe3,
    0x60, 0x61, 0x0, 0x8b, 0xb8, 0x40, 0x1f, 0xf7,
    0x80, 0x20, 0x3, 0x8, 0xe0, 0xf, 0xf4, 0x18,
    0x40, 0x80, 0x7f, 0xf1, 0x51, 0xc0, 0x9c, 0x3,
    0xff, 0x8a, 0x56, 0x0, 0x70, 0x6f, 0xfd, 0x80,
    0xc, 0xff, 0xce, 0x0, 0x2c, 0x0, 0xff, 0xe4,
    0xe0, 0x80, 0x72, 0x5d, 0xe8, 0x0, 0x4d, 0xde,
    0x50, 0x2, 0x4, 0x28, 0x4, 0x48, 0x9c, 0x0,
    0x54, 0x4c, 0x40, 0x9, 0x87, 0x0, 0xff, 0xe4,
    0x1b, 0x80, 0x7f, 0xff, 0x57, 0xff, 0xb0, 0x1,
    0x9f, 0xfc, 0x80, 0x1f, 0xfd, 0x24, 0xbb, 0xff,
    0xe1, 0x28,

    /* U+5730 "地" */
    0x0, 0xff, 0xe0, 0xaa, 0x84, 0x3, 0xf1, 0x66,
    0x0, 0x3f, 0x5d, 0x28, 0x7, 0xe1, 0x33, 0x0,
    0x48, 0xa4, 0x1, 0xff, 0xc7, 0x9a, 0x40, 0xf,
    0xfe, 0x91, 0x98, 0x3, 0xff, 0x8a, 0x73, 0xd8,
    0xa0, 0x28, 0xa0, 0x4, 0x30, 0xf, 0xd7, 0x8c,
    0x20, 0x60, 0xd7, 0x20, 0xb, 0xc0, 0xb, 0x2b,
    0x84, 0x2, 0x10, 0xc, 0x20, 0x1c, 0x2a, 0x60,
    0xaa, 0x10, 0x3, 0x67, 0x10, 0x8, 0x37, 0xe0,
    0x3, 0xd6, 0x84, 0x0, 0x70, 0x0, 0xd3, 0x3,
    0x0, 0xfe, 0x30, 0xa, 0x71, 0xc4, 0x3, 0xce,
    0x1, 0xf4, 0xf1, 0x0, 0x7f, 0x8, 0x7, 0xf0,
    0x88, 0x3, 0xff, 0x80, 0x20, 0x1f, 0xfc, 0x41,
    0x58, 0x0, 0x18, 0x7, 0xff, 0x16, 0x9c, 0x0,
    0x20, 0x1f, 0xfc, 0x41, 0x31, 0x39, 0x0, 0xf9,
    0xa9, 0x40, 0x3f, 0x67, 0x66, 0x3e, 0x0, 0xe8,
    0x1, 0x2a, 0x40, 0x1f, 0xfc, 0x11, 0xac, 0x60,
    0x1, 0x3a, 0x80, 0x77, 0x7a, 0x0, 0x42, 0x2,
    0x40, 0x93, 0xba, 0x82, 0x10, 0xa4, 0x33, 0xf2,
    0xa0, 0x7c, 0xfd, 0xb1, 0x0, 0x48, 0x7, 0x79,
    0x9e, 0xa0, 0x1, 0x88, 0x7, 0xd0, 0xa2, 0x1,
    0xf8, 0xa1, 0x0,

    /* U+573A "场" */
    0x0, 0x85, 0x50, 0x3, 0xff, 0x8e, 0x95, 0x60,
    0x10, 0x8f, 0xfc, 0x1, 0xff, 0x67, 0x77, 0xf8,
    0x3, 0xff, 0xab, 0xfb, 0xbb, 0x14, 0x2, 0x60,
    0xf, 0xf8, 0x8b, 0xf, 0x28, 0x16, 0x48, 0x4,
    0xf5, 0x20, 0xa, 0xa1, 0x0, 0x51, 0x84, 0x11,
    0xa6, 0x1, 0xb1, 0x4c, 0x0, 0xaa, 0x10, 0x3d,
    0x70, 0x4d, 0x70, 0xf, 0x62, 0x98, 0x1, 0x54,
    0x31, 0x84, 0xf, 0x2, 0x67, 0xc2, 0xf, 0x52,
    0x0, 0xaa, 0x33, 0x80, 0x4f, 0x99, 0xf3, 0x0,
    0x7f, 0xf2, 0x44, 0x3, 0xf2, 0x7f, 0x84, 0x37,
    0xd0, 0x2b, 0xc8, 0xc, 0x3, 0xfc, 0x82, 0x44,
    0x5, 0x7, 0x3, 0x1, 0x0, 0xff, 0x78, 0x28,
    0x18, 0x88, 0x80, 0x27, 0x0, 0xf9, 0x1, 0x10,
    0x12, 0x16, 0x8, 0x0, 0x10, 0x10, 0xf, 0x7d,
    0x84, 0x83, 0x88, 0x30, 0x78, 0x8, 0x0, 0xc1,
    0xf2, 0x80, 0x35, 0x91, 0x20, 0x18, 0x41, 0x40,
    0xc0, 0x2, 0x10, 0x60, 0x2d, 0x6a, 0x81, 0xc0,
    0x30, 0xe, 0x0, 0x10, 0xc, 0x8d, 0x9d, 0x3c,
    0xa1, 0x46, 0x14, 0x22, 0x90, 0x3, 0x0, 0x80,
    0x2e, 0x4c, 0x1, 0x21, 0x4a, 0x12, 0x81, 0x4,
    0x69, 0x0, 0x60, 0x1f, 0x1f, 0x28, 0x4b, 0x3,
    0xae, 0x62, 0xc8, 0x10, 0x3, 0xf0, 0x80, 0xa0,
    0x2c, 0x18, 0x4, 0x2d, 0x20, 0x1f, 0xe1, 0xc8,
    0xa0, 0x7, 0xfd, 0xd2, 0x0,

    /* U+57FA "基" */
    0x0, 0xe2, 0x10, 0xf, 0xe2, 0x10, 0xf, 0xe7,
    0xdc, 0x0, 0xfc, 0xfb, 0x80, 0x1e, 0x4a, 0xa8,
    0xa, 0xab, 0xf8, 0xa, 0xa9, 0x20, 0x11, 0x2a,
    0x88, 0x0, 0xab, 0xf8, 0x80, 0xa, 0xa4, 0x0,
    0x9f, 0x74, 0xe0, 0x5b, 0xbf, 0x9c, 0xb, 0x75,
    0xe0, 0x10, 0x91, 0x3c, 0x0, 0x45, 0xfb, 0xc0,
    0x4, 0x50, 0x7, 0xe2, 0xff, 0xfd, 0x0, 0x1f,
    0xfc, 0x11, 0x77, 0xfc, 0x80, 0x1f, 0xfc, 0x13,
    0x88, 0xfd, 0x80, 0x1f, 0xfc, 0x12, 0xff, 0xfd,
    0x0, 0x1f, 0xfc, 0x11, 0x77, 0xfc, 0x80, 0x1f,
    0xfc, 0x13, 0x88, 0xfd, 0x80, 0x1f, 0x1f, 0xfd,
    0x0, 0x5f, 0xff, 0xa0, 0xb, 0xfe, 0xa0, 0x13,
    0x3c, 0x40, 0x1, 0x33, 0xe0, 0x0, 0x99, 0xe2,
    0x2, 0xcc, 0xb4, 0x40, 0xfb, 0x2d, 0x3f, 0x20,
    0x6, 0x33, 0x28, 0x0, 0xcb, 0xe6, 0x6d, 0x0,
    0x4b, 0xa8, 0x3c, 0x5, 0xd0, 0x80, 0x65, 0xda,
    0x12, 0x7a, 0xbb, 0x8, 0x55, 0xdb, 0xc, 0x57,
    0xa8, 0xc1, 0xa8, 0x86, 0xec, 0x89, 0x80, 0x6,
    0x89, 0x3f, 0xa0, 0x2f, 0x83, 0xb, 0x7a, 0x36,
    0xee, 0x10, 0x8d, 0xda, 0x86, 0xec, 0x70, 0x0,
    0xe9, 0x10, 0x1, 0x16, 0x0, 0x9, 0x14, 0x20,
    0x4, 0xc4, 0x0, 0xbb, 0xff, 0xe1, 0x9, 0xff,
    0xf9, 0x40, 0x30, 0x80, 0x7f, 0xf2, 0x0,

    /* U+590D "复" */
    0x0, 0xe3, 0xc9, 0x20, 0xf, 0xfe, 0x3f, 0x9a,
    0x10, 0x7, 0xff, 0x19, 0xcc, 0xb, 0xbb, 0xff,
    0x83, 0x80, 0x18, 0xe0, 0x2, 0x11, 0xff, 0xe1,
    0x0, 0x43, 0xa0, 0x5d, 0xff, 0xff, 0xc2, 0xd0,
    0x0, 0xe8, 0x80, 0xc4, 0xcf, 0xff, 0x4, 0x80,
    0x2c, 0x30, 0x1, 0xb3, 0x7f, 0xf0, 0x84, 0x2,
    0x70, 0x81, 0x8, 0xdd, 0xff, 0x58, 0x7, 0xad,
    0xdc, 0x0, 0xf1, 0x1f, 0xf8, 0x3, 0xc3, 0x0,
    0x13, 0xe6, 0x7f, 0xa8, 0x3, 0xfe, 0x7c, 0xcf,
    0xf5, 0x0, 0x7f, 0xc7, 0x55, 0xfe, 0xf0, 0xf,
    0xf9, 0x19, 0xbf, 0xca, 0x1, 0xfd, 0xfd, 0x0,
    0xa, 0xee, 0xff, 0x18, 0x7, 0x85, 0x60, 0x11,
    0x44, 0x7f, 0xc0, 0x1f, 0x2d, 0x80, 0x13, 0xff,
    0xfe, 0x30, 0xe, 0x8a, 0x0, 0x85, 0x13, 0xe3,
    0x0, 0x84, 0x2, 0x3d, 0x70, 0x57, 0x1, 0x8,
    0xbb, 0xa8, 0xcc, 0x5, 0x84, 0x1, 0x31, 0x4,
    0xd4, 0x61, 0x26, 0x61, 0xab, 0x9c, 0x23, 0x4c,
    0x3, 0x2c, 0x73, 0x0, 0xf, 0xcc, 0xe, 0x54,
    0x6, 0xdc, 0x3, 0xe7, 0x25, 0x8b, 0xed, 0x30,
    0x1, 0x0, 0x6, 0xff, 0x6a, 0x1c, 0x41, 0x3f,
    0x29, 0xd0, 0x44, 0xb5, 0xdb, 0xf4, 0xc4, 0x4,
    0xaf, 0x0, 0x4, 0x12, 0x47, 0xae, 0xe5, 0x28,
    0x80, 0x16, 0x77, 0xae, 0x19, 0x44, 0x1, 0xdb,
    0x70, 0xa2, 0x1, 0xfc, 0x28, 0xf3, 0x40,

    /* U+5976 "奶" */
    0x0, 0x84, 0xc8, 0x3, 0xff, 0x8e, 0x99, 0x20,
    0x1f, 0xfc, 0x72, 0x1, 0x0, 0x97, 0x77, 0xfc,
    0x20, 0x1b, 0x80, 0x80, 0x22, 0x2f, 0xf8, 0x3,
    0x8c, 0x38, 0x2, 0x48, 0x60, 0x4, 0x44, 0xa0,
    0x1, 0x0, 0x6f, 0xa8, 0x4f, 0xfc, 0xee, 0xd0,
    0x3, 0xbc, 0x60, 0x80, 0x11, 0x80, 0x7f, 0xf0,
    0xdc, 0x34, 0x2, 0xda, 0x0, 0x5d, 0x88, 0x1c,
    0x4, 0x3, 0x18, 0x83, 0x80, 0x46, 0x20, 0x48,
    0x83, 0x2, 0x0, 0x84, 0x1, 0x60, 0x62, 0x1,
    0x8c, 0x1c, 0x0, 0x20, 0x20, 0x60, 0x60, 0x3,
    0x3, 0xee, 0x38, 0x3, 0x43, 0x40, 0xc0, 0xc0,
    0x2, 0x2, 0x1, 0xc2, 0x20, 0x9, 0xc1, 0x1,
    0x41, 0x40, 0x1e, 0xe, 0x0, 0x9b, 0xb1, 0x0,
    0x80, 0x90, 0x18, 0x60, 0x78, 0x0, 0x80, 0x40,
    0x4, 0x88, 0x10, 0x9, 0x40, 0xa, 0x8, 0x8,
    0x0, 0x70, 0x20, 0xe, 0x10, 0x30, 0x54, 0xa,
    0xb1, 0x22, 0x0, 0x8, 0x34, 0x3, 0x8c, 0x2,
    0x1b, 0x60, 0x40, 0xa0, 0x1, 0x80, 0x1c, 0x3,
    0x84, 0x4, 0x2, 0x94, 0x0, 0x58, 0x85, 0x0,
    0x90, 0x7, 0xfc, 0x48, 0x0, 0x3c, 0x27, 0x7,
    0x0, 0xfc, 0xe0, 0x1, 0xf0, 0x18, 0x1, 0xa1,
    0xa, 0x0, 0xe3, 0x0, 0x8, 0x3, 0x48, 0x35,
    0xe6, 0x1c, 0x10, 0xc0, 0xd5, 0x4d, 0xe0, 0x2,
    0xc, 0x30, 0x93, 0x6, 0x80, 0x4, 0x0, 0x12,
    0xa9, 0x26, 0x6, 0x0, 0x40, 0x86, 0x0, 0xe7,
    0x30, 0x1, 0x80, 0x42, 0xba, 0x0, 0x8b, 0x70,
    0xd, 0x8d, 0x0, 0x12, 0x7f, 0xdd, 0x42, 0x0,

    /* U+5B57 "字" */
    0x0, 0xfe, 0x79, 0x90, 0x7, 0xff, 0x1f, 0x19,
    0x84, 0x1, 0xff, 0xc6, 0xf0, 0x5, 0x80, 0x7f,
    0xbf, 0xff, 0x58, 0x1, 0xbf, 0xfe, 0x90, 0x10,
    0xf, 0xfe, 0x63, 0xd5, 0x7f, 0xf0, 0x88, 0x3,
    0xd8, 0xab, 0xff, 0xc2, 0x10, 0xf, 0x84, 0x8b,
    0xff, 0x80, 0x1, 0xc3, 0x54, 0x5d, 0xdf, 0xfe,
    0xa, 0x45, 0x50, 0x0, 0xaa, 0x10, 0xf, 0xfe,
    0x12, 0x29, 0x80, 0x76, 0xf7, 0x7d, 0x42, 0x0,
    0x64, 0x0, 0xfc, 0x23, 0xf4, 0xd0, 0x8a, 0xe4,
    0x3, 0xff, 0x84, 0x3a, 0xe0, 0xbe, 0x80, 0x1e,
    0x23, 0x3f, 0xce, 0x40, 0xb2, 0x46, 0x7e, 0x9,
    0xcc, 0xfd, 0x20, 0x5, 0xcc, 0xfc, 0x60, 0x1f,
    0xfc, 0xab, 0xee, 0xfd, 0x60, 0xa, 0xee, 0xfc,
    0x60, 0x23, 0xf9, 0xc0, 0x21, 0x1f, 0xc0, 0x1f,
    0xfd, 0x2, 0x44, 0xa4, 0x0, 0x20, 0x1f, 0xfc,
    0x25, 0xbb, 0x94, 0x0, 0xc0, 0x1f, 0xfc, 0x24,
    0x0, 0xc3, 0x4, 0x1, 0xfc,

    /* U+5B58 "存" */
    0x0, 0xfc, 0xc8, 0x20, 0x1f, 0xfc, 0x64, 0x9b,
    0x70, 0xf, 0xfe, 0x36, 0x80, 0x1c, 0x3, 0xfe,
    0x1f, 0xff, 0x30, 0x3, 0xbf, 0xff, 0xd8, 0x1,
    0xff, 0xca, 0x1c, 0xce, 0x0, 0x16, 0x67, 0xff,
    0x3, 0x80, 0xcf, 0x20, 0x2, 0xc, 0xff, 0xf8,
    0x4, 0x1, 0x86, 0x0, 0x94, 0x8b, 0xff, 0x80,
    0x1, 0xd4, 0x0, 0x91, 0xdd, 0xff, 0xb8, 0x3,
    0x2a, 0x2, 0xa0, 0x7, 0xff, 0x1, 0xc0, 0x23,
    0xa0, 0x4, 0x0, 0xff, 0xfc, 0xc0, 0x2, 0x90,
    0x0, 0xe8, 0x4, 0x60, 0x1f, 0x27, 0x30, 0x36,
    0x90, 0xe, 0x8, 0x7, 0xf9, 0x2c, 0x45, 0x72,
    0x1, 0x49, 0x2, 0x0, 0x44, 0x67, 0xe0, 0x5,
    0xb9, 0x9e, 0xb0, 0x59, 0x0, 0xbb, 0x33, 0xa0,
    0x1, 0x59, 0x9b, 0x4e, 0x28, 0x3, 0x38, 0x8f,
    0x0, 0x42, 0x3c, 0x60, 0xe0, 0x1d, 0x7d, 0xdd,
    0x40, 0xf, 0xee, 0xda, 0x1, 0xff, 0xff, 0x26,
    0x6a, 0x0, 0x2, 0x1, 0xff, 0xc2, 0x19, 0x98,
    0x80, 0xc0, 0x3f, 0xf8, 0x66, 0x79, 0x1f, 0x40,
    0x3c,

    /* U+5B89 "安" */
    0x0, 0xfe, 0x38, 0xb3, 0x0, 0xff, 0xe3, 0xba,
    0x48, 0x7, 0xff, 0x18, 0xcc, 0xa, 0x20, 0x1f,
    0xc9, 0xff, 0xf8, 0xc0, 0x1d, 0xff, 0xed, 0x0,
    0xff, 0xe7, 0xd5, 0xdd, 0x57, 0x7f, 0xca, 0x1,
    0xf2, 0x26, 0xfa, 0xc4, 0x4f, 0x88, 0x3, 0x39,
    0x98, 0x2, 0x15, 0x12, 0x0, 0xfb, 0x8d, 0xc0,
    0x7, 0x98, 0x10, 0x4, 0x80, 0x24, 0x3, 0xe6,
    0xca, 0x1, 0x33, 0xf3, 0x1, 0x1, 0x9f, 0xf8,
    0x93, 0x33, 0xc2, 0x5, 0x99, 0xff, 0x70, 0x7,
    0xff, 0x29, 0x7f, 0xf2, 0x80, 0x2f, 0xff, 0xb0,
    0x0, 0xff, 0xf6, 0x0, 0x63, 0x50, 0x54, 0x0,
    0xe9, 0x0, 0x48, 0x7, 0xef, 0x0, 0x60, 0x7,
    0x22, 0x83, 0x8, 0x7, 0xc6, 0x20, 0x9, 0xe8,
    0x20, 0x2a, 0x1, 0x80, 0xf, 0xc7, 0xb6, 0xa0,
    0x2f, 0xb9, 0xe2, 0x14, 0x20, 0x1f, 0xe4, 0xae,
    0x71, 0x3, 0x20, 0x35, 0x0, 0xff, 0xe1, 0x79,
    0x80, 0x63, 0xea, 0x30, 0xf, 0x85, 0x23, 0x3a,
    0x8, 0x1a, 0xd0, 0x0, 0xb9, 0x85, 0x0, 0xd,
    0xf7, 0x2d, 0xcc, 0x5, 0xb6, 0x52, 0xf5, 0x80,
    0x7, 0x5a, 0x2, 0xa2, 0x0, 0x15, 0xae, 0x92,
    0x0, 0x8a, 0x79, 0xc0, 0x8, 0x0, 0x66, 0x4e,
    0xf5, 0x28, 0x7, 0xe1, 0x8e, 0x88, 0x0,

    /* U+5B8C "完" */
    0x0, 0xfe, 0x36, 0x80, 0xf, 0xfe, 0x3d, 0x4b,
    0xa0, 0x7, 0xff, 0x1b, 0x40, 0x1a, 0x1, 0xfe,
    0xbf, 0xff, 0xac, 0x0, 0xdf, 0xff, 0x60, 0x1,
    0xc0, 0x3f, 0xf9, 0x6b, 0x77, 0xff, 0xc2, 0x50,
    0xf, 0x12, 0x27, 0xff, 0x8, 0xc0, 0x34, 0xc6,
    0x0, 0x7f, 0xf0, 0xb6, 0x24, 0x0, 0xae, 0x3f,
    0xff, 0xfc, 0x20, 0x75, 0x0, 0xff, 0xe7, 0x2e,
    0xef, 0xff, 0x9, 0x0, 0x3e, 0x22, 0xff, 0xe1,
    0x0, 0x71, 0x9f, 0xff, 0x20, 0x7, 0x33, 0xff,
    0x90, 0x20, 0x1f, 0xfc, 0xa1, 0xff, 0xe5, 0x2,
    0xff, 0x94, 0x13, 0xff, 0xc2, 0x1, 0xe7, 0x6,
    0x0, 0xff, 0x4b, 0x88, 0x7, 0x19, 0x6, 0x0,
    0x7f, 0x9a, 0x14, 0x3, 0x1e, 0x80, 0x18, 0x3,
    0xff, 0x80, 0xe0, 0x3, 0xac, 0x10, 0x91, 0x0,
    0x8c, 0x14, 0xc8, 0x8a, 0x0, 0x11, 0x6e, 0x28,
    0x2, 0x98, 0x3, 0x78, 0xe, 0x6e, 0xa8, 0x4,
    0x85, 0xc0, 0xf, 0xca, 0x1, 0xcc, 0xc1, 0x0,
    0xc7, 0x40, 0x8, 0xaf, 0x81, 0x0, 0xfa, 0x7b,
    0xff, 0x62, 0x0,

    /* U+5B9A "定" */
    0x0, 0xfe, 0x57, 0x70, 0x7, 0xff, 0x1f, 0xe2,
    0x6, 0x1, 0xff, 0xc6, 0xf0, 0x5, 0x80, 0x7f,
    0xbb, 0xff, 0xea, 0x0, 0x3f, 0xff, 0xca, 0x1,
    0xff, 0xce, 0x8d, 0xdf, 0xfe, 0x10, 0x80, 0x78,
    0x48, 0xbf, 0xf8, 0x40, 0x1d, 0x54, 0x40, 0xf,
    0xfe, 0x15, 0x51, 0x0, 0x7, 0x5b, 0xff, 0xff,
    0xc2, 0xba, 0x0, 0xbc, 0x3, 0xff, 0x93, 0x39,
    0x9f, 0x80, 0x11, 0x99, 0xf0, 0x80, 0x4, 0xcf,
    0xf0, 0x0, 0x8c, 0xfe, 0x0, 0xe4, 0xfd, 0x0,
    0xff, 0xe3, 0x90, 0x18, 0x7, 0x88, 0xcf, 0xc2,
    0x1, 0xde, 0x4, 0x1, 0xe8, 0xcc, 0xf3, 0x0,
    0x72, 0x2, 0x80, 0x7f, 0xf1, 0x84, 0x80, 0xc0,
    0x3d, 0x5f, 0xfe, 0x70, 0xd, 0x20, 0x5, 0x50,
    0x7, 0xff, 0x10, 0x5c, 0x4, 0x29, 0xc0, 0x3f,
    0xf8, 0x74, 0x0, 0xd7, 0x8, 0xe9, 0x0, 0x11,
    0x9f, 0xe0, 0x84, 0x6, 0x38, 0x90, 0x16, 0x0,
    0x46, 0x67, 0xe1, 0x10, 0x14, 0x80, 0x1b, 0xa5,
    0x8, 0x3, 0xf8, 0x86, 0x5b, 0x0, 0x30, 0xb5,
    0xef, 0xff, 0xf6, 0x80,

    /* U+5B9E "实" */
    0x0, 0xfe, 0x15, 0x72, 0x0, 0xff, 0xe3, 0x15,
    0x45, 0x80, 0x7f, 0xf1, 0x8c, 0x81, 0x84, 0x3,
    0xfa, 0xbf, 0xff, 0x10, 0x3, 0xbf, 0xfe, 0x10,
    0xf, 0xfe, 0x69, 0xee, 0xb3, 0x77, 0xfe, 0x90,
    0xf, 0x39, 0x6, 0xa9, 0x16, 0x48, 0xa2, 0x2c,
    0x1, 0xfa, 0xc6, 0x35, 0x40, 0x1e, 0xaa, 0x0,
    0xfd, 0x5f, 0x61, 0x30, 0x25, 0x58, 0x26, 0x2,
    0x1, 0x27, 0x70, 0x40, 0x21, 0x81, 0x7f, 0x60,
    0x11, 0x0, 0x7c, 0x22, 0x0, 0xd2, 0xfe, 0xe3,
    0x3b, 0x20, 0x13, 0x80, 0x7f, 0xb0, 0x86, 0x39,
    0x49, 0x0, 0x40, 0x40, 0x3f, 0xc9, 0xb2, 0x22,
    0xa7, 0x0, 0x38, 0x18, 0x7, 0xff, 0x1, 0xb9,
    0xc5, 0x80, 0x4, 0x1c, 0x1, 0xf1, 0xff, 0xf9,
    0xc7, 0xbf, 0xc2, 0x11, 0xff, 0xea, 0x0, 0xff,
    0xe5, 0x1d, 0xdf, 0xf4, 0x0, 0x16, 0xef, 0xe8,
    0x4, 0x4f, 0xc1, 0x20, 0x4, 0x35, 0x44, 0xe2,
    0x0, 0xf8, 0xea, 0xc4, 0x0, 0x31, 0xd4, 0x60,
    0x1f, 0xa, 0x4e, 0xe2, 0x80, 0xe7, 0x40, 0x82,
    0xe6, 0x14, 0x2, 0x8d, 0xeb, 0x62, 0x1, 0x8e,
    0x31, 0x7e, 0x92, 0x3, 0xae, 0x30, 0x1, 0x0,
    0x4b, 0x5c, 0xe0, 0x1c, 0xdb, 0x46, 0x2, 0x41,
    0x4b, 0x19, 0xf4, 0xa0, 0x1f, 0xcb, 0x97, 0x42,

    /* U+5BF9 "对" */
    0x0, 0xff, 0xe2, 0xd5, 0x10, 0x3, 0xff, 0x8e,
    0xaa, 0x20, 0x9, 0x13, 0xf1, 0x0, 0x7f, 0xf0,
    0x6, 0xef, 0xf4, 0x0, 0x7f, 0xf5, 0x87, 0x33,
    0xc6, 0x7, 0x1f, 0xfe, 0x0, 0x4f, 0xe0, 0x18,
    0x99, 0xf0, 0x78, 0x7, 0xff, 0x6, 0x75, 0x0,
    0x4, 0x0, 0x4b, 0x99, 0xf0, 0x1, 0x66, 0x40,
    0xa1, 0x42, 0xa, 0x2, 0x46, 0xcd, 0xe0, 0x6,
    0x32, 0x87, 0x0, 0xd0, 0x58, 0x20, 0x1e, 0xa8,
    0x7, 0xf8, 0xa8, 0x12, 0xc, 0x3c, 0x28, 0xac,
    0x40, 0x3f, 0xca, 0xa0, 0x70, 0x2, 0x84, 0x8,
    0xac, 0x3, 0xfe, 0xa1, 0x0, 0x30, 0x0, 0x68,
    0x15, 0x40, 0x1f, 0xf4, 0x80, 0xc, 0x2, 0x45,
    0xb, 0x10, 0xf, 0xf4, 0x80, 0x15, 0x40, 0x15,
    0x88, 0x94, 0x3, 0xfa, 0x44, 0x8, 0x2c, 0x40,
    0x3, 0x5a, 0x80, 0x1f, 0x91, 0x81, 0xb8, 0x6,
    0x80, 0x24, 0x20, 0xf, 0xc5, 0x40, 0x32, 0x6e,
    0x8, 0xc0, 0x1f, 0xfc, 0xf, 0x10, 0xa0, 0x4,
    0x10, 0x70, 0x7, 0xfd, 0x44, 0xe, 0x80, 0x17,
    0xd4, 0x1, 0xb3, 0x54, 0x0, 0x30, 0x4, 0x82,
    0x40, 0x6, 0x25, 0x0, 0x34, 0xcc, 0xa0, 0x4,
    0x0, 0x1d, 0x58, 0x7, 0xf3, 0x80, 0x62, 0xa1,
    0x0, 0x0,

    /* U+5C01 "封" */
    0x0, 0xe1, 0x0, 0xff, 0x84, 0x40, 0x1f, 0x2f,
    0x78, 0x7, 0xfb, 0xf9, 0x40, 0x3f, 0xf9, 0xac,
    0xd6, 0x0, 0x19, 0xa4, 0x0, 0xff, 0xe0, 0x4c,
    0xcc, 0x0, 0x99, 0xb8, 0x3, 0xff, 0x80, 0xab,
    0x20, 0x1, 0x56, 0xc4, 0xff, 0xe1, 0xa, 0xf7,
    0xa, 0xab, 0x80, 0x15, 0x53, 0x0, 0x7f, 0xbc,
    0x3, 0xfe, 0x5b, 0xbe, 0x0, 0x3d, 0xd1, 0xaa,
    0xda, 0x0, 0x55, 0xc2, 0x89, 0xc2, 0x1a, 0x85,
    0x15, 0x53, 0x80, 0x2a, 0xb0, 0x81, 0x80, 0x7e,
    0x23, 0x3f, 0xf0, 0x6e, 0x8, 0x7, 0xd3, 0x99,
    0x6c, 0xcb, 0x33, 0xb, 0x84, 0x80, 0x7f, 0xc9,
    0x54, 0x0, 0xe9, 0x6, 0x0, 0xfc, 0x67, 0x10,
    0x0, 0xce, 0x20, 0x33, 0xb, 0x0, 0x78, 0x73,
    0x28, 0x0, 0x66, 0x52, 0x0, 0x90, 0xb0, 0xf,
    0xfe, 0x20, 0x80, 0x14, 0xe0, 0x3, 0xc3, 0xff,
    0x50, 0x3, 0xfe, 0xa0, 0xb, 0x14, 0x3, 0xff,
    0xa6, 0x44, 0x0, 0x44, 0xd6, 0x40, 0x7, 0x8,
    0x6, 0xcf, 0xf6, 0xc0, 0x1, 0xd9, 0x4c, 0x40,
    0xce, 0x60, 0x0, 0x80, 0x7c, 0x26, 0x8c, 0xf3,
    0x41, 0xd9, 0x89, 0x0, 0x30, 0x2, 0x2f, 0x3b,
    0xfb, 0x2e, 0x61, 0x8c, 0x1c, 0x2, 0x29, 0x20,
    0x0,

    /* U+5C31 "就" */
    0x0, 0xc2, 0xf2, 0x20, 0x1c, 0x8e, 0x80, 0x1f,
    0xe1, 0x96, 0x40, 0xe, 0xd8, 0xd0, 0x78, 0x0,
    0xfc, 0x81, 0xe0, 0x1f, 0x9, 0x43, 0xc0, 0x0,
    0x7f, 0xf2, 0x82, 0xff, 0xd2, 0x1, 0x8a, 0xc1,
    0xdc, 0x1, 0xff, 0xc6, 0x49, 0xa, 0x1, 0xdd,
    0xff, 0x40, 0x7, 0x9a, 0x70, 0x0, 0x45, 0xfe,
    0x7d, 0x70, 0x6d, 0xda, 0xf2, 0x40, 0x1f, 0xff,
    0xab, 0x88, 0x40, 0x48, 0xb9, 0x40, 0x40, 0x3f,
    0xd, 0x50, 0xc1, 0x6a, 0xba, 0x0, 0x37, 0xfe,
    0x90, 0x1, 0x28, 0x3, 0x73, 0xa, 0xb2, 0x0,
    0x7f, 0xf0, 0x44, 0x5, 0x98, 0x20, 0x1f, 0x11,
    0x61, 0x0, 0xc6, 0x4, 0x1, 0xfe, 0xdd, 0xd0,
    0x1, 0x84, 0x1c, 0x3, 0xe1, 0x44, 0x88, 0x5,
    0x10, 0x60, 0x60, 0x3, 0x0, 0xfd, 0x37, 0x65,
    0x7, 0xbe, 0x90, 0x50, 0x20, 0xf, 0xef, 0xf1,
    0x80, 0x51, 0x52, 0x18, 0x8, 0x1, 0xcc, 0x60,
    0x84, 0x26, 0x1, 0x48, 0x39, 0x28, 0x60, 0x7,
    0x47, 0x7, 0x83, 0x0, 0x61, 0x51, 0x90, 0x2,
    0x80, 0x78, 0x4d, 0x2, 0x40, 0x3a, 0xfd, 0x41,
    0x80, 0x3f, 0x20, 0x29, 0x91, 0x80, 0x43, 0x2,
    0x10, 0x1, 0x99, 0x45, 0xdd, 0xbd, 0xba, 0x40,
    0xe0, 0x36, 0x7, 0x10, 0x1, 0x84, 0x50, 0x18,
    0x12, 0x0, 0x46, 0xc0, 0x6a, 0x30, 0x1, 0x7a,
    0x19, 0x9a, 0x40, 0x2f, 0xfb, 0x4, 0x1, 0x5e,
    0x1, 0x8e, 0xf3, 0x12, 0x20,

    /* U+5C42 "层" */
    0x0, 0xff, 0xe6, 0x37, 0xff, 0xff, 0x16, 0xc0,
    0x3f, 0xf9, 0xe3, 0xff, 0xff, 0xc1, 0x60, 0xf,
    0xfe, 0x88, 0xf7, 0x7f, 0xf0, 0x58, 0x3, 0xf0,
    0x8f, 0xff, 0x4, 0x3, 0xf0, 0xff, 0xff, 0xf0,
    0xec, 0x3, 0xff, 0xa3, 0x1d, 0xdf, 0xfc, 0x11,
    0x0, 0xf8, 0x47, 0xff, 0x84, 0x1, 0xfa, 0x7f,
    0xff, 0xf8, 0x22, 0x1, 0x8, 0x18, 0x7, 0xff,
    0x1f, 0xc0, 0x6b, 0xbb, 0xff, 0x86, 0xc0, 0x2,
    0x7, 0x11, 0xff, 0xe2, 0x0, 0x4c, 0x7, 0x7f,
    0xee, 0x20, 0x2e, 0xff, 0x6a, 0xf7, 0xfc, 0xc0,
    0x3, 0xe, 0x0, 0xa8, 0x83, 0xc4, 0x1, 0xeb,
    0x40, 0x1c, 0x80, 0x4, 0x0, 0x52, 0x5, 0x10,
    0x5, 0x60, 0x92, 0x1, 0xb8, 0x8, 0x81, 0x6a,
    0x12, 0x82, 0x44, 0x32, 0x20, 0x33, 0x0, 0x6,
    0xa1, 0x40, 0x88, 0x0, 0x4f, 0x73, 0x75, 0x96,
    0x40, 0x9, 0x30, 0x40, 0x3, 0x2, 0x80, 0x78,
    0x48, 0xd1, 0x58, 0x43, 0x41, 0xe5, 0xc4, 0x7,
    0x37, 0xbf, 0xee, 0xdc, 0xba, 0x9d, 0x8, 0x0,
    0x34, 0x0, 0x46, 0x42, 0x1, 0xfc, 0x7c, 0xc0,

    /* U+5C4F "屏" */
    0x0, 0x12, 0x27, 0xff, 0x14, 0x80, 0x25, 0xbb,
    0xff, 0xe2, 0xd0, 0x7, 0x8c, 0xff, 0xf8, 0x20,
    0x1f, 0x87, 0x33, 0xff, 0x82, 0x40, 0x1f, 0x9,
    0x9f, 0xff, 0x4, 0x3, 0xfb, 0x33, 0xff, 0x82,
    0x40, 0x1f, 0x8c, 0xff, 0xf8, 0x7c, 0x1, 0xc3,
    0x99, 0x40, 0x5e, 0x66, 0x82, 0x5c, 0xc3, 0x0,
    0x7f, 0x11, 0xc0, 0x80, 0x52, 0x24, 0x1, 0xfe,
    0x44, 0x10, 0x84, 0xa2, 0x24, 0x83, 0x51, 0x4,
    0x1, 0xf5, 0xdc, 0x20, 0xf7, 0x66, 0x0, 0x4d,
    0xda, 0x0, 0x2f, 0x3, 0x3, 0x31, 0x0, 0x8,
    0xce, 0x0, 0x9, 0x9b, 0x40, 0x38, 0x43, 0x31,
    0xc0, 0xc, 0xcc, 0x21, 0x19, 0x87, 0x0, 0x88,
    0x1c, 0x3, 0xff, 0x8e, 0xc0, 0x39, 0xfe, 0xc0,
    0x7, 0x7f, 0xc2, 0x13, 0xff, 0x48, 0x0, 0x83,
    0x44, 0x3, 0xff, 0x8a, 0x42, 0x7, 0x9d, 0xc8,
    0x2, 0xee, 0xc2, 0x11, 0xdd, 0x40, 0x20, 0x1,
    0x44, 0x6d, 0x7, 0x11, 0xc0, 0x1, 0x1e, 0xa,
    0x3, 0x10, 0x1, 0xa8, 0x78, 0x7, 0xfc, 0x66,
    0xb, 0x0, 0x16, 0x80, 0xa8, 0x7, 0xfc, 0x80,
    0x6, 0x1, 0xc1, 0xd, 0x0, 0xff, 0xe0, 0x3c,
    0x30, 0x80, 0xb0, 0x59, 0x80, 0x7f, 0xf0, 0x5e,
    0x40, 0x28, 0xd4, 0x0, 0xf7, 0x7b, 0x0, 0x60,

    /* U+5DE6 "左" */
    0x0, 0xfc, 0x46, 0x40, 0x1f, 0xfc, 0x79, 0xcf,
    0x0, 0xff, 0xe3, 0xa8, 0x38, 0x7, 0xff, 0x18,
    0x84, 0x34, 0x3, 0xff, 0x81, 0xff, 0xed, 0x0,
    0x47, 0xff, 0xfa, 0x40, 0x3f, 0xf9, 0x75, 0x5d,
    0x20, 0x4, 0xaa, 0xff, 0xe0, 0x2, 0xaf, 0x18,
    0x3, 0xd5, 0x7f, 0xe3, 0x0, 0xf7, 0x0, 0xa0,
    0x7, 0xff, 0x14, 0x90, 0x18, 0x3, 0xff, 0x8d,
    0x0, 0xf, 0x55, 0xff, 0x84, 0x3, 0x89, 0x40,
    0x11, 0x55, 0xff, 0x28, 0x7, 0x48, 0x7, 0xff,
    0x21, 0x90, 0x17, 0xff, 0x48, 0x3, 0xbf, 0xf9,
    0x0, 0x22, 0x90, 0x1b, 0x0, 0xc6, 0x1, 0xff,
    0xc0, 0xe0, 0x5, 0x8, 0x7, 0xff, 0x12, 0x8c,
    0x19, 0x0, 0x3f, 0xf8, 0x90, 0xa0, 0x92, 0x1,
    0xff, 0xc7, 0x2a, 0x0, 0xff, 0xe3, 0x42, 0x63,
    0x7f, 0xfd, 0x40, 0xe, 0xff, 0xf3, 0x5, 0x8f,
    0x80, 0x7f, 0xf1, 0x44, 0x2, 0xaa, 0xff, 0xe3,
    0x28,

    /* U+5DF2 "已" */
    0x1, 0x1f, 0xfe, 0x28, 0x1, 0xfb, 0xbf, 0xf8,
    0xa2, 0x1, 0xff, 0xc9, 0x5a, 0xaf, 0xfe, 0x12,
    0x80, 0x62, 0x55, 0xff, 0xe1, 0x68, 0x7, 0x11,
    0x90, 0x7, 0xff, 0x17, 0x31, 0x0, 0x1f, 0xfd,
    0xb7, 0x7f, 0xfe, 0x6, 0x0, 0x7c, 0x51, 0x1f,
    0xf2, 0x0, 0x7f, 0xf3, 0xd7, 0xff, 0xff, 0x84,
    0x20, 0x1f, 0xfd, 0xa3, 0x30, 0x7, 0xff, 0x1a,
    0xf3, 0xc0, 0x3f, 0xf8, 0xa2, 0x2, 0x1, 0xff,
    0xc5, 0x30, 0x30, 0x9, 0xc0, 0x3f, 0xf8, 0x2c,
    0x2, 0x4, 0x5, 0x4e, 0xff, 0xf5, 0x18, 0x30,
    0x50, 0x1, 0x62, 0x3f, 0xe5, 0x0, 0x78, 0x34,
    0x10, 0x7, 0xff, 0x4, 0xa1, 0x40,

    /* U+5E76 "并" */
    0x0, 0xf2, 0x0, 0x7e, 0x50, 0xf, 0xf1, 0xed,
    0xa8, 0x7, 0x9a, 0xb9, 0x0, 0x3f, 0x11, 0x85,
    0x10, 0x6, 0x18, 0x0, 0x20, 0x7, 0xe1, 0xd0,
    0x7, 0x88, 0x5, 0x62, 0x14, 0x1, 0xe3, 0x3c,
    0xc, 0xc, 0x46, 0x66, 0x50, 0x47, 0x33, 0x88,
    0x1, 0x99, 0xcc, 0x9, 0x99, 0x48, 0x1, 0x33,
    0x34, 0x80, 0x7f, 0xf3, 0x3b, 0xb4, 0x0, 0x3b,
    0xbc, 0x0, 0x6e, 0xea, 0xc0, 0x2, 0x3c, 0x0,
    0x11, 0xf0, 0x0, 0x47, 0x0, 0x7f, 0xfe, 0x3b,
    0xff, 0x48, 0x3, 0xff, 0xc0, 0x7, 0xff, 0xd0,
    0x1, 0xff, 0xc9, 0x18, 0x99, 0xc6, 0x3, 0x33,
    0xe0, 0x2, 0x4c, 0xea, 0x66, 0xe7, 0x5, 0x66,
    0xf0, 0x0, 0xd9, 0xb1, 0x80, 0x72, 0x81, 0x0,
    0x7f, 0xf1, 0x94, 0x43, 0x40, 0x3f, 0xf8, 0xd0,
    0x2, 0x80, 0x1f, 0xfc, 0x5b, 0x20, 0x90, 0xf,
    0xfe, 0x20, 0xe2, 0x1, 0xb8, 0x7, 0xff, 0x12,
    0x8c, 0xb, 0x40, 0x3f, 0xf8, 0xb4, 0x47, 0x82,
    0x1, 0xff, 0xc5, 0x1c, 0xc0, 0x80, 0x7f, 0x7f,
    0xa0, 0x3, 0x80,

    /* U+5E94 "应" */
    0x0, 0xff, 0x14, 0x59, 0x0, 0x7f, 0xf1, 0x99,
    0xd2, 0x80, 0x3f, 0xf8, 0xc8, 0x0, 0x50, 0xf,
    0xf3, 0x7f, 0xfe, 0x0, 0x17, 0xff, 0xd4, 0x0,
    0x10, 0xf, 0xfe, 0x30, 0x80, 0x75, 0x57, 0xff,
    0x12, 0x0, 0x30, 0xaa, 0xfc, 0xe8, 0xab, 0xf1,
    0x80, 0x7c, 0x60, 0x15, 0xec, 0x0, 0x64, 0x61,
    0x0, 0xf1, 0xfe, 0x8, 0x0, 0xc1, 0x0, 0x37,
    0xcd, 0x0, 0x78, 0xc4, 0x1c, 0x1, 0x80, 0x42,
    0x1, 0x20, 0x60, 0x7, 0xce, 0x14, 0x0, 0x40,
    0x2, 0x80, 0x10, 0x0, 0xa0, 0x1f, 0x50, 0x18,
    0x80, 0xc, 0x30, 0x1, 0xa0, 0x44, 0x0, 0xf8,
    0xc4, 0x1c, 0x0, 0xa0, 0x60, 0x7, 0x5, 0x0,
    0xde, 0x6, 0x0, 0x70, 0xa0, 0x7, 0x82, 0x1,
    0x88, 0x50, 0x6, 0x10, 0x10, 0x6, 0x1, 0x88,
    0x28, 0x0, 0xa8, 0x8, 0x80, 0x18, 0x81, 0xc0,
    0xa, 0x0, 0x40, 0x30, 0x31, 0x70, 0xa0, 0xe,
    0x50, 0x30, 0x8, 0xc3, 0x0, 0x1f, 0x8e, 0x20,
    0xa0, 0x18, 0x84, 0x38, 0x2, 0xfc, 0x90, 0xd,
    0xc0, 0x64, 0x1, 0x94, 0x0, 0x80, 0x11, 0x98,
    0x3, 0x94, 0x28, 0x3, 0xa4, 0x8, 0xff, 0xff,
    0xc0, 0x9, 0xff, 0xb5, 0x84, 0x28, 0x3, 0xff,
    0x8a, 0x6e, 0x80, 0xc3, 0x55, 0xff, 0xc5, 0x1b,
    0xb0, 0x82, 0xaf, 0xff, 0x11, 0x0,

    /* U+5EFA "建" */
    0x0, 0xff, 0xe0, 0x22, 0x90, 0x7, 0xff, 0x1e,
    0x69, 0xc0, 0x3e, 0x7f, 0xfe, 0xe0, 0xbc, 0xc8,
    0x82, 0x33, 0x35, 0x80, 0x7e, 0x10, 0x43, 0x38,
    0x0, 0x46, 0x79, 0x40, 0xf, 0xdd, 0x10, 0x20,
    0x7f, 0xe2, 0xa, 0xff, 0x58, 0x7, 0x8, 0xac,
    0x89, 0x64, 0x5c, 0x0, 0x22, 0xc0, 0x2, 0x10,
    0x3, 0x28, 0x78, 0x76, 0xee, 0x20, 0x8d, 0xd4,
    0x80, 0xed, 0x1, 0xc8, 0x51, 0x2, 0x27, 0x0,
    0xd, 0x10, 0x60, 0x4, 0xc1, 0xd0, 0x46, 0x32,
    0x8b, 0xbc, 0x41, 0x37, 0x68, 0x1, 0xb7, 0x21,
    0x4, 0xcc, 0x83, 0xbf, 0xe2, 0xa, 0xff, 0x58,
    0x6, 0x13, 0x3c, 0x1, 0x11, 0x60, 0x0, 0x91,
    0x65, 0x0, 0x16, 0x65, 0x0, 0x41, 0x9b, 0xb1,
    0x5, 0xee, 0xeb, 0x0, 0x2f, 0xa8, 0x18, 0x28,
    0xe6, 0x62, 0x8, 0xcc, 0xe3, 0x1, 0xe, 0xc,
    0xf, 0x3, 0x3c, 0x0, 0x23, 0x3e, 0x60, 0x41,
    0x42, 0x40, 0x41, 0xff, 0xc4, 0x13, 0xff, 0xca,
    0x0, 0x60, 0xe0, 0x12, 0x0, 0xff, 0xe2, 0x50,
    0x18, 0x38, 0x7f, 0xf1, 0x4, 0xff, 0xf8, 0x40,
    0x98, 0x1, 0x40, 0x67, 0xc0, 0x2, 0x33, 0xf0,
    0x80, 0x14, 0x1, 0xc7, 0x99, 0xc4, 0x11, 0x99,
    0xe0, 0x4, 0x98, 0x11, 0x33, 0x10, 0xa8, 0x77,
    0x2, 0x67, 0xe2, 0x86, 0x9, 0xd6, 0x3, 0x7a,
    0xbc, 0x98, 0xbc, 0xcf, 0x57, 0x2, 0xb0, 0x4f,
    0x42, 0x90, 0x88, 0x3, 0xfb, 0x5a, 0x68, 0x2,
    0x17, 0xad, 0xee, 0x7f, 0xff, 0x28,

    /* U+5F00 "开" */
    0x0, 0xff, 0xe5, 0xbf, 0xff, 0xff, 0x1c, 0x3,
    0xff, 0x98, 0xb5, 0x54, 0x80, 0x1e, 0xab, 0x94,
    0x1, 0x55, 0x58, 0x0, 0x95, 0x64, 0x0, 0x6a,
    0xaf, 0x10, 0x1, 0x56, 0x40, 0xf, 0xff, 0xf8,
    0x7, 0xff, 0x8, 0xdd, 0xf5, 0x0, 0x3d, 0xdf,
    0x8c, 0x0, 0xef, 0x9a, 0xe2, 0x33, 0x80, 0x16,
    0x23, 0x90, 0x1, 0x11, 0xde, 0x1, 0xff, 0xc9,
    0x7f, 0xfd, 0x60, 0xc, 0xff, 0xe7, 0x0, 0x7f,
    0xee, 0x0, 0xe2, 0x0, 0x10, 0x7, 0xff, 0x1b,
    0x0, 0x44, 0x1, 0xff, 0xc5, 0x15, 0x5, 0x0,
    0xff, 0xe3, 0x40, 0x3, 0xc0, 0x3f, 0xf8, 0xac,
    0xc0, 0x34, 0x0, 0xff, 0xe2, 0x3c, 0x80, 0xe8,
    0x7, 0xff, 0x12, 0x60, 0x1, 0xa2, 0x1, 0xff,
    0xc4, 0xb2, 0x1d, 0x30, 0xf, 0xfe, 0x29, 0x67,
    0x90, 0x7, 0xf4, 0x7f, 0x80, 0x38,

    /* U+5F39 "弹" */
    0x0, 0xff, 0xc, 0x0, 0x62, 0x82, 0x0, 0xc4,
    0x5e, 0x0, 0xb5, 0xdc, 0x1, 0x43, 0xf0, 0x4,
    0x5b, 0xbe, 0x40, 0x4, 0x4, 0x8, 0x1a, 0x87,
    0x80, 0x7f, 0xf0, 0x51, 0x2, 0x41, 0xc0, 0xc6,
    0x1, 0x17, 0x76, 0x20, 0x2, 0x7f, 0x90, 0x73,
    0xc8, 0x1b, 0xfc, 0x60, 0x1, 0x1c, 0x1, 0xff,
    0xcf, 0x2f, 0xf1, 0x85, 0x7f, 0x84, 0x3, 0x4e,
    0xec, 0x40, 0x1f, 0xfc, 0x55, 0x22, 0x80, 0x38,
    0xbb, 0x86, 0x17, 0xdc, 0x10, 0xc, 0x21, 0x37,
    0x72, 0x80, 0x42, 0x20, 0x0, 0x8c, 0x1, 0xc6,
    0x8, 0x98, 0x40, 0x5, 0xfe, 0x30, 0xaf, 0xf0,
    0x80, 0x61, 0x3, 0x0, 0xff, 0xe4, 0xe6, 0xec,
    0x20, 0x2, 0xbb, 0x18, 0x45, 0xd8, 0x40, 0x21,
    0x0, 0x11, 0x61, 0x0, 0x91, 0x0, 0x2, 0x44,
    0x0, 0x61, 0xaa, 0xc0, 0x12, 0xdd, 0xe2, 0x7,
    0xbb, 0xc6, 0x0, 0x55, 0x90, 0x2, 0x14, 0x4c,
    0x21, 0xa8, 0x98, 0x3, 0xc6, 0x0, 0x13, 0x3e,
    0x10, 0x23, 0x3e, 0x10, 0xc, 0x20, 0x29, 0x99,
    0xc4, 0x11, 0x99, 0xce, 0x1, 0x9c, 0x3, 0xff,
    0x88, 0x60, 0x44, 0x3e, 0x2, 0x5f, 0xfe, 0x30,
    0xaf, 0xfe, 0x52, 0xdd, 0x62, 0x82, 0x0, 0x7f,
    0xf0, 0xc8, 0x2, 0x15, 0x80, 0xf, 0xfe, 0x27,
    0xfd, 0xd4, 0x1, 0xff, 0xc4,

    /* U+5F53 "当" */
    0x0, 0xfe, 0x37, 0x70, 0x7, 0xfc, 0x54, 0x1,
    0xc9, 0x10, 0x10, 0xc, 0x52, 0x1, 0xe, 0x2d,
    0x0, 0x7f, 0xc3, 0xed, 0x80, 0x1, 0x70, 0x59,
    0x0, 0xff, 0x69, 0x4, 0x0, 0x52, 0xa0, 0xd0,
    0x1, 0xfa, 0xcc, 0x21, 0x0, 0x35, 0x18, 0x3b,
    0x0, 0x7a, 0x90, 0x19, 0xc0, 0x3d, 0xa4, 0x44,
    0x0, 0xf1, 0x2, 0xc8, 0x7, 0xc3, 0xf8, 0x40,
    0x1e, 0x8a, 0xa0, 0x7, 0x57, 0xfd, 0xbd, 0xfe,
    0x80, 0x7, 0x7f, 0xab, 0xfe, 0xe0, 0x0, 0x80,
    0x7f, 0xf2, 0x3e, 0xab, 0xff, 0x86, 0x60, 0x19,
    0x15, 0x7f, 0xf8, 0x6c, 0x1, 0xff, 0xce, 0x55,
    0xff, 0xe1, 0xb0, 0x7, 0x55, 0x7f, 0xf0, 0xcc,
    0x3, 0xff, 0x9d, 0xff, 0xff, 0xc3, 0x50, 0xf,
    0xff, 0x9, 0xff, 0xff, 0xf1, 0x14, 0x3, 0xff,
    0x98, 0x55, 0x5f, 0xfc, 0x43, 0x0, 0x85, 0x57,
    0xff, 0x88, 0xc0, 0x10,

    /* U+5F55 "录" */
    0x0, 0x11, 0x9f, 0xff, 0xc, 0x80, 0x3a, 0x73,
    0x3f, 0xf8, 0x7c, 0x1, 0xc4, 0x5f, 0xfc, 0x21,
    0x0, 0xfa, 0x77, 0x7f, 0xf8, 0x2e, 0x1, 0xf8,
    0xcf, 0xff, 0x82, 0x40, 0x1f, 0xe, 0x67, 0xff,
    0x5, 0x0, 0x3e, 0x13, 0x3f, 0xfe, 0x8, 0x80,
    0x7e, 0xcc, 0xff, 0xe0, 0xb8, 0x7, 0xa, 0x27,
    0xff, 0xc, 0x80, 0x51, 0x6, 0x97, 0x7f, 0xfc,
    0x34, 0x2, 0xbb, 0x68, 0x91, 0x4, 0x8b, 0xc0,
    0x1, 0x22, 0xfc, 0xa9, 0xb2, 0x13, 0xbb, 0xc0,
    0x6, 0xdd, 0xe4, 0xbd, 0xb0, 0x4, 0xd, 0xc0,
    0x7, 0x9c, 0x40, 0x5, 0x8d, 0x24, 0x1, 0x62,
    0x83, 0xe0, 0x0, 0x80, 0x2a, 0x5, 0xd3, 0x6,
    0x20, 0xd, 0x50, 0xa, 0x55, 0xa0, 0x12, 0x6d,
    0x0, 0xdc, 0x80, 0x79, 0xe4, 0xb5, 0x40, 0x23,
    0x2, 0x4, 0xf4, 0x0, 0xf1, 0x54, 0xa0, 0xc,
    0x0, 0x2e, 0x40, 0xa, 0xa0, 0xe, 0x2a, 0xd5,
    0x1, 0x8e, 0x70, 0x9, 0xa8, 0x6, 0xf1, 0x0,
    0xb, 0xaa, 0x0, 0x7e, 0x70, 0xf, 0x2e, 0x10,
    0x1d, 0xeb, 0xa0, 0x1, 0xfa, 0xc, 0xe7, 0x0,
    0xe3, 0xd8, 0x10, 0x2e, 0x1a, 0xe8, 0x10, 0x9c,
    0xc4, 0x0, 0xc, 0x3, 0x3f, 0x40, 0xd8, 0x28,
    0x80, 0x5a, 0x1, 0xb, 0xa0, 0x7, 0x9f, 0x88,

    /* U+5F85 "待" */
    0x0, 0xe5, 0x0, 0xf9, 0x98, 0x20, 0x1f, 0xe4,
    0xad, 0x20, 0xc, 0x33, 0x24, 0x0, 0xfe, 0x1a,
    0x0, 0x10, 0x7, 0xff, 0x17, 0x44, 0x3c, 0xd,
    0x13, 0x0, 0x35, 0x13, 0x10, 0x5, 0x66, 0x16,
    0x41, 0xf7, 0x75, 0x0, 0x1e, 0xef, 0x80, 0x16,
    0x81, 0x48, 0x0, 0x70, 0xf, 0xf8, 0x41, 0xd0,
    0x25, 0x48, 0x1, 0x7f, 0xf7, 0x0, 0x2b, 0xff,
    0x40, 0x28, 0x4b, 0x1e, 0xd8, 0x80, 0x7f, 0xf0,
    0x8b, 0x18, 0x3c, 0x1, 0xdf, 0xfb, 0x80, 0x15,
    0xff, 0xd4, 0x6, 0x10, 0x61, 0x20, 0x1f, 0xfc,
    0x21, 0x0, 0x1b, 0x83, 0x95, 0xdf, 0xf0, 0x82,
    0xdd, 0xa0, 0x7, 0x40, 0x1a, 0x8, 0x9f, 0xc0,
    0x2, 0x44, 0x18, 0xe0, 0x80, 0x62, 0x44, 0xfc,
    0x0, 0x24, 0x40, 0xd9, 0x0, 0x75, 0xdf, 0xf0,
    0x82, 0xdd, 0x9f, 0x41, 0xc0, 0x3f, 0xf8, 0xc6,
    0xaf, 0x0, 0x1a, 0x78, 0xe3, 0xff, 0x84, 0x1f,
    0xfc, 0xa5, 0x0, 0x1e, 0x83, 0x87, 0x0, 0xff,
    0xe3, 0x4a, 0x4, 0x38, 0x7, 0xff, 0x1a, 0xd0,
    0x4, 0x3, 0xff, 0x8f, 0x74, 0x6a, 0xa8, 0x10,
    0xf0, 0xf, 0xfe, 0x12, 0xd5, 0x4e, 0x0, 0x20,
    0xf, 0xfe, 0x19, 0x0, 0x44, 0xea, 0x1, 0xed,
    0xc5, 0x0, 0xf6, 0xff, 0xdb, 0x0, 0x18,

    /* U+6001 "态" */
    0x0, 0xfe, 0x26, 0x60, 0x80, 0x7f, 0xf1, 0x9e,
    0x64, 0x60, 0x1f, 0xfc, 0x62, 0x0, 0x10, 0x7,
    0xfb, 0xbb, 0xf4, 0x0, 0x3b, 0xbf, 0x84, 0x7f,
    0xc0, 0x10, 0x8f, 0xf0, 0xd, 0x57, 0xcc, 0x1,
    0xa6, 0xab, 0xe1, 0x5, 0x5f, 0x90, 0x4, 0x41,
    0x4a, 0xbf, 0x0, 0x7e, 0xb2, 0x8, 0xa0, 0x3c,
    0x10, 0xf, 0xf8, 0xb1, 0x0, 0x99, 0x24, 0xf,
    0xd0, 0x3, 0xf0, 0xc6, 0x98, 0x0, 0xac, 0x1a,
    0x80, 0x6f, 0x10, 0x3, 0x2d, 0x73, 0x80, 0x22,
    0x0, 0x9a, 0x4b, 0x84, 0x7, 0x7b, 0x5, 0x14,
    0xa0, 0x4, 0xd7, 0x75, 0x81, 0x80, 0xf, 0x60,
    0x0, 0x4f, 0x52, 0x0, 0x5c, 0xb2, 0x0, 0x26,
    0x69, 0x0, 0x4f, 0xd0, 0x41, 0x43, 0x7d, 0x46,
    0x6, 0x60, 0x19, 0xa0, 0xe, 0x16, 0xdc, 0x20,
    0x49, 0x91, 0x26, 0x60, 0x49, 0x59, 0x40, 0x23,
    0xdc, 0x3, 0x0, 0x99, 0x88, 0x1, 0x8d, 0xc2,
    0x88, 0x0, 0x24, 0x47, 0x0, 0x90, 0x41, 0xc0,
    0x3a, 0xc, 0x24, 0xd4, 0xdc, 0x20, 0x80, 0x1c,
    0x8, 0x20, 0x1e, 0xe4, 0xa4, 0xaa, 0x40, 0x84,
    0x1, 0x28, 0x70, 0x7, 0xc5, 0x63, 0xe0, 0x21,
    0x60, 0xa9, 0x60, 0x2a, 0xe, 0x0, 0x93, 0x3e,
    0x40, 0x30, 0x52, 0xc, 0xb5, 0x90, 0x1, 0x0,
    0x1f, 0x33, 0x8c, 0x3c, 0x1, 0x37, 0x5, 0x4e,
    0x0, 0x1a, 0x20, 0xf, 0xa, 0xb0, 0x1, 0x10,
    0x0,

    /* U+6027 "性" */
    0x0, 0x9b, 0xb4, 0x3, 0xf5, 0xeb, 0x0, 0x7f,
    0x9, 0x80, 0x43, 0xc, 0x0, 0x52, 0xe0, 0xf,
    0xfe, 0x12, 0x3c, 0x80, 0x7f, 0xc2, 0x1, 0x9,
    0x0, 0x30, 0xc, 0x3, 0xfe, 0xdf, 0xe0, 0x6,
    0xb0, 0x28, 0x1, 0xdc, 0x20, 0x6e, 0xf8, 0xc0,
    0x43, 0x80, 0x29, 0x63, 0x3, 0x88, 0x0, 0x12,
    0x23, 0x20, 0x10, 0x80, 0x5, 0x84, 0xc0, 0x3f,
    0xf8, 0x64, 0x1, 0x4e, 0x60, 0xf, 0xfe, 0x10,
    0x7f, 0xfc, 0xe4, 0xc, 0x1, 0x89, 0xc2, 0xc0,
    0x3f, 0xe6, 0x2, 0x0, 0xc4, 0x0, 0x50, 0xf,
    0xf8, 0x83, 0x80, 0x31, 0x76, 0x10, 0x7, 0xfd,
    0xe0, 0x40, 0x1e, 0xcf, 0xfc, 0x20, 0xff, 0xf8,
    0x67, 0x90, 0x3, 0xff, 0x90, 0x20, 0x1f, 0x4c,
    0xf0, 0x1, 0x26, 0x70, 0x80, 0x7f, 0x33, 0x70,
    0x81, 0xb3, 0x60, 0xf, 0xff, 0xf0, 0xb3, 0x78,
    0x40, 0xd9, 0xb8, 0x3, 0xe5, 0x99, 0xf0, 0x1,
    0x26, 0x78, 0x3, 0xf0, 0x8f, 0xff, 0x4, 0x80,
    0x3e, 0x4e, 0xef, 0xfe, 0xe, 0x80,

    /* U+603B "总" */
    0x0, 0xf3, 0x18, 0x7, 0x90, 0xc0, 0x3f, 0xed,
    0x9e, 0x0, 0xe1, 0xac, 0xa0, 0xf, 0xf4, 0x1,
    0x50, 0x6, 0xb1, 0x9, 0x0, 0xff, 0x2a, 0x81,
    0xc4, 0x0, 0xaa, 0x7, 0x30, 0xf, 0x93, 0xfe,
    0x50, 0x2e, 0xff, 0x50, 0x1, 0xff, 0xe2, 0x0,
    0xff, 0xe8, 0xcd, 0x57, 0xf9, 0xc0, 0x3f, 0xc8,
    0xab, 0xfe, 0xc0, 0xf, 0xff, 0x52, 0x27, 0xfc,
    0x60, 0x1f, 0xe9, 0xbb, 0xff, 0x40, 0x7, 0xff,
    0x45, 0x3f, 0xfd, 0xab, 0x1f, 0xff, 0x10, 0x6,
    0x9a, 0x34, 0xcc, 0x2, 0x2c, 0x28, 0x4, 0x33,
    0xa0, 0x1c, 0xca, 0xc4, 0x66, 0x6, 0x50, 0xa3,
    0x0, 0x1b, 0x13, 0x80, 0x4a, 0x0, 0x50, 0xe,
    0xa2, 0x4, 0x28, 0x67, 0x8, 0x10, 0x7, 0x2,
    0x80, 0x7d, 0xd8, 0xec, 0xf7, 0x22, 0x16, 0x2,
    0x81, 0xe0, 0x1f, 0x19, 0x80, 0x40, 0x86, 0x1,
    0x4e, 0x40, 0x54, 0xc, 0x1, 0x8, 0x9d, 0x20,
    0x20, 0xc4, 0x17, 0x64, 0x60, 0x3, 0x80, 0x1e,
    0xef, 0x8c, 0x10, 0x1, 0x39, 0x7, 0x70, 0x0,
    0x27, 0x10, 0xf, 0xa, 0xc0, 0x1, 0xc, 0x0,

    /* U+6062 "恢" */
    0x0, 0xdb, 0xc8, 0x1, 0x27, 0xf8, 0x3, 0xff,
    0x84, 0x62, 0x1, 0x84, 0x3, 0xff, 0x91, 0x9f,
    0x40, 0xf, 0xff, 0xe3, 0x0, 0x52, 0x80, 0x34,
    0x4, 0x3, 0xff, 0x86, 0x2b, 0xa0, 0x6, 0xb9,
    0xb5, 0x2, 0xbb, 0xfe, 0x30, 0x20, 0xf0, 0x9,
    0x21, 0x0, 0xc, 0x88, 0xce, 0x64, 0x4c, 0x0,
    0x70, 0x20, 0x4, 0xa, 0x80, 0x81, 0x0, 0x15,
    0x4c, 0x1, 0xe2, 0x6, 0x0, 0x1e, 0x40, 0x28,
    0x70, 0x7, 0xc8, 0x1, 0x70, 0x10, 0x4, 0x42,
    0x30, 0x48, 0x80, 0x72, 0xdd, 0x0, 0x8, 0x4,
    0x3, 0x94, 0x0, 0x32, 0x1, 0xd2, 0x18, 0x0,
    0x72, 0x0, 0xf6, 0x0, 0x83, 0x1, 0x83, 0xa1,
    0x8b, 0x0, 0x9, 0x80, 0x3c, 0xa1, 0x26, 0x2c,
    0x20, 0xd0, 0x12, 0x1, 0x74, 0x80, 0x72, 0x10,
    0x2c, 0x84, 0x0, 0x20, 0xc5, 0xc0, 0x21, 0x20,
    0xe, 0xe0, 0x32, 0x57, 0x70, 0x5, 0x56, 0x1,
    0xfe, 0x25, 0x9, 0x0, 0x42, 0x80, 0x9, 0x94,
    0x3, 0xfd, 0x0, 0x4a, 0x0, 0x43, 0x4, 0x8,
    0x0, 0xff, 0x62, 0x84, 0x0, 0x54, 0xb, 0x20,
    0x88, 0x0, 0xfe, 0x60, 0x35, 0x0, 0x58, 0x8a,
    0xc9, 0x42, 0x84, 0x3, 0xf5, 0x9f, 0x80, 0xe2,
    0x5, 0x88, 0x58, 0xe, 0x8, 0x7, 0xc3, 0x86,
    0x6f, 0x30, 0x95, 0x0, 0xd, 0x1, 0x79, 0x0,
    0x7f, 0x68, 0x84, 0xb0, 0x6, 0x57, 0x1, 0x30,
    0xf, 0xed, 0x1b, 0x60, 0xf, 0x44, 0x28, 0x40,
    0x37, 0x7a, 0x0, 0xf, 0x90, 0x3, 0xf3, 0xa8,
    0x0,

    /* U+610F "意" */
    0x0, 0xfe, 0x46, 0x80, 0xf, 0xfe, 0x3f, 0x4b,
    0x98, 0x7, 0xf9, 0x6a, 0xbe, 0x60, 0x7, 0x55,
    0x7c, 0x20, 0xc, 0x55, 0xf8, 0xc0, 0x4, 0xab,
    0xf1, 0x80, 0x27, 0xfe, 0x90, 0x7, 0x7f, 0xe6,
    0x2, 0xff, 0xc4, 0x1, 0xe6, 0x0, 0x20, 0x6,
    0x70, 0xa0, 0xf, 0x5f, 0xff, 0x0, 0x2b, 0xff,
    0x8, 0x47, 0xff, 0x29, 0x19, 0xff, 0xf2, 0x6,
    0x73, 0x3f, 0xf9, 0x8, 0x0, 0x5f, 0xff, 0xfe,
    0x1e, 0x80, 0x7e, 0x77, 0xff, 0x90, 0x3, 0xfd,
    0x99, 0xff, 0x10, 0x7, 0xfa, 0xef, 0xfe, 0x60,
    0xf, 0xf6, 0xef, 0xfc, 0xe0, 0x1f, 0xeb, 0xbf,
    0xf9, 0x0, 0x3f, 0xcc, 0xdf, 0xf1, 0x80, 0x7c,
    0x6d, 0x96, 0xcf, 0xf6, 0x9, 0xdf, 0xfa, 0xc4,
    0x40, 0x10, 0xc3, 0x59, 0xb3, 0x1, 0xd, 0x34,
    0x22, 0x4e, 0x4e, 0x80, 0x28, 0x11, 0x48, 0x7,
    0x69, 0x50, 0x1b, 0x24, 0x82, 0x30, 0x23, 0x5,
    0x88, 0x0, 0x40, 0x3, 0xac, 0xc, 0x4, 0x8c,
    0x12, 0x3c, 0x8, 0xa0, 0x60, 0xe, 0xdd, 0xdc,
    0x40, 0xe1, 0x22, 0xb, 0x53, 0x40, 0x4, 0x61,
    0x11, 0x16, 0x11, 0x41, 0x0, 0x37, 0x90,

    /* U+6210 "成" */
    0x0, 0xff, 0xe0, 0x88, 0x4, 0x40, 0x1f, 0xfc,
    0x59, 0xea, 0x3, 0xdb, 0x0, 0xff, 0xe2, 0x8,
    0x8, 0x38, 0x26, 0x0, 0x7f, 0xf0, 0xfc, 0x1c,
    0x12, 0xc0, 0xdc, 0x3, 0x95, 0x9b, 0xf6, 0x81,
    0x33, 0x9, 0x44, 0x4c, 0x20, 0x15, 0xcc, 0xfe,
    0x50, 0x19, 0x99, 0x46, 0x64, 0x80, 0x1c, 0x23,
    0xf8, 0x0, 0x23, 0xf8, 0x3, 0xa3, 0xbb, 0xde,
    0x0, 0xce, 0xef, 0x20, 0x7, 0xff, 0x0, 0x40,
    0xc, 0x0, 0x2b, 0x50, 0xf, 0xbd, 0x13, 0x84,
    0x4, 0x8, 0x1, 0x49, 0x0, 0x1f, 0x35, 0xdf,
    0x28, 0x10, 0x70, 0x1, 0x82, 0x80, 0x3f, 0xf8,
    0x6a, 0x4, 0xc, 0x20, 0xc0, 0x1c, 0x21, 0x5f,
    0xee, 0x0, 0x38, 0x70, 0x38, 0x40, 0x30, 0x80,
    0x7f, 0xf0, 0x44, 0xc, 0xa, 0x44, 0x2c, 0x3,
    0xf0, 0x80, 0xc, 0x0, 0x60, 0x80, 0x6, 0x7,
    0x20, 0xe, 0x10, 0x3, 0x80, 0x4, 0x3, 0x8c,
    0x0, 0x30, 0x2, 0x40, 0x11, 0x0, 0x8, 0x0,
    0xe0, 0x1, 0x0, 0xea, 0x0, 0x26, 0xd0, 0x1,
    0x40, 0x6, 0x64, 0xf0, 0x20, 0x4, 0x98, 0x7,
    0x10, 0x18, 0x3, 0x0, 0xef, 0x2d, 0x1, 0x2,
    0x98, 0x2, 0xf0, 0x6, 0x87, 0x80, 0x14, 0x13,
    0xc0, 0x24, 0xbb, 0x28, 0x14, 0x2, 0x20, 0x10,
    0x14, 0x14, 0x1, 0x8d, 0xdc, 0xfb, 0x94, 0x1,
    0xc7, 0x40, 0xbb, 0x8, 0x8c, 0x20, 0x5, 0x0,
    0x44, 0x0, 0x90, 0x2f, 0x10, 0x91, 0x4, 0x6,
    0x0, 0x71, 0xb0, 0x7, 0x8a, 0xf4, 0x40, 0x5,
    0xa6, 0xb, 0x0, 0x3, 0xc8, 0x0, 0xf9, 0x0,
    0x38, 0xf3, 0xe8, 0x0,

    /* U+6240 "所" */
    0x0, 0xff, 0xe7, 0x8a, 0x46, 0x70, 0x7, 0x89,
    0xab, 0x94, 0x2, 0xad, 0xfe, 0xb7, 0x31, 0x26,
    0x8b, 0xdf, 0xd9, 0x51, 0xc0, 0x9, 0x48, 0x3,
    0x1b, 0x9c, 0x3a, 0x10, 0x4, 0x4d, 0xa0, 0x1c,
    0xb5, 0x9f, 0x90, 0x20, 0x2, 0x58, 0xbe, 0xd9,
    0x40, 0xe, 0xe5, 0x30, 0xf, 0x45, 0x3a, 0x8,
    0x7, 0xff, 0x4a, 0xfb, 0xb2, 0x0, 0x7f, 0xf1,
    0x44, 0x70, 0x6, 0xd5, 0x5f, 0x88, 0x3, 0x45,
    0xd8, 0x3, 0xcf, 0x55, 0xf2, 0x80, 0x63, 0x44,
    0x8, 0x7, 0xff, 0x34, 0x42, 0xff, 0xd2, 0x3,
    0xfe, 0x70, 0xf, 0xfe, 0xb, 0x80, 0x7f, 0xf0,
    0x2f, 0xfc, 0x20, 0x1f, 0xfc, 0xc1, 0x0, 0x10,
    0x7, 0xf0, 0x80, 0x22, 0xab, 0x2a, 0x80, 0x2,
    0x1, 0xfc, 0x60, 0x6, 0x55, 0xc2, 0x60, 0x40,
    0x1f, 0xe6, 0x0, 0x8, 0x7, 0x60, 0x38, 0x7,
    0xfb, 0x0, 0x80, 0x38, 0x50, 0x3c, 0x3, 0xfc,
    0xa0, 0xe0, 0x1d, 0x0, 0x5, 0x0, 0xfe, 0x22,
    0x7, 0x80, 0x62, 0x60, 0x60, 0xf, 0xf5, 0x80,
    0x14, 0x3, 0x40, 0x2, 0xc0, 0x3f, 0xd8, 0x2c,
    0x1, 0xd0, 0x4e, 0x40, 0x1f, 0xe5, 0xe8, 0x0,
    0xe2, 0xc8, 0x0, 0xe6, 0xfe, 0x0, 0x80,

    /* U+624B "手" */
    0x0, 0xff, 0xe2, 0x12, 0x2b, 0x80, 0x63, 0x32,
    0x2b, 0x3c, 0x4d, 0x5e, 0x77, 0xfb, 0x6e, 0xa0,
    0x80, 0x2c, 0xc5, 0xd4, 0xc3, 0xb2, 0xa1, 0x88,
    0x7, 0x8, 0x80, 0x21, 0x0, 0xc2, 0x46, 0x20,
    0x31, 0x35, 0x9b, 0xfc, 0x60, 0x16, 0x77, 0x3f,
    0xdd, 0xb8, 0xa0, 0x6e, 0xca, 0x64, 0x1, 0xe2,
    0x11, 0x0, 0x7f, 0xf7, 0x6f, 0xff, 0xe4, 0x2,
    0xff, 0xf9, 0x0, 0x3f, 0xf9, 0xbf, 0x33, 0xf1,
    0x0, 0xcc, 0xfc, 0xa0, 0x12, 0x33, 0x7e, 0x3,
    0x66, 0xf8, 0x40, 0x3f, 0xf9, 0x64, 0xcd, 0xfe,
    0x3, 0x66, 0xfc, 0xaf, 0x33, 0xfc, 0x40, 0x33,
    0x3f, 0xac, 0x3, 0xff, 0x94, 0xbf, 0xff, 0xc8,
    0x5, 0xff, 0xfb, 0x80, 0x3f, 0xfa, 0x8e, 0x1,
    0xff, 0xc4, 0x37, 0x7a, 0xc, 0x4, 0x3, 0xff,
    0x84, 0xf1, 0x13, 0x80, 0x18, 0x3, 0xff, 0x84,
    0xa0, 0x18, 0x52, 0x0, 0x3f, 0x80,

    /* U+624D "才" */
    0x0, 0xff, 0xe0, 0x93, 0xb8, 0x40, 0x3f, 0xf8,
    0xc9, 0x10, 0x20, 0xf, 0xff, 0xe7, 0x7f, 0xff,
    0xd2, 0x0, 0xcf, 0xfc, 0x80, 0x1f, 0xfc, 0xb8,
    0x8f, 0xf2, 0x0, 0x67, 0x88, 0xcc, 0xc, 0xef,
    0xf9, 0x50, 0x3, 0x5b, 0xbe, 0x20, 0xf, 0xf7,
    0x0, 0x1c, 0x3, 0xff, 0x8b, 0x26, 0x15, 0xc0,
    0x1f, 0xfc, 0x48, 0x60, 0x55, 0x0, 0x7f, 0xf1,
    0x21, 0xc1, 0x28, 0x3, 0xff, 0x89, 0x2e, 0x7,
    0x60, 0x1f, 0xfc, 0x31, 0xc6, 0x2, 0xd0, 0xf,
    0xfe, 0x1a, 0x79, 0x82, 0x68, 0x80, 0x7f, 0xf0,
    0x46, 0xac, 0x41, 0xac, 0x3, 0xff, 0x84, 0xbe,
    0xa0, 0xa, 0x90, 0xf, 0xfe, 0x18, 0x88, 0xf,
    0x54, 0x3, 0xe1, 0x0, 0x8, 0x7, 0x23, 0x4e,
    0x10, 0x4, 0xf3, 0x35, 0x48, 0x0, 0xc0, 0x3d,
    0x2c, 0x1, 0xda, 0xcd, 0x28, 0x81, 0x8, 0x7,
    0xff, 0x7, 0x0, 0x30, 0xa7, 0x80, 0x78,

    /* U+6253 "打" */
    0x0, 0x86, 0x64, 0x40, 0x1f, 0xfc, 0x63, 0x66,
    0x80, 0x3f, 0xf9, 0x89, 0xff, 0xff, 0x58, 0x7,
    0xff, 0x2c, 0x44, 0xc0, 0x1, 0x19, 0xd5, 0x78,
    0x80, 0xa, 0xb6, 0x2f, 0x72, 0xc0, 0x15, 0xdc,
    0x2a, 0xae, 0x40, 0x1a, 0xa9, 0xc0, 0x3f, 0xf9,
    0x49, 0x76, 0x90, 0x4, 0x5d, 0x84, 0x3, 0xff,
    0x80, 0x28, 0x90, 0x0, 0xd1, 0x0, 0x1f, 0xfd,
    0xd1, 0x6c, 0x20, 0xf, 0xfe, 0x1b, 0x80, 0x2a,
    0x4c, 0x40, 0x3f, 0xf8, 0xb, 0x7f, 0x40, 0x10,
    0xb0, 0x80, 0x7f, 0xf0, 0x31, 0x0, 0x34, 0xf4,
    0x90, 0x7, 0xff, 0x3, 0x12, 0x6c, 0x0, 0x40,
    0x1f, 0xfc, 0x35, 0xb6, 0x60, 0x7, 0xff, 0xfc,
    0x0, 0x60, 0x1e, 0x36, 0x64, 0x80, 0x1c, 0x3,
    0x33, 0x50, 0xa0, 0x1e, 0x69, 0x92, 0x0, 0x8,
    0x3, 0x4c, 0xce, 0x0, 0x40, 0xc, 0xe0, 0x10,
    0xc0, 0x80, 0x63, 0x0, 0x85, 0x6c, 0x3, 0x0,

    /* U+6267 "执" */
    0x0, 0x88, 0xc4, 0x3, 0x91, 0x2, 0x1, 0xff,
    0xc0, 0x9c, 0x90, 0xe, 0xbb, 0x20, 0x7, 0xff,
    0x28, 0x40, 0x3f, 0xfa, 0x82, 0x88, 0x60, 0x24,
    0x30, 0x33, 0x0, 0x8, 0xcf, 0x10, 0x6, 0x5b,
    0xb1, 0x2, 0xdf, 0x16, 0x60, 0x1, 0x39, 0x9b,
    0xc0, 0x33, 0x80, 0x78, 0x40, 0x3f, 0xf8, 0x67,
    0xfe, 0x40, 0x7f, 0xc2, 0xdd, 0x0, 0x2f, 0x75,
    0x0, 0x1f, 0xfc, 0x32, 0x30, 0x3, 0x11, 0x40,
    0x1f, 0xfc, 0x5, 0x60, 0x1, 0x80, 0x7f, 0xf1,
    0x5e, 0xa8, 0x54, 0xe0, 0x3, 0x0, 0xff, 0x1d,
    0x20, 0x4, 0xdc, 0xb4, 0x0, 0x10, 0xf, 0xe7,
    0xc5, 0x0, 0x26, 0xd5, 0x88, 0x4, 0xe0, 0x1f,
    0xc4, 0x4, 0x20, 0x64, 0xf, 0xc6, 0x0, 0x8e,
    0x60, 0xf, 0x92, 0xf5, 0x40, 0x3c, 0x20, 0x10,
    0xcf, 0x81, 0x80, 0x61, 0x40, 0xf, 0x88, 0x81,
    0x36, 0x44, 0xe0, 0xf, 0xfe, 0x1d, 0x80, 0x1d,
    0x37, 0xdc, 0x4, 0x1f, 0x4, 0x3, 0xf1, 0x30,
    0x28, 0x80, 0x8, 0x40, 0x2e, 0x30, 0xf, 0xee,
    0x0, 0x48, 0x6, 0x20, 0x1, 0x29, 0x9, 0x2b,
    0x28, 0x5, 0x26, 0xc, 0x60, 0x1c, 0x41, 0x26,
    0xe0, 0xd5, 0x22, 0x1e, 0xec, 0x5, 0x20, 0x1e,
    0x50, 0x40, 0xe0, 0x50, 0x8, 0xd9, 0x8a, 0x1e,
    0x1, 0xf4, 0xa0, 0x32, 0x0, 0xff, 0xd8, 0x22,
    0xae, 0x20, 0xf, 0x86, 0xfe, 0x40, 0x0,

    /* U+62A4 "护" */
    0x0, 0x9a, 0x10, 0x3, 0xe7, 0xb6, 0x0, 0xfd,
    0x4f, 0xa0, 0x1f, 0x52, 0x58, 0x7, 0xff, 0x1a,
    0x80, 0x88, 0x1, 0xff, 0xc1, 0x77, 0xdc, 0x0,
    0x97, 0x7c, 0x26, 0x60, 0x1, 0x9c, 0x11, 0x19,
    0x80, 0x9, 0x11, 0x4b, 0xe6, 0xc, 0x17, 0x30,
    0x1, 0x84, 0x7c, 0x1, 0xff, 0xc2, 0x9e, 0xef,
    0x40, 0x1, 0xbb, 0x86, 0xd, 0xdc, 0x0, 0xff,
    0xe1, 0x8, 0x80, 0x21, 0x10, 0x7, 0xff, 0x20,
    0x80, 0x3f, 0xf8, 0xcb, 0x9a, 0x1, 0x9, 0x17,
    0xbc, 0x3, 0x21, 0x1, 0x98, 0x4, 0x1, 0x1b,
    0xbe, 0x70, 0x3, 0xf5, 0x88, 0x1, 0x6c, 0x40,
    0x3f, 0xf8, 0x1c, 0x20, 0x13, 0x52, 0x8, 0x2,
    0xb7, 0x7f, 0x7e, 0xcf, 0x18, 0x6, 0x30, 0x3,
    0x11, 0x7e, 0x14, 0x61, 0x0, 0xe6, 0x0, 0x10,
    0x7, 0xff, 0x17, 0x0, 0x44, 0x1, 0xff, 0xc5,
    0x50, 0x50, 0xf, 0xfe, 0x2a, 0x10, 0x68, 0x7,
    0xf8, 0x99, 0xcc, 0x2, 0x80, 0x3, 0x0, 0x7f,
    0x86, 0x60, 0x1, 0xce, 0x61, 0x0, 0x1f, 0xf1,
    0x80, 0x48, 0xca, 0x64, 0xe0, 0x1f, 0xfc, 0xf,
    0xfa, 0xc4, 0xb3, 0xc0, 0x3f, 0xf8, 0x0,

    /* U+62D4 "拔" */
    0x0, 0xc2, 0x1, 0xe2, 0x20, 0x4, 0x60, 0x1f,
    0xb7, 0x98, 0x3, 0x2e, 0xe8, 0x0, 0x99, 0x80,
    0xf, 0xfe, 0x3a, 0x89, 0xe0, 0x7, 0xff, 0x4,
    0xc0, 0x40, 0x3, 0x82, 0x6a, 0x1, 0x22, 0x0,
    0x1e, 0x84, 0xd3, 0x40, 0x33, 0x35, 0x91, 0x32,
    0x58, 0x6e, 0xc4, 0xd, 0x75, 0xac, 0x60, 0x6,
    0x6c, 0x64, 0xcc, 0xd0, 0xf, 0xc6, 0x82, 0x2,
    0x89, 0xf8, 0xc7, 0xfc, 0x41, 0x3f, 0x10, 0xb5,
    0x4, 0xbb, 0xfd, 0x0, 0x1f, 0xe6, 0x2, 0x0,
    0xff, 0xe2, 0x8, 0x0, 0x81, 0xff, 0xfe, 0x20,
    0xf, 0x57, 0x48, 0x10, 0x7, 0xff, 0x4, 0x9c,
    0x80, 0xc4, 0x40, 0x80, 0x16, 0x6e, 0xd0, 0x0,
    0x30, 0x8d, 0x80, 0x1, 0x44, 0x3, 0x0, 0x24,
    0x22, 0xb0, 0x10, 0x43, 0xc0, 0x35, 0xb8, 0x82,
    0x82, 0x4, 0x88, 0x1a, 0x7, 0x0, 0x16, 0xbc,
    0x80, 0x32, 0x80, 0x24, 0xc6, 0xc3, 0xc0, 0x94,
    0x0, 0x4a, 0x1, 0xe9, 0x3, 0x2f, 0x5, 0xb3,
    0x9, 0x0, 0xff, 0x21, 0x84, 0x81, 0xb8, 0x20,
    0x3a, 0x0, 0x7f, 0xa4, 0x9, 0x40, 0x1e, 0x1,
    0xff, 0xc2, 0x72, 0x8, 0x1, 0xa8, 0x1, 0x7,
    0xc3, 0x0, 0x13, 0x39, 0x0, 0xc0, 0x1a, 0xb7,
    0xa8, 0x3f, 0x28, 0x1e, 0x51, 0x3c, 0xc0, 0x1,
    0x1c, 0x23, 0x64, 0x45, 0x70, 0x15, 0x41, 0x5,
    0xb7, 0x0, 0xc, 0x1c, 0x62, 0x38, 0x37, 0x20,
    0x4, 0xbe, 0xc1, 0x65, 0xfe, 0xe7, 0x0, 0x18,
    0x56, 0x48, 0x7, 0x86, 0x78, 0x80,

    /* U+6301 "持" */
    0x0, 0x8d, 0x48, 0x3, 0xe2, 0x54, 0x0, 0xfe,
    0xfa, 0xa0, 0x7, 0xc9, 0x54, 0x0, 0xff, 0xec,
    0xcc, 0xed, 0x1, 0x99, 0xd0, 0x0, 0x44, 0x8,
    0x12, 0x10, 0x33, 0x64, 0x0, 0x33, 0x70, 0x15,
    0xd8, 0x81, 0x6e, 0x41, 0x57, 0x18, 0x1, 0x57,
    0x38, 0x7, 0xfa, 0xab, 0x80, 0x6a, 0xb4, 0x81,
    0x7f, 0x8c, 0x1f, 0xec, 0x3, 0xff, 0x92, 0x9f,
    0xfd, 0x20, 0x3f, 0xfe, 0x0, 0xf8, 0x40, 0x3f,
    0xf8, 0xe3, 0x5, 0x55, 0xf9, 0x80, 0x15, 0x50,
    0x0, 0x44, 0xc, 0xfe, 0xab, 0xfb, 0xc0, 0xa,
    0xb3, 0x67, 0x10, 0x6, 0x44, 0xfd, 0xc0, 0x4,
    0x41, 0xe1, 0x80, 0x4b, 0xd1, 0x77, 0xf9, 0xc0,
    0x17, 0x6f, 0xd3, 0x93, 0x2, 0x10, 0xf, 0xfe,
    0x13, 0xbb, 0x18, 0x3, 0xbe, 0xcb, 0x7f, 0xf4,
    0x80, 0x3f, 0xd6, 0x1, 0xfd, 0x25, 0x86, 0x1,
    0xff, 0xc6, 0xc2, 0x1c, 0x30, 0xf, 0xfe, 0x28,
    0xf8, 0x8c, 0x1, 0xf8, 0x51, 0x48, 0x3c, 0x3,
    0x16, 0x5b, 0xaa, 0xa8, 0x3, 0x8a, 0xe8, 0x40,
    0x40, 0x38, 0x89, 0x55, 0x18, 0x10, 0x4, 0x60,
    0x12, 0x30, 0x7, 0x8c, 0x3, 0x1f, 0x0, 0x6f,
    0xfa, 0xc0, 0x3e, 0x4f, 0xfd, 0x86, 0x1, 0x0,

    /* U+6307 "指" */
    0x0, 0xff, 0xe6, 0xdf, 0xc8, 0x0, 0xff, 0xc2,
    0x1, 0xf1, 0x80, 0x7f, 0xf1, 0x45, 0x6b, 0xb0,
    0x3, 0xff, 0x82, 0x6b, 0x1b, 0xd4, 0xa2, 0x8,
    0x0, 0x33, 0x38, 0x11, 0x98, 0x2, 0xda, 0x72,
    0x2, 0x6a, 0xe4, 0x1, 0xcc, 0x18, 0x26, 0x68,
    0x6, 0x36, 0xae, 0xd9, 0x5c, 0xc2, 0x0, 0x7f,
    0xdd, 0x92, 0xa2, 0x1, 0x19, 0x84, 0x5f, 0xe4,
    0x6, 0xfe, 0x10, 0x3, 0x88, 0xf9, 0x4, 0x18,
    0x3, 0xf1, 0x0, 0x27, 0xbb, 0xd6, 0x0, 0x20,
    0xf, 0xea, 0x21, 0x0, 0xf8, 0xa4, 0x40, 0x39,
    0x69, 0xc1, 0x77, 0xbf, 0xfe, 0xd6, 0x0, 0x95,
    0x80, 0xd7, 0xb, 0x33, 0xfe, 0x40, 0x6f, 0xa2,
    0x0, 0x1f, 0x9, 0x9f, 0xfc, 0x40, 0x1e, 0x6c,
    0x50, 0xa, 0xf3, 0x3c, 0x1, 0x94, 0xa5, 0x0,
    0x3e, 0x53, 0x3f, 0x8, 0x4, 0x7a, 0xc0, 0x1f,
    0x94, 0xcf, 0xc2, 0x1, 0xff, 0xc2, 0xbc, 0xcf,
    0x0, 0x7f, 0xf0, 0xcc, 0xfe, 0x0, 0xff, 0xe1,
    0xee, 0x67, 0x84, 0x2, 0x14, 0x43, 0x0, 0x7c,
    0x45, 0xf0, 0x6, 0x2b, 0xb1, 0x7, 0x0, 0x76,
    0x6e, 0xf8, 0x40, 0x23, 0x0, 0x91, 0x80, 0x38,
    0x47, 0xe0, 0xe, 0xff, 0xac, 0x40, 0x3b, 0xfb,
    0xbc, 0x20, 0x10,

    /* U+6309 "按" */
    0x0, 0x85, 0x98, 0x1, 0xf1, 0xce, 0x0, 0x7f,
    0x8a, 0x64, 0x1, 0xf3, 0x30, 0xd8, 0x3, 0xff,
    0x8e, 0xa2, 0x1a, 0x1, 0xff, 0xc2, 0x2e, 0xee,
    0x10, 0x4e, 0xee, 0x0, 0x85, 0xc0, 0x4, 0x23,
    0xf0, 0x4, 0x23, 0xc0, 0x7, 0xeb, 0x0, 0x6f,
    0x38, 0x2, 0x67, 0xf3, 0x0, 0x7f, 0xf0, 0x99,
    0xc1, 0x19, 0xb6, 0x80, 0x66, 0xca, 0x0, 0x5e,
    0x38, 0x88, 0x1e, 0x74, 0x40, 0x27, 0x12, 0x0,
    0x9, 0xb0, 0x1, 0xc, 0xdd, 0xc0, 0xc0, 0x31,
    0x0, 0x8f, 0xb4, 0x3, 0xf8, 0x48, 0xa5, 0x4,
    0x22, 0xf8, 0x3, 0xe9, 0xb8, 0xdd, 0x80, 0xf,
    0xbb, 0xf3, 0x80, 0x4a, 0x0, 0x65, 0x0, 0xff,
    0xe2, 0x47, 0x48, 0x0, 0x66, 0x36, 0x40, 0x17,
    0xbb, 0x28, 0x3, 0x74, 0xe0, 0x82, 0x1, 0x73,
    0x89, 0x50, 0x22, 0x8, 0xa4, 0x5, 0x22, 0x0,
    0x2e, 0x2c, 0x3, 0x90, 0xc0, 0xc0, 0x27, 0x10,
    0xe0, 0xc, 0xef, 0x0, 0x70, 0x88, 0x1f, 0x54,
    0xe0, 0xd, 0x0, 0x3f, 0xf8, 0xb, 0xce, 0x5,
    0x58, 0x0, 0xe0, 0xf, 0xfe, 0x1c, 0x68, 0x80,
    0x44, 0x20, 0x1f, 0xfc, 0x21, 0x7c, 0x10, 0x8,
    0xb2, 0x84, 0x2, 0x45, 0xa0, 0x8, 0x5a, 0xfa,
    0x4, 0x17, 0xa8, 0x41, 0x79, 0xc0, 0x1d, 0x4c,
    0x1, 0x54, 0xa0, 0x1, 0x32, 0x85, 0x79, 0x80,
    0x10, 0x41, 0xa0, 0x1, 0x90, 0xf0, 0x17, 0xdb,
    0x30, 0xd, 0x38, 0x52, 0x40, 0xff, 0xee, 0x60,
    0x4b, 0xe8, 0x20, 0xf, 0x8f, 0x58, 0x0,

    /* U+6362 "换" */
    0x0, 0x15, 0x48, 0x7, 0xe, 0xc8, 0x80, 0x7f,
    0x99, 0x58, 0x3, 0xa0, 0x9c, 0x4, 0x78, 0x3,
    0xff, 0x80, 0x4c, 0x3, 0xdd, 0xd8, 0x1, 0xff,
    0xc0, 0xe0, 0xf, 0xfe, 0x4, 0x75, 0x0, 0x3b,
    0x81, 0x6, 0x19, 0xff, 0x60, 0x2, 0x0, 0x21,
    0x18, 0x0, 0x22, 0x67, 0x8, 0x30, 0x0, 0xe8,
    0x2a, 0x80, 0x2d, 0x86, 0x0, 0x42, 0x48, 0x19,
    0x91, 0x2a, 0x10, 0xe4, 0x40, 0x1, 0x1f, 0x40,
    0xf, 0x20, 0x3, 0xbb, 0xc8, 0x0, 0xbb, 0x88,
    0x3, 0xe2, 0xc1, 0x2, 0x28, 0x0, 0x45, 0x0,
    0x7f, 0x12, 0x98, 0x3, 0xb7, 0x40, 0xf, 0xdd,
    0x8, 0x7, 0x8, 0x3, 0x60, 0x3, 0xff, 0x86,
    0xd9, 0x40, 0x11, 0x80, 0x7f, 0xf0, 0xfc, 0xc0,
    0x2b, 0xf2, 0x0, 0x31, 0x10, 0x0, 0xc4, 0x40,
    0x3, 0xe, 0x1b, 0x0, 0x12, 0x74, 0x42, 0xb7,
    0x40, 0xb, 0xdd, 0x8, 0x5c, 0x2e, 0x68, 0x5,
    0xe0, 0x1f, 0xfc, 0x97, 0xff, 0xe5, 0x0, 0x1f,
    0xff, 0x48, 0x7, 0xfc, 0x8a, 0x0, 0x37, 0x0,
    0xff, 0xe1, 0xa5, 0x80, 0xb8, 0x43, 0x0, 0x7f,
    0xf0, 0x6, 0x6c, 0x1, 0x50, 0x81, 0x32, 0x10,
    0x2, 0x37, 0x80, 0x82, 0x57, 0x30, 0xd, 0xa0,
    0x5a, 0x3, 0x7c, 0x16, 0xca, 0x1, 0x84, 0xa8,
    0x1, 0x7d, 0x0, 0x2b, 0x70, 0x17, 0x4e, 0x0,
    0x14, 0x84, 0x3, 0x6d, 0x8, 0x7, 0x46, 0x28,
    0xb3, 0xff, 0xb5, 0x1, 0x7e, 0x48, 0x3, 0xf1,
    0xd7, 0x0,

    /* U+636E "据" */
    0x0, 0x9d, 0xc0, 0x1f, 0xfc, 0x71, 0x88, 0x8,
    0x0, 0x47, 0xff, 0x80, 0x1, 0xfe, 0xee, 0xff,
    0xe0, 0x60, 0x7, 0xff, 0x56, 0xff, 0xfe, 0x70,
    0x9, 0xff, 0x80, 0x1d, 0xe0, 0x1f, 0xfc, 0xda,
    0xee, 0xf9, 0xc0, 0x26, 0xcb, 0x0, 0x5e, 0x0,
    0x42, 0x3f, 0x80, 0x30, 0x9a, 0x80, 0x14, 0xc0,
    0x2b, 0xff, 0xa8, 0x7, 0xfe, 0xc0, 0xf, 0x90,
    0x3, 0xe1, 0x0, 0xff, 0xe0, 0x7d, 0x80, 0x55,
    0xdd, 0x50, 0xf, 0x76, 0x90, 0x28, 0x0, 0x8,
    0x10, 0x0, 0x47, 0x80, 0x2, 0x38, 0xe3, 0x58,
    0x0, 0x98, 0x1, 0x5e, 0xed, 0x20, 0x3b, 0xba,
    0xc0, 0x3a, 0x8c, 0x40, 0xa, 0x45, 0x80, 0x4,
    0x58, 0x78, 0xa4, 0x3, 0x30, 0x0, 0x48, 0xb0,
    0x0, 0x8a, 0x0, 0x36, 0xb8, 0x6, 0x20, 0x23,
    0xdd, 0xa4, 0x7, 0x76, 0x40, 0xf, 0xd8, 0xe,
    0x1, 0x11, 0x70, 0x7, 0xfc, 0x81, 0x80, 0x1,
    0xdd, 0xe1, 0x0, 0xfe, 0x50, 0x3, 0x80, 0x7f,
    0xf0, 0x8, 0xd8, 0x2, 0x90, 0x41, 0x0, 0x88,
    0xb8, 0x3, 0x5e, 0x40, 0x1, 0xc, 0x3c, 0x2,
    0x1d, 0xde, 0x10, 0xb, 0xc0, 0x3, 0x38, 0x8,
    0x80, 0xc, 0x67, 0xc0, 0x19, 0xbf, 0xdc, 0xd3,
    0xb2, 0x1, 0x87, 0x33, 0x84, 0x3, 0xf8, 0x88,
    0x0, 0x3f, 0xe0, 0xe, 0xef, 0x40,

    /* U+63A5 "接" */
    0x0, 0x99, 0x80, 0x1f, 0x14, 0xd9, 0x80, 0x7e,
    0x29, 0x90, 0x80, 0x78, 0xd9, 0x24, 0x3, 0xff,
    0x84, 0x89, 0x94, 0x81, 0x51, 0x31, 0x80, 0x7e,
    0x2b, 0xbe, 0x20, 0x5, 0xde, 0xe0, 0x12, 0x60,
    0x2, 0x90, 0x8, 0x80, 0x2, 0x38, 0x2, 0x11,
    0x3, 0x6d, 0x80, 0x2f, 0x4f, 0xb8, 0x41, 0x5d,
    0xd3, 0x3, 0x76, 0x0, 0x7f, 0xce, 0x18, 0x1,
    0x20, 0x60, 0x4, 0xff, 0xa0, 0xd, 0xf1, 0x0,
    0x60, 0x18, 0x0, 0x88, 0xa, 0x1, 0xf8, 0xc3,
    0x7f, 0xd2, 0x9, 0xfe, 0xd0, 0x7, 0xfc, 0xc0,
    0x1f, 0xfc, 0x91, 0x0, 0xe6, 0xac, 0xee, 0xaa,
    0x73, 0xbb, 0xe7, 0x0, 0x8, 0x2, 0x10, 0x47,
    0x4c, 0xc2, 0x3f, 0x2, 0xde, 0x0, 0x46, 0x45,
    0x21, 0x86, 0x11, 0x7c, 0x30, 0x80, 0x15, 0x66,
    0xed, 0x60, 0x9, 0xdd, 0xfa, 0x5c, 0xdc, 0x0,
    0x82, 0x44, 0x10, 0x0, 0x91, 0x42, 0x0, 0x22,
    0x7d, 0x65, 0x0, 0x6d, 0xd2, 0x1, 0xf6, 0xec,
    0x40, 0xbb, 0xa7, 0x0, 0xfc, 0x8a, 0x0, 0x60,
    0x3, 0x98, 0x40, 0x7, 0xfc, 0xb0, 0x47, 0x3f,
    0x70, 0x12, 0x40, 0x1f, 0xf0, 0xbe, 0xd0, 0x82,
    0x0, 0x7c, 0x69, 0x40, 0x18, 0x52, 0x32, 0x84,
    0xc, 0x82, 0x7a, 0x4, 0x26, 0xdc, 0x0, 0x31,
    0xd6, 0xe6, 0x7, 0x59, 0xb4, 0x42, 0xfc, 0x7a,
    0x0, 0x19, 0xb, 0x0, 0x24, 0x6e, 0x28, 0x1,
    0x76, 0x88, 0xcc, 0xff, 0xee, 0x60, 0x3c, 0xfb,
    0x72, 0x0, 0xf2, 0xee, 0x80,

    /* U+63D0 "提" */
    0x0, 0x8c, 0xc0, 0x1f, 0xfc, 0x73, 0xcc, 0x0,
    0x62, 0x2f, 0xf8, 0x3, 0xfc, 0xbb, 0xbf, 0xec,
    0x0, 0xff, 0xe0, 0xaa, 0xf9, 0x0, 0x3f, 0xf8,
    0x43, 0x55, 0xee, 0x0, 0xd1, 0xf8, 0x0, 0xff,
    0x8, 0x0, 0x7f, 0xfd, 0x40, 0x1f, 0xfc, 0x34,
    0x4f, 0x18, 0x6, 0xab, 0x90, 0x5, 0xd8, 0x40,
    0x3, 0x77, 0xe9, 0x0, 0xc4, 0x8a, 0x0, 0x44,
    0x0, 0x43, 0x99, 0xe8, 0x0, 0xff, 0x20, 0x6,
    0x33, 0xf1, 0x0, 0x7f, 0x74, 0x82, 0xff, 0xff,
    0xb8, 0x2, 0x2a, 0x0, 0x9, 0x80, 0x7f, 0xf0,
    0xe7, 0x58, 0x0, 0x4d, 0xff, 0xff, 0xc2, 0x42,
    0x0, 0xdb, 0x20, 0x1f, 0xfc, 0x27, 0xc9, 0xb0,
    0x8, 0x7f, 0x6b, 0x3f, 0xc2, 0x17, 0xff, 0xc6,
    0xec, 0xe0, 0x1c, 0xb5, 0x20, 0x18, 0x40, 0x3f,
    0xf8, 0x58, 0x1a, 0x1, 0xab, 0xff, 0x30, 0x7,
    0xe1, 0x40, 0xb0, 0xe, 0x11, 0xc6, 0x1, 0xfa,
    0x40, 0x6, 0xe0, 0x15, 0xf7, 0x65, 0x1, 0x24,
    0x0, 0x91, 0xc2, 0x6, 0x24, 0x40, 0x47, 0xc1,
    0x3b, 0x0, 0x27, 0x60, 0x8f, 0xa2, 0xc0, 0xa,
    0xee, 0xe6, 0xd0, 0x9, 0x94, 0xa, 0x80, 0xfd,
    0xcc, 0x40, 0x3c, 0x8b, 0x98, 0xe8, 0x6b, 0xc1,
    0x0, 0xc, 0x67, 0x7f, 0xf8, 0x80,

    /* U+63E1 "握" */
    0x0, 0x91, 0xcc, 0x3, 0xff, 0x91, 0xd0, 0x80,
    0x1, 0x1f, 0xfe, 0x8, 0x7, 0xfb, 0xbb, 0xff,
    0x82, 0x60, 0x1f, 0xf1, 0x9f, 0xf0, 0x7, 0x9,
    0x8, 0x79, 0x0, 0x5b, 0x99, 0xf8, 0x40, 0x35,
    0x6a, 0x3, 0xe9, 0x80, 0x2e, 0xab, 0xf0, 0x80,
    0x7f, 0xf0, 0x55, 0x7f, 0x80, 0x3a, 0xfd, 0x42,
    0x3c, 0xc0, 0x1d, 0xff, 0xfe, 0x30, 0xf, 0xf9,
    0x6a, 0xbf, 0xcc, 0x1, 0xff, 0x12, 0xaf, 0xfb,
    0x0, 0x3d, 0x9a, 0x1, 0x3e, 0xe0, 0x83, 0x6d,
    0xa6, 0xea, 0xc0, 0x23, 0x60, 0x42, 0x20, 0x0,
    0x4a, 0x4, 0xe4, 0xb5, 0x28, 0x84, 0x1, 0x98,
    0x30, 0x1, 0x8, 0x5, 0x48, 0x5a, 0x3, 0xa0,
    0xea, 0x1, 0x8, 0x4, 0xfa, 0x40, 0x2, 0x50,
    0x2e, 0xfe, 0xb0, 0x5, 0x10, 0x1, 0x61, 0x3,
    0xc0, 0xc0, 0x48, 0xcc, 0x88, 0x0, 0x3c, 0x28,
    0x28, 0x2, 0x1c, 0x40, 0x26, 0x5, 0xc, 0xc5,
    0xc0, 0x2, 0x1e, 0xad, 0xc0, 0x3f, 0x18, 0x12,
    0x66, 0x5e, 0x0, 0xcc, 0xa0, 0x40, 0x3f, 0x60,
    0x60, 0x99, 0xe0, 0x1, 0x9e, 0x0, 0xfe, 0x40,
    0x45, 0xff, 0xb0, 0x1, 0xff, 0x84, 0x0, 0x46,
    0xe0, 0x6, 0x4, 0x10, 0xf, 0xfe, 0x17, 0x61,
    0x0, 0xc0, 0x74, 0xff, 0xec, 0x0, 0x7f, 0xf1,
    0x2, 0x80, 0xd, 0x54, 0x4a, 0x24, 0x5f, 0xfc,
    0x0, 0x4, 0xff, 0xb0, 0xef, 0x42, 0x37, 0x7f,
    0xf8, 0x4,

    /* U+64AD "播" */
    0x0, 0x9d, 0xc0, 0x1f, 0xfc, 0x22, 0x20, 0x4,
    0x51, 0x0, 0x8, 0x44, 0x48, 0xaf, 0x15, 0x9d,
    0xfb, 0x60, 0x1f, 0xab, 0xb9, 0xb7, 0x50, 0xea,
    0x62, 0x0, 0x20, 0xf, 0xc4, 0x20, 0x68, 0xa0,
    0x8, 0xaa, 0x2f, 0x58, 0x0, 0x84, 0x0, 0x43,
    0xc, 0x9, 0x74, 0x0, 0x65, 0xf5, 0xb0, 0x1,
    0x6e, 0x0, 0x36, 0x82, 0x81, 0xd0, 0x3, 0x2a,
    0x86, 0xc0, 0x3f, 0xc5, 0x24, 0x2, 0x1, 0x86,
    0x4, 0x0, 0x59, 0x60, 0xc, 0x8f, 0xf4, 0x95,
    0xf0, 0x3, 0xa8, 0x67, 0xfc, 0xc0, 0x6c, 0x0,
    0x32, 0x2e, 0x0, 0xf1, 0x17, 0x0, 0x78, 0xf7,
    0x67, 0x1, 0x0, 0xc3, 0x9b, 0xa4, 0x0, 0xee,
    0x80, 0x3d, 0x51, 0xd0, 0x5, 0x89, 0xfa, 0x0,
    0x47, 0x0, 0x1, 0x79, 0xc2, 0x1d, 0x30, 0x2,
    0xe8, 0x8a, 0xec, 0x6f, 0x8a, 0x0, 0x31, 0x60,
    0x4f, 0x30, 0xaa, 0x1, 0xfa, 0x2, 0x40, 0x80,
    0x6c, 0xe1, 0x4, 0xef, 0xf5, 0x53, 0xbf, 0x90,
    0x7, 0xd2, 0x30, 0x2, 0x2d, 0x0, 0x2a, 0xc0,
    0x4, 0x55, 0x0, 0x31, 0x9, 0xc4, 0x3, 0xc3,
    0x55, 0x0, 0x2a, 0xa1, 0x0, 0xff, 0xe0, 0xc,
    0xcc, 0x0, 0xb9, 0x90, 0x80, 0x7f, 0xf0, 0x59,
    0xa0, 0x2, 0xb3, 0x0, 0x3f, 0xf8, 0x23, 0xff,
    0x0, 0x3b, 0xfc, 0x20, 0x11, 0x2d, 0x0, 0x7f,
    0xf1, 0xda, 0x9c, 0x4, 0x3, 0xf, 0xfc, 0x0,
    0xef, 0xf0, 0x80, 0x4a, 0x0, 0x18, 0x0, 0xe5,
    0x5f, 0xc0, 0x18, 0x7f, 0xdc, 0xc0, 0x18, 0x6a,
    0xbf, 0x8, 0x4,

    /* U+653E "放" */
    0x0, 0xc4, 0xcc, 0x0, 0xf1, 0xb1, 0x80, 0x7f,
    0xaa, 0x60, 0x3, 0xd3, 0x2f, 0x0, 0xff, 0x58,
    0xa, 0x0, 0x72, 0x5, 0x80, 0x7c, 0x45, 0x8,
    0x3, 0x48, 0x82, 0x8, 0x20, 0xa0, 0x1e, 0x3d,
    0xdc, 0x0, 0x6d, 0xd7, 0x87, 0x0, 0x37, 0xff,
    0xac, 0x3, 0xfe, 0x15, 0x0, 0xfe, 0x3c, 0xa0,
    0x5, 0xe6, 0x73, 0x0, 0x22, 0x26, 0x0, 0x47,
    0x1, 0xb0, 0x1, 0xc, 0xf1, 0x48, 0x13, 0xbd,
    0xa0, 0x2e, 0xa0, 0x7, 0x0, 0xfa, 0x4, 0x8,
    0x2, 0x20, 0x20, 0xf, 0x99, 0xb9, 0xc0, 0x22,
    0x0, 0x78, 0x28, 0x6, 0x10, 0x4, 0xcf, 0x28,
    0x10, 0x20, 0x1, 0x3, 0x0, 0x3f, 0xf8, 0x17,
    0x54, 0xd, 0x1, 0x20, 0x70, 0xc, 0x60, 0x3f,
    0xec, 0x1, 0x12, 0xa8, 0x10, 0x5c, 0x8, 0x80,
    0x18, 0x40, 0xc0, 0xe, 0x6, 0x0, 0x22, 0x4,
    0xd8, 0x28, 0x7, 0x70, 0x30, 0x0, 0x40, 0x40,
    0x2b, 0x7, 0x20, 0xa0, 0xe, 0x50, 0x20, 0xf,
    0xcc, 0x20, 0x5, 0x20, 0xe, 0x20, 0xe0, 0x1,
    0x83, 0x80, 0x62, 0x0, 0x68, 0x7, 0x18, 0x81,
    0x80, 0x4, 0x4, 0x2, 0x93, 0x0, 0x42, 0x80,
    0x6b, 0x0, 0x20, 0x3, 0x80, 0xc0, 0x14, 0xc0,
    0x82, 0x14, 0xa0, 0x13, 0x2, 0xa9, 0xa1, 0x80,
    0x45, 0x8a, 0x7, 0x78, 0x21, 0x50, 0x10, 0x21,
    0x3f, 0x2e, 0x0, 0x1e, 0x30, 0x4c, 0x2, 0xd0,
    0x3, 0xd7, 0x2, 0x9e, 0x80, 0x5, 0xec, 0x0,
    0xd6, 0x1, 0x1e, 0x90, 0x73, 0x5c, 0x3, 0xff,
    0xba, 0xa, 0xa6, 0x40, 0x1c, 0x5b, 0x28,

    /* U+6570 "数" */
    0x0, 0xff, 0xe1, 0x8, 0x7, 0xe1, 0x40, 0x5,
    0xfb, 0x0, 0x14, 0x2, 0xdf, 0x50, 0xf, 0x65,
    0x98, 0x7, 0x45, 0x40, 0x0, 0xc1, 0xc0, 0x3d,
    0x21, 0xc0, 0x18, 0xdc, 0x24, 0x14, 0x8, 0x80,
    0x1e, 0x46, 0x24, 0x0, 0xa0, 0x28, 0x43, 0x80,
    0x11, 0x1c, 0xc2, 0x7b, 0x2e, 0xe0, 0xe8, 0x66,
    0x10, 0xa0, 0x13, 0xbf, 0x6b, 0xe5, 0xce, 0x18,
    0x3e, 0x36, 0x73, 0x0, 0x8, 0xa0, 0x1, 0x14,
    0x89, 0x8, 0x0, 0x91, 0x25, 0x90, 0x6d, 0xd7,
    0x80, 0x36, 0x52, 0xed, 0x82, 0x0, 0x3d, 0xbb,
    0x70, 0x81, 0x0, 0x18, 0x8, 0x2, 0x2b, 0x80,
    0x20, 0x19, 0xd4, 0xa0, 0x2, 0x80, 0xc, 0x18,
    0x0, 0xfa, 0x83, 0xac, 0xe, 0xa5, 0x6e, 0x20,
    0x22, 0xd, 0x3, 0x0, 0x10, 0x37, 0x81, 0xa6,
    0x55, 0xa5, 0x51, 0x1, 0x1, 0x3, 0x40, 0xb,
    0x92, 0x1a, 0xf2, 0x80, 0x96, 0x9, 0x81, 0xe8,
    0x20, 0x80, 0x6, 0xfc, 0xc0, 0x3, 0xb3, 0x30,
    0x1, 0x41, 0x7c, 0x10, 0x40, 0x1e, 0x66, 0x20,
    0x1, 0x9f, 0x8, 0x12, 0x2, 0x7, 0x0, 0x51,
    0xa8, 0x5, 0xbb, 0x30, 0x10, 0x80, 0x3c, 0x0,
    0x4a, 0x1, 0x8, 0x20, 0x31, 0x90, 0x30, 0x48,
    0x4, 0x20, 0x1f, 0xca, 0x9, 0xd5, 0x80, 0xa8,
    0x0, 0x3a, 0x0, 0x15, 0x80, 0x62, 0xad, 0x50,
    0x51, 0x9, 0x0, 0x1e, 0x80, 0xb0, 0x25, 0x0,
    0x62, 0xa4, 0x0, 0xd9, 0x9, 0x82, 0x2c, 0x94,
    0x5, 0xc1, 0x6d, 0xd3, 0x89, 0xde, 0x20, 0x1d,
    0x80, 0xe9, 0x5, 0x98, 0x1c, 0x81, 0x2, 0x5e,
    0x21, 0xdd, 0xa4, 0x45, 0x86, 0x1, 0x62, 0x4,
    0xb4, 0xf5, 0xa0, 0x6, 0x42, 0xdf, 0x20, 0xe,
    0xbb, 0x8,

    /* U+6574 "整" */
    0x0, 0xe5, 0x50, 0x7, 0xcc, 0x80, 0x1f, 0xf5,
    0x50, 0x3, 0xc5, 0x36, 0x20, 0x1d, 0x3f, 0xf8,
    0x1, 0xff, 0xa8, 0x20, 0x9, 0x15, 0x71, 0xfa,
    0xae, 0x0, 0x2a, 0xed, 0x25, 0x2, 0xaa, 0xe8,
    0x6b, 0x88, 0x80, 0x11, 0x15, 0xbc, 0x81, 0xbb,
    0xc2, 0xd, 0xc1, 0xfb, 0xb0, 0x3, 0x76, 0xe7,
    0x40, 0x4, 0x42, 0x84, 0xa5, 0x40, 0x2a, 0xa0,
    0x2, 0xa8, 0x21, 0x40, 0x26, 0xa1, 0x1, 0x40,
    0x1c, 0xcc, 0x0, 0x33, 0xc, 0x39, 0xe8, 0x29,
    0xd4, 0x58, 0x3, 0xb3, 0x0, 0xc, 0xc1, 0x1,
    0xc2, 0x30, 0x40, 0x58, 0x80, 0x5b, 0x8e, 0x1,
    0x2d, 0xe6, 0x0, 0x2, 0x1, 0xb0, 0x40, 0x22,
    0x97, 0x30, 0x2, 0xdd, 0x8, 0x9f, 0xd8, 0x14,
    0x1b, 0xa8, 0xe3, 0x95, 0x58, 0x0, 0xb5, 0x68,
    0x88, 0x53, 0x6b, 0x4c, 0x15, 0x38, 0x6a, 0x80,
    0x86, 0x95, 0x91, 0x5, 0xcb, 0x20, 0x2c, 0xc3,
    0x3b, 0x5f, 0x5d, 0x81, 0xee, 0xd1, 0x34, 0x31,
    0x77, 0xd1, 0x0, 0x1, 0xa2, 0x7f, 0xf1, 0x8c,
    0x0, 0xdd, 0xdf, 0x68, 0x2, 0xbb, 0xbe, 0x20,
    0x8, 0x4a, 0xe0, 0x46, 0x30, 0x8, 0x47, 0xe0,
    0xe, 0x65, 0x70, 0xf, 0x57, 0xff, 0x8c, 0x3,
    0xff, 0x84, 0x6a, 0xbe, 0x10, 0xf, 0xfe, 0x14,
    0x55, 0x78, 0x80, 0x13, 0xba, 0xb0, 0x1d, 0xdb,
    0x0, 0x13, 0xbb, 0xf8, 0xc8, 0xa1, 0x0, 0x11,
    0x60, 0x1, 0x17, 0xf3, 0x80,

    /* U+65AD "断" */
    0x0, 0xf5, 0xd0, 0x7, 0xf8, 0xd4, 0x37, 0xd0,
    0x40, 0x8, 0x80, 0x1, 0x0, 0x5, 0x1e, 0xff,
    0x28, 0xc, 0x3b, 0x88, 0x1, 0x97, 0x5b, 0xfa,
    0xe1, 0x0, 0x2, 0x40, 0xc, 0xf, 0x0, 0xd2,
    0x8, 0x1, 0xa, 0x3e, 0x71, 0x0, 0x9, 0x90,
    0xc0, 0x8, 0x6e, 0x60, 0xc, 0xeb, 0x83, 0x0,
    0xeb, 0x9, 0x0, 0x40, 0x48, 0x4, 0x20, 0x1f,
    0xc5, 0x12, 0x0, 0xf9, 0x10, 0xf, 0xfe, 0x0,
    0xb8, 0x20, 0xa, 0xb, 0x0, 0x4a, 0xcd, 0xc8,
    0x0, 0x38, 0x88, 0x1, 0x10, 0xb0, 0xa, 0x26,
    0x7b, 0xc0, 0x23, 0x30, 0x80, 0xc, 0xce, 0x1,
    0xfc, 0x20, 0x2, 0xcc, 0x10, 0xe, 0x62, 0x80,
    0x2e, 0xfa, 0x2, 0xfa, 0x0, 0xca, 0x60, 0x30,
    0x0, 0x30, 0xf, 0xfe, 0x0, 0xd8, 0x4, 0xf6,
    0x1, 0xff, 0xc1, 0x1d, 0x15, 0x0, 0x12, 0x6b,
    0x0, 0x4, 0x3, 0xf4, 0x18, 0xd8, 0xe, 0x18,
    0x88, 0x3, 0xfe, 0x40, 0xb1, 0x0, 0xe, 0x71,
    0x1, 0x0, 0x7f, 0x6d, 0x28, 0x7, 0x16, 0x83,
    0x80, 0x7f, 0x94, 0x2, 0x30, 0x9, 0x3, 0x40,
    0x3f, 0xb1, 0x56, 0xa8, 0x54, 0x31, 0x4, 0x0,
    0xfe, 0x7a, 0xaf, 0x7c, 0x81, 0x18, 0x7, 0xc4,
    0x5f, 0xce, 0xa1, 0x40, 0x1f, 0xb3, 0x77, 0xf6,
    0x38, 0xb0, 0x7, 0xff, 0x1a, 0x38, 0x40, 0x25,
    0xfd, 0x0, 0x0,

    /* U+65B0 "新" */
    0x0, 0xe3, 0x60, 0xf, 0xfe, 0x39, 0x64, 0xa0,
    0x7, 0xfc, 0xb0, 0x1, 0x8, 0x8c, 0x43, 0x84,
    0x60, 0x0, 0x9b, 0x4e, 0x7d, 0x38, 0x86, 0x77,
    0x42, 0xb, 0xdd, 0x32, 0x76, 0x4b, 0x18, 0x0,
    0xcc, 0x1, 0xff, 0x18, 0x6, 0x36, 0x9e, 0xc2,
    0xc, 0xb0, 0x4f, 0xf8, 0x1, 0xea, 0x1, 0x76,
    0x4b, 0x8, 0x6, 0x40, 0x50, 0x1, 0x81, 0x80,
    0x7f, 0xf0, 0xcc, 0x4c, 0x2c, 0x10, 0x3, 0xff,
    0x80, 0xb7, 0x62, 0xe, 0xb6, 0x5, 0xba, 0x0,
    0x91, 0x3c, 0x64, 0x88, 0x10, 0x24, 0x10, 0x24,
    0x40, 0x5, 0x57, 0x7d, 0xb, 0x55, 0x8c, 0x16,
    0xab, 0x0, 0x7f, 0x89, 0x57, 0x30, 0x12, 0xac,
    0x80, 0x17, 0x7d, 0x1, 0x7d, 0x82, 0x26, 0x10,
    0x24, 0x48, 0x84, 0x3, 0xfd, 0x77, 0x90, 0x16,
    0xee, 0xa0, 0x8, 0x40, 0x3e, 0x33, 0xc2, 0x2,
    0x67, 0x71, 0x80, 0x7f, 0xb2, 0x65, 0x88, 0xd,
    0xc9, 0x8d, 0xc0, 0x20, 0x1f, 0xd7, 0x46, 0x1,
    0x73, 0xb0, 0x18, 0x10, 0x7, 0xe6, 0x14, 0x30,
    0xb, 0x82, 0x51, 0x0, 0xa0, 0x1f, 0xc, 0x4,
    0x0, 0x62, 0x91, 0xd0, 0x6, 0x80, 0x7c, 0xe2,
    0xa0, 0x6c, 0x1e, 0xd, 0xca, 0x2, 0x80, 0x1f,
    0x36, 0x46, 0x60, 0xc0, 0x40, 0xa, 0x60, 0xc0,
    0x1f, 0xc6, 0x44, 0x0, 0x23, 0x80, 0x4, 0xc6,
    0x40, 0x3f, 0xed, 0xff, 0x58, 0x80, 0x13, 0x30,
    0x20, 0x12, 0xf6, 0x80, 0x0,

    /* U+65E0 "无" */
    0x0, 0x8, 0xff, 0xf1, 0x80, 0x36, 0xf7, 0x7f,
    0xf1, 0x4c, 0x3, 0xff, 0x9b, 0xf7, 0x7e, 0x40,
    0x5, 0xdf, 0xe3, 0x0, 0x8d, 0x13, 0xc2, 0x2,
    0x89, 0xf8, 0x3, 0xfe, 0x10, 0xf, 0xfe, 0x4b,
    0x81, 0x80, 0x7f, 0x85, 0x9b, 0xf1, 0x1, 0xb3,
    0x7f, 0x21, 0xcc, 0xfe, 0x10, 0x19, 0x9f, 0xee,
    0x0, 0xff, 0xe5, 0x17, 0xff, 0xd2, 0x0, 0xbf,
    0xff, 0xea, 0x0, 0xfd, 0xa0, 0x2, 0x86, 0x0,
    0xff, 0xe1, 0x92, 0x2, 0xeb, 0xd0, 0x7, 0xff,
    0xe, 0x0, 0x12, 0x1, 0xff, 0xc5, 0x55, 0x2,
    0x18, 0x7, 0xee, 0xc5, 0x0, 0xe3, 0xa0, 0x4,
    0x80, 0x7f, 0x9, 0xe8, 0x6, 0x3d, 0x0, 0x49,
    0x0, 0x7f, 0xde, 0x1, 0x2e, 0x8, 0x3b, 0x0,
    0x61, 0x0, 0xc2, 0x0, 0x10, 0x1a, 0xa0, 0x1,
    0xe0, 0x3, 0x8a, 0x59, 0xaa, 0x0, 0x19, 0x7a,
    0x80, 0x26, 0x0, 0x36, 0x0, 0x1a, 0x66, 0x40,
    0x3, 0x92, 0x1, 0x63, 0x0, 0x73, 0xb8, 0x40,
    0x38, 0xa4, 0x82, 0xa3, 0x4c, 0x3, 0xe8, 0xef,
    0xfe, 0xd6, 0x0,

    /* U+65F6 "时" */
    0x0, 0xff, 0xe1, 0x8d, 0xd8, 0xc0, 0x3f, 0xf8,
    0xa6, 0x88, 0x70, 0x7, 0x7f, 0xfb, 0x80, 0x3f,
    0xfb, 0x4, 0x66, 0x20, 0xf, 0xfe, 0x2c, 0x66,
    0x20, 0x2, 0x88, 0xf5, 0x80, 0x3a, 0x14, 0x3,
    0xf0, 0xbb, 0xf9, 0x80, 0xa, 0xfc, 0x1, 0xff,
    0xc8, 0x10, 0xf, 0xc3, 0xff, 0xed, 0x0, 0x5f,
    0xd0, 0x7, 0xf9, 0x98, 0x1, 0xff, 0x57, 0xfa,
    0x80, 0x27, 0x98, 0x10, 0xf, 0xfe, 0x2b, 0x88,
    0xa0, 0x3, 0xfd, 0x19, 0x88, 0x0, 0xd0, 0xc,
    0x60, 0x1f, 0xc4, 0x66, 0x20, 0xc, 0xc4, 0x1e,
    0x1, 0xff, 0xc6, 0x90, 0x32, 0x0, 0xff, 0xe2,
    0xa3, 0xe9, 0x0, 0x7f, 0xf1, 0xa0, 0x80, 0x3f,
    0xb1, 0x55, 0xa0, 0x1f, 0xfc, 0x56, 0xaa, 0x38,
    0x7, 0xff, 0x39, 0x9d, 0xee, 0x0, 0x38, 0x6,
    0xaf, 0xfd, 0xc0, 0x15, 0x44, 0x46, 0x0, 0x20,
    0x2, 0x98, 0x80, 0x7e, 0x50, 0xc, 0x76, 0x20,
    0x0,

    /* U+660E "明" */
    0x0, 0xff, 0x2a, 0xff, 0x16, 0x7f, 0xfb, 0x80,
    0x6a, 0xbf, 0x9c, 0x40, 0x3f, 0xf9, 0x2d, 0x54,
    0x80, 0xf, 0x5f, 0xfe, 0x0, 0xec, 0x55, 0x20,
    0x7, 0xff, 0x8b, 0xa2, 0x30, 0x7, 0xff, 0xd,
    0x5d, 0xf0, 0x7, 0x57, 0xfb, 0x0, 0x3c, 0x8a,
    0xb8, 0x3, 0xff, 0x87, 0xf5, 0x58, 0x3, 0x9e,
    0xa9, 0x0, 0x1f, 0xfc, 0x4d, 0x55, 0x20, 0x4,
    0x60, 0x7, 0x0, 0xff, 0xe3, 0xef, 0x76, 0x0,
    0xff, 0xe0, 0x30, 0x0, 0x47, 0x80, 0x3f, 0xf8,
    0x4, 0x0, 0xaa, 0xe0, 0xe, 0xd4, 0x42, 0x80,
    0x58, 0x8, 0xab, 0xc0, 0x1c, 0xf7, 0x69, 0x0,
    0xa, 0x86, 0x0, 0x7f, 0xf1, 0x20, 0x0, 0xc0,
    0x1f, 0xea, 0xff, 0xd6, 0xc0, 0xc2, 0xa, 0xcc,
    0xa0, 0xa, 0x99, 0x80, 0x11, 0xd0, 0xc, 0x0,
    0x3e, 0x64, 0xa0, 0x7, 0x74, 0x98, 0x4, 0xe2,
    0x1a, 0x20, 0xd, 0x0, 0x8a, 0x48, 0x3, 0xc9,
    0xf6, 0x60, 0x13, 0xff, 0xda, 0xc0,

    /* U+663E "显" */
    0x0, 0x95, 0x7f, 0xf8, 0x86, 0x1, 0x8a, 0xab,
    0xff, 0x89, 0x20, 0x1f, 0x19, 0xff, 0xf0, 0x0,
    0x3f, 0xdf, 0x99, 0xff, 0x18, 0x7, 0xf7, 0xdd,
    0xff, 0xc4, 0x1, 0xfc, 0x68, 0x9f, 0xf0, 0x80,
    0x7f, 0x5f, 0xff, 0xfc, 0x60, 0x1f, 0xce, 0x1,
    0xff, 0xc9, 0xcf, 0xff, 0xf8, 0xc0, 0x3f, 0xfa,
    0x5, 0xdd, 0x9c, 0x7, 0xb9, 0x20, 0xe, 0xed,
    0x40, 0x18, 0xe4, 0x46, 0x0, 0x84, 0x40, 0x10,
    0x8c, 0xf6, 0x40, 0x4, 0xc7, 0x50, 0xf, 0xfe,
    0xc, 0x24, 0x0, 0x11, 0x1, 0x62, 0x1, 0xff,
    0x38, 0x84, 0x0, 0x52, 0x3, 0x40, 0x1f, 0xe2,
    0x80, 0x72, 0x0, 0x8a, 0x1, 0x14, 0x3, 0xfa,
    0x40, 0x60, 0x3, 0x9c, 0x80, 0x3f, 0xc4, 0xa1,
    0x60, 0x1f, 0x76, 0xa8, 0x7, 0xe2, 0xe9, 0x50,
    0xc, 0x67, 0x0, 0x98, 0x80, 0xc, 0xdc, 0x0,
    0x33, 0x29, 0x9c, 0x49, 0x99, 0xe6, 0x1, 0xcc,
    0x38, 0x3, 0x33, 0xdc, 0x1, 0xff, 0xca,

    /* U+666F "景" */
    0x0, 0x2c, 0xcf, 0xff, 0x10, 0x40, 0x37, 0xb3,
    0x7f, 0xf1, 0x8, 0x3, 0xcb, 0xff, 0xff, 0x70,
    0x7, 0xf3, 0x3b, 0xff, 0xcc, 0x1, 0xfc, 0x71,
    0x1f, 0xfc, 0x0, 0xf, 0xe5, 0xff, 0xff, 0xb8,
    0x3, 0xf9, 0x7f, 0xff, 0xee, 0x0, 0xfb, 0xdd,
    0xfc, 0x40, 0x7, 0x7f, 0x88, 0x3, 0x2c, 0x47,
    0xac, 0x1, 0x71, 0x1e, 0x10, 0x6, 0xff, 0xfe,
    0x90, 0x6, 0x7f, 0xfe, 0x64, 0x4f, 0xfe, 0x49,
    0x4d, 0xdf, 0xff, 0x21, 0x0, 0x3, 0xff, 0xff,
    0xc3, 0xa0, 0xf, 0xca, 0xef, 0xfe, 0x20, 0xf,
    0xf7, 0x44, 0x7f, 0x98, 0x3, 0xfd, 0x7f, 0xff,
    0xe4, 0x0, 0xf8, 0x59, 0x8a, 0x4c, 0xd0, 0x0,
    0xd8, 0xc1, 0x5b, 0x0, 0x3d, 0x62, 0x85, 0x53,
    0x20, 0x5, 0x4b, 0x82, 0xb, 0x80, 0x42, 0xd9,
    0xae, 0x2a, 0x4, 0xc0, 0x1b, 0x4c, 0x5f, 0xa8,
    0xc2, 0x24, 0xc5, 0xf8, 0x33, 0x64, 0x0, 0x40,
    0xd9, 0x85, 0x5, 0xd0, 0xb3, 0xae, 0x81, 0xc0,
    0x8, 0x59, 0x0, 0x23, 0xad, 0x5b, 0x0,

    /* U+6682 "暂" */
    0x0, 0xc9, 0x8, 0x1, 0xff, 0xc7, 0x87, 0xc0,
    0xf, 0x84, 0xd6, 0x2f, 0x9c, 0xb, 0x32, 0x30,
    0x5c, 0xca, 0xc7, 0x7f, 0xb2, 0x9d, 0x7, 0x0,
    0x4c, 0xe0, 0x1, 0x19, 0xc8, 0x4, 0x1, 0x12,
    0xc6, 0x58, 0x1f, 0xc8, 0x16, 0xe6, 0xff, 0xc0,
    0x16, 0x7e, 0xd3, 0x98, 0x4, 0x30, 0x12, 0x99,
    0x20, 0x1e, 0x20, 0xf, 0xd0, 0x21, 0xd4, 0xb,
    0x54, 0x50, 0xb, 0xfb, 0xbd, 0x0, 0x60, 0x5,
    0x30, 0x15, 0x56, 0x80, 0x42, 0x3f, 0x82, 0xbf,
    0xe7, 0x4, 0xff, 0x40, 0x5, 0xff, 0x0, 0x33,
    0xe4, 0x0, 0x22, 0x21, 0x6, 0x78, 0x65, 0x1,
    0x0, 0xe1, 0x0, 0x3f, 0xf7, 0x35, 0x80, 0xa1,
    0xf3, 0x41, 0xc0, 0x3f, 0x9, 0x22, 0xb1, 0x81,
    0xd5, 0xe3, 0x5, 0x80, 0x7e, 0x6d, 0xba, 0x99,
    0x25, 0xaa, 0x2a, 0xa4, 0x80, 0x28, 0x81, 0x80,
    0x74, 0xe4, 0xbd, 0xe6, 0x3d, 0xab, 0x33, 0x5e,
    0x8, 0x7, 0x29, 0x9f, 0xff, 0x9, 0x40, 0x3f,
    0x37, 0xff, 0xfa, 0x0, 0x3f, 0xfa, 0x8d, 0xff,
    0xfe, 0x80, 0xf, 0xf1, 0x33, 0x7f, 0x8c, 0x3,
    0xfc, 0x93, 0x3f, 0xeb, 0x0, 0xff, 0x37, 0xff,
    0xfa, 0x0, 0x3f, 0xc4, 0x89, 0xfe, 0x20, 0xf,
    0xf2, 0x5d, 0xff, 0xc0, 0x1c,

    /* U+66F4 "更" */
    0x3, 0x3f, 0xfe, 0x40, 0x8b, 0x33, 0xff, 0x90,
    0xe0, 0x23, 0xfc, 0x0, 0x11, 0xfe, 0x1, 0xee,
    0xfe, 0x0, 0x47, 0x77, 0xe6, 0x0, 0x25, 0xdf,
    0xc0, 0xb, 0xbf, 0xa0, 0x3, 0x12, 0x27, 0xc0,
    0x2, 0x44, 0xf1, 0x80, 0x7d, 0x77, 0xc0, 0x7,
    0xbb, 0xc8, 0x1, 0xfc, 0x89, 0xc0, 0xe, 0x44,
    0xc4, 0x1, 0xfd, 0x99, 0xc0, 0xb, 0xcc, 0xce,
    0x1, 0xfc, 0x67, 0xc0, 0x2, 0x33, 0xc2, 0x1,
    0xfd, 0xff, 0xb8, 0x1, 0x3f, 0xf9, 0x80, 0x3f,
    0xf8, 0x22, 0x1, 0xff, 0xc5, 0xff, 0xe0, 0x4,
    0xff, 0xe6, 0x0, 0xff, 0xe8, 0x37, 0x32, 0x77,
    0x52, 0x0, 0xde, 0xef, 0x58, 0x7, 0x2b, 0x26,
    0x80, 0xe8, 0x11, 0x4, 0x7c, 0x1, 0xe4, 0xa0,
    0x3e, 0xa4, 0xb, 0x0, 0xff, 0xe1, 0x2e, 0x90,
    0x28, 0x0, 0xc4, 0x3, 0xff, 0x80, 0x6f, 0xc4,
    0x1, 0xab, 0xb9, 0x73, 0xc, 0xa8, 0x82, 0x25,
    0xfe, 0x41, 0x81, 0x55, 0xa8, 0x80, 0xa3, 0x3c,
    0xd5, 0xda, 0x89, 0x0, 0x4, 0xd9, 0xaa, 0x95,
    0xdb, 0x4e, 0xa6, 0x40, 0x16, 0x84, 0xcb, 0x75,
    0x26, 0x1, 0xc4, 0xb1, 0x59, 0xbf, 0xee, 0x50,

    /* U+6700 "最" */
    0x0, 0x9e, 0xab, 0xff, 0x86, 0x1, 0xec, 0x55,
    0xff, 0xe1, 0x88, 0x7, 0xcd, 0xff, 0xfe, 0xa0,
    0xf, 0xf3, 0x7f, 0xff, 0xa8, 0x3, 0xfc, 0x6c,
    0xdf, 0xe4, 0x0, 0xff, 0x3f, 0xff, 0xf8, 0x80,
    0x3f, 0xc9, 0x33, 0xfe, 0x60, 0xf, 0xd5, 0xbb,
    0xff, 0xc3, 0x10, 0x1, 0xdd, 0xaa, 0x67, 0xff,
    0x87, 0x76, 0x96, 0x44, 0xff, 0xe4, 0xae, 0xb0,
    0x2e, 0xed, 0x0, 0x9b, 0xbf, 0xef, 0x2, 0xe0,
    0x32, 0x28, 0x40, 0x48, 0x3, 0xf1, 0x90, 0x6,
    0x6e, 0xea, 0x0, 0x3, 0xbb, 0xfa, 0x40, 0x38,
    0x91, 0x22, 0x0, 0xe3, 0x44, 0x80, 0x3f, 0x25,
    0x56, 0x0, 0xa, 0x2, 0xdd, 0xbc, 0x1, 0x40,
    0x1c, 0xdf, 0xf4, 0x80, 0x52, 0xc, 0xa3, 0x40,
    0xe4, 0x1, 0xc6, 0xef, 0x20, 0x4, 0x50, 0x15,
    0x82, 0x70, 0x1, 0xe5, 0x88, 0xb0, 0x1a, 0x1,
    0xd4, 0x8, 0x34, 0x3, 0x1e, 0x82, 0x67, 0x7c,
    0x1, 0xb8, 0xaa, 0x0, 0x5a, 0x80, 0x4, 0xc5,
    0x2, 0x31, 0x1, 0x2, 0x4c, 0xa1, 0x37, 0x3,
    0xbd, 0x66, 0x1a, 0xc5, 0x67, 0x7c, 0x3, 0x89,
    0x3, 0xe4, 0x6a, 0x81, 0x79, 0x65, 0x3a, 0x98,
    0x80, 0x68, 0x5d, 0x80, 0x1, 0x56, 0xbd, 0x80,

    /* U+6709 "有" */
    0x0, 0xfc, 0x8c, 0x80, 0x1f, 0xfc, 0x79, 0x95,
    0x0, 0x7f, 0xf1, 0x8c, 0x81, 0x80, 0x3f, 0xe1,
    0xff, 0xf6, 0x0, 0x1f, 0xff, 0xfd, 0xc0, 0x1f,
    0xfc, 0xa1, 0xbb, 0xe2, 0x0, 0x55, 0xdf, 0xfd,
    0x40, 0x89, 0x84, 0x81, 0x95, 0x13, 0xff, 0x80,
    0x1, 0x86, 0xc0, 0x1a, 0x67, 0xfe, 0x10, 0xf,
    0x50, 0x80, 0x2f, 0x33, 0xfc, 0xc0, 0x1c, 0xe8,
    0x1, 0xff, 0xc7, 0x58, 0x0, 0xf, 0xff, 0xf8,
    0x40, 0x39, 0x28, 0x3, 0xff, 0x8e, 0x96, 0x0,
    0x30, 0x1f, 0xff, 0xf0, 0x80, 0x61, 0x0, 0x52,
    0x0, 0x7f, 0xf1, 0x54, 0xad, 0x40, 0x3, 0xff,
    0xfe, 0x10, 0xe, 0xd4, 0x0, 0xff, 0xe6, 0x8f,
    0xff, 0xf8, 0x40, 0x3f, 0xfa, 0x83, 0xff, 0xfe,
    0x10, 0xf, 0xfe, 0x29, 0x14, 0x82, 0x1, 0xff,
    0xc4, 0x5d, 0xda, 0xc0, 0x6, 0x1, 0xff, 0xc2,
    0x70, 0xc, 0x2e, 0x80, 0x1e, 0x9d, 0xc0, 0xe,
    0x2f, 0xfd, 0xd0, 0x1, 0x0,

    /* U+671F "期" */
    0x0, 0xff, 0xe5, 0xe7, 0xb0, 0x5, 0x7e, 0xc0,
    0x2, 0x2f, 0x84, 0x3, 0xff, 0x80, 0x3b, 0xbf,
    0x79, 0x79, 0x84, 0xff, 0xc8, 0x13, 0xa0, 0x1f,
    0xfc, 0xcc, 0xdd, 0x50, 0x0, 0xbc, 0xc2, 0x7f,
    0xe4, 0x9, 0xd0, 0x8, 0x8a, 0x10, 0xf, 0xfe,
    0x7d, 0xde, 0x50, 0xf, 0x29, 0x98, 0x80, 0x3c,
    0x48, 0x90, 0x80, 0x7a, 0xf3, 0x12, 0x1, 0xe7,
    0xbb, 0x8c, 0x3, 0xc2, 0x30, 0x7, 0xdc, 0x89,
    0x38, 0x7, 0xbf, 0xb9, 0x60, 0x1e, 0x9f, 0xf9,
    0x0, 0x3f, 0xf8, 0x82, 0x45, 0x0, 0x63, 0x0,
    0xff, 0xe0, 0x46, 0xec, 0x80, 0x1e, 0xdc, 0xc4,
    0x80, 0x42, 0x0, 0x11, 0xce, 0x2, 0x30, 0x0,
    0xce, 0x20, 0x4, 0xf1, 0x84, 0x77, 0x46, 0x11,
    0xec, 0x0, 0x77, 0x94, 0x0, 0x20, 0x1f, 0xf6,
    0x81, 0xc4, 0x5c, 0x0, 0x8f, 0xf4, 0xaf, 0x7c,
    0x96, 0xff, 0x20, 0x30, 0x7, 0xe4, 0x95, 0x60,
    0xa2, 0xc3, 0x38, 0x30, 0x3, 0xe4, 0xb0, 0x57,
    0xc, 0x51, 0x98, 0x0, 0x38, 0x99, 0xb4, 0x0,
    0xb6, 0x7, 0x40, 0x15, 0x46, 0xa0, 0x30, 0xa6,
    0x61, 0x81, 0x5c, 0x53, 0x0, 0x39, 0xc0, 0x3,
    0x0, 0xe0, 0x11, 0xc1, 0x7d, 0x80, 0x7c, 0xfb,
    0xa1, 0x2, 0xff, 0xb0, 0xc0,

    /* U+672A "未" */
    0x0, 0xfe, 0x5d, 0xd0, 0x7, 0xff, 0x1c, 0xc8,
    0x80, 0x1f, 0xfc, 0xa1, 0x0, 0xff, 0xbf, 0xfe,
    0x90, 0x7, 0x7f, 0xfa, 0xc0, 0x3f, 0xf9, 0xd7,
    0x7f, 0x38, 0x2, 0xef, 0xe8, 0x0, 0xc8, 0x9f,
    0x70, 0x1, 0x13, 0xe3, 0x0, 0xff, 0xe6, 0x9,
    0x17, 0xe1, 0x0, 0x11, 0x7f, 0x3, 0x6e, 0xfe,
    0x80, 0x6, 0xef, 0xf0, 0x80, 0x7f, 0xf2, 0x9f,
    0x77, 0xe4, 0x0, 0xd1, 0xbb, 0xf0, 0x81, 0x17,
    0x95, 0x0, 0x34, 0x9, 0x17, 0x80, 0x3e, 0x58,
    0x1, 0x0, 0x10, 0x69, 0x0, 0x7f, 0xcd, 0x40,
    0x70, 0x0, 0xf1, 0x16, 0x18, 0x7, 0xf4, 0x48,
    0xe, 0x80, 0x45, 0x40, 0x38, 0xa0, 0x1e, 0x1c,
    0x70, 0x1c, 0x10, 0xc, 0x96, 0x0, 0xa9, 0x0,
    0xcf, 0xc6, 0x5, 0x84, 0x1, 0xe4, 0xb0, 0x3,
    0x72, 0x85, 0x40, 0x1, 0x74, 0x80, 0x3f, 0x26,
    0x90, 0xd, 0x27, 0x0, 0x26, 0x80, 0x3f, 0xe2,
    0xd6, 0x3, 0x44, 0x46, 0xb0, 0x7, 0xff, 0xa,
    0x6f, 0x80, 0xe, 0x40, 0x1f, 0xfc, 0x44, 0x20,

    /* U+672C "本" */
    0x0, 0xfe, 0x3f, 0xf1, 0x80, 0x7f, 0xfa, 0x9d,
    0xff, 0x50, 0x2, 0x9d, 0xff, 0x0, 0x22, 0x3f,
    0x30, 0x1, 0xa2, 0x3f, 0x0, 0x4, 0x3, 0xff,
    0x93, 0xdf, 0xfe, 0x20, 0xc, 0x5f, 0xff, 0x0,
    0x7e, 0x62, 0x0, 0xc4, 0xc0, 0x1f, 0xfc, 0x28,
    0x6, 0x0, 0x28, 0x40, 0x7, 0xff, 0x6, 0x84,
    0xa8, 0x1, 0xc4, 0x32, 0x1, 0xff, 0x2a, 0x82,
    0x40, 0x27, 0x80, 0x64, 0x0, 0xfe, 0x2a, 0x5,
    0x40, 0xc, 0xa8, 0x14, 0x40, 0x1f, 0xe, 0x0,
    0xd8, 0x7, 0xa8, 0x45, 0xe2, 0x1, 0xc3, 0x82,
    0x14, 0x20, 0x1e, 0x1a, 0x2, 0xc1, 0x0, 0x87,
    0x8, 0x21, 0x0, 0x3f, 0x24, 0x81, 0x79, 0x81,
    0x79, 0x3, 0x1a, 0xac, 0x80, 0xb, 0x55, 0x89,
    0xc0, 0x71, 0x60, 0x41, 0x67, 0xea, 0xa8, 0x0,
    0x3d, 0x55, 0x10, 0x60, 0x6, 0xc0, 0x2d, 0x0,
    0x7f, 0xf0, 0x1c, 0x25, 0xc6, 0xa, 0xa8, 0x0,
    0xbf, 0xfb, 0x0, 0x19, 0xff, 0x58, 0x2, 0x30,
    0x0, 0xa0, 0x1f, 0xfc, 0x62, 0x0, 0xff, 0xf0,
    0x80,

    /* U+673A "机" */
    0x0, 0x97, 0xf4, 0x3, 0xff, 0x92, 0x60, 0x10,
    0xd5, 0x7e, 0x10, 0xf, 0xfe, 0x1, 0xaa, 0xfe,
    0x30, 0xf, 0xfe, 0x1a, 0xb3, 0x14, 0x3, 0xc5,
    0xfe, 0xa0, 0x1f, 0xf5, 0x0, 0x51, 0x32, 0x80,
    0xf, 0xfe, 0x81, 0x66, 0x18, 0x7, 0x31, 0x0,
    0x1f, 0xfc, 0x23, 0x32, 0x80, 0xc, 0xc4, 0x1,
    0xff, 0xc3, 0x23, 0x1, 0x20, 0xf, 0xfe, 0x2d,
    0x80, 0x5a, 0xa0, 0x1f, 0xfc, 0x31, 0x60, 0xd,
    0x52, 0x1, 0xff, 0xc2, 0x80, 0x8, 0x58, 0x19,
    0x0, 0x3f, 0xf8, 0x6, 0xc0, 0xc0, 0x9, 0x91,
    0xa8, 0x0, 0xc0, 0x3f, 0xac, 0x13, 0x0, 0x26,
    0xc7, 0x0, 0x8, 0x7, 0xca, 0x3c, 0x12, 0x1,
    0xe2, 0x0, 0xff, 0x57, 0xab, 0x90, 0x7, 0xbc,
    0x8, 0x3, 0xe1, 0x0, 0x1c, 0x0, 0x7c, 0xe0,
    0xe0, 0x1f, 0xfc, 0x65, 0x10, 0xf0, 0xf, 0x8c,
    0xc, 0x3, 0xe1, 0xb0, 0x15, 0x0, 0xf2, 0xa8,
    0x3, 0xfb, 0x44, 0x20, 0x3, 0x10, 0x2, 0x20,
    0xc, 0x1, 0xe3, 0x20, 0x36, 0x0, 0xe8, 0x10,
    0x1, 0x40, 0x7, 0x8f, 0xf, 0x40, 0x3c, 0xfd,
    0xfe, 0xd3, 0x0, 0x97, 0xf8, 0xb, 0x4, 0x3,
    0xff, 0x80,

    /* U+6750 "材" */
    0x0, 0x87, 0xb8, 0x40, 0x1f, 0xcd, 0xb8, 0x1,
    0xe3, 0x11, 0x0, 0x7f, 0x84, 0x8c, 0x3, 0xff,
    0x9c, 0x23, 0x0, 0x18, 0x44, 0x2, 0x3e, 0xf0,
    0x0, 0x88, 0x17, 0xb9, 0x80, 0xb, 0xee, 0x1f,
    0xf7, 0x73, 0x80, 0x3b, 0x90, 0x1, 0xff, 0xca,
    0x4c, 0xc3, 0x80, 0x2b, 0x30, 0x75, 0x5c, 0x60,
    0x15, 0x54, 0x26, 0x70, 0x1, 0xcc, 0xc0, 0x8a,
    0xb3, 0x98, 0x4, 0xaa, 0x20, 0x1, 0x20, 0x3,
    0xc8, 0x3, 0xd2, 0x1, 0xfd, 0x60, 0x11, 0x6a,
    0x80, 0x64, 0x40, 0x20, 0x7, 0x89, 0x80, 0x3a,
    0x9c, 0x0, 0x34, 0xb, 0x80, 0x1e, 0x80, 0x40,
    0x5, 0x90, 0x8, 0x2, 0x84, 0x56, 0x1, 0xe4,
    0x50, 0x80, 0x3, 0x6c, 0x30, 0x4a, 0x5, 0x8,
    0x7, 0xb8, 0x1c, 0x40, 0x33, 0x84, 0x30, 0x32,
    0x0, 0x7d, 0xa3, 0x0, 0x1e, 0x77, 0x2, 0x48,
    0x7, 0xe3, 0xb0, 0xf, 0x4c, 0x1, 0xd8, 0x7,
    0xf2, 0x28, 0x7, 0x33, 0x0, 0xf4, 0x3, 0xff,
    0x8a, 0xca, 0x98, 0x20, 0x1f, 0xfc, 0x6a, 0xb0,
    0x2, 0xac, 0xd2, 0x2, 0x1, 0xff, 0xc3, 0xba,
    0xa4, 0x88, 0x28, 0x7, 0xff, 0xd, 0x40, 0x32,
    0x48, 0x7, 0xff, 0xe, 0xff, 0xf5, 0x90, 0x4,

    /* U+675F "束" */
    0x0, 0xff, 0x77, 0x14, 0x3, 0xfc, 0x45, 0xfc,
    0x22, 0x22, 0xfe, 0x11, 0x6e, 0xff, 0x0, 0x23,
    0x77, 0xf4, 0x80, 0x7f, 0xf2, 0x87, 0xbb, 0xf8,
    0x1, 0x1d, 0xdf, 0xa0, 0x4, 0x7f, 0x80, 0x2,
    0x3f, 0xc0, 0x13, 0x77, 0x7c, 0x0, 0x8e, 0xef,
    0x60, 0x6, 0x11, 0xfc, 0x0, 0x11, 0xf8, 0x80,
    0x3c, 0x37, 0x7c, 0x0, 0x7b, 0xbc, 0xc0, 0x1f,
    0x8d, 0x13, 0x80, 0x1c, 0x89, 0xb8, 0x3, 0xff,
    0xa4, 0x59, 0x9c, 0x0, 0xbc, 0xcd, 0x20, 0x1f,
    0xc6, 0x7c, 0x0, 0x23, 0x3c, 0x20, 0x1e, 0x5a,
    0xae, 0x50, 0xc, 0x35, 0x5e, 0x0, 0xc4, 0xab,
    0x81, 0x40, 0x30, 0xf2, 0xae, 0x40, 0xf, 0xcf,
    0x40, 0x40, 0x2, 0x4, 0xc2, 0x0, 0xfe, 0x1b,
    0x80, 0x2c, 0x0, 0x5b, 0x81, 0xeb, 0x0, 0x7c,
    0xfc, 0x80, 0x98, 0x20, 0x14, 0x48, 0x2, 0x71,
    0x0, 0x3, 0x1d, 0x0, 0x7, 0xb1, 0x0, 0xe6,
    0xc2, 0x3, 0xbc, 0x55, 0x38, 0x81, 0xe4, 0x0,
    0x7e, 0x3d, 0x80, 0x1, 0xe2, 0x11, 0x2b, 0xc,
    0x3, 0xfe, 0x7e, 0x60, 0xa0, 0xfd, 0x50, 0xf,
    0xfe, 0x10, 0xcf, 0x18,

    /* U+6765 "来" */
    0x0, 0xff, 0xea, 0x7f, 0x98, 0x3, 0xff, 0xab,
    0xff, 0xf8, 0x1, 0x3f, 0xff, 0x30, 0x7, 0xff,
    0x36, 0xa8, 0xf3, 0x55, 0x80, 0xd, 0x55, 0x9a,
    0xa8, 0x80, 0x12, 0xb3, 0x35, 0x57, 0x0, 0x3d,
    0x56, 0x16, 0xf5, 0x20, 0xc, 0x82, 0x92, 0x1,
    0xf8, 0x68, 0x1c, 0x40, 0x39, 0xd4, 0x19, 0x40,
    0x3e, 0xc1, 0xf, 0x10, 0xf, 0x51, 0x84, 0x0,
    0x7a, 0x8, 0x2c, 0x80, 0x3f, 0x72, 0x60, 0x7,
    0xa1, 0x65, 0x0, 0x31, 0xff, 0xed, 0x4e, 0xff,
    0x0, 0x27, 0xfc, 0xb3, 0xff, 0xa4, 0x3, 0xff,
    0x92, 0x66, 0xbb, 0xf9, 0xc0, 0x31, 0xdd, 0xfd,
    0x0, 0x89, 0xe7, 0x70, 0x6, 0x3d, 0x44, 0xf1,
    0x0, 0x79, 0x70, 0x4, 0x0, 0x40, 0xd4, 0x1,
    0xff, 0x45, 0x0, 0xe0, 0x2, 0xd8, 0x17, 0x4c,
    0x3, 0xe4, 0xd7, 0x1, 0xc2, 0x0, 0xa5, 0xc0,
    0xb2, 0x40, 0x31, 0xdd, 0x88, 0xf, 0xc8, 0x3,
    0xa2, 0x80, 0xd, 0xce, 0xb, 0x88, 0x0, 0x8c,
    0x10, 0xf, 0x97, 0x50, 0x6, 0x2d, 0x44, 0x13,
    0x5c, 0x3, 0xfc, 0x57, 0x42, 0x1e, 0x11, 0x76,
    0x20, 0xf, 0xfe, 0xa, 0xf4, 0xa0, 0x32, 0x0,
    0x7f, 0xf1, 0x58, 0x0,

    /* U+677E "松" */
    0x0, 0xff, 0xe7, 0xef, 0xb0, 0x7, 0x10, 0x80,
    0x27, 0x50, 0x3, 0xff, 0x89, 0x9c, 0xc0, 0xa5,
    0xa0, 0x1f, 0xfc, 0x33, 0x10, 0x40, 0xb0, 0x70,
    0xf, 0xfe, 0x1d, 0x1, 0x10, 0x14, 0x5, 0x0,
    0x35, 0x7f, 0x88, 0x27, 0xfc, 0x60, 0xc1, 0x60,
    0x2, 0x30, 0xf0, 0xf, 0xfe, 0xb, 0x80, 0x18,
    0x2, 0x90, 0x43, 0x0, 0xa3, 0x2c, 0x0, 0xf9,
    0x82, 0x90, 0x70, 0xc, 0xa4, 0x1c, 0x1, 0x11,
    0x88, 0x3, 0x8c, 0xd0, 0x22, 0x90, 0xe, 0x80,
    0x28, 0x0, 0xde, 0x1, 0x95, 0x82, 0x44, 0xa9,
    0x40, 0xa, 0x80, 0xe8, 0x0, 0x15, 0x0, 0x4a,
    0x0, 0xd, 0xc2, 0x96, 0x84, 0x1, 0x42, 0xe,
    0x0, 0x90, 0xd, 0x67, 0x5c, 0x0, 0x60, 0x41,
    0x0, 0xd, 0x31, 0x80, 0xb8, 0x4, 0x21, 0x3a,
    0x40, 0x82, 0x1c, 0x1, 0x92, 0x40, 0x10, 0x8,
    0x41, 0xa, 0x1a, 0x0, 0xe0, 0x15, 0x0, 0x8,
    0x7, 0x30, 0x40, 0x5, 0x52, 0xa0, 0x2a, 0xc,
    0xf, 0xf0, 0x1, 0xc4, 0x86, 0x1, 0x98, 0x1,
    0x0, 0x9, 0x1, 0x6, 0x10, 0xc, 0xf2, 0x1,
    0xf0, 0xb0, 0x30, 0x83, 0x0, 0x18, 0x3, 0x59,
    0x0, 0x7d, 0x0, 0xb, 0x0, 0x98, 0x24, 0x3,
    0x8, 0x7, 0xc4, 0xc0, 0xc4, 0x1, 0x50, 0xb,
    0x0, 0x7f, 0xd2, 0x0, 0x2b, 0xde, 0xfc, 0x0,
    0x50, 0x7, 0xfc, 0x20, 0x4, 0x41, 0x8, 0x6,
    0x33, 0x0, 0x7f, 0xbc, 0x8, 0xd5, 0xa2, 0x6f,
    0x4, 0x24, 0x3, 0xfc, 0xbf, 0xb9, 0x52, 0xec,
    0x87, 0x2b, 0xc0,

    /* U+6781 "极" */
    0x0, 0xd9, 0xa6, 0x2, 0x3f, 0xfc, 0x0, 0xf,
    0x88, 0x8e, 0x15, 0xdd, 0xff, 0x8, 0x7, 0xff,
    0x4c, 0x42, 0x76, 0x0, 0xb7, 0x73, 0x1, 0x8,
    0x5, 0x3f, 0xe1, 0xa, 0xff, 0x11, 0x0, 0x48,
    0xb3, 0x85, 0x80, 0x7f, 0xf0, 0x4c, 0x3, 0x98,
    0x44, 0xc0, 0x1a, 0x37, 0x0, 0x13, 0xbe, 0x1,
    0x18, 0x5, 0x1, 0x20, 0x1c, 0x24, 0xc0, 0x2,
    0x28, 0x4, 0x0, 0x60, 0x62, 0x11, 0xfe, 0x70,
    0xd, 0xe0, 0xd, 0x0, 0xbc, 0x1, 0x60, 0xe0,
    0x1f, 0xc2, 0xa0, 0x6, 0xb0, 0x1, 0x0, 0x18,
    0x13, 0x75, 0x80, 0x2, 0x0, 0xa4, 0x3, 0x26,
    0x8b, 0x0, 0x5, 0x0, 0x88, 0x80, 0x2a, 0x1,
    0x30, 0x4, 0xc0, 0x1, 0x20, 0x50, 0x80, 0xa,
    0x81, 0x80, 0x28, 0x16, 0x10, 0xdc, 0x91, 0x10,
    0x58, 0x9a, 0x3, 0x10, 0x48, 0x0, 0x5c, 0x28,
    0x2, 0x34, 0x40, 0x10, 0xb0, 0x51, 0x40, 0x30,
    0x80, 0xc, 0x10, 0xc0, 0x3b, 0xc1, 0x2, 0x4,
    0x58, 0x22, 0x80, 0x8, 0x96, 0x40, 0x38, 0x54,
    0x28, 0x1, 0x60, 0x21, 0x62, 0x1, 0xa8, 0x80,
    0x39, 0x80, 0x4c, 0x0, 0x40, 0x11, 0x0, 0x7f,
    0xc3, 0x21, 0x0, 0x8, 0x80, 0x5, 0x10, 0x0,
    0xff, 0x40, 0x89, 0x86, 0xdc, 0xf, 0x8c, 0x1e,
    0xc4, 0x3, 0xe2, 0x60, 0x85, 0xf4, 0x5, 0xc1,
    0xc3, 0x4, 0xf3, 0x0, 0xf1, 0x29, 0xbd, 0x8,
    0x45, 0x0, 0x58, 0xa0, 0x3, 0x0, 0xfa, 0xf8,
    0x60, 0xb1, 0xc0, 0x3a, 0xa2, 0x0, 0x1d, 0xde,
    0x82, 0x40, 0xfa, 0x60, 0x1f, 0x3b, 0x0,

    /* U+679C "果" */
    0x0, 0x84, 0x7f, 0xf8, 0xa0, 0x18, 0x7b, 0xbf,
    0xf8, 0x90, 0x1, 0xff, 0xd1, 0xcf, 0xfc, 0x21,
    0x3f, 0xf9, 0x0, 0x3f, 0x9c, 0x47, 0x0, 0x4,
    0x78, 0x3, 0xfd, 0x7d, 0xd8, 0x42, 0x3b, 0xb2,
    0x0, 0x7f, 0x11, 0x9e, 0x0, 0x11, 0x9e, 0x10,
    0xf, 0xee, 0xcc, 0xc2, 0x17, 0x99, 0x94, 0x3,
    0xf9, 0x13, 0x84, 0x39, 0x13, 0x38, 0x7, 0xf4,
    0x5d, 0xe0, 0x3, 0xdd, 0xe3, 0x0, 0xf0, 0x99,
    0xfc, 0x0, 0x23, 0x3f, 0x70, 0x7, 0x66, 0x7c,
    0x21, 0x79, 0x9e, 0x70, 0x9, 0x57, 0xf8, 0x43,
    0xd5, 0x7f, 0x18, 0xd5, 0x7f, 0x0, 0x1a, 0xab,
    0xf8, 0xc, 0xfe, 0x10, 0xe, 0x33, 0xfb, 0x87,
    0x33, 0xd2, 0x20, 0x1c, 0xf9, 0x9e, 0x70, 0xe,
    0x1a, 0xa0, 0x20, 0x1, 0x45, 0x35, 0x0, 0x3f,
    0xc, 0x72, 0x83, 0xd8, 0x86, 0x60, 0x89, 0x76,
    0x30, 0xc, 0x73, 0xce, 0x3, 0x70, 0x1, 0x8b,
    0x58, 0x13, 0x30, 0xc2, 0xb8, 0xc0, 0x7, 0xe4,
    0x0, 0xfa, 0x70, 0xc0, 0xe7, 0x54, 0x41, 0xba,
    0x0, 0x3f, 0xc7, 0x96, 0x81, 0x21, 0xbd, 0x22,
    0x1, 0xff, 0xc1, 0x4b, 0xd5,

    /* U+6838 "核" */
    0x0, 0xff, 0xe1, 0x90, 0x7, 0xfd, 0x78, 0x80,
    0x1e, 0x3f, 0xd5, 0x0, 0xff, 0x29, 0x88, 0x7,
    0x8c, 0x43, 0x80, 0x3f, 0xf8, 0x6c, 0xef, 0x8c,
    0x11, 0xdf, 0x8c, 0x3, 0xfa, 0x62, 0x31, 0x0,
    0x22, 0x39, 0x1, 0xbf, 0xc2, 0x15, 0xee, 0xab,
    0x18, 0x0, 0xd5, 0x7c, 0x60, 0x20, 0x1e, 0xfa,
    0xa8, 0x40, 0xb2, 0xa9, 0xf5, 0x52, 0x2, 0xd5,
    0x0, 0xf, 0x54, 0x0, 0x49, 0x7, 0x0, 0x1a,
    0xb0, 0x3, 0x12, 0x98, 0x3, 0x54, 0x81, 0x58,
    0x1c, 0xc0, 0x64, 0x10, 0x3, 0xd4, 0x0, 0x30,
    0x2, 0x50, 0x15, 0xa2, 0xd0, 0x14, 0x0, 0x71,
    0x18, 0x2, 0x54, 0x3c, 0x0, 0x59, 0x74, 0x81,
    0xc0, 0x1e, 0xb0, 0xd, 0x53, 0xa0, 0x1, 0x20,
    0xa, 0x4c, 0x9c, 0x2, 0x16, 0x0, 0x88, 0x11,
    0xbf, 0xdd, 0x60, 0x7, 0x60, 0xe8, 0xb0, 0x4,
    0x2, 0x8, 0x44, 0x38, 0x2, 0x99, 0x2, 0xc0,
    0x41, 0x87, 0x81, 0x30, 0x40, 0x4, 0xe6, 0x7,
    0x8c, 0xf, 0x40, 0xae, 0xc, 0x80, 0x60, 0x86,
    0x1, 0x86, 0x70, 0xc2, 0xa0, 0x12, 0x80, 0xe4,
    0x0, 0x29, 0x0, 0x1d, 0xac, 0x7, 0x8a, 0xd,
    0x60, 0x5a, 0x1, 0xa8, 0xc0, 0x3b, 0xc6, 0x70,
    0xc2, 0x64, 0x0, 0xa1, 0x0, 0xc2, 0x1, 0xe3,
    0xe6, 0x4, 0xd6, 0x0, 0xa1, 0xc0, 0x3f, 0xf8,
    0x25, 0x56, 0x40, 0xba, 0x61, 0x14, 0x1, 0xfe,
    0x3a, 0xd5, 0x1, 0xaa, 0x16, 0x20, 0x2e, 0x8,
    0x7, 0xeb, 0x50, 0x3, 0xf2, 0x80, 0x56, 0xc0,
    0x66, 0x0, 0xfd, 0x6, 0xdd, 0x0, 0x1e, 0x97,
    0xa2, 0x0, 0xdd, 0xea, 0x0, 0xc9, 0x10, 0xf,
    0xd0, 0xa0,

    /* U+6B21 "次" */
    0x0, 0xff, 0x11, 0x0, 0x3f, 0xf8, 0xa, 0x20,
    0x1e, 0x9d, 0xb0, 0xf, 0xf6, 0x54, 0x0, 0x70,
    0xa0, 0x60, 0x7, 0xf9, 0x1, 0x8c, 0x3, 0x30,
    0x1, 0x80, 0x3f, 0xd0, 0x21, 0xe0, 0x1a, 0x80,
    0x1d, 0xff, 0xf8, 0x2, 0x80, 0x36, 0x0, 0x21,
    0x0, 0x7f, 0xf0, 0x98, 0x82, 0x4, 0x24, 0xa,
    0x67, 0xe3, 0x1, 0x0, 0xd2, 0x6, 0x65, 0x20,
    0x96, 0x23, 0x46, 0x63, 0x98, 0x40, 0x6, 0x4a,
    0xd2, 0xb0, 0x34, 0xa, 0xa2, 0x80, 0x20, 0x5,
    0x80, 0x39, 0x42, 0x44, 0x3c, 0x0, 0x20, 0x11,
    0x30, 0x40, 0x7, 0xeb, 0x36, 0x30, 0xd, 0xe0,
    0x26, 0x2c, 0x1, 0xc4, 0xc2, 0x59, 0x20, 0x1,
    0x0, 0x18, 0x1e, 0x78, 0x7, 0x96, 0x78, 0x40,
    0x31, 0x0, 0x14, 0x2, 0x10, 0xf, 0x50, 0x20,
    0x80, 0x6b, 0x0, 0xa, 0x0, 0x7e, 0x32, 0xd,
    0x0, 0xe5, 0x0, 0xbc, 0x3, 0xf5, 0x80, 0x1c,
    0x3, 0x31, 0x3, 0x2, 0x20, 0x3, 0xe6, 0x4,
    0x10, 0x8, 0xa4, 0xe, 0x50, 0x28, 0x40, 0x39,
    0x4, 0x38, 0x2, 0x1f, 0x0, 0x78, 0x48, 0xe,
    0x8, 0x6, 0xe0, 0x2, 0x80, 0xf, 0xc8, 0x24,
    0xc0, 0xa4, 0xb, 0x8, 0x0, 0x2a, 0xa, 0x0,
    0x7c, 0x10, 0x76, 0x0, 0x99, 0xc0, 0xb1, 0x41,
    0xc0, 0x1e, 0x19, 0x0, 0x9, 0x80, 0xe, 0x87,
    0x1, 0xa7, 0x6b, 0x55, 0x2, 0x80, 0xdb, 0x0,
    0x7d, 0x12, 0x2, 0xc0, 0x94, 0x0, 0x97, 0xe4,
    0x0, 0xfe, 0x6d, 0xa1,

    /* U+6B63 "正" */
    0x1, 0xff, 0xff, 0xe3, 0x68, 0x0, 0xc0, 0x3f,
    0xf9, 0x26, 0xef, 0xfc, 0x0, 0x37, 0x7f, 0x50,
    0x0, 0x62, 0x3f, 0x80, 0x9, 0x11, 0xe7, 0x0,
    0xff, 0xe7, 0xb3, 0x8, 0x3, 0xff, 0x8f, 0x32,
    0x40, 0xf, 0xff, 0x33, 0xff, 0xf8, 0x80, 0x3f,
    0xfb, 0x6, 0xef, 0xe3, 0x0, 0xff, 0xe1, 0x24,
    0x47, 0x84, 0x3, 0xff, 0xfe, 0x1, 0xff, 0xd8,
    0x3f, 0xf8, 0x1, 0x3f, 0xf8, 0x0, 0xff, 0xff,
    0x50, 0x7, 0xff, 0x24, 0x4a, 0x23, 0xff, 0x91,
    0xc0,

    /* U+6C34 "水" */
    0x0, 0xff, 0x55, 0x10, 0x3, 0xff, 0x8c, 0x2a,
    0xa2, 0x0, 0xff, 0xfa, 0xf0, 0x7, 0x55, 0x80,
    0x42, 0x3f, 0x0, 0x65, 0x0, 0xd2, 0xa9, 0x20,
    0x5d, 0xdf, 0x18, 0x4, 0x44, 0x0, 0x43, 0x0,
    0xd8, 0x7, 0xff, 0xa, 0x82, 0x5c, 0x7, 0x8,
    0xa, 0xab, 0x40, 0x0, 0x40, 0x33, 0x53, 0x1,
    0x61, 0x0, 0x4a, 0xb8, 0x40, 0x48, 0x3, 0xa,
    0x81, 0xe1, 0x0, 0x7e, 0xd0, 0x70, 0xc, 0x60,
    0x5, 0xc1, 0x0, 0xfc, 0x48, 0x18, 0x1, 0xa8,
    0x80, 0xc0, 0x3f, 0xd0, 0x2, 0xa0, 0x1d, 0x0,
    0xc8, 0x1, 0xf8, 0x94, 0x24, 0x3, 0xca, 0xa0,
    0xb2, 0x0, 0xfb, 0x80, 0xc, 0x1, 0xf5, 0x88,
    0x61, 0x0, 0x74, 0x18, 0x48, 0x80, 0x7c, 0x34,
    0x3, 0x86, 0x1, 0x33, 0x81, 0xb0, 0x7, 0xf2,
    0x48, 0xe, 0x28, 0x2c, 0x80, 0xe8, 0x7, 0xfc,
    0xd0, 0x0, 0xaa, 0x10, 0x3, 0x44, 0x3, 0x18,
    0x7, 0xcf, 0x20, 0xd, 0x71, 0xb3, 0x3, 0x88,
    0xb8, 0x3, 0xf3, 0x59, 0xb8, 0x7a, 0x0, 0x19,
    0xde, 0x30, 0x2, 0x80, 0x79, 0x30, 0x0, 0x20,
    0x12, 0x0, 0x62, 0x83, 0x0, 0xfe,

    /* U+6CA1 "没" */
    0x0, 0x13, 0x0, 0x71, 0x9f, 0xf0, 0x80, 0x77,
    0x4d, 0x0, 0x6d, 0xcc, 0xfd, 0x20, 0x1c, 0xe0,
    0xba, 0x60, 0x1f, 0xfc, 0x5b, 0x80, 0x2c, 0x10,
    0xa, 0x3f, 0xf0, 0x80, 0x7e, 0x7b, 0x15, 0x11,
    0x80, 0x40, 0x3f, 0xf8, 0x49, 0xf6, 0x10, 0x0,
    0x40, 0xc, 0x60, 0x86, 0x62, 0xb, 0xc2, 0x1,
    0xa, 0x60, 0x52, 0x0, 0xcc, 0x7, 0x98, 0xb5,
    0x43, 0xd7, 0x0, 0x38, 0x1d, 0x0, 0x74, 0xa0,
    0x80, 0x3d, 0x64, 0x42, 0x30, 0x32, 0x70, 0x3,
    0xc5, 0x7d, 0xfe, 0x60, 0x6f, 0x30, 0x0, 0xa4,
    0xff, 0xff, 0xb8, 0x3, 0xe, 0x3f, 0x0, 0x7f,
    0xf2, 0x20, 0x81, 0xc0, 0x9, 0x77, 0xd4, 0x0,
    0x20, 0xf, 0x30, 0x81, 0x30, 0x23, 0xa2, 0x6c,
    0x0, 0x40, 0x7, 0x1c, 0xf2, 0x4, 0x88, 0x70,
    0x80, 0x15, 0x81, 0x90, 0x3, 0xa8, 0x0, 0x80,
    0xa, 0x2, 0xd1, 0x5a, 0x2, 0x90, 0xe, 0x16,
    0x6, 0x0, 0x92, 0x80, 0xfe, 0x80, 0x7c, 0x3,
    0xcc, 0x0, 0xa0, 0xc, 0xac, 0x2, 0x0, 0xc2,
    0x0, 0xf5, 0x1, 0x98, 0x2, 0x3a, 0x60, 0xd,
    0xea, 0x1, 0xc8, 0x41, 0x40, 0x5, 0xcc, 0x28,
    0xc, 0xa0, 0x15, 0x74, 0x18, 0x3, 0xc0, 0xc,
    0xff, 0x46, 0x3, 0x1c, 0xd7, 0x63, 0x1, 0x7c,
    0xa0, 0x20, 0x60, 0x50, 0x1, 0x4f, 0x38, 0x4,
    0x99, 0x68, 0x0, 0xe0, 0x9f, 0x80, 0x29, 0xcd,
    0x60, 0xf, 0x92, 0xfa, 0x90,

    /* U+6CE2 "波" */
    0x0, 0xff, 0xe0, 0x9a, 0x8, 0x7, 0xe8, 0x10,
    0xf, 0xed, 0xb7, 0x0, 0xf9, 0x9f, 0xcc, 0x3,
    0xff, 0x90, 0x38, 0xa0, 0x89, 0xe1, 0xe, 0x44,
    0xe0, 0x3, 0x60, 0x85, 0x1d, 0xdf, 0x80, 0xf,
    0x77, 0xc2, 0x0, 0x3f, 0x25, 0x30, 0xf, 0xfe,
    0x30, 0xed, 0x80, 0x57, 0xff, 0x8, 0x4f, 0xf9,
    0xc0, 0x84, 0x5c, 0xe0, 0x1, 0x0, 0xff, 0x85,
    0xc2, 0xc2, 0x6, 0x30, 0x40, 0x3f, 0xf8, 0x3,
    0x90, 0xc1, 0x2c, 0x7, 0xe8, 0x1, 0x11, 0x9c,
    0x21, 0xc6, 0x60, 0x40, 0xa, 0x68, 0x5, 0x80,
    0x29, 0xcc, 0x80, 0xf, 0x99, 0x68, 0x6, 0x5d,
    0x92, 0x0, 0xff, 0xe3, 0x93, 0x0, 0x6b, 0x0,
    0x57, 0xfe, 0x10, 0x40, 0xe, 0x84, 0x1, 0x0,
    0x32, 0x4, 0x80, 0x4c, 0x21, 0x20, 0x18, 0xde,
    0xcc, 0xc0, 0x3, 0x80, 0x34, 0x0, 0x40, 0x21,
    0x80, 0x6b, 0x1, 0x37, 0x0, 0x9, 0xa0, 0x50,
    0xd0, 0x84, 0x80, 0x72, 0x83, 0x86, 0x81, 0x80,
    0x24, 0x7, 0xd4, 0x20, 0x80, 0x31, 0x10, 0x34,
    0x14, 0x10, 0x0, 0x52, 0x2, 0xa, 0xe0, 0x1c,
    0xa0, 0x4, 0x32, 0xb, 0x0, 0x2c, 0x0, 0x4b,
    0x0, 0x1d, 0x60, 0xa1, 0x20, 0x46, 0x6b, 0xa1,
    0x7, 0x10, 0x7e, 0x81, 0x1, 0x30, 0xf3, 0x50,
    0xab, 0xc4, 0x3, 0xd8, 0xf6, 0x1, 0x7e, 0x65,
    0x0, 0x2a, 0x1, 0x3b, 0x0, 0xce, 0x10, 0xc,
    0xe2, 0x0, 0x1d, 0x3f, 0x1, 0xee, 0x42, 0x63,
    0x98, 0x3, 0x8e, 0xf2, 0x44,

    /* U+6D88 "消" */
    0x0, 0xff, 0xe0, 0x12, 0xa0, 0x7, 0xc5, 0x42,
    0x1, 0x22, 0x0, 0x25, 0xaa, 0x0, 0x42, 0xe0,
    0xe, 0x5f, 0x40, 0x4b, 0xb1, 0x80, 0x7e, 0xa8,
    0x80, 0x50, 0xd, 0xc2, 0x98, 0x69, 0x0, 0x7a,
    0x90, 0x2c, 0x1b, 0x48, 0x1c, 0x34, 0x87, 0x0,
    0x3a, 0x14, 0x28, 0xc0, 0x5, 0xad, 0x22, 0x2f,
    0x19, 0x0, 0xee, 0x8, 0x50, 0x1, 0x80, 0x25,
    0x80, 0x5, 0xee, 0x1, 0xcd, 0x8e, 0x0, 0x5c,
    0xa0, 0xd, 0xdf, 0xdf, 0xe8, 0x1, 0xff, 0x67,
    0xf9, 0x3c, 0x17, 0x48, 0x3, 0xff, 0x89, 0x4e,
    0x5, 0xa6, 0x1, 0x3e, 0x67, 0xd6, 0x1, 0xa2,
    0x80, 0x8c, 0x2, 0xe3, 0x3f, 0x90, 0x3, 0x97,
    0x78, 0x3, 0x46, 0xef, 0xe0, 0xf, 0x11, 0x80,
    0x61, 0x22, 0xfc, 0x1, 0xe9, 0x72, 0x0, 0x9a,
    0xef, 0xea, 0x0, 0xf3, 0x45, 0x0, 0x5e, 0x89,
    0xf2, 0x80, 0x72, 0x0, 0x28, 0x2, 0x12, 0x2f,
    0x8c, 0x3, 0xb8, 0x8, 0x80, 0x14, 0x6e, 0xfd,
    0x80, 0x1c, 0x80, 0xa0, 0x1f, 0xfc, 0x54, 0x10,
    0xb0, 0xd, 0x3f, 0xff, 0x80, 0x36, 0x81, 0x18,
    0x7, 0xf2, 0x24, 0xe0, 0x19, 0x81, 0x40, 0x3f,
    0xd7, 0x74, 0x0, 0x18, 0x54, 0x2c, 0x3, 0xfc,
    0x60, 0x10, 0xc1, 0xd, 0x79, 0x80, 0x59, 0xae,
    0x1, 0xb3, 0xfe, 0xe7, 0x0,

    /* U+6DFB "添" */
    0x0, 0xff, 0xe5, 0x8e, 0x18, 0x4, 0x45, 0xff,
    0xc1, 0x0, 0xa8, 0xf1, 0x80, 0x1b, 0xbf, 0xfc,
    0x12, 0x0, 0x40, 0x84, 0xc8, 0x3, 0xff, 0x8a,
    0x7e, 0x60, 0xc5, 0xff, 0xb4, 0x1, 0xbf, 0xfc,
    0x40, 0x10, 0xe2, 0xc1, 0x0, 0x64, 0x0, 0x10,
    0x7, 0xfd, 0x4e, 0x23, 0xda, 0x8, 0x23, 0xf0,
    0x3, 0x5c, 0x0, 0x3d, 0xdc, 0x80, 0x9d, 0xdf,
    0x34, 0x14, 0x50, 0x7, 0xff, 0x1a, 0x10, 0x17,
    0x3, 0xfe, 0xa0, 0x5, 0x7c, 0x0, 0xf7, 0xfc,
    0xc1, 0x6a, 0x6, 0xa0, 0x2, 0xb0, 0x45, 0x7,
    0x21, 0xb0, 0xf, 0x53, 0xb2, 0x1, 0xe0, 0x8a,
    0x80, 0x2e, 0x5, 0xa0, 0xf, 0x44, 0x82, 0xe0,
    0x8b, 0x1b, 0xa0, 0xe, 0x81, 0x79, 0x80, 0x3d,
    0x54, 0x1, 0xc2, 0xf1, 0x20, 0x2, 0xe0, 0x8a,
    0x60, 0x0, 0xbf, 0x66, 0x7, 0x84, 0x1, 0xf1,
    0xea, 0x85, 0x0, 0x3c, 0x1e, 0x63, 0xb7, 0x0,
    0x33, 0xf0, 0xbe, 0x7e, 0x90, 0x1, 0x1, 0x1,
    0xe8, 0x18, 0x3, 0x78, 0xb9, 0x84, 0x10, 0x0,
    0x84, 0x30, 0x0, 0xc1, 0x20, 0x1a, 0x83, 0x50,
    0x88, 0x80, 0x5, 0x0, 0x20, 0x38, 0x99, 0x80,
    0x31, 0x11, 0x6, 0xc3, 0x80, 0x18, 0x8, 0x3,
    0x1, 0x20, 0x1e, 0x50, 0x76, 0x5, 0x10, 0x40,
    0xc0, 0x90, 0x35, 0x12, 0x40, 0xa, 0xc3, 0x1,
    0x81, 0x8c, 0x0, 0x81, 0x15, 0xeb, 0xda, 0x60,
    0x40, 0x77, 0x41, 0x78, 0xe2, 0xc6, 0x60, 0x2,
    0x9b, 0x80, 0x47, 0x20, 0x4, 0x0, 0x11, 0x80,

    /* U+6E05 "清" */
    0x0, 0xff, 0xe0, 0x9, 0x90, 0x7, 0xf5, 0x10,
    0x7, 0xe9, 0xcf, 0x0, 0xfd, 0x2b, 0xaa, 0x7,
    0x55, 0xca, 0x7, 0x55, 0xe0, 0x5, 0x8, 0x54,
    0xaa, 0xf8, 0x80, 0x55, 0x7c, 0x0, 0x3f, 0x30,
    0x77, 0x7f, 0xf3, 0x81, 0x7f, 0xf8, 0x2, 0x1c,
    0x6a, 0x16, 0x88, 0xc8, 0x7, 0x11, 0xc8, 0x1,
    0xd2, 0x81, 0x4e, 0xf8, 0xc0, 0x5d, 0xfb, 0x0,
    0x1b, 0x0, 0x1b, 0x3f, 0xf3, 0x81, 0x7f, 0xf4,
    0x4, 0x13, 0xd8, 0x85, 0x57, 0x94, 0xe, 0xab,
    0xcf, 0x28, 0x9, 0xe8, 0xab, 0xe2, 0x1, 0x55,
    0xf5, 0x8d, 0xb8, 0x8, 0x7f, 0xff, 0xf0, 0xf0,
    0x1, 0x12, 0xe8, 0xf, 0x77, 0xff, 0xc0, 0x0,
    0xe6, 0x80, 0x6, 0xa2, 0x7f, 0xf0, 0x0, 0x39,
    0x8, 0x3, 0x37, 0xff, 0xd8, 0x1, 0xf5, 0x6b,
    0x80, 0x49, 0x55, 0xf4, 0x0, 0x78, 0xc4, 0x10,
    0x2, 0x25, 0x5f, 0x90, 0x3, 0xd4, 0x4, 0x60,
    0x13, 0x7f, 0xfd, 0x80, 0x1e, 0x70, 0x50, 0xc,
    0x95, 0x5f, 0x40, 0x7, 0x18, 0x85, 0x80, 0x62,
    0x55, 0xf9, 0x0, 0x3a, 0xc0, 0x4c, 0x3, 0x37,
    0xff, 0xd6, 0x1, 0xcc, 0xe, 0x1, 0xfe, 0xcc,
    0xa8, 0x4, 0x0, 0x28, 0x14, 0x1, 0xff, 0x19,
    0x84, 0xac, 0x0, 0x35, 0xe6, 0x1, 0x57, 0x48,
    0x6, 0xcf, 0xfb, 0x54, 0x0,

    /* U+6E10 "渐" */
    0x0, 0xf8, 0xa1, 0x40, 0x3f, 0xf8, 0x31, 0x40,
    0x19, 0x1f, 0x80, 0x3e, 0x15, 0x9d, 0x2, 0x75,
    0xa0, 0xb, 0xc3, 0x0, 0x23, 0x9b, 0xee, 0x53,
    0x12, 0x94, 0x82, 0xdd, 0x6b, 0x4, 0xee, 0xa2,
    0xd9, 0x4, 0x0, 0x4e, 0xe0, 0x69, 0x1, 0x62,
    0x0, 0x9, 0x10, 0xc0, 0x5, 0x17, 0xdb, 0x4,
    0x0, 0x6a, 0xa4, 0x30, 0x1d, 0x55, 0x0, 0x6,
    0x74, 0x10, 0xc, 0x20, 0xa0, 0x80, 0xb, 0x67,
    0x53, 0x0, 0xfe, 0x3e, 0x50, 0x9, 0xc0, 0xb2,
    0xc0, 0x3f, 0xe9, 0xa, 0x40, 0x21, 0x13, 0x80,
    0x79, 0x9b, 0xc9, 0x64, 0x16, 0x6a, 0xe, 0x1,
    0xf1, 0x4c, 0xf7, 0x8e, 0x8, 0x2d, 0x0, 0xa0,
    0x12, 0x90, 0x7, 0xf8, 0x71, 0xd8, 0xc1, 0xe4,
    0x12, 0x94, 0x0, 0xbf, 0x80, 0x3f, 0x60, 0x2,
    0x80, 0xf, 0xfe, 0x42, 0xb1, 0x77, 0xf9, 0x81,
    0xbd, 0xc0, 0x3f, 0xe9, 0x93, 0x80, 0x7e, 0x10,
    0x30, 0xf, 0xc6, 0x8, 0x0, 0x13, 0x4, 0xb6,
    0x30, 0x10, 0xf, 0x90, 0x8, 0x99, 0xdc, 0x50,
    0x24, 0x11, 0x7, 0x0, 0x7d, 0x80, 0xee, 0x31,
    0x0, 0x89, 0x91, 0x80, 0x80, 0x3e, 0x40, 0xc6,
    0x64, 0xe3, 0x2, 0x49, 0x10, 0x14, 0x3, 0xe3,
    0x4, 0x29, 0x63, 0x0, 0xce, 0x6, 0x20, 0x1e,
    0x50, 0x12, 0x0, 0xfd, 0x61, 0x60, 0x1f, 0x60,
    0x20, 0x7, 0xe5, 0x20, 0x60, 0xf, 0xae, 0x3c,
    0x3, 0xf3, 0xa3, 0x8, 0x0, 0x49, 0x40, 0x4,
    0xea, 0x1, 0xd3, 0xf2, 0x57, 0x20, 0x11, 0x6d,
    0x80, 0x0,

    /* U+6ED1 "滑" */
    0x0, 0xff, 0xe5, 0x96, 0x98, 0x4, 0xb7, 0x7f,
    0xf2, 0x80, 0x5c, 0x58, 0xa0, 0x2, 0x44, 0xff,
    0x88, 0x2, 0xf1, 0xa, 0x80, 0x8, 0xb7, 0x7e,
    0x20, 0xe, 0x3f, 0x30, 0x75, 0x0, 0x9, 0x17,
    0xc0, 0x1f, 0xe, 0x2a, 0x28, 0x0, 0xff, 0xf8,
    0x40, 0x3f, 0xd5, 0x60, 0x10, 0xbb, 0xc2, 0x1,
    0xfd, 0x6e, 0x1, 0xe2, 0x88, 0x8c, 0x3, 0xf2,
    0xa4, 0x58, 0xa7, 0x40, 0x1f, 0x74, 0x41, 0xfc,
    0x41, 0x1c, 0x8a, 0xa0, 0x4c, 0xc0, 0x81, 0x10,
    0xce, 0x22, 0x19, 0x88, 0x80, 0x20, 0xa, 0x80,
    0x21, 0x2, 0xdd, 0xff, 0x84, 0x3, 0x3d, 0x3e,
    0x1, 0x5d, 0xff, 0xc2, 0x1, 0xcb, 0xe, 0xe4,
    0x4f, 0xfe, 0xb, 0xb0, 0x4, 0xc6, 0x51, 0xa0,
    0x3f, 0xff, 0x8, 0x64, 0x10, 0x0, 0x67, 0x18,
    0x2, 0x19, 0x9f, 0x84, 0x3, 0xc8, 0x0, 0x70,
    0xc, 0xcd, 0xf0, 0x7, 0xd8, 0x4, 0x20, 0x10,
    0xff, 0xfc, 0x20, 0x1e, 0x70, 0x50, 0xc, 0x35,
    0x5f, 0x8, 0x7, 0x10, 0x86, 0x0, 0x72, 0xaf,
    0xc0, 0x1e, 0x50, 0x2, 0x0, 0x61, 0xff, 0xf8,
    0x0, 0x20, 0x15, 0x82, 0x0, 0x7f, 0x17, 0xfc,
    0x0, 0x30, 0x9, 0x87, 0x0, 0x3f, 0x88, 0x40,
    0x2, 0xca, 0x1, 0x57, 0x38, 0x4, 0xdb, 0xe0,
    0x1b, 0xbf, 0xdd, 0x20, 0x10,

    /* U+6EE1 "满" */
    0x0, 0xfe, 0x13, 0x20, 0x8, 0x4c, 0x80, 0x3d,
    0x0, 0x1e, 0x9c, 0x90, 0x9, 0xb3, 0x80, 0x3a,
    0xdf, 0x4, 0x4, 0x60, 0x3, 0x88, 0xde, 0x0,
    0x11, 0x80, 0x1c, 0x7, 0x8b, 0xdd, 0x38, 0x1f,
    0x74, 0xe0, 0x7d, 0xd5, 0x2, 0xd8, 0x14, 0x8,
    0xc0, 0x10, 0x8c, 0x1, 0x8, 0xc6, 0x0, 0x4c,
    0x3c, 0xee, 0x9c, 0x13, 0xba, 0x80, 0x3e, 0xea,
    0x40, 0x23, 0xc1, 0x0, 0xae, 0x78, 0x2, 0x49,
    0x80, 0xe, 0xa7, 0x0, 0x17, 0xfd, 0x93, 0x5f,
    0xf6, 0x4d, 0xff, 0xd6, 0x8b, 0x14, 0x0, 0x11,
    0xc0, 0x10, 0x88, 0x0, 0x23, 0xc8, 0xe0, 0xb8,
    0x7d, 0xd9, 0x2, 0xbb, 0xc0, 0x1d, 0xda, 0x82,
    0x24, 0xd, 0xc0, 0x33, 0x80, 0x7f, 0xf0, 0x5a,
    0x99, 0x99, 0xff, 0x18, 0x57, 0xf0, 0x3, 0xff,
    0x0, 0x65, 0x90, 0x8, 0x44, 0x0, 0x11, 0x80,
    0x2, 0x20, 0xe, 0x1b, 0x70, 0xa, 0xf9, 0x3,
    0x3b, 0x41, 0xbb, 0xc0, 0x39, 0xd2, 0x0, 0x39,
    0x43, 0x81, 0x81, 0x0, 0x3e, 0xc0, 0x40, 0xc,
    0x42, 0x7, 0x78, 0x5, 0x60, 0x1e, 0x40, 0xc0,
    0xd, 0x41, 0x4a, 0xcc, 0x14, 0x45, 0x0, 0x63,
    0x10, 0x40, 0x8, 0x9c, 0x56, 0x90, 0x1a, 0xc9,
    0xc0, 0x32, 0x0, 0x98, 0x5, 0x21, 0x0, 0x8c,
    0x12, 0x19, 0xa0, 0x1a, 0xc1, 0x0, 0x35, 0xcb,
    0x0, 0xa, 0x44, 0x5, 0x40, 0x31, 0x86, 0x0,
    0x73, 0x0, 0x13, 0x58, 0x3f, 0xd6, 0x4, 0x2,
    0xa0, 0x80, 0x1f, 0xfc, 0x3, 0x0, 0x14, 0x80,
    0xd7, 0x90, 0x3, 0x74, 0xa0, 0x1f, 0x67, 0xfb,
    0x50, 0x0,

    /* U+6F14 "演" */
    0x0, 0xff, 0xe0, 0x1a, 0x80, 0x7f, 0x98, 0x3,
    0xf1, 0xe5, 0x20, 0x7, 0xea, 0x9b, 0x10, 0xf,
    0x18, 0x87, 0x0, 0x7e, 0x20, 0x4c, 0x4f, 0xff,
    0x8, 0x2f, 0xff, 0x90, 0x22, 0x40, 0xb4, 0x3,
    0xff, 0x8c, 0xd6, 0x96, 0x0, 0xff, 0xff, 0x84,
    0x3, 0x92, 0xc0, 0x2d, 0xdf, 0xf8, 0x40, 0x2c,
    0x60, 0x1, 0xaa, 0x88, 0xbf, 0xe4, 0x56, 0x73,
    0x99, 0x0, 0xd5, 0x3f, 0xf1, 0x85, 0x7f, 0xeb,
    0xa2, 0x74, 0x6, 0xa0, 0x0, 0x8f, 0x80, 0xc4,
    0x78, 0x2, 0xb4, 0x5, 0x82, 0xee, 0xe2, 0x9,
    0xee, 0xe3, 0x0, 0xad, 0x46, 0x40, 0x24, 0x48,
    0x0, 0x48, 0x90, 0x7, 0xd5, 0xe2, 0x1, 0x5d,
    0xc6, 0x11, 0x77, 0x8, 0x7, 0xaa, 0x48, 0x2,
    0xff, 0x8c, 0x2b, 0xfe, 0x10, 0xe, 0x15, 0x76,
    0x0, 0x91, 0x20, 0x1, 0xa2, 0x40, 0x1e, 0x40,
    0x2, 0x0, 0x57, 0x71, 0x84, 0xdd, 0xc2, 0x1,
    0xde, 0xa, 0x1, 0xb3, 0x23, 0x8, 0xcc, 0x84,
    0x3, 0x94, 0x3c, 0x3, 0x19, 0xc0, 0x2, 0x33,
    0x80, 0x39, 0x0, 0xa, 0x5, 0xfe, 0xe7, 0x9f,
    0xf9, 0x67, 0xbf, 0xc6, 0x0, 0xe0, 0x40, 0x8,
    0xe7, 0x9e, 0xc0, 0x8, 0xb3, 0xd2, 0x60, 0x12,
    0x86, 0x83, 0xee, 0x30, 0x1c, 0x80, 0x12, 0x4c,
    0x1b, 0x35, 0x4c, 0x41, 0x2, 0xc8, 0x17, 0x30,
    0x80, 0x13, 0x66, 0xb0, 0x11, 0xf, 0xb4, 0x82,
    0x21, 0xd4, 0x60, 0x1f, 0x14, 0xfc, 0x30,

    /* U+70B9 "点" */
    0x0, 0xfe, 0xdf, 0x80, 0xf, 0xfe, 0x39, 0x81,
    0x19, 0xff, 0x0, 0x7f, 0xf0, 0x17, 0x33, 0xf8,
    0x3, 0xff, 0xac, 0xdb, 0xbf, 0xc0, 0x1f, 0xfc,
    0x1, 0x22, 0xfe, 0x0, 0x85, 0x9b, 0xc2, 0x6,
    0xcd, 0xf0, 0x80, 0x62, 0x99, 0xf0, 0x1, 0x26,
    0x7e, 0x50, 0xf, 0xc2, 0x3f, 0xf0, 0x7, 0xfb,
    0x3b, 0xbf, 0xd8, 0x1, 0xff, 0xea, 0xde, 0xef,
    0xf6, 0x0, 0x7f, 0x84, 0x7f, 0xf8, 0x0, 0x1f,
    0x14, 0xcf, 0xff, 0x11, 0x40, 0x31, 0x58, 0xb3,
    0x1d, 0x59, 0xa5, 0x6, 0x68, 0x6c, 0x40, 0x35,
    0x15, 0x2, 0xf7, 0x0, 0x7, 0x92, 0x40, 0x30,
    0x50, 0x1, 0xb, 0x5, 0x83, 0x1, 0x8, 0x19,
    0x5, 0x0, 0xc0, 0x38, 0x80, 0x20, 0x5, 0x80,
    0xc0, 0xa, 0x0, 0xa0, 0x60, 0x3, 0x88, 0x40,
    0x13, 0x4, 0x80, 0x46, 0x18, 0x0, 0x50, 0x14,
    0x0, 0x40, 0x31, 0x20, 0xb, 0x80, 0x4a, 0x2,
    0x0, 0x24, 0x57, 0x0, 0x31, 0x10, 0x5b, 0x68,
    0x3, 0x47, 0xc8, 0x5, 0x74, 0x60, 0x17, 0xe9,
    0x80,

    /* U+70ED "热" */
    0x0, 0xca, 0xa0, 0xe, 0x25, 0x40, 0xf, 0xfe,
    0xd, 0x50, 0x80, 0x32, 0x54, 0x0, 0x7f, 0xf5,
    0x48, 0xa0, 0x3, 0x10, 0x92, 0x70, 0xa, 0x27,
    0x0, 0x61, 0xdd, 0x80, 0x17, 0xb0, 0xb6, 0xe0,
    0x57, 0x7a, 0x80, 0x3f, 0xf8, 0x22, 0x20, 0x8,
    0x46, 0x0, 0xf0, 0xff, 0xc0, 0xd, 0xf9, 0x6e,
    0x90, 0x3e, 0xe5, 0x0, 0x7f, 0xf0, 0x50, 0x40,
    0x2, 0xe, 0x1, 0xff, 0xc0, 0x30, 0x6, 0xda,
    0x54, 0xe8, 0x8, 0x7, 0xf1, 0x5f, 0xe0, 0x4,
    0x24, 0xac, 0xa1, 0xa0, 0x7, 0x0, 0xf0, 0xa0,
    0x6, 0xbe, 0x7b, 0x30, 0x4, 0x40, 0x40, 0x2,
    0xf, 0x20, 0x4d, 0x7e, 0x0, 0x60, 0x2, 0x58,
    0x4, 0xfc, 0xa0, 0x16, 0x30, 0xc, 0xa0, 0x7,
    0x8e, 0x1, 0x9c, 0x9, 0xc0, 0x4, 0xa6, 0x1,
    0x84, 0x3, 0x1e, 0x80, 0xc4, 0x37, 0x84, 0x41,
    0xc2, 0xa0, 0x3f, 0xee, 0x0, 0x1a, 0xe0, 0x86,
    0x88, 0x11, 0x83, 0x1, 0x85, 0x0, 0x88, 0x2,
    0x61, 0x72, 0xa, 0x30, 0xe, 0x82, 0x6, 0x30,
    0x6, 0x5d, 0x74, 0x81, 0x66, 0x14, 0x0, 0x80,
    0x10, 0xa6, 0xc8, 0x4, 0x44, 0xaa, 0x1, 0x5f,
    0x90, 0x3, 0xad, 0x0, 0x1e, 0xd6, 0x1, 0xd6,
    0x4, 0x4, 0x82, 0x80, 0x5, 0xe, 0x0, 0x40,
    0x31, 0x0, 0x48, 0x41, 0x40, 0x2, 0xc, 0x0,
    0x70, 0x28, 0x83, 0x10, 0x48, 0x5, 0x0, 0x66,
    0x0, 0x20, 0x28, 0x1, 0x40, 0xe, 0x0, 0x90,
    0x44, 0x1, 0x98, 0x20, 0x2, 0xe0, 0x30, 0x9,
    0x44, 0x40, 0x4, 0x30, 0x20, 0x3e, 0x94, 0x0,
    0x96, 0xb0, 0x2, 0xbe, 0x70, 0xb, 0xf9, 0x80,

    /* U+7259 "牙" */
    0x2, 0x2f, 0xfe, 0x40, 0xe, 0xef, 0xff, 0x21,
    0x0, 0x3f, 0xf9, 0x43, 0xbb, 0xff, 0xc0, 0xa0,
    0x4, 0xee, 0xe4, 0x2, 0x23, 0xcd, 0x19, 0x17,
    0x98, 0x0, 0x64, 0x58, 0x3, 0x7a, 0x38, 0x80,
    0x7f, 0xf1, 0x94, 0x14, 0x3, 0xff, 0x8c, 0x80,
    0xf, 0x0, 0xff, 0xe3, 0x60, 0x0, 0xd5, 0x7e,
    0x40, 0x6, 0x2a, 0xe2, 0x0, 0x8, 0x2, 0x6a,
    0xbe, 0x80, 0x3, 0x55, 0x65, 0x0, 0xff, 0xe6,
    0x4f, 0xff, 0xac, 0x0, 0x98, 0x0, 0xaf, 0xfc,
    0xe0, 0x1f, 0x92, 0xc0, 0xac, 0x3, 0xff, 0x88,
    0xd6, 0x3, 0x80, 0x1f, 0xfc, 0x49, 0x90, 0x17,
    0x88, 0x7, 0xff, 0x9, 0x35, 0x80, 0xf0, 0x40,
    0x3f, 0xf8, 0x25, 0x56, 0x40, 0xf8, 0x20, 0x1f,
    0xfc, 0x2, 0x9d, 0x50, 0x1b, 0x80, 0xe, 0x70,
    0xf, 0xc8, 0xc0, 0x6, 0xf4, 0x1, 0x66, 0xd2,
    0x0, 0x10, 0xe, 0x63, 0x5d, 0x91, 0x0, 0xc,
    0xce, 0x20, 0x2, 0x80, 0x7b, 0x28, 0x80, 0x38,
    0x80, 0x31, 0x50, 0x80, 0x70,

    /* U+725B "牛" */
    0x0, 0xe1, 0x0, 0xd3, 0xfc, 0x1, 0xff, 0xc1,
    0x2e, 0xc3, 0x0, 0xff, 0xe3, 0x28, 0x19, 0x0,
    0x7f, 0xf1, 0xac, 0xc, 0x40, 0x3f, 0xf8, 0xa4,
    0x60, 0x7, 0x79, 0x40, 0x5d, 0xfe, 0x20, 0xd,
    0x40, 0x3, 0x88, 0x8c, 0x1, 0x11, 0xf3, 0x80,
    0x66, 0x0, 0xff, 0xe4, 0x30, 0x85, 0x7f, 0xe6,
    0x1, 0xff, 0xf9, 0x40, 0x28, 0x1, 0x50, 0xf,
    0xfe, 0x2a, 0x8, 0x48, 0x7, 0xff, 0x19, 0x31,
    0x1c, 0x3, 0xff, 0x8c, 0x25, 0x42, 0x3e, 0x30,
    0x0, 0x8f, 0xf2, 0xf7, 0x7f, 0x28, 0xf, 0x77,
    0xec, 0x0, 0xff, 0xe5, 0x25, 0x57, 0xf2, 0x0,
    0x2a, 0xbf, 0x48, 0xaa, 0xff, 0x10, 0xa, 0xaf,
    0xe4, 0x0, 0xff, 0xff, 0x80, 0x7f, 0xfb, 0x40,

    /* U+7269 "物" */
    0x0, 0xff, 0xe6, 0xf7, 0xa0, 0x4, 0x3f, 0x84,
    0x1, 0xf8, 0x44, 0x2, 0x2, 0x1, 0x38, 0x11,
    0x0, 0x3f, 0x57, 0x8, 0x7, 0xa8, 0x18, 0x3,
    0xf9, 0x80, 0x40, 0x38, 0xcc, 0x5, 0x33, 0xf4,
    0x1, 0x83, 0x0, 0x31, 0x83, 0xc0, 0xa, 0xcd,
    0xf3, 0x80, 0x84, 0x80, 0x1a, 0x58, 0xc1, 0x44,
    0x11, 0x0, 0x48, 0x2, 0x40, 0x2, 0x0, 0x9,
    0x40, 0x35, 0x18, 0x5e, 0x85, 0xf8, 0x1b, 0x83,
    0xe8, 0x2, 0xd0, 0x45, 0x4, 0x43, 0xf, 0x2,
    0x0, 0x88, 0x38, 0x3, 0x60, 0x58, 0xa8, 0x20,
    0x28, 0x30, 0x80, 0xe8, 0x28, 0x6, 0x5d, 0x50,
    0x90, 0xb1, 0x30, 0x23, 0x0, 0x62, 0x18, 0x4,
    0x50, 0x20, 0xc2, 0x46, 0x80, 0x80, 0x13, 0xb5,
    0x80, 0x68, 0x75, 0x18, 0xb, 0xe, 0xc, 0x1,
    0x0, 0x92, 0xbc, 0x2, 0x12, 0xa1, 0x26, 0x14,
    0x5, 0xf, 0x1, 0xbb, 0x28, 0x5, 0x1d, 0xa8,
    0x1c, 0x10, 0x6, 0x40, 0x20, 0x66, 0x1, 0x70,
    0x1, 0x43, 0x4, 0x19, 0x30, 0x50, 0x7, 0x55,
    0xf4, 0x0, 0x5a, 0xc, 0xe1, 0x20, 0x4c, 0x0,
    0x30, 0x12, 0x40, 0xe, 0x5b, 0x90, 0x84, 0x8,
    0x0, 0x84, 0x3c, 0x3, 0xf2, 0x2, 0xb8, 0x2a,
    0x80, 0x26, 0x1, 0x0, 0xfe, 0x5a, 0x2, 0x84,
    0x42, 0xc9, 0x1, 0x0, 0x7e, 0x3a, 0x1, 0xf0,
    0xbb, 0x53, 0x0, 0xa0, 0x7, 0xe3, 0x61, 0xc2,
    0x20, 0x80, 0x9, 0x70, 0x3, 0xfd, 0x38, 0x40,
    0xe, 0xff, 0x6d, 0x10, 0x0,

    /* U+72B6 "状" */
    0x0, 0xeb, 0xd5, 0x0, 0xeb, 0xd6, 0x2, 0x0,
    0xfe, 0x52, 0x20, 0x7, 0x31, 0x72, 0x6c, 0x80,
    0x70, 0x80, 0x7f, 0xf0, 0xd9, 0xc0, 0x9, 0xd6,
    0x1, 0xff, 0xc1, 0x48, 0x8, 0x50, 0x71, 0x52,
    0x0, 0xff, 0xe0, 0xba, 0x80, 0x46, 0x60, 0xa0,
    0xf, 0xfe, 0x15, 0x62, 0x80, 0x24, 0x1c, 0x3,
    0x4f, 0xfe, 0x20, 0x7f, 0xfb, 0x3d, 0x81, 0x44,
    0x18, 0x2, 0x30, 0xf, 0xfe, 0x1b, 0x5, 0x80,
    0x5d, 0x33, 0x80, 0xb, 0x33, 0xc8, 0x0, 0x93,
    0x80, 0x9, 0x19, 0xb0, 0x0, 0xd9, 0xb8, 0x80,
    0x3, 0x8a, 0x1, 0xf1, 0x80, 0x14, 0x3, 0xfd,
    0x62, 0x1, 0xe5, 0x0, 0x18, 0x80, 0x7c, 0x5a,
    0x80, 0x1f, 0x68, 0x4, 0xe0, 0x1e, 0x4c, 0x20,
    0xf, 0x85, 0x0, 0x2b, 0x0, 0xe7, 0xb1, 0x9,
    0x10, 0xe, 0x60, 0x5, 0x81, 0x28, 0x6, 0xc0,
    0x5, 0xb0, 0x7, 0xc, 0x2, 0xa1, 0x85, 0x80,
    0x6e, 0x1c, 0x40, 0xf, 0x50, 0x2, 0x2, 0x0,
    0x68, 0x2, 0x5f, 0x30, 0xf, 0x42, 0x3, 0x10,
    0x22, 0x82, 0xb8, 0x4, 0x20, 0x1e, 0x67, 0x2,
    0x80, 0xa, 0xc4, 0x21, 0x80, 0x3f, 0x5c, 0x80,
    0x38, 0x40, 0x21, 0xd0, 0x4, 0xb8, 0x7, 0xfa,
    0x8c, 0x3, 0x8e, 0x80, 0x4, 0x1, 0xf5, 0xad,
    0x28, 0x7, 0xcb, 0x4c, 0xa0, 0x1d, 0xde, 0xf4,
    0xa0, 0x1f, 0xcb, 0x20,

    /* U+7528 "用" */
    0x0, 0x84, 0x7f, 0xf8, 0xa0, 0x14, 0x77, 0x7f,
    0xf1, 0x58, 0x3, 0xff, 0x9d, 0x77, 0xc0, 0x5,
    0xbb, 0xe0, 0xf, 0x85, 0x13, 0x84, 0x9, 0x13,
    0x80, 0x3f, 0xfa, 0x24, 0x5c, 0x0, 0x12, 0x2e,
    0x0, 0xf8, 0x77, 0x78, 0x41, 0xb7, 0x78, 0x3,
    0xff, 0xa0, 0x3b, 0xbc, 0x20, 0xdb, 0xbc, 0x1,
    0xf8, 0x8b, 0x80, 0x2, 0x45, 0xc0, 0x1f, 0xfd,
    0x1, 0x55, 0xe1, 0x2, 0x55, 0xe0, 0xe, 0x10,
    0x5, 0x57, 0x0, 0x16, 0xab, 0x80, 0x38, 0xc0,
    0x3f, 0xf9, 0x2, 0x9, 0xff, 0xc2, 0xf, 0xff,
    0xc0, 0x1c, 0xa0, 0x40, 0x1f, 0xfc, 0x53, 0x10,
    0xc0, 0xf, 0xfe, 0x2d, 0x0, 0x14, 0x3, 0xf9,
    0x19, 0x90, 0x1, 0x13, 0x3, 0x0, 0x7f, 0xb6,
    0x64, 0xe0, 0x5, 0x71, 0x8, 0x0, 0xff, 0x78,
    0x4, 0x2e, 0x6b, 0xd8, 0x20, 0x1e, 0xef, 0x80,
    0x6f, 0xfb, 0xa0, 0x0,

    /* U+7535 "电" */
    0x0, 0xfc, 0x44, 0x10, 0xf, 0xfe, 0x36, 0x6c,
    0x80, 0x7f, 0xf4, 0xc5, 0x13, 0xe1, 0x2, 0x44,
    0xf8, 0x2, 0x4b, 0xbf, 0x80, 0xb, 0x77, 0xf1,
    0x0, 0x7f, 0xf3, 0xb7, 0xff, 0x8, 0x3f, 0xfe,
    0xb0, 0xf, 0xfe, 0x88, 0x8f, 0x0, 0x4, 0x7c,
    0x1, 0xfb, 0x3b, 0xb0, 0x83, 0x77, 0x6a, 0x0,
    0xff, 0xe8, 0xde, 0xee, 0x10, 0x6d, 0xdd, 0x20,
    0x1f, 0x98, 0x8b, 0x0, 0x4, 0x8b, 0x80, 0x3f,
    0xfa, 0x39, 0xbb, 0x84, 0x1b, 0x77, 0x50, 0x7,
    0xe1, 0x22, 0xc0, 0x1, 0x22, 0xc2, 0x0, 0xb9,
    0x44, 0x55, 0x7c, 0x0, 0x4a, 0xaf, 0x8d, 0xa0,
    0x55, 0x7e, 0x10, 0x35, 0x5f, 0x8c, 0x1c, 0x3,
    0xfc, 0x20, 0x1f, 0x10, 0x8, 0x7, 0xe3, 0x7,
    0x54, 0x4e, 0x74, 0x2, 0x0, 0xfc, 0x80, 0x35,
    0x77, 0xd0, 0x0, 0xc0, 0xf, 0xd0, 0xa2, 0x1,
    0xf1, 0x4a, 0x0,

    /* U+753B "画" */
    0x2, 0x2f, 0xfe, 0x40, 0xae, 0xef, 0xff, 0x24,
    0x3, 0xff, 0x94, 0xbd, 0xdf, 0xfc, 0x8c, 0x1,
    0x1f, 0xfe, 0x40, 0x0, 0xa2, 0x0, 0x7f, 0xff,
    0xea, 0x4, 0x97, 0x0, 0x3b, 0x98, 0x3, 0x8,
    0x80, 0x2, 0x30, 0x4, 0x6d, 0x60, 0x1f, 0x87,
    0xb8, 0x81, 0xbd, 0x20, 0x1f, 0xfd, 0x92, 0x23,
    0x83, 0x17, 0x80, 0x7f, 0xf0, 0x87, 0x74, 0x61,
    0x5a, 0xe0, 0x1f, 0xfc, 0x35, 0x50, 0x82, 0x29,
    0x0, 0x7f, 0xf0, 0x86, 0xa8, 0xa1, 0x15, 0x40,
    0xf, 0xfe, 0xc0, 0xee, 0x90, 0x37, 0x52, 0x1,
    0xff, 0xc3, 0x22, 0x0, 0x4, 0x84, 0x3, 0xff,
    0x80, 0x7d, 0xdf, 0xea, 0x0, 0xff, 0x84, 0x7f,
    0xc0, 0x1f, 0xc3, 0xff, 0xff, 0xc2, 0x80, 0xf,
    0xfe, 0x72, 0x5d, 0xff, 0xf1, 0x18, 0x3, 0xa,
    0x27, 0xff, 0x13, 0x80, 0x20,

    /* U+754C "界" */
    0x0, 0x2d, 0xdf, 0xff, 0x12, 0x80, 0x38, 0x91,
    0x3f, 0xf8, 0xa0, 0x1f, 0xae, 0xf8, 0x1, 0x17,
    0x79, 0x80, 0x3f, 0x85, 0x13, 0x80, 0x6, 0x89,
    0xb8, 0x3, 0xf8, 0x6a, 0xb8, 0x1, 0xf5, 0x5a,
    0xc0, 0x3f, 0xca, 0xbc, 0x0, 0x45, 0x5c, 0x60,
    0x1f, 0xc3, 0xbb, 0xc0, 0x9, 0xdd, 0xce, 0x1,
    0xfe, 0x22, 0xe0, 0x1, 0x17, 0x78, 0x7, 0xf0,
    0xe6, 0x70, 0x2, 0x73, 0x35, 0x0, 0x7f, 0x8c,
    0xf8, 0x0, 0x46, 0x78, 0x80, 0x3e, 0x6c, 0xcd,
    0x66, 0x1, 0x86, 0xf3, 0x36, 0x80, 0x70, 0x99,
    0xc5, 0x6, 0x7, 0x0, 0x32, 0x6, 0x78, 0x3,
    0xf3, 0x79, 0x81, 0xe3, 0xc0, 0x16, 0x48, 0x80,
    0x7e, 0x4c, 0x91, 0x6, 0xc0, 0x3, 0xd0, 0x1,
    0xba, 0x4, 0x2, 0x17, 0xdb, 0x30, 0x1, 0xe0,
    0x6, 0x46, 0x0, 0x9f, 0xad, 0x41, 0xa0, 0x80,
    0xa5, 0x8e, 0x40, 0x31, 0xb0, 0x42, 0x0, 0x12,
    0x41, 0xc5, 0x2b, 0x58, 0xc1, 0x80, 0x3e, 0x3b,
    0xd7, 0x29, 0x0, 0x75, 0xa8, 0x1, 0x3, 0x40,
    0x3f, 0x8a, 0x35, 0x40, 0x3d, 0x42, 0xc, 0x1,
    0xff, 0xc5, 0x2b, 0x50, 0x81, 0x0, 0xff, 0xe2,
    0x26, 0xa0, 0x33, 0x80, 0x7f, 0xf1, 0x51, 0x3,
    0x32, 0x0, 0xff, 0xe3, 0xd7, 0xb0, 0x7, 0xc5,
    0xfe, 0x40, 0xf, 0x0,

    /* U+767D "白" */
    0x0, 0xf9, 0x48, 0x3, 0xff, 0x86, 0x75, 0xb0,
    0x1, 0xff, 0xc2, 0xa0, 0x5, 0x80, 0x7e, 0x34,
    0x4e, 0x60, 0x17, 0x44, 0xf8, 0xf6, 0xef, 0x80,
    0x3, 0x77, 0xfb, 0x40, 0x3f, 0xf9, 0xd, 0xbb,
    0xff, 0xc0, 0x60, 0xe, 0x22, 0xff, 0xe0, 0x8,
    0x7, 0xff, 0xb9, 0xbf, 0xff, 0xf8, 0xe, 0x1,
    0xff, 0xca, 0x4a, 0xaf, 0xfe, 0x2, 0x0, 0x62,
    0x55, 0xff, 0xe0, 0x18, 0x7, 0xff, 0xb8, 0x95,
    0x7f, 0xf8, 0x6, 0x1, 0x92, 0xab, 0xff, 0x80,
    0x80, 0x1f, 0xfc, 0xa6, 0xff, 0xff, 0xe0, 0x38,
    0x7, 0xff, 0x23, 0xbe, 0x40, 0x3f, 0xf8, 0x11,
    0xfc,

    /* U+7684 "的" */
    0x0, 0x96, 0x58, 0x3, 0xd7, 0x24, 0x1, 0xfb,
    0x9a, 0x0, 0x38, 0xd1, 0x98, 0x1, 0xf9, 0x41,
    0x0, 0x39, 0x0, 0x8, 0x1, 0xf1, 0x88, 0x60,
    0x7, 0x50, 0x28, 0x7, 0xbb, 0xf0, 0x1, 0x3f,
    0xee, 0x3, 0x20, 0x5f, 0xfe, 0x90, 0xf, 0xf4,
    0x80, 0x7e, 0x30, 0x2, 0xcc, 0xca, 0x0, 0x15,
    0x5, 0x88, 0xc4, 0x6, 0x0, 0xc6, 0x6b, 0x0,
    0x10, 0x0, 0xb7, 0x7c, 0x20, 0x1f, 0xe1, 0x70,
    0x61, 0x0, 0xf0, 0x80, 0x7e, 0x1f, 0x58, 0x0,
    0xe1, 0xf, 0x0, 0xfe, 0x1a, 0x9a, 0x0, 0xfe,
    0xc7, 0x7b, 0x0, 0x25, 0x75, 0x60, 0x8, 0xc0,
    0x40, 0xb, 0x11, 0x28, 0x4, 0xa8, 0x12, 0x40,
    0x1f, 0xfc, 0x4a, 0x10, 0xe0, 0x0, 0x81, 0x80,
    0x27, 0xfe, 0x90, 0xc, 0x36, 0x6, 0xe0, 0x1f,
    0xfc, 0x45, 0x53, 0x38, 0x4, 0x20, 0x1f, 0xfc,
    0x1a, 0x90, 0xf, 0xfe, 0x48, 0x80, 0x1c, 0x1,
    0xea, 0xb7, 0x80, 0x7f, 0x10, 0x7, 0x35, 0x54,
    0xc0, 0x1c, 0xac, 0xc7, 0xe0, 0x1, 0x0, 0x7f,
    0xf0, 0x26, 0x68, 0x20, 0x21, 0x0, 0x4f, 0x77,
    0x78, 0x4, 0xa0, 0x10, 0xa7, 0x86, 0xe3, 0x88,
    0xf8, 0x2, 0x9f, 0xfb, 0xac, 0x80,

    /* U+76AE "皮" */
    0x0, 0xff, 0x84, 0x40, 0x1f, 0xfc, 0x73, 0xee,
    0x18, 0x7, 0xff, 0x51, 0x7f, 0xfe, 0xc0, 0x6,
    0x7f, 0xfb, 0x0, 0x23, 0x0, 0xff, 0xe6, 0x55,
    0x74, 0x0, 0x22, 0xab, 0x8, 0x30, 0x7, 0x95,
    0x79, 0x0, 0x8, 0xab, 0x38, 0x87, 0x0, 0x7f,
    0xf1, 0xa8, 0x9, 0x0, 0x3f, 0xf8, 0xd1, 0x72,
    0x1, 0xf2, 0xaf, 0x20, 0x1, 0x15, 0x70, 0xa0,
    0x7, 0xd5, 0x5d, 0x0, 0x8, 0xaa, 0xe2, 0x0,
    0xff, 0xe8, 0xf9, 0x1, 0x7f, 0xfb, 0x84, 0xc,
    0x80, 0x30, 0x80, 0x84, 0x1, 0x40, 0x7, 0x50,
    0x87, 0x80, 0x77, 0x81, 0x82, 0xa0, 0x3a, 0x0,
    0x4e, 0x81, 0x6, 0x1, 0xc6, 0xc, 0x0, 0xa1,
    0xb, 0x30, 0x78, 0x5, 0x70, 0xf, 0x28, 0x18,
    0x0, 0x74, 0x1, 0x95, 0x0, 0x94, 0x1, 0xe2,
    0x10, 0xd0, 0x8, 0xf0, 0x0, 0xa0, 0x96, 0x1,
    0xf5, 0x0, 0x10, 0x2, 0x29, 0x0, 0xcb, 0x2,
    0x1, 0xe6, 0x4, 0x10, 0x5c, 0xd5, 0x2, 0x60,
    0x17, 0xeb, 0x61, 0x0, 0x40, 0x81, 0xd7, 0xd1,
    0x80, 0xce, 0xce, 0xb0, 0x1, 0x27, 0xb5, 0x78,
    0xf, 0x94, 0x0, 0x53, 0xcc, 0x0, 0x29, 0xe8,
    0x30, 0x1, 0x3b, 0x47, 0xb1, 0x2d, 0xeb, 0x0,
    0x78, 0x5f, 0x36, 0x18, 0x81, 0xcc, 0x36, 0x90,
    0x3, 0xfe, 0x27, 0x90,

    /* U+76F4 "直" */
    0x0, 0xff, 0x22, 0x4, 0x3, 0xff, 0x8f, 0x76,
    0x70, 0xf, 0xf4, 0xee, 0xfe, 0x0, 0x46, 0xef,
    0xe3, 0x5, 0x22, 0xfc, 0x0, 0x12, 0x2f, 0xce,
    0x1b, 0xbf, 0xc0, 0x8, 0xdd, 0xfc, 0x80, 0x24,
    0x5f, 0x80, 0x2, 0x45, 0xf8, 0x3, 0x3f, 0x77,
    0x80, 0x11, 0xdd, 0xe1, 0x0, 0xef, 0x11, 0xf0,
    0x0, 0x47, 0xe0, 0xf, 0xc3, 0xff, 0xfe, 0xa0,
    0xf, 0xf8, 0x8b, 0xfc, 0x60, 0x1f, 0xe1, 0xdd,
    0xff, 0x48, 0x7, 0xfc, 0xab, 0xfe, 0x30, 0xf,
    0xf0, 0xd5, 0x7f, 0xa4, 0x3, 0xfc, 0x3f, 0xff,
    0xea, 0x0, 0xff, 0x8c, 0xff, 0xc4, 0x1, 0xfe,
    0x1c, 0xcf, 0xf4, 0x0, 0x7f, 0x87, 0x33, 0xfd,
    0x0, 0x1f, 0xf1, 0x9f, 0xf8, 0x80, 0x3f, 0xc3,
    0xff, 0xfe, 0xa0, 0xf, 0x8, 0xc0, 0x1, 0x1f,
    0xf1, 0x80, 0x8, 0x44, 0xfd, 0xc6, 0x1, 0xee,
    0xff, 0x48, 0x3, 0x3b, 0xc4, 0x3, 0xff, 0x90,
    0x60,

    /* U+771F "真" */
    0x0, 0xfe, 0x26, 0x50, 0xf, 0xfe, 0x3a, 0x4d,
    0x80, 0x7f, 0x93, 0x77, 0xf4, 0x0, 0xee, 0xfe,
    0xb0, 0x22, 0xfe, 0x10, 0x1, 0x17, 0xe5, 0x6,
    0xff, 0xfd, 0x0, 0x3f, 0xff, 0xb8, 0x3, 0x3c,
    0xcf, 0x60, 0xc, 0xcf, 0x90, 0x3, 0xd4, 0xcd,
    0xc8, 0x0, 0x66, 0xf1, 0x80, 0x7e, 0x8f, 0xff,
    0xf0, 0x80, 0x7f, 0xb2, 0x23, 0xfc, 0x20, 0x1f,
    0xe4, 0x77, 0xff, 0x0, 0x7f, 0xd1, 0xff, 0xfe,
    0x10, 0xf, 0xf4, 0x7f, 0xff, 0x84, 0x3, 0xfc,
    0x8e, 0xff, 0xe0, 0xf, 0xf8, 0xe6, 0x7f, 0xc2,
    0x1, 0xfe, 0x7e, 0xef, 0xf0, 0x80, 0x7f, 0x96,
    0x67, 0xfc, 0x20, 0x1c, 0x45, 0x18, 0x12, 0x27,
    0xf8, 0x1, 0xc4, 0x41, 0xcd, 0xd0, 0x83, 0xee,
    0xff, 0x84, 0x1b, 0x74, 0xee, 0x55, 0xe3, 0x4,
    0x55, 0xc0, 0x6a, 0xbe, 0x29, 0xaa, 0xa4, 0xc,
    0xa, 0xaa, 0xb0, 0x36, 0xdb, 0xaa, 0x90, 0x9,
    0xf7, 0x14, 0xf, 0x0, 0x23, 0x50, 0x38, 0xec,
    0x61, 0x7, 0xd8, 0x20, 0x5b, 0xc5, 0x0, 0x8a,
    0xbe, 0x90, 0xe, 0x74, 0x14, 0xa, 0x3a, 0x90,
    0x3, 0xf2, 0xdf, 0x41, 0x48, 0x16, 0xe9, 0xc4,
    0x3, 0xff, 0x80, 0x2f, 0xaa, 0x0,

    /* U+7720 "眠" */
    0x0, 0xfc, 0xac, 0xdf, 0xe4, 0xe, 0xff, 0xee,
    0xb, 0x99, 0xff, 0x40, 0x7, 0xfc, 0x23, 0xf0,
    0x7, 0xaa, 0xe8, 0x3, 0xab, 0xbb, 0xd4, 0x1,
    0xce, 0x88, 0x0, 0xff, 0xed, 0xa2, 0xb8, 0x7,
    0x5f, 0xff, 0xa8, 0x3, 0xa6, 0xa4, 0x3, 0xff,
    0x8c, 0x46, 0x40, 0x1d, 0x17, 0x68, 0x1, 0xbb,
    0xbc, 0x2, 0xfc, 0xc0, 0x7, 0x1a, 0x24, 0x0,
    0x44, 0x8c, 0x3, 0xff, 0x84, 0x20, 0x20, 0x1f,
    0x31, 0x10, 0x3, 0xaf, 0xfd, 0xa0, 0xf, 0xfc,
    0x60, 0xb, 0xdc, 0x0, 0xff, 0xe7, 0x4e, 0x64,
    0x21, 0x39, 0x91, 0x80, 0x37, 0xf8, 0x3, 0x88,
    0xce, 0x50, 0x33, 0xc0, 0x1f, 0xfc, 0x32, 0xd,
    0x0, 0x18, 0x7, 0xff, 0xf, 0xc0, 0xc0, 0x1b,
    0xa0, 0x6, 0xff, 0x0, 0x7d, 0x14, 0x80, 0x80,
    0x1, 0x10, 0x7, 0xfb, 0x39, 0xdc, 0x42, 0xc,
    0x60, 0xa0, 0xa, 0xbb, 0xb4, 0xc4, 0x1c, 0x41,
    0x1, 0x82, 0x3c, 0x3c, 0x0, 0xe8, 0x91, 0x88,
    0x4, 0xdd, 0x21, 0x22, 0x23, 0x7, 0xef, 0x20,
    0xc, 0x46, 0xdb, 0x22, 0x0, 0x1d, 0x21, 0xa1,
    0x0, 0xfd, 0x92, 0x40, 0x1c, 0x7b, 0xca, 0x0,

    /* U+77ED "短" */
    0x0, 0xa, 0x0, 0x7f, 0xf2, 0x1a, 0xf4, 0x3,
    0x9, 0x17, 0xfc, 0x1, 0x60, 0x20, 0x6, 0xdd,
    0xff, 0xe0, 0x20, 0xa, 0x0, 0x15, 0x63, 0x0,
    0xff, 0xe1, 0x38, 0x1, 0xaa, 0xb7, 0x6e, 0xff,
    0xc8, 0x16, 0x4, 0x20, 0x47, 0xc4, 0x5f, 0xfc,
    0x0, 0x42, 0xf, 0x50, 0xbc, 0x70, 0xdd, 0xff,
    0x20, 0x68, 0x19, 0x0, 0x78, 0x8b, 0xfc, 0x21,
    0x2d, 0x0, 0x1f, 0xd5, 0x99, 0xc0, 0x1d, 0x28,
    0x1, 0xfc, 0xe6, 0x7c, 0x20, 0x13, 0x77, 0x48,
    0x13, 0xda, 0x1, 0xff, 0xc1, 0x11, 0xc0, 0x10,
    0x98, 0x4, 0xc4, 0x5c, 0x1, 0x92, 0x22, 0x10,
    0x58, 0x80, 0x5, 0x7b, 0xbc, 0x20, 0x11, 0xbb,
    0xc2, 0x1c, 0xec, 0x1, 0xff, 0xc4, 0x10, 0x0,
    0x80, 0x5f, 0x95, 0xff, 0xae, 0x7d, 0x40, 0x33,
    0x80, 0x28, 0x80, 0xf, 0x96, 0x1, 0xa2, 0x6c,
    0x3, 0xb4, 0x2, 0xc1, 0x5, 0x1, 0x70, 0x1,
    0x98, 0x3c, 0x3, 0x1a, 0x4, 0x8, 0xb0, 0x9,
    0x82, 0x4, 0x24, 0x9, 0x0, 0x37, 0x80, 0xbd,
    0x1, 0x18, 0x58, 0x11, 0x92, 0x85, 0x80, 0x67,
    0x30, 0x80, 0x49, 0x66, 0x2b, 0xb4, 0x3c, 0x0,
    0xd, 0x54, 0x66, 0x80, 0x26, 0x0, 0x30, 0x55,
    0x4d, 0x54, 0x50, 0x5, 0x56, 0x70, 0x7, 0x0,
    0x61, 0x0, 0xff, 0xe0, 0xa5, 0x49, 0x80, 0x68,
    0xff, 0xff, 0xe0, 0x48,

    /* U+786E "确" */
    0x0, 0xff, 0xe0, 0x54, 0x10, 0x7, 0xff, 0x19,
    0x54, 0xe0, 0x1f, 0x87, 0xff, 0xe8, 0x0, 0x40,
    0x3, 0xf7, 0x72, 0x80, 0x7f, 0x84, 0x1c, 0x80,
    0x4, 0x5c, 0x60, 0x1, 0xdd, 0x20, 0x3e, 0xea,
    0xa, 0x2, 0x37, 0x64, 0x0, 0x20, 0x4, 0x44,
    0x50, 0xb2, 0x20, 0xf8, 0x1b, 0x91, 0x19, 0x2,
    0x48, 0x3, 0x18, 0x81, 0x80, 0x2c, 0x82, 0x8c,
    0xc9, 0x40, 0x4a, 0x66, 0x0, 0xac, 0x14, 0x0,
    0x88, 0x0, 0x4e, 0x62, 0xc4, 0xb, 0x32, 0x0,
    0x94, 0x30, 0x0, 0x8c, 0x20, 0x24, 0x40, 0x1,
    0x14, 0x1, 0x90, 0x82, 0x7f, 0xd7, 0x2e, 0x11,
    0xba, 0x10, 0xcd, 0xd0, 0x6, 0xf0, 0xf, 0xfe,
    0x42, 0x20, 0x1, 0xdc, 0x0, 0xe9, 0xff, 0x8,
    0x77, 0xf8, 0x2, 0xe0, 0xf, 0xfe, 0x4e, 0x88,
    0x80, 0x3f, 0x47, 0x70, 0x43, 0x7b, 0x80, 0x12,
    0xd9, 0x80, 0x78, 0xc0, 0x46, 0x0, 0x18, 0x88,
    0x2, 0x25, 0x0, 0xf8, 0x42, 0xaa, 0x10, 0xaa,
    0x80, 0x3f, 0xf8, 0xe, 0x6, 0xaa, 0x0, 0x22,
    0xa8, 0x3, 0xff, 0x80, 0x40, 0xf3, 0x20, 0x4,
    0xcc, 0x1, 0xf7, 0x70, 0x0, 0x42, 0x12, 0xcc,
    0x10, 0x76, 0x60, 0x7, 0xfd, 0x60, 0x62, 0x1,
    0x8c, 0x90, 0x3, 0xed, 0xee, 0x43, 0x4, 0x80,
    0x73, 0x6d, 0x80, 0x80, 0x57, 0x4, 0x23, 0x19,
    0x28, 0x7, 0x28, 0x0, 0x6c, 0x2, 0x67, 0x0,
    0x8b, 0x30, 0x1, 0xbb, 0xc7, 0xfd, 0xca, 0x0,

    /* U+78B3 "碳" */
    0x0, 0xff, 0xe1, 0x8, 0x7, 0xff, 0x10, 0x44,
    0x0, 0x2e, 0xe0, 0x4, 0x22, 0x1, 0x44, 0xf8,
    0xfb, 0x0, 0x3e, 0x2e, 0xf0, 0x7b, 0xbf, 0x80,
    0x3f, 0xf8, 0x46, 0x44, 0x0, 0x9, 0x10, 0x0,
    0x67, 0x38, 0x9, 0x99, 0xc0, 0x25, 0xdc, 0x0,
    0x7e, 0xe8, 0x0, 0x39, 0x8a, 0x0, 0x66, 0x28,
    0x3, 0x90, 0x8, 0x40, 0x2, 0x40, 0x1, 0x22,
    0xfc, 0x1, 0x78, 0x28, 0x4, 0x5a, 0x21, 0xbb,
    0xfb, 0x0, 0x25, 0xc, 0x0, 0x99, 0x82, 0x16,
    0xcd, 0xf9, 0x1, 0x80, 0x17, 0xfe, 0x69, 0x90,
    0x1, 0xe6, 0x7f, 0x78, 0x50, 0x7, 0x99, 0x40,
    0xc, 0xdf, 0xda, 0xa6, 0x7, 0xce, 0x0, 0x98,
    0x0, 0x4c, 0xac, 0x86, 0x67, 0x37, 0x80, 0x43,
    0xe0, 0x13, 0x0, 0x18, 0x5, 0x10, 0x0, 0xca,
    0xc, 0x0, 0xfd, 0x80, 0x8, 0x17, 0x0, 0x9c,
    0xd8, 0x12, 0x40, 0x3e, 0x40, 0x21, 0xb1, 0x3,
    0x28, 0xe, 0x2, 0x40, 0xf, 0x11, 0x87, 0xa,
    0xe0, 0x2, 0x82, 0x8, 0x3, 0xfa, 0xc0, 0x8e,
    0xb5, 0x0, 0x3, 0xae, 0x1, 0xfd, 0xcc, 0x16,
    0x8, 0x82, 0x20, 0x30, 0x7, 0xc7, 0xf0, 0xe,
    0x2, 0xc0, 0x92, 0x12, 0xc1, 0xe2, 0x1, 0xff,
    0x40, 0xcd, 0x83, 0xa4, 0x9, 0x7a, 0x80, 0x63,
    0xdd, 0x20, 0x18, 0x73, 0x3, 0xc0, 0xe, 0x88,
    0xaa, 0x0, 0x31, 0x12, 0x8f, 0x94, 0x1, 0x50,
    0x1, 0x1e, 0x10, 0x50, 0x17, 0xe0, 0x0, 0x70,
    0x8e, 0x79, 0x40, 0x38, 0xb6, 0xc8,

    /* U+793A "示" */
    0x0, 0x84, 0x7f, 0xf8, 0xa0, 0x1c, 0x7d, 0xdf,
    0xfc, 0x50, 0xf, 0xfe, 0x81, 0x4c, 0xff, 0xf1,
    0x28, 0x3, 0x85, 0x9b, 0xff, 0x88, 0xa0, 0x1f,
    0xfe, 0x52, 0x88, 0xff, 0xe4, 0x38, 0x33, 0xbf,
    0xff, 0x22, 0x41, 0xc0, 0x3f, 0xf9, 0x6, 0x7,
    0xff, 0xfc, 0x60, 0x5f, 0xff, 0xb4, 0x3, 0xd0,
    0x40, 0x1f, 0xd0, 0x60, 0x1f, 0xcc, 0xfa, 0x60,
    0x1f, 0x5b, 0xe8, 0x80, 0x7c, 0x32, 0x6, 0x60,
    0xf, 0xb8, 0x6, 0x80, 0x3e, 0xa0, 0x7, 0x80,
    0x7e, 0x56, 0x4, 0x80, 0xe, 0x84, 0x7, 0x30,
    0xf, 0xe9, 0x30, 0x74, 0x0, 0x91, 0xc0, 0xa0,
    0x3, 0xfe, 0xe0, 0x5, 0x8, 0x1d, 0x80, 0x3c,
    0x3, 0x84, 0x3, 0xc5, 0x20, 0x34, 0x2, 0x61,
    0x44, 0x11, 0x15, 0x10, 0x7, 0xcc, 0x83, 0xe0,
    0x59, 0x6a, 0x0, 0x57, 0x72, 0x80, 0x1c, 0x3,
    0xd5, 0xe8, 0x1, 0x20, 0x4, 0xe0, 0x10, 0xad,
    0x80, 0x78, 0x44, 0x0,

    /* U+79D2 "秒" */
    0x0, 0xff, 0xe1, 0x11, 0x0, 0x3f, 0xf8, 0x24,
    0x80, 0x19, 0x37, 0x40, 0x1f, 0x89, 0x62, 0xfb,
    0x68, 0x3, 0xff, 0x82, 0x9f, 0xb4, 0xe8, 0x20,
    0x1, 0x0, 0xfc, 0x20, 0x13, 0x80, 0x75, 0x6f,
    0x8, 0x5b, 0x8, 0x1, 0x37, 0x0, 0x23, 0xce,
    0xb0, 0x15, 0x20, 0x2, 0x22, 0x40, 0x26, 0x22,
    0x30, 0x4, 0x62, 0x1, 0xf6, 0x82, 0x88, 0x0,
    0x94, 0x2c, 0x0, 0x6e, 0xed, 0x1, 0x77, 0x30,
    0x38, 0x78, 0x6, 0x80, 0x25, 0x4, 0x88, 0x30,
    0x2, 0x21, 0x28, 0x20, 0x80, 0x18, 0x90, 0x24,
    0x4, 0x60, 0x8, 0x44, 0x5c, 0x8, 0x20, 0x1d,
    0xe0, 0x68, 0xdd, 0xc5, 0x1, 0xee, 0x62, 0x87,
    0x0, 0x79, 0xc, 0x3c, 0x0, 0x4a, 0x1, 0xa4,
    0x0, 0xa0, 0x1e, 0x19, 0x59, 0x0, 0x58, 0x0,
    0x6c, 0x74, 0x98, 0x3, 0xec, 0xfa, 0x20, 0x16,
    0x0, 0x93, 0xc3, 0x64, 0x3, 0xd0, 0x4a, 0x60,
    0xb, 0x2, 0x0, 0x20, 0xd2, 0x80, 0x4e, 0x22,
    0x57, 0x7, 0x30, 0x45, 0x8, 0x1, 0xb7, 0x25,
    0x0, 0x8f, 0xb6, 0x80, 0xe0, 0x1, 0xe0, 0xe2,
    0x1, 0x46, 0x0, 0x72, 0x60, 0xf, 0x0, 0x58,
    0x30, 0x1, 0xc2, 0x1, 0x9e, 0xc0, 0x1a, 0x40,
    0x12, 0x58, 0x7, 0xf1, 0x5c, 0x0, 0xe1, 0x80,
    0x63, 0x50, 0xf, 0x86, 0x35, 0x0, 0xf0, 0xc0,
    0x3f, 0xf8, 0x3, 0x3c, 0xe0, 0x7, 0xc2, 0x0,
    0xff, 0xe0, 0x93, 0x0, 0x13, 0x60, 0x3, 0xff,
    0x86, 0x6a, 0x77, 0x62, 0x0, 0xff, 0xe0, 0x27,
    0xf0, 0x2, 0xb1, 0x0, 0x3f, 0xe0,

    /* U+79E4 "秤" */
    0x0, 0xe1, 0x48, 0x41, 0x1f, 0xfe, 0x0, 0x1,
    0xa2, 0xfb, 0x96, 0xfb, 0x7d, 0xdf, 0xf2, 0x8c,
    0xba, 0x8, 0xa, 0x60, 0x7, 0xff, 0x4, 0x51,
    0x94, 0x7, 0xad, 0x6f, 0x77, 0x0, 0x23, 0x77,
    0x28, 0x5c, 0xf0, 0x7, 0x94, 0xc8, 0x80, 0x1,
    0x22, 0x38, 0x7, 0xfd, 0xb0, 0xc0, 0x1e, 0x1a,
    0xd2, 0x4e, 0xe5, 0x80, 0xf7, 0x2e, 0x82, 0x40,
    0x3c, 0xc0, 0x64, 0x23, 0x0, 0x42, 0x27, 0x61,
    0x13, 0x0, 0x74, 0x84, 0x82, 0x55, 0x14, 0x6,
    0xa9, 0xe0, 0xc1, 0x60, 0x19, 0x44, 0x4a, 0x2,
    0xaa, 0x70, 0x2, 0xa8, 0xc2, 0x40, 0x2, 0x1,
    0x78, 0x48, 0x6, 0x42, 0x0, 0xf0, 0xe6, 0x88,
    0x5, 0x56, 0xc0, 0x1b, 0xc0, 0x3, 0xa2, 0x24,
    0x43, 0xa2, 0x0, 0x1c, 0x80, 0xa8, 0x60, 0x68,
    0x1, 0x17, 0xb5, 0xdf, 0x0, 0x1e, 0xef, 0x68,
    0x78, 0x18, 0x0, 0x45, 0x0, 0x1f, 0xfc, 0x16,
    0x30, 0x90, 0x1c, 0x1b, 0xee, 0xe0, 0x4, 0x77,
    0x6f, 0xe0, 0x71, 0x0, 0x17, 0xa0, 0x8f, 0x0,
    0x4, 0x7d, 0x63, 0x0, 0x18, 0x40, 0x3f, 0xf8,
    0x47, 0xa0, 0x1f, 0xfc, 0x93, 0x0, 0xff, 0xff,
    0x80, 0x7f, 0xc0,

    /* U+79F0 "称" */
    0x0, 0xff, 0xe9, 0x1a, 0x80, 0x1b, 0xec, 0x3,
    0xfc, 0x4a, 0xf5, 0xbf, 0x94, 0x0, 0xc0, 0x20,
    0xf, 0xf2, 0xd4, 0x29, 0x0, 0x8, 0x0, 0xa0,
    0x28, 0x9f, 0x80, 0x6, 0x65, 0x0, 0x47, 0xe8,
    0x28, 0x1, 0xee, 0xff, 0x0, 0x13, 0x28, 0x40,
    0x80, 0x29, 0x0, 0xff, 0xe4, 0xa1, 0x87, 0x7f,
    0xf8, 0xc1, 0x0, 0x15, 0xfe, 0x10, 0xaf, 0xc8,
    0x7, 0x10, 0xe, 0x43, 0x9, 0x0, 0xfe, 0x22,
    0xc, 0x80, 0x3b, 0xd8, 0x24, 0x18, 0x80, 0x13,
    0x54, 0x0, 0x3d, 0x53, 0xe8, 0x40, 0x3d, 0x93,
    0x0, 0x11, 0xa9, 0x80, 0x35, 0x50, 0x50, 0x3,
    0xe1, 0x71, 0x0, 0xea, 0x0, 0x59, 0x80, 0x1b,
    0xe0, 0x3, 0x2f, 0x58, 0x7, 0x19, 0x80, 0x3,
    0x88, 0x1a, 0x1, 0xe1, 0x12, 0x88, 0x6, 0x90,
    0x8, 0x42, 0xc9, 0x2, 0xc0, 0x32, 0x8, 0x38,
    0x4, 0x4a, 0x1, 0x5a, 0x32, 0x0, 0x98, 0x7,
    0x30, 0x50, 0x5, 0x0, 0xe2, 0x0, 0xb9, 0xa0,
    0x60, 0xf, 0x50, 0x19, 0x0, 0x10, 0x28, 0x3,
    0x11, 0x85, 0x80, 0x78, 0x8c, 0x28, 0x0, 0xcc,
    0x20, 0xd, 0x40, 0x66, 0x0, 0xfa, 0x81, 0x80,
    0x15, 0x0, 0x18, 0x5c, 0x28, 0x3, 0xf3, 0x80,
    0xa0, 0x10, 0x80, 0x62, 0x11, 0x30, 0x4, 0x20,
    0x18, 0x54, 0x8, 0x3, 0xe3, 0xed, 0x7, 0x8a,
    0x0, 0x18, 0x5, 0x1c, 0xc0, 0x1f, 0xc6, 0x16,
    0xea, 0x0, 0x70, 0x8, 0x84, 0x3, 0xff, 0x80,
    0x84, 0x69, 0x44, 0x1, 0xe0,

    /* U+7A33 "稳" */
    0x0, 0xff, 0xe0, 0x53, 0x80, 0x7f, 0xf0, 0x8d,
    0xaa, 0x40, 0xc, 0xb2, 0x1, 0xfe, 0x4a, 0xdf,
    0xc9, 0x57, 0x1, 0x80, 0x6, 0x67, 0x48, 0x6,
    0x35, 0x20, 0x1, 0x34, 0x5, 0x8, 0x9, 0x9f,
    0x10, 0x6, 0x47, 0xa0, 0x7, 0x4b, 0x3a, 0xe,
    0xf7, 0x56, 0x0, 0xf0, 0xc, 0x70, 0xa2, 0x1,
    0x2c, 0x5, 0x10, 0x88, 0xe8, 0x25, 0x0, 0x3f,
    0xe1, 0x1, 0xfb, 0xbb, 0x4, 0x36, 0xec, 0x1,
    0x47, 0x70, 0x43, 0x7b, 0x6c, 0x51, 0x30, 0x80,
    0x11, 0x21, 0x0, 0x8, 0xc0, 0x1, 0x11, 0x26,
    0x67, 0xeb, 0x0, 0xec, 0x76, 0x0, 0x2b, 0xe8,
    0x19, 0xfe, 0x50, 0xe, 0x58, 0xf0, 0x4, 0xc3,
    0xf, 0xff, 0xee, 0x0, 0xfa, 0xc0, 0x14, 0x1,
    0x33, 0x7e, 0x50, 0xf, 0x19, 0x0, 0x1b, 0x8,
    0x66, 0x7f, 0x58, 0x7, 0xa0, 0x2, 0x13, 0xc9,
    0xee, 0xfd, 0xe0, 0x1c, 0x88, 0x21, 0xd, 0x56,
    0x1, 0x1f, 0xe0, 0xe, 0xa0, 0xb0, 0xa, 0xa2,
    0x1f, 0xb9, 0xc4, 0x3d, 0xfe, 0xeb, 0x10, 0x1,
    0x93, 0x0, 0x66, 0xe7, 0xdc, 0x25, 0x16, 0x0,
    0x7d, 0x0, 0x57, 0x20, 0x1d, 0x40, 0x80, 0x14,
    0x85, 0x5e, 0x28, 0xb0, 0x1, 0x90, 0x3, 0x19,
    0x88, 0xc0, 0x21, 0xbd, 0x73, 0xf0, 0xb0, 0xf,
    0xd2, 0x16, 0x1, 0x38, 0x20, 0x8, 0x22, 0x9,
    0x0, 0x3e, 0x61, 0x60, 0x30, 0xbe, 0xe8, 0x84,
    0x38, 0x80, 0x3f, 0x66, 0x0, 0x1e, 0x40, 0x23,
    0xac, 0x17, 0x50, 0x3, 0xf1, 0x0, 0xf, 0x7f,
    0xf7, 0x28, 0x6,

    /* U+7A7A "空" */
    0x0, 0xfe, 0x14, 0x70, 0xf, 0xfe, 0x3b, 0x5c,
    0x20, 0x7, 0xff, 0x19, 0x40, 0x1a, 0x1, 0xfe,
    0xbf, 0xff, 0xb4, 0x0, 0xdf, 0xff, 0x60, 0x1,
    0xc0, 0x3f, 0xf9, 0x67, 0x55, 0xff, 0xc2, 0x40,
    0xf, 0x32, 0xae, 0x65, 0x5c, 0x2a, 0xb8, 0x40,
    0x3f, 0x8b, 0x34, 0x40, 0x3, 0x7a, 0xa0, 0x1f,
    0x67, 0xd0, 0x46, 0x98, 0xb0, 0x1, 0xc0, 0xab,
    0x12, 0xbf, 0x0, 0x32, 0xf3, 0x80, 0xcb, 0x80,
    0x1b, 0x10, 0xe, 0xec, 0x40, 0x12, 0xed, 0x8,
    0x37, 0xb0, 0x6, 0x3b, 0xb1, 0x2, 0x6c, 0x8b,
    0x51, 0x1, 0xe4, 0x88, 0x7, 0xc9, 0xb2, 0x20,
    0xce, 0xc2, 0x51, 0x7, 0x44, 0xff, 0x8b, 0x5c,
    0x98, 0x37, 0x6b, 0xbf, 0xfe, 0x14, 0x43, 0x40,
    0x6, 0x1, 0xff, 0xcb, 0xaf, 0xfe, 0xb0, 0x5,
    0x7f, 0xf5, 0x80, 0x7f, 0xf0, 0xc4, 0x3, 0xff,
    0xd4, 0xab, 0xfb, 0x0, 0x18, 0xab, 0xf8, 0xa,
    0xab, 0xf3, 0x80, 0x1e, 0xab, 0xf1, 0x18, 0x7,
    0xff, 0x24,

    /* U+7ACB "立" */
    0x0, 0xff, 0xa, 0x0, 0x7f, 0xf1, 0xdf, 0xac,
    0xc0, 0x3f, 0xf8, 0xc8, 0x0, 0xb0, 0xf, 0xfe,
    0x31, 0x88, 0x20, 0x7, 0xf9, 0x1d, 0xff, 0x18,
    0x1b, 0xbf, 0xe0, 0x6, 0x44, 0x7e, 0x20, 0x4,
    0x47, 0xe2, 0x0, 0xff, 0xe4, 0x98, 0x47, 0xff,
    0xff, 0xb, 0xbf, 0xf0, 0x80, 0x66, 0xc6, 0x0,
    0xfc, 0x5d, 0x66, 0x1, 0xf5, 0x1d, 0x0, 0x7e,
    0x50, 0x47, 0x0, 0xfa, 0x80, 0xcc, 0x1, 0xf5,
    0x0, 0xa0, 0x7, 0xcc, 0x0, 0xa0, 0xf, 0x11,
    0x1, 0x80, 0x3f, 0x98, 0x1c, 0x3, 0xd4, 0x0,
    0xa0, 0xf, 0xea, 0x1, 0x50, 0xe, 0x60, 0x32,
    0x0, 0xfe, 0x32, 0xe, 0x0, 0xc8, 0x21, 0x20,
    0x1f, 0xf2, 0x82, 0x10, 0x5, 0xe0, 0x2a, 0x1,
    0xff, 0x50, 0x1, 0x40, 0x2, 0x80, 0xe0, 0x1f,
    0xfc, 0x2, 0x6a, 0x70, 0x3, 0x0, 0x2c, 0x3,
    0xff, 0x83, 0x2a, 0x1, 0x48, 0x19, 0x0, 0x78,
    0xff, 0xff, 0xe1, 0x3, 0xff, 0xf5, 0xb8, 0x7,
    0xff, 0x21, 0xd6, 0x23, 0xff, 0x91, 0x20,

    /* U+7B49 "等" */
    0x0, 0x96, 0x98, 0x3, 0xc3, 0x50, 0x20, 0x1f,
    0xd0, 0xb8, 0x1, 0xe9, 0x56, 0x10, 0xf, 0xce,
    0x40, 0xd7, 0x7a, 0x85, 0xc0, 0x17, 0x7e, 0x20,
    0x38, 0x0, 0x1a, 0x27, 0x58, 0x0, 0x51, 0x3c,
    0x22, 0xd0, 0x2c, 0x10, 0x6c, 0xc3, 0x28, 0x4e,
    0x8, 0x2e, 0x64, 0x76, 0x21, 0xc7, 0x20, 0xc4,
    0x78, 0x6a, 0xc7, 0x0, 0xa2, 0x66, 0x8, 0x18,
    0x30, 0x72, 0x40, 0x68, 0x6a, 0x0, 0x31, 0xa9,
    0x0, 0x45, 0x8e, 0x1, 0x7d, 0x8f, 0x1a, 0x0,
    0x6d, 0xa0, 0xf, 0x7f, 0xed, 0xff, 0x38, 0xf,
    0xfe, 0xef, 0xf4, 0x0, 0x62, 0x2f, 0x84, 0x0,
    0x45, 0xf7, 0x0, 0x45, 0xbb, 0xf3, 0x0, 0xee,
    0xfc, 0xc0, 0x9, 0xcc, 0xfc, 0xc0, 0x39, 0x9f,
    0xc6, 0xa6, 0x7f, 0x84, 0x0, 0x67, 0xfc, 0xfd,
    0x99, 0xff, 0xc1, 0x20, 0x4c, 0xcc, 0x84, 0x67,
    0xff, 0xc1, 0x10, 0x23, 0x3c, 0x3, 0xff, 0xff,
    0xc1, 0x30, 0x6f, 0xfa, 0x0, 0x3f, 0xf9, 0x22,
    0x3, 0xdd, 0x28, 0xdf, 0x77, 0xc6, 0xb, 0xdd,
    0x48, 0x0, 0x44, 0xc, 0x37, 0x2, 0x3e, 0x0,
    0x18, 0x8c, 0x1, 0xc3, 0x8e, 0xc, 0xe0, 0x18,
    0x88, 0x1, 0xff, 0xc0, 0x8b, 0x67, 0x4f, 0xfb,
    0x44, 0x3c, 0x3, 0xfe, 0x49, 0x6, 0x0, 0xc2,
    0xcc, 0x0, 0xe0,

    /* U+7D2B "紫" */
    0x0, 0xf4, 0xd1, 0x80, 0x53, 0x68, 0x1, 0xfc,
    0x68, 0x0, 0x75, 0x60, 0x9, 0x10, 0x40, 0x10,
    0xc0, 0x6, 0xcb, 0x20, 0xc, 0x22, 0x0, 0xe1,
    0x8e, 0x72, 0x0, 0xfe, 0xae, 0xe1, 0x0, 0x3a,
    0x39, 0xc0, 0x58, 0x3, 0xf8, 0x8c, 0xe0, 0x3,
    0xb8, 0x12, 0xa8, 0xa0, 0x1f, 0xd1, 0x98, 0x10,
    0x1, 0x47, 0x5a, 0xd7, 0x18, 0x7, 0x8, 0x3,
    0x22, 0x84, 0x1, 0x4e, 0x20, 0x1, 0x1, 0x4a,
    0x0, 0x6f, 0x8, 0x33, 0xa9, 0xb0, 0x46, 0x65,
    0xc0, 0x2, 0x22, 0x80, 0x46, 0xae, 0xc3, 0x45,
    0xe0, 0x3, 0x38, 0x42, 0x1, 0x27, 0x3b, 0xf2,
    0x85, 0x87, 0xc1, 0x3f, 0x5e, 0xb7, 0x5e, 0xe0,
    0x4c, 0x62, 0x28, 0xe6, 0x3b, 0xa0, 0x1, 0xf3,
    0xd8, 0x10, 0x7, 0xab, 0x9c, 0x4d, 0x36, 0x6b,
    0x30, 0x63, 0x24, 0x1, 0xf2, 0x0, 0x46, 0xcd,
    0x29, 0x94, 0xc9, 0x40, 0x3f, 0x66, 0xf6, 0x30,
    0x4, 0x97, 0xa3, 0x18, 0x80, 0x1f, 0x1a, 0xee,
    0x30, 0x3e, 0xda, 0x2, 0x98, 0xdb, 0x80, 0x75,
    0x74, 0x18, 0x0, 0x97, 0x3f, 0xed, 0x30, 0x4,
    0x50, 0x7, 0xf8, 0xc8, 0x40, 0x4d, 0x15, 0x4c,
    0xa, 0xc0, 0x14, 0x66, 0xe3, 0x7f, 0xc2, 0x13,
    0x93, 0x75, 0x36, 0x8c, 0x1, 0x11, 0xae, 0x32,
    0x0, 0x7a, 0x7a, 0x45, 0x2c, 0x3, 0x2e, 0xc0,
    0x1b, 0x0, 0x79, 0xc1, 0xba, 0x48, 0x0, 0xbb,
    0x44, 0x33, 0x86, 0x26, 0x20, 0x21, 0x96, 0x60,
    0xdb, 0x22, 0x64, 0x31, 0xcc, 0xbd, 0xcc, 0x0,
    0x10, 0x1, 0x32, 0xcc, 0x18, 0x9a, 0x39, 0xc0,
    0x8, 0x1, 0xb, 0xa0, 0x6, 0x4c, 0xb6, 0x30,

    /* U+7EBF "线" */
    0x0, 0xff, 0xe7, 0x56, 0xa0, 0x6, 0xce, 0x60,
    0x5b, 0x0, 0xfc, 0x2a, 0x40, 0x1c, 0x42, 0x20,
    0x84, 0xc0, 0xf, 0xac, 0xd, 0x0, 0x31, 0x87,
    0x86, 0x11, 0xe0, 0x7, 0x1a, 0x84, 0x0, 0x70,
    0x80, 0x80, 0xf8, 0xa0, 0x7, 0x78, 0x22, 0xe,
    0x0, 0x27, 0x2, 0x46, 0xa5, 0x4e, 0xc0, 0x3,
    0x18, 0x48, 0x43, 0xd5, 0xea, 0x2, 0x5c, 0xba,
    0x18, 0x90, 0x14, 0x83, 0x31, 0xd0, 0x25, 0x48,
    0x2, 0x35, 0x68, 0xac, 0xf0, 0x70, 0x3, 0x5c,
    0x3, 0x1d, 0x5b, 0x80, 0xe5, 0x4b, 0xa9, 0x88,
    0x38, 0x0, 0x80, 0x28, 0x4, 0x46, 0x80, 0x80,
    0x44, 0x8d, 0x6, 0x5d, 0xfe, 0x0, 0x40, 0x81,
    0xae, 0x0, 0x37, 0xbf, 0x6e, 0x5d, 0x40, 0x43,
    0x80, 0xdc, 0x1f, 0x29, 0x80, 0x4, 0x20, 0x1,
    0x35, 0x50, 0x2, 0x4c, 0x38, 0x0, 0x20, 0x26,
    0x0, 0x6b, 0xdf, 0xb5, 0xa3, 0x6, 0x60, 0x33,
    0xba, 0x9f, 0xfb, 0xc, 0x5, 0x9, 0x29, 0x90,
    0x1, 0x20, 0x6, 0xa8, 0x50, 0xc, 0xa0, 0x60,
    0xb6, 0xc, 0x80, 0x3, 0x0, 0x89, 0x18, 0x3,
    0x60, 0x23, 0xd0, 0x2c, 0x80, 0x5f, 0x7b, 0xfb,
    0x72, 0x20, 0x12, 0x0, 0x20, 0x1a, 0xa5, 0x80,
    0x6, 0x84, 0x1, 0x18, 0x6, 0x70, 0xa, 0x24,
    0x12, 0x50, 0x0, 0x6d, 0x39, 0xf8, 0x40, 0x99,
    0x20, 0x13, 0x80, 0x90, 0x2c, 0x7e, 0x4b, 0x18,
    0x2, 0xb6, 0xcc, 0x14, 0x1, 0x20, 0x80, 0x43,
    0xe0, 0x11, 0xb5, 0x6f, 0x10, 0x1e, 0x54, 0x3,
    0x5d, 0x81, 0x41, 0x6b, 0x7f, 0x25, 0x49, 0x92,
    0xf0, 0xc1, 0xd0, 0x10, 0x42, 0x80, 0x94, 0x80,
    0x3d, 0x68, 0x1, 0xad, 0x80, 0xac, 0x80,

    /* U+7ED3 "结" */
    0x0, 0xca, 0x20, 0x1f, 0x1a, 0xa0, 0x7, 0xf0,
    0xd7, 0x10, 0x7, 0xaa, 0x90, 0x1, 0xfd, 0x20,
    0x64, 0x1, 0xff, 0xc5, 0x17, 0x8, 0x0, 0x1a,
    0x26, 0x20, 0x14, 0x4e, 0x10, 0x4, 0x1, 0xa0,
    0x3, 0x6e, 0xf2, 0x1, 0x5d, 0xf2, 0x1, 0x30,
    0x78, 0x28, 0x98, 0x7, 0xff, 0xb, 0x81, 0xc,
    0x6b, 0xb9, 0xff, 0x98, 0xf, 0xff, 0x95, 0x8c,
    0x31, 0xf4, 0xc, 0xc0, 0x1f, 0xfc, 0x1f, 0x0,
    0x44, 0xc, 0x3c, 0x3, 0xff, 0x85, 0x82, 0x68,
    0x0, 0x63, 0x6f, 0xfc, 0xc0, 0x7f, 0xfa, 0xc1,
    0x7b, 0x8, 0x6, 0x0, 0x3f, 0xf8, 0xa8, 0xc1,
    0x42, 0xd, 0xbb, 0xff, 0x50, 0x0, 0xa8, 0x1d,
    0x0, 0x22, 0x2f, 0xf8, 0x40, 0x1e, 0x20, 0x5b,
    0xf0, 0x1b, 0xdd, 0xfe, 0x10, 0x12, 0x0, 0x29,
    0x0, 0x46, 0x23, 0xfe, 0x0, 0x9, 0x11, 0x1e,
    0x72, 0x0, 0x27, 0xbb, 0xe9, 0x0, 0xed, 0xd5,
    0xc3, 0x18, 0x6, 0xe4, 0x4e, 0x50, 0xf, 0xe1,
    0x34, 0x0, 0xff, 0xe1, 0x12, 0xc5, 0xf7, 0x32,
    0x0, 0x3f, 0xf8, 0x5d, 0x4e, 0x82, 0x0, 0x10,
    0xa, 0x7f, 0xfb, 0x0, 0x32, 0x81, 0x2b, 0xd6,
    0xe8, 0x3, 0xff, 0x85, 0x1f, 0xb5, 0xa, 0x40,
    0x1a, 0x33, 0x3a, 0x80, 0x30, 0x80, 0x7f, 0x84,
    0xcf, 0x98, 0x3, 0x0,

    /* U+7EEA "绪" */
    0x0, 0xc6, 0x1, 0xf1, 0xa0, 0x80, 0x7f, 0x87,
    0x38, 0x40, 0x3b, 0x6d, 0xc0, 0x3f, 0xd2, 0xa,
    0x20, 0x1f, 0xfc, 0xc, 0x71, 0x0, 0xb, 0x4,
    0x0, 0x5b, 0xfe, 0x10, 0x9f, 0xf4, 0xb9, 0xc0,
    0x5, 0x22, 0x86, 0x1, 0x18, 0x7, 0xc5, 0x0,
    0xe2, 0x2, 0xe1, 0x1, 0x52, 0x3f, 0xdc, 0x10,
    0x8e, 0xe3, 0x80, 0xc8, 0x2, 0xc1, 0x4c, 0x95,
    0x94, 0x46, 0x0, 0x8, 0x98, 0xc2, 0xc4, 0x15,
    0x41, 0x8d, 0xc0, 0x8a, 0x23, 0x0, 0x5, 0x20,
    0x11, 0x2, 0x2c, 0x0, 0x4c, 0x8c, 0x23, 0xbb,
    0x8, 0x45, 0x80, 0x13, 0xb9, 0x58, 0x0, 0x20,
    0x3, 0x90, 0x7, 0xff, 0x4, 0x57, 0xbd, 0x40,
    0x60, 0x7f, 0xf3, 0x80, 0xf, 0xbf, 0xf5, 0x0,
    0x9b, 0x85, 0x80, 0x63, 0xd7, 0x4, 0xd0, 0x11,
    0x0, 0x77, 0x2, 0xa8, 0x0, 0x33, 0x84, 0x0,
    0x4e, 0xed, 0xe0, 0x15, 0x90, 0x64, 0x5c, 0x7b,
    0x0, 0x7f, 0xf0, 0x9, 0x0, 0x12, 0xe8, 0x2,
    0x0, 0x1f, 0xfe, 0xc0, 0xc, 0x42, 0x0, 0x13,
    0x6a, 0x7a, 0x0, 0xf9, 0xc0, 0x3a, 0xed, 0xdc,
    0xc9, 0x28, 0x10, 0x1f, 0xfe, 0xb0, 0xe, 0x54,
    0x10, 0x0, 0x90, 0x6, 0x33, 0xe2, 0x0, 0xe2,
    0x58, 0xbe, 0xe5, 0x80, 0x43, 0x99, 0xdc, 0x1,
    0xa7, 0x69, 0xd0, 0x40, 0xc0, 0x21, 0x33, 0xe5,
    0x0, 0xdc, 0x0, 0x25, 0x8b, 0xb0, 0x6, 0xcc,
    0xe9, 0x0, 0xcd, 0x9f, 0xb4, 0xe8, 0x20, 0x19,
    0x13, 0x8c, 0x3, 0x9, 0x80, 0x7f, 0xd, 0xdf,
    0x78, 0x6,

    /* U+7EED "续" */
    0x0, 0xc4, 0x1, 0xf8, 0x4c, 0x80, 0x3f, 0xdf,
    0xc6, 0x1, 0xe7, 0xcd, 0x0, 0xfe, 0x52, 0x3,
    0x0, 0x11, 0x61, 0x0, 0x11, 0x61, 0x0, 0xd0,
    0x10, 0x0, 0x4d, 0xdd, 0x0, 0xd, 0xdd, 0xe0,
    0x13, 0x10, 0xb0, 0x1, 0xcc, 0xf1, 0x0, 0xc,
    0xf2, 0x80, 0x6, 0x2, 0x1, 0x8, 0xf3, 0x35,
    0x80, 0x33, 0x35, 0x80, 0x20, 0x44, 0xc1, 0x5a,
    0xc8, 0x9b, 0x80, 0x8, 0x9c, 0x28, 0xc1, 0x7,
    0x22, 0x5b, 0x77, 0x9c, 0x1, 0x77, 0xcc, 0x40,
    0x9, 0xc6, 0x9, 0xc4, 0x4f, 0xf0, 0x80, 0x10,
    0x91, 0x80, 0xa, 0x8f, 0x8b, 0x95, 0x7a, 0x8b,
    0x74, 0x20, 0xa5, 0xb6, 0x0, 0x1b, 0x0, 0x2a,
    0x47, 0x48, 0x0, 0xc1, 0x81, 0x8, 0x0, 0x8c,
    0x16, 0x20, 0x6b, 0x5a, 0xa2, 0x20, 0x9, 0x22,
    0x0, 0x1, 0xa0, 0x65, 0x0, 0x54, 0x72, 0x54,
    0x0, 0x4, 0xd, 0xcc, 0x1, 0xa2, 0x0, 0xbe,
    0x69, 0xa3, 0x9d, 0xf, 0x0, 0xf8, 0x4c, 0x0,
    0xc8, 0x20, 0x5, 0xda, 0xa0, 0x8, 0x30, 0x7,
    0x9, 0x1, 0xac, 0x5a, 0xff, 0xd5, 0x1e, 0xc0,
    0xbf, 0xfb, 0x3, 0x3f, 0x29, 0xd0, 0x3, 0xff,
    0x88, 0x20, 0x11, 0xb3, 0xf7, 0x71, 0x80, 0x2f,
    0xbb, 0x61, 0x3d, 0x6f, 0xe4, 0xe0, 0x8c, 0x14,
    0x60, 0xb, 0xb1, 0x88, 0x81, 0xe1, 0x48, 0x2,
    0xf0, 0x28, 0xe4, 0x9, 0x70, 0x5d, 0x92, 0x1,
    0x12, 0x3d, 0x6f, 0xfb, 0xb5, 0xc0, 0xb1, 0xa3,
    0x54, 0x1b, 0x59, 0x3a, 0xe1, 0x48, 0x0, 0x20,
    0x95, 0xa6, 0x0, 0x2a, 0xb2, 0x5, 0x0, 0xfa,
    0x65, 0xd6, 0xa0, 0x1e, 0x4d, 0xb3,

    /* U+7F6E "置" */
    0x0, 0x44, 0x7f, 0xf1, 0x8c, 0x2, 0x77, 0xff,
    0xe3, 0x20, 0x7, 0x57, 0xf9, 0xc1, 0x7f, 0xd8,
    0x0, 0xff, 0x88, 0x3, 0xef, 0x77, 0x20, 0x3b,
    0xd4, 0x0, 0x77, 0x8c, 0x3, 0xe5, 0x88, 0x18,
    0x14, 0x41, 0x80, 0x11, 0x10, 0x80, 0x77, 0xff,
    0xe0, 0x4, 0x7f, 0xfc, 0xe0, 0x6, 0x99, 0xfc,
    0x0, 0xc9, 0x9f, 0xc2, 0x1a, 0xcd, 0xf8, 0x0,
    0x8c, 0xdf, 0x88, 0x2f, 0xff, 0xf0, 0x2, 0x3f,
    0xff, 0x18, 0x4, 0xb5, 0x5e, 0x0, 0x5d, 0x57,
    0x80, 0x3d, 0x8a, 0xbe, 0x0, 0x1a, 0xaf, 0x84,
    0x3, 0xe2, 0xee, 0xff, 0x48, 0x7, 0xf8, 0xbb,
    0xbf, 0xd2, 0x1, 0xfe, 0x2b, 0xbf, 0xf4, 0x0,
    0x7f, 0x8c, 0x8b, 0xfd, 0xc0, 0x1f, 0xe1, 0x99,
    0xff, 0x30, 0x7, 0xf8, 0xb7, 0x7f, 0xd2, 0x1,
    0xfe, 0x2d, 0xdf, 0xf4, 0x80, 0x7f, 0x8a, 0xef,
    0xfd, 0x0, 0x1c, 0x95, 0x44, 0x3, 0xee, 0xff,
    0x58, 0x2, 0xa9, 0x26, 0xaa, 0x20, 0x15, 0x5f,
    0xf1, 0x80, 0x11, 0x5c,

    /* U+8089 "肉" */
    0x0, 0xfe, 0x22, 0x0, 0x7f, 0xf1, 0x4b, 0x74,
    0x60, 0x1f, 0xfd, 0x1, 0x44, 0xfc, 0x0, 0x44,
    0xfc, 0x2f, 0x77, 0xf4, 0x80, 0x22, 0xef, 0xe4,
    0x0, 0xff, 0xe5, 0xf7, 0xfe, 0x70, 0x7, 0x7f,
    0xed, 0x0, 0xff, 0xb, 0x0, 0x2c, 0x40, 0x23,
    0x0, 0xfe, 0x2c, 0x10, 0x2, 0xf3, 0x80, 0x7f,
    0xd1, 0xa4, 0x19, 0x83, 0x8, 0xd4, 0x0, 0xf9,
    0x39, 0xc0, 0xf2, 0xed, 0xb0, 0x5, 0x68, 0x1,
    0xe4, 0x1, 0x9c, 0x7, 0x71, 0xbe, 0xa2, 0x40,
    0x1f, 0x6f, 0x30, 0x28, 0x0, 0x80, 0xae, 0xc0,
    0x1f, 0x8c, 0x2, 0xa0, 0x5, 0x8, 0x7, 0xff,
    0xa, 0x8c, 0x0, 0xbe, 0xa0, 0x1f, 0xf2, 0xea,
    0x84, 0xd9, 0xd, 0x59, 0x0, 0x7c, 0xbb, 0x44,
    0x34, 0xc9, 0xac, 0x9, 0xa6, 0x1, 0xe6, 0x20,
    0x6f, 0x50, 0xa, 0x68, 0x5c, 0xc0, 0x3c, 0x75,
    0xb2, 0x20, 0x1c, 0xbf, 0x0, 0x1f, 0x94, 0x80,
    0x3c, 0x48, 0xa9, 0x60, 0x1f, 0xfc, 0x35, 0xbb,
    0x94, 0x0, 0xe0, 0x1f, 0xfc, 0x3, 0x0, 0xc5,
    0x24, 0xdb, 0xa1, 0x0, 0xfc, 0x9f, 0xfb, 0x58,
    0x0,

    /* U+80AA "肪" */
    0x0, 0xff, 0xe1, 0x23, 0x10, 0x7, 0xc8, 0x9e,
    0x30, 0xc, 0x37, 0x34, 0x1, 0xe2, 0xbb, 0xf6,
    0x80, 0x61, 0x30, 0x50, 0xf, 0xfe, 0x19, 0x16,
    0x50, 0x24, 0x22, 0xc0, 0x1b, 0x75, 0x60, 0x4,
    0xdd, 0xcc, 0x0, 0xbd, 0xdb, 0x0, 0x31, 0x11,
    0xc0, 0x3f, 0xf9, 0x89, 0x94, 0x0, 0xac, 0xcf,
    0x68, 0x6, 0x77, 0x50, 0x4, 0x6e, 0x0, 0x73,
    0x3f, 0x80, 0x34, 0x41, 0x80, 0x3e, 0x30, 0xf,
    0xf8, 0xcc, 0x40, 0x18, 0x40, 0xc, 0xde, 0x40,
    0xe, 0xcc, 0x70, 0x6, 0x70, 0x4, 0x4c, 0xf6,
    0x80, 0x7f, 0xf0, 0x4, 0x3, 0xf0, 0x80, 0x7f,
    0xf0, 0xc, 0x7, 0xff, 0x8, 0x78, 0x7, 0x7f,
    0xb0, 0x3, 0x70, 0x18, 0x7, 0xf0, 0x80, 0x7f,
    0x10, 0x30, 0x6, 0x10, 0x10, 0x3, 0x80, 0x33,
    0x14, 0x1, 0x9c, 0xc, 0x3, 0xc6, 0x0, 0x10,
    0x23, 0x33, 0x0, 0x42, 0x41, 0xa0, 0x1e, 0x10,
    0x1, 0x0, 0x80, 0x79, 0xc0, 0x8, 0x1, 0x8,
    0x7, 0x68, 0x28, 0x7, 0xac, 0x10, 0x40, 0x22,
    0x0, 0x38, 0x1, 0x3, 0x91, 0x16, 0x0, 0x52,
    0xf, 0x16, 0x63, 0xf0, 0x0, 0x41, 0x4, 0x16,
    0xec, 0xe0, 0xb, 0x4, 0x40, 0xcc, 0xa0, 0x80,
    0x48, 0x1c, 0x8a, 0x30, 0x1, 0x42, 0x84, 0x80,
    0x8, 0x2, 0x3a, 0x0, 0x1e, 0xf8, 0x67, 0xfb,
    0x5a, 0xf4, 0x80, 0x1b, 0xff, 0x62, 0x0, 0x0,

    /* U+80F8 "胸" */
    0x0, 0xff, 0x21, 0x0, 0x7f, 0x89, 0x13, 0x80,
    0x2a, 0xd3, 0x0, 0xfe, 0x8b, 0xbe, 0x10, 0x61,
    0x23, 0x0, 0xff, 0x84, 0x80, 0x34, 0x1, 0x7f,
    0xfe, 0x50, 0xa, 0xf4, 0xc0, 0x10, 0x20, 0x1f,
    0xfc, 0x65, 0x70, 0xac, 0xcf, 0x8c, 0x3, 0xfa,
    0x81, 0xd8, 0x8c, 0x64, 0x4c, 0xce, 0x1, 0xc6,
    0x40, 0x5, 0x3a, 0xc8, 0xa, 0x56, 0x0, 0xfd,
    0x3a, 0x61, 0x50, 0x2a, 0xc4, 0xc2, 0xc, 0x1,
    0xff, 0xc0, 0xfd, 0x80, 0xf1, 0x9f, 0x90, 0x70,
    0x10, 0xa, 0xbc, 0xc0, 0x31, 0x31, 0x3, 0x0,
    0x7f, 0xf1, 0x74, 0xc, 0x40, 0x3e, 0x10, 0xf,
    0xe8, 0x3, 0x30, 0x7, 0xf5, 0x79, 0x80, 0x65,
    0x34, 0x8, 0x0, 0xff, 0xe1, 0x8d, 0x85, 0x32,
    0x28, 0x0, 0x40, 0x27, 0x9, 0xc2, 0x0, 0xc7,
    0x3, 0x6a, 0x40, 0x1e, 0x20, 0x53, 0x10, 0x8,
    0x71, 0xc0, 0xa9, 0xc0, 0x33, 0x80, 0x81, 0x0,
    0x70, 0xff, 0x76, 0x40, 0xe, 0x30, 0x11, 0x0,
    0x78, 0x47, 0x80, 0x23, 0x0, 0x20, 0x29, 0x19,
    0x0, 0x2f, 0xff, 0xf2, 0x88, 0x15, 0x6, 0xe6,
    0x4, 0x4, 0x3, 0x8f, 0xfe, 0xa0, 0x31, 0xb0,
    0x75, 0x1, 0x80, 0xf, 0x18, 0x4, 0x29, 0xc0,
    0xda, 0x37, 0xfc, 0xe0, 0x1f, 0x7f, 0xdd, 0x64,
    0x0,

    /* U+80FD "能" */
    0x0, 0xe5, 0x0, 0xf0, 0x99, 0x0, 0x7f, 0xd1,
    0x5e, 0x40, 0x19, 0x33, 0x0, 0x1c, 0x20, 0x18,
    0xdc, 0x18, 0x8c, 0x3, 0xf9, 0x77, 0x40, 0x1b,
    0x80, 0xe6, 0x31, 0xc0, 0x3c, 0xdb, 0x44, 0x66,
    0x0, 0x59, 0xe, 0x86, 0x84, 0x18, 0x4, 0x3f,
    0x24, 0x9, 0x86, 0x12, 0x81, 0x66, 0x61, 0x20,
    0xd1, 0x0, 0xc2, 0xdb, 0x42, 0x0, 0x60, 0x5,
    0x6e, 0x59, 0x0, 0xd0, 0x5, 0x3d, 0x24, 0x4d,
    0xb0, 0x30, 0x0, 0x91, 0xa3, 0x30, 0x10, 0x80,
    0x58, 0x2, 0x70, 0x70, 0xcf, 0xf7, 0x6e, 0x5c,
    0xca, 0xb8, 0xc0, 0x50, 0x8a, 0xd0, 0x70, 0x2d,
    0xdf, 0xd2, 0x2c, 0x0, 0xbd, 0xd9, 0x80, 0xc0,
    0x48, 0xbf, 0x80, 0xa0, 0x84, 0x71, 0x34, 0x0,
    0x43, 0xff, 0xac, 0x3, 0x27, 0x77, 0x6c, 0x80,
    0x7f, 0xf0, 0x53, 0x30, 0x1, 0x8d, 0xc0, 0x30,
    0xff, 0xeb, 0x0, 0xfc, 0x55, 0x90, 0x40, 0x18,
    0xcf, 0x10, 0x7, 0x8a, 0xb5, 0x40, 0x58, 0x2,
    0x1c, 0xcd, 0xc0, 0x1e, 0xd5, 0x3, 0x9e, 0x40,
    0x8, 0x73, 0x37, 0x0, 0x7c, 0xd9, 0x87, 0x94,
    0x0, 0xc6, 0x78, 0x80, 0x3d, 0xf2, 0x60, 0x6d,
    0x60, 0x10, 0xff, 0xeb, 0x0, 0xff, 0x8, 0x8,
    0x7, 0xe7, 0x0, 0xf2, 0x8, 0xd4, 0x4, 0x1,
    0xe2, 0x25, 0x80, 0x4c, 0x0, 0xbe, 0xe9, 0x81,
    0x40, 0x3d, 0xda, 0xe0, 0x60, 0x4e, 0x20, 0x18,
    0x52, 0x0, 0x3c, 0x80, 0x1, 0x80, 0x4, 0x77,
    0xfe, 0xeb, 0x10, 0x3d, 0xf0, 0x4, 0x7f, 0xb9,
    0x40, 0x3f, 0xe0,

    /* U+8102 "脂" */
    0x0, 0x1b, 0x37, 0x28, 0x26, 0xe0, 0x7, 0x85,
    0x80, 0x34, 0xcf, 0xac, 0x4, 0x88, 0x1, 0xb,
    0x5f, 0x4a, 0x80, 0x7f, 0xf0, 0x96, 0x77, 0xa5,
    0x0, 0x4c, 0x3, 0xa7, 0xf8, 0x3, 0x86, 0x98,
    0x80, 0x9f, 0x18, 0xc0, 0x3f, 0xf8, 0x42, 0xb3,
    0xba, 0x83, 0x7a, 0x30, 0xf, 0xf0, 0x80, 0xf5,
    0x31, 0x0, 0x70, 0x80, 0x6f, 0x67, 0x0, 0xe1,
    0x31, 0x1e, 0x50, 0x1, 0x80, 0x66, 0x99, 0x0,
    0x4a, 0x0, 0xce, 0xee, 0xa0, 0x11, 0x0, 0x61,
    0x18, 0x2, 0x19, 0x21, 0x1f, 0x8e, 0x80, 0x3a,
    0x3b, 0xc0, 0x33, 0x6f, 0x77, 0xd8, 0x80, 0x1f,
    0xf0, 0xff, 0xff, 0x8c, 0x3, 0xbd, 0x10, 0x1,
    0xff, 0xc8, 0x6b, 0xa0, 0xf, 0x66, 0xef, 0x0,
    0x7f, 0xf1, 0x48, 0xbc, 0x1, 0xe1, 0xa, 0xfe,
    0x0, 0xf6, 0x6e, 0xf0, 0x7, 0x9c, 0x18, 0x3,
    0xf1, 0x17, 0x80, 0x3c, 0x40, 0x20, 0x1f, 0xb3,
    0x77, 0x80, 0x38, 0x44, 0x4, 0x1, 0xf8, 0x8b,
    0xc0, 0x1c, 0x80, 0x66, 0x59, 0x3, 0x0, 0xc8,
    0x9e, 0x0, 0xe9, 0xb, 0xb5, 0x38, 0x8, 0x6,
    0xab, 0xbe, 0x0, 0xf9, 0xb8, 0x0, 0x32, 0x1,
    0x8c, 0xfc, 0x1, 0xd9, 0x81, 0x6f, 0xf7, 0x28,
    0xe, 0x67, 0xed, 0xd1, 0x80,

    /* U+819C "膜" */
    0x0, 0xff, 0xe0, 0x33, 0x8, 0x0, 0xac, 0x1,
    0xe3, 0x55, 0xe4, 0x0, 0xa6, 0x4e, 0x0, 0x99,
    0x8, 0x7, 0x45, 0x57, 0x41, 0xb3, 0x0, 0x18,
    0xcc, 0x10, 0x66, 0x84, 0x3, 0x11, 0x40, 0xa,
    0x99, 0x0, 0x1a, 0x64, 0x41, 0x13, 0x23, 0x0,
    0xd3, 0xbc, 0x0, 0xd7, 0x70, 0x1, 0x1d, 0xc2,
    0xc, 0xee, 0x30, 0xf, 0xe4, 0x88, 0x2a, 0x44,
    0x4c, 0x91, 0x10, 0x80, 0x7f, 0xa6, 0x80, 0x66,
    0xa8, 0x43, 0x74, 0x1, 0xef, 0xa8, 0x0, 0x9d,
    0x57, 0xfc, 0x20, 0x1c, 0x8a, 0x80, 0x1d, 0xbf,
    0xfe, 0x10, 0xf, 0x91, 0x94, 0x3, 0xa9, 0xdf,
    0xc2, 0x1, 0xf7, 0xcc, 0x80, 0x39, 0xe2, 0x3c,
    0x1, 0xff, 0xc4, 0xdf, 0xff, 0x8, 0x7, 0xc2,
    0x27, 0x0, 0xe9, 0xbb, 0xf0, 0x80, 0x7d, 0x5d,
    0x60, 0x1c, 0x89, 0xf0, 0x7, 0x9c, 0x3, 0xee,
    0xff, 0xa8, 0xf, 0xff, 0x8, 0x4, 0x21, 0x37,
    0x20, 0x1, 0x22, 0xc6, 0x0, 0x22, 0xe0, 0x8,
    0xc1, 0xd1, 0x40, 0x1b, 0xbd, 0x20, 0x7b, 0xbc,
    0x80, 0x1, 0x1, 0x0, 0xca, 0x45, 0x80, 0x22,
    0x2e, 0x70, 0x30, 0x30, 0xe, 0x9d, 0xda, 0x80,
    0x26, 0xdd, 0xc6, 0x16, 0xa, 0x2, 0xa0, 0x18,
    0xee, 0x2, 0x8d, 0x35, 0x40, 0x33, 0x6, 0x77,
    0x24, 0x1, 0x1b, 0x88, 0x36, 0xba, 0x85, 0x5d,
    0x46, 0xa, 0x2a, 0x80, 0x2, 0xa7, 0x21, 0x8f,
    0x40, 0x1b, 0xa2, 0x15, 0x0, 0x5e, 0x85, 0x7f,
    0xb5, 0x9e, 0xf9, 0xc4, 0x3, 0x2e, 0xe3, 0x98,

    /* U+8272 "色" */
    0x0, 0xf2, 0x63, 0x0, 0x7f, 0xf1, 0xe8, 0xe0,
    0x3, 0xff, 0x8d, 0x22, 0x0, 0xdd, 0xfc, 0x1,
    0xfc, 0xcc, 0x0, 0x9, 0x17, 0xe0, 0xf, 0xc9,
    0x20, 0x75, 0x5e, 0x70, 0x2, 0x0, 0x7c, 0x96,
    0x3, 0xaa, 0xbc, 0xec, 0x7, 0x60, 0x1e, 0x5b,
    0x0, 0x60, 0x80, 0x62, 0xc1, 0x2d, 0x0, 0xf2,
    0xd0, 0x5, 0xbf, 0xfd, 0xa2, 0x5, 0xdf, 0xf3,
    0x0, 0x14, 0xc0, 0x3f, 0xf9, 0x3a, 0xa0, 0xb,
    0xbd, 0x40, 0x9, 0xbb, 0xc0, 0x1e, 0x1d, 0x1,
    0x44, 0xce, 0x0, 0x44, 0xe1, 0x0, 0xff, 0xf4,
    0xf, 0xfe, 0xd0, 0x6, 0xff, 0xe1, 0x0, 0xff,
    0xe9, 0xe, 0xef, 0xff, 0x9, 0xc0, 0x3e, 0x22,
    0xff, 0xe1, 0x75, 0x88, 0x7, 0xff, 0x18, 0x41,
    0xc, 0x3, 0x8, 0x7, 0xff, 0x4, 0xc0, 0x6,
    0x0, 0x10, 0x4, 0xa1, 0x9f, 0xf9, 0x20, 0x0,
    0x20, 0x7, 0x0, 0x35, 0xe6, 0x7f, 0xad, 0x40,
    0xc0, 0x21, 0xb3, 0x0, 0xff, 0xe0, 0x8a, 0x70,
    0x0,

    /* U+82F9 "苹" */
    0x0, 0xf2, 0x29, 0x80, 0x72, 0xa8, 0x40, 0x3f,
    0xe8, 0xaa, 0x0, 0x61, 0xaa, 0x28, 0x7, 0xb,
    0x37, 0x8, 0x2b, 0x37, 0x0, 0x35, 0x9b, 0x2a,
    0xa6, 0x78, 0x80, 0xe6, 0x74, 0x0, 0x1a, 0x67,
    0x9d, 0x13, 0x84, 0x5, 0x13, 0x80, 0x6, 0x89,
    0xc7, 0x77, 0xc4, 0xf, 0x77, 0xa8, 0x1, 0x17,
    0x7a, 0x0, 0x3d, 0xf7, 0x60, 0xc, 0x37, 0x65,
    0x0, 0xf1, 0x7f, 0xec, 0xbd, 0xff, 0xeb, 0xb7,
    0x7f, 0xd4, 0x1, 0xff, 0xcc, 0x2b, 0xb3, 0x5d,
    0xf0, 0x1, 0xae, 0xf3, 0xd5, 0xc0, 0x4, 0x9a,
    0xdc, 0x89, 0x80, 0x1c, 0x89, 0x3b, 0xad, 0xc8,
    0x3, 0x78, 0x2c, 0x80, 0x7e, 0x2d, 0x3, 0x20,
    0xe, 0x68, 0x6, 0x70, 0xf, 0x16, 0x9, 0x60,
    0x80, 0x79, 0xd8, 0x24, 0x40, 0x3a, 0x4, 0x5e,
    0x20, 0x1f, 0xa5, 0xb0, 0x40, 0x3a, 0x9b, 0x8,
    0x3, 0x1f, 0x77, 0x3e, 0x77, 0x0, 0x13, 0xdc,
    0x7c, 0xee, 0xd4, 0xe2, 0x3f, 0xc0, 0x1, 0x1f,
    0xe6, 0x5b, 0xbf, 0xe0, 0x3, 0x5d, 0xfe, 0xf1,
    0x44, 0xfe, 0x0, 0x72, 0x27, 0xe3, 0x0, 0xff,
    0xff, 0x80, 0x7f, 0xf0, 0x40,

    /* U+8425 "营" */
    0x0, 0xe1, 0x88, 0x8, 0x6, 0x68, 0x40, 0xf,
    0xf8, 0xdd, 0xc4, 0x1, 0xa9, 0xf0, 0x3, 0xd7,
    0x99, 0xbc, 0x1, 0xd9, 0x98, 0xc1, 0xb3, 0x39,
    0x14, 0xcf, 0x10, 0x0, 0x8c, 0xf0, 0x0, 0x4c,
    0xf8, 0x73, 0x3a, 0xc0, 0x15, 0x99, 0x88, 0x1b,
    0x33, 0x90, 0x8c, 0xf2, 0xcc, 0x90, 0xcf, 0x4c,
    0xa8, 0xcf, 0x84, 0xff, 0xf7, 0x4c, 0xbb, 0xff,
    0x5c, 0xe7, 0xfe, 0x90, 0xc, 0x67, 0xff, 0xc3,
    0x10, 0xf, 0x76, 0x67, 0xff, 0x9, 0x40, 0x3c,
    0xdf, 0xff, 0xfc, 0x1a, 0x0, 0xc7, 0x76, 0x70,
    0x1, 0xa2, 0x7e, 0x10, 0x18, 0xbb, 0x0, 0x11,
    0x2, 0x0, 0xdb, 0xbf, 0xc8, 0x0, 0x34, 0x20,
    0xf, 0xae, 0xab, 0xf2, 0x0, 0x7f, 0xf0, 0x15,
    0x7f, 0x84, 0x3, 0xf8, 0xbf, 0xff, 0xf8, 0x36,
    0x1, 0xe1, 0x1f, 0xfe, 0x28, 0x7, 0x67, 0x77,
    0xff, 0x11, 0x0, 0x3c, 0x26, 0x7f, 0xfc, 0x0,
    0xf, 0xe6, 0xcc, 0xff, 0xb8, 0x3, 0xf8, 0x47,
    0xff, 0x82, 0x1, 0xfc, 0xdd, 0xdf, 0xf6, 0x0,
    0x7f, 0x12, 0x27, 0xfc, 0x60, 0x1f, 0xcb, 0x77,
    0xff, 0x70, 0x7, 0x0,

    /* U+84DD "蓝" */
    0x0, 0xf3, 0x30, 0x80, 0x31, 0xb2, 0x80, 0x7f,
    0xf0, 0x26, 0x4e, 0x1, 0x92, 0x6c, 0x3, 0xd9,
    0xff, 0xc0, 0xa, 0xff, 0xd0, 0x3, 0xff, 0xca,
    0x1, 0xff, 0xca, 0xde, 0xee, 0x0, 0x4f, 0x76,
    0x70, 0x1e, 0xee, 0x51, 0x1f, 0x4c, 0x9c, 0x46,
    0xb, 0x9b, 0x11, 0xe0, 0x0, 0xcc, 0x80, 0x3,
    0x38, 0x1, 0x6e, 0x7a, 0x80, 0x7c, 0x6c, 0xc1,
    0xf, 0x3, 0x0, 0x11, 0x82, 0xcc, 0xf8, 0xc0,
    0x3f, 0xeb, 0x0, 0x1b, 0x37, 0xc0, 0x1f, 0xe1,
    0x60, 0x59, 0x49, 0x9e, 0x70, 0xf, 0xf5, 0x80,
    0xd1, 0xa5, 0x2b, 0x34, 0x40, 0x1f, 0xcc, 0xa1,
    0x20, 0x1, 0x3c, 0x80, 0xf, 0xfe, 0x2, 0x91,
    0xb8, 0x2f, 0xa8, 0x3a, 0x80, 0x45, 0xdc, 0x10,
    0xab, 0xd3, 0xdd, 0x0, 0x43, 0x54, 0x65, 0x0,
    0xe2, 0x33, 0xb, 0x81, 0x98, 0x8c, 0xf9, 0xa8,
    0x40, 0x35, 0xe6, 0x7f, 0xf1, 0x24, 0x3, 0xe3,
    0x30, 0x80, 0x99, 0x80, 0x4, 0x66, 0x0, 0xfe,
    0x4c, 0xc3, 0x3, 0xe6, 0xc, 0x23, 0x30, 0x20,
    0x1f, 0xfc, 0xe1, 0x21, 0x7, 0x22, 0x8, 0x19,
    0x10, 0x0, 0x45, 0x0, 0x4, 0x83, 0x74, 0x80,
    0x7b, 0xa6, 0x5, 0xdd, 0x18, 0x46, 0xe8, 0x41,
    0xb5, 0xc0, 0x3f, 0xf9, 0x40,

    /* U+8549 "蕉" */
    0x0, 0xf8, 0x40, 0x3e, 0x10, 0xf, 0xfe, 0x5,
    0x75, 0x0, 0x77, 0xf2, 0x80, 0x71, 0x4c, 0xf3,
    0x83, 0xcc, 0xf0, 0x3, 0xa6, 0x74, 0xb, 0x37,
    0x10, 0x13, 0x37, 0x0, 0x11, 0x9b, 0x8a, 0x67,
    0x8c, 0xe, 0x67, 0x80, 0xd, 0x33, 0xac, 0x59,
    0xa5, 0xe5, 0x79, 0x65, 0xb9, 0x46, 0x65, 0x33,
    0x65, 0x0, 0xd0, 0xeb, 0xa, 0x4, 0x40, 0xa9,
    0x91, 0x80, 0x7e, 0x64, 0x3, 0xff, 0xb8, 0x0,
    0xff, 0xfe, 0xb0, 0x8, 0xa4, 0x9, 0x57, 0x88,
    0x5, 0x57, 0xda, 0x0, 0x1f, 0x0, 0x25, 0x57,
    0x20, 0x15, 0x57, 0x98, 0xb, 0x8, 0x0, 0xdf,
    0xfc, 0xc0, 0x7f, 0xfe, 0x0, 0x31, 0x1, 0x1,
    0x33, 0x71, 0x0, 0xb3, 0x78, 0x0, 0x85, 0x6c,
    0x9, 0x33, 0xc8, 0x5, 0x33, 0xe0, 0xb, 0x10,
    0x0, 0xdf, 0xfc, 0xc0, 0x7f, 0xfe, 0x0, 0x84,
    0x2, 0x26, 0x6e, 0x30, 0x16, 0x6f, 0x0, 0x7c,
    0x93, 0x3c, 0xa0, 0x53, 0x3e, 0x0, 0xf9, 0xbf,
    0xf9, 0x80, 0xff, 0xfe, 0x30, 0x8, 0xd1, 0x3f,
    0xf8, 0xa2, 0x0, 0x13, 0xdb, 0xb4, 0x6d, 0x5d,
    0xa0, 0xe2, 0xed, 0xc3, 0xd6, 0x40, 0x8, 0x4b,
    0x0, 0x74, 0xb8, 0x2, 0x5e, 0x40, 0x18, 0xb6,
    0x1, 0x13, 0x5, 0x80, 0x10, 0x30, 0x1, 0xc0,
    0xa2, 0x10, 0x3, 0x0, 0x8, 0x2, 0x60, 0x7,
    0x82, 0x0, 0x10, 0x41, 0x80, 0x5c, 0x1c, 0x40,
    0xc6, 0x0, 0x24, 0x43, 0x0, 0x51, 0x5, 0x0,
    0x49, 0xc0, 0x2, 0x79, 0x40, 0x22, 0xb8, 0x0,
    0x99, 0xc8, 0x0, 0x38, 0xe2,

    /* U+86CB "蛋" */
    0x2, 0x2f, 0xfe, 0x38, 0x81, 0x6e, 0xff, 0xf1,
    0xfc, 0x0, 0x23, 0xfc, 0x0, 0x11, 0xf0, 0x6,
    0x2e, 0xe7, 0xb4, 0x77, 0x5a, 0x0, 0xee, 0xf0,
    0x83, 0x0, 0x65, 0x78, 0x0, 0xf4, 0x47, 0x9a,
    0x20, 0x1, 0xb0, 0x8, 0x3, 0xce, 0xfe, 0x17,
    0x0, 0xe6, 0x3, 0x80, 0xe, 0xef, 0xfe, 0x90,
    0xe, 0x71, 0x0, 0x3e, 0xb2, 0x80, 0x42, 0x3f,
    0x80, 0x7, 0x1, 0x58, 0x25, 0x32, 0x0, 0x77,
    0x7f, 0x42, 0x60, 0x32, 0x9f, 0x53, 0x21, 0x10,
    0x47, 0xfb, 0x1c, 0x9a, 0x40, 0x25, 0x9a, 0x44,
    0x67, 0x77, 0xe4, 0x3d, 0xd5, 0xdf, 0xa9, 0x99,
    0xd7, 0x7e, 0x50, 0xc, 0x48, 0x9f, 0x0, 0xd,
    0x13, 0xc4, 0x1, 0xe1, 0xff, 0xda, 0x0, 0xbf,
    0xfc, 0x40, 0x1f, 0xfd, 0x21, 0xff, 0xda, 0x0,
    0xbf, 0xfc, 0x40, 0x1e, 0x23, 0x3f, 0x80, 0x4,
    0x67, 0x84, 0x84, 0x3, 0x26, 0x67, 0xb4, 0x1,
    0xd9, 0x95, 0xb, 0x30, 0x3, 0xf8, 0x44, 0x40,
    0x5, 0x34, 0x40, 0x82, 0x50, 0x0, 0xbf, 0xfd,
    0xdc, 0xc0, 0x4, 0xe5, 0xda, 0x0, 0xb, 0x0,
    0x1f, 0x9, 0x10, 0xcc, 0x88, 0x55, 0x33, 0x60,
    0x73, 0x2e, 0xff, 0xdd, 0xba, 0xcc, 0x5d, 0xaa,
    0x93, 0x3d, 0x46,

    /* U+884C "行" */
    0x0, 0xf1, 0x0, 0x7f, 0xf2, 0x23, 0x50, 0x3,
    0xff, 0x8c, 0xce, 0x1e, 0x7, 0xff, 0xff, 0x0,
    0x66, 0x90, 0x2b, 0x0, 0xff, 0xe2, 0x3c, 0x81,
    0x60, 0x0, 0xaa, 0xbf, 0xe0, 0x4, 0xc0, 0x16,
    0x8, 0x0, 0x55, 0x7f, 0xe0, 0x46, 0x2, 0xc1,
    0x0, 0xff, 0xe2, 0x21, 0xa6, 0x9, 0xf2, 0x80,
    0x7f, 0xf0, 0xfa, 0xc4, 0x38, 0x60, 0x3, 0xff,
    0x86, 0x40, 0xb, 0x20, 0xe3, 0xff, 0xff, 0xe0,
    0x70, 0x5, 0x8, 0x12, 0x60, 0x1f, 0xfc, 0x47,
    0x70, 0xb, 0x1, 0x55, 0x7a, 0x0, 0xd, 0x54,
    0xb0, 0x68, 0x0, 0xe1, 0x55, 0xf8, 0x1, 0x8a,
    0xb3, 0x48, 0x7, 0xff, 0x28, 0x9c, 0x3, 0xff,
    0x8c, 0xc5, 0x9e, 0x1, 0xff, 0xc7, 0xd1, 0x0,
    0xff, 0xff, 0x80, 0x4c, 0x1, 0xff, 0xc5, 0x9a,
    0xac, 0x0, 0x60, 0xf, 0xfe, 0x13, 0xaa, 0xc2,
    0x2, 0x60, 0x1f, 0xfc, 0x26, 0x22, 0x19, 0x9b,
    0x0, 0x30,

    /* U+88C5 "装" */
    0x0, 0xf0, 0x90, 0x80, 0x70, 0x90, 0x80, 0x7c,
    0x82, 0x0, 0x8d, 0x80, 0xe, 0x8d, 0xb0, 0xf,
    0x2d, 0xe8, 0x80, 0x7f, 0xf1, 0x90, 0x8f, 0x40,
    0x33, 0x55, 0x64, 0x7, 0xaa, 0xce, 0x3, 0x84,
    0x74, 0x1, 0x7a, 0xae, 0x20, 0x25, 0x5d, 0x60,
    0x1, 0xf4, 0xb3, 0x0, 0x55, 0x72, 0x2, 0x55,
    0x6f, 0x0, 0x8b, 0x7d, 0x40, 0x6, 0xab, 0x88,
    0x5, 0x57, 0x18, 0xb, 0xf4, 0x88, 0x6, 0x55,
    0xc4, 0x2, 0xab, 0x80, 0x7a, 0x4, 0x52, 0xc0,
    0x1, 0xaa, 0xc8, 0x9, 0x55, 0x84, 0x48, 0x33,
    0xcc, 0x1, 0xb, 0x37, 0xfc, 0x21, 0x5c, 0xc0,
    0x1, 0x0, 0x8, 0x3d, 0xcc, 0xfe, 0x0, 0x8,
    0x6, 0x8f, 0x91, 0x41, 0x80, 0xf, 0xe3, 0xff,
    0xfe, 0x20, 0x5f, 0xff, 0xd6, 0x1, 0xff, 0xca,
    0x3e, 0xef, 0x58, 0x80, 0x6d, 0xee, 0xd1, 0x7d,
    0x60, 0x23, 0x82, 0x2c, 0x4b, 0x8, 0x38, 0x44,
    0xb9, 0x12, 0x20, 0x18, 0x5f, 0xd8, 0x13, 0x4f,
    0x80, 0xee, 0xe2, 0x1b, 0x0, 0x8e, 0x7a, 0x4,
    0x1, 0x80, 0x3, 0xa0, 0x44, 0x3, 0xf3, 0x0,
    0x1b, 0x18, 0x6, 0x14, 0x3, 0x9a, 0x40, 0x21,
    0x20, 0x9, 0xc0, 0xa7, 0x9c, 0x2, 0x39, 0xec,
    0x7b, 0x10, 0x6d, 0xc7, 0x31, 0xcd, 0x60, 0x3,
    0x4, 0x63, 0x8, 0x8d, 0x3a, 0x4, 0xe, 0x24,
    0xc, 0x2, 0x43, 0x0, 0xb, 0x5f, 0x10, 0x1,
    0xfa, 0x90, 0x24, 0x3, 0x91, 0xf, 0x9d, 0x28,
    0x1, 0xe5, 0xbf, 0x30,

    /* U+89C8 "览" */
    0x0, 0xf0, 0xa1, 0x80, 0x42, 0xa0, 0x1f, 0xc6,
    0xec, 0x0, 0x6b, 0xd0, 0x9, 0xab, 0xc8, 0x3,
    0xe5, 0x88, 0x0, 0x7e, 0xa0, 0x2, 0x33, 0x72,
    0x0, 0x7f, 0xc8, 0x40, 0x9, 0x9f, 0x40, 0x7,
    0xfd, 0x0, 0x2, 0x2f, 0x98, 0x3, 0xfc, 0xa6,
    0x15, 0x81, 0x1b, 0xba, 0x80, 0x3f, 0x86, 0xc0,
    0xd6, 0xca, 0xac, 0x40, 0x3f, 0xf8, 0xe, 0x21,
    0xe1, 0x4e, 0x9, 0xcc, 0x1, 0x19, 0x28, 0x7,
    0x35, 0x41, 0x80, 0x23, 0x8, 0x28, 0x2, 0x5d,
    0xb0, 0x3, 0xff, 0x2, 0xb8, 0x6, 0x3d, 0x6e,
    0x0, 0xec, 0xff, 0xff, 0xe1, 0x39, 0x0, 0x7f,
    0xf4, 0x52, 0xef, 0xfc, 0xa0, 0x1f, 0xe1, 0x44,
    0x96, 0xec, 0xa8, 0x91, 0x80, 0x7f, 0xf0, 0x94,
    0x0, 0x20, 0x1f, 0xfc, 0x6c, 0x0, 0x61, 0x0,
    0x7f, 0xf1, 0x5, 0x80, 0x6, 0x20, 0x1d, 0x78,
    0xc0, 0x12, 0x23, 0x40, 0x74, 0x40, 0x3d, 0xaf,
    0x2c, 0x78, 0x1, 0x45, 0xbb, 0x79, 0x82, 0x80,
    0x72, 0x43, 0x98, 0x18, 0x0, 0x56, 0xbe, 0x44,
    0x1e, 0xc0, 0x12, 0x86, 0x73, 0x88, 0x72, 0x77,
    0x29, 0x40, 0x7, 0x70, 0x22, 0x5, 0xbc, 0xca,
    0x0, 0x8, 0xc2, 0x0, 0x16, 0xcc, 0x20, 0x3,
    0x4c, 0x3, 0xc5, 0x6, 0x4d, 0x3b, 0xd2, 0x60,
    0x18, 0xf3, 0xff, 0xda, 0xe0,

    /* U+89E3 "解" */
    0x0, 0xc5, 0x8, 0x1, 0xff, 0xc8, 0xb7, 0xf0,
    0xe, 0x37, 0x7f, 0xe0, 0xc, 0x2c, 0xd, 0x99,
    0x30, 0x2c, 0x47, 0xf0, 0x6, 0xb0, 0x1, 0x19,
    0xdc, 0xa, 0xe8, 0x2, 0xee, 0x50, 0x10, 0x8,
    0xd4, 0x2b, 0x2c, 0x1, 0x80, 0x70, 0x60, 0x91,
    0xe, 0x3, 0x0, 0xb8, 0x19, 0x4f, 0x81, 0x50,
    0x2, 0x50, 0xc0, 0x1, 0x0, 0x80, 0x24, 0x83,
    0xd, 0x54, 0x1e, 0x60, 0x6, 0x20, 0x70, 0x1c,
    0x7, 0x0, 0x28, 0x2, 0xb2, 0x80, 0x15, 0x84,
    0x92, 0x11, 0x3f, 0xca, 0x6, 0x0, 0xe0, 0x1,
    0xa8, 0xa, 0x88, 0x35, 0x82, 0x3e, 0x0, 0x89,
    0x64, 0x0, 0x48, 0x11, 0x40, 0x54, 0x80, 0xd0,
    0x96, 0x9, 0xb9, 0xd4, 0x20, 0x1f, 0xfc, 0x17,
    0xcd, 0x42, 0xdd, 0x0, 0x7e, 0xad, 0x3, 0xd5,
    0x0, 0xac, 0x88, 0xe0, 0x3, 0x31, 0x0, 0x70,
    0x90, 0x0, 0x80, 0x22, 0x30, 0x9a, 0x0, 0x66,
    0x40, 0x1d, 0x7e, 0x7, 0xea, 0x0, 0xb0, 0x0,
    0x88, 0x0, 0x22, 0x20, 0xe, 0x70, 0xf, 0x33,
    0x3, 0x3b, 0x0, 0x1d, 0xcc, 0x0, 0x9c, 0x33,
    0xc0, 0xfd, 0x40, 0x12, 0xe6, 0x1, 0xff, 0xc0,
    0x44, 0x0, 0xa0, 0x83, 0x52, 0x66, 0x3c, 0x1,
    0x99, 0x18, 0x0, 0x82, 0xac, 0xa, 0xd0, 0x0,
    0x67, 0x88, 0x0, 0x67, 0x38, 0x8, 0x80, 0x40,
    0x3e, 0xbb, 0xd2, 0x0, 0xbb, 0x94, 0x10, 0xc,
    0x3, 0x84, 0x0, 0x89, 0xc0, 0x4, 0x48, 0x43,
    0x81, 0x40, 0x8, 0x5e, 0x80, 0x60, 0x1f, 0xfc,
    0x5, 0xd, 0x0, 0x5c, 0x80, 0x14, 0x40, 0x3f,
    0xf8, 0x18, 0x88, 0x0, 0x9f, 0xfd, 0x40, 0x1f,
    0xfc, 0x12, 0xb0, 0xf, 0xfe, 0x9, 0x7f, 0x80,
    0x30,

    /* U+89E6 "触" */
    0x0, 0x8d, 0xd0, 0x3, 0xf9, 0x98, 0x1, 0xfd,
    0x10, 0xd0, 0xf, 0xe9, 0x90, 0x7, 0xe2, 0x40,
    0x4c, 0xc9, 0x0, 0x3f, 0xf8, 0x72, 0x0, 0x23,
    0x38, 0x40, 0x3f, 0xf8, 0x4a, 0x81, 0x9b, 0x40,
    0x7, 0x7, 0xaa, 0x80, 0x15, 0x54, 0x0, 0xa,
    0xc2, 0x4c, 0xa0, 0x20, 0x82, 0xd5, 0x60, 0x2,
    0xae, 0x0, 0x48, 0x85, 0xee, 0x88, 0x2b, 0x40,
    0x27, 0x70, 0x1, 0xdc, 0x1, 0xb8, 0x0, 0x45,
    0x0, 0x8, 0x82, 0x0, 0x98, 0x11, 0x44, 0x80,
    0x65, 0x40, 0xbd, 0x5, 0xe4, 0x0, 0xff, 0xe1,
    0x90, 0x39, 0x80, 0x4, 0x3, 0xff, 0x8c, 0xe0,
    0x1f, 0xfc, 0xab, 0xe0, 0x5f, 0x40, 0xf, 0xfe,
    0x29, 0x10, 0x4, 0x80, 0x3a, 0xac, 0x45, 0x74,
    0x1, 0xf7, 0x60, 0x26, 0xa0, 0x6, 0x44, 0x0,
    0x11, 0x0, 0x1f, 0xfc, 0x38, 0xaa, 0x48, 0x2,
    0xaa, 0x90, 0x8, 0xc3, 0x38, 0x17, 0xd0, 0x0,
    0x8a, 0xa7, 0x0, 0x2a, 0x12, 0x0, 0x42, 0x2,
    0x20, 0x0, 0x80, 0x7f, 0xb2, 0xc, 0x2, 0x60,
    0xff, 0x2, 0xf2, 0x0, 0x7f, 0x58, 0x50, 0x4,
    0x40, 0x20, 0x1f, 0xc2, 0x40, 0x5, 0x10, 0x70,
    0x2, 0x81, 0x80, 0x73, 0x82, 0xf7, 0xf6, 0x0,
    0x2a, 0x0, 0x50, 0x3c, 0x2c, 0x6, 0x1b, 0x8c,
    0x1c, 0x40, 0x31, 0x1a, 0xa8, 0x34, 0x8, 0x14,
    0x0, 0xe8, 0x20, 0xc7, 0x59, 0xbf, 0xed, 0xca,
    0xa0, 0x38, 0x46, 0x90, 0x5, 0x1f, 0xe9, 0x5,
    0x32, 0x0, 0xf5, 0xf8, 0x0,

    /* U+8BA1 "计" */
    0x0, 0xd, 0x98, 0x7, 0xe5, 0xee, 0x8, 0x7,
    0xd8, 0x9a, 0x40, 0x1f, 0x84, 0x40, 0x1f, 0xb8,
    0x7, 0x4, 0x3, 0xff, 0x8a, 0x74, 0x3, 0xa0,
    0x1f, 0xfc, 0x65, 0x70, 0x34, 0x0, 0xff, 0xe3,
    0x42, 0xe2, 0x0, 0x7f, 0xf1, 0xe8, 0xc0, 0x3f,
    0xf8, 0x71, 0xdd, 0x98, 0x5, 0xdf, 0xbc, 0x0,
    0xce, 0xf9, 0x88, 0x47, 0x81, 0x62, 0x39, 0x40,
    0x11, 0x1e, 0xf7, 0x70, 0x7, 0xff, 0x18, 0xd6,
    0x20, 0x1, 0x93, 0xff, 0xa8, 0x1, 0xdf, 0xfb,
    0x40, 0x3f, 0xff, 0xc8, 0x1, 0xff, 0xc8, 0x7b,
    0x50, 0xf, 0xfe, 0x2f, 0xdc, 0x7, 0x0, 0x7f,
    0xf1, 0x5d, 0x0, 0xe4, 0x3, 0xff, 0x8e, 0xd8,
    0x40, 0x1f, 0xfc, 0x26, 0x0, 0xd, 0xc8, 0x7,
    0xff, 0x11, 0x88, 0xfd, 0x0, 0x3f, 0xf8, 0xd9,
    0x81, 0x0, 0xff, 0xe2, 0x0,

    /* U+8BA4 "认" */
    0x0, 0x88, 0x3, 0xf9, 0x10, 0x20, 0x1f, 0xa7,
    0x4c, 0x3, 0xe1, 0xbb, 0x20, 0x7, 0xc2, 0xe1,
    0xa2, 0x1, 0xff, 0xc5, 0x1d, 0x1, 0xc0, 0xf,
    0xfe, 0x31, 0xc8, 0x15, 0x80, 0x7f, 0xf1, 0x99,
    0x80, 0x20, 0x1c, 0x60, 0x3, 0x0, 0xff, 0x4c,
    0xa8, 0x3, 0x84, 0x0, 0x20, 0x1f, 0xf3, 0x0,
    0x79, 0xc0, 0x1c, 0x1, 0xe8, 0xff, 0xc8, 0x1,
    0xe2, 0x0, 0x28, 0x7, 0x84, 0x3, 0xfe, 0xe0,
    0x1, 0x0, 0x7b, 0x61, 0xc0, 0x3f, 0x8c, 0x0,
    0x24, 0x1, 0xc8, 0xf2, 0x1, 0xfc, 0xa0, 0x12,
    0x80, 0x7f, 0xf1, 0x10, 0x40, 0x82, 0xc0, 0x3f,
    0xf8, 0x9a, 0x0, 0xe0, 0x32, 0x0, 0xff, 0x94,
    0x2, 0x70, 0x53, 0x20, 0xb0, 0xf, 0xf4, 0xd0,
    0x84, 0x8, 0x48, 0x50, 0x31, 0x0, 0x7e, 0x86,
    0x4, 0x17, 0x4, 0x30, 0x71, 0x9, 0x0, 0xfc,
    0x60, 0xcb, 0xa0, 0x8, 0x0, 0xa4, 0x11, 0x80,
    0x31, 0x0, 0x4d, 0x30, 0x60, 0xe6, 0x1, 0x39,
    0x4, 0xa0, 0x4, 0x80, 0x7, 0x98, 0x70, 0x38,
    0x0, 0xee, 0x0, 0x59, 0x80, 0x1d, 0x22, 0xe,
    0xe0, 0x1d, 0x0, 0xf1, 0xc8, 0x2, 0x0, 0x2b,
    0x70, 0x61, 0x16, 0x8, 0x7, 0xcc, 0xe1, 0x20,
    0x1e, 0x1d, 0xd1, 0x0, 0x7f, 0x46, 0x10,

    /* U+8BB0 "记" */
    0x0, 0x2d, 0x80, 0x7f, 0xf1, 0xd2, 0x92, 0x40,
    0x25, 0xff, 0xff, 0x84, 0x0, 0x88, 0x6, 0x60,
    0x7, 0xff, 0x8, 0xc0, 0x2a, 0x20, 0x93, 0x7,
    0x88, 0xfc, 0xc0, 0x1e, 0x1e, 0x0, 0x50, 0x13,
    0xbf, 0xea, 0x0, 0xf8, 0xe1, 0xe4, 0x3, 0xff,
    0x8e, 0xf0, 0x1, 0xff, 0xc4, 0x7b, 0xbc, 0x20,
    0x1f, 0xfc, 0x4d, 0x44, 0xc6, 0x1, 0x33, 0x7e,
    0xb0, 0xd, 0x8a, 0x80, 0x1c, 0x33, 0x3f, 0x9c,
    0x3, 0x35, 0x40, 0x7, 0xff, 0x14, 0xc0, 0x3f,
    0xf8, 0x19, 0xff, 0xf8, 0x40, 0x3f, 0xfe, 0x95,
    0x26, 0x1, 0xe3, 0x90, 0xf, 0xf9, 0x19, 0x0,
    0x3a, 0xb1, 0x80, 0x3f, 0xe1, 0x1, 0x0, 0xe7,
    0x2, 0x30, 0x3, 0x80, 0x7f, 0x18, 0x1, 0x80,
    0x24, 0xc2, 0x0, 0x42, 0xaf, 0xa4, 0x0, 0xc0,
    0x2, 0x0, 0x3d, 0x88, 0x18, 0x1d, 0x57, 0x98,
    0x0, 0x60, 0x7, 0x6a, 0x80, 0xb, 0xcc, 0x3,
    0xf1, 0x48, 0x0,

    /* U+8BC1 "证" */
    0x0, 0x3c, 0x0, 0x7f, 0xf1, 0xda, 0x1d, 0x40,
    0x13, 0xff, 0xff, 0xc1, 0x20, 0x63, 0xa, 0x20,
    0x30, 0xf, 0xfe, 0x27, 0x0, 0x3c, 0x3a, 0x23,
    0x98, 0x0, 0xb1, 0x18, 0xc0, 0x5, 0x40, 0x80,
    0x8e, 0xfd, 0x40, 0xf, 0x77, 0xc2, 0x1, 0x2d,
    0xc8, 0x7, 0xff, 0x10, 0x4c, 0xe6, 0x0, 0x92,
    0x1c, 0x3, 0xfe, 0x9c, 0xcc, 0x1, 0x63, 0xd0,
    0x7, 0xff, 0x56, 0x71, 0xc0, 0x3f, 0xf8, 0x35,
    0xff, 0x50, 0x9, 0xf0, 0x7, 0xff, 0x14, 0x40,
    0x3f, 0xf8, 0xaa, 0xef, 0x70, 0x7, 0xff, 0x17,
    0xe2, 0x25, 0x0, 0xff, 0xe8, 0xb0, 0x7, 0xff,
    0x22, 0x24, 0x40, 0x3f, 0xf8, 0xc2, 0xe0, 0xa0,
    0x1f, 0xfc, 0x4e, 0x0, 0x9d, 0x0, 0x3f, 0xf8,
    0x88, 0x0, 0x76, 0xf7, 0x2, 0xff, 0x60, 0x2,
    0xbf, 0xf3, 0x80, 0x3c, 0x22, 0x0, 0x1f, 0xfc,
    0x3f, 0x0, 0x1e, 0xb8, 0x5c, 0xcf, 0xff, 0xa,
    0xc0,

    /* U+8BC6 "识" */
    0x0, 0xff, 0xe5, 0x8e, 0x40, 0x7, 0xff, 0x1e,
    0x4d, 0xd4, 0x2, 0x5f, 0xff, 0xf8, 0x2, 0x83,
    0xa, 0x30, 0x1, 0x80, 0x7f, 0xf0, 0xf4, 0x43,
    0x44, 0x3, 0x5d, 0xfa, 0x0, 0x3c, 0x34, 0x4,
    0x1, 0x85, 0x13, 0xc6, 0x1, 0xf2, 0x56, 0x8,
    0x7, 0xff, 0x1d, 0x40, 0x3f, 0xf8, 0xb1, 0xbb,
    0x60, 0x7, 0xff, 0x14, 0x48, 0xb0, 0x7, 0xff,
    0x17, 0x5d, 0x40, 0x3f, 0xf8, 0xe9, 0x1e, 0x1,
    0xf0, 0xff, 0xfa, 0xc0, 0x3f, 0xfa, 0xcf, 0x77,
    0xff, 0x0, 0x7f, 0x85, 0x10, 0x68, 0x99, 0xc5,
    0x10, 0x1, 0xf8, 0xd0, 0x1, 0x10, 0xd0, 0x2,
    0xe5, 0x10, 0x7, 0xe4, 0xce, 0x2, 0x70, 0x60,
    0x3, 0x80, 0x38, 0x3, 0xe1, 0xb0, 0x70, 0xf0,
    0x5, 0x0, 0xa, 0x40, 0xe0, 0x3, 0x18, 0x4,
    0x79, 0x44, 0x14, 0x20, 0x13, 0x20, 0x3a, 0x0,
    0x54, 0x0, 0x5c, 0x65, 0x5, 0x50, 0x7, 0x50,
    0x2, 0x80, 0x28, 0x7, 0xa6, 0x80, 0x2a, 0x0,
    0xf0, 0xc8, 0xc, 0x80, 0x13, 0x20, 0xc, 0x7,
    0xc0, 0x3f, 0x31, 0x87, 0x80, 0x46, 0x0, 0x5b,
    0xd2, 0x0, 0xfe, 0xec, 0x60,

    /* U+8BD5 "试" */
    0x0, 0xff, 0xe1, 0x2b, 0xa8, 0x8, 0x7, 0xe,
    0x38, 0x7, 0xfb, 0xe3, 0x8b, 0xdc, 0x3, 0x59,
    0xc2, 0x80, 0x7f, 0xf0, 0x18, 0x61, 0xc0, 0x2b,
    0x20, 0xa2, 0x0, 0xfc, 0x60, 0x4, 0xb0, 0x82,
    0x0, 0xf, 0x80, 0x3c, 0x40, 0x3f, 0x9c, 0x12,
    0xe4, 0x80, 0x22, 0xa0, 0x40, 0xff, 0xf9, 0x80,
    0xff, 0xd7, 0x34, 0x1, 0x96, 0xe4, 0x3, 0xff,
    0x86, 0x20, 0x1c, 0x80, 0x35, 0x5f, 0x28, 0xd,
    0x56, 0x80, 0x5c, 0xca, 0xc0, 0xa, 0xbf, 0x60,
    0x1, 0x57, 0x18, 0x11, 0x9c, 0xa0, 0x1f, 0xc6,
    0x2, 0x1, 0xe2, 0x32, 0x0, 0xc8, 0xab, 0xe1,
    0x0, 0xfc, 0xb9, 0x0, 0x1a, 0x6a, 0xbc, 0xe0,
    0x1f, 0xfc, 0x36, 0x21, 0x0, 0x11, 0x4, 0x0,
    0x40, 0x1f, 0xfc, 0xb, 0xd9, 0x3, 0xdd, 0x10,
    0x0, 0x40, 0x3f, 0xf9, 0x2, 0xc, 0x1, 0xff,
    0x8, 0x7, 0xe3, 0x2, 0x0, 0xff, 0xe, 0x10,
    0x7, 0xce, 0x1c, 0x0, 0xa7, 0x0, 0xe1, 0xd2,
    0xb0, 0xf, 0xb4, 0x10, 0x0, 0xb0, 0x1, 0xe3,
    0x1b, 0x0, 0x85, 0xee, 0xc, 0x8, 0x44, 0x6,
    0x1, 0x18, 0x5, 0x54, 0xb9, 0x2, 0x84, 0x24,
    0x0, 0x4a, 0x2, 0x80, 0x54, 0x0, 0xb6, 0x74,
    0x10, 0x0, 0xa6, 0x3, 0x3, 0xd0, 0x60, 0x5,
    0x21, 0x48, 0x46, 0xd3, 0x9d, 0xcb, 0x60, 0xb0,
    0xc, 0xa0, 0x12, 0xe2, 0x80, 0x32, 0x58, 0xc4,
    0x3, 0x15, 0x90, 0xc8, 0x0,

    /* U+8BEF "误" */
    0x0, 0x1c, 0x80, 0x61, 0x22, 0xff, 0x84, 0x2,
    0x2c, 0x69, 0x0, 0xb7, 0x7f, 0xf8, 0x12, 0x1,
    0x12, 0x83, 0x40, 0x7, 0xff, 0x1e, 0x90, 0x1d,
    0x40, 0x27, 0xff, 0xf8, 0x3, 0xf5, 0x12, 0x28,
    0x7, 0xff, 0x1c, 0x72, 0xc0, 0x33, 0xf7, 0x7c,
    0x1, 0xe1, 0x1c, 0x1, 0xe1, 0x1f, 0x80, 0x3a,
    0x7b, 0xb0, 0x5, 0xbb, 0xff, 0xc0, 0x90, 0xf,
    0xf0, 0x91, 0x7f, 0xc2, 0x0, 0xaa, 0x38, 0x6,
    0x8f, 0xff, 0xfe, 0x9, 0x81, 0xae, 0x80, 0x7f,
    0xf3, 0xe7, 0x77, 0x80, 0x11, 0xbb, 0xc6, 0x1,
    0xf8, 0x48, 0xb8, 0x0, 0x45, 0xe0, 0xf, 0xc3,
    0xbb, 0xe0, 0x5, 0xee, 0xf6, 0x0, 0x7e, 0x22,
    0xf0, 0x0, 0x48, 0xbc, 0x1, 0xf3, 0xd6, 0x66,
    0x30, 0xa, 0x73, 0x36, 0x80, 0x70, 0xd4, 0x99,
    0xe7, 0x30, 0xa, 0xc8, 0xcf, 0x0, 0x79, 0x40,
    0x33, 0x58, 0x15, 0x81, 0x79, 0x80, 0x7b, 0xc0,
    0x2a, 0x76, 0xd9, 0x2, 0xf4, 0xa0, 0x1c, 0xb5,
    0x0, 0xc4, 0x5, 0xa7, 0xd2, 0x40, 0xb8, 0x40,
    0xb8, 0x40, 0x95, 0xc0, 0x14, 0x4e, 0x93, 0x80,
    0x13, 0x28, 0x40, 0x23, 0xd9, 0x20, 0x90, 0xc,
    0xc0, 0x1, 0xae, 0xb3, 0x0, 0xf9, 0xb7, 0x4c,
    0x0,

    /* U+8BF4 "说" */
    0x0, 0xfe, 0x34, 0x0, 0xf2, 0x80, 0x70, 0xdd,
    0x80, 0x33, 0x65, 0x8, 0x6, 0x5a, 0xe2, 0x0,
    0x99, 0x10, 0xe0, 0x13, 0x88, 0xa8, 0x3, 0x58,
    0x11, 0x0, 0x27, 0x30, 0x84, 0x0, 0xc, 0x2,
    0x30, 0x2, 0x44, 0x38, 0x3, 0xb4, 0x42, 0x84,
    0x0, 0xc6, 0x26, 0x6, 0xc0, 0xe4, 0x1, 0xc3,
    0x40, 0xc2, 0x79, 0x81, 0x39, 0xcd, 0x0, 0x26,
    0x60, 0x40, 0x32, 0x6c, 0x3, 0x19, 0x88, 0x86,
    0x61, 0x0, 0x19, 0xe0, 0xe, 0x20, 0xe, 0x99,
    0xf9, 0xc0, 0x34, 0xff, 0xdc, 0x1, 0xcc, 0xdf,
    0x58, 0x7, 0xff, 0x3b, 0x61, 0x40, 0x3f, 0xf8,
    0xe8, 0xf8, 0x1, 0xf1, 0x9f, 0xcc, 0x1, 0xff,
    0xc2, 0xcc, 0xfa, 0x80, 0x3f, 0xfa, 0xab, 0xfe,
    0x20, 0x8f, 0xa0, 0x7, 0xfc, 0x40, 0x1f, 0x19,
    0x0, 0x8, 0x8, 0x3, 0xff, 0x84, 0x98, 0x80,
    0x40, 0x7, 0x0, 0xf1, 0x74, 0x80, 0x61, 0xb0,
    0xf0, 0xa0, 0x12, 0x0, 0xf8, 0x50, 0x0, 0x20,
    0x12, 0x41, 0xb8, 0x30, 0x7, 0xf0, 0x80, 0x2c,
    0x0, 0xd6, 0xba, 0x3, 0x0, 0x1, 0x0, 0x32,
    0x50, 0x6, 0xf1, 0x99, 0xac, 0x45, 0xa0, 0x13,
    0x80, 0x26, 0xdc, 0x14, 0x0, 0x7c, 0xc0, 0x40,
    0x58, 0x60, 0x11, 0xb0, 0x6, 0x3b, 0x0, 0xf5,
    0xbe, 0x90, 0x7, 0x4f, 0xfe, 0xc2,

    /* U+8BF7 "请" */
    0x0, 0xff, 0xe0, 0x99, 0x80, 0x3f, 0x8e, 0x40,
    0x3f, 0xb3, 0x8, 0x1, 0xf1, 0x63, 0x38, 0x2,
    0x6a, 0xb8, 0x1, 0x15, 0x5c, 0x80, 0x4c, 0x10,
    0x40, 0xea, 0xbc, 0x0, 0x35, 0x5e, 0x20, 0x4,
    0x88, 0x70, 0x77, 0xff, 0x0, 0x2f, 0xff, 0x98,
    0x2, 0xa0, 0x11, 0x15, 0x57, 0x0, 0x3e, 0xab,
    0x40, 0x6, 0x4a, 0xd1, 0x65, 0x5e, 0x0, 0x22,
    0xae, 0x40, 0xe, 0x50, 0x2, 0x7f, 0xf0, 0x2,
    0xff, 0xf6, 0x2, 0x66, 0x54, 0xd, 0x77, 0xe0,
    0x4, 0x5d, 0xf8, 0x8c, 0xe4, 0xe, 0x44, 0xf0,
    0x0, 0xd1, 0x3c, 0xae, 0x80, 0x14, 0x7f, 0xff,
    0xf0, 0xce, 0x38, 0x3, 0xae, 0xff, 0xf8, 0x8,
    0x1, 0xf8, 0x51, 0x3f, 0xf8, 0x2, 0x1, 0xff,
    0x67, 0xff, 0xc2, 0x1, 0xff, 0xc1, 0x8a, 0xaf,
    0x84, 0x3, 0xff, 0x82, 0x8a, 0xbf, 0x0, 0x7f,
    0x94, 0x2, 0xcf, 0xff, 0x84, 0x3, 0xf5, 0x58,
    0x5, 0xf7, 0x7f, 0x8, 0x7, 0xc2, 0xa2, 0x60,
    0x3, 0x44, 0xf8, 0x3, 0xd8, 0x1, 0x51, 0x80,
    0x33, 0xff, 0xe1, 0x0, 0xf8, 0xb5, 0x40, 0x3e,
    0x2b, 0xb6, 0x8, 0x30, 0x5, 0x2f, 0xa4, 0x1,
    0xf8, 0xd1, 0x6, 0x2c, 0x60, 0x1a, 0x0, 0x21,
    0xee, 0x18, 0x4, 0x3f, 0xf7, 0x48, 0x0,

    /* U+8C03 "调" */
    0x0, 0x49, 0x80, 0x42, 0x3f, 0xfc, 0x10, 0x5,
    0xb6, 0x88, 0x3, 0xbb, 0xff, 0x82, 0xc1, 0x20,
    0x34, 0x1, 0xff, 0xc5, 0x29, 0x4, 0x70, 0xb,
    0xbf, 0xd9, 0x15, 0xff, 0x10, 0x6, 0x64, 0xf,
    0x0, 0xf2, 0xc7, 0x80, 0x7f, 0x55, 0xc0, 0x6,
    0xcd, 0x80, 0x5d, 0xd1, 0x80, 0x42, 0x30, 0x20,
    0x7, 0x11, 0x4, 0x0, 0x44, 0x0, 0xd9, 0xdd,
    0x18, 0x7, 0x77, 0xc8, 0x2f, 0xf8, 0xc0, 0x3f,
    0xf9, 0x93, 0x40, 0x1f, 0x3f, 0xfa, 0x41, 0x7f,
    0xd4, 0x1, 0x22, 0x88, 0x7, 0x8c, 0x3, 0xff,
    0x8a, 0x20, 0x4, 0xff, 0xfa, 0x80, 0x3f, 0xf8,
    0x2, 0xfb, 0xbd, 0x60, 0x1f, 0xe3, 0x0, 0xbc,
    0x8b, 0x98, 0x3, 0xf9, 0xc4, 0x3, 0xa7, 0xf8,
    0x3, 0xfd, 0x10, 0x50, 0x20, 0xf, 0xfe, 0x22,
    0xe, 0x3, 0x0, 0x42, 0x44, 0x0, 0xfc, 0x20,
    0x38, 0xc0, 0x40, 0x14, 0x6e, 0x0, 0x7c, 0x60,
    0x38, 0x6, 0x18, 0x1a, 0xab, 0x21, 0x32, 0x10,
    0x18, 0x1e, 0x60, 0xac, 0x0, 0xa0, 0xb5, 0x58,
    0x92, 0xc0, 0xe, 0x0, 0x32, 0x0, 0x98, 0x3,
    0xc2, 0x20, 0x0, 0xc1, 0x0, 0x74, 0xec, 0x0,
    0x7d, 0xdf, 0xee, 0x70,

    /* U+8D26 "账" */
    0x0, 0xff, 0xe5, 0x91, 0x9f, 0xc0, 0x6, 0xfe,
    0x0, 0xe2, 0x0, 0xb3, 0x3f, 0x8, 0x7, 0xe3,
    0xd8, 0x0, 0xff, 0xe3, 0x26, 0x3, 0x8, 0x5,
    0xff, 0x88, 0x3, 0xf3, 0x58, 0x16, 0x8, 0x6,
    0x8a, 0x0, 0xfe, 0xa9, 0x3, 0xc2, 0x0, 0xe4,
    0x51, 0x0, 0xfa, 0xd4, 0x17, 0x4, 0x3, 0xff,
    0x89, 0x1, 0x34, 0x1, 0xff, 0xc6, 0x3e, 0x60,
    0xf, 0xfe, 0x19, 0xf0, 0x9, 0x91, 0x9f, 0x10,
    0x7, 0xf2, 0xe3, 0x80, 0x33, 0x3e, 0x80, 0xf,
    0xe7, 0x0, 0xff, 0x8c, 0x3, 0xf8, 0xbe, 0x40,
    0x7d, 0x41, 0xbf, 0xe9, 0x0, 0xc2, 0x1, 0xfe,
    0xc0, 0x70, 0xf, 0xc6, 0x2, 0x1, 0xf9, 0x0,
    0x48, 0x3, 0xe1, 0x10, 0x7, 0xf1, 0x10, 0x2c,
    0x3, 0x66, 0xa0, 0xa, 0x67, 0x8, 0x7, 0xa8,
    0x18, 0x40, 0x22, 0x27, 0x0, 0x2d, 0x44, 0x3,
    0xe6, 0x0, 0x50, 0x6, 0x55, 0x2, 0x85, 0xa0,
    0x7, 0x9d, 0xa0, 0x11, 0x80, 0x9, 0x40, 0xf4,
    0x81, 0x68, 0x1, 0xf, 0x47, 0x39, 0x4, 0xaa,
    0xac, 0xe, 0x2, 0xcc, 0x38, 0x28, 0x0, 0x21,
    0xc1, 0xc0, 0xe, 0x20, 0x2d, 0x0, 0xb5, 0x28,
    0x3, 0x37, 0x38, 0x1d, 0xd, 0x3b, 0x60, 0x80,
    0x43, 0x60, 0x8, 0x6e, 0x91, 0x0, 0x97, 0xc4,

    /* U+8D28 "质" */
    0x0, 0xff, 0x9, 0x1a, 0xb3, 0xc5, 0x5e, 0xb0,
    0x4, 0xb9, 0x8d, 0xee, 0x7f, 0xbb, 0x72, 0xa6,
    0x1d, 0x50, 0xb0, 0x2, 0x23, 0x31, 0x8, 0x80,
    0x38, 0x48, 0xd1, 0x9e, 0x78, 0x3, 0xd5, 0x4b,
    0xcd, 0xef, 0x20, 0x8c, 0xb9, 0x86, 0x40, 0xe,
    0x15, 0x52, 0x19, 0x8, 0x18, 0x98, 0x7, 0xff,
    0x1, 0x3b, 0xbc, 0x21, 0x3d, 0xde, 0x80, 0xe,
    0x11, 0xf8, 0x2, 0x11, 0xf8, 0x3, 0x97, 0x77,
    0xc2, 0x11, 0xbb, 0xe8, 0x0, 0xf1, 0x17, 0x80,
    0x2, 0x45, 0xe1, 0x0, 0xf2, 0x6e, 0xf0, 0x84,
    0x6e, 0xf0, 0x7, 0xf1, 0x17, 0x0, 0x4, 0x8b,
    0x80, 0x37, 0x81, 0x80, 0x6c, 0xca, 0xa9, 0x79,
    0x88, 0x0, 0xf0, 0x80, 0x78, 0xce, 0xaa, 0x1,
    0x9c, 0x1, 0xe3, 0x6, 0x0, 0xfe, 0x70, 0xf,
    0xe6, 0x1, 0x0, 0xf1, 0x80, 0x8, 0x3, 0xf8,
    0xc3, 0x40, 0x3d, 0x60, 0x22, 0x0, 0xfc, 0x80,
    0x3, 0x6, 0x68, 0xd, 0xc0, 0x75, 0x81, 0x9d,
    0xc0, 0x17, 0x0, 0x10, 0xa, 0x64, 0xf8, 0x2,
    0x5, 0x3c, 0xb3, 0x0, 0x2, 0x50, 0x60, 0x2,
    0x4f, 0x40, 0xe, 0x73, 0x88, 0xa3, 0xa4, 0x82,
    0x0, 0x14, 0xbf, 0x6c, 0x20, 0xfc, 0x43, 0x1d,
    0x2, 0xd, 0xaf, 0xc2, 0xa6, 0xe0, 0x3, 0x9e,
    0x80, 0xe, 0x7e, 0x92, 0x5, 0x4f, 0xb0, 0x2b,
    0xec, 0x61, 0x0, 0xfc, 0xdb, 0x84,

    /* U+8D85 "超" */
    0x0, 0xe1, 0x10, 0x7, 0xff, 0x1e, 0x3a, 0xc0,
    0x22, 0x33, 0xfe, 0x10, 0xf, 0xfb, 0xb3, 0x3f,
    0x98, 0x0, 0x68, 0x82, 0x1, 0x44, 0x13, 0x80,
    0x7f, 0x8, 0x3, 0xae, 0xca, 0x9, 0x77, 0xbf,
    0x40, 0x7f, 0xe3, 0x3, 0x0, 0x31, 0x10, 0x40,
    0x4, 0x4e, 0x0, 0x28, 0x28, 0x4, 0x40, 0x20,
    0xb, 0xdd, 0x30, 0x2e, 0xe9, 0xc0, 0x64, 0x38,
    0x0, 0x42, 0xe, 0x1, 0xff, 0xc0, 0xd1, 0x37,
    0xee, 0x68, 0x0, 0x81, 0x6a, 0xa5, 0x4, 0xaa,
    0x4e, 0x18, 0xf1, 0x8, 0x80, 0xc, 0x21, 0xaa,
    0xb1, 0x0, 0xaa, 0x9f, 0x8f, 0x8, 0x37, 0x37,
    0xa4, 0x1, 0xaa, 0xb8, 0x40, 0xd5, 0xcb, 0x4c,
    0x44, 0x64, 0x60, 0x20, 0x5, 0xaa, 0xca, 0x15,
    0x49, 0xf, 0xee, 0xfc, 0x60, 0x2, 0xfc, 0x0,
    0xff, 0xe3, 0x88, 0x7, 0x9, 0x10, 0x2, 0xdf,
    0xfc, 0x1, 0xf3, 0x80, 0x51, 0xb8, 0x1, 0xff,
    0xc1, 0x70, 0x70, 0xc, 0x24, 0x1, 0xff, 0xc1,
    0x20, 0x31, 0x0, 0x4f, 0x60, 0x5, 0xbf, 0xf8,
    0x3, 0xbc, 0x1, 0x0, 0x1f, 0xfc, 0x64, 0x0,
    0x32, 0x80, 0x77, 0xf7, 0x7e, 0x30, 0x32, 0x8,
    0x1, 0xc, 0x43, 0x31, 0x17, 0xf1, 0x8c, 0x82,
    0x3b, 0x80, 0xb, 0x79, 0x9f, 0xfc, 0x7, 0xe0,
    0xd0, 0x8c, 0x63, 0x10, 0xf, 0xfe, 0x2, 0x23,
    0x58, 0x0, 0x73, 0x9d, 0xff, 0xff, 0xc0, 0x20,

    /* U+8DEF "路" */
    0x0, 0xff, 0xe0, 0x19, 0x80, 0x3f, 0x84, 0x8b,
    0xc0, 0x1b, 0x72, 0x40, 0x3f, 0x5e, 0xef, 0x94,
    0x1, 0x2, 0x18, 0x67, 0xc4, 0x1, 0xff, 0x1b,
    0x80, 0x2b, 0x33, 0xa8, 0x3, 0x57, 0xf9, 0x0,
    0x3, 0xa0, 0x26, 0x7c, 0x1, 0xff, 0xc0, 0x3d,
    0x10, 0x3c, 0xcd, 0x60, 0x32, 0x1, 0xfd, 0x46,
    0x26, 0x56, 0x0, 0x68, 0xa, 0x10, 0xd, 0x5f,
    0xe4, 0x9, 0x5d, 0xd0, 0xa6, 0x4c, 0x82, 0x10,
    0x3, 0xfe, 0xa3, 0x1d, 0x13, 0x60, 0x97, 0x0,
    0xd7, 0xba, 0x30, 0x9d, 0x50, 0x0, 0xd0, 0x80,
    0x5a, 0x60, 0x18, 0x48, 0x80, 0x3, 0x20, 0x39,
    0xe6, 0x2, 0x30, 0x4c, 0xc3, 0x8, 0x67, 0x88,
    0x6, 0x5c, 0x60, 0x4, 0x6e, 0x48, 0x81, 0xcc,
    0x80, 0x40, 0x36, 0x30, 0x80, 0xbf, 0x38, 0x1,
    0xba, 0x4c, 0x28, 0x3, 0xcd, 0x3b, 0x75, 0x8a,
    0x89, 0xc5, 0x1a, 0x40, 0x1e, 0x12, 0x14, 0xab,
    0xbf, 0xe0, 0xf, 0xd7, 0xb0, 0x1, 0x9, 0x17,
    0x0, 0x7f, 0xf1, 0x2f, 0x77, 0x60, 0x7, 0xff,
    0x44, 0x84, 0x27, 0x30, 0x1, 0xff, 0xc1, 0x92,
    0xc, 0x20, 0x33, 0x8, 0x5, 0x5f, 0xfb, 0x80,
    0x31, 0x80, 0x61, 0x57, 0x90, 0xf, 0xfe, 0xe,
    0xac, 0x5f, 0x72, 0xa1, 0x0, 0x29, 0xee, 0xe0,
    0xc, 0xf4, 0xe8, 0x20, 0x1f, 0x18, 0x8e, 0x0,
    0xe0,

    /* U+8DF3 "跳" */
    0x0, 0xff, 0xe0, 0x8, 0x80, 0x8c, 0x3, 0xff,
    0x88, 0x3d, 0xe1, 0xf8, 0x80, 0x1d, 0x5f, 0xfd,
    0x80, 0x1f, 0xfd, 0x51, 0x0, 0xec, 0xfd, 0x0,
    0x56, 0x80, 0x7f, 0x57, 0x18, 0x7, 0xf1, 0x30,
    0x7, 0xc8, 0x80, 0x30, 0xf, 0xd0, 0x10, 0x60,
    0x1e, 0x90, 0x80, 0xd, 0x9f, 0xa0, 0x2, 0x51,
    0xb0, 0xe, 0x82, 0x36, 0x0, 0xff, 0x48, 0x30,
    0x7, 0x18, 0x78, 0x5, 0x7b, 0xa2, 0xc, 0xd0,
    0x3a, 0xd0, 0xe, 0xaa, 0x18, 0x4, 0xae, 0x40,
    0x1, 0x10, 0x1, 0x4c, 0x3, 0xb5, 0x40, 0x35,
    0x50, 0x3, 0xe2, 0xd0, 0xe, 0x7b, 0x10, 0xf,
    0xdb, 0xe3, 0x1a, 0x60, 0x1e, 0x4f, 0x40, 0xf,
    0xec, 0x70, 0x20, 0x30, 0xa, 0x4c, 0x6d, 0x40,
    0x3d, 0x76, 0x20, 0x98, 0x6, 0x0, 0x8b, 0x1c,
    0x10, 0x3, 0xcc, 0x93, 0xcd, 0xa0, 0x40, 0x1d,
    0x1c, 0x20, 0x1f, 0x98, 0x41, 0x43, 0x0, 0x3d,
    0x28, 0x1, 0xfe, 0x52, 0x4, 0x0, 0xf3, 0xf8,
    0x4, 0x86, 0x19, 0xe2, 0x2b, 0x6, 0x10, 0xf,
    0x86, 0x4, 0x2c, 0x40, 0x40, 0xb0, 0x45, 0x0,
    0x1, 0x3, 0x26, 0x3, 0x10, 0x1, 0x2b, 0xd4,
    0xe9, 0x5, 0x8, 0x1, 0x82, 0x36, 0x43, 0xab,
    0x3f, 0x6a, 0x14, 0x84, 0x29, 0x0, 0x28, 0x30,
    0x9, 0x18, 0xcc, 0x1, 0xc9, 0x76, 0x50, 0xc,
    0x59, 0xff, 0x58, 0x80,

    /* U+8FC7 "过" */
    0x0, 0xff, 0xe1, 0x8a, 0x20, 0x3, 0xcc, 0xe0,
    0x1f, 0xf3, 0xdd, 0x80, 0x39, 0xa6, 0xc, 0x3,
    0xff, 0x8c, 0xc4, 0x1c, 0x1, 0xff, 0xc7, 0xe0,
    0x2a, 0x4, 0x55, 0xfb, 0xc0, 0xa, 0xb0, 0x4,
    0x70, 0xa, 0x75, 0x5f, 0x98, 0x1, 0x55, 0x8,
    0x4, 0xe9, 0x46, 0x60, 0xf, 0xfe, 0x35, 0xa8,
    0x6f, 0xf7, 0xff, 0x48, 0x3, 0xfe, 0x14, 0x66,
    0xc4, 0x0, 0xaf, 0x20, 0xf, 0xfb, 0xe6, 0x72,
    0x80, 0xa0, 0xf8, 0x7, 0xff, 0x18, 0x74, 0xa,
    0x80, 0x3f, 0xd7, 0xfe, 0x10, 0xc, 0x70, 0xa,
    0xc0, 0x1f, 0xfc, 0x67, 0x30, 0xa0, 0xf, 0xfe,
    0x3f, 0x36, 0x0, 0x7f, 0xf1, 0xca, 0x40, 0x3f,
    0xf9, 0x24, 0x51, 0xe8, 0x7, 0xff, 0x11, 0x77,
    0x6c, 0x40, 0x30, 0xf, 0x38, 0x85, 0x80, 0x64,
    0x0, 0xe1, 0x80, 0xe, 0x88, 0x0, 0xe, 0x80,
    0x21, 0xdd, 0xdd, 0xc4, 0x0, 0xd2, 0xe0, 0x6e,
    0xb, 0xd0, 0xa8, 0xcd, 0x95, 0x13, 0x84, 0xc0,
    0xf6, 0x1c, 0x5, 0xea, 0xef, 0xfe, 0x2f, 0x2d,
    0x10, 0x8c, 0x62, 0x0, 0xff, 0xe0, 0x1a, 0xe0,
    0x80, 0x47, 0x3b, 0xff, 0xff, 0xc0, 0x0,

    /* U+8FDB "进" */
    0x0, 0x49, 0x80, 0x70, 0xff, 0x8c, 0x2, 0xdf,
    0x60, 0xd, 0x4d, 0xa4, 0x1, 0xff, 0xc6, 0x80,
    0x1f, 0x0, 0xff, 0xe3, 0x15, 0x1, 0x58, 0x1b,
    0xc8, 0x2, 0x9d, 0xe3, 0xd, 0x77, 0x0, 0x4a,
    0xe0, 0x88, 0xb8, 0x70, 0x3, 0x44, 0x42, 0x9,
    0x10, 0x0, 0xd0, 0x94, 0x9c, 0x66, 0x0, 0x11,
    0x9c, 0x0, 0x23, 0x30, 0x7, 0x5a, 0x83, 0x66,
    0x80, 0x3b, 0x32, 0x20, 0xbc, 0xc0, 0x12, 0x26,
    0x10, 0xf, 0xfe, 0x25, 0xdf, 0x20, 0x7, 0xff,
    0x6a, 0x37, 0x40, 0x12, 0x7f, 0xb8, 0x1, 0x9f,
    0xf1, 0x4, 0xff, 0xb0, 0x48, 0xc0, 0x3f, 0xf9,
    0xab, 0x76, 0x90, 0x5, 0xde, 0x10, 0x6b, 0xb7,
    0x80, 0x78, 0x51, 0x0, 0x1, 0x44, 0xc6, 0x1e,
    0x88, 0x30, 0xf, 0xea, 0x5, 0x0, 0xff, 0xe3,
    0x31, 0x87, 0x0, 0x7f, 0xf0, 0x1c, 0x1, 0x80,
    0x72, 0x6, 0xa0, 0x1f, 0xf3, 0x48, 0x1, 0xa0,
    0x98, 0x78, 0x3, 0x98, 0x8c, 0x2, 0x79, 0x1,
    0x60, 0x7f, 0x6, 0x75, 0x5e, 0xe8, 0x5, 0x5b,
    0xc0, 0x72, 0x5c, 0x5, 0x9e, 0xab, 0xfe, 0x98,
    0x2d, 0x20, 0x8c, 0x62, 0x0, 0xff, 0xe0, 0x20,
    0x69, 0x80, 0x47, 0x3b, 0xff, 0xff, 0xc0, 0x80,

    /* U+8FDE "连" */
    0x0, 0xff, 0x9a, 0x10, 0x3, 0xf8, 0xb6, 0x40,
    0x3e, 0x87, 0xc0, 0xf, 0xea, 0x26, 0x40, 0xe,
    0x51, 0xa, 0x0, 0xfe, 0x82, 0x9, 0x5, 0xff,
    0xa8, 0x1, 0xbf, 0xff, 0x0, 0x5c, 0x5, 0x26,
    0x1, 0xff, 0xc5, 0x36, 0xf, 0x7c, 0xc2, 0x0,
    0xe6, 0x7f, 0x0, 0x68, 0xc6, 0x13, 0x24, 0x9,
    0x34, 0xb7, 0x33, 0xe0, 0xc, 0x26, 0x1, 0x40,
    0xb, 0x85, 0x3e, 0x0, 0x78, 0xd9, 0xb0, 0x81,
    0x30, 0x48, 0x7, 0xfd, 0x53, 0x38, 0x82, 0xc0,
    0x1d, 0x32, 0x20, 0x49, 0x9c, 0x60, 0x1f, 0x8c,
    0x0, 0xcd, 0x0, 0xd, 0x9b, 0x82, 0x7f, 0x40,
    0x36, 0x33, 0x70, 0x0, 0xd9, 0xb8, 0x3, 0xf3,
    0x4c, 0xf1, 0x2, 0x4c, 0xe3, 0x0, 0xff, 0xe8,
    0xd6, 0x67, 0x88, 0x1b, 0x33, 0x8c, 0x3, 0xce,
    0x67, 0xe0, 0x0, 0x99, 0xf3, 0x80, 0x7a, 0x26,
    0x7c, 0x20, 0x93, 0x3c, 0xa0, 0x4, 0x0, 0x2a,
    0x99, 0xbc, 0x60, 0x6c, 0xdc, 0x20, 0xd2, 0x0,
    0x96, 0x0, 0xff, 0xe1, 0xbc, 0x81, 0x8, 0x4e,
    0xc3, 0x2a, 0x22, 0x2b, 0x51, 0x38, 0x80, 0x3,
    0xfe, 0x20, 0x27, 0x9a, 0xbb, 0x55, 0x57, 0x7c,
    0xec, 0x38, 0x43, 0xb4, 0xa4, 0x1, 0xff, 0xc0,
    0x41, 0xf2, 0x0, 0x96, 0xb7, 0xff, 0xff, 0x80,
    0x20,

    /* U+9009 "选" */
    0x0, 0xff, 0xe0, 0xb, 0xb8, 0x3, 0xfa, 0xc4,
    0x3, 0x1c, 0xa8, 0x14, 0x40, 0x3, 0xf5, 0xa6,
    0x80, 0x6a, 0x6e, 0x0, 0xff, 0xe0, 0x70, 0x1c,
    0x0, 0x4e, 0x1a, 0x1, 0xff, 0xc0, 0x57, 0x7,
    0x50, 0x31, 0x9, 0xfc, 0x0, 0x7f, 0xf2, 0x0,
    0x50, 0x61, 0xc1, 0x20, 0x1f, 0xfc, 0x5e, 0x5b,
    0x25, 0x8, 0xcc, 0x48, 0x3, 0x33, 0x90, 0x3,
    0x15, 0x2, 0x81, 0x39, 0x99, 0x40, 0x6, 0x7c,
    0x0, 0x48, 0x8c, 0x2f, 0xbc, 0x1, 0xff, 0xc1,
    0xd7, 0x7c, 0x77, 0x9b, 0xdd, 0x68, 0x3, 0xbb,
    0xc3, 0xe6, 0x60, 0x9, 0x84, 0x7c, 0x0, 0x11,
    0xf0, 0x36, 0x70, 0x5, 0xd7, 0x6a, 0x0, 0x55,
    0x98, 0x2d, 0xde, 0x10, 0xf, 0x1a, 0x21, 0x80,
    0xa, 0x8e, 0x4, 0x88, 0x54, 0x0, 0xff, 0x28,
    0x8, 0x7, 0xd9, 0xc2, 0x1, 0xfd, 0x40, 0x80,
    0x1f, 0x84, 0x3, 0xfa, 0x4c, 0x24, 0x3, 0x8,
    0x0, 0x80, 0x40, 0x38, 0x45, 0x6c, 0x10, 0x60,
    0x2, 0x6, 0xef, 0x1, 0x0, 0xa0, 0x1, 0x4,
    0x81, 0xe, 0x1, 0x50, 0x80, 0x80, 0x24, 0x1,
    0xa, 0x0, 0x4a, 0xa9, 0xc0, 0x31, 0xf7, 0x37,
    0xbd, 0xc1, 0x9c, 0x11, 0x0, 0xd0, 0x48, 0x67,
    0xe2, 0x12, 0x33, 0xf, 0x1, 0x55, 0xa0, 0x14,
    0x5e, 0x67, 0xfc, 0x94, 0x3e, 0x21, 0x74, 0x82,
    0x1, 0xff, 0xc0, 0x42, 0xc2, 0x0, 0x96, 0xfb,
    0xff, 0xff, 0x80, 0x20,

    /* U+900F "透" */
    0x1, 0xa3, 0x0, 0xf8, 0x44, 0x68, 0xad, 0x15,
    0x40, 0xb, 0x57, 0x80, 0x2c, 0xef, 0xf7, 0x73,
    0x2e, 0xa5, 0xd5, 0x40, 0x14, 0x1, 0x38, 0x0,
    0x44, 0x0, 0x11, 0x1, 0x34, 0x4d, 0xe8, 0x4,
    0x8a, 0x10, 0x41, 0xbf, 0xf7, 0x30, 0x24, 0xbb,
    0x21, 0x0, 0x6b, 0x10, 0xa8, 0xcc, 0xe6, 0x7,
    0xcc, 0xf0, 0x80, 0x6, 0x26, 0xc, 0xfc, 0x20,
    0x26, 0x7e, 0x0, 0xcc, 0xc0, 0xbf, 0xf6, 0x98,
    0x7, 0xd, 0xff, 0xc2, 0x46, 0x78, 0x0, 0x2f,
    0xa6, 0xae, 0xc, 0xa3, 0x70, 0x20, 0xb, 0xcc,
    0xb4, 0xe7, 0xa0, 0x26, 0x80, 0x2a, 0x90, 0x7e,
    0x92, 0x0, 0xeb, 0x60, 0x5d, 0x60, 0xe4, 0xf0,
    0x6e, 0x50, 0x64, 0x8d, 0xa0, 0x4, 0xae, 0x3e,
    0xff, 0xa5, 0x27, 0xfd, 0x15, 0xae, 0xc2, 0x4c,
    0x0, 0x1a, 0x37, 0x30, 0x1, 0x9c, 0x21, 0xe0,
    0x50, 0x1, 0xfd, 0x58, 0x0, 0xec, 0xc2, 0x85,
    0x5d, 0x90, 0x3, 0xfc, 0xa0, 0x24, 0x0, 0x50,
    0x34, 0x40, 0x7, 0xf8, 0x60, 0x18, 0x2, 0xef,
    0xf1, 0x3, 0x0, 0x7e, 0x3c, 0x21, 0x80, 0xe,
    0x22, 0x1, 0x0, 0x4c, 0x2, 0xf, 0x84, 0x4c,
    0x0, 0x46, 0xee, 0x5, 0x0, 0x96, 0x80, 0x16,
    0xa2, 0xb8, 0x40, 0xe, 0x22, 0x85, 0x2c, 0x0,
    0xd4, 0x2, 0x9, 0x8f, 0xe4, 0x67, 0x2e, 0x65,
    0xb0, 0x46, 0x3c, 0x3, 0x96, 0x22, 0x6a, 0xcc,
    0xff, 0xe0, 0x3c, 0x8e, 0x12, 0x7c, 0x18, 0x80,
    0x7f, 0xf0, 0x14, 0x7c, 0x80, 0x2, 0xf9, 0xdf,
    0xff, 0xfc, 0x3,

    /* U+9192 "醒" */
    0x1, 0x1f, 0xe0, 0x12, 0x2f, 0xc0, 0xe, 0xef,
    0xf0, 0xfe, 0xef, 0xe3, 0x3, 0x0, 0xff, 0xe0,
    0x22, 0xae, 0x10, 0xb, 0x7f, 0x81, 0x64, 0x2f,
    0xfc, 0x20, 0xa, 0xae, 0x20, 0xf, 0xfe, 0x27,
    0x7f, 0xe3, 0x0, 0x92, 0xe8, 0x12, 0xc2, 0x2d,
    0x80, 0x25, 0x5e, 0x10, 0x8, 0x91, 0x0, 0x24,
    0x6, 0x9c, 0x1, 0x5d, 0x56, 0x20, 0xe, 0x82,
    0x36, 0x19, 0x0, 0xed, 0xcc, 0xc6, 0x1, 0xc8,
    0x2d, 0xe0, 0xe0, 0x1c, 0x67, 0xc0, 0x1f, 0x9,
    0x80, 0x7b, 0x2b, 0xbe, 0xed, 0xff, 0x18, 0x4,
    0xe4, 0x20, 0x1e, 0xba, 0x50, 0xbb, 0x8, 0x7,
    0xb8, 0x30, 0xc6, 0x80, 0x27, 0x9, 0xd0, 0x6,
    0x6e, 0xc2, 0x0, 0x52, 0x47, 0x24, 0x0, 0x30,
    0x81, 0x10, 0x0, 0x45, 0x8c, 0x0, 0x92, 0x5,
    0xb6, 0x3, 0x1, 0x9b, 0xa0, 0x6, 0x6e, 0xc4,
    0x0, 0x11, 0x2a, 0xd8, 0xa, 0x2c, 0x64, 0x40,
    0x1, 0x16, 0x0, 0x96, 0xab, 0x38, 0x26, 0x97,
    0xfc, 0x0, 0xef, 0xf4, 0x80, 0x49, 0x11, 0x98,
    0x0, 0x46, 0x23, 0x0, 0x4, 0x70, 0x5, 0xae,
    0xfb, 0x40, 0x28, 0xee, 0x80, 0x1f, 0xdc, 0x80,
    0xb, 0xd5, 0x76, 0x0, 0x42, 0x38, 0x2, 0x11,
    0x80, 0x26, 0xaa, 0xce, 0x0, 0xce, 0xec, 0x0,
    0xee, 0xd4, 0x0, 0x46, 0x6f, 0x63, 0x80, 0x7f,
    0x8c, 0x1, 0xb3, 0x3e, 0x4b, 0xff, 0xff, 0x48,

    /* U+91CA "释" */
    0x0, 0xc2, 0x6a, 0xf0, 0x0, 0x11, 0xfe, 0x0,
    0x37, 0x7f, 0xbb, 0x2a, 0x1c, 0x33, 0xbb, 0xfb,
    0x0, 0x2, 0x1, 0x85, 0x18, 0x3, 0xff, 0x82,
    0xaf, 0x32, 0x1, 0xeb, 0x80, 0xa0, 0x6, 0xff,
    0xd8, 0x0, 0xb0, 0x2, 0xa9, 0x0, 0x27, 0xe5,
    0x64, 0xf, 0x0, 0xf, 0x1, 0xb8, 0x11, 0x28,
    0x3, 0x50, 0x20, 0x50, 0x96, 0x1e, 0x10, 0xf0,
    0x0, 0x55, 0xc0, 0x23, 0x26, 0x10, 0x1c, 0x13,
    0xc2, 0x1c, 0x20, 0xb, 0x85, 0x40, 0x14, 0x16,
    0x1, 0x21, 0x80, 0x46, 0x80, 0x19, 0x29, 0x40,
    0x11, 0x44, 0x93, 0xd2, 0x42, 0xc0, 0x53, 0xf6,
    0xc9, 0x93, 0xc0, 0x3b, 0x31, 0xac, 0x25, 0x3d,
    0x3d, 0x4, 0x9, 0x84, 0x67, 0x0, 0xc, 0xc5,
    0x6d, 0x9a, 0xd5, 0xd2, 0xfb, 0xa8, 0x97, 0xcc,
    0x10, 0x3, 0x31, 0x5, 0x4, 0x23, 0xf1, 0xb1,
    0x89, 0xb9, 0x0, 0x18, 0xc9, 0x3b, 0xb2, 0x3,
    0x77, 0x62, 0x0, 0x40, 0x5, 0x56, 0x40, 0x1f,
    0xfc, 0x25, 0x31, 0x0, 0xa, 0x6a, 0x7f, 0xe4,
    0x7, 0xff, 0xc4, 0x36, 0x16, 0x3, 0xea, 0xc0,
    0x1f, 0xfc, 0x18, 0x15, 0x70, 0x0, 0xd4, 0x7f,
    0xf2, 0x3, 0xff, 0xed, 0xf1, 0xb0, 0xf, 0xfe,
    0x31, 0xbd, 0x8, 0x7, 0xe, 0xef, 0x20, 0x36,
    0xee, 0xf1, 0x40, 0xf, 0x88, 0xb8, 0x0, 0x24,
    0x58, 0x40, 0x3f, 0xfc, 0x65, 0xfc, 0x1, 0xfa,
    0xfa, 0x0, 0x38,

    /* U+91CC "里" */
    0x0, 0x11, 0x9f, 0xff, 0x10, 0x40, 0x36, 0x67,
    0xff, 0x16, 0x40, 0x3f, 0xfa, 0x11, 0xff, 0xa0,
    0x1, 0xff, 0xc2, 0x1, 0xff, 0xd2, 0x9e, 0xed,
    0x20, 0xe, 0xee, 0x10, 0xf, 0xc2, 0x3e, 0x0,
    0x8, 0xf0, 0x7, 0xf4, 0x77, 0x68, 0x0, 0x77,
    0x70, 0x80, 0x7f, 0x8, 0xe0, 0x8, 0x47, 0x80,
    0x3f, 0xbc, 0x8b, 0x78, 0x0, 0x8b, 0x80, 0x3f,
    0x9f, 0x77, 0x38, 0x3, 0x77, 0x84, 0x3, 0xff,
    0xa1, 0xdf, 0xfe, 0x80, 0x7, 0xff, 0xd0, 0x1,
    0xff, 0xcd, 0x5f, 0xff, 0xa0, 0x1, 0xff, 0xf7,
    0x0, 0x7f, 0xf2, 0x44, 0x2, 0x5d, 0xdf, 0x9c,
    0x1, 0xbb, 0xf8, 0x3, 0x11, 0x7d, 0xe0, 0x2,
    0x2f, 0xc0, 0x1, 0x22, 0xfd, 0xe0, 0x2, 0x2f,
    0xe0, 0xdd, 0xfe, 0x70, 0x6, 0xef, 0xf2, 0x80,
    0x7f, 0xf2, 0x80,

    /* U+91CD "重" */
    0x0, 0xff, 0xe3, 0x88, 0x6, 0x47, 0x7a, 0x21,
    0x32, 0xaa, 0x5e, 0x63, 0x7b, 0xfd, 0xc0, 0x1b,
    0xa2, 0x27, 0x73, 0x31, 0x54, 0x86, 0x62, 0x11,
    0x11, 0x88, 0x5, 0xd1, 0x9, 0x95, 0x52, 0xc0,
    0xf, 0xbd, 0xfe, 0xed, 0xc1, 0x0, 0x91, 0xdc,
    0xcc, 0x55, 0x20, 0x3, 0x88, 0x40, 0x3e, 0x5f,
    0xff, 0xe0, 0x4, 0xff, 0xfe, 0xd6, 0x44, 0xfe,
    0x0, 0x12, 0x27, 0xf1, 0xdd, 0xff, 0x0, 0x2e,
    0xff, 0xa4, 0x0, 0x3f, 0xff, 0x0, 0x27, 0xff,
    0xd2, 0x1, 0xf1, 0xa2, 0x60, 0x1, 0x22, 0x61,
    0x0, 0xfe, 0xfb, 0xbc, 0x0, 0xbb, 0xe5, 0x0,
    0xfe, 0xcf, 0xfc, 0x0, 0x9f, 0xfc, 0x80, 0x1f,
    0xca, 0xcd, 0x80, 0x8, 0xcd, 0x84, 0x3, 0xfa,
    0x67, 0x80, 0x1b, 0x33, 0x94, 0x3, 0xfb, 0x3f,
    0xf0, 0x2, 0x7f, 0xf2, 0x0, 0x78, 0x55, 0x7e,
    0x0, 0x1a, 0xaf, 0xbc, 0x3, 0xaa, 0xbe, 0x0,
    0x55, 0x7c, 0xc0, 0x1b, 0x7f, 0xfe, 0x0, 0x4f,
    0xff, 0xca, 0x1, 0x22, 0xaf, 0xc0, 0x3, 0x55,
    0xf9, 0x80, 0x29, 0xaa, 0xf8, 0x1, 0x55, 0xf8,
    0xc1, 0x33, 0x3f, 0x80, 0x11, 0x99, 0xfa, 0x84,
    0xcf, 0xf8, 0x0, 0x26, 0x7f, 0x98,

    /* U+91CF "量" */
    0x0, 0x23, 0xbf, 0xff, 0x10, 0x40, 0x37, 0x44,
    0x7f, 0xf1, 0x8, 0x3, 0xc7, 0x99, 0xff, 0x58,
    0x7, 0xf1, 0xe6, 0x7f, 0xd6, 0x1, 0xfc, 0x7b,
    0xbf, 0xf6, 0x0, 0x7f, 0x1e, 0xef, 0xfd, 0x80,
    0x1f, 0x5e, 0xef, 0xff, 0x10, 0xc0, 0x11, 0x9,
    0xaa, 0xff, 0xe2, 0x44, 0x11, 0x9d, 0xff, 0xf9,
    0x7, 0xdf, 0xff, 0xfc, 0x87, 0x0, 0x4f, 0xff,
    0xff, 0x10, 0xc0, 0x3c, 0x7b, 0xba, 0x0, 0x1b,
    0xbb, 0x0, 0x3f, 0x8f, 0x77, 0x40, 0x3, 0x77,
    0x60, 0x7, 0xf1, 0x4c, 0xe6, 0x0, 0x4c, 0xe8,
    0x0, 0xff, 0xe9, 0x94, 0xce, 0x60, 0x4, 0xce,
    0x80, 0xf, 0xa7, 0xff, 0xd4, 0x0, 0xff, 0xf8,
    0xc0, 0x23, 0xff, 0xfa, 0x80, 0x1f, 0xff, 0x68,
    0x4, 0x51, 0x1f, 0x28, 0x2, 0x23, 0xeb, 0x0,
    0x34, 0xff, 0xfc, 0x1, 0x7f, 0xfd, 0xd0, 0x54,
    0xef, 0xf9, 0x40, 0xe, 0xff, 0xe0,

    /* U+949F "钟" */
    0x0, 0xff, 0xe6, 0x27, 0x58, 0x7, 0xe1, 0xee,
    0x8, 0x7, 0xda, 0x20, 0x1f, 0xc6, 0x22, 0x0,
    0xfc, 0xe0, 0x46, 0x70, 0x7, 0xff, 0xd, 0x44,
    0x1b, 0x32, 0x30, 0xf, 0xfe, 0x14, 0x80, 0x4,
    0x73, 0xf7, 0x6c, 0x0, 0x7f, 0x76, 0x14, 0x30,
    0xce, 0xec, 0xa2, 0x3c, 0x0, 0x11, 0xe0, 0x80,
    0x52, 0x11, 0x80, 0x36, 0xf6, 0x0, 0x33, 0xb4,
    0x2, 0x90, 0x5e, 0xed, 0x40, 0x11, 0x88, 0x80,
    0x4, 0x26, 0x1, 0x2a, 0x80, 0x3f, 0xf9, 0x35,
    0xc0, 0xa, 0xeb, 0x0, 0xff, 0xe2, 0x8, 0x1,
    0x84, 0x40, 0x1f, 0xfc, 0x21, 0x22, 0x0, 0x18,
    0x88, 0x1, 0xff, 0xc2, 0x9d, 0xd0, 0x2, 0xb7,
    0x40, 0x13, 0xaa, 0x0, 0x1d, 0x5c, 0x3, 0xff,
    0x85, 0x35, 0x20, 0x9, 0xa9, 0x0, 0xa7, 0x74,
    0x0, 0xad, 0xd0, 0x8, 0xf0, 0x0, 0x47, 0x80,
    0x48, 0x80, 0x6, 0x22, 0xf, 0x76, 0xc0, 0x7,
    0xf7, 0x61, 0x0, 0xf8, 0x40, 0x3f, 0xf9, 0xd,
    0xc2, 0x1, 0xff, 0xc6, 0xd9, 0x4, 0x0, 0xff,
    0xe1, 0xb8, 0x0, 0x45, 0x2a, 0x1, 0xff, 0xc3,
    0xf0, 0x3, 0x7b, 0x0, 0x7f, 0xf1, 0x25, 0x36,
    0x44, 0x3, 0xff, 0x86,

    /* U+94A0 "钠" */
    0x0, 0xa9, 0xc4, 0x3, 0xe3, 0x75, 0x0, 0xf9,
    0x16, 0x0, 0x3f, 0x24, 0x48, 0x7, 0xdc, 0x6,
    0x20, 0x1f, 0xfc, 0x55, 0x2, 0xcc, 0x58, 0x7,
    0xff, 0x9, 0x80, 0x2, 0x66, 0x57, 0xee, 0xd0,
    0x7, 0xdd, 0xb4, 0x2c, 0x12, 0x66, 0x8f, 0x11,
    0xc0, 0x10, 0x8e, 0x34, 0x20, 0x96, 0x6c, 0x0,
    0x3b, 0xb3, 0x1, 0x5d, 0x9c, 0x1, 0x80, 0x62,
    0x67, 0x8, 0x1, 0xd1, 0x1c, 0xc, 0x88, 0xd0,
    0x4, 0x11, 0xe6, 0x67, 0x0, 0xef, 0x1, 0x0,
    0xf2, 0x80, 0x71, 0x80, 0x71, 0x1, 0x0, 0x7a,
    0x38, 0x1, 0xde, 0xa0, 0x1c, 0xe0, 0x80, 0x1f,
    0xfc, 0x52, 0x20, 0x1c, 0x0, 0x61, 0x35, 0x0,
    0x29, 0x90, 0x6, 0xa0, 0x9, 0xc8, 0x2, 0x6c,
    0xb0, 0x5, 0xe7, 0x0, 0x42, 0xe0, 0xe8, 0x1c,
    0x1, 0xff, 0xc2, 0xa0, 0x19, 0xa0, 0x39, 0x0,
    0x3f, 0xf0, 0x3, 0xbf, 0x0, 0x8, 0x80, 0xb1,
    0x14, 0x81, 0x80, 0x7f, 0xf0, 0x11, 0x59, 0x40,
    0xc, 0xac, 0x1, 0xf8, 0x94, 0x2, 0xa9, 0x0,
    0xd5, 0x80, 0x1f, 0x46, 0xf8, 0x7, 0xff, 0xc,
    0xc0, 0xc, 0x18, 0x1, 0xf2, 0xad, 0xc0, 0x19,
    0x40, 0x7, 0xac, 0x1, 0xe1, 0xaa, 0x90, 0x8,
    0x0, 0xe5, 0x38, 0x40, 0x1f, 0x8, 0x80, 0x23,
    0xf0, 0xb, 0x58, 0x2, 0x9d, 0xa0, 0xd, 0xdf,
    0xf6, 0x18,

    /* U+94AE "钮" */
    0x0, 0x12, 0x90, 0x7, 0xff, 0x1e, 0xeb, 0x80,
    0x32, 0x2a, 0xff, 0x84, 0x2, 0x70, 0xa0, 0xd,
    0x55, 0xff, 0x10, 0x1, 0x4, 0x2f, 0x32, 0x20,
    0xf, 0xfe, 0x17, 0x0, 0x8, 0xce, 0xe, 0xf7,
    0x4, 0xff, 0xb8, 0x0, 0x20, 0x2a, 0x13, 0x55,
    0x88, 0x0, 0x20, 0x20, 0x11, 0x80, 0x69, 0x3,
    0x65, 0x5c, 0x1, 0x18, 0x18, 0x4, 0x20, 0x3,
    0x3, 0xa, 0x11, 0xe0, 0x8, 0x40, 0x40, 0x3c,
    0x21, 0x41, 0x3d, 0xda, 0x80, 0x27, 0xf, 0x0,
    0x9c, 0x3, 0x8, 0x80, 0x3f, 0x84, 0x4, 0x2,
    0x10, 0xe, 0xec, 0x0, 0x7f, 0xac, 0xaa, 0x84,
    0x15, 0x5a, 0x40, 0x40, 0x3f, 0xc2, 0xaa, 0x0,
    0x1a, 0xac, 0x60, 0x18, 0x8d, 0x80, 0x6, 0x70,
    0x11, 0x0, 0x4, 0x58, 0x40, 0xc0, 0x19, 0x8a,
    0x0, 0x66, 0x47, 0xb8, 0x0, 0xfd, 0xd9, 0x80,
    0x40, 0x4, 0x22, 0x0, 0x8, 0xc0, 0x3, 0x0,
    0x18, 0x4, 0x20, 0x1b, 0x3b, 0x40, 0x1d, 0xd0,
    0x0, 0x40, 0x2, 0x1, 0xce, 0x1, 0xff, 0xc0,
    0x70, 0xf, 0x18, 0x7, 0xfc, 0x40, 0x1, 0x1,
    0x0, 0xc2, 0x2, 0x1, 0xf2, 0x6c, 0x80, 0xc,
    0xc, 0x3, 0xc6, 0x1, 0xf5, 0x92, 0xad, 0x80,
    0x5, 0x5c, 0xc0, 0x4a, 0x60, 0x9, 0x0, 0x96,
    0x2a, 0x8a, 0x5, 0x55, 0x88, 0x12, 0xa4, 0x1,
    0xa0, 0x79, 0x44, 0x1, 0xff, 0xc1, 0x30, 0x3,
    0xde, 0x18, 0x27, 0xff, 0xff, 0x6, 0x40,

    /* U+94FE "链" */
    0x0, 0x85, 0x4, 0x3, 0xfc, 0x20, 0x1f, 0xcd,
    0x74, 0x0, 0x28, 0x60, 0xc, 0xbd, 0x80, 0x1f,
    0xac, 0x34, 0x0, 0x2f, 0x60, 0x1b, 0x1, 0x40,
    0x3e, 0x33, 0x0, 0x15, 0x46, 0x24, 0x66, 0x88,
    0x38, 0x14, 0x46, 0x10, 0x4, 0x80, 0x26, 0xa8,
    0x2c, 0x14, 0xae, 0xe1, 0x4, 0x77, 0xc6, 0x2,
    0xa0, 0x67, 0x86, 0xc1, 0xc9, 0x48, 0x9, 0x57,
    0x8c, 0x2c, 0x1b, 0x33, 0x1, 0xbd, 0x25, 0x8,
    0x47, 0x72, 0xaa, 0x10, 0x50, 0xa1, 0x18, 0x2,
    0x84, 0x1, 0x30, 0x5a, 0xb0, 0xe, 0x90, 0xce,
    0xe9, 0xc8, 0xcc, 0x40, 0xc0, 0xa0, 0x1f, 0x98,
    0x40, 0x3a, 0x73, 0x20, 0xa0, 0xd3, 0x0, 0x21,
    0x98, 0x2, 0xf6, 0x6, 0xd7, 0x0, 0xe2, 0x8,
    0xc1, 0xb, 0xcc, 0x0, 0x42, 0x20, 0x12, 0xa,
    0xb0, 0x8, 0x8a, 0x10, 0x1, 0x10, 0xc0, 0x6,
    0xa4, 0x4, 0xaa, 0x17, 0x0, 0xb7, 0x6c, 0x0,
    0x6e, 0xb0, 0x1, 0x34, 0xa0, 0xb5, 0x40, 0xf,
    0xfe, 0x26, 0x31, 0x81, 0xb3, 0x0, 0x32, 0x77,
    0x58, 0x0, 0xee, 0x98, 0x1a, 0x50, 0x12, 0x64,
    0x1, 0x84, 0x78, 0x0, 0x23, 0x80, 0x3f, 0xf8,
    0x9, 0x99, 0x50, 0x3, 0x32, 0x60, 0xf, 0x8c,
    0x14, 0x4, 0xc, 0xe7, 0x0, 0x19, 0xc2, 0x1,
    0xc5, 0xb2, 0x92, 0x0, 0xa0, 0xf, 0xfe, 0x1a,
    0x93, 0xd8, 0x8, 0x26, 0xba, 0x31, 0x99, 0xc,
    0xc4, 0x1, 0x30, 0x2, 0x4, 0x1, 0x96, 0x5,
    0x17, 0x63, 0x35, 0xe6, 0x28, 0x2, 0x92, 0xd7,
    0xf0, 0xb2, 0x4d, 0x62, 0x0, 0xfb, 0x80, 0x27,
    0xd2, 0x3, 0xe4, 0x0, 0x14, 0xef, 0xff, 0xcc,

    /* U+9501 "锁" */
    0x0, 0x8c, 0x80, 0x3f, 0x91, 0x0, 0x1f, 0xee,
    0xd6, 0x0, 0x94, 0x40, 0x7, 0x76, 0x0, 0x8c,
    0xc0, 0x18, 0xc8, 0x1c, 0x0, 0xf5, 0x82, 0x1,
    0xe1, 0xdc, 0x40, 0xa, 0x40, 0x1b, 0x96, 0xc2,
    0x5a, 0x1, 0xc3, 0x82, 0x4a, 0x0, 0x15, 0x0,
    0x19, 0x94, 0x74, 0xe, 0x80, 0x35, 0x10, 0x78,
    0x80, 0x20, 0xe, 0xab, 0x1, 0xd0, 0x70, 0x6,
    0x30, 0xb2, 0x0, 0x13, 0x7, 0xaa, 0xc8, 0x0,
    0x5e, 0x40, 0xd, 0x1a, 0x80, 0x15, 0x1, 0x1,
    0x9c, 0x21, 0x98, 0xdc, 0xe0, 0x6, 0x63, 0xb2,
    0xc0, 0x12, 0x5, 0x99, 0xa4, 0xc, 0xf1, 0x0,
    0xc, 0xf2, 0x80, 0x5, 0xc0, 0x3b, 0xc0, 0x27,
    0x99, 0xf3, 0x0, 0x74, 0x78, 0x3, 0x7d, 0xc0,
    0x2b, 0x67, 0xee, 0x3b, 0x60, 0x7, 0xff, 0x14,
    0xdd, 0xc0, 0x1f, 0x26, 0xe8, 0x1, 0xfb, 0x60,
    0x1f, 0xfc, 0x31, 0x22, 0x0, 0x8, 0x8a, 0x1,
    0xc2, 0x0, 0x10, 0xf, 0x25, 0xd0, 0x2, 0x6e,
    0x80, 0x39, 0x40, 0x3f, 0x85, 0x14, 0x0, 0x89,
    0x0, 0x77, 0x81, 0x0, 0x7f, 0xf2, 0x1c, 0xa,
    0x0, 0x48, 0x80, 0x1f, 0x99, 0xc3, 0xfc, 0x70,
    0x20, 0x7, 0xc6, 0xdc, 0x0, 0xfb, 0xa6, 0x80,
    0x29, 0x70, 0x45, 0x3, 0xd5, 0x0, 0xe2, 0x0,
    0x18, 0x58, 0x36, 0xb0, 0x15, 0x52, 0x40, 0x15,
    0x40, 0xd, 0x40, 0x4, 0xd1, 0xe9, 0x20, 0x5d,
    0x10, 0x6c, 0x20, 0x5d, 0x0, 0xa4, 0x66, 0xc8,
    0x44, 0x5, 0x74, 0x1, 0x8f, 0x54, 0x1c, 0x2,
    0x1e, 0x60, 0x3, 0x2d, 0xea, 0x0, 0x7d, 0x53,
    0x60,

    /* U+957F "长" */
    0x0, 0xc4, 0x40, 0xf, 0xfe, 0x39, 0x6e, 0x88,
    0x3, 0xf8, 0x64, 0xc0, 0x3f, 0xf8, 0xcb, 0xed,
    0x0, 0x1f, 0xfc, 0x44, 0xda, 0x10, 0x70, 0xf,
    0xfe, 0x12, 0xe5, 0x90, 0xc, 0xe0, 0x7, 0xfc,
    0x2f, 0xb4, 0x60, 0x31, 0xcc, 0x1, 0xff, 0x27,
    0x41, 0x0, 0xc7, 0x38, 0x7, 0xff, 0x5, 0x0,
    0x7, 0x5c, 0xe0, 0x1f, 0xfc, 0x4a, 0xdc, 0x50,
    0xf, 0xf1, 0xaa, 0xc0, 0x5, 0x50, 0x3a, 0xaf,
    0xfc, 0x13, 0x54, 0x80, 0x4, 0x55, 0x7f, 0xf0,
    0x84, 0x3, 0xff, 0x95, 0x5d, 0xcc, 0x0, 0x67,
    0x73, 0x40, 0xd, 0xdd, 0xf8, 0x40, 0x46, 0x0,
    0x8, 0xc4, 0xe0, 0xc0, 0x23, 0xf0, 0x7, 0xfd,
    0x2, 0x14, 0x1, 0xff, 0xc7, 0xb0, 0x48, 0x0,
    0xff, 0xe3, 0x2a, 0x81, 0xe0, 0x3, 0xff, 0x88,
    0xa9, 0x48, 0xf, 0x64, 0x1, 0xff, 0xc, 0x75,
    0x60, 0x5a, 0x2, 0x6c, 0x88, 0x7, 0x8, 0x3,
    0xb8, 0xe2, 0x1e, 0x0, 0xb8, 0x0, 0x37, 0x58,
    0x80, 0x5e, 0x0, 0x30, 0x17, 0xe7, 0x0, 0x9f,
    0x50, 0x0, 0xc2, 0x1, 0x28, 0x0, 0xeb, 0xa0,
    0x40, 0x38, 0xaf, 0x16, 0x40, 0x35, 0xb6, 0xe2,
    0x80, 0x7f, 0x8e, 0x90, 0x0,

    /* U+95ED "闭" */
    0x0, 0x20, 0x7, 0xff, 0x19, 0x6f, 0x0, 0x22,
    0x33, 0xff, 0x84, 0x8, 0xe, 0xc0, 0x19, 0x9f,
    0xfc, 0x8, 0x7, 0x80, 0x4b, 0x0, 0xff, 0xe2,
    0x3b, 0x81, 0x83, 0xf7, 0x6b, 0xab, 0xdd, 0x8c,
    0x3, 0xa1, 0xf0, 0x4, 0x8a, 0xda, 0xf2, 0x28,
    0x2, 0x5e, 0xd0, 0x81, 0x0, 0xff, 0xe1, 0x18,
    0x98, 0x11, 0x7c, 0x60, 0xe4, 0x40, 0xf, 0xdf,
    0xbb, 0xe5, 0x3, 0xdd, 0x20, 0x7, 0xc2, 0x1,
    0xff, 0xc7, 0xcf, 0xfd, 0x60, 0x12, 0x7f, 0x90,
    0x3, 0xfe, 0x1a, 0x0, 0xff, 0xe3, 0x68, 0x9b,
    0x0, 0x7f, 0xf0, 0xec, 0xc7, 0x40, 0x3f, 0xf8,
    0x43, 0xa8, 0x1a, 0x20, 0x1f, 0xfc, 0x14, 0xf2,
    0xc, 0x30, 0xf, 0xfe, 0xb, 0x58, 0x8b, 0x4c,
    0x3, 0xff, 0x84, 0x80, 0x9e, 0x40, 0x11, 0x80,
    0x7f, 0xc5, 0xb6, 0x27, 0x98, 0xd5, 0x2, 0x0,
    0xff, 0x10, 0x0, 0x4c, 0xc4, 0x0, 0xe5, 0x53,
    0x98, 0x8, 0x7, 0xc5, 0x55, 0x5f, 0x5, 0x52,
    0x0, 0x1a, 0x1, 0xf9, 0x56, 0x41, 0x30, 0x8,
    0x59, 0x40, 0x3f, 0xf8, 0x29, 0xff, 0x74, 0x80,

    /* U+95F4 "间" */
    0x0, 0x20, 0x7, 0xff, 0x19, 0xae, 0x80, 0x23,
    0x44, 0xff, 0x8c, 0x30, 0x16, 0xc0, 0x19, 0x77,
    0xff, 0x68, 0x51, 0x82, 0x58, 0x7, 0xff, 0x13,
    0x48, 0x10, 0xfb, 0xbf, 0xd0, 0x1, 0x87, 0xc6,
    0xc, 0x47, 0xfe, 0x0, 0x1c, 0xc1, 0x63, 0x19,
    0xfe, 0x20, 0xe, 0x56, 0x60, 0x13, 0xe6, 0x7e,
    0xd0, 0xf, 0xfe, 0xa0, 0xff, 0xeb, 0x0, 0xff,
    0xeb, 0xaa, 0xec, 0x0, 0xff, 0xe1, 0xd, 0x56,
    0x70, 0xf, 0xfe, 0x19, 0x9e, 0x20, 0xf, 0xfe,
    0x10, 0xe6, 0x69, 0x0, 0xff, 0xeb, 0xaa, 0xec,
    0x0, 0xff, 0xe1, 0xd, 0x56, 0x70, 0xf, 0xfe,
    0x1, 0x91, 0x7e, 0x30, 0x0, 0x80, 0x7c, 0xbb,
    0xbf, 0x4c, 0x22, 0xd0, 0x18, 0x7, 0xff, 0x6,
    0x6e, 0xd4, 0x40, 0xe0, 0x1f, 0xfc, 0x17, 0x0,
    0x85, 0x6c, 0x3, 0xff, 0x83, 0x5f, 0xf7, 0x50,
    0x80,

    /* U+9664 "除" */
    0x0, 0xff, 0xe0, 0x55, 0x10, 0x3, 0xff, 0x8a,
    0xca, 0xaa, 0x0, 0xf7, 0x7f, 0xf5, 0x0, 0x68,
    0x0, 0xc, 0x0, 0x7f, 0xc2, 0x1, 0x48, 0x83,
    0x3, 0xa0, 0x7, 0xa6, 0xd8, 0x4, 0x0, 0xac,
    0x11, 0x26, 0x14, 0x40, 0x1c, 0xa8, 0x61, 0xe0,
    0x74, 0x6, 0xe1, 0xc0, 0x38, 0x40, 0x1e, 0x40,
    0x43, 0xd0, 0x2d, 0x0, 0x15, 0x80, 0xe1, 0x80,
    0x62, 0x13, 0x5c, 0x10, 0x82, 0x33, 0x9d, 0x80,
    0x71, 0x0, 0x24, 0xb, 0xd0, 0x10, 0xac, 0xce,
    0x65, 0x0, 0x30, 0x5, 0x80, 0x90, 0x7e, 0x1,
    0xfb, 0xf5, 0xc8, 0x3, 0x94, 0x70, 0x7f, 0xe3,
    0xa, 0xff, 0x29, 0x40, 0x6, 0x80, 0x80, 0xf,
    0xfe, 0x31, 0x28, 0xad, 0xff, 0xe3, 0xa, 0xff,
    0xd2, 0x1, 0xde, 0x18, 0x1, 0xff, 0xc6, 0x60,
    0x58, 0xbb, 0xc4, 0xf, 0x77, 0xc0, 0x1f, 0x9,
    0xe7, 0xb2, 0x8, 0x6a, 0xfb, 0x21, 0x0, 0x4e,
    0x92, 0xc, 0x4e, 0x82, 0x1, 0xa5, 0x3c, 0x3,
    0xb6, 0xd4, 0x32, 0x1, 0x4c, 0x3, 0x41, 0x95,
    0x0, 0x6f, 0x23, 0x71, 0x51, 0xb0, 0xf, 0x68,
    0xab, 0x80, 0x4b, 0xb9, 0x52, 0x16, 0x64, 0x64,
    0x1, 0xd, 0x4, 0x18, 0x7, 0x12, 0xb2, 0xce,
    0xe0, 0x83, 0x0, 0x11, 0xe0, 0xc0, 0x3d, 0x52,
    0x18, 0x1, 0x29, 0x80, 0x50, 0xe0, 0x1f, 0xe7,
    0xff, 0xa8, 0x3, 0xe0,

    /* U+9690 "隐" */
    0x0, 0xff, 0x4b, 0x8, 0x7, 0xe7, 0x7f, 0x20,
    0x1, 0xda, 0x40, 0x3f, 0xa6, 0x23, 0xb8, 0x6,
    0x0, 0x6a, 0xef, 0x40, 0x7, 0x33, 0xc, 0xc,
    0x28, 0x0, 0x28, 0x9e, 0x0, 0xe8, 0x96, 0xf,
    0x84, 0x1c, 0xdd, 0xa8, 0x1, 0x40, 0x1f, 0x20,
    0x73, 0x85, 0x19, 0x10, 0x2c, 0x1d, 0x80, 0x3c,
    0x62, 0x46, 0x3, 0xf7, 0x76, 0x8, 0x1d, 0xd8,
    0x80, 0x32, 0x2, 0xd3, 0xa, 0x26, 0x10, 0x2,
    0x24, 0x20, 0x1a, 0xc3, 0x6, 0x73, 0x3f, 0x80,
    0x3e, 0x30, 0x60, 0x1, 0x9f, 0xf0, 0x7, 0xd0,
    0x10, 0x7, 0xff, 0xfc, 0x1, 0xf3, 0x8a, 0x89,
    0x33, 0x7f, 0x0, 0x7e, 0x70, 0x71, 0x99, 0xfe,
    0x0, 0xfd, 0x81, 0xe9, 0xbb, 0xfc, 0x1, 0xf8,
    0x40, 0xc8, 0xbf, 0xc0, 0x1f, 0x8c, 0x0, 0xdf,
    0xf7, 0x9, 0xff, 0xed, 0x30, 0xa, 0x3a, 0x0,
    0xb5, 0x3b, 0xcd, 0xd, 0x80, 0x19, 0x80, 0xd,
    0xc2, 0xa, 0x4, 0x20, 0x15, 0x86, 0xbc, 0x30,
    0xb0, 0x4, 0xbb, 0xf4, 0xa0, 0xa0, 0x10, 0xe5,
    0xe3, 0xc8, 0x40, 0x4, 0x64, 0x8, 0x4a, 0x1,
    0x30, 0x18, 0x30, 0x12, 0x8a, 0x80, 0x77, 0x7,
    0x1, 0x5, 0xff, 0xc4, 0x22, 0xe0, 0xd0, 0xe,
    0xab, 0x40, 0x82, 0x0, 0xc5, 0x60, 0x9b, 0x0,
    0x1e, 0x40, 0x2, 0x6f, 0xfe, 0xd5, 0x0, 0x10,
    0x0,

    /* U+9762 "面" */
    0x23, 0x3f, 0xfe, 0x40, 0x4e, 0x67, 0xff, 0x20,
    0x44, 0x1, 0xff, 0xc9, 0xaf, 0xff, 0xb8, 0x1,
    0x1f, 0xff, 0xc2, 0x1, 0xfa, 0x40, 0xc, 0x1,
    0xff, 0x47, 0xff, 0x9c, 0x1, 0xdf, 0xff, 0x80,
    0x3f, 0xf9, 0xe7, 0x98, 0x50, 0x5c, 0xca, 0x80,
    0x19, 0x89, 0x0, 0xf9, 0xcc, 0xe0, 0x33, 0xcc,
    0x0, 0x33, 0x10, 0x7, 0xff, 0x4, 0x8a, 0x70,
    0xf, 0xfe, 0x2b, 0x6e, 0xd6, 0x1, 0xff, 0xc5,
    0x13, 0x3c, 0x1, 0xff, 0xc5, 0x7c, 0xcb, 0xc0,
    0x3f, 0xfb, 0x6d, 0xff, 0x60, 0x7, 0xff, 0x18,
    0x8a, 0x10, 0xf, 0xfe, 0x2b, 0x6e, 0xe0, 0xf,
    0xfe, 0xb2, 0x7f, 0x98, 0x1b, 0xfe, 0xc0, 0x7,
    0xfa, 0xc0, 0x3f, 0xfa, 0x29, 0xdd, 0xff, 0xc1,
    0xa0, 0xf, 0xc2, 0x3f, 0xfc, 0x20, 0xc,

    /* U+9879 "项" */
    0x25, 0x5f, 0x1e, 0xff, 0xff, 0xf0, 0x5, 0x6a,
    0xbe, 0x30, 0xf, 0xfe, 0x8, 0x80, 0x7d, 0x99,
    0xc0, 0x6, 0xcc, 0xe1, 0x6f, 0xe0, 0x6, 0x7c,
    0x91, 0x9c, 0x20, 0xd, 0x33, 0xe0, 0xf, 0xe1,
    0x22, 0x94, 0x0, 0xe4, 0x58, 0x3, 0xfd, 0x1b,
    0xb4, 0x0, 0x33, 0x77, 0x20, 0x7, 0xff, 0x0,
    0x47, 0xe0, 0xf, 0xfe, 0x12, 0xf7, 0x7c, 0x1,
    0xff, 0xc5, 0xdf, 0x70, 0xf, 0xff, 0xa8, 0x80,
    0x7f, 0xf1, 0xcc, 0x3, 0xff, 0x84, 0x88, 0x0,
    0xc2, 0x20, 0x20, 0xf, 0xc8, 0x0, 0xcb, 0xe0,
    0xc, 0x80, 0xd, 0x0, 0xf4, 0xfd, 0x0, 0x74,
    0x65, 0x8d, 0x80, 0x1b, 0x4b, 0x30, 0x80, 0x18,
    0x56, 0x76, 0x84, 0xcd, 0x82, 0x10, 0x5, 0xaa,
    0x60, 0xd, 0x8c, 0xea, 0x62, 0x1, 0x8d, 0x20,
    0xb7, 0xc2, 0x9, 0xa0, 0x2, 0x39, 0x80, 0x45,
    0x3c, 0xe0, 0x38, 0x80, 0x78, 0x80, 0xba, 0x40,
    0x1f, 0x30, 0x1, 0xf8, 0xc0, 0x21, 0xb7, 0x0,
    0x10, 0x7, 0x89, 0xdd, 0xd0, 0x1, 0xf4, 0x5f,
    0x0,

    /* U+9884 "预" */
    0x12, 0x2f, 0x84, 0x8, 0xbf, 0xe0, 0x8d, 0xdf,
    0xb1, 0xb7, 0x7f, 0xe2, 0x10, 0xf, 0xfe, 0x4c,
    0x7f, 0x7f, 0xb8, 0x41, 0x5b, 0xfe, 0xe0, 0x7,
    0x7f, 0xe2, 0x5, 0xe4, 0xa, 0x13, 0x80, 0xc,
    0x80, 0x22, 0x0, 0xf3, 0x5, 0xca, 0xe, 0x80,
    0x26, 0xa9, 0x0, 0xa, 0xac, 0x20, 0x3, 0x90,
    0x60, 0xa1, 0x0, 0x3a, 0xa8, 0x80, 0x55, 0x71,
    0x80, 0x4c, 0xc0, 0x24, 0x0, 0xea, 0xbb, 0xe0,
    0xd, 0x9f, 0xe6, 0x2, 0xff, 0x84, 0x0, 0x88,
    0xef, 0x64, 0x10, 0xf, 0xfe, 0x2a, 0x21, 0x80,
    0x3b, 0xb3, 0x6, 0xf, 0x82, 0x2, 0x1, 0xff,
    0xc0, 0x23, 0x33, 0x86, 0x98, 0x90, 0x7, 0xff,
    0x1d, 0x1, 0xc0, 0x38, 0x40, 0x3f, 0xf8, 0x24,
    0x18, 0x1, 0xf3, 0x80, 0x7f, 0xcd, 0xae, 0x1,
    0x8c, 0x0, 0x40, 0x1f, 0xfc, 0x2, 0x10, 0xd,
    0x60, 0x4, 0x0, 0xff, 0xe1, 0xe6, 0x15, 0xc0,
    0x15, 0x3b, 0x84, 0x1, 0xff, 0x13, 0x58, 0x14,
    0x3, 0x79, 0x0, 0x9, 0x56, 0x0, 0xe3, 0xca,
    0x1, 0xf7, 0xb0, 0x3f, 0x40, 0x4a, 0xa0, 0x83,
    0x0, 0x33, 0x6, 0x9, 0xe4, 0x9, 0xa4, 0x36,
    0x64, 0x0, 0x17, 0x30, 0x5, 0x81, 0x55, 0x88,
    0x4, 0x58, 0x67, 0x27, 0xfb, 0xa0, 0x2, 0x7a,
    0xd5, 0x0, 0xf0, 0xe6, 0x80,

    /* U+98DF "食" */
    0x0, 0xfe, 0x19, 0x92, 0x0, 0x7f, 0xf1, 0xb5,
    0x99, 0x66, 0x1, 0xff, 0xc3, 0x1c, 0x30, 0x20,
    0xc4, 0x0, 0xff, 0xe0, 0xa7, 0x98, 0x4e, 0x10,
    0x5c, 0x0, 0x7f, 0x86, 0x6c, 0x42, 0xdc, 0xb1,
    0x1, 0xf1, 0x0, 0x3e, 0x7e, 0x60, 0x3d, 0xe,
    0xc1, 0xb7, 0x3, 0xbb, 0x18, 0x0, 0x63, 0xe0,
    0x1, 0x18, 0x48, 0x20, 0xc1, 0x18, 0x60, 0x99,
    0x85, 0x67, 0x0, 0x8a, 0xf3, 0x20, 0x4, 0x66,
    0x3c, 0x3, 0x1e, 0x30, 0x33, 0x81, 0x19, 0xe1,
    0x1, 0x33, 0xc1, 0x34, 0x74, 0x3f, 0x3c, 0x3,
    0xff, 0xfe, 0x10, 0x2, 0xe1, 0x80, 0x7f, 0xf3,
    0xc7, 0xff, 0xfc, 0x20, 0x1f, 0xf3, 0x37, 0xf8,
    0x3, 0xfe, 0x19, 0x9f, 0xf0, 0x80, 0x7f, 0x87,
    0x77, 0xfc, 0x20, 0x1f, 0xf1, 0x17, 0xf8, 0x1,
    0x62, 0x1, 0xf0, 0xff, 0xad, 0x2b, 0xff, 0xa0,
    0xa, 0x80, 0x3f, 0xdc, 0x95, 0xd2, 0x69, 0xb0,
    0xf, 0x60, 0x1f, 0xea, 0x93, 0x16, 0xcb, 0x23,
    0xd8, 0x0, 0xff, 0x24, 0x51, 0xeb, 0x88, 0x0,
    0xe5, 0x40, 0x3d, 0xa0, 0x3f, 0x6e, 0x60, 0x51,
    0xd4, 0x80, 0x95, 0xd0, 0x1, 0x98, 0x3, 0x24,
    0x60, 0x4, 0xb7, 0xae, 0x22, 0x30, 0xd, 0x49,
    0x19, 0xf6, 0xe6, 0x1, 0xc5, 0x1d, 0x3e, 0x0,

    /* U+9910 "餐" */
    0x0, 0xe3, 0x84, 0x0, 0xff, 0xe3, 0xa3, 0xfb,
    0x34, 0xe, 0xff, 0x90, 0x3, 0x20, 0x4, 0x93,
    0x31, 0x44, 0x7e, 0xc0, 0xa, 0x2d, 0x80, 0xd,
    0xff, 0x13, 0xcd, 0x55, 0x20, 0xe, 0x0, 0x13,
    0x84, 0xc0, 0x37, 0xfa, 0x5, 0xa4, 0x95, 0xec,
    0x15, 0x80, 0x70, 0x11, 0xde, 0x60, 0x8, 0x60,
    0x63, 0xb0, 0x92, 0x80, 0x14, 0x20, 0x9f, 0x16,
    0xe0, 0x54, 0xd, 0x0, 0x22, 0x9, 0x0, 0xa1,
    0xb4, 0xe3, 0x70, 0x53, 0x4, 0xae, 0x40, 0x84,
    0x35, 0x80, 0x7, 0x20, 0x80, 0x43, 0x35, 0xb9,
    0xa0, 0x95, 0xbe, 0xa1, 0x38, 0x29, 0x9a, 0xe0,
    0xfe, 0x5e, 0x64, 0x8, 0x28, 0x3, 0x56, 0x20,
    0x22, 0x31, 0x7e, 0x9b, 0xb0, 0xb6, 0x59, 0x2f,
    0xb0, 0x1, 0x3f, 0x81, 0x6f, 0xaa, 0x39, 0x46,
    0xed, 0xdf, 0xae, 0x33, 0xce, 0x22, 0x20, 0xa,
    0xf5, 0x80, 0x64, 0x90, 0x11, 0xb9, 0xc0, 0x63,
    0xad, 0x42, 0xec, 0x80, 0x1a, 0x62, 0x2, 0x28,
    0x83, 0x0, 0x4, 0x12, 0x9b, 0x4a, 0x20, 0x0,
    0xaa, 0xfe, 0x50, 0x5e, 0x82, 0x76, 0xd7, 0x10,
    0x4, 0xcf, 0xf2, 0x0, 0x5, 0xf4, 0x40, 0x3d,
    0x11, 0xfc, 0x80, 0x1f, 0xfc, 0xa, 0xaf, 0xe5,
    0x7, 0xa1, 0x0, 0xf8, 0x7f, 0xc2, 0xb, 0x3d,
    0xfe, 0xc5, 0x35, 0x70, 0xf, 0xf5, 0x22, 0xcf,
    0x6e, 0x61, 0x5b, 0x58, 0x3, 0xbc, 0x6, 0xb6,
    0xd0, 0xf1, 0xc0, 0xc0, 0x4, 0x84, 0x1, 0xc8,
    0x0, 0x52, 0x22, 0xd1, 0xc6, 0xea, 0x51, 0x13,
    0xaa, 0x1, 0xad, 0xa7, 0x3f, 0x69, 0x80, 0x22,
    0x6b, 0xea, 0x55, 0x0,

    /* U+9970 "饰" */
    0x0, 0xc6, 0x40, 0x1e, 0x53, 0x0, 0xff, 0xe0,
    0xee, 0x94, 0x3, 0xd, 0x62, 0x0, 0x7f, 0xc4,
    0x20, 0x80, 0x19, 0xc0, 0x50, 0x3, 0xfe, 0x50,
    0x22, 0x19, 0x84, 0x2c, 0x1, 0x55, 0xf9, 0xc0,
    0x2b, 0x2, 0xcc, 0x99, 0x8, 0x5, 0x57, 0xf6,
    0x0, 0x8, 0xc0, 0x3d, 0x0, 0x6e, 0xff, 0xda,
    0x0, 0xa0, 0x3f, 0xf1, 0x87, 0x98, 0x7c, 0x4f,
    0x72, 0x23, 0x98, 0x0, 0xc1, 0x20, 0x26, 0x28,
    0xa, 0x60, 0x53, 0x0, 0x1f, 0x38, 0x88, 0x12,
    0x41, 0xb5, 0xac, 0x3, 0xff, 0x81, 0x20, 0xd5,
    0x60, 0x54, 0x34, 0xa8, 0x85, 0x1, 0x44, 0xc6,
    0x0, 0x91, 0x90, 0x5, 0x69, 0x6, 0x5d, 0xd2,
    0x0, 0xbb, 0xda, 0x0, 0x7b, 0x10, 0xf, 0xc4,
    0x50, 0x0, 0x8a, 0x0, 0xe5, 0x0, 0xfe, 0xfd,
    0xe0, 0x1d, 0xd7, 0x80, 0x7f, 0xff, 0xc0, 0x31,
    0x50, 0x7, 0xff, 0x21, 0x75, 0x44, 0x3, 0xf9,
    0x80, 0x3f, 0xa0, 0xc, 0x3, 0xf2, 0xf5, 0x81,
    0x80, 0x64, 0x0, 0x97, 0x4, 0x3, 0xe6, 0x10,
    0x5, 0x80, 0x63, 0x0, 0x3d, 0x0, 0x2a, 0x84,
    0x1, 0x8f, 0x31, 0xcc, 0x1, 0x9c, 0xa6, 0x0,
    0x25, 0x50, 0x7, 0x8c, 0xc2, 0x1, 0xed, 0x60,
    0xf, 0xfe, 0x28,

    /* U+9988 "馈" */
    0x0, 0xb, 0x18, 0x7, 0xe3, 0x75, 0x0, 0xfc,
    0xf3, 0xc0, 0x1f, 0x92, 0x24, 0x3, 0xf7, 0x83,
    0x80, 0x47, 0x99, 0xa8, 0xf, 0x33, 0x40, 0x4,
    0xe1, 0xa4, 0x53, 0x99, 0xe2, 0x0, 0x19, 0xf0,
    0x0, 0x84, 0x23, 0x75, 0x80, 0x4, 0xff, 0x40,
    0x1f, 0xfa, 0x80, 0x32, 0x80, 0x7f, 0xf1, 0x4,
    0x3, 0x50, 0x4f, 0xd0, 0x28, 0x1, 0x3f, 0xd0,
    0x7, 0xfe, 0xb0, 0x8, 0xc8, 0x1c, 0x38, 0x39,
    0xcc, 0xf1, 0x0, 0xc, 0xf8, 0x28, 0x11, 0xc,
    0x82, 0xa7, 0x99, 0xa8, 0xf, 0x33, 0x40, 0x60,
    0x6d, 0x4b, 0xcb, 0x6e, 0xf4, 0x81, 0xee, 0xf6,
    0x2b, 0x28, 0xc, 0x38, 0x91, 0x70, 0x80, 0x8,
    0xbc, 0x12, 0x1, 0xcf, 0xff, 0xff, 0xc1, 0xe0,
    0xf, 0xec, 0xcf, 0xf9, 0x40, 0x3f, 0xc6, 0x7f,
    0xf1, 0x0, 0x7f, 0xf0, 0x37, 0xb6, 0xf3, 0xb8,
    0x80, 0x1f, 0xfc, 0x23, 0x15, 0xb8, 0x11, 0x0,
    0x7f, 0x8d, 0x0, 0x3b, 0x80, 0x40, 0x3f, 0xe6,
    0xcf, 0x0, 0xe4, 0x0, 0xff, 0x38, 0xc, 0x80,
    0x57, 0x60, 0xb2, 0x5, 0xe7, 0x8c, 0x60, 0xb,
    0x40, 0x28, 0xb0, 0x6c, 0xf4, 0x7, 0x21, 0x8c,
    0xa0, 0xd, 0xc0, 0x36, 0xee, 0xdd, 0x38, 0x8a,
    0xe3, 0x68, 0x81, 0xba, 0x0, 0xe, 0xef, 0x40,
    0x12, 0x2, 0x8e, 0x40, 0x2, 0xed, 0x10, 0x70,
    0x5, 0x2, 0x0, 0x68, 0xdd, 0x38, 0x7, 0x97,
    0x69, 0x80,

    /* U+9996 "首" */
    0x0, 0xff, 0xe7, 0xc, 0x71, 0x80, 0x7a, 0x6d,
    0x80, 0x3f, 0x85, 0x47, 0x80, 0x38, 0xd9, 0x38,
    0x3, 0xfd, 0xc0, 0x4e, 0x1, 0xb8, 0xa, 0x0,
    0x3a, 0xb7, 0x77, 0x0, 0x2b, 0x76, 0xe2, 0x3,
    0xdd, 0xe4, 0x62, 0x2e, 0x0, 0x11, 0x61, 0x0,
    0x9, 0x17, 0xf, 0xdd, 0xfe, 0x20, 0x2b, 0xbf,
    0xe4, 0x34, 0x4f, 0xc4, 0x8, 0x9f, 0xe1, 0x0,
    0xa, 0x27, 0x30, 0x0, 0x51, 0x3c, 0x60, 0x1c,
    0xb7, 0x7d, 0x20, 0x7, 0xbb, 0xf7, 0x80, 0x7e,
    0x22, 0xff, 0x84, 0x3, 0xfd, 0xfb, 0xbf, 0xe7,
    0x0, 0xff, 0x76, 0x67, 0xf9, 0xc0, 0x3f, 0xc6,
    0x7f, 0xf0, 0x80, 0x7f, 0xaa, 0xef, 0xfc, 0x80,
    0x1f, 0xe7, 0x44, 0xff, 0x10, 0x7, 0xfb, 0xf7,
    0x7f, 0xce, 0x1, 0xfe, 0x22, 0xff, 0x84, 0x3,
    0xfd, 0x7b, 0xbf, 0xe5, 0x0, 0xff, 0x31, 0x17,
    0xf8, 0xc0, 0x3f, 0xdb, 0xff, 0xfe, 0x60, 0xf,
    0xfe, 0xa6, 0xff, 0xff, 0x98, 0x3, 0xff, 0xa2,
    0x9f, 0xe2, 0x0, 0xff, 0x4f, 0xe0, 0x4,

    /* U+9999 "香" */
    0x0, 0xfc, 0x22, 0x23, 0x45, 0x67, 0x89, 0xb0,
    0xe, 0x9e, 0xe7, 0xfd, 0xdc, 0xdc, 0xba, 0x98,
    0x76, 0x43, 0x0, 0xe1, 0x10, 0x7, 0xc6, 0x8a,
    0xcf, 0x12, 0x40, 0x1a, 0x37, 0x5d, 0xcf, 0xf6,
    0x0, 0x36, 0xea, 0x61, 0xd8, 0x40, 0x30, 0x91,
    0x4, 0x40, 0x7, 0x0, 0xff, 0xe0, 0x1f, 0xff,
    0xeb, 0x0, 0x77, 0xff, 0xe0, 0x11, 0xfc, 0x1,
    0xe1, 0x1f, 0x80, 0xbb, 0xbb, 0x48, 0x3, 0xc9,
    0xfd, 0xdc, 0x1, 0xc5, 0x58, 0x69, 0x60, 0xc,
    0x35, 0xe9, 0x10, 0xf, 0x1d, 0x6a, 0x8d, 0x5b,
    0x80, 0xb, 0x28, 0x5b, 0xad, 0x0, 0xd, 0xb8,
    0xa3, 0x3c, 0xa0, 0x2a, 0xa1, 0x5, 0xe9, 0x24,
    0xbe, 0x60, 0x22, 0x8, 0x47, 0x75, 0x88, 0x8e,
    0xed, 0x6, 0xa8, 0x2a, 0xd9, 0xa4, 0x23, 0xff,
    0xc2, 0xcb, 0xe3, 0x3, 0x0, 0x97, 0xbb, 0xfc,
    0x1, 0x84, 0x3, 0xe1, 0x1f, 0xf0, 0x7, 0xfc,
    0x99, 0x9f, 0xe0, 0xf, 0xf8, 0x4c, 0xff, 0xc0,
    0x1f, 0xf2, 0xff, 0xff, 0x80, 0x3f, 0xfa, 0xab,
    0xff, 0xfe, 0x0, 0xff, 0x84, 0xcf, 0xfc, 0x1,
    0xff, 0x26, 0x67, 0xf8, 0x3, 0xfb, 0x3e, 0x80,
    0x3f, 0xdf, 0xe6, 0x0, 0x80,

    /* U+9A8C "验" */
    0x0, 0xff, 0xe0, 0xa3, 0xa0, 0x7, 0x84, 0x7e,
    0x0, 0xf5, 0x45, 0x0, 0x7a, 0xfb, 0xbc, 0xa0,
    0x19, 0xc4, 0x6, 0x0, 0x38, 0xc0, 0x3c, 0x20,
    0x11, 0x40, 0x10, 0x39, 0x0, 0x69, 0xdb, 0xef,
    0x40, 0x70, 0xb, 0xc0, 0x74, 0xc3, 0xc0, 0x3a,
    0xec, 0x80, 0xe0, 0x20, 0xb, 0x20, 0xd0, 0xe0,
    0x2b, 0x0, 0xc6, 0x2, 0x2, 0x6, 0x16, 0x81,
    0x26, 0x5, 0x60, 0x96, 0x1, 0x8, 0x38, 0x18,
    0x1e, 0xa0, 0x43, 0x0, 0x49, 0x20, 0x9a, 0x40,
    0xe0, 0x20, 0x20, 0x84, 0x3, 0x79, 0x9d, 0x42,
    0x4, 0x80, 0x20, 0x62, 0x2, 0xc7, 0x44, 0x67,
    0xfa, 0xcd, 0x80, 0x80, 0x4, 0x1, 0x62, 0xcc,
    0x47, 0xe4, 0xc0, 0xd, 0xd8, 0x3, 0xe0, 0x40,
    0xee, 0xfe, 0x77, 0xb5, 0x0, 0x2, 0x1, 0xfb,
    0x28, 0x0, 0xec, 0x0, 0x27, 0xa0, 0x0, 0xff,
    0xec, 0x1, 0x4, 0x3, 0x4, 0x4, 0x4, 0x7,
    0x0, 0xf9, 0xc0, 0xc3, 0x2, 0xc3, 0x43, 0x43,
    0x43, 0x40, 0xa, 0xf5, 0xbe, 0x1, 0x90, 0x10,
    0x10, 0x10, 0x50, 0x10, 0x1, 0x70, 0xa4, 0x2,
    0x2, 0x4, 0x26, 0x4, 0x24, 0xe0, 0xa0, 0x12,
    0xaa, 0x2f, 0x8c, 0x1c, 0x0, 0x80, 0x80, 0xcf,
    0x41, 0xe0, 0x15, 0xd3, 0xa0, 0x80, 0x77, 0x4a,
    0x84, 0x40, 0xc1, 0x40, 0x3f, 0x60, 0x9, 0x20,
    0x12, 0xa2, 0x1c, 0xd, 0x10, 0x60, 0x5, 0xff,
    0x94, 0x32, 0xef, 0xe8, 0x3, 0xbb, 0x60, 0x1,
    0xc0, 0x21, 0x66, 0x0, 0x7f, 0xf0, 0x4, 0x0,

    /* U+9E21 "鸡" */
    0x0, 0xff, 0xe1, 0x3b, 0x8c, 0x3, 0xff, 0x8e,
    0x31, 0x5, 0x0, 0xf8, 0x99, 0xbe, 0x1, 0x55,
    0x40, 0x4, 0xab, 0x80, 0x25, 0x99, 0xf8, 0x52,
    0xa8, 0xc0, 0x9, 0xaa, 0xc0, 0x1f, 0xfc, 0x21,
    0x66, 0xe5, 0x0, 0xe7, 0xff, 0xd6, 0x0, 0x10,
    0x1, 0xc9, 0x8c, 0xcc, 0x2, 0x1, 0x95, 0x80,
    0x6, 0x6, 0x1, 0x85, 0xde, 0x7, 0x0, 0xe5,
    0xa9, 0x10, 0xd0, 0x50, 0xc, 0x38, 0x50, 0x22,
    0x3, 0x0, 0x94, 0x82, 0x1, 0xc3, 0xc0, 0x38,
    0x7f, 0x7, 0xc0, 0x40, 0x34, 0x3, 0x21, 0x2,
    0x80, 0x7b, 0xf7, 0xd4, 0x2c, 0x3, 0x29, 0x5,
    0x0, 0x98, 0x7, 0x98, 0x40, 0xa1, 0xc0, 0x3a,
    0x40, 0x41, 0xc0, 0x3e, 0xbf, 0xf6, 0xb8, 0x7,
    0x90, 0xc0, 0x1a, 0x1, 0x8b, 0xff, 0xf8, 0xc0,
    0x32, 0x0, 0x4, 0x3, 0xff, 0x84, 0x20, 0x10,
    0xb8, 0x2, 0x0, 0xb, 0xff, 0xfb, 0x40, 0x6,
    0x1, 0x48, 0x4, 0x4e, 0x1, 0xfe, 0x10, 0x0,
    0x80, 0x9, 0xc1, 0xd0, 0x20, 0x77, 0xff, 0xea,
    0x70, 0xe, 0x90, 0x19, 0x80, 0x4, 0x8, 0x7,
    0xc6, 0x20, 0x20, 0x6, 0x40, 0x81, 0x35, 0x6,
    0xef, 0xff, 0xa4, 0xc0, 0xc0, 0x16, 0x8, 0xc0,
    0xb, 0x5, 0x0, 0xc8, 0x99, 0x6c, 0x18, 0x1,
    0x1, 0x40, 0x10, 0xf5, 0x10, 0x5, 0x57, 0x75,
    0x10, 0x70, 0x1, 0x70, 0x40, 0x30, 0x80, 0x72,
    0x80, 0x63, 0x95, 0x0,

    /* U+9ED1 "黑" */
    0x0, 0x11, 0x9f, 0xff, 0x14, 0x3, 0x46, 0x67,
    0xff, 0x14, 0x40, 0x38, 0x48, 0xb8, 0x0, 0x24,
    0x5c, 0x1, 0xf9, 0xfc, 0x63, 0x74, 0x21, 0x7b,
    0xa6, 0x8f, 0x0, 0xfe, 0x13, 0xa2, 0x0, 0xe9,
    0x49, 0x0, 0xff, 0x1c, 0x7, 0x0, 0x67, 0x61,
    0xd0, 0xf, 0xf9, 0xda, 0x0, 0x32, 0xa6, 0x88,
    0x7, 0xf3, 0xee, 0x92, 0x74, 0x42, 0xfd, 0xbb,
    0x7c, 0x3, 0xf0, 0x91, 0x70, 0x0, 0x48, 0xb8,
    0x3, 0xd7, 0xbb, 0xf0, 0x84, 0x6e, 0xfc, 0x20,
    0x10, 0x91, 0x7c, 0x0, 0x22, 0xfc, 0x1, 0xbf,
    0xff, 0x8, 0x57, 0xff, 0xce, 0x1, 0xff, 0xc9,
    0x10, 0xb, 0xff, 0xf0, 0x85, 0x7f, 0xfc, 0xc0,
    0x1, 0x1f, 0xe0, 0x1, 0x88, 0xff, 0x2f, 0x77,
    0xf0, 0x84, 0xf7, 0x7e, 0xc1, 0x22, 0xff, 0xe4,
    0x32, 0x6e, 0x81, 0x73, 0x7a, 0xb3, 0x75, 0xc9,
    0xfb, 0xae, 0x69, 0xdb, 0x0, 0x41, 0x38, 0x87,
    0x43, 0x0, 0x3d, 0xa0, 0x1, 0x9, 0x40, 0x11,
    0x38, 0x38, 0x1, 0x3, 0x0, 0x12, 0xa, 0x21,
    0x20, 0x32, 0x0, 0xe0, 0x18, 0x0, 0x60, 0x20,
    0x1, 0x44, 0x24, 0xa, 0x1, 0x8c, 0x2c, 0x20,
    0x2, 0x74, 0x71, 0x0, 0x4b, 0xd0, 0x1, 0xc9,
    0xcc, 0x1f, 0x98, 0x2, 0x2b, 0x81, 0x0, 0x3c,
    0x10, 0x5, 0xb0, 0x0,

    /* U+FF0C "，" */
    0x1, 0x18, 0x1, 0x5d, 0xc8, 0x0, 0xff, 0xab,
    0x43, 0xc0, 0x44, 0x4, 0x3, 0xc2, 0xa1, 0x85,
    0xa0, 0x9, 0xe3, 0x0,

    /* U+FF1A "：" */
    0x23, 0x30, 0xfe, 0x61, 0xc0, 0x3f, 0x6f, 0xf9,
    0x80, 0x3f, 0xf9, 0x2, 0x30, 0x67, 0x71, 0x80,
    0x3f, 0x66, 0xe9, 0x80,

    /* U+FF1B "；" */
    0x2, 0x28, 0x1, 0x9b, 0xa5, 0x0, 0xff, 0xbf,
    0xb8, 0xa0, 0x23, 0x0, 0x7f, 0xf2, 0x84, 0x60,
    0x7, 0xf7, 0x14, 0x3, 0xfe, 0xcb, 0x0, 0x88,
    0x80, 0xe0, 0x70, 0x64, 0x38, 0x7a, 0x3, 0x5a,
    0x20,

    /* U+FF5C "｜" */
    0x19, 0x92, 0x9b, 0x33, 0x0, 0x3f, 0xff, 0xe0,
    0x1c
};


/*---------------------
 *  GLYPH DESCRIPTION
 *--------------------*/

static const lv_font_fmt_txt_glyph_dsc_t glyph_dsc[] = {
    {.bitmap_index = 0, .adv_w = 0, .box_w = 0, .box_h = 0, .ofs_x = 0, .ofs_y = 0} /* id = 0 reserved */,
    {.bitmap_index = 0, .adv_w = 113, .box_w = 0, .box_h = 0, .ofs_x = 0, .ofs_y = 0},
    {.bitmap_index = 0, .adv_w = 111, .box_w = 5, .box_h = 19, .ofs_x = 1, .ofs_y = 0},
    {.bitmap_index = 33, .adv_w = 147, .box_w = 8, .box_h = 7, .ofs_x = 1, .ofs_y = 14},
    {.bitmap_index = 62, .adv_w = 279, .box_w = 16, .box_h = 19, .ofs_x = 1, .ofs_y = 0},
    {.bitmap_index = 187, .adv_w = 230, .box_w = 14, .box_h = 24, .ofs_x = 0, .ofs_y = -2},
    {.bitmap_index = 321, .adv_w = 329, .box_w = 21, .box_h = 19, .ofs_x = 0, .ofs_y = 0},
    {.bitmap_index = 493, .adv_w = 285, .box_w = 18, .box_h = 19, .ofs_x = 0, .ofs_y = 0},
    {.bitmap_index = 640, .adv_w = 80, .box_w = 4, .box_h = 7, .ofs_x = 0, .ofs_y = 14},
    {.bitmap_index = 654, .adv_w = 129, .box_w = 7, .box_h = 23, .ofs_x = 1, .ofs_y = -1},
    {.bitmap_index = 727, .adv_w = 129, .box_w = 7, .box_h = 23, .ofs_x = 0, .ofs_y = -1},
    {.bitmap_index = 802, .adv_w = 172, .box_w = 9, .box_h = 8, .ofs_x = 1, .ofs_y = 11},
    {.bitmap_index = 837, .adv_w = 241, .box_w = 13, .box_h = 12, .ofs_x = 1, .ofs_y = 3},
    {.bitmap_index = 869, .adv_w = 106, .box_w = 5, .box_h = 9, .ofs_x = 1, .ofs_y = -5},
    {.bitmap_index = 889, .adv_w = 180, .box_w = 11, .box_h = 3, .ofs_x = 0, .ofs_y = 8},
    {.bitmap_index = 898, .adv_w = 102, .box_w = 4, .box_h = 4, .ofs_x = 1, .ofs_y = 0},
    {.bitmap_index = 905, .adv_w = 163, .box_w = 10, .box_h = 19, .ofs_x = 0, .ofs_y = 0},
    {.bitmap_index = 977, .adv_w = 250, .box_w = 14, .box_h = 19, .ofs_x = 1, .ofs_y = 0},
    {.bitmap_index = 1096, .adv_w = 170, .box_w = 7, .box_h = 19, .ofs_x = 1, .ofs_y = 0},
    {.bitmap_index = 1122, .adv_w = 227, .box_w = 12, .box_h = 19, .ofs_x = 1, .ofs_y = 0},
    {.bitmap_index = 1217, .adv_w = 234, .box_w = 13, .box_h = 19, .ofs_x = 1, .ofs_y = 0},
    {.bitmap_index = 1317, .adv_w = 236, .box_w = 15, .box_h = 19, .ofs_x = 0, .ofs_y = 0},
    {.bitmap_index = 1397, .adv_w = 234, .box_w = 13, .box_h = 19, .ofs_x = 1, .ofs_y = 0},
    {.bitmap_index = 1500, .adv_w = 237, .box_w = 13, .box_h = 19, .ofs_x = 1, .ofs_y = 0},
    {.bitmap_index = 1607, .adv_w = 211, .box_w = 13, .box_h = 19, .ofs_x = 0, .ofs_y = 0},
    {.bitmap_index = 1688, .adv_w = 250, .box_w = 14, .box_h = 19, .ofs_x = 1, .ofs_y = 0},
    {.bitmap_index = 1813, .adv_w = 240, .box_w = 13, .box_h = 19, .ofs_x = 1, .ofs_y = 0},
    {.bitmap_index = 1920, .adv_w = 102, .box_w = 4, .box_h = 14, .ofs_x = 1, .ofs_y = 0},
    {.bitmap_index = 1938, .adv_w = 106, .box_w = 5, .box_h = 19, .ofs_x = 1, .ofs_y = -5},
    {.bitmap_index = 1970, .adv_w = 241, .box_w = 13, .box_h = 16, .ofs_x = 1, .ofs_y = 1},
    {.bitmap_index = 2050, .adv_w = 241, .box_w = 13, .box_h = 9, .ofs_x = 1, .ofs_y = 5},
    {.bitmap_index = 2076, .adv_w = 241, .box_w = 13, .box_h = 16, .ofs_x = 1, .ofs_y = 1},
    {.bitmap_index = 2157, .adv_w = 199, .box_w = 12, .box_h = 19, .ofs_x = 0, .ofs_y = 0},
    {.bitmap_index = 2241, .adv_w = 325, .box_w = 20, .box_h = 19, .ofs_x = 0, .ofs_y = 0},
    {.bitmap_index = 2412, .adv_w = 271, .box_w = 17, .box_h = 19, .ofs_x = 0, .ofs_y = 0},
    {.bitmap_index = 2533, .adv_w = 263, .box_w = 15, .box_h = 19, .ofs_x = 1, .ofs_y = 0},
    {.bitmap_index = 2631, .adv_w = 274, .box_w = 16, .box_h = 19, .ofs_x = 1, .ofs_y = 0},
    {.bitmap_index = 2752, .adv_w = 292, .box_w = 17, .box_h = 19, .ofs_x = 1, .ofs_y = 0},
    {.bitmap_index = 2852, .adv_w = 233, .box_w = 13, .box_h = 19, .ofs_x = 1, .ofs_y = 0},
    {.bitmap_index = 2895, .adv_w = 223, .box_w = 13, .box_h = 19, .ofs_x = 1, .ofs_y = 0},
    {.bitmap_index = 2931, .adv_w = 288, .box_w = 16, .box_h = 19, .ofs_x = 1, .ofs_y = 0},
    {.bitmap_index = 3055, .adv_w = 289, .box_w = 16, .box_h = 19, .ofs_x = 1, .ofs_y = 0},
    {.bitmap_index = 3087, .adv_w = 103, .box_w = 4, .box_h = 19, .ofs_x = 1, .ofs_y = 0},
    {.bitmap_index = 3093, .adv_w = 196, .box_w = 11, .box_h = 19, .ofs_x = 0, .ofs_y = 0},
    {.bitmap_index = 3133, .adv_w = 262, .box_w = 16, .box_h = 19, .ofs_x = 1, .ofs_y = 0},
    {.bitmap_index = 3234, .adv_w = 224, .box_w = 13, .box_h = 19, .ofs_x = 1, .ofs_y = 0},
    {.bitmap_index = 3256, .adv_w = 349, .box_w = 20, .box_h = 19, .ofs_x = 1, .ofs_y = 0},
    {.bitmap_index = 3362, .adv_w = 290, .box_w = 16, .box_h = 19, .ofs_x = 1, .ofs_y = 0},
    {.bitmap_index = 3454, .adv_w = 303, .box_w = 17, .box_h = 19, .ofs_x = 1, .ofs_y = 0},
    {.bitmap_index = 3587, .adv_w = 249, .box_w = 14, .box_h = 19, .ofs_x = 1, .ofs_y = 0},
    {.bitmap_index = 3655, .adv_w = 305, .box_w = 17, .box_h = 22, .ofs_x = 1, .ofs_y = -3},
    {.bitmap_index = 3809, .adv_w = 254, .box_w = 15, .box_h = 19, .ofs_x = 1, .ofs_y = 0},
    {.bitmap_index = 3904, .adv_w = 238, .box_w = 15, .box_h = 19, .ofs_x = 0, .ofs_y = 0},
    {.bitmap_index = 4029, .adv_w = 240, .box_w = 15, .box_h = 19, .ofs_x = 0, .ofs_y = 0},
    {.bitmap_index = 4057, .adv_w = 280, .box_w = 15, .box_h = 19, .ofs_x = 1, .ofs_y = 0},
    {.bitmap_index = 4121, .adv_w = 273, .box_w = 17, .box_h = 19, .ofs_x = 0, .ofs_y = 0},
    {.bitmap_index = 4246, .adv_w = 397, .box_w = 25, .box_h = 19, .ofs_x = 0, .ofs_y = 0},
    {.bitmap_index = 4448, .adv_w = 266, .box_w = 17, .box_h = 19, .ofs_x = 0, .ofs_y = 0},
    {.bitmap_index = 4578, .adv_w = 256, .box_w = 16, .box_h = 19, .ofs_x = 0, .ofs_y = 0},
    {.bitmap_index = 4666, .adv_w = 241, .box_w = 15, .box_h = 19, .ofs_x = 0, .ofs_y = 0},
    {.bitmap_index = 4755, .adv_w = 139, .box_w = 7, .box_h = 23, .ofs_x = 2, .ofs_y = -1},
    {.bitmap_index = 4778, .adv_w = 140, .box_w = 9, .box_h = 19, .ofs_x = 0, .ofs_y = 0},
    {.bitmap_index = 4846, .adv_w = 139, .box_w = 7, .box_h = 23, .ofs_x = 0, .ofs_y = -1},
    {.bitmap_index = 4869, .adv_w = 178, .box_w = 11, .box_h = 7, .ofs_x = 0, .ofs_y = 14},
    {.bitmap_index = 4904, .adv_w = 179, .box_w = 12, .box_h = 3, .ofs_x = 0, .ofs_y = -4},
    {.bitmap_index = 4913, .adv_w = 111, .box_w = 6, .box_h = 7, .ofs_x = 0, .ofs_y = 14},
    {.bitmap_index = 4934, .adv_w = 215, .box_w = 12, .box_h = 14, .ofs_x = 0, .ofs_y = 0},
    {.bitmap_index = 5013, .adv_w = 237, .box_w = 13, .box_h = 19, .ofs_x = 1, .ofs_y = 0},
    {.bitmap_index = 5095, .adv_w = 211, .box_w = 13, .box_h = 14, .ofs_x = 0, .ofs_y = 0},
    {.bitmap_index = 5172, .adv_w = 237, .box_w = 14, .box_h = 19, .ofs_x = 0, .ofs_y = 0},
    {.bitmap_index = 5256, .adv_w = 222, .box_w = 13, .box_h = 14, .ofs_x = 0, .ofs_y = 0},
    {.bitmap_index = 5337, .adv_w = 142, .box_w = 9, .box_h = 19, .ofs_x = 0, .ofs_y = 0},
    {.bitmap_index = 5383, .adv_w = 236, .box_w = 14, .box_h = 19, .ofs_x = 0, .ofs_y = -5},
    {.bitmap_index = 5499, .adv_w = 231, .box_w = 12, .box_h = 19, .ofs_x = 1, .ofs_y = 0},
    {.bitmap_index = 5544, .adv_w = 102, .box_w = 4, .box_h = 20, .ofs_x = 1, .ofs_y = 0},
    {.bitmap_index = 5561, .adv_w = 103, .box_w = 7, .box_h = 25, .ofs_x = -2, .ofs_y = -5},
    {.bitmap_index = 5603, .adv_w = 211, .box_w = 13, .box_h = 19, .ofs_x = 1, .ofs_y = 0},
    {.bitmap_index = 5672, .adv_w = 104, .box_w = 5, .box_h = 19, .ofs_x = 1, .ofs_y = 0},
    {.bitmap_index = 5687, .adv_w = 349, .box_w = 20, .box_h = 14, .ofs_x = 1, .ofs_y = 0},
    {.bitmap_index = 5757, .adv_w = 231, .box_w = 12, .box_h = 14, .ofs_x = 1, .ofs_y = 0},
    {.bitmap_index = 5798, .adv_w = 229, .box_w = 14, .box_h = 14, .ofs_x = 0, .ofs_y = 0},
    {.bitmap_index = 5887, .adv_w = 237, .box_w = 13, .box_h = 19, .ofs_x = 1, .ofs_y = -5},
    {.bitmap_index = 5972, .adv_w = 237, .box_w = 14, .box_h = 19, .ofs_x = 0, .ofs_y = -5},
    {.bitmap_index = 6058, .adv_w = 158, .box_w = 9, .box_h = 14, .ofs_x = 1, .ofs_y = 0},
    {.bitmap_index = 6089, .adv_w = 191, .box_w = 12, .box_h = 14, .ofs_x = 0, .ofs_y = 0},
    {.bitmap_index = 6171, .adv_w = 149, .box_w = 9, .box_h = 18, .ofs_x = 0, .ofs_y = 0},
    {.bitmap_index = 6213, .adv_w = 231, .box_w = 12, .box_h = 14, .ofs_x = 1, .ofs_y = 0},
    {.bitmap_index = 6256, .adv_w = 207, .box_w = 15, .box_h = 14, .ofs_x = -1, .ofs_y = 0},
    {.bitmap_index = 6343, .adv_w = 319, .box_w = 22, .box_h = 14, .ofs_x = -1, .ofs_y = 0},
    {.bitmap_index = 6482, .adv_w = 203, .box_w = 14, .box_h = 14, .ofs_x = -1, .ofs_y = 0},
    {.bitmap_index = 6568, .adv_w = 211, .box_w = 15, .box_h = 19, .ofs_x = -1, .ofs_y = -5},
    {.bitmap_index = 6676, .adv_w = 190, .box_w = 12, .box_h = 14, .ofs_x = 0, .ofs_y = 0},
    {.bitmap_index = 6735, .adv_w = 143, .box_w = 9, .box_h = 23, .ofs_x = 0, .ofs_y = -1},
    {.bitmap_index = 6812, .adv_w = 92, .box_w = 4, .box_h = 23, .ofs_x = 1, .ofs_y = -1},
    {.bitmap_index = 6822, .adv_w = 143, .box_w = 9, .box_h = 23, .ofs_x = 0, .ofs_y = -1},
    {.bitmap_index = 6896, .adv_w = 217, .box_w = 13, .box_h = 6, .ofs_x = 0, .ofs_y = 6},
    {.bitmap_index = 6932, .adv_w = 192, .box_w = 4, .box_h = 4, .ofs_x = 4, .ofs_y = 8},
    {.bitmap_index = 6938, .adv_w = 192, .box_w = 12, .box_h = 3, .ofs_x = 0, .ofs_y = 8},
    {.bitmap_index = 6948, .adv_w = 384, .box_w = 8, .box_h = 8, .ofs_x = 2, .ofs_y = -2},
    {.bitmap_index = 6981, .adv_w = 384, .box_w = 22, .box_h = 4, .ofs_x = 1, .ofs_y = 8},
    {.bitmap_index = 6996, .adv_w = 384, .box_w = 22, .box_h = 22, .ofs_x = 1, .ofs_y = -1},
    {.bitmap_index = 7052, .adv_w = 384, .box_w = 22, .box_h = 21, .ofs_x = 1, .ofs_y = -2},
    {.bitmap_index = 7176, .adv_w = 384, .box_w = 21, .box_h = 21, .ofs_x = 1, .ofs_y = -1},
    {.bitmap_index = 7300, .adv_w = 384, .box_w = 23, .box_h = 23, .ofs_x = 0, .ofs_y = -2},
    {.bitmap_index = 7421, .adv_w = 384, .box_w = 20, .box_h = 23, .ofs_x = 2, .ofs_y = -2},
    {.bitmap_index = 7485, .adv_w = 384, .box_w = 22, .box_h = 22, .ofs_x = 1, .ofs_y = -1},
    {.bitmap_index = 7639, .adv_w = 384, .box_w = 22, .box_h = 22, .ofs_x = 1, .ofs_y = -1},
    {.bitmap_index = 7800, .adv_w = 384, .box_w = 22, .box_h = 23, .ofs_x = 1, .ofs_y = -2},
    {.bitmap_index = 7988, .adv_w = 384, .box_w = 22, .box_h = 24, .ofs_x = 1, .ofs_y = -3},
    {.bitmap_index = 8181, .adv_w = 384, .box_w = 21, .box_h = 24, .ofs_x = 1, .ofs_y = -3},
    {.bitmap_index = 8363, .adv_w = 384, .box_w = 22, .box_h = 23, .ofs_x = 1, .ofs_y = -2},
    {.bitmap_index = 8543, .adv_w = 384, .box_w = 22, .box_h = 24, .ofs_x = 1, .ofs_y = -3},
    {.bitmap_index = 8727, .adv_w = 384, .box_w = 22, .box_h = 24, .ofs_x = 1, .ofs_y = -3},
    {.bitmap_index = 8875, .adv_w = 384, .box_w = 22, .box_h = 22, .ofs_x = 1, .ofs_y = -1},
    {.bitmap_index = 9001, .adv_w = 384, .box_w = 23, .box_h = 22, .ofs_x = 0, .ofs_y = -2},
    {.bitmap_index = 9161, .adv_w = 384, .box_w = 22, .box_h = 23, .ofs_x = 1, .ofs_y = -2},
    {.bitmap_index = 9341, .adv_w = 384, .box_w = 22, .box_h = 24, .ofs_x = 1, .ofs_y = -3},
    {.bitmap_index = 9524, .adv_w = 384, .box_w = 23, .box_h = 23, .ofs_x = 0, .ofs_y = -2},
    {.bitmap_index = 9647, .adv_w = 384, .box_w = 22, .box_h = 22, .ofs_x = 1, .ofs_y = -1},
    {.bitmap_index = 9817, .adv_w = 384, .box_w = 22, .box_h = 23, .ofs_x = 1, .ofs_y = -2},
    {.bitmap_index = 9995, .adv_w = 384, .box_w = 22, .box_h = 23, .ofs_x = 1, .ofs_y = -2},
    {.bitmap_index = 10127, .adv_w = 384, .box_w = 23, .box_h = 23, .ofs_x = 0, .ofs_y = -2},
    {.bitmap_index = 10296, .adv_w = 384, .box_w = 22, .box_h = 23, .ofs_x = 0, .ofs_y = -2},
    {.bitmap_index = 10449, .adv_w = 384, .box_w = 23, .box_h = 24, .ofs_x = 0, .ofs_y = -3},
    {.bitmap_index = 10617, .adv_w = 384, .box_w = 23, .box_h = 24, .ofs_x = 0, .ofs_y = -3},
    {.bitmap_index = 10835, .adv_w = 384, .box_w = 23, .box_h = 24, .ofs_x = 0, .ofs_y = -3},
    {.bitmap_index = 11033, .adv_w = 384, .box_w = 22, .box_h = 23, .ofs_x = 1, .ofs_y = -2},
    {.bitmap_index = 11215, .adv_w = 384, .box_w = 22, .box_h = 22, .ofs_x = 1, .ofs_y = -2},
    {.bitmap_index = 11368, .adv_w = 384, .box_w = 22, .box_h = 22, .ofs_x = 1, .ofs_y = -1},
    {.bitmap_index = 11510, .adv_w = 384, .box_w = 22, .box_h = 23, .ofs_x = 1, .ofs_y = -2},
    {.bitmap_index = 11672, .adv_w = 384, .box_w = 23, .box_h = 24, .ofs_x = 0, .ofs_y = -3},
    {.bitmap_index = 11856, .adv_w = 384, .box_w = 20, .box_h = 23, .ofs_x = 2, .ofs_y = -2},
    {.bitmap_index = 11992, .adv_w = 384, .box_w = 22, .box_h = 21, .ofs_x = 1, .ofs_y = -1},
    {.bitmap_index = 12121, .adv_w = 384, .box_w = 23, .box_h = 23, .ofs_x = 1, .ofs_y = -2},
    {.bitmap_index = 12327, .adv_w = 384, .box_w = 20, .box_h = 23, .ofs_x = 2, .ofs_y = -2},
    {.bitmap_index = 12426, .adv_w = 384, .box_w = 22, .box_h = 23, .ofs_x = 1, .ofs_y = -2},
    {.bitmap_index = 12530, .adv_w = 384, .box_w = 22, .box_h = 23, .ofs_x = 1, .ofs_y = -2},
    {.bitmap_index = 12718, .adv_w = 384, .box_w = 21, .box_h = 23, .ofs_x = 1, .ofs_y = -2},
    {.bitmap_index = 12894, .adv_w = 384, .box_w = 21, .box_h = 23, .ofs_x = 1, .ofs_y = -2},
    {.bitmap_index = 13065, .adv_w = 384, .box_w = 21, .box_h = 23, .ofs_x = 1, .ofs_y = -2},
    {.bitmap_index = 13214, .adv_w = 384, .box_w = 22, .box_h = 23, .ofs_x = 1, .ofs_y = -2},
    {.bitmap_index = 13369, .adv_w = 384, .box_w = 21, .box_h = 23, .ofs_x = 1, .ofs_y = -2},
    {.bitmap_index = 13538, .adv_w = 384, .box_w = 22, .box_h = 23, .ofs_x = 0, .ofs_y = -2},
    {.bitmap_index = 13691, .adv_w = 384, .box_w = 21, .box_h = 23, .ofs_x = 1, .ofs_y = -2},
    {.bitmap_index = 13878, .adv_w = 384, .box_w = 22, .box_h = 23, .ofs_x = 1, .ofs_y = -2},
    {.bitmap_index = 14048, .adv_w = 384, .box_w = 20, .box_h = 21, .ofs_x = 3, .ofs_y = -1},
    {.bitmap_index = 14187, .adv_w = 384, .box_w = 22, .box_h = 23, .ofs_x = 1, .ofs_y = -2},
    {.bitmap_index = 14317, .adv_w = 384, .box_w = 22, .box_h = 23, .ofs_x = 1, .ofs_y = -2},
    {.bitmap_index = 14417, .adv_w = 384, .box_w = 22, .box_h = 21, .ofs_x = 1, .ofs_y = -2},
    {.bitmap_index = 14546, .adv_w = 384, .box_w = 22, .box_h = 23, .ofs_x = 1, .ofs_y = -2},
    {.bitmap_index = 14690, .adv_w = 384, .box_w = 23, .box_h = 23, .ofs_x = 1, .ofs_y = -2},
    {.bitmap_index = 14910, .adv_w = 384, .box_w = 24, .box_h = 21, .ofs_x = 0, .ofs_y = -2},
    {.bitmap_index = 15117, .adv_w = 384, .box_w = 22, .box_h = 22, .ofs_x = 1, .ofs_y = -2},
    {.bitmap_index = 15300, .adv_w = 384, .box_w = 23, .box_h = 23, .ofs_x = 0, .ofs_y = -2},
    {.bitmap_index = 15503, .adv_w = 384, .box_w = 22, .box_h = 22, .ofs_x = 1, .ofs_y = -2},
    {.bitmap_index = 15687, .adv_w = 384, .box_w = 22, .box_h = 23, .ofs_x = 1, .ofs_y = -3},
    {.bitmap_index = 15799, .adv_w = 384, .box_w = 22, .box_h = 20, .ofs_x = 1, .ofs_y = -1},
    {.bitmap_index = 15889, .adv_w = 384, .box_w = 22, .box_h = 23, .ofs_x = 1, .ofs_y = -2},
    {.bitmap_index = 16013, .adv_w = 384, .box_w = 22, .box_h = 24, .ofs_x = 1, .ofs_y = -3},
    {.bitmap_index = 16150, .adv_w = 384, .box_w = 22, .box_h = 22, .ofs_x = 1, .ofs_y = -2},
    {.bitmap_index = 16288, .adv_w = 384, .box_w = 20, .box_h = 23, .ofs_x = 2, .ofs_y = -2},
    {.bitmap_index = 16382, .adv_w = 384, .box_w = 21, .box_h = 23, .ofs_x = 1, .ofs_y = -2},
    {.bitmap_index = 16507, .adv_w = 384, .box_w = 22, .box_h = 23, .ofs_x = 1, .ofs_y = -2},
    {.bitmap_index = 16657, .adv_w = 384, .box_w = 20, .box_h = 23, .ofs_x = 2, .ofs_y = -2},
    {.bitmap_index = 16769, .adv_w = 384, .box_w = 21, .box_h = 23, .ofs_x = 2, .ofs_y = -2},
    {.bitmap_index = 16938, .adv_w = 384, .box_w = 20, .box_h = 21, .ofs_x = 2, .ofs_y = -2},
    {.bitmap_index = 17049, .adv_w = 384, .box_w = 20, .box_h = 22, .ofs_x = 2, .ofs_y = -2},
    {.bitmap_index = 17126, .adv_w = 384, .box_w = 20, .box_h = 22, .ofs_x = 2, .ofs_y = -2},
    {.bitmap_index = 17281, .adv_w = 384, .box_w = 23, .box_h = 22, .ofs_x = 0, .ofs_y = -1},
    {.bitmap_index = 17411, .adv_w = 384, .box_w = 22, .box_h = 22, .ofs_x = 1, .ofs_y = -1},
    {.bitmap_index = 17574, .adv_w = 384, .box_w = 22, .box_h = 23, .ofs_x = 0, .ofs_y = -2},
    {.bitmap_index = 17763, .adv_w = 384, .box_w = 23, .box_h = 22, .ofs_x = 1, .ofs_y = -1},
    {.bitmap_index = 17946, .adv_w = 384, .box_w = 23, .box_h = 24, .ofs_x = 0, .ofs_y = -3},
    {.bitmap_index = 18137, .adv_w = 384, .box_w = 22, .box_h = 23, .ofs_x = 0, .ofs_y = -2},
    {.bitmap_index = 18353, .adv_w = 384, .box_w = 22, .box_h = 22, .ofs_x = 1, .ofs_y = -1},
    {.bitmap_index = 18486, .adv_w = 384, .box_w = 22, .box_h = 23, .ofs_x = 1, .ofs_y = -2},
    {.bitmap_index = 18631, .adv_w = 384, .box_w = 22, .box_h = 23, .ofs_x = 1, .ofs_y = -2},
    {.bitmap_index = 18806, .adv_w = 384, .box_w = 22, .box_h = 23, .ofs_x = 1, .ofs_y = -2},
    {.bitmap_index = 18953, .adv_w = 384, .box_w = 22, .box_h = 23, .ofs_x = 1, .ofs_y = -2},
    {.bitmap_index = 19101, .adv_w = 384, .box_w = 22, .box_h = 23, .ofs_x = 1, .ofs_y = -2},
    {.bitmap_index = 19277, .adv_w = 384, .box_w = 22, .box_h = 22, .ofs_x = 1, .ofs_y = -1},
    {.bitmap_index = 19447, .adv_w = 384, .box_w = 22, .box_h = 22, .ofs_x = 1, .ofs_y = -1},
    {.bitmap_index = 19616, .adv_w = 384, .box_w = 22, .box_h = 23, .ofs_x = 1, .ofs_y = -2},
    {.bitmap_index = 19813, .adv_w = 384, .box_w = 22, .box_h = 23, .ofs_x = 1, .ofs_y = -3},
    {.bitmap_index = 19965, .adv_w = 384, .box_w = 22, .box_h = 23, .ofs_x = 1, .ofs_y = -3},
    {.bitmap_index = 20141, .adv_w = 384, .box_w = 22, .box_h = 22, .ofs_x = 1, .ofs_y = -1},
    {.bitmap_index = 20270, .adv_w = 384, .box_w = 20, .box_h = 21, .ofs_x = 2, .ofs_y = -1},
    {.bitmap_index = 20364, .adv_w = 384, .box_w = 22, .box_h = 24, .ofs_x = 1, .ofs_y = -3},
    {.bitmap_index = 20511, .adv_w = 384, .box_w = 22, .box_h = 23, .ofs_x = 1, .ofs_y = -2},
    {.bitmap_index = 20693, .adv_w = 384, .box_w = 22, .box_h = 23, .ofs_x = 1, .ofs_y = -2},
    {.bitmap_index = 20899, .adv_w = 384, .box_w = 22, .box_h = 22, .ofs_x = 1, .ofs_y = -2},
    {.bitmap_index = 21017, .adv_w = 384, .box_w = 22, .box_h = 23, .ofs_x = 1, .ofs_y = -2},
    {.bitmap_index = 21198, .adv_w = 384, .box_w = 21, .box_h = 23, .ofs_x = 1, .ofs_y = -2},
    {.bitmap_index = 21322, .adv_w = 384, .box_w = 22, .box_h = 22, .ofs_x = 1, .ofs_y = -2},
    {.bitmap_index = 21498, .adv_w = 384, .box_w = 22, .box_h = 23, .ofs_x = 1, .ofs_y = -2},
    {.bitmap_index = 21673, .adv_w = 384, .box_w = 22, .box_h = 22, .ofs_x = 1, .ofs_y = -1},
    {.bitmap_index = 21866, .adv_w = 384, .box_w = 22, .box_h = 22, .ofs_x = 1, .ofs_y = -2},
    {.bitmap_index = 22008, .adv_w = 384, .box_w = 22, .box_h = 22, .ofs_x = 1, .ofs_y = -1},
    {.bitmap_index = 22160, .adv_w = 384, .box_w = 23, .box_h = 23, .ofs_x = 0, .ofs_y = -3},
    {.bitmap_index = 22369, .adv_w = 384, .box_w = 22, .box_h = 22, .ofs_x = 1, .ofs_y = -1},
    {.bitmap_index = 22528, .adv_w = 384, .box_w = 23, .box_h = 24, .ofs_x = 0, .ofs_y = -3},
    {.bitmap_index = 22748, .adv_w = 384, .box_w = 22, .box_h = 24, .ofs_x = 1, .ofs_y = -3},
    {.bitmap_index = 22915, .adv_w = 384, .box_w = 22, .box_h = 21, .ofs_x = 1, .ofs_y = -1},
    {.bitmap_index = 23041, .adv_w = 384, .box_w = 22, .box_h = 22, .ofs_x = 1, .ofs_y = -1},
    {.bitmap_index = 23168, .adv_w = 384, .box_w = 22, .box_h = 22, .ofs_x = 1, .ofs_y = -1},
    {.bitmap_index = 23296, .adv_w = 384, .box_w = 23, .box_h = 23, .ofs_x = 1, .ofs_y = -2},
    {.bitmap_index = 23487, .adv_w = 384, .box_w = 21, .box_h = 23, .ofs_x = 1, .ofs_y = -2},
    {.bitmap_index = 23646, .adv_w = 384, .box_w = 22, .box_h = 23, .ofs_x = 1, .ofs_y = -2},
    {.bitmap_index = 23852, .adv_w = 384, .box_w = 22, .box_h = 23, .ofs_x = 1, .ofs_y = -2},
    {.bitmap_index = 24020, .adv_w = 384, .box_w = 22, .box_h = 23, .ofs_x = 1, .ofs_y = -2},
    {.bitmap_index = 24191, .adv_w = 384, .box_w = 23, .box_h = 23, .ofs_x = 0, .ofs_y = -2},
    {.bitmap_index = 24398, .adv_w = 384, .box_w = 22, .box_h = 23, .ofs_x = 1, .ofs_y = -3},
    {.bitmap_index = 24600, .adv_w = 384, .box_w = 22, .box_h = 24, .ofs_x = 1, .ofs_y = -3},
    {.bitmap_index = 24782, .adv_w = 384, .box_w = 22, .box_h = 23, .ofs_x = 1, .ofs_y = -2},
    {.bitmap_index = 24987, .adv_w = 384, .box_w = 22, .box_h = 23, .ofs_x = 1, .ofs_y = -2},
    {.bitmap_index = 25161, .adv_w = 384, .box_w = 23, .box_h = 23, .ofs_x = 0, .ofs_y = -2},
    {.bitmap_index = 25355, .adv_w = 384, .box_w = 22, .box_h = 23, .ofs_x = 1, .ofs_y = -2},
    {.bitmap_index = 25566, .adv_w = 384, .box_w = 22, .box_h = 23, .ofs_x = 1, .ofs_y = -2},
    {.bitmap_index = 25781, .adv_w = 384, .box_w = 22, .box_h = 23, .ofs_x = 1, .ofs_y = -2},
    {.bitmap_index = 26015, .adv_w = 384, .box_w = 22, .box_h = 22, .ofs_x = 1, .ofs_y = -1},
    {.bitmap_index = 26212, .adv_w = 384, .box_w = 21, .box_h = 23, .ofs_x = 2, .ofs_y = -3},
    {.bitmap_index = 26399, .adv_w = 384, .box_w = 22, .box_h = 23, .ofs_x = 1, .ofs_y = -2},
    {.bitmap_index = 26596, .adv_w = 384, .box_w = 22, .box_h = 22, .ofs_x = 1, .ofs_y = -2},
    {.bitmap_index = 26743, .adv_w = 384, .box_w = 21, .box_h = 22, .ofs_x = 2, .ofs_y = -1},
    {.bitmap_index = 26872, .adv_w = 384, .box_w = 20, .box_h = 22, .ofs_x = 2, .ofs_y = -2},
    {.bitmap_index = 27006, .adv_w = 384, .box_w = 22, .box_h = 21, .ofs_x = 1, .ofs_y = -1},
    {.bitmap_index = 27141, .adv_w = 384, .box_w = 22, .box_h = 21, .ofs_x = 1, .ofs_y = -1},
    {.bitmap_index = 27284, .adv_w = 384, .box_w = 22, .box_h = 23, .ofs_x = 1, .ofs_y = -2},
    {.bitmap_index = 27457, .adv_w = 384, .box_w = 22, .box_h = 22, .ofs_x = 1, .ofs_y = -2},
    {.bitmap_index = 27617, .adv_w = 384, .box_w = 22, .box_h = 22, .ofs_x = 1, .ofs_y = -2},
    {.bitmap_index = 27785, .adv_w = 384, .box_w = 22, .box_h = 23, .ofs_x = 1, .ofs_y = -2},
    {.bitmap_index = 27918, .adv_w = 384, .box_w = 21, .box_h = 23, .ofs_x = 1, .ofs_y = -2},
    {.bitmap_index = 28091, .adv_w = 384, .box_w = 22, .box_h = 22, .ofs_x = 1, .ofs_y = -2},
    {.bitmap_index = 28235, .adv_w = 384, .box_w = 22, .box_h = 22, .ofs_x = 1, .ofs_y = -2},
    {.bitmap_index = 28380, .adv_w = 384, .box_w = 22, .box_h = 23, .ofs_x = 1, .ofs_y = -3},
    {.bitmap_index = 28542, .adv_w = 384, .box_w = 22, .box_h = 22, .ofs_x = 1, .ofs_y = -2},
    {.bitmap_index = 28710, .adv_w = 384, .box_w = 22, .box_h = 22, .ofs_x = 1, .ofs_y = -2},
    {.bitmap_index = 28866, .adv_w = 384, .box_w = 22, .box_h = 23, .ofs_x = 1, .ofs_y = -2},
    {.bitmap_index = 29030, .adv_w = 384, .box_w = 23, .box_h = 23, .ofs_x = 0, .ofs_y = -2},
    {.bitmap_index = 29241, .adv_w = 384, .box_w = 23, .box_h = 23, .ofs_x = 0, .ofs_y = -3},
    {.bitmap_index = 29456, .adv_w = 384, .box_w = 22, .box_h = 22, .ofs_x = 1, .ofs_y = -2},
    {.bitmap_index = 29613, .adv_w = 384, .box_w = 23, .box_h = 24, .ofs_x = 0, .ofs_y = -3},
    {.bitmap_index = 29839, .adv_w = 384, .box_w = 22, .box_h = 23, .ofs_x = 1, .ofs_y = -2},
    {.bitmap_index = 30043, .adv_w = 384, .box_w = 22, .box_h = 20, .ofs_x = 1, .ofs_y = -1},
    {.bitmap_index = 30116, .adv_w = 384, .box_w = 22, .box_h = 22, .ofs_x = 1, .ofs_y = -1},
    {.bitmap_index = 30274, .adv_w = 384, .box_w = 22, .box_h = 22, .ofs_x = 1, .ofs_y = -2},
    {.bitmap_index = 30471, .adv_w = 384, .box_w = 22, .box_h = 23, .ofs_x = 1, .ofs_y = -2},
    {.bitmap_index = 30676, .adv_w = 384, .box_w = 21, .box_h = 23, .ofs_x = 1, .ofs_y = -2},
    {.bitmap_index = 30857, .adv_w = 384, .box_w = 22, .box_h = 23, .ofs_x = 1, .ofs_y = -2},
    {.bitmap_index = 31065, .adv_w = 384, .box_w = 22, .box_h = 23, .ofs_x = 1, .ofs_y = -2},
    {.bitmap_index = 31246, .adv_w = 384, .box_w = 22, .box_h = 24, .ofs_x = 1, .ofs_y = -3},
    {.bitmap_index = 31456, .adv_w = 384, .box_w = 22, .box_h = 23, .ofs_x = 1, .ofs_y = -2},
    {.bitmap_index = 31637, .adv_w = 384, .box_w = 22, .box_h = 23, .ofs_x = 1, .ofs_y = -2},
    {.bitmap_index = 31855, .adv_w = 384, .box_w = 22, .box_h = 23, .ofs_x = 1, .ofs_y = -2},
    {.bitmap_index = 32054, .adv_w = 384, .box_w = 22, .box_h = 22, .ofs_x = 1, .ofs_y = -2},
    {.bitmap_index = 32199, .adv_w = 384, .box_w = 23, .box_h = 23, .ofs_x = 1, .ofs_y = -2},
    {.bitmap_index = 32423, .adv_w = 384, .box_w = 22, .box_h = 21, .ofs_x = 1, .ofs_y = -1},
    {.bitmap_index = 32564, .adv_w = 384, .box_w = 22, .box_h = 22, .ofs_x = 1, .ofs_y = -2},
    {.bitmap_index = 32668, .adv_w = 384, .box_w = 21, .box_h = 23, .ofs_x = 1, .ofs_y = -2},
    {.bitmap_index = 32873, .adv_w = 384, .box_w = 22, .box_h = 23, .ofs_x = 1, .ofs_y = -3},
    {.bitmap_index = 33061, .adv_w = 384, .box_w = 21, .box_h = 22, .ofs_x = 1, .ofs_y = -2},
    {.bitmap_index = 33185, .adv_w = 384, .box_w = 21, .box_h = 22, .ofs_x = 2, .ofs_y = -1},
    {.bitmap_index = 33308, .adv_w = 384, .box_w = 22, .box_h = 22, .ofs_x = 1, .ofs_y = -2},
    {.bitmap_index = 33425, .adv_w = 384, .box_w = 23, .box_h = 23, .ofs_x = 1, .ofs_y = -3},
    {.bitmap_index = 33605, .adv_w = 384, .box_w = 18, .box_h = 24, .ofs_x = 3, .ofs_y = -3},
    {.bitmap_index = 33694, .adv_w = 384, .box_w = 20, .box_h = 23, .ofs_x = 2, .ofs_y = -2},
    {.bitmap_index = 33860, .adv_w = 384, .box_w = 22, .box_h = 24, .ofs_x = 1, .ofs_y = -3},
    {.bitmap_index = 34040, .adv_w = 384, .box_w = 22, .box_h = 22, .ofs_x = 1, .ofs_y = -1},
    {.bitmap_index = 34169, .adv_w = 384, .box_w = 22, .box_h = 24, .ofs_x = 1, .ofs_y = -3},
    {.bitmap_index = 34335, .adv_w = 384, .box_w = 21, .box_h = 23, .ofs_x = 2, .ofs_y = -3},
    {.bitmap_index = 34495, .adv_w = 384, .box_w = 22, .box_h = 23, .ofs_x = 1, .ofs_y = -2},
    {.bitmap_index = 34683, .adv_w = 384, .box_w = 22, .box_h = 23, .ofs_x = 1, .ofs_y = -2},
    {.bitmap_index = 34883, .adv_w = 384, .box_w = 22, .box_h = 23, .ofs_x = 1, .ofs_y = -2},
    {.bitmap_index = 35089, .adv_w = 384, .box_w = 23, .box_h = 21, .ofs_x = 1, .ofs_y = -1},
    {.bitmap_index = 35221, .adv_w = 384, .box_w = 22, .box_h = 24, .ofs_x = 1, .ofs_y = -3},
    {.bitmap_index = 35435, .adv_w = 384, .box_w = 22, .box_h = 22, .ofs_x = 1, .ofs_y = -2},
    {.bitmap_index = 35598, .adv_w = 384, .box_w = 23, .box_h = 23, .ofs_x = 0, .ofs_y = -2},
    {.bitmap_index = 35803, .adv_w = 384, .box_w = 23, .box_h = 23, .ofs_x = 0, .ofs_y = -2},
    {.bitmap_index = 36014, .adv_w = 384, .box_w = 22, .box_h = 22, .ofs_x = 1, .ofs_y = -1},
    {.bitmap_index = 36152, .adv_w = 384, .box_w = 22, .box_h = 22, .ofs_x = 1, .ofs_y = -1},
    {.bitmap_index = 36295, .adv_w = 384, .box_w = 22, .box_h = 22, .ofs_x = 1, .ofs_y = -1},
    {.bitmap_index = 36474, .adv_w = 384, .box_w = 22, .box_h = 23, .ofs_x = 1, .ofs_y = -2},
    {.bitmap_index = 36698, .adv_w = 384, .box_w = 22, .box_h = 23, .ofs_x = 1, .ofs_y = -2},
    {.bitmap_index = 36929, .adv_w = 384, .box_w = 22, .box_h = 23, .ofs_x = 1, .ofs_y = -2},
    {.bitmap_index = 37109, .adv_w = 384, .box_w = 22, .box_h = 23, .ofs_x = 1, .ofs_y = -2},
    {.bitmap_index = 37319, .adv_w = 384, .box_w = 22, .box_h = 23, .ofs_x = 1, .ofs_y = -2},
    {.bitmap_index = 37541, .adv_w = 384, .box_w = 22, .box_h = 21, .ofs_x = 1, .ofs_y = -1},
    {.bitmap_index = 37681, .adv_w = 384, .box_w = 20, .box_h = 23, .ofs_x = 2, .ofs_y = -2},
    {.bitmap_index = 37834, .adv_w = 384, .box_w = 22, .box_h = 23, .ofs_x = 1, .ofs_y = -2},
    {.bitmap_index = 38026, .adv_w = 384, .box_w = 21, .box_h = 23, .ofs_x = 1, .ofs_y = -2},
    {.bitmap_index = 38203, .adv_w = 384, .box_w = 22, .box_h = 24, .ofs_x = 1, .ofs_y = -3},
    {.bitmap_index = 38414, .adv_w = 384, .box_w = 23, .box_h = 22, .ofs_x = 0, .ofs_y = -2},
    {.bitmap_index = 38587, .adv_w = 384, .box_w = 23, .box_h = 23, .ofs_x = 0, .ofs_y = -2},
    {.bitmap_index = 38795, .adv_w = 384, .box_w = 22, .box_h = 22, .ofs_x = 1, .ofs_y = -1},
    {.bitmap_index = 38932, .adv_w = 384, .box_w = 22, .box_h = 23, .ofs_x = 1, .ofs_y = -2},
    {.bitmap_index = 39089, .adv_w = 384, .box_w = 22, .box_h = 23, .ofs_x = 1, .ofs_y = -2},
    {.bitmap_index = 39245, .adv_w = 384, .box_w = 22, .box_h = 22, .ofs_x = 1, .ofs_y = -1},
    {.bitmap_index = 39418, .adv_w = 384, .box_w = 22, .box_h = 24, .ofs_x = 1, .ofs_y = -3},
    {.bitmap_index = 39631, .adv_w = 384, .box_w = 22, .box_h = 22, .ofs_x = 1, .ofs_y = -2},
    {.bitmap_index = 39802, .adv_w = 384, .box_w = 22, .box_h = 23, .ofs_x = 1, .ofs_y = -2},
    {.bitmap_index = 39932, .adv_w = 384, .box_w = 22, .box_h = 23, .ofs_x = 1, .ofs_y = -2},
    {.bitmap_index = 40136, .adv_w = 384, .box_w = 22, .box_h = 23, .ofs_x = 1, .ofs_y = -2},
    {.bitmap_index = 40317, .adv_w = 384, .box_w = 23, .box_h = 24, .ofs_x = 0, .ofs_y = -3},
    {.bitmap_index = 40550, .adv_w = 384, .box_w = 23, .box_h = 23, .ofs_x = 1, .ofs_y = -2},
    {.bitmap_index = 40755, .adv_w = 384, .box_w = 22, .box_h = 22, .ofs_x = 1, .ofs_y = -2},
    {.bitmap_index = 40872, .adv_w = 384, .box_w = 22, .box_h = 23, .ofs_x = 1, .ofs_y = -2},
    {.bitmap_index = 41047, .adv_w = 384, .box_w = 22, .box_h = 21, .ofs_x = 1, .ofs_y = -1},
    {.bitmap_index = 41178, .adv_w = 384, .box_w = 22, .box_h = 21, .ofs_x = 1, .ofs_y = -1},
    {.bitmap_index = 41307, .adv_w = 384, .box_w = 22, .box_h = 23, .ofs_x = 1, .ofs_y = -2},
    {.bitmap_index = 41464, .adv_w = 384, .box_w = 23, .box_h = 23, .ofs_x = 1, .ofs_y = -2},
    {.bitmap_index = 41661, .adv_w = 384, .box_w = 23, .box_h = 22, .ofs_x = 1, .ofs_y = -2},
    {.bitmap_index = 41830, .adv_w = 384, .box_w = 22, .box_h = 23, .ofs_x = 1, .ofs_y = -2},
    {.bitmap_index = 42012, .adv_w = 384, .box_w = 22, .box_h = 23, .ofs_x = 1, .ofs_y = -2},
    {.bitmap_index = 42187, .adv_w = 384, .box_w = 21, .box_h = 22, .ofs_x = 1, .ofs_y = -2},
    {.bitmap_index = 42351, .adv_w = 384, .box_w = 22, .box_h = 23, .ofs_x = 1, .ofs_y = -2},
    {.bitmap_index = 42527, .adv_w = 384, .box_w = 22, .box_h = 22, .ofs_x = 1, .ofs_y = -2},
    {.bitmap_index = 42717, .adv_w = 384, .box_w = 22, .box_h = 23, .ofs_x = 1, .ofs_y = -2},
    {.bitmap_index = 42909, .adv_w = 384, .box_w = 22, .box_h = 23, .ofs_x = 1, .ofs_y = -2},
    {.bitmap_index = 43094, .adv_w = 384, .box_w = 22, .box_h = 23, .ofs_x = 1, .ofs_y = -2},
    {.bitmap_index = 43282, .adv_w = 384, .box_w = 22, .box_h = 23, .ofs_x = 1, .ofs_y = -2},
    {.bitmap_index = 43441, .adv_w = 384, .box_w = 22, .box_h = 22, .ofs_x = 1, .ofs_y = -2},
    {.bitmap_index = 43609, .adv_w = 384, .box_w = 22, .box_h = 23, .ofs_x = 1, .ofs_y = -2},
    {.bitmap_index = 43786, .adv_w = 384, .box_w = 22, .box_h = 23, .ofs_x = 1, .ofs_y = -2},
    {.bitmap_index = 43982, .adv_w = 384, .box_w = 22, .box_h = 22, .ofs_x = 1, .ofs_y = -2},
    {.bitmap_index = 44193, .adv_w = 384, .box_w = 22, .box_h = 22, .ofs_x = 1, .ofs_y = -2},
    {.bitmap_index = 44385, .adv_w = 384, .box_w = 22, .box_h = 23, .ofs_x = 1, .ofs_y = -3},
    {.bitmap_index = 44580, .adv_w = 384, .box_w = 22, .box_h = 21, .ofs_x = 1, .ofs_y = -1},
    {.bitmap_index = 44695, .adv_w = 384, .box_w = 22, .box_h = 22, .ofs_x = 1, .ofs_y = -1},
    {.bitmap_index = 44861, .adv_w = 384, .box_w = 22, .box_h = 21, .ofs_x = 1, .ofs_y = -1},
    {.bitmap_index = 44987, .adv_w = 384, .box_w = 22, .box_h = 23, .ofs_x = 1, .ofs_y = -2},
    {.bitmap_index = 45151, .adv_w = 384, .box_w = 21, .box_h = 23, .ofs_x = 1, .ofs_y = -2},
    {.bitmap_index = 45337, .adv_w = 384, .box_w = 22, .box_h = 23, .ofs_x = 1, .ofs_y = -2},
    {.bitmap_index = 45536, .adv_w = 384, .box_w = 23, .box_h = 23, .ofs_x = 0, .ofs_y = -2},
    {.bitmap_index = 45760, .adv_w = 384, .box_w = 23, .box_h = 23, .ofs_x = 1, .ofs_y = -2},
    {.bitmap_index = 45977, .adv_w = 384, .box_w = 22, .box_h = 23, .ofs_x = 1, .ofs_y = -2},
    {.bitmap_index = 46142, .adv_w = 384, .box_w = 20, .box_h = 23, .ofs_x = 2, .ofs_y = -2},
    {.bitmap_index = 46294, .adv_w = 384, .box_w = 20, .box_h = 23, .ofs_x = 2, .ofs_y = -2},
    {.bitmap_index = 46415, .adv_w = 384, .box_w = 21, .box_h = 23, .ofs_x = 2, .ofs_y = -2},
    {.bitmap_index = 46603, .adv_w = 384, .box_w = 21, .box_h = 23, .ofs_x = 2, .ofs_y = -2},
    {.bitmap_index = 46788, .adv_w = 384, .box_w = 22, .box_h = 22, .ofs_x = 1, .ofs_y = -2},
    {.bitmap_index = 46899, .adv_w = 384, .box_w = 22, .box_h = 21, .ofs_x = 1, .ofs_y = -2},
    {.bitmap_index = 47044, .adv_w = 384, .box_w = 22, .box_h = 22, .ofs_x = 1, .ofs_y = -2},
    {.bitmap_index = 47225, .adv_w = 384, .box_w = 22, .box_h = 23, .ofs_x = 1, .ofs_y = -2},
    {.bitmap_index = 47401, .adv_w = 384, .box_w = 22, .box_h = 23, .ofs_x = 1, .ofs_y = -2},
    {.bitmap_index = 47621, .adv_w = 384, .box_w = 23, .box_h = 23, .ofs_x = 0, .ofs_y = -2},
    {.bitmap_index = 47792, .adv_w = 384, .box_w = 22, .box_h = 23, .ofs_x = 1, .ofs_y = -2},
    {.bitmap_index = 47986, .adv_w = 384, .box_w = 22, .box_h = 25, .ofs_x = 1, .ofs_y = -3},
    {.bitmap_index = 48129, .adv_w = 384, .box_w = 22, .box_h = 23, .ofs_x = 1, .ofs_y = -3},
    {.bitmap_index = 48294, .adv_w = 384, .box_w = 22, .box_h = 22, .ofs_x = 1, .ofs_y = -1},
    {.bitmap_index = 48502, .adv_w = 384, .box_w = 23, .box_h = 22, .ofs_x = 0, .ofs_y = -1},
    {.bitmap_index = 48698, .adv_w = 384, .box_w = 22, .box_h = 23, .ofs_x = 1, .ofs_y = -3},
    {.bitmap_index = 48878, .adv_w = 384, .box_w = 5, .box_h = 9, .ofs_x = 3, .ofs_y = -5},
    {.bitmap_index = 48898, .adv_w = 384, .box_w = 4, .box_h = 15, .ofs_x = 4, .ofs_y = -1},
    {.bitmap_index = 48918, .adv_w = 384, .box_w = 5, .box_h = 19, .ofs_x = 3, .ofs_y = -5},
    {.bitmap_index = 48951, .adv_w = 384, .box_w = 4, .box_h = 22, .ofs_x = 10, .ofs_y = -1}
};

/*---------------------
 *  CHARACTER MAPPING
 *--------------------*/

static const uint16_t unicode_list_1[] = {
    0x0, 0x1f5c, 0x2f4b, 0x4d49, 0x4d53, 0x4d56, 0x4d57, 0x4d73,
    0x4d76, 0x4da8, 0x4dd4, 0x4ded, 0x4e0e, 0x4e16, 0x4e17, 0x4e2d,
    0x4e3f, 0x4e44, 0x4e5a, 0x4e63, 0x4e69, 0x4e8f, 0x4e96, 0x4e97,
    0x4e98, 0x4e9c, 0x4ef0, 0x4f26, 0x4f37, 0x4f62, 0x508e, 0x50ae,
    0x50b1, 0x50bc, 0x50c4, 0x50ce, 0x50e2, 0x5100, 0x5143, 0x5144,
    0x514f, 0x5150, 0x516d, 0x5174, 0x5196, 0x51e8, 0x51e9, 0x51f1,
    0x525f, 0x5283, 0x529e, 0x52aa, 0x52d4, 0x5304, 0x530b, 0x5315,
    0x5316, 0x531a, 0x531f, 0x5333, 0x5338, 0x533c, 0x5351, 0x5357,
    0x535a, 0x5378, 0x53c6, 0x5416, 0x546d, 0x5624, 0x5627, 0x5647,
    0x5671, 0x5679, 0x5683, 0x5743, 0x5856, 0x58bf, 0x5aa0, 0x5aa1,
    0x5ad2, 0x5ad5, 0x5ae3, 0x5ae7, 0x5b42, 0x5b4a, 0x5b7a, 0x5b8b,
    0x5b98, 0x5d2f, 0x5d3b, 0x5dbf, 0x5ddd, 0x5e43, 0x5e49, 0x5e82,
    0x5e9c, 0x5e9e, 0x5ece, 0x5f4a, 0x5f70, 0x5f84, 0x5fab, 0x6058,
    0x6159, 0x6189, 0x6194, 0x6196, 0x619c, 0x61b0, 0x61ed, 0x621d,
    0x624a, 0x6250, 0x6252, 0x62ab, 0x62b7, 0x62ee, 0x6319, 0x632a,
    0x63f6, 0x6487, 0x64b9, 0x64bd, 0x64f6, 0x64f9, 0x6529, 0x653f,
    0x6557, 0x6587, 0x65b8, 0x65cb, 0x663d, 0x6649, 0x6652, 0x6668,
    0x6673, 0x6675, 0x6683, 0x6699, 0x66a8, 0x66ae, 0x66c7, 0x66ca,
    0x66e5, 0x6781, 0x6a6a, 0x6aac, 0x6b7d, 0x6bea, 0x6c2b, 0x6cd1,
    0x6d44, 0x6d4e, 0x6d59, 0x6e1a, 0x6e2a, 0x6e5d, 0x7002, 0x7036,
    0x71a2, 0x71a4, 0x71b2, 0x71ff, 0x7471, 0x747e, 0x7484, 0x7495,
    0x75c6, 0x75cd, 0x75f7, 0x763d, 0x7668, 0x7669, 0x7736, 0x77b7,
    0x77fc, 0x7883, 0x791b, 0x792d, 0x7939, 0x797c, 0x79c3, 0x7a14,
    0x7a92, 0x7c74, 0x7e08, 0x7e1c, 0x7e33, 0x7e36, 0x7eb7, 0x7fd2,
    0x7ff3, 0x8041, 0x8046, 0x804b, 0x80e5, 0x81bb, 0x8242, 0x836e,
    0x8426, 0x8492, 0x8614, 0x8795, 0x880e, 0x8911, 0x892c, 0x892f,
    0x8aea, 0x8aed, 0x8af9, 0x8b0a, 0x8b0f, 0x8b1e, 0x8b38, 0x8b3d,
    0x8b40, 0x8b4c, 0x8c6f, 0x8c71, 0x8cce, 0x8d38, 0x8d3c, 0x8f10,
    0x8f24, 0x8f27, 0x8f52, 0x8f58, 0x90db, 0x9113, 0x9115, 0x9116,
    0x9118, 0x93e8, 0x93e9, 0x93f7, 0x9447, 0x944a, 0x94c8, 0x9536,
    0x953d, 0x95ad, 0x95d9, 0x96ab, 0x97c2, 0x97cd, 0x9828, 0x9859,
    0x98b9, 0x98d1, 0x98df, 0x98e2, 0x99d5, 0x9d6a, 0x9e1a, 0xfe55,
    0xfe63, 0xfe64, 0xfea5
};

/*Collect the unicode lists and glyph_id offsets*/
static const lv_font_fmt_txt_cmap_t cmaps[] =
{
    {
        .range_start = 32, .range_length = 95, .glyph_id_start = 1,
        .unicode_list = NULL, .glyph_id_ofs_list = NULL, .list_length = 0, .type = LV_FONT_FMT_TXT_CMAP_FORMAT0_TINY
    },
    {
        .range_start = 183, .range_length = 65190, .glyph_id_start = 96,
        .unicode_list = unicode_list_1, .glyph_id_ofs_list = NULL, .list_length = 259, .type = LV_FONT_FMT_TXT_CMAP_SPARSE_TINY
    }
};

/*-----------------
 *    KERNING
 *----------------*/


/*Map glyph_ids to kern left classes*/
static const uint8_t kern_left_class_mapping[] =
{
    0, 0, 0, 1, 0, 0, 0, 2,
    1, 3, 0, 0, 0, 4, 5, 4,
    6, 7, 0, 8, 9, 10, 11, 12,
    13, 14, 15, 0, 0, 0, 0, 0,
    16, 17, 18, 19, 20, 21, 22, 23,
    24, 0, 0, 25, 26, 27, 0, 0,
    21, 28, 29, 30, 31, 32, 33, 34,
    35, 36, 37, 38, 3, 0, 0, 0,
    39, 0, 40, 41, 42, 0, 41, 43,
    44, 40, 45, 45, 46, 47, 40, 40,
    41, 41, 44, 48, 49, 50, 51, 52,
    53, 54, 52, 55, 3, 0, 0, 0,
    0, 5, 0, 0, 0, 0, 0, 0,
    0, 0, 0, 0, 0, 0, 0, 0,
    0, 0, 0, 0, 0, 0, 0, 0,
    0, 0, 0, 0, 0, 0, 0, 0,
    0, 0, 0, 0, 0, 0, 0, 0,
    0, 0, 0, 0, 0, 0, 0, 0,
    0, 0, 0, 0, 0, 0, 0, 0,
    0, 0, 0, 0, 0, 0, 0, 0,
    0, 0, 0, 0, 0, 0, 0, 0,
    0, 0, 0, 0, 0, 0, 0, 0,
    0, 0, 0, 0, 0, 0, 0, 0,
    0, 0, 0, 0, 0, 0, 0, 0,
    0, 0, 0, 0, 0, 0, 0, 0,
    0, 0, 0, 0, 0, 0, 0, 0,
    0, 0, 0, 0, 0, 0, 0, 0,
    0, 0, 0, 0, 0, 0, 0, 0,
    0, 0, 0, 0, 0, 0, 0, 0,
    0, 0, 0, 0, 0, 0, 0, 0,
    0, 0, 0, 0, 0, 0, 0, 0,
    0, 0, 0, 0, 0, 0, 0, 0,
    0, 0, 0, 0, 0, 0, 0, 0,
    0, 0, 0, 0, 0, 0, 0, 0,
    0, 0, 0, 0, 0, 0, 0, 0,
    0, 0, 0, 0, 0, 0, 0, 0,
    0, 0, 0, 0, 0, 0, 0, 0,
    0, 0, 0, 0, 0, 0, 0, 0,
    0, 0, 0, 0, 0, 0, 0, 0,
    0, 0, 0, 0, 0, 0, 0, 0,
    0, 0, 0, 0, 0, 0, 0, 0,
    0, 0, 0, 0, 0, 0, 0, 0,
    0, 0, 0, 0, 0, 0, 0, 0,
    0, 0, 0, 0, 0, 0, 0, 4,
    0, 0, 0
};

/*Map glyph_ids to kern right classes*/
static const uint8_t kern_right_class_mapping[] =
{
    0, 0, 0, 1, 0, 0, 0, 2,
    1, 0, 0, 0, 0, 3, 4, 3,
    5, 6, 7, 8, 9, 10, 11, 12,
    13, 14, 15, 0, 0, 0, 0, 0,
    16, 17, 18, 0, 19, 0, 0, 0,
    19, 0, 0, 20, 0, 0, 0, 0,
    19, 0, 19, 0, 21, 22, 23, 24,
    25, 26, 27, 28, 0, 0, 29, 0,
    30, 0, 31, 32, 33, 33, 33, 34,
    35, 32, 36, 37, 32, 38, 39, 39,
    33, 39, 33, 39, 40, 41, 42, 43,
    44, 45, 43, 46, 0, 0, 0, 0,
    0, 4, 0, 0, 0, 0, 0, 0,
    0, 0, 0, 0, 0, 0, 0, 0,
    0, 0, 0, 0, 0, 0, 0, 0,
    0, 0, 0, 0, 0, 0, 0, 0,
    0, 0, 0, 0, 0, 0, 0, 0,
    0, 0, 0, 0, 0, 0, 0, 0,
    0, 0, 0, 0, 0, 0, 0, 0,
    0, 0, 0, 0, 0, 0, 0, 0,
    0, 0, 0, 0, 0, 0, 0, 0,
    0, 0, 0, 0, 0, 0, 0, 0,
    0, 0, 0, 0, 0, 0, 0, 0,
    0, 0, 0, 0, 0, 0, 0, 0,
    0, 0, 0, 0, 0, 0, 0, 0,
    0, 0, 0, 0, 0, 0, 0, 0,
    0, 0, 0, 0, 0, 0, 0, 0,
    0, 0, 0, 0, 0, 0, 0, 0,
    0, 0, 0, 0, 0, 0, 0, 0,
    0, 0, 0, 0, 0, 0, 0, 0,
    0, 0, 0, 0, 0, 0, 0, 0,
    0, 0, 0, 0, 0, 0, 0, 0,
    0, 0, 0, 0, 0, 0, 0, 0,
    0, 0, 0, 0, 0, 0, 0, 0,
    0, 0, 0, 0, 0, 0, 0, 0,
    0, 0, 0, 0, 0, 0, 0, 0,
    0, 0, 0, 0, 0, 0, 0, 0,
    0, 0, 0, 0, 0, 0, 0, 0,
    0, 0, 0, 0, 0, 0, 0, 0,
    0, 0, 0, 0, 0, 0, 0, 0,
    0, 0, 0, 0, 0, 0, 0, 0,
    0, 0, 0, 0, 0, 0, 0, 0,
    0, 0, 0, 0, 0, 0, 0, 0,
    0, 0, 0, 0, 0, 0, 0, 3,
    0, 0, 0
};

/*Kern values between classes*/
static const int8_t kern_class_values[] =
{
    0, 0, 0, 0, 0, 0, 0, 0,
    0, -36, 0, -22, 8, 0, 0, 0,
    0, 0, 0, 0, 0, 0, 0, 0,
    0, 0, 0, 0, 0, 0, 0, 0,
    0, 0, 0, 0, 0, 0, 0, 0,
    0, 0, 0, 0, 0, 0, 0, 0,
    0, 0, 0, 0, -23, 0, -18, -10,
    0, -15, -28, 0, -19, 0, 0, 0,
    0, 0, 0, 0, 0, 0, 0, 0,
    0, 0, 0, 0, 0, 0, 0, 0,
    0, 0, 0, 0, 0, 0, 0, 0,
    0, 0, 0, 0, 0, 0, 0, 0,
    0, 0, 0, 0, 0, 0, 0, 0,
    0, 0, 0, 0, 0, 0, 0, 0,
    0, 0, 0, 0, 0, 0, 0, 0,
    0, 0, 0, 0, 0, 0, 0, 0,
    15, 0, 0, 0, 0, 0, 0, 0,
    0, 0, 0, 0, 0, 0, 0, -11,
    -37, 0, -10, -12, -7, -7, -10, -3,
    -38, 0, 0, 0, 0, 0, 0, 0,
    0, 0, 0, 0, 0, 0, 0, 0,
    0, 0, 0, 0, 0, 0, 0, 0,
    0, 0, 0, 0, 0, 0, 0, 0,
    0, 0, 0, 0, 0, 0, 0, -8,
    -12, 0, 0, 0, -9, 0, 0, 0,
    0, 0, 0, 0, 0, 0, 0, 0,
    0, 0, 0, 0, 0, 0, 0, 0,
    0, 0, 0, 0, 0, 0, 0, 0,
    0, 0, 0, 0, 0, 0, 0, 0,
    0, 0, 0, 0, 0, 0, 0, -28,
    0, -19, 0, 0, 0, 0, 0, 0,
    0, 0, 0, 0, 0, 0, 0, 0,
    0, 0, 0, 0, 0, 0, 0, 0,
    0, 0, 0, 0, 0, 0, 0, 0,
    0, 0, 0, 0, 0, 0, -11, 0,
    0, 0, 0, -9, -8, 0, 0, 0,
    -5, 0, 0, 0, 0, -12, 0, -10,
    0, -12, 0, -12, -7, 0, -20, 0,
    0, 0, 0, 0, 0, 0, 0, 0,
    0, 0, 0, 0, 0, 0, 0, 0,
    0, 0, 0, 0, 0, -2, 0, -5,
    0, 0, -9, -12, 0, -8, 0, 0,
    0, 0, 0, 0, 0, 0, 0, 0,
    0, -6, 0, 0, -10, 0, 0, 0,
    0, 0, 0, 0, 0, 0, 0, 0,
    0, 0, 0, 0, 0, 0, 0, 0,
    0, 0, -6, 0, 0, 0, 0, -7,
    0, 0, 0, 0, 0, 0, -4, -10,
    0, 0, 0, 0, 0, 0, 0, 0,
    0, -5, -8, 0, 0, 0, 0, 0,
    0, 0, 0, 0, 0, 0, 0, 0,
    0, 0, 0, 0, 0, 0, -6, 0,
    0, 0, 0, 0, -8, 0, -7, 0,
    0, 0, -8, 0, -8, -12, 0, 0,
    0, 0, 0, -10, 0, -13, 0, 0,
    -16, 1, 0, 0, 0, 0, 0, 0,
    0, 0, 0, 0, 0, 0, 0, 0,
    0, 0, 0, 0, 0, 0, -7, 0,
    0, 0, -10, 0, 0, 0, 0, 0,
    -7, 0, 0, -15, 0, 0, 0, 0,
    0, 0, 0, -8, 0, -13, 0, 0,
    0, 0, 0, 0, 0, 0, 0, 0,
    0, 0, 0, 0, 0, 0, 0, 0,
    0, 0, -29, 0, -7, 0, 0, 0,
    -22, 0, 0, 0, 0, 0, -12, 0,
    -4, -23, 0, 0, 0, 0, 0, -36,
    0, -28, 0, -10, -40, 0, 0, 0,
    0, 0, 0, 0, 0, 0, 0, 0,
    0, 0, 0, 0, -14, 0, -11, -7,
    8, -28, -51, -7, -32, -9, 0, 0,
    0, -27, 0, -26, 5, -11, 0, 5,
    0, -40, 0, -44, 0, 0, 0, 0,
    0, 0, 0, 0, 0, 0, -30, 0,
    -28, -8, -26, 0, 0, 0, -15, -20,
    0, -13, 0, 0, -12, -12, 0, 0,
    -3, 0, 0, 0, 0, 0, 0, 0,
    0, 0, -7, 0, -8, -7, 0, 0,
    0, 0, 0, -9, 0, -9, 0, 0,
    -15, 0, 0, 0, 0, 0, 0, 0,
    0, 0, 0, 0, 0, 0, 0, 0,
    0, 0, -8, 0, 0, -22, -40, 0,
    -19, 0, 0, 0, 0, -12, 0, -10,
    0, -8, 0, 0, 0, -27, 0, -34,
    0, 0, 0, -4, 0, -19, -10, 0,
    0, 0, -14, 0, -10, 4, 0, 0,
    0, 0, 0, 0, 2, 0, 0, 0,
    0, 0, 0, 0, 0, 0, 0, 0,
    0, 0, -10, -22, -5, -13, 4, -7,
    0, 0, 0, 0, 0, 0, 0, 0,
    0, 0, 0, 0, 0, 0, 0, 0,
    0, 0, 0, 0, 0, 0, 0, 0,
    0, 0, 0, 0, 0, 0, 0, 0,
    0, 0, 0, 0, 0, 0, 0, 0,
    0, 0, 0, 0, 0, 0, 0, 0,
    0, -17, 0, 0, 0, 0, 0, 0,
    0, -18, 0, 0, 0, 0, 0, 0,
    0, 0, 0, 0, 0, 0, 0, 0,
    0, 0, 0, 0, 0, 0, -38, -3,
    0, -19, 0, -12, -25, 0, 0, 0,
    0, 0, 0, 0, -28, -31, 0, 0,
    -14, 0, 0, -32, -9, -35, -25, 0,
    -36, 0, 0, 0, 0, 0, -2, -6,
    -2, 0, 0, -3, 0, 0, -13, -8,
    -15, -14, 0, 0, -12, 0, -6, 0,
    0, 0, 0, 0, 0, 0, 0, 0,
    0, 0, 0, -9, 0, -5, 0, -4,
    0, -9, 0, -13, -5, -9, -13, -2,
    0, 0, 0, 0, 0, 0, 0, 0,
    0, 0, 0, 0, 0, 0, 0, 0,
    -2, -3, 0, 0, 0, -17, 0, 0,
    0, 0, 0, 0, 0, 0, 0, 0,
    0, 0, 0, -9, -7, 0, 0, -2,
    0, 0, 0, -10, -15, -4, 0, 0,
    -5, 0, -9, 0, -8, 0, 0, 0,
    0, 0, 0, 0, -5, -7, -4, 0,
    -8, 0, -17, 0, 0, 0, 0, 0,
    0, 0, 0, 0, 0, 0, 0, -10,
    0, -14, 0, -18, 0, -13, 0, -12,
    -6, -17, -18, -10, 0, 0, 0, 0,
    0, 0, 0, 0, 0, 0, 0, 0,
    0, 0, 0, 0, 0, -5, 0, -5,
    0, 0, 0, 0, 0, 0, 0, 0,
    0, 0, 0, 0, 0, 0, 0, 0,
    0, 0, 0, 0, 0, 0, 0, 0,
    0, 0, 0, 0, 0, 0, 0, 0,
    0, 0, 0, 0, 0, 0, 0, 0,
    -4, -1, 0, 0, 6, -9, -26, 0,
    0, 0, 0, 0, 0, -10, 0, -10,
    0, 0, 0, 0, 0, -22, 0, -37,
    -3, 0, 0, 0, 0, -5, 0, 0,
    0, 0, -17, 0, -13, 0, -11, 0,
    0, 0, -10, -7, 0, -8, -4, -4,
    -8, -4, 0, 0, -13, 0, 0, 0,
    0, 0, 0, 0, 0, 0, 0, 0,
    0, -9, 0, -8, 0, 0, 0, -12,
    0, -12, -5, -10, -18, -3, 0, 0,
    0, 0, 0, 0, 0, 0, 0, 0,
    0, -3, 0, 0, -4, -5, -8, 0,
    0, 0, -8, 0, 0, 0, 0, 0,
    0, 0, 0, 0, 0, 0, 0, 0,
    0, 0, 0, -11, 0, 0, 0, 0,
    0, -7, 0, 0, 0, 0, 0, 0,
    0, 0, 0, 0, 0, 0, 0, 0,
    0, 0, 0, 0, 0, 0, 0, -15,
    5, -37, 0, -18, -13, 0, 0, -11,
    0, 0, 0, 0, -21, -15, 0, 0,
    -10, -8, -9, 0, -4, 0, 0, 0,
    0, 0, 0, 0, -7, 0, -14, -11,
    -12, 0, 0, -7, -4, -3, -11, -12,
    -10, -19, 0, 0, -36, 0, 9, -36,
    0, 0, -32, 0, 0, 0, 0, 0,
    -8, 0, -43, -37, 0, 0, -8, 0,
    0, -48, -10, -37, -31, 0, -61, 0,
    0, 0, -4, 0, -7, -8, -5, 0,
    0, 0, 0, 0, -18, -7, -26, -19,
    0, 0, 0, -15, -37, 0, 0, 0,
    0, -5, 0, -12, 0, 0, 0, 0,
    0, 0, 0, -26, 0, -41, 0, -8,
    0, -11, -5, -16, -14, -8, 0, 0,
    -12, 0, -9, 7, -9, 0, 0, 0,
    0, -4, 7, 0, 4, 9, 0, 0,
    0, 0, 0, 0, 0, 0, 0, 0,
    0, 0, 0, 0, 0, 0, 0, 0,
    0, -8, 0, -14, 0, -12, 0, -8,
    -8, -15, -17, -4, 0, 0, 0, 0,
    0, 0, 0, 0, 0, 0, 0, 0,
    0, 0, 0, 0, 0, 0, 0, -5,
    0, 0, 0, 0, 0, 0, 0, 0,
    0, 0, 0, 0, 0, 0, 0, 0,
    0, -11, 0, -7, 0, -3, -3, 0,
    -10, 0, 0, 0, -3, 0, -3, 0,
    -2, 0, 0, 0, 0, 0, 0, -1,
    0, 0, 0, 0, 0, 0, 0, 0,
    0, 0, 0, 0, 0, 0, 0, 0,
    0, 0, 0, 0, 0, 0, 0, 0,
    0, -5, 0, -6, 0, -5, -10, 0,
    0, 0, 0, 0, 0, 0, 0, 0,
    0, 0, 0, 0, 0, 0, 0, -2,
    -3, -1, 8, -25, -41, -31, 0, -12,
    0, 0, 0, -37, 0, -29, 0, -9,
    0, 0, 0, -32, -12, -40, -6, 0,
    0, -7, 0, -9, 0, 0, 0, 0,
    -41, -23, -46, -16, -45, 0, 0, 0,
    -33, -40, -9, -26, -30, -31, -32, -29,
    0, 0, -13, 0, 0, 0, 0, 0,
    0, 0, 0, 0, 0, 0, 0, 0,
    0, -9, 0, -14, 0, 0, 0, 0,
    0, -5, 0, -1, 0, 0, 0, 0,
    0, 0, 0, 0, 0, 0, 0, 0,
    0, 0, 0, 0, 0, 0, 0, -26,
    -51, -18, 0, -12, 0, -9, 0, -26,
    -6, -21, 0, -9, 0, 0, 0, -35,
    -12, -42, -6, 0, 0, 0, 0, 0,
    0, 0, 0, 0, -32, -20, -31, -7,
    -29, 0, 0, 0, -19, -26, -5, -18,
    -13, -12, -17, -13, 0, -15, -33, -12,
    0, -7, 0, 0, 0, -22, 0, 0,
    0, 0, 0, 0, 0, -24, -6, -36,
    -1, 0, 0, 0, 0, 0, 0, 0,
    0, 0, -26, 0, -22, -5, -22, 0,
    0, 0, -15, -19, -1, -17, -4, -7,
    -13, -9, 0, -13, 3, -33, 0, 0,
    -8, 0, -5, -10, -10, -10, 0, 0,
    -18, -8, -10, 0, -17, -7, -6, -10,
    -5, 0, 0, 0, 0, 0, 0, 0,
    -9, 0, -15, -11, -14, 0, 0, -3,
    -2, -10, -12, -14, -17, -18, 0, 0,
    0, -31, -49, -27, 0, -20, -2, -8,
    -5, -42, 0, -36, 0, -15, -8, -1,
    -18, -36, -18, -46, -12, 0, 0, 0,
    0, 0, 0, 0, 0, 0, -40, -19,
    -42, -17, -42, 0, 0, 0, -30, -37,
    -13, -28, -18, -20, -23, -25, 0, -15,
    0, -18, 0, 0, 0, 0, 0, -12,
    0, 0, 0, 0, 0, 0, 0, 0,
    -12, 0, 0, 0, -4, 0, 0, 0,
    0, 0, 0, 0, 0, 0, -6, 0,
    0, 0, 0, 0, 0, 0, -7, -8,
    -6, -9, 0, 0, 0, 0, 0, 0,
    0, 0, 0, 0, 0, 0, 0, 0,
    0, 0, 0, 0, 0, 0, 0, 0,
    0, 0, 0, 0, 0, 0, 0, 0,
    0, 0, 0, 0, -18, 0, 0, 0,
    31, 0, 0, 0, 0, 0, 0, 0,
    0, 0, -11, 0, 0, 0, 0, 0,
    -12, 0, 0, 0, 0, 0, -13, 0,
    -7, -18, 0, 0, 0, 0, -5, -43,
    0, -32, -22, -8, -33, 0, 0, 0,
    0, 0, 0, 0, 0, 0, 0, 0,
    0, 0, 0, 0, 0, 0, 0, 0,
    -16, 0, -7, 0, 0, 0, 0, 0,
    0, 0, 0, 0, -19, 0, -10, -27,
    0, -7, 0, -4, -5, -44, 0, -30,
    -22, -16, -38, -4, 0, -2, 0, 0,
    0, 0, 0, 0, 0, 0, 0, 0,
    0, 0, -3, -4, -7, -2, -6, 0,
    0, 0, 0, 0, 0, 0, 0, 0,
    0, 0, 0, 0, 0, -10, 0, -7,
    0, 0, -5, -38, 0, -23, -17, -14,
    -43, 0, 0, 0, -7, 0, -3, 0,
    0, -4, 0, -3, 0, 0, 0, 0,
    -4, 0, -9, 0, 12, -7, -26, 8,
    0, 0, 0, 0, 0, -17, 0, 0,
    8, 0, 7, 0, 0, -19, 0, -26,
    1, 0, 0, 6, 7, 0, 0, 0,
    6, 0, -8, 0, -5, 0, -6, 0,
    0, 0, 0, -5, 2, 0, 0, 0,
    0, 0, 0, 0, 0, 0, 0, 0,
    0, 0, 0, 0, 0, 0, 0, 0,
    0, 0, 0, 0, 0, 0, 0, -32,
    0, -28, -19, 0, -24, 0, 0, 0,
    0, 0, 0, 0, 0, 0, 11, 0,
    0, 0, 0, 0, 0, 0, 0, 0,
    0, 0, 0, 0, 0, 0, 0, 0,
    0, 0, 0, 0, 0, 0, 0, 0,
    0, 0, 0, 0, 0, 0, 0, 0,
    0, 0, 0, 0, 0, 0, 0, 0,
    0, 0, 0, 0, 5, 0, 0, 0,
    0, 0, 0, 0, 0, 0, -9, -5,
    3, -13, 0, 0, 0, 0, 0, -13,
    0, -10, 0, -11, -4, -6, 0, 0,
    -6, 0, 0, -33, -5, -20, -10, 0,
    -24, 0, 0, 0, -3, 0, -7, 0,
    -2, 0, 0, -3, 0, -6, -2, -2,
    0, 0, 0, 0, 0, -2, 7, -5,
    0, 0, 0, 0, 0, 0, 0, 0,
    0, 0, 0, -9, 0, 0, -1, 0,
    0, -17, 0, 0, 0, 0, -18, 0,
    0, 0, 2, 0, 0, 0, 0, 0,
    0, -3, 0, 0, 0, 0, 0, 0,
    0, 0, 0, -17, -41, 0, 0, 0,
    0, -6, -17, -19, 0, -10, 0, 0,
    4, 0, 0, -24, 0, -25, 0, -26,
    0, -13, -8, -18, -15, -6, 0, 0,
    -10, 0, -7, 0, -7, 0, 0, 0,
    0, -2, 0, -5, 3, 5, 0, 0,
    -13, 0, 0, 0, 0, 0, -10, 0,
    0, 0, 0, 0, -10, 0, 0, -15,
    0, 0, 0, 0, 0, -39, 0, -25,
    -18, -12, -34, 0, 0, 0, 0, 0,
    0, 0, 0, 0, 0, 0, 0, 0,
    0, 0, -2, -1, -7, 0, 0, 0,
    0, 0, 0, 0, 0, 0, 0, -3,
    0, 0, 0, 0, 5, 0, 0, 0,
    0, 0, 3, -10, 0, -8, -4, 0,
    -18, 0, 0, 0, 0, 0, -2, 2,
    0, 0, 0, 0, 0, -1, 0, 0,
    0, 0, 0, 0, 0, 0, 0, 0,
    0, 0, 0, 0, 0, 0, 0, 0,
    -8, 0, 0, -9, 0, 0, 0, 0,
    0, -27, 0, -19, -14, -4, -27, 0,
    0, 0, 0, 0, 0, 0, 0, 0,
    4, 0, 0, 0, 0, 0, 0, 0,
    0, 0, 0, -15, -31, 0, 0, 0,
    0, 0, 0, -13, 0, -12, 0, 0,
    0, 0, 0, -19, 0, -36, 0, -37,
    0, -10, -4, -19, -18, -8, 0, 0,
    -8, 0, -3, 0, -3, 0, 0, 0,
    0, -4, 0, 0, 5, 0, 0, 0,
    0, -8, -30, 0, 0, 0, 0, 0,
    0, 0, 0, 0, 0, 0, 0, 0,
    0, -16, 0, -26, 0, -31, 0, -12,
    -7, -20, -19, -9, 0, 0, -8, 0,
    -5, 0, 0, 0, 0, 0, 0, -3,
    0, 0, 0, 4, 0, 0, 0, -5,
    0, -10, 0, 0, 0, 0, 0, -12,
    0, -11, -9, -8, 0, 0, 0, 0,
    -1, 0, 0, -32, 0, -17, -13, 0,
    -23, 0, 0, 0, -5, 0, -7, 0,
    0, 0, 0, -4, 0, -5, 0, -3,
    0, 0, 0, 0, 0, -10, 0, -5,
    0, 0, 0, 0, 0, -11, 0, -7,
    -6, 0, -2, 0, 0, 0, -5, 0,
    0, -28, 0, -16, -10, 0, -25, 0,
    0, 0, -1, 0, -4, 0, -3, 0,
    0, 0, 0, -4, 0, -2, 0, 0,
    0, 0
};


/*Collect the kern class' data in one place*/
static const lv_font_fmt_txt_kern_classes_t kern_classes =
{
    .class_pair_values   = kern_class_values,
    .left_class_mapping  = kern_left_class_mapping,
    .right_class_mapping = kern_right_class_mapping,
    .left_class_cnt      = 55,
    .right_class_cnt     = 46,
};

/*--------------------
 *  ALL CUSTOM DATA
 *--------------------*/

#if LVGL_VERSION_MAJOR == 8
/*Store all the custom data of the font*/
static  lv_font_fmt_txt_glyph_cache_t cache;
#endif

#if LVGL_VERSION_MAJOR >= 8
static const lv_font_fmt_txt_dsc_t font_dsc = {
#else
static lv_font_fmt_txt_dsc_t font_dsc = {
#endif
    .glyph_bitmap = glyph_bitmap,
    .glyph_dsc = glyph_dsc,
    .cmaps = cmaps,
    .kern_dsc = &kern_classes,
    .kern_scale = 16,
    .cmap_num = 2,
    .bpp = 4,
    .kern_classes = 1,
    .bitmap_format = 1,
#if LVGL_VERSION_MAJOR == 8
    .cache = &cache
#endif
};



/*-----------------
 *  PUBLIC FONT
 *----------------*/

/*Initialize a public general font descriptor*/
#if LVGL_VERSION_MAJOR >= 8
const lv_font_t font_ui_24 = {
#else
lv_font_t font_ui_24 = {
#endif
    .get_glyph_dsc = lv_font_get_glyph_dsc_fmt_txt,    /*Function pointer to get glyph's data*/
    .get_glyph_bitmap = lv_font_get_bitmap_fmt_txt,    /*Function pointer to get glyph's bitmap*/
    .line_height = 27,          /*The maximum line height required by the font*/
    .base_line = 5,             /*Baseline measured from the bottom of the line*/
#if !(LVGL_VERSION_MAJOR == 6 && LVGL_VERSION_MINOR == 0)
    .subpx = LV_FONT_SUBPX_NONE,
#endif
#if LV_VERSION_CHECK(7, 4, 0) || LVGL_VERSION_MAJOR >= 8
    .underline_position = -2,
    .underline_thickness = 1,
#endif
    .dsc = &font_dsc,          /*The custom font data. Will be accessed by `get_glyph_bitmap/dsc` */
#if LV_VERSION_CHECK(8, 2, 0) || LVGL_VERSION_MAJOR >= 9
    .fallback = NULL,
#endif
    .user_data = NULL,
};



#endif /*#if FONT_UI_24*/

