/*******************************************************************************
 * Size: 18 px
 * Bpp: 4
 * Opts: --size 18 --bpp 4 --format lvgl --font ..\calorie-scale-app\assets\fonts\MiSans-Regular.ttf --range 0x20-0x7E --symbols –，；：。·｜安按拔白保本闭别并波播不才材参餐侧层场超称成秤持充出除触传次从存打待单但弹蛋当地的等低点电调定动短断对发反肪放分封复个更功关果过合核黑后候护滑化画唤换恢回会击机鸡基极计记加间件建渐交蕉接结解界仅进景就据卡开可空馈来蓝览冷里立连链量令录路满没眠面秒明命膜钠奶内能牛钮判皮苹屏期启前切清请区取去全确热认任仍肉入色上时识实食示事试饰释手首束数双水说四松所锁态碳提体添跳透图完未位稳握无物误显线香响向项消写新行醒性胸休修绪续选压牙演验养也一已意隐应营用有右与预在暂长账真整正证脂执直只指质置中钟重住装状紫字总最左 --lv-font-name font_ui_18 -o src\fonts\font_ui_18.c
 ******************************************************************************/

#ifdef LV_LVGL_H_INCLUDE_SIMPLE
#include "lvgl.h"
#else
#include "lvgl/lvgl.h"
#endif

#ifndef FONT_UI_18
#define FONT_UI_18 1
#endif

#if FONT_UI_18

/*-----------------
 *    BITMAPS
 *----------------*/

/*Store the image of the glyphs*/
static LV_ATTRIBUTE_LARGE_CONST const uint8_t glyph_bitmap[] = {
    /* U+0020 " " */

    /* U+0021 "!" */
    0x8f, 0x4f, 0x7, 0x0, 0x84, 0x4, 0x3, 0xc6,
    0x6, 0x1, 0x8, 0xa, 0xc0, 0xb, 0x80, 0x68,
    0xe4, 0x11, 0x80,

    /* U+0022 "\"" */
    0x1b, 0x65, 0xb2, 0x4, 0xe3, 0x41, 0x10, 0x79,
    0x81, 0x0, 0x8, 0x40, 0x40, 0x85, 0xc0, 0x0,

    /* U+0023 "#" */
    0x0, 0xcb, 0xe0, 0x1, 0xf4, 0x0, 0xec, 0x20,
    0x2, 0x82, 0x80, 0x72, 0xb8, 0x3, 0x4, 0x40,
    0x1c, 0x7a, 0x0, 0x35, 0x0, 0xab, 0xfc, 0x11,
    0xfe, 0x44, 0x7c, 0x84, 0xd3, 0x5, 0x52, 0x41,
    0xea, 0x80, 0x6a, 0x24, 0xaa, 0x20, 0x95, 0x30,
    0x8, 0xdc, 0x0, 0x62, 0x20, 0x8, 0x44, 0xa4,
    0x22, 0xd2, 0x11, 0x2, 0x77, 0x5, 0xfb, 0x8a,
    0x7d, 0xc0, 0x5b, 0x70, 0xbb, 0x82, 0x2e, 0xc0,
    0x28, 0x4, 0x88, 0x0, 0x2a, 0x20, 0x2, 0x37,
    0x0, 0x18, 0x90, 0x7, 0x26, 0x80, 0x31, 0x40,
    0x30,

    /* U+0024 "$" */
    0x0, 0xcd, 0xe4, 0x1, 0xe1, 0xe0, 0x70, 0xe,
    0x9e, 0x70, 0xae, 0x50, 0x4, 0xb3, 0x1c, 0x24,
    0xe9, 0x41, 0x96, 0x78, 0x13, 0x55, 0x88, 0x30,
    0x3, 0xa8, 0xc8, 0x28, 0x3, 0xf4, 0x1e, 0xe0,
    0x7, 0x9e, 0x41, 0x42, 0x54, 0x3, 0x36, 0xc0,
    0x2d, 0x60, 0x7, 0x8, 0x64, 0x1c, 0x0, 0x7c,
    0xe6, 0x80, 0xe2, 0x1, 0xf1, 0xc6, 0x88, 0x4,
    0xc6, 0x87, 0x47, 0xd6, 0x19, 0x27, 0x0, 0xbc,
    0xe0, 0x5, 0x9c, 0x0, 0x86, 0x2c, 0x25, 0x80,
    0x0,

    /* U+0025 "%" */
    0x5, 0xdf, 0xc4, 0x0, 0xc3, 0xd6, 0x0, 0x4a,
    0x5b, 0x5b, 0x20, 0xa, 0x82, 0x80, 0x1c, 0x90,
    0x92, 0x4a, 0x0, 0x64, 0xb1, 0x0, 0x84, 0x2,
    0x1f, 0x2, 0x95, 0x50, 0x5, 0x8a, 0x80, 0xc7,
    0x61, 0xc3, 0x60, 0x19, 0x99, 0x7f, 0x30, 0x6e,
    0x74, 0x20, 0x1d, 0x3f, 0xbe, 0xe5, 0xc, 0x80,
    0x1f, 0x88, 0x1, 0xe5, 0x20, 0x1f, 0xf4, 0x17,
    0x3, 0xf7, 0xe1, 0x80, 0x71, 0xbb, 0x8d, 0xa2,
    0x16, 0xd8, 0x20, 0x1b, 0x8a, 0x2, 0x99, 0x89,
    0x42, 0xe0, 0x14, 0x97, 0x0, 0x7f, 0xc8, 0xd0,
    0x60, 0xa, 0x67, 0x4a, 0x17, 0x1, 0xa3, 0x70,
    0x9, 0xa2, 0x6d, 0xb0, 0x40,

    /* U+0026 "&" */
    0x0, 0x86, 0xbb, 0xec, 0x80, 0x3e, 0xc5, 0x67,
    0x5c, 0x0, 0xf2, 0x95, 0x44, 0x2c, 0x54, 0x3,
    0x88, 0x10, 0x0, 0xc0, 0x1f, 0x18, 0x38, 0x2,
    0x1, 0x0, 0x39, 0xe, 0x5b, 0x52, 0x84, 0x3,
    0xc8, 0x12, 0xda, 0xa0, 0x1c, 0x3a, 0xec, 0x2c,
    0x60, 0x6, 0x40, 0x5, 0x16, 0x4e, 0x96, 0x80,
    0x27, 0x40, 0x8, 0xe6, 0x7, 0x47, 0x70, 0x16,
    0x4, 0x1e, 0x1, 0x2c, 0xa3, 0xb1, 0x1, 0xd,
    0x0, 0x62, 0x0, 0x8, 0x5, 0x5, 0xae, 0xeb,
    0xb1, 0xa3, 0xa8, 0x1, 0xa8, 0x62, 0xf, 0x39,
    0x65, 0x46,

    /* U+0027 "'" */
    0x1b, 0x60, 0x4e, 0x10, 0xe0, 0x1, 0x80, 0x88,

    /* U+0028 "(" */
    0x0, 0x2b, 0x0, 0x2b, 0x81, 0xc2, 0x42, 0xd0,
    0x44, 0x7a, 0x8, 0x8, 0x1a, 0x4, 0x2, 0x20,
    0x1, 0x98, 0x3, 0xc6, 0x60, 0x7, 0x88, 0x81,
    0x41, 0x40, 0xc7, 0x0, 0xe, 0xc0, 0xa, 0x14,
    0x3, 0x37, 0x80,

    /* U+0029 ")" */
    0x28, 0x10, 0x1, 0x34, 0x80, 0x52, 0xe0, 0x12,
    0x82, 0x80, 0x8, 0x9e, 0x1, 0x3a, 0x0, 0x58,
    0x22, 0x0, 0x18, 0x18, 0x0, 0x40, 0x40, 0x3e,
    0x10, 0x10, 0x6, 0x81, 0x0, 0xc, 0xc0, 0x12,
    0x20, 0x0, 0xa1, 0x40, 0xe, 0x32, 0x2, 0x48,
    0x0, 0x0,

    /* U+002A "*" */
    0x0, 0x44, 0x80, 0x1b, 0x8, 0xf1, 0x98, 0xab,
    0x9d, 0x1c, 0x44, 0xe8, 0xd6, 0xcf, 0x6c, 0x4b,
    0x98, 0x53,

    /* U+002B "+" */
    0x0, 0x85, 0x4, 0x3, 0xc5, 0x6a, 0x1, 0xff,
    0xc1, 0x11, 0x30, 0x8, 0xe9, 0xee, 0x50, 0x57,
    0x72, 0x2e, 0xe8, 0x8, 0xbb, 0x89, 0x12, 0x3,
    0x44, 0x10, 0x7, 0xff, 0x18,

    /* U+002C "," */
    0x8e, 0x40, 0x11, 0x43, 0x9, 0xa2, 0x17, 0xc0,

    /* U+002D "-" */
    0x2, 0x2f, 0x2, 0x6e, 0xf9, 0x96, 0xef, 0xc8,

    /* U+002E "." */
    0xae, 0x11, 0x8c,

    /* U+002F "/" */
    0x0, 0xc7, 0xea, 0x1, 0xac, 0x10, 0x3, 0x2a,
    0x8, 0x4, 0x44, 0xd0, 0xc, 0x80, 0x80, 0x1b,
    0x48, 0x80, 0x19, 0x14, 0x3, 0x28, 0x58, 0x6,
    0xf1, 0x30, 0xc, 0x8e, 0x1, 0x90, 0x74, 0x3,
    0x60, 0x20, 0x6, 0x54, 0x0, 0xc4, 0x4d, 0x0,
    0xc0,

    /* U+0030 "0" */
    0x0, 0x2e, 0x7f, 0x48, 0x80, 0x4d, 0x42, 0xe8,
    0xd8, 0x0, 0x19, 0x3d, 0x8a, 0x92, 0x70, 0x70,
    0xf0, 0x9, 0x8a, 0x83, 0x0, 0xc0, 0x32, 0x90,
    0xb9, 0x80, 0x77, 0x1, 0x3, 0x80, 0x71, 0x83,
    0x80, 0x7f, 0xce, 0x1, 0xc6, 0xe, 0xe3, 0x0,
    0xee, 0x2, 0xd0, 0x30, 0xc, 0xa4, 0x2c, 0x1e,
    0x1, 0x29, 0x50, 0xc, 0x1e, 0x45, 0x50, 0x9c,
    0x0, 0xf4, 0x2e, 0x8d, 0x80, 0x0,

    /* U+0031 "1" */
    0x0, 0x1e, 0x79, 0x5, 0x61, 0x80, 0x5, 0x5e,
    0x0, 0x3, 0xd0, 0x1, 0x84, 0x3, 0xff, 0xdc,

    /* U+0032 "2" */
    0x0, 0x1d, 0xf7, 0xd9, 0x80, 0x4b, 0x8a, 0xcc,
    0x5c, 0x30, 0x4, 0x1f, 0x44, 0xe0, 0x40, 0x3,
    0xf8, 0x2, 0x24, 0x50, 0x1, 0x10, 0x3, 0xff,
    0x82, 0x28, 0xe0, 0x1f, 0x68, 0x58, 0x7, 0xa4,
    0xe4, 0x80, 0x39, 0xd9, 0xd8, 0x3, 0x96, 0x16,
    0x0, 0x38, 0xe8, 0xe8, 0x3, 0x8b, 0x4b, 0x40,
    0x3d, 0xe2, 0x8c, 0xef, 0x84, 0x44, 0xd, 0x11,
    0xc4,

    /* U+0033 "3" */
    0xb, 0xff, 0xf8, 0x1, 0xd1, 0x19, 0x40, 0xc0,
    0xa, 0xef, 0x32, 0xe, 0x80, 0x7b, 0x47, 0x44,
    0x3, 0xa4, 0xe8, 0xc0, 0x39, 0x59, 0xd4, 0x3,
    0xd6, 0xf, 0xf4, 0x20, 0x1a, 0xa9, 0x70, 0xb8,
    0x20, 0x12, 0x2a, 0x3d, 0x93, 0x0, 0x7c, 0x81,
    0xa0, 0x24, 0x1, 0xfb, 0x38, 0x40, 0x27, 0xc,
    0x8, 0x3f, 0x98, 0xb8, 0x36, 0x5, 0xc4, 0x77,
    0x33, 0xe0, 0x0,

    /* U+0034 "4" */
    0x0, 0xe3, 0xff, 0x20, 0x7, 0xbc, 0x3, 0xf2,
    0x9a, 0x80, 0x7d, 0x5, 0xc0, 0x1e, 0x62, 0x90,
    0xf, 0xa1, 0x10, 0x1, 0xe8, 0x18, 0x0, 0xf0,
    0xba, 0x98, 0x7, 0xac, 0x20, 0x3, 0xc4, 0xaa,
    0x2, 0x20, 0x81, 0xa, 0x82, 0xee, 0xd4, 0x13,
    0xcb, 0x55, 0xd0, 0xf, 0x64, 0xab, 0xc6, 0x18,
    0x80, 0x1f, 0xe0,

    /* U+0035 "5" */
    0xf, 0xff, 0x80, 0x24, 0x88, 0xe0, 0x10, 0xd7,
    0x7e, 0x2, 0x3, 0x0, 0xf3, 0x80, 0x80, 0x78,
    0x41, 0xc0, 0x40, 0x31, 0x85, 0x7f, 0x7d, 0x90,
    0x8, 0x24, 0x53, 0x26, 0xb, 0xde, 0xba, 0xcd,
    0xc, 0x82, 0x0, 0x65, 0x13, 0x2, 0x0, 0xe1,
    0x16, 0x78, 0x80, 0x4c, 0x19, 0x5, 0xf3, 0x17,
    0x26, 0xc9, 0xa8, 0xee, 0x67, 0xc0,

    /* U+0036 "6" */
    0x0, 0xee, 0xd0, 0xf, 0xa0, 0x78, 0x3, 0xc4,
    0xec, 0x60, 0x1e, 0x91, 0x80, 0xf, 0x22, 0x2c,
    0x3, 0xe9, 0xb, 0xef, 0xb1, 0x0, 0x29, 0x3,
    0x53, 0xa7, 0x88, 0x48, 0x6c, 0x2c, 0x50, 0xc8,
    0x1a, 0x90, 0x4, 0xa4, 0x82, 0x4, 0x1, 0xc2,
    0x30, 0x18, 0x7, 0x13, 0x2, 0xa2, 0x0, 0x27,
    0x1d, 0xb, 0x1b, 0xa8, 0xb8, 0x46, 0x1, 0xf6,
    0x47, 0x68, 0xb0,

    /* U+0037 "7" */
    0x6f, 0xff, 0xa9, 0x62, 0x39, 0x80, 0x8d, 0xdf,
    0x84, 0x24, 0x3, 0xcc, 0x82, 0x1, 0xcc, 0x3e,
    0x1, 0xea, 0x14, 0x0, 0xe3, 0x34, 0x80, 0x7a,
    0x81, 0x80, 0x38, 0x59, 0x44, 0x3, 0x98, 0x38,
    0x3, 0xd4, 0x48, 0x1, 0xc8, 0x54, 0x1, 0xee,
    0x6, 0x0, 0xe1, 0x55, 0x8, 0x6,

    /* U+0038 "8" */
    0x0, 0x3e, 0xff, 0x48, 0x80, 0x55, 0xc, 0xee,
    0x6f, 0x10, 0x25, 0x6b, 0x89, 0xc1, 0x90, 0x70,
    0xa0, 0x8, 0xc4, 0x81, 0x81, 0x40, 0x21, 0x11,
    0x1, 0xac, 0xb1, 0x26, 0x8c, 0x80, 0x29, 0x27,
    0x6c, 0xb0, 0x40, 0x16, 0x8d, 0x50, 0x78, 0x40,
    0xe9, 0x92, 0xaf, 0xa7, 0xc1, 0x66, 0x60, 0xd,
    0x46, 0x23, 0x0, 0x7c, 0x68, 0x4a, 0x1, 0xc,
    0x89, 0x41, 0x55, 0xc4, 0xf0, 0xd0, 0xe, 0x3b,
    0x3b, 0x97, 0x10, 0x0,

    /* U+0039 "9" */
    0x0, 0xc, 0xf7, 0xeb, 0x80, 0x43, 0xec, 0x8e,
    0x31, 0x60, 0xb, 0x1c, 0xa8, 0xc6, 0x45, 0x5,
    0x51, 0x80, 0x52, 0x1c, 0x41, 0xa0, 0x1c, 0x4e,
    0x61, 0xe0, 0x1c, 0x6e, 0x24, 0xc0, 0x19, 0x47,
    0x2, 0x7, 0x10, 0x9e, 0x81, 0x81, 0x60, 0xef,
    0x60, 0x1c, 0x40, 0xf, 0xd7, 0x8c, 0x30, 0x1,
    0x85, 0x1, 0xa0, 0x3, 0xee, 0x36, 0x0, 0xf3,
    0x97, 0x80, 0x78, 0xa1, 0x4c, 0x2,

    /* U+003A ":" */
    0xbf, 0x21, 0x11, 0xd7, 0x8, 0x7, 0xff, 0xe,
    0xb8, 0x46, 0x30,

    /* U+003B ";" */
    0x8f, 0x5f, 0x11, 0x3f, 0x20, 0x7, 0xff, 0xe,
    0x39, 0x0, 0x45, 0xc, 0x26, 0x88, 0x5f, 0x0,

    /* U+003C "<" */
    0x0, 0xf9, 0x58, 0x3, 0x93, 0x28, 0x40, 0x22,
    0xbb, 0xd, 0xb8, 0xc, 0xeb, 0x56, 0xa0, 0x2f,
    0x3c, 0xea, 0x80, 0x5a, 0xe, 0xe0, 0xe, 0x88,
    0x3f, 0x40, 0x7, 0x3f, 0xbb, 0xb9, 0xc0, 0x30,
    0xc7, 0x24, 0x72, 0x0, 0x61, 0xac, 0x5d, 0x0,
    0xf1, 0xdc, 0x0,

    /* U+003D "=" */
    0x9f, 0xff, 0xa6, 0xa6, 0x7e, 0xa3, 0x66, 0xf8,
    0xc0, 0x47, 0xf4, 0xf7, 0x7d, 0x17, 0x7f, 0xc0,

    /* U+003E ">" */
    0x65, 0x0, 0xf8, 0x6b, 0x10, 0x3, 0x9e, 0xc6,
    0xec, 0x40, 0x19, 0x36, 0x9b, 0x64, 0x40, 0x32,
    0xec, 0xbf, 0x28, 0x7, 0x3b, 0x83, 0x40, 0x33,
    0xf3, 0xc4, 0x0, 0xd, 0xd0, 0xfe, 0xe0, 0x9b,
    0x29, 0xb0, 0x20, 0xc, 0x6c, 0xa2, 0x0, 0xd3,
    0x66, 0x1, 0xe0,

    /* U+003F "?" */
    0x0, 0x46, 0xfe, 0xb0, 0x5, 0x8e, 0x90, 0xd2,
    0xe0, 0x87, 0x72, 0xf6, 0x72, 0x9, 0xa8, 0x1,
    0x28, 0x80, 0x8, 0x3, 0x21, 0x80, 0x7a, 0xcb,
    0xc0, 0x3a, 0x92, 0xcc, 0x3, 0x1a, 0xd2, 0x0,
    0x73, 0x2, 0x80, 0x78, 0x4c, 0x3, 0xe4, 0xc0,
    0xf, 0xfe, 0x24, 0x71, 0x80, 0x78, 0x44, 0xe0,
    0x10,

    /* U+0040 "@" */
    0x0, 0xc9, 0x5b, 0xfd, 0x8c, 0x1, 0xf5, 0x58,
    0x5d, 0xc9, 0x1a, 0x40, 0x1a, 0xdf, 0x29, 0x91,
    0x63, 0xdb, 0x4, 0x0, 0xc9, 0xe6, 0x1, 0xc3,
    0x67, 0x20, 0xa, 0x72, 0x7, 0xef, 0xa5, 0xd0,
    0xb6, 0x1, 0x3b, 0x6, 0x86, 0xb3, 0xb0, 0x3,
    0x88, 0x88, 0xc, 0x2d, 0xa1, 0x25, 0x40, 0x2,
    0x4, 0xe0, 0x18, 0x40, 0x22, 0x0, 0x8, 0xb,
    0x0, 0x82, 0x31, 0x82, 0x39, 0xc, 0x91, 0x42,
    0xe1, 0x29, 0x9f, 0x5a, 0xbc, 0xf2, 0x0, 0x68,
    0x10, 0xae, 0xde, 0x3a, 0xdf, 0x40, 0x4, 0x16,
    0x88, 0x9, 0x0, 0x44, 0x1, 0xda, 0xfd, 0x2a,
    0x69, 0x1c, 0xa0, 0x1c, 0x37, 0x47, 0x19, 0x47,
    0x6a, 0x1, 0x0,

    /* U+0041 "A" */
    0x0, 0xef, 0xf0, 0x7, 0xf2, 0x80, 0x14, 0x3,
    0xf7, 0x0, 0x3c, 0x3, 0xe1, 0x44, 0x1a, 0x88,
    0x7, 0x9c, 0x36, 0x81, 0xc0, 0x3d, 0x40, 0xce,
    0x1a, 0x1, 0xc2, 0x6a, 0x2, 0xa8, 0x20, 0x19,
    0x83, 0x80, 0x1e, 0xc, 0x1, 0xa8, 0x2f, 0xfd,
    0x41, 0x60, 0x11, 0x10, 0xdd, 0xf1, 0x98, 0x80,
    0x14, 0x1f, 0x11, 0xbc, 0x28, 0x0, 0xc4, 0x60,
    0x18, 0xc9, 0x40, 0xc6, 0x80, 0x3d, 0x44, 0x74,
    0xc, 0x1, 0xe6, 0xa,

    /* U+0042 "B" */
    0x9f, 0xfe, 0xd7, 0x0, 0xe7, 0x7c, 0x31, 0x60,
    0x1a, 0x23, 0x62, 0xa1, 0x80, 0x7e, 0xf0, 0x60,
    0xf, 0xc4, 0xc, 0x1, 0xf2, 0x4a, 0x18, 0x5,
    0xff, 0xad, 0x6c, 0x3, 0x3b, 0xe5, 0x4d, 0x10,
    0xa, 0x23, 0x56, 0x95, 0x80, 0x7e, 0x24, 0x50,
    0xf, 0xfe, 0x39, 0xa1, 0x80, 0x51, 0x1a, 0xf0,
    0x3c, 0x2, 0x77, 0xca, 0xac, 0x30,

    /* U+0043 "C" */
    0x0, 0xcd, 0x9d, 0xf8, 0xe0, 0x18, 0x72, 0x45,
    0xd8, 0x63, 0x44, 0x1, 0xa7, 0x5b, 0x32, 0xda,
    0x27, 0x5, 0x38, 0x50, 0xc, 0xbc, 0xc1, 0xc0,
    0xe0, 0x1e, 0x10, 0x2, 0xa0, 0x7, 0xf8, 0x48,
    0x3, 0xff, 0x94, 0x24, 0x1, 0xfe, 0x54, 0x0,
    0xff, 0x70, 0x40, 0x7, 0x88, 0x0, 0xa6, 0xec,
    0x1, 0x9b, 0x58, 0x1, 0xa7, 0x3b, 0x31, 0xb2,
    0x4e, 0x0, 0x1c, 0x91, 0x77, 0x4, 0x68, 0x80,

    /* U+0044 "D" */
    0x9f, 0xfe, 0xd9, 0x20, 0xe, 0x77, 0xe6, 0xd5,
    0x0, 0xd1, 0x1a, 0xb8, 0xe8, 0xc0, 0x3f, 0xe,
    0x84, 0x0, 0x7f, 0xb, 0x20, 0x80, 0x7f, 0x60,
    0x28, 0x7, 0xf0, 0x80, 0x80, 0x7f, 0xf2, 0x44,
    0x4, 0x3, 0xfb, 0x1, 0x40, 0x3f, 0x13, 0x20,
    0x80, 0x7c, 0x5e, 0x12, 0x1, 0x44, 0x6b, 0xd2,
    0xb2, 0x0, 0x9d, 0xf3, 0x3f, 0x20, 0x0,

    /* U+0045 "E" */
    0x9f, 0xff, 0xac, 0x0, 0xef, 0xee, 0x0, 0x44,
    0x79, 0x40, 0x3f, 0xf9, 0x4, 0x5e, 0x0, 0xb7,
    0x7c, 0xa0, 0xa, 0xaf, 0x20, 0x1, 0x57, 0xc2,
    0x1, 0xff, 0xd1, 0x88, 0xf3, 0x80, 0x1d, 0xfd,
    0x20,

    /* U+0046 "F" */
    0x9f, 0xff, 0xa0, 0x0, 0xef, 0xec, 0x0, 0x44,
    0x79, 0x0, 0x3f, 0xfa, 0x31, 0x1e, 0x0, 0x9d,
    0xfc, 0x1, 0x7f, 0xf8, 0x3, 0xff, 0xc4,

    /* U+0047 "G" */
    0x0, 0xcf, 0x9d, 0xf8, 0xc0, 0x18, 0xb6, 0x5,
    0xd8, 0x67, 0x0, 0x2e, 0x2a, 0xd9, 0x96, 0xc1,
    0xb0, 0x31, 0xc2, 0x80, 0x67, 0xd6, 0xd, 0x7,
    0x0, 0xf1, 0x0, 0x15, 0x40, 0x1f, 0xe1, 0x30,
    0xc, 0xf1, 0x13, 0x80, 0x7d, 0x4e, 0xf4, 0x0,
    0x98, 0x6, 0xdf, 0xf3, 0x0, 0x15, 0x0, 0x3f,
    0xda, 0x2c, 0x1, 0xfc, 0xc5, 0x28, 0x1, 0x8d,
    0xc8, 0x1, 0xe5, 0x79, 0x10, 0xbc, 0xf, 0x0,
    0x16, 0x40, 0xbb, 0x9a, 0x38, 0x80,

    /* U+0048 "H" */
    0x9f, 0x0, 0xfb, 0xe0, 0x3, 0xff, 0xc4, 0x45,
    0xf0, 0x6, 0xdd, 0xf8, 0x3, 0x55, 0x7c, 0x1,
    0x95, 0x7e, 0x0, 0xff, 0xf6, 0x80,

    /* U+0049 "I" */
    0x9f, 0x0, 0xff, 0xe7, 0x0,

    /* U+004A "J" */
    0x0, 0xe7, 0xf2, 0x0, 0xff, 0xff, 0x80, 0x63,
    0x6d, 0x10, 0x6, 0x0, 0x91, 0x32, 0x2d, 0x1c,
    0x12, 0x85, 0xd9, 0xe0, 0x0,

    /* U+004B "K" */
    0x9f, 0x0, 0xe6, 0xf8, 0x0, 0xf9, 0x25, 0x60,
    0x3, 0xc7, 0x69, 0x40, 0x1e, 0x2d, 0x2b, 0x0,
    0xf0, 0xf8, 0x60, 0x7, 0xda, 0x58, 0x20, 0x1e,
    0xa3, 0x4, 0x0, 0xf9, 0x68, 0xa4, 0x80, 0x3d,
    0x2b, 0xc1, 0x20, 0x1e, 0x60, 0x37, 0x46, 0x0,
    0xfd, 0x5, 0x24, 0x1, 0xfb, 0x83, 0x80, 0x3f,
    0x1b, 0x9b, 0x80, 0x7e, 0x82, 0x82,

    /* U+004C "L" */
    0x9f, 0x0, 0xff, 0xff, 0x80, 0x7f, 0xf5, 0x62,
    0x3c, 0xc0, 0x7, 0x7f, 0x50,

    /* U+004D "M" */
    0x9f, 0x50, 0xf, 0xcf, 0xec, 0x0, 0x80, 0xf,
    0x86, 0x0, 0x31, 0x38, 0x7, 0xac, 0x3, 0x92,
    0x4, 0x3, 0x1a, 0xa0, 0x6, 0x90, 0xb0, 0xd,
    0xe3, 0x0, 0x18, 0x9d, 0x4c, 0x0, 0xc7, 0x2,
    0x1, 0xd0, 0x3e, 0x0, 0x83, 0x60, 0xf, 0xa0,
    0xd6, 0x7, 0xc0, 0x3f, 0x31, 0xdb, 0xa9, 0x80,
    0x7f, 0x78, 0x85, 0x80, 0x7f, 0x8e, 0x24, 0x40,
    0x3f, 0xe7, 0x60, 0xf, 0xfe, 0xb0,

    /* U+004E "N" */
    0x9f, 0x50, 0xf, 0x5e, 0x80, 0x2c, 0x40, 0x3f,
    0x86, 0xc0, 0x3f, 0x9d, 0x50, 0x3, 0xf4, 0x15,
    0x0, 0x7f, 0x48, 0xc8, 0x7, 0xe4, 0x66, 0x18,
    0x7, 0xe8, 0x1e, 0x0, 0xfc, 0x36, 0x50, 0x1,
    0xf9, 0x54, 0xe6, 0x1, 0xfa, 0xc7, 0xc0, 0x3f,
    0xc, 0x1a, 0x0, 0x7e, 0x64, 0x0, 0xff, 0x48,
    0x0,

    /* U+004F "O" */
    0x0, 0xcf, 0x9f, 0xd8, 0xe0, 0x1e, 0x2d, 0x80,
    0x67, 0x8, 0xd2, 0x0, 0xde, 0x55, 0x93, 0x2c,
    0xa2, 0xe0, 0x9, 0x8a, 0x54, 0x3, 0x2c, 0x1a,
    0x80, 0x34, 0x58, 0x3, 0xce, 0x1c, 0x0, 0x54,
    0x0, 0xfc, 0x8a, 0x0, 0x13, 0x0, 0xfc, 0x42,
    0x1, 0xff, 0xc4, 0x13, 0x0, 0xfc, 0x42, 0x0,
    0x54, 0x0, 0xfc, 0x8a, 0x0, 0xd1, 0x60, 0xf,
    0x38, 0x70, 0x1, 0x8a, 0x50, 0x3, 0x2c, 0x1a,
    0x80, 0x5e, 0x57, 0x91, 0x39, 0x45, 0xc0, 0x18,
    0xb2, 0x5, 0xd8, 0x23, 0x48, 0x0,

    /* U+0050 "P" */
    0x9f, 0xfe, 0xd8, 0x0, 0xce, 0xf3, 0x3, 0xe0,
    0x5, 0x11, 0x4e, 0xb1, 0xa8, 0x7, 0xd0, 0x18,
    0x1, 0xf0, 0x81, 0x80, 0x7c, 0xa1, 0xa0, 0x2,
    0x28, 0xde, 0x81, 0x80, 0x1b, 0xb6, 0x41, 0x60,
    0x80, 0x2a, 0xab, 0xcd, 0x30, 0x9, 0x56, 0x43,
    0x0, 0xff, 0xef, 0x80,

    /* U+0051 "Q" */
    0x0, 0x85, 0xf3, 0xfb, 0x1c, 0x3, 0xc5, 0x90,
    0xe, 0xc1, 0x1a, 0x40, 0x1b, 0xca, 0xf2, 0x21,
    0x94, 0x5c, 0x1, 0x31, 0x4a, 0x0, 0x65, 0x83,
    0x50, 0x6, 0x8b, 0x0, 0x79, 0xc3, 0x80, 0xa,
    0x80, 0x1f, 0x91, 0x40, 0x2, 0x60, 0x1f, 0x88,
    0x40, 0x3f, 0xf8, 0x82, 0x60, 0x1f, 0x88, 0x40,
    0xa, 0x80, 0x1c, 0x82, 0x8, 0xa0, 0xd, 0x16,
    0x0, 0x86, 0xf5, 0xc3, 0x80, 0xc, 0x52, 0x80,
    0x1, 0x93, 0x82, 0x50, 0xb, 0xca, 0xf2, 0x21,
    0x40, 0x5, 0x0, 0xc5, 0x90, 0x2e, 0xe0, 0x84,
    0x75, 0x0, 0xc2, 0xfb, 0xfe, 0xc7, 0xb2, 0xe0,
    0xf, 0xfe, 0x6, 0x58, 0x0,

    /* U+0052 "R" */
    0x9f, 0xfe, 0xc6, 0x0, 0xe7, 0x79, 0x86, 0x60,
    0x3, 0x44, 0x53, 0xa6, 0xe4, 0x1, 0xfa, 0x1,
    0x0, 0x3f, 0x30, 0x7, 0xf9, 0x0, 0x80, 0x3c,
    0x2d, 0x22, 0x80, 0x17, 0xfd, 0xd2, 0x3a, 0x1,
    0x9d, 0xe0, 0x4e, 0x30, 0xd, 0x11, 0x3a, 0x18,
    0x7, 0xe8, 0x1e, 0x0, 0xfe, 0xa2, 0x70, 0xf,
    0xc8, 0xb0, 0x40, 0x1f, 0xac, 0x24, 0x0,

    /* U+0053 "S" */
    0x0, 0x15, 0x77, 0xf4, 0x90, 0x4, 0x9a, 0x8f,
    0x8, 0xda, 0x80, 0x9, 0x2f, 0x97, 0xad, 0x2e,
    0x1, 0x25, 0x10, 0x8, 0xb2, 0x80, 0x40, 0x80,
    0x38, 0x40, 0x25, 0x54, 0x88, 0x7, 0xd4, 0xad,
    0xd8, 0xe4, 0x1, 0xd5, 0xd0, 0x11, 0xb2, 0x1,
    0xc2, 0xf9, 0xcc, 0xc9, 0x0, 0xf8, 0x65, 0x58,
    0x0, 0x60, 0x1e, 0x20, 0x12, 0xca, 0x0, 0xc2,
    0xc4, 0x25, 0xb, 0xd2, 0xf3, 0xe3, 0x20, 0x7,
    0xc4, 0x78, 0x74, 0xc4, 0x0,

    /* U+0054 "T" */
    0x9f, 0xff, 0xe7, 0xd7, 0x79, 0x41, 0x9d, 0xe4,
    0x44, 0x45, 0xe1, 0x51, 0x11, 0x80, 0x7f, 0xff,
    0xc0, 0x3f, 0xfc, 0x40,

    /* U+0055 "U" */
    0x9f, 0x0, 0xf2, 0xfa, 0x0, 0x7f, 0xff, 0xc0,
    0x2, 0x1, 0xfc, 0xfe, 0x2, 0x1, 0xc4, 0x2,
    0x60, 0xe0, 0x1d, 0x80, 0x48, 0x30, 0x20, 0x12,
    0xa3, 0x0, 0x28, 0x7a, 0x62, 0xe8, 0xa0, 0x0,
    0x98, 0xae, 0xe6, 0x7d, 0x10,

    /* U+0056 "V" */
    0x8f, 0x10, 0xf, 0xf, 0xcd, 0x83, 0x0, 0x79,
    0xc3, 0x4c, 0xac, 0x3, 0xd4, 0x28, 0x14, 0x64,
    0x1, 0x84, 0xd8, 0x0, 0xa0, 0xa0, 0x19, 0x82,
    0xc0, 0x4, 0x74, 0x1, 0xac, 0x8c, 0x2, 0xb2,
    0x30, 0x1, 0x1d, 0x0, 0x66, 0xb, 0x0, 0x28,
    0x28, 0x6, 0x14, 0x60, 0x5, 0x19, 0x0, 0x76,
    0x89, 0x98, 0xa8, 0x3, 0xcc, 0x15, 0x60, 0xe0,
    0x1f, 0x2b, 0xb2, 0x8, 0x7, 0xde, 0x22, 0xe0,
    0xf, 0xca, 0x20, 0xa0, 0x18,

    /* U+0057 "W" */
    0x8f, 0x0, 0xe3, 0xfa, 0x0, 0xe9, 0xf0, 0xc0,
    0x40, 0xd, 0x60, 0x80, 0x1c, 0xe8, 0x8, 0x1a,
    0x1, 0x90, 0x44, 0x60, 0x11, 0xe, 0x80, 0x11,
    0x0, 0x18, 0xe0, 0x10, 0x2, 0x40, 0x40, 0x6,
    0x10, 0x80, 0x14, 0x11, 0x18, 0x1, 0x60, 0x90,
    0x1, 0x1, 0x0, 0x18, 0x44, 0xd4, 0x0, 0x91,
    0x0, 0x11, 0x86, 0x0, 0x11, 0x0, 0x80, 0x80,
    0x63, 0xe0, 0x19, 0x1c, 0x8, 0x9a, 0x4, 0x3a,
    0x8, 0x8, 0x1, 0xb4, 0x49, 0x1, 0x0, 0xe,
    0x81, 0x84, 0x20, 0x19, 0x1, 0x30, 0xc0, 0x2c,
    0x22, 0x22, 0x0, 0x38, 0x87, 0x12, 0xc0, 0x24,
    0xb, 0xc, 0x0, 0xf2, 0x28, 0xa0, 0x4, 0x26,
    0xc0, 0x80, 0x1e, 0xf0, 0x13, 0x0, 0xd6, 0x6,
    0x20, 0x1e, 0x40, 0x40, 0xe, 0x40, 0x40, 0xc,

    /* U+0058 "X" */
    0x1f, 0xc0, 0xe, 0x5f, 0x70, 0x18, 0x36, 0x0,
    0xd6, 0x4e, 0x0, 0x73, 0x81, 0x0, 0x40, 0xf0,
    0x6, 0xe1, 0xb0, 0x27, 0x63, 0x0, 0xc4, 0xea,
    0x92, 0x32, 0x1, 0xe8, 0x2b, 0x4b, 0x0, 0xfd,
    0x60, 0x6a, 0x1, 0xfa, 0x80, 0xc8, 0x3, 0xe6,
    0x38, 0xe, 0x0, 0xf0, 0xc1, 0xbc, 0x1a, 0x80,
    0x74, 0xf, 0x83, 0x95, 0x88, 0x4, 0x6c, 0xa6,
    0x0, 0x91, 0x80, 0xb, 0xc2, 0xc0, 0x24, 0x56,
    0x30, 0x63, 0x81, 0x0, 0xd6, 0x1e, 0x0,

    /* U+0059 "Y" */
    0x9f, 0x30, 0xe, 0x2f, 0xa8, 0x8, 0x0, 0xe8,
    0xb, 0x18, 0x44, 0x0, 0x46, 0xae, 0x20, 0xe3,
    0x0, 0x14, 0xc, 0x80, 0x50, 0x68, 0x8, 0x88,
    0x10, 0x9, 0x8a, 0x42, 0x9, 0x80, 0x3a, 0x4a,
    0x8e, 0x0, 0x3c, 0x88, 0x53, 0x50, 0xf, 0xbc,
    0x24, 0x3, 0xff, 0xde,

    /* U+005A "Z" */
    0x3f, 0xff, 0xda, 0x4, 0xef, 0xe5, 0x4, 0x1,
    0x88, 0xf3, 0x8c, 0x0, 0x7c, 0xe5, 0x62, 0x1,
    0xe2, 0x84, 0x50, 0xf, 0xb8, 0x24, 0x3, 0xe6,
    0x38, 0x20, 0xf, 0xc, 0x1b, 0x80, 0x7d, 0x63,
    0xc0, 0x1f, 0x2a, 0x9c, 0x80, 0x3e, 0xb2, 0x80,
    0xf, 0xa4, 0x64, 0x3, 0xe3, 0x61, 0xc8, 0x8f,
    0x2, 0x80, 0xbb, 0xfc, 0x20,

    /* U+005B "[" */
    0x1, 0x1c, 0x0, 0xee, 0xc0, 0x13, 0x5d, 0x80,
    0x2e, 0x44, 0x0, 0x7f, 0xfe, 0x7c, 0x44, 0x1,
    0x3f, 0x70, 0x1, 0x77, 0x80,

    /* U+005C "\\" */
    0xbd, 0x0, 0xda, 0x44, 0x0, 0x9c, 0x14, 0x2,
    0x13, 0xb0, 0xd, 0x66, 0x20, 0x12, 0x2, 0x0,
    0x46, 0x3e, 0x1, 0x9d, 0x40, 0x36, 0x82, 0x0,
    0x48, 0x1a, 0x1, 0x95, 0xc0, 0x37, 0x89, 0x80,
    0x48, 0x8, 0x1, 0x9, 0xd8,

    /* U+005D "]" */
    0x1, 0x18, 0x33, 0xba, 0x5f, 0xb9, 0x0, 0x1a,
    0x20, 0x3, 0xff, 0xda, 0x23, 0x0, 0x37, 0xb0,
    0x1, 0xf7, 0x72, 0x0,

    /* U+005E "^" */
    0x0, 0xf, 0x70, 0x40, 0x34, 0x80, 0x20, 0x2,
    0x27, 0x88, 0x31, 0x0, 0x24, 0xd9, 0x87, 0x20,
    0x88, 0xf0, 0x7, 0xa2, 0x0,

    /* U+005F "_" */
    0x22, 0xfc, 0x1b, 0xbf, 0x92, 0xab, 0xf2, 0x80,

    /* U+0060 "`" */
    0x0, 0xc7, 0xa2, 0x4, 0x74, 0x3, 0x8a, 0x80,
    0x5e, 0x80,

    /* U+0061 "a" */
    0x0, 0x36, 0xfe, 0xc8, 0x4, 0xd2, 0xd0, 0xad,
    0x80, 0x6, 0xcb, 0x78, 0xa3, 0x40, 0x1, 0x80,
    0x5, 0x80, 0x80, 0xf, 0xbf, 0xd8, 0x1, 0x5c,
    0x3c, 0xd5, 0x0, 0x4, 0x91, 0x4c, 0xae, 0x0,
    0x10, 0x20, 0xa, 0x0, 0x6, 0x36, 0xee, 0xc6,
    0x0, 0xb1, 0x62, 0x53, 0x80, 0x0,

    /* U+0062 "b" */
    0xbc, 0x0, 0xff, 0xec, 0x15, 0x7f, 0x48, 0x4,
    0x38, 0x2e, 0xad, 0x80, 0x2, 0x6b, 0x8b, 0x83,
    0x60, 0x18, 0x0, 0x9c, 0x74, 0x14, 0x3, 0x91,
    0x80, 0x3f, 0xca, 0x1, 0xc8, 0xe0, 0x2e, 0x1,
    0x40, 0xf8, 0x14, 0xdc, 0x5b, 0xa2, 0x80, 0xe0,
    0x3a, 0xbd, 0x80,

    /* U+0063 "c" */
    0x0, 0x15, 0x77, 0xe2, 0x0, 0xb, 0x15, 0xe0,
    0x2d, 0x42, 0x47, 0x65, 0xf1, 0xd8, 0x11, 0xc8,
    0x2, 0x83, 0x20, 0xd0, 0xf, 0xfe, 0x19, 0x6,
    0x80, 0x7c, 0x8e, 0x40, 0x14, 0x18, 0x48, 0xe4,
    0x3e, 0x3a, 0x81, 0x62, 0x34, 0x5, 0xb0,

    /* U+0064 "d" */
    0x0, 0xf8, 0x7d, 0xc0, 0x3f, 0xfa, 0x85, 0x7f,
    0xd0, 0x1, 0x8b, 0x51, 0x5d, 0xa8, 0x2, 0x90,
    0xca, 0x9e, 0x70, 0x9, 0x18, 0xc0, 0x28, 0x0,
    0x10, 0x60, 0x6, 0x50, 0xf, 0xe1, 0x0, 0x10,
    0x60, 0x6, 0x40, 0x9, 0x58, 0xc0, 0x28, 0x0,
    0xa0, 0x72, 0xa3, 0x40, 0x31, 0x62, 0x2b, 0x26,
    0x80, 0x0,

    /* U+0065 "e" */
    0x0, 0x1d, 0xff, 0xb1, 0x40, 0x23, 0xc6, 0x88,
    0x5, 0x28, 0x2, 0xb, 0x5d, 0xd8, 0x76, 0x0,
    0x45, 0x11, 0xd6, 0x22, 0x30, 0x7e, 0xed, 0x0,
    0x19, 0xae, 0xfc, 0x24, 0x0, 0x44, 0xf0, 0xa,
    0x31, 0x0, 0x4e, 0xc0, 0x9, 0xd, 0x86, 0xb8,
    0xe0, 0x1, 0x6a, 0xb4, 0xb4, 0xc0, 0x0,

    /* U+0066 "f" */
    0x0, 0x16, 0x7e, 0x0, 0x3c, 0xa2, 0xc0, 0x89,
    0xe, 0xe0, 0x10, 0x20, 0x5, 0x60, 0x5f, 0xf7,
    0x18, 0x1a, 0x20, 0x94, 0x1a, 0xec, 0x1, 0xff,
    0xde,

    /* U+0067 "g" */
    0x0, 0x1d, 0xff, 0x39, 0x7b, 0x1, 0xe2, 0x33,
    0xcc, 0x80, 0x2f, 0x1d, 0x99, 0x73, 0x0, 0x4,
    0xd8, 0x80, 0x28, 0x0, 0x10, 0x60, 0x6, 0x40,
    0xf, 0xe3, 0x0, 0x10, 0x60, 0x6, 0x70, 0x0,
    0xa3, 0x90, 0x0, 0x60, 0x2, 0x90, 0xda, 0x9f,
    0x10, 0x8, 0xb1, 0x15, 0xdb, 0x80, 0xc0, 0x7,
    0x7f, 0xd0, 0xc0, 0x20, 0xb0, 0x1, 0xbc, 0x10,
    0x35, 0xf5, 0xdd, 0x89, 0x20, 0x8, 0xa1, 0x88,
    0x5, 0x30, 0x0,

    /* U+0068 "h" */
    0xbc, 0x0, 0xff, 0xec, 0x15, 0xfe, 0xc0, 0x4,
    0x38, 0x50, 0x2f, 0x0, 0x2, 0xa9, 0x7c, 0x37,
    0x0, 0x12, 0x0, 0x54, 0x4, 0x2, 0x1, 0x8c,
    0x4, 0x3, 0xff, 0xc2,

    /* U+0069 "i" */
    0x9e, 0x13, 0x10, 0xaf, 0x10, 0xa, 0x3c, 0x3,
    0xff, 0xa0,

    /* U+006A "j" */
    0x0, 0x4f, 0x8, 0x0, 0xc4, 0x2, 0xaf, 0x10,
    0xf, 0xa3, 0xc0, 0x3f, 0xfd, 0x24, 0x21, 0x10,
    0x54, 0x5, 0x74, 0xb0,

    /* U+006B "k" */
    0xbc, 0x0, 0xff, 0xeb, 0xdf, 0xa0, 0x6, 0x94,
    0xa4, 0x0, 0xa1, 0xa5, 0x40, 0x27, 0x79, 0x80,
    0x22, 0x80, 0x10, 0xc, 0x2a, 0xcc, 0x30, 0x8,
    0xaa, 0x7, 0xc0, 0x21, 0x1, 0x83, 0x60, 0xe,
    0x63, 0x91, 0x0, 0xef, 0xb,

    /* U+006C "l" */
    0xbc, 0x0, 0xff, 0xeb, 0x9, 0xbf, 0xc, 0x80,

    /* U+006D "m" */
    0xbc, 0x2c, 0xfc, 0x20, 0x5d, 0xfc, 0x30, 0x0,
    0xe2, 0x41, 0x7b, 0x5a, 0xb9, 0x60, 0x81, 0x54,
    0x3e, 0x94, 0xe4, 0x42, 0x81, 0xc0, 0x90, 0x0,
    0x62, 0x64, 0x0, 0x40, 0xf0, 0x10, 0xc, 0x6e,
    0x1, 0x84, 0x3, 0xff, 0xf6,

    /* U+006E "n" */
    0xbc, 0x2b, 0xfd, 0x80, 0x8, 0x70, 0xa0, 0x5e,
    0x0, 0x5, 0x52, 0xf8, 0x6e, 0x0, 0x24, 0x0,
    0xa8, 0x8, 0x4, 0x3, 0x18, 0x8, 0x7, 0xff,
    0x84,

    /* U+006F "o" */
    0x0, 0x15, 0x77, 0xe2, 0x0, 0x45, 0xa8, 0xee,
    0x1b, 0x50, 0x4, 0x86, 0x4c, 0x69, 0xd8, 0x1,
    0x1c, 0x80, 0x28, 0x14, 0x20, 0xd0, 0xc, 0xa0,
    0x40, 0x1f, 0xe2, 0xd, 0x0, 0xca, 0x4, 0x8,
    0xc2, 0x1, 0x40, 0x20, 0x48, 0xfc, 0x43, 0x4e,
    0x40, 0x5, 0xa8, 0xce, 0x36, 0xc0,

    /* U+0070 "p" */
    0xbc, 0x1a, 0xfe, 0x90, 0x8, 0x7d, 0x9d, 0x5b,
    0x0, 0x4, 0xd9, 0x17, 0x6, 0xc0, 0x30, 0x1,
    0x38, 0xe8, 0x28, 0x7, 0x23, 0x0, 0x7f, 0x94,
    0x3, 0x91, 0xc0, 0x5c, 0x2, 0x71, 0xf0, 0x29,
    0xb8, 0xb8, 0x45, 0x1, 0xc0, 0x75, 0x7b, 0x0,
    0x8a, 0xff, 0xa0, 0x3, 0xff, 0xa2,

    /* U+0071 "q" */
    0x0, 0x15, 0xff, 0x40, 0xfb, 0x81, 0x6a, 0x2b,
    0x2e, 0x80, 0x52, 0x19, 0x51, 0xa0, 0x19, 0x18,
    0xc0, 0x28, 0x0, 0x10, 0x60, 0x6, 0x50, 0xf,
    0xe1, 0x0, 0x10, 0x60, 0x6, 0x40, 0x9, 0x58,
    0xc0, 0x28, 0x0, 0xa0, 0x72, 0x63, 0x40, 0x31,
    0x62, 0x33, 0x13, 0x40, 0x31, 0x5f, 0xf4, 0x80,
    0x7f, 0xf5, 0x40,

    /* U+0072 "r" */
    0xbc, 0x7, 0xd8, 0x0, 0x54, 0x36, 0x81, 0x8f,
    0x5a, 0x80, 0xd8, 0x80, 0x44, 0x1, 0xff, 0xd6,

    /* U+0073 "s" */
    0x1, 0xae, 0xfc, 0x50, 0x6, 0x23, 0x43, 0xd3,
    0x91, 0x22, 0xf, 0x6e, 0x64, 0x1a, 0x20, 0x8,
    0x40, 0xa4, 0xeb, 0x60, 0x9, 0x7a, 0x1e, 0x78,
    0xc0, 0x2, 0xf9, 0xa1, 0xe3, 0x44, 0x0, 0x25,
    0x0, 0x26, 0x43, 0x4a, 0x58, 0xfb, 0xb4, 0xa4,
    0x38,

    /* U+0074 "t" */
    0x3, 0xf5, 0x0, 0xff, 0xe2, 0xd6, 0x5, 0x7f,
    0x87, 0x9c, 0x1a, 0x20, 0x29, 0x61, 0x8e, 0xe0,
    0xf, 0xfe, 0x91, 0x1, 0x80, 0x61, 0x28, 0x76,
    0x0, 0xb8, 0xa2, 0x80,

    /* U+0075 "u" */
    0xbc, 0x0, 0xcb, 0xe6, 0x1, 0xff, 0xe2, 0x10,
    0xc, 0x60, 0x3, 0x22, 0x0, 0x56, 0x0, 0xa0,
    0xc7, 0x76, 0x88, 0x0, 0xac, 0xa2, 0xae, 0x40,
    0x0,

    /* U+0076 "v" */
    0xbd, 0x0, 0xec, 0xd0, 0xd2, 0x30, 0x8, 0x4e,
    0x81, 0x82, 0x80, 0x26, 0x6, 0x0, 0x2b, 0x80,
    0x56, 0x82, 0x0, 0xe1, 0x40, 0x23, 0xe0, 0x9,
    0x7, 0x42, 0x81, 0x40, 0x33, 0xb8, 0x15, 0x80,
    0x3a, 0x86, 0xa, 0x80, 0x38, 0xc9, 0xc4, 0xc0,
    0x3d, 0x40, 0xc0, 0x18,

    /* U+0077 "w" */
    0xcd, 0x0, 0xdb, 0xe2, 0x1, 0x4f, 0x85, 0x90,
    0x80, 0x8, 0x80, 0x80, 0x13, 0xa0, 0x28, 0x38,
    0x1, 0x0, 0xfc, 0x0, 0x43, 0xa0, 0x44, 0xd0,
    0x6, 0xad, 0xa0, 0x1, 0x41, 0xc0, 0xa, 0x80,
    0x4, 0xc5, 0x13, 0xb, 0x31, 0x0, 0x58, 0x22,
    0x1, 0xc8, 0x6c, 0xe, 0xc0, 0x23, 0x1d, 0xc2,
    0x10, 0x74, 0x50, 0x50, 0xc, 0xe8, 0xaa, 0x0,
    0x69, 0xf1, 0x10, 0x3, 0x69, 0x13, 0x0, 0x8,
    0x8, 0xa0, 0x1c, 0x82, 0x8, 0x1, 0x20, 0x58,
    0x4,

    /* U+0078 "x" */
    0x4f, 0x70, 0xa, 0x3c, 0xd1, 0x60, 0x80, 0x9d,
    0x8c, 0x2c, 0x64, 0x24, 0x64, 0x0, 0x34, 0x94,
    0x94, 0x1, 0x91, 0x54, 0xc8, 0x1, 0xce, 0x4,
    0x1, 0xd0, 0x4e, 0x8a, 0x1, 0x1b, 0xba, 0x12,
    0xc4, 0x1, 0xc5, 0x1, 0x23, 0x61, 0x5, 0xc0,
    0x2, 0x85, 0x50,

    /* U+0079 "y" */
    0xbe, 0x0, 0xeb, 0xe0, 0xd1, 0x40, 0x8, 0x51,
    0xc1, 0x83, 0x40, 0x27, 0xa, 0x0, 0x2b, 0x80,
    0x54, 0x46, 0x0, 0xe1, 0x40, 0x13, 0xa0, 0x9,
    0x7, 0x81, 0x81, 0x80, 0x33, 0xa8, 0x52, 0x8,
    0x6, 0xa0, 0x82, 0xe0, 0xe, 0x32, 0x71, 0x50,
    0xf, 0x50, 0x30, 0x7, 0xf5, 0x0, 0x7d, 0x46,
    0x40, 0x1e, 0x32, 0xa0, 0xf, 0xa8, 0x1c, 0x3,
    0x80,

    /* U+007A "z" */
    0x6f, 0xff, 0x5a, 0x44, 0x65, 0x3, 0x27, 0x79,
    0x90, 0xe0, 0x3, 0x58, 0xf0, 0x6, 0x65, 0x92,
    0x0, 0x8a, 0x55, 0x80, 0x37, 0xd, 0x80, 0x68,
    0x3a, 0x10, 0x8, 0xdc, 0x8d, 0xde, 0x64, 0x2,
    0x88, 0xd2,

    /* U+007B "{" */
    0x0, 0xe1, 0x0, 0x9b, 0xbc, 0x0, 0x52, 0xb6,
    0x0, 0x70, 0xa5, 0x0, 0x18, 0x8, 0x7, 0xf7,
    0x8, 0x0, 0x55, 0xdc, 0x0, 0x8a, 0x59, 0x0,
    0x53, 0x2a, 0x80, 0x7, 0x2b, 0x0, 0x1b, 0x48,
    0x3, 0x8, 0x7, 0xfc, 0x60, 0x20, 0x13, 0x85,
    0x90, 0x0, 0xa1, 0x70, 0x2, 0x7e, 0xd0,

    /* U+007C "|" */
    0x56, 0xea, 0x0, 0xff, 0xe9, 0x0,

    /* U+007D "}" */
    0x0, 0xf4, 0xfc, 0x80, 0x54, 0xcc, 0x70, 0x1,
    0xc9, 0xe8, 0x6, 0x71, 0x0, 0xff, 0xb, 0x0,
    0x6e, 0x28, 0x20, 0x2, 0x4b, 0xe0, 0x0, 0xa5,
    0x2c, 0x1, 0x43, 0x6a, 0x0, 0x22, 0x0, 0x61,
    0x70, 0xf, 0xf3, 0x88, 0x0, 0x58, 0xf4, 0x1,
    0x12, 0x8e, 0x0, 0xbd, 0xb0, 0x8,

    /* U+007E "~" */
    0x0, 0xff, 0x27, 0x7d, 0xa2, 0x35, 0x42, 0x92,
    0x42, 0xec, 0x2a, 0x1f, 0x4d, 0x7b, 0x78, 0x0,

    /* U+00B7 "·" */
    0x6e, 0x61, 0x18,

    /* U+2013 "–" */
    0x22, 0xfe, 0xdd, 0xfe, 0xbb, 0xfe,

    /* U+3002 "。" */
    0x19, 0xc8, 0xb, 0x1e, 0xa, 0x48, 0x28, 0x42,
    0x60, 0x62, 0xea, 0xfa, 0xe0,

    /* U+4E00 "一" */
    0x78, 0x8f, 0xfe, 0x13, 0xcb, 0xbf, 0xff, 0xa,
    0x7b, 0xff, 0xff, 0x85, 0xc0,

    /* U+4E0A "上" */
    0x0, 0xf9, 0x4, 0x3, 0xff, 0x82, 0x76, 0xa0,
    0x1f, 0xff, 0xf0, 0xd, 0x7f, 0xfe, 0x0, 0xfe,
    0x69, 0x9f, 0x0, 0x7f, 0x6b, 0x37, 0x80, 0x3f,
    0xff, 0xe0, 0x1e, 0x22, 0xf3, 0x1, 0x17, 0xee,
    0xdd, 0xea, 0x9, 0xdd, 0xf6, 0x7d, 0xdf, 0xff,
    0xb, 0x40,

    /* U+4E0D "不" */
    0x0, 0xff, 0xe2, 0x97, 0xff, 0xff, 0xa, 0xc0,
    0xaa, 0xbe, 0x21, 0xaa, 0xe8, 0x0, 0x2a, 0xf8,
    0x4a, 0x15, 0x78, 0xc0, 0x3f, 0x50, 0xb0, 0x7,
    0xff, 0x6, 0xc4, 0x3, 0xff, 0x85, 0x28, 0x60,
    0xa, 0x30, 0xf, 0xe8, 0x69, 0x40, 0x3, 0x62,
    0x80, 0x7d, 0x2f, 0xc, 0x1, 0x62, 0x53, 0x80,
    0x61, 0xb6, 0x87, 0x0, 0xeb, 0x68, 0x80, 0x0,
    0xf1, 0x29, 0xc0, 0x3e, 0x97, 0x75, 0x3, 0x9e,
    0x28, 0x7, 0xf4, 0x40, 0xc1, 0x38, 0xc0, 0x3f,
    0xe7, 0x90, 0xf, 0xff, 0x40,

    /* U+4E0E "与" */
    0x0, 0x8c, 0x80, 0x3f, 0xf8, 0x5d, 0x0, 0x1f,
    0xfc, 0x23, 0x30, 0x7, 0xff, 0x8, 0x5b, 0xbb,
    0xfc, 0xe0, 0x19, 0x26, 0x7f, 0xc8, 0x0, 0x10,
    0xd7, 0x7f, 0xf1, 0x80, 0xc, 0xc, 0x3, 0xff,
    0x82, 0x21, 0xf1, 0x1f, 0xca, 0x1, 0x38, 0xa3,
    0x37, 0xe7, 0xf0, 0x9, 0x3b, 0xbf, 0xc2, 0x60,
    0x1f, 0xfc, 0x21, 0x10, 0x7f, 0xff, 0xd2, 0x0,
    0xf0, 0x98, 0x8f, 0xf6, 0x88, 0x8, 0x33, 0xbf,
    0xf9, 0xc, 0xc, 0x3, 0xff, 0x82, 0xc0, 0x20,
    0x1f, 0x8d, 0x9a, 0x79, 0x4, 0x0, 0xfc, 0xb3,
    0x34, 0x5, 0x0, 0x0,

    /* U+4E2A "个" */
    0x0, 0xfd, 0x4e, 0x1, 0xff, 0xc2, 0x95, 0x84,
    0x0, 0xff, 0xe0, 0x2b, 0x49, 0xd0, 0x80, 0x7f,
    0x92, 0x95, 0xb4, 0x30, 0x40, 0x3f, 0x1d, 0x9d,
    0x0, 0xe9, 0x68, 0x80, 0x79, 0x70, 0xb4, 0x2,
    0x3b, 0x3c, 0x20, 0xd, 0x14, 0x78, 0x21, 0x6e,
    0x9, 0x65, 0x88, 0x3, 0x8e, 0xb8, 0x20, 0x5,
    0xe0, 0x2, 0x60, 0x5c, 0x8, 0xa2, 0x80, 0x3f,
    0x8f, 0xd0, 0x1, 0xae, 0x1, 0xff, 0xd, 0xc0,
    0x7, 0xff, 0xfc, 0x3, 0xff, 0xc0,

    /* U+4E2D "中" */
    0x0, 0xf3, 0x98, 0x7, 0xff, 0x2, 0x50, 0x3,
    0xff, 0xad, 0xdf, 0xfc, 0x31, 0xff, 0xce, 0x9,
    0x11, 0x81, 0x22, 0x30, 0x5, 0x8e, 0xf8, 0x71,
    0xdf, 0x8, 0x7, 0xff, 0x82, 0x3b, 0xb0, 0xc7,
    0x76, 0x10, 0x88, 0x4c, 0xe0, 0x49, 0x9d, 0x8,
    0xce, 0xfc, 0x38, 0xef, 0xc6, 0x1, 0xff, 0xec,

    /* U+4E5F "也" */
    0x0, 0xff, 0xe5, 0xb7, 0x0, 0x7f, 0xf3, 0x5a,
    0xc0, 0x3f, 0xf8, 0x5c, 0xa0, 0x1f, 0x24, 0xe9,
    0x80, 0x7e, 0xe1, 0xcf, 0xb4, 0x21, 0x0, 0xc3,
    0x19, 0xee, 0x9, 0x7f, 0x20, 0x61, 0x1a, 0xe0,
    0x88, 0xb8, 0x18, 0x40, 0x10, 0x10, 0x15, 0x41,
    0xc8, 0x41, 0x0, 0xc6, 0x1, 0x4c, 0x18, 0x7,
    0xf0, 0x80, 0x7f, 0xf0, 0x51, 0x68, 0x80, 0x3f,
    0xf8, 0x17, 0x47, 0x20, 0x1f, 0xfc, 0xf, 0xf7,
    0x24, 0xc0, 0x7, 0xc6, 0x40, 0x1c, 0x44, 0x0,
    0x78, 0x80, 0x4b, 0x80, 0x1c, 0xe6, 0x0, 0x30,
    0xb5, 0x5f, 0xce, 0x7c, 0x0, 0x46, 0x5a, 0xaf,
    0xd0, 0x6c,

    /* U+4E8B "事" */
    0x0, 0xfc, 0x66, 0x0, 0xff, 0xe1, 0xcc, 0x80,
    0x3f, 0x67, 0xff, 0x95, 0x5f, 0xfe, 0xa0, 0xde,
    0xef, 0x22, 0x3b, 0xbd, 0x60, 0x21, 0x99, 0xc8,
    0x8c, 0xcd, 0xa2, 0x20, 0x1, 0x97, 0x66, 0x48,
    0x8c, 0xca, 0xc, 0x3, 0xdf, 0xbb, 0x2a, 0xb7,
    0x68, 0x0, 0xe2, 0xde, 0xec, 0xaa, 0xee, 0xbf,
    0x40, 0x31, 0x88, 0xf0, 0x0, 0x47, 0xc0, 0x17,
    0xf7, 0x72, 0x23, 0xbb, 0x62, 0x0, 0x7, 0x73,
    0x39, 0x11, 0x99, 0x84, 0xc4, 0x5d, 0xdf, 0x22,
    0x3b, 0xb0, 0xcf, 0x8f, 0xff, 0xca, 0xaf, 0xfc,
    0x35, 0xc0, 0x3f, 0xfe, 0x55, 0x7f, 0xe1, 0x0,
    0x87, 0xbb, 0xc8, 0x8e, 0xee, 0x50, 0x8, 0x46,
    0x22, 0x2a, 0x88, 0x47, 0x80, 0x3e, 0xdc, 0xb3,
    0xb0, 0xf, 0x80,

    /* U+4EA4 "交" */
    0x0, 0xfc, 0x80, 0x1f, 0xfc, 0x34, 0xb4, 0x0,
    0xff, 0xe1, 0x21, 0x78, 0x7, 0xed, 0xff, 0xf1,
    0x27, 0xff, 0x98, 0x2e, 0x23, 0xff, 0x84, 0xa0,
    0xce, 0xf1, 0xf3, 0xbc, 0x3c, 0xef, 0x8c, 0x3,
    0x25, 0x90, 0x4, 0x6d, 0x84, 0x1, 0xe5, 0xb4,
    0xb0, 0x9, 0x74, 0x71, 0x0, 0x34, 0xd3, 0x79,
    0x0, 0x64, 0xf5, 0xb7, 0x0, 0x3b, 0x4c, 0xe0,
    0x9, 0x25, 0xed, 0xe4, 0x0, 0xf8, 0xc1, 0xc8,
    0xc0, 0x9, 0x45, 0x8, 0xf0, 0x8, 0xc0, 0x6,
    0xf2, 0x96, 0x72, 0x1, 0x8, 0x7, 0xd0, 0x96,
    0x94, 0x40, 0x1f, 0xf1, 0xb0, 0x3, 0x44, 0x3,
    0xf9, 0x2f, 0x7, 0x65, 0xba, 0x4c, 0x3, 0x24,
    0xf5, 0xb5, 0x61, 0x37, 0x3b, 0xb3, 0xa5, 0x2,
    0x9d, 0xd9, 0xaa, 0x1, 0xc, 0x75, 0x23, 0x18,
    0x67, 0x49, 0x80, 0x7e, 0x5a, 0xf7,

    /* U+4EC5 "仅" */
    0x0, 0xc2, 0x1, 0xff, 0xc5, 0xab, 0x0, 0xff,
    0xe1, 0x8a, 0x68, 0xff, 0xfe, 0xc0, 0xe, 0x60,
    0x71, 0x5, 0x99, 0xe2, 0x0, 0xf4, 0xb0, 0x81,
    0x3, 0x37, 0x1a, 0x0, 0x66, 0x1f, 0x0, 0x2a,
    0x0, 0x61, 0x16, 0x0, 0x68, 0x0, 0xd6, 0x28,
    0x1, 0x30, 0x20, 0x5, 0x2, 0x1, 0x8c, 0xb8,
    0x2, 0xa5, 0x0, 0x89, 0xe0, 0x40, 0x35, 0x29,
    0x2, 0x94, 0x80, 0x46, 0x67, 0x0, 0xe7, 0x18,
    0x8, 0x43, 0x0, 0x87, 0x40, 0x3e, 0x85, 0xc2,
    0x90, 0xe, 0x10, 0xf, 0x98, 0xcc, 0xe4, 0x1,
    0xff, 0xc1, 0x63, 0x6, 0x20, 0xf, 0xfe, 0x4,
    0xc9, 0x74, 0x30, 0xc0, 0x3f, 0x8b, 0x59, 0xe8,
    0xb0, 0xf1, 0x80, 0x3e, 0x7d, 0x3a, 0x80, 0x1,
    0x62, 0x4d, 0x0, 0x78, 0x93, 0xd4, 0x3, 0xd,
    0xc1, 0x0, 0x6e, 0x65, 0xb1, 0x0, 0xf9, 0xe0,
    0x0,

    /* U+4ECD "仍" */
    0x0, 0xff, 0xe4, 0xd4, 0x80, 0x7f, 0xf0, 0xd7,
    0xa3, 0xff, 0xee, 0x0, 0xe5, 0x5, 0xba, 0x24,
    0xaa, 0x90, 0xc0, 0x3a, 0x4c, 0x8d, 0x44, 0xd5,
    0x60, 0x40, 0xc, 0x66, 0xa0, 0x8, 0x40, 0x32,
    0x60, 0x6, 0x80, 0xf, 0xe3, 0x4, 0x0, 0x8d,
    0x0, 0x38, 0xfc, 0x0, 0x80, 0xec, 0x21, 0xc4,
    0x20, 0x18, 0x44, 0x1, 0xc, 0x49, 0x89, 0x70,
    0x7, 0x8c, 0x0, 0xfd, 0x40, 0x63, 0x66, 0x1,
    0x88, 0x1c, 0x3, 0xc2, 0x8, 0x1, 0xce, 0x4,
    0x1, 0x84, 0x3, 0xfb, 0xc, 0x3, 0x8c, 0x40,
    0x3f, 0x3d, 0x0, 0x70, 0x80, 0x7e, 0x80, 0x60,
    0xe, 0xf3, 0x0, 0xf1, 0xbd, 0x80, 0x5, 0x10,
    0xcd, 0x0, 0x7a, 0x19, 0x40, 0x5, 0x76, 0x93,
    0x80, 0xd, 0xcd, 0x72, 0x1, 0x1f, 0xfd, 0xa6,
    0x0,

    /* U+4ECE "从" */
    0x0, 0xc2, 0x1, 0xc2, 0x1, 0xfc, 0xdc, 0x1,
    0x87, 0x90, 0x3, 0xff, 0x9a, 0x22, 0x0, 0xff,
    0xe4, 0x98, 0x7, 0xfb, 0xcc, 0x3, 0x8, 0x8,
    0x7, 0xe1, 0x23, 0x0, 0x9c, 0x8, 0x3, 0xf1,
    0x6, 0x88, 0x0, 0x83, 0x40, 0x3f, 0x33, 0x3,
    0x40, 0x1e, 0xe, 0x1, 0xf8, 0xb3, 0x4e, 0x1,
    0x10, 0x44, 0x0, 0xf2, 0x3, 0x9c, 0x31, 0x97,
    0x95, 0x0, 0x7b, 0x88, 0x80, 0xfb, 0x22, 0x94,
    0xc0, 0x1c, 0x2a, 0xa0, 0x8, 0x56, 0x1, 0x85,
    0xc0, 0x34, 0x85, 0x0, 0x5e, 0x4c, 0x2, 0xf0,
    0x40, 0x1, 0x75, 0x20, 0x4, 0x97, 0x0, 0x50,
    0x5e, 0x0, 0xb0, 0x80, 0x3, 0xb3, 0x98, 0x6,
    0x92, 0xb0, 0xc8, 0x20, 0x5, 0xac, 0x0, 0x72,
    0x43, 0x83, 0x38, 0x5, 0x94, 0x1, 0xf3, 0xe0,
    0x0,

    /* U+4EE4 "令" */
    0x0, 0xf8, 0x8c, 0x3, 0xff, 0x84, 0x5b, 0x88,
    0x1, 0xff, 0xc0, 0x1f, 0x35, 0xa2, 0x0, 0xff,
    0xe, 0x1e, 0xd1, 0xe1, 0x0, 0x7e, 0x2c, 0x3c,
    0x10, 0xc3, 0xc3, 0x0, 0xf2, 0xe8, 0x60, 0xd8,
    0xe, 0x1e, 0x38, 0x4, 0x57, 0x49, 0x84, 0x2b,
    0x40, 0x3a, 0x91, 0x86, 0x1e, 0xb3, 0x62, 0x5,
    0xaa, 0xc0, 0xb, 0x92, 0xd0, 0xef, 0x60, 0xc,
    0x76, 0xc0, 0x13, 0x7e, 0x81, 0x97, 0xff, 0xaf,
    0xff, 0x70, 0x98, 0x0, 0xa2, 0x3f, 0x94, 0xc,
    0x3, 0xb, 0xbf, 0xe5, 0x42, 0xc0, 0xf, 0x37,
    0x30, 0x4, 0x78, 0x78, 0x20, 0x1e, 0x44, 0x4e,
    0xaa, 0xb0, 0xf0, 0x40, 0x3e, 0x2a, 0xc1, 0xaa,
    0x16, 0x8, 0x7, 0xf8, 0xf2, 0x84, 0xa0, 0x40,
    0x3f, 0xf8, 0xb, 0xce, 0xd6, 0x1, 0xff, 0xc2,
    0x8d, 0x80, 0xe,

    /* U+4EF6 "件" */
    0x0, 0xc8, 0x60, 0x1d, 0x4a, 0x1, 0xfa, 0x64,
    0x2, 0x80, 0x5, 0xd0, 0xf, 0x88, 0x9e, 0x9,
    0x62, 0x1, 0xfe, 0xa0, 0x40, 0xc2, 0x10, 0xf,
    0xf3, 0x20, 0x83, 0x8b, 0x30, 0xd, 0x9a, 0x20,
    0x2, 0x8e, 0x1, 0x89, 0xcc, 0x81, 0x26, 0x66,
    0x0, 0x40, 0x5, 0x61, 0xff, 0x3, 0xff, 0xc8,
    0xa, 0x40, 0x13, 0x28, 0x7, 0xfa, 0xd0, 0x40,
    0x53, 0x80, 0x3f, 0xe9, 0x0, 0xd, 0x20, 0x7,
    0xfb, 0x8, 0x0, 0xbf, 0xfc, 0xf, 0xff, 0x70,
    0x10, 0x4, 0xf3, 0x3c, 0x9, 0x33, 0x58, 0x7,
    0x13, 0x37, 0x1, 0xb3, 0x4a, 0x1, 0xff, 0xfb,
    0xf7, 0x0, 0xf7, 0xc0, 0x6,

    /* U+4EFB "任" */
    0x0, 0xff, 0xe4, 0xd5, 0x80, 0x7e, 0x36, 0x0,
    0xe5, 0xd1, 0x56, 0x8a, 0xce, 0xfc, 0x92, 0x0,
    0x98, 0x19, 0x2a, 0x15, 0xcd, 0xeb, 0x3c, 0x80,
    0x2b, 0x60, 0x5f, 0xed, 0x90, 0xb5, 0x30, 0xc,
    0xa5, 0xc0, 0x1f, 0xfc, 0x28, 0x0, 0xff, 0xe1,
    0xb1, 0x0, 0x7f, 0xf0, 0x86, 0x60, 0x40, 0x7f,
    0xf5, 0x86, 0xff, 0xda, 0x26, 0xe0, 0x1, 0x88,
    0xcc, 0xf, 0x11, 0x58, 0x60, 0x6, 0x77, 0xda,
    0x14, 0xef, 0x30, 0x7, 0xff, 0xb4, 0x47, 0x80,
    0x47, 0x0, 0x7d, 0x7d, 0xd5, 0x6, 0x77, 0x50,
    0x1, 0xe8, 0xcc, 0xfe, 0xa0,

    /* U+4F11 "休" */
    0x0, 0xc2, 0x1, 0xca, 0xa0, 0xf, 0xf5, 0xd8,
    0x3, 0x77, 0x0, 0x3f, 0xcb, 0xc0, 0x1f, 0xfc,
    0x36, 0x5, 0x0, 0xff, 0xe1, 0xdb, 0xf, 0xfe,
    0x44, 0x7f, 0xe8, 0x0, 0x94, 0xb8, 0x66, 0x68,
    0x0, 0x44, 0xcd, 0x60, 0x14, 0x0, 0x4c, 0xd0,
    0x80, 0x9, 0x9a, 0x30, 0x3, 0x90, 0x7, 0xac,
    0x1, 0x20, 0x1c, 0x31, 0x1, 0x0, 0xca, 0x67,
    0x90, 0x3, 0xa, 0x38, 0x7, 0x5c, 0xbb, 0xd2,
    0x1, 0xd6, 0x1, 0xd2, 0xe, 0x0, 0x93, 0x80,
    0xf, 0xe4, 0x6b, 0x0, 0x86, 0x1d, 0x0, 0x3e,
    0x2a, 0x55, 0x0, 0x66, 0x5b, 0x30, 0xf, 0x79,
    0xd0, 0x7, 0xa8, 0xb8, 0x3, 0xd1, 0xe0, 0x1f,
    0xb2, 0x40, 0x3c, 0xa4, 0x1, 0xf8, 0x50, 0x3,
    0xff, 0x8e,

    /* U+4F1A "会" */
    0x0, 0xfc, 0x20, 0x1f, 0xfc, 0x3c, 0xe6, 0x0,
    0xff, 0xe0, 0xd9, 0x34, 0xa0, 0x7, 0xfd, 0x69,
    0xb2, 0xd6, 0xa0, 0x1f, 0x8b, 0x17, 0xc, 0x25,
    0xa9, 0xc0, 0x3c, 0xba, 0x38, 0x60, 0x14, 0xc4,
    0x30, 0x80, 0x7, 0x94, 0xb0, 0xc8, 0x9c, 0x72,
    0x3b, 0x1, 0x41, 0x97, 0x57, 0x7f, 0x76, 0xc3,
    0xc, 0xe1, 0x8f, 0xff, 0xe8, 0x7, 0xe1, 0x0,
    0xff, 0xe2, 0xa7, 0xff, 0xff, 0xa, 0x81, 0x6a,
    0xb3, 0x3, 0x55, 0x7d, 0x20, 0x2a, 0xb3, 0xb9,
    0x25, 0x55, 0xfa, 0xab, 0x18, 0x6, 0x1f, 0x3a,
    0x0, 0xb1, 0xd8, 0x3, 0xc5, 0xe1, 0x82, 0x0,
    0x14, 0x44, 0xa0, 0x7, 0x78, 0x9f, 0xfe, 0xed,
    0x40, 0xa2, 0x0, 0xd6, 0xf3, 0x15, 0x79, 0x8d,
    0xee, 0x1a, 0x80, 0x66, 0x87, 0x65, 0x43, 0x31,
    0x8, 0xb1, 0xc0, 0x0,

    /* U+4F20 "传" */
    0x0, 0xc6, 0x60, 0xd, 0x4, 0x1, 0xfd, 0xf2,
    0x1, 0x1b, 0x80, 0x7f, 0x9, 0xf0, 0x4, 0xa0,
    0x40, 0x1f, 0xa4, 0x52, 0x3b, 0x92, 0x1d, 0xdc,
    0x80, 0x13, 0x30, 0x2a, 0xec, 0x29, 0x77, 0xca,
    0x0, 0x61, 0xd0, 0x25, 0x50, 0xea, 0xaf, 0x8,
    0x2, 0x0, 0x4, 0x88, 0x70, 0x2, 0x27, 0x82,
    0x4, 0x1, 0x57, 0x68, 0x9, 0xbb, 0xea, 0x27,
    0x81, 0x8, 0xff, 0x1a, 0xff, 0xfb, 0x89, 0x1c,
    0x3, 0x9, 0xe0, 0x8f, 0x0, 0x56, 0x1, 0xca,
    0x13, 0xdd, 0xce, 0x1, 0xf9, 0x37, 0x79, 0xc1,
    0x0, 0x3f, 0x40, 0x91, 0x46, 0xce, 0x60, 0x1f,
    0x93, 0x30, 0x81, 0x45, 0x0, 0x1f, 0xd9, 0x86,
    0xbe, 0x4e, 0x0, 0xff, 0x8e, 0xb5, 0x3, 0xd4,
    0x3, 0xff, 0x80, 0x55, 0xaf, 0x44, 0x1, 0xb9,
    0x40, 0x3e, 0x2a, 0xe2, 0x0,

    /* U+4F46 "但" */
    0x0, 0xff, 0xe4, 0xd6, 0x0, 0x7f, 0xf0, 0xd6,
    0xc3, 0xff, 0xf6, 0x0, 0x65, 0x5, 0x0, 0x3d,
    0xdf, 0x28, 0x7, 0x4a, 0x10, 0x3, 0x51, 0x38,
    0x80, 0x31, 0x9b, 0x40, 0x3f, 0xf8, 0x50, 0x1,
    0xd8, 0xcd, 0xc6, 0x1, 0x22, 0x0, 0x39, 0xa6,
    0x79, 0x0, 0x2a, 0x31, 0x0, 0xd5, 0xff, 0xce,
    0x1, 0xb8, 0x3, 0xff, 0x87, 0x84, 0x1, 0xe1,
    0x1f, 0x0, 0x44, 0x1, 0xea, 0xee, 0xe6, 0x0,
    0xfe, 0xbb, 0xfd, 0xe0, 0x1f, 0x91, 0x3f, 0x18,
    0x7, 0xff, 0x2d, 0x7f, 0xff, 0xdc, 0x1, 0xc9,
    0x55, 0xff, 0x0,

    /* U+4F4D "位" */
    0x0, 0xc2, 0x1, 0xc6, 0x20, 0x1f, 0xd9, 0x40,
    0x1b, 0x18, 0x3, 0xf1, 0x13, 0xc0, 0x32, 0x58,
    0x7, 0xea, 0x5, 0x33, 0xc4, 0x68, 0x67, 0x10,
    0x4, 0xcc, 0x1c, 0xcc, 0xc1, 0x79, 0x95, 0x80,
    0x14, 0x7c, 0x7b, 0xbf, 0xd2, 0x0, 0x80, 0x8,
    0x65, 0x4, 0x71, 0x69, 0x80, 0x18, 0x80, 0x31,
    0xf0, 0x6, 0x53, 0x20, 0x19, 0x71, 0x0, 0xb5,
    0x0, 0x36, 0xa0, 0x0, 0x4e, 0x0, 0x33, 0x82,
    0x0, 0x49, 0x80, 0x16, 0x0, 0x70, 0x96, 0x80,
    0x10, 0x14, 0x3, 0xfc, 0xa8, 0x0, 0xd2, 0x20,
    0x7, 0xfb, 0x8, 0x41, 0x14, 0x3, 0xfe, 0x47,
    0x3, 0x2b, 0x0, 0xff, 0xe0, 0x40, 0xd9, 0x18,
    0x7, 0xe7, 0xff, 0xe7, 0x2f, 0xfb, 0x80, 0x39,
    0x6a, 0xbf, 0xe0,

    /* U+4F4E "低" */
    0x0, 0xff, 0xe4, 0xdd, 0x0, 0x7c, 0x28, 0xc0,
    0x1c, 0x98, 0x4c, 0xf3, 0x79, 0xfd, 0x72, 0x20,
    0x13, 0x3, 0xa4, 0xc9, 0x40, 0x3, 0x5b, 0xe2,
    0x1, 0x5a, 0x88, 0x3, 0xb2, 0xe8, 0x14, 0x80,
    0x32, 0x16, 0x0, 0x78, 0xc4, 0x3, 0xd0, 0x1,
    0xf8, 0x40, 0x3c, 0x86, 0x1, 0xcc, 0xd6, 0x3,
    0x34, 0x81, 0x4a, 0x20, 0x1a, 0x66, 0x70, 0x99,
    0xbc, 0x1, 0x60, 0x1d, 0xff, 0x83, 0x3f, 0xd6,
    0x1e, 0x20, 0x1f, 0xc2, 0xc0, 0x18, 0x40, 0x3f,
    0xc5, 0xa0, 0x1f, 0xfc, 0x35, 0x30, 0x12, 0x0,
    0xff, 0x11, 0xe2, 0x2, 0x60, 0x7, 0xe7, 0x64,
    0xd4, 0x5, 0x25, 0x0, 0xf6, 0x84, 0x9b, 0x1b,
    0xb5, 0xce, 0x0, 0x7b, 0x27, 0x94, 0x23, 0x60,
    0x8d, 0x80,

    /* U+4F4F "住" */
    0x0, 0xff, 0x20, 0x80, 0x7f, 0x6b, 0x0, 0x6a,
    0x80, 0xf, 0xc6, 0x4a, 0x1, 0xa5, 0x88, 0x3,
    0xea, 0x23, 0x12, 0x29, 0x4d, 0x88, 0xa1, 0x0,
    0xb, 0x28, 0x76, 0xee, 0x3b, 0xdd, 0xa4, 0x0,
    0xc1, 0xc1, 0x99, 0x9c, 0x33, 0x34, 0x80, 0x24,
    0x2, 0x33, 0xde, 0x6, 0x78, 0x42, 0x4, 0x3,
    0xff, 0x84, 0x4f, 0x2, 0x1, 0xff, 0xc1, 0x33,
    0x38, 0x4, 0xff, 0xf4, 0x7, 0xfd, 0xc0, 0x38,
    0x1, 0x92, 0x66, 0x50, 0x99, 0xa0, 0x3, 0xe3,
    0x66, 0xb4, 0x19, 0xb0, 0x7, 0xff, 0xb5, 0x7f,
    0xf4, 0x7, 0xfe, 0xe0, 0xe, 0x4a, 0xaf, 0xf5,
    0x80,

    /* U+4F53 "体" */
    0x0, 0xc6, 0x40, 0x19, 0x14, 0x3, 0xfd, 0xb6,
    0x1, 0xbb, 0x80, 0x1f, 0xc6, 0x3a, 0x1, 0xff,
    0xc3, 0xb1, 0x40, 0xf, 0xfe, 0x1b, 0x38, 0xff,
    0xe5, 0x4f, 0xfd, 0x20, 0x13, 0xe, 0xd, 0xdc,
    0xc0, 0x4, 0xbb, 0xc0, 0x15, 0x80, 0x48, 0x98,
    0x0, 0xa8, 0x91, 0x0, 0x18, 0x80, 0x39, 0x9,
    0x50, 0xdc, 0x3, 0xa1, 0x0, 0x3a, 0x5c, 0x1,
    0x72, 0x20, 0x18, 0xe4, 0x3, 0x41, 0xc8, 0x1,
    0x8e, 0x0, 0x36, 0x10, 0x4, 0x8f, 0x22, 0x1,
    0x43, 0x28, 0x4, 0x20, 0x11, 0x51, 0xb8, 0x6,
    0x55, 0x59, 0x0, 0x71, 0xf8, 0x79, 0x10, 0x1c,
    0x89, 0x1, 0x82, 0x1, 0x84, 0xe9, 0x77, 0x4a,
    0x7b, 0xa5, 0xd2, 0x10, 0xc, 0x5e, 0x8d, 0xba,
    0x53, 0xdd, 0x31, 0xe0, 0x7, 0x84, 0x0, 0x44,
    0x7, 0x22, 0x8, 0x7, 0x84, 0x40, 0x1f, 0xfc,
    0x10,

    /* U+4FA7 "侧" */
    0x0, 0xff, 0xe1, 0x88, 0x6, 0x6e, 0x1, 0x1e,
    0x0, 0xdc, 0x60, 0x16, 0x39, 0xf7, 0x71, 0x93,
    0x0, 0x79, 0x74, 0xb, 0x32, 0x10, 0x6b, 0x0,
    0xe5, 0x4, 0x0, 0x17, 0x98, 0x7, 0xf7, 0x8,
    0x6, 0x30, 0xf, 0xe2, 0x40, 0xf, 0xfe, 0x1c,
    0x8, 0x7, 0xff, 0xd, 0x60, 0x3, 0xff, 0x87,
    0x64, 0x1, 0xff, 0xc3, 0x40, 0xe, 0x31, 0x0,
    0xff, 0xe1, 0x89, 0x80, 0x7f, 0xf0, 0x4a, 0xd0,
    0x8e, 0x8, 0x3, 0xfc, 0x2d, 0x49, 0x8a, 0x29,
    0xa0, 0x1f, 0xd4, 0x36, 0xda, 0x40, 0x1f, 0xeb,
    0x4e, 0x9, 0x2e, 0x4, 0x50, 0x10, 0xc, 0x8f,
    0x84, 0x0, 0xdd, 0xd, 0xd2, 0x10,

    /* U+4FDD "保" */
    0x0, 0xff, 0xe5, 0x64, 0x2, 0x27, 0xe2, 0x0,
    0xe1, 0x3d, 0x1b, 0xbf, 0xd2, 0x1, 0xcc, 0xa,
    0x0, 0xbf, 0xfe, 0x50, 0xf, 0x53, 0x0, 0x7f,
    0xf0, 0xd0, 0xbc, 0x3, 0xff, 0x87, 0x0, 0x1d,
    0x7f, 0xfc, 0xa0, 0x19, 0xc, 0x2, 0x1a, 0xa9,
    0x82, 0xaa, 0x80, 0xa, 0x58, 0x40, 0x25, 0x5b,
    0xc1, 0x56, 0x30, 0xd, 0x0, 0x1, 0x55, 0xde,
    0xa, 0xb9, 0x0, 0x18, 0x20, 0x5, 0xbb, 0xcc,
    0x15, 0x77, 0x48, 0x0, 0x40, 0x24, 0xee, 0xa4,
    0x0, 0x5f, 0xdc, 0xd0, 0xf, 0xe6, 0x96, 0x7,
    0xd1, 0x0, 0xff, 0x44, 0xd7, 0x85, 0x3e, 0x10,
    0x7, 0xc9, 0xad, 0x68, 0x1, 0x5b, 0xec, 0x0,
    0x7b, 0x5f, 0xd0, 0x3, 0xaa, 0x50, 0x3, 0xd3,
    0x42, 0x1, 0x8, 0x4, 0xd8, 0x0,

    /* U+4FEE "修" */
    0x0, 0xc8, 0x1, 0x85, 0x80, 0x3f, 0x8a, 0xc8,
    0x2, 0x9b, 0x0, 0xfe, 0x43, 0x20, 0x1, 0xb9,
    0x7f, 0xea, 0x0, 0xd5, 0x72, 0x83, 0xc5, 0xbb,
    0x50, 0x78, 0x4, 0x46, 0xaa, 0x2d, 0x10, 0xb2,
    0x8, 0x55, 0x0, 0x56, 0x4, 0x0, 0x6c, 0xf7,
    0xcc, 0x3d, 0x0, 0x42, 0xc0, 0x11, 0xd0, 0xa,
    0x98, 0x99, 0x0, 0x50, 0x1, 0x8d, 0xf7, 0x7,
    0x6d, 0x77, 0x4e, 0xc, 0xc0, 0xd, 0x75, 0xd4,
    0x31, 0x7b, 0x44, 0x11, 0x40, 0x11, 0xe3, 0xad,
    0xe5, 0xb9, 0xba, 0x83, 0x80, 0x72, 0x75, 0x1f,
    0x35, 0x78, 0x7, 0xf2, 0xc7, 0x4c, 0xb8, 0x70,
    0x40, 0x3f, 0xa, 0xcf, 0x25, 0xd9, 0x39, 0x40,
    0x3e, 0x6c, 0x3b, 0xc0, 0xc8, 0xa5, 0x0, 0xed,
    0x56, 0xfa, 0x2c, 0xb4, 0xf5, 0x0, 0xf0, 0x82,
    0xd7, 0xc5, 0xf4, 0x8, 0x7, 0xe4, 0xb3, 0xbe,
    0x71, 0x0, 0xf1, 0xf8, 0x1, 0x3a, 0x50, 0x3,
    0xe0,

    /* U+5019 "候" */
    0x0, 0xff, 0xe4, 0x97, 0x90, 0x0, 0x51, 0x3c,
    0x20, 0x1c, 0x82, 0x40, 0x7, 0xbb, 0xf1, 0x0,
    0x75, 0x3a, 0xe8, 0x37, 0xfe, 0xd0, 0x10, 0xc,
    0x47, 0x40, 0x10, 0x8f, 0x30, 0x0, 0x40, 0x2a,
    0x3, 0x0, 0x3f, 0x77, 0x58, 0x6f, 0x8, 0x1,
    0x80, 0x33, 0xec, 0x5e, 0xef, 0x84, 0x1c, 0x40,
    0x38, 0xa0, 0x8, 0xbc, 0x0, 0x94, 0x0, 0xe7,
    0xb, 0xff, 0xe4, 0x0, 0x2f, 0x80, 0x61, 0x98,
    0xc7, 0xc, 0xc9, 0x0, 0x16, 0x1, 0xe7, 0x71,
    0xf0, 0x99, 0xc0, 0x1f, 0xc8, 0x57, 0x70, 0xdd,
    0xe0, 0xf, 0xc2, 0x67, 0x0, 0x8, 0xce, 0x0,
    0xfc, 0x91, 0xa, 0x20, 0x38, 0x88, 0x3, 0xcf,
    0x40, 0x4, 0xc4, 0xc5, 0x90, 0xf, 0xc4, 0xe9,
    0x76, 0x7b, 0x3b, 0x7d, 0x70, 0xf, 0xd2, 0x39,
    0x20, 0x4, 0xf5, 0xb0, 0x9, 0x3c, 0x2, 0xda,
    0x30, 0xc, 0x31, 0x80,

    /* U+5145 "充" */
    0x0, 0xfc, 0x62, 0x1, 0xff, 0xc2, 0x1c, 0x60,
    0xf, 0xfe, 0x10, 0xa5, 0x0, 0x7e, 0xdf, 0xff,
    0x21, 0x7f, 0xf9, 0x2, 0x26, 0x71, 0x4, 0x4c,
    0xfc, 0xa0, 0xac, 0xd7, 0x15, 0x3b, 0x3e, 0x3b,
    0x34, 0x20, 0x19, 0xdd, 0x4a, 0x0, 0x16, 0xc1,
    0x0, 0xf4, 0xc5, 0xa8, 0x6, 0xe0, 0xc1, 0x0,
    0xd2, 0xc3, 0x3b, 0xdf, 0xf6, 0x91, 0x30, 0x40,
    0x2c, 0x44, 0x31, 0x3c, 0xc0, 0x4e, 0x60, 0xe4,
    0x2, 0x5b, 0xae, 0x8, 0x64, 0x5, 0x33, 0x6c,
    0x0, 0x78, 0x80, 0x40, 0x3c, 0x60, 0x1f, 0x5a,
    0x0, 0x7e, 0x93, 0x0, 0xc8, 0x7a, 0x1, 0xf9,
    0xd4, 0x2, 0x3a, 0x36, 0x0, 0x8, 0x7, 0x8,
    0x4, 0xf8, 0x7a, 0x1, 0x18, 0x4a, 0xaa, 0x0,
    0x83, 0x21, 0xb4, 0x40, 0x21, 0x65, 0xaa, 0x3a,
    0xa0, 0x46, 0xc8, 0x7, 0xa7, 0xff, 0x50, 0x0,

    /* U+5165 "入" */
    0x0, 0xca, 0xef, 0x20, 0x7, 0xff, 0x3, 0xe2,
    0x2b, 0x60, 0xf, 0xfa, 0xbf, 0xe3, 0xd0, 0xf,
    0xfe, 0x23, 0x0, 0x7f, 0xf0, 0xcc, 0x80, 0x3f,
    0xf8, 0x48, 0x0, 0x40, 0xf, 0xfe, 0xf, 0x11,
    0x34, 0x3, 0xff, 0x80, 0x2b, 0x74, 0xe0, 0x1f,
    0xfc, 0x8, 0x6, 0x51, 0x60, 0xf, 0xf1, 0x34,
    0x1, 0x2d, 0x80, 0x7f, 0xbc, 0x9c, 0x1, 0x5,
    0x0, 0x1f, 0xa8, 0xb8, 0x2, 0x27, 0x72, 0x80,
    0x7a, 0x16, 0x8c, 0x3, 0x41, 0xd2, 0x0, 0x69,
    0x77, 0x28, 0x7, 0xb0, 0xed, 0x80, 0x14, 0xcf,
    0x0, 0x1f, 0xb4, 0xe6, 0x41, 0x91, 0x0, 0xf,
    0xe1, 0xc6, 0xc0,

    /* U+5168 "全" */
    0x0, 0xf8, 0x4c, 0x3, 0xff, 0x84, 0x3f, 0x8c,
    0x1, 0xff, 0xc1, 0xa0, 0x69, 0x30, 0xf, 0xfa,
    0xd3, 0x65, 0x30, 0xc0, 0x3f, 0x16, 0x25, 0x98,
    0x5a, 0x63, 0x0, 0x79, 0x74, 0xb5, 0x0, 0x2b,
    0x69, 0xa1, 0x0, 0x1e, 0x51, 0x68, 0x11, 0x75,
    0xba, 0xfb, 0x85, 0x15, 0x1e, 0x6e, 0xfc, 0xf2,
    0xf4, 0x11, 0xcb, 0x9b, 0xb3, 0xe, 0xee, 0x69,
    0xd0, 0x10, 0x1, 0x16, 0x10, 0x22, 0xc0, 0x1e,
    0x23, 0x3c, 0x20, 0x67, 0xc0, 0x1d, 0x39, 0x99,
    0x87, 0x33, 0x88, 0x3, 0x56, 0xee, 0x61, 0xdd,
    0xe2, 0x0, 0xc2, 0x45, 0x84, 0x8, 0xb8, 0x3,
    0xff, 0x90, 0xbf, 0xfe, 0x71, 0xff, 0xf5, 0x82,
    0x55, 0x7f, 0xf0, 0xbc, 0x0,

    /* U+5173 "关" */
    0x0, 0xff, 0xe0, 0x10, 0x7, 0xed, 0x70, 0xe,
    0x2d, 0x70, 0xf, 0x96, 0xc, 0x3, 0x70, 0xb0,
    0x7, 0xd0, 0x7a, 0x1, 0x49, 0xe8, 0x80, 0x73,
    0xbc, 0x8a, 0xee, 0x86, 0x34, 0x77, 0x18, 0x0,
    0x66, 0x66, 0x59, 0x86, 0x12, 0x99, 0x94, 0x0,
    0x3d, 0xde, 0x8, 0xee, 0xe6, 0x0, 0xff, 0xe3,
    0x88, 0xf8, 0x80, 0x2, 0x3e, 0x0, 0x7f, 0x77,
    0x68, 0x4f, 0x77, 0x94, 0x2a, 0xef, 0x9c, 0xe,
    0xef, 0xc8, 0x8, 0x9e, 0x30, 0x36, 0x44, 0xe1,
    0x0, 0xf3, 0xa6, 0x27, 0x80, 0x7f, 0xd1, 0x11,
    0xc9, 0xe0, 0x80, 0x7c, 0x78, 0xf0, 0xe0, 0x58,
    0x5c, 0xe0, 0x19, 0x73, 0x3, 0x8e, 0x1, 0x17,
    0xac, 0x74, 0x90, 0x40, 0xce, 0x98, 0x7, 0xd,
    0x62, 0x33, 0x3, 0x35, 0x80, 0x3f, 0x8e, 0xb9,
    0x0,

    /* U+517B "养" */
    0x0, 0xe3, 0x0, 0xf2, 0x0, 0x7e, 0x4c, 0x60,
    0xd, 0x34, 0x20, 0x18, 0x4c, 0xce, 0xb2, 0x86,
    0x67, 0x68, 0x23, 0x30, 0x1, 0x73, 0x25, 0xb,
    0xcc, 0x40, 0x4e, 0x63, 0x40, 0x9, 0xff, 0xe0,
    0xaf, 0xfe, 0xe0, 0x8, 0x8c, 0xf2, 0x1, 0x9f,
    0x80, 0x34, 0x66, 0x6b, 0x9, 0xcc, 0xe5, 0x0,
    0xab, 0xff, 0x29, 0xff, 0xf9, 0x40, 0xa, 0xbf,
    0x32, 0xaf, 0xc4, 0x13, 0x11, 0x5d, 0x3, 0xdd,
    0x5c, 0x46, 0x50, 0xcd, 0xd7, 0x90, 0xf6, 0xf4,
    0x7, 0x6e, 0xce, 0x0, 0x29, 0xd2, 0x61, 0x0,
    0x39, 0x65, 0x20, 0x0, 0xb3, 0x52, 0xa1, 0x80,
    0x21, 0x3a, 0x3b, 0xe8, 0x25, 0xbd, 0x5c, 0x20,
    0xe, 0x19, 0xe9, 0xd0, 0x94, 0x2, 0x5b, 0x0,
    0xf8, 0x5d, 0x40, 0x25, 0xc3, 0x70, 0xf, 0xfe,
    0x2, 0x52, 0x68, 0x7, 0xff, 0x5, 0x3a, 0x84,
    0x3, 0xf, 0xa0, 0x6,

    /* U+5185 "内" */
    0x0, 0xf1, 0x8, 0x7, 0xff, 0x3, 0x18, 0x3,
    0xff, 0x90, 0xcd, 0xe0, 0xc6, 0x6e, 0x38, 0x99,
    0xe1, 0x49, 0x9e, 0x40, 0x8f, 0xfc, 0x13, 0xff,
    0x84, 0x3, 0xf1, 0x80, 0x7f, 0xc8, 0x1, 0xff,
    0xc1, 0xf0, 0xa4, 0x0, 0xfe, 0x54, 0xa4, 0xb3,
    0x0, 0xf8, 0xe9, 0x16, 0xd3, 0xc, 0x3, 0x93,
    0xe, 0x80, 0x16, 0x7a, 0x40, 0x1a, 0x4f, 0x44,
    0x2, 0xd2, 0x10, 0xd, 0xf8, 0x20, 0x18, 0x70,
    0xc0, 0x31, 0x0, 0x7f, 0xf1, 0xc9, 0x54, 0xe2,
    0x20, 0xf, 0xcd, 0x54, 0x82, 0x7c, 0x60, 0xf,
    0x27, 0xfd, 0xa2,

    /* U+5199 "写" */
    0x13, 0x3f, 0xfe, 0x10, 0x3e, 0x67, 0xff, 0x8,
    0x2, 0xee, 0xff, 0xa0, 0x3, 0xd, 0xd0, 0x8f,
    0xf0, 0x1, 0x20, 0x18, 0x11, 0x3f, 0xa4, 0x9,
    0xc0, 0x92, 0xef, 0xf1, 0x30, 0x6, 0x1a, 0xff,
    0xfc, 0x1, 0xc2, 0x2, 0x1, 0xff, 0xc1, 0x20,
    0xbf, 0xff, 0xe1, 0x0, 0x8a, 0xab, 0xf9, 0x80,
    0x40, 0x21, 0x55, 0xfe, 0xf0, 0x9, 0x59, 0xbf,
    0xc2, 0x20, 0xb, 0xa2, 0x3f, 0xc5, 0xe2, 0x0,
    0xbe, 0xef, 0xf1, 0x98, 0x80, 0x3f, 0x85, 0x12,
    0x84, 0x40, 0x7, 0xf1, 0xdd, 0xcc, 0xb0, 0x0,

    /* U+51B7 "冷" */
    0x0, 0xfe, 0x64, 0x0, 0xf1, 0xd0, 0x7, 0x96,
    0x6c, 0x80, 0x38, 0x55, 0x80, 0x30, 0xda, 0x9f,
    0x0, 0x71, 0x34, 0x0, 0x6a, 0xb, 0xe3, 0x90,
    0xe, 0xb1, 0x60, 0x5, 0xa6, 0x89, 0x53, 0x40,
    0x6, 0x26, 0xc1, 0xb4, 0xb6, 0x70, 0x58, 0x79,
    0x0, 0xd3, 0x7e, 0xb8, 0x81, 0xa, 0xf, 0x2d,
    0x80, 0x18, 0x5b, 0xcc, 0x15, 0xe8, 0x41, 0xb1,
    0x40, 0x21, 0x14, 0x8, 0x5, 0x18, 0x20, 0x3,
    0x90, 0x9, 0xbc, 0x7f, 0xfb, 0x3f, 0xe7, 0x0,
    0xd4, 0x83, 0x55, 0xf2, 0x1, 0x0, 0x44, 0x4e,
    0x5, 0x75, 0x5c, 0x28, 0xea, 0x1, 0x50, 0x20,
    0x16, 0xd0, 0x82, 0x5b, 0x40, 0x6, 0x55, 0x0,
    0xa, 0x93, 0xde, 0xd6, 0x40, 0x31, 0x97, 0x0,
    0x4b, 0xef, 0x1, 0x0, 0x1c, 0xe8, 0x80, 0xc,
    0x33, 0x63, 0xac, 0x1, 0x92, 0xc0, 0x3e, 0x4e,
    0x6f, 0x0, 0xff, 0xe1, 0xcc, 0x80, 0x30,

    /* U+51FA "出" */
    0x0, 0xf2, 0x8, 0x7, 0xff, 0x2, 0x9c, 0x3,
    0xcb, 0x80, 0x1f, 0xc7, 0xa2, 0x66, 0x0, 0xfe,
    0x72, 0x0, 0xff, 0xf0, 0xff, 0xe1, 0x9f, 0xfa,
    0xc0, 0x9, 0x33, 0xc0, 0xb3, 0x3c, 0x26, 0xcd,
    0xc3, 0x8c, 0xd9, 0x7, 0xdc, 0x3, 0xfd, 0xd0,
    0x1, 0xff, 0xed, 0x8f, 0xfc, 0x33, 0xff, 0x8c,
    0x36, 0xef, 0xfe, 0x20,

    /* U+51FB "击" */
    0x0, 0xf9, 0x18, 0x3, 0xff, 0x85, 0x96, 0x1,
    0xff, 0xcc, 0x37, 0x7e, 0x33, 0x3b, 0xf2, 0x80,
    0x12, 0x67, 0x90, 0x66, 0x7b, 0x80, 0xf, 0xdd,
    0xce, 0x5d, 0xdd, 0x60, 0x1f, 0xfc, 0x51, 0x22,
    0xf0, 0x81, 0x17, 0xd7, 0xbb, 0xe6, 0x2d, 0xdf,
    0x65, 0xee, 0xf9, 0x8b, 0x77, 0xd8, 0x25, 0x2,
    0x45, 0x8, 0x11, 0x69, 0x12, 0x1, 0x56, 0x0,
    0xfe, 0x46, 0x0, 0xff, 0xf4, 0x57, 0xfc, 0xe5,
    0xff, 0x80, 0x30, 0xd5, 0x7f, 0xc0, 0x10,

    /* U+5206 "分" */
    0x0, 0xfe, 0x11, 0x0, 0x7f, 0xd7, 0x20, 0xc,
    0x80, 0xf, 0xf1, 0xa6, 0x80, 0x2d, 0x84, 0x3,
    0xfb, 0x8d, 0x0, 0xc, 0x36, 0x1, 0xfa, 0x4b,
    0x80, 0x35, 0xaa, 0x80, 0x3c, 0xed, 0x24, 0x1,
    0x95, 0x54, 0xa0, 0x19, 0xe2, 0xc, 0x1, 0xea,
    0x5a, 0x70, 0x4, 0xc3, 0x30, 0x47, 0xf5, 0xb4,
    0x58, 0x7d, 0x1f, 0x77, 0xf6, 0x4d, 0x60, 0x32,
    0xde, 0xe0, 0x4e, 0xee, 0x41, 0x5, 0x70, 0x8,
    0x48, 0x80, 0xa4, 0x58, 0x1c, 0x3, 0xf2, 0x80,
    0x80, 0x67, 0x10, 0xf, 0xda, 0x24, 0x1, 0x84,
    0xc0, 0x3e, 0x16, 0x60, 0x7, 0x1f, 0x0, 0x78,
    0x70, 0x64, 0x3, 0x8, 0xc0, 0x1c, 0x9e, 0x7a,
    0x22, 0x55, 0xa8, 0x10, 0x3, 0x3d, 0x9e, 0x18,
    0x2, 0xaa, 0x58, 0x20, 0xc, 0xf3, 0xa4, 0x0,
    0x1f, 0xfb, 0x9c, 0x3, 0x80,

    /* U+5207 "切" */
    0x0, 0x18, 0x80, 0x7f, 0xf0, 0xb5, 0xc0, 0x3f,
    0xf8, 0xd7, 0xff, 0xf8, 0x80, 0x3d, 0xd0, 0xa1,
    0x11, 0x28, 0x18, 0x7, 0x95, 0xfc, 0x1d, 0xef,
    0x0, 0xef, 0x68, 0x40, 0x30, 0xf, 0xe, 0xf8,
    0xb4, 0xb1, 0x0, 0x78, 0xc0, 0xb, 0x0, 0xff,
    0xcc, 0x2, 0x20, 0xf, 0x43, 0x8f, 0x0, 0x6f,
    0x30, 0x8, 0x40, 0x3f, 0xc4, 0xc0, 0x18, 0x40,
    0x3f, 0x98, 0x80, 0x2f, 0x30, 0xf, 0x9, 0x1,
    0xf8, 0x4, 0x20, 0x1e, 0x5f, 0xb5, 0x7, 0x0,
    0xc2, 0x1, 0xc, 0x52, 0x44, 0x10, 0x40, 0x23,
    0x0, 0x90, 0x1, 0x54, 0x82, 0x80, 0xc, 0x2e,
    0x0, 0x56, 0xf5, 0x76, 0x73, 0x26, 0x64, 0x21,
    0x80, 0x6, 0x44, 0xe1, 0x60, 0x1a, 0x64, 0xe9,
    0x20, 0x1c, 0x77, 0x40, 0x4, 0xff, 0xac, 0x40,

    /* U+5224 "判" */
    0x0, 0xc4, 0x1, 0xff, 0xc2, 0xd6, 0x0, 0xf9,
    0xb9, 0xb0, 0x3, 0x9b, 0x2, 0x50, 0x2, 0x62,
    0x50, 0x8, 0x62, 0x41, 0xc8, 0x3, 0x4c, 0x0,
    0x52, 0x4a, 0x1, 0xf3, 0xb1, 0x0, 0x13, 0xc0,
    0x3e, 0x13, 0x81, 0xe, 0xf0, 0x20, 0xf, 0x36,
    0x64, 0xf, 0x98, 0xe0, 0xf, 0x3f, 0x74, 0x13,
    0xdc, 0xc0, 0xf, 0x84, 0x60, 0x31, 0x10, 0x7,
    0xd1, 0x33, 0x7, 0x4c, 0xc2, 0x1, 0xc4, 0x52,
    0x83, 0x91, 0x40, 0x1e, 0xab, 0xb4, 0x86, 0x5d,
    0xc2, 0x1, 0xfb, 0x90, 0x3, 0xb9, 0x80, 0x39,
    0x11, 0xc0, 0x1f, 0xf1, 0x52, 0x28, 0x7, 0x33,
    0x1e, 0xcc, 0x30, 0xa8, 0x3, 0xd5, 0x30, 0x70,
    0x15, 0x82, 0x1, 0xec, 0xff, 0x72, 0x80,

    /* U+522B "别" */
    0x0, 0x11, 0x9f, 0x80, 0x39, 0x34, 0x1, 0xb9,
    0x9e, 0x10, 0x52, 0x1, 0x20, 0xa, 0xbf, 0xec,
    0x0, 0xad, 0x0, 0x3f, 0xfb, 0x55, 0xff, 0x60,
    0x7, 0xfa, 0xe8, 0x22, 0xaa, 0x10, 0xf, 0xc8,
    0x80, 0x45, 0x58, 0x3, 0xf3, 0x44, 0x2, 0x62,
    0x23, 0x0, 0xfb, 0x8d, 0x40, 0x4c, 0xce, 0xa0,
    0x1f, 0x45, 0xc0, 0x5d, 0xc2, 0x60, 0x1f, 0xc4,
    0x20, 0x1e, 0x33, 0x0, 0x7a, 0x90, 0x2, 0x11,
    0x6, 0xa8, 0x7, 0x29, 0xc8, 0x6, 0x70, 0xf,
    0x8a, 0x98, 0x99, 0xf0, 0xc, 0x15, 0x69, 0x10,
    0x93, 0x91, 0xba, 0x7b, 0x0, 0x4d, 0x50, 0xac,
    0x2f, 0x40, 0x1b, 0xab, 0x40, 0x6, 0x7f, 0xb9,
    0x40,

    /* U+524D "前" */
    0x0, 0xc2, 0x1, 0xe2, 0x0, 0xf9, 0x79, 0x0,
    0x32, 0x6a, 0x80, 0x79, 0x52, 0x84, 0x0, 0x34,
    0x8a, 0x1, 0x7f, 0xe4, 0x1e, 0xff, 0x70, 0xa7,
    0xfd, 0xd9, 0x9f, 0xfc, 0x43, 0x3f, 0xfe, 0xa,
    0x1, 0x5, 0x7f, 0xf5, 0x82, 0x50, 0x2, 0x54,
    0x2, 0x4c, 0xc9, 0x40, 0x2, 0x80, 0x1f, 0x9,
    0x9e, 0x0, 0xff, 0x97, 0xfe, 0x60, 0xf, 0xf9,
    0x2e, 0xe4, 0x0, 0xff, 0x85, 0x12, 0x20, 0xf,
    0xf9, 0x7b, 0xa6, 0x0, 0xff, 0x92, 0xaa, 0x40,
    0x8, 0xc0, 0x3e, 0x14, 0x48, 0x80, 0xb, 0xa0,
    0x11, 0x80, 0x71, 0xa2, 0x88, 0x1, 0x10, 0xc2,
    0x1, 0xee, 0xb3, 0xf0, 0x5, 0xda, 0x4d, 0x40,
    0x17, 0x60, 0xdf, 0xf2, 0x80, 0x3f, 0xec, 0x0,
    0x0,

    /* U+529F "功" */
    0x0, 0xff, 0x8, 0x7, 0xff, 0xd, 0xb8, 0x3,
    0xe1, 0x1f, 0x0, 0x7f, 0xdf, 0xdd, 0xc2, 0x0,
    0x10, 0xf, 0xb7, 0x14, 0xb3, 0x6, 0xfa, 0x2e,
    0xfc, 0x0, 0x33, 0x10, 0x19, 0x9e, 0x10, 0x22,
    0x38, 0x40, 0x3e, 0x5f, 0x72, 0xff, 0xa8, 0x4,
    0x3, 0xfc, 0x20, 0x1f, 0xfc, 0x31, 0x70, 0x8,
    0xc0, 0x3f, 0xe2, 0x10, 0xf, 0xfe, 0x1b, 0x10,
    0x4, 0x22, 0x0, 0xfc, 0x22, 0x2d, 0x0, 0xfc,
    0x24, 0x4c, 0xf8, 0x60, 0x40, 0xb, 0xcc, 0x7,
    0x79, 0x45, 0xa2, 0xa5, 0x44, 0x2, 0x10, 0x0,
    0xa4, 0xef, 0x53, 0xc8, 0xc0, 0x6, 0x31, 0x0,
    0x4b, 0x10, 0x2, 0x56, 0x48, 0xd5, 0x4e, 0xaa,
    0x0, 0xf3, 0xb3, 0xb0, 0x5d, 0x52, 0x12, 0x0,
    0x3c, 0xd3, 0x0, 0x8, 0xff, 0xac, 0x40,

    /* U+52A0 "加" */
    0x0, 0x88, 0xc0, 0x3f, 0xf8, 0x6b, 0xc0, 0x1f,
    0xfc, 0x3f, 0x0, 0xf8, 0x47, 0x80, 0x21, 0x0,
    0x8, 0xc0, 0xe, 0xef, 0x8, 0x67, 0x39, 0x77,
    0x52, 0x0, 0x6b, 0xb4, 0x0, 0x5f, 0x68, 0x57,
    0x62, 0x10, 0x7, 0xa2, 0x40, 0x11, 0xa1, 0x32,
    0x20, 0x3, 0xff, 0x82, 0x62, 0x1, 0x78, 0x7,
    0xfc, 0x26, 0x1, 0xff, 0xc3, 0x71, 0x0, 0x18,
    0x7, 0xff, 0x0, 0xf8, 0x2, 0x10, 0xf, 0xf1,
    0x2, 0x80, 0x7f, 0xf0, 0x90, 0xc, 0x0, 0x20,
    0x1f, 0xf6, 0xa0, 0x6, 0x30, 0xf, 0xe2, 0x4d,
    0x0, 0xfa, 0x7f, 0xd8, 0x1, 0x40, 0x32, 0xb5,
    0x3, 0x0, 0x16, 0x64, 0xe0, 0x1, 0x58, 0xf,
    0x95, 0x51, 0x80, 0x31, 0x99, 0x60, 0x1, 0xb7,
    0xa, 0xff, 0x50, 0x3, 0x5c, 0x0, 0x78, 0x20,

    /* U+52A8 "动" */
    0x0, 0xfe, 0x17, 0x0, 0xff, 0xe1, 0x2c, 0x0,
    0x71, 0x7f, 0xf8, 0x40, 0x3f, 0x15, 0xdf, 0x84,
    0x3, 0xf9, 0x13, 0xef, 0xb0, 0xff, 0xc4, 0x1,
    0xf2, 0xcb, 0x4, 0xca, 0x0, 0x6, 0x89, 0xe3,
    0x6c, 0x16, 0x62, 0x81, 0xed, 0xdf, 0xa0, 0xc,
    0xc0, 0x1, 0x0, 0x77, 0xd0, 0x77, 0xfa, 0x80,
    0x44, 0x1, 0x84, 0x1, 0xe8, 0x24, 0x1, 0x7b,
    0x80, 0x1c, 0x3, 0x2f, 0x36, 0x0, 0x44, 0x20,
    0x1e, 0x60, 0x56, 0x15, 0x0, 0x3e, 0x80, 0x4,
    0x2, 0xb6, 0x0, 0x2f, 0x0, 0x91, 0x80, 0x42,
    0x8, 0x54, 0x26, 0x48, 0x2e, 0x8, 0x0, 0x30,
    0x7, 0x6, 0x76, 0x38, 0x35, 0xa8, 0x4, 0x26,
    0x1d, 0x35, 0x9d, 0xf3, 0xa5, 0x28, 0xad, 0x2c,
    0x8, 0xca, 0x62, 0x8, 0xac, 0x7b, 0x52, 0x70,
    0x1, 0xf1, 0x44, 0x84, 0xff, 0xb4, 0xc0,

    /* U+5316 "化" */
    0x0, 0xd2, 0xa0, 0xa, 0x60, 0xf, 0xe1, 0x60,
    0x9, 0x38, 0x3, 0xfa, 0x41, 0x40, 0x3f, 0x18,
    0x6, 0x67, 0x0, 0xfc, 0x98, 0xc0, 0x7, 0x1a,
    0x0, 0xf9, 0x2d, 0x18, 0x6, 0x40, 0x80, 0x3c,
    0xb6, 0x96, 0x0, 0x81, 0x0, 0xfa, 0x29, 0x2c,
    0x0, 0x8c, 0x60, 0x1e, 0x77, 0xac, 0x2, 0x95,
    0xa0, 0xc, 0x62, 0x15, 0x0, 0x19, 0x28, 0x3,
    0x3e, 0x3, 0xa8, 0x7, 0x48, 0x4, 0x3b, 0xc,
    0x1, 0xe2, 0x40, 0xc, 0x2f, 0x72, 0x20, 0x1c,
    0x96, 0x1, 0xd4, 0x80, 0x1f, 0x8, 0x80, 0x3f,
    0xf8, 0x5e, 0x60, 0x1f, 0x8d, 0x9b, 0xe0, 0xf,
    0xd0, 0x13, 0x38, 0xe0,

    /* U+533A "区" */
    0x13, 0x3f, 0xfe, 0x8, 0xce, 0x67, 0xff, 0x5,
    0xc0, 0x77, 0x7f, 0xb3, 0x74, 0xe0, 0x2, 0x79,
    0x22, 0xf7, 0x29, 0x8, 0x4, 0x29, 0x60, 0x1a,
    0x89, 0x40, 0x39, 0x2d, 0x30, 0x1, 0xb, 0x44,
    0x1, 0xe4, 0xc3, 0xc7, 0x79, 0x40, 0x3f, 0x1e,
    0x1c, 0x2c, 0x0, 0x7f, 0x98, 0x0, 0xc0, 0x1f,
    0xe5, 0xa4, 0xb3, 0xc0, 0xf, 0xcf, 0x4b, 0x69,
    0x67, 0x80, 0x1e, 0x98, 0x6a, 0x0, 0x25, 0x9d,
    0x80, 0x72, 0x44, 0x80, 0x64, 0xa4, 0x30, 0xd,
    0xae, 0x1, 0xe5, 0xe3, 0x0, 0xf, 0xff, 0xfb,
    0xbe, 0xed, 0x33, 0xff, 0xc1, 0xf0,

    /* U+5355 "单" */
    0x0, 0x85, 0x80, 0x3c, 0xe2, 0x1, 0xe2, 0x97,
    0x0, 0xd3, 0x23, 0x0, 0xf1, 0xcc, 0x10, 0x1,
    0x99, 0x44, 0x1, 0x8f, 0xfd, 0x21, 0xbf, 0xe9,
    0xb, 0xff, 0x0, 0x75, 0x5d, 0xc6, 0x97, 0x74,
    0x0, 0x80, 0x64, 0x4c, 0xe4, 0x89, 0x18, 0x7,
    0x9d, 0x56, 0x62, 0x55, 0xb0, 0x3, 0xd7, 0x11,
    0x12, 0x44, 0x4c, 0x1, 0xec, 0xdd, 0x91, 0xb7,
    0x6a, 0x0, 0xf2, 0x26, 0x72, 0x44, 0x8c, 0x3,
    0xd5, 0x77, 0x1a, 0x5d, 0xd0, 0x2, 0x0, 0x3f,
    0xfe, 0x46, 0xff, 0xe0, 0x1, 0x17, 0xce, 0x64,
    0x5f, 0x66, 0xef, 0x8d, 0x77, 0x7d, 0x3f, 0xbb,
    0xe3, 0x5d, 0xdf, 0x50, 0x91, 0x79, 0xcc, 0x8b,
    0xc2, 0x1, 0xff, 0xc4,

    /* U+5361 "卡" */
    0x0, 0xf1, 0xb8, 0x7, 0xff, 0xa, 0xe0, 0x3,
    0xff, 0xa9, 0xff, 0xe5, 0x0, 0xfe, 0xaa, 0xf3,
    0x80, 0x7f, 0x2a, 0xf8, 0x80, 0x3f, 0xf8, 0xac,
    0xef, 0xc6, 0xe, 0xff, 0x34, 0x47, 0x90, 0x22,
    0x3e, 0xbe, 0xff, 0xe7, 0xf, 0xff, 0xb4, 0x3,
    0xf1, 0xc8, 0x80, 0x7f, 0xf0, 0x5d, 0x39, 0xc0,
    0x3f, 0xf8, 0x9, 0xb1, 0xe, 0x50, 0xf, 0xfe,
    0x3, 0xf3, 0xd5, 0x0, 0x3f, 0xf8, 0x3, 0x39,
    0x20, 0x1f, 0xfc, 0x23, 0x30, 0x7, 0xff, 0x14,

    /* U+538B "压" */
    0x0, 0x8, 0xff, 0xf0, 0x40, 0x5, 0xdd, 0xff,
    0xc1, 0xb0, 0xa, 0x2e, 0xff, 0xe8, 0x0, 0x91,
    0x38, 0xad, 0x13, 0x8c, 0x3, 0xff, 0xb0, 0x46,
    0x77, 0x1, 0x9f, 0x0, 0x4, 0x1, 0xd9, 0x93,
    0x86, 0x67, 0x8, 0x4, 0x3b, 0xba, 0x3, 0x77,
    0x84, 0x1c, 0x0, 0x24, 0x50, 0x81, 0x1a, 0x11,
    0x0, 0x2, 0x4, 0x1, 0xf2, 0xcb, 0x80, 0x44,
    0x20, 0x1f, 0x92, 0x61, 0x80, 0x18, 0x40, 0x1f,
    0xcc, 0xf8, 0x0, 0x44, 0x8, 0xf8, 0x8, 0x45,
    0x30, 0x2e, 0x15, 0x4e, 0xed, 0x1, 0xbd, 0xd6,
    0xe6, 0xa1, 0x4e, 0x67, 0xfd, 0xd5, 0x40, 0x23,
    0x3f, 0xfe, 0x0,

    /* U+53BB "去" */
    0x0, 0xf9, 0xc, 0x3, 0xff, 0x85, 0x14, 0x1,
    0xff, 0xcc, 0x46, 0x6e, 0x25, 0x66, 0xe3, 0x0,
    0x7c, 0xcf, 0x9, 0xcc, 0xf2, 0x0, 0x2f, 0xff,
    0x8d, 0xbf, 0xf9, 0xc0, 0x3f, 0xfa, 0xaa, 0xcd,
    0xe1, 0x56, 0x6f, 0x25, 0xcc, 0xf8, 0x8e, 0x67,
    0xdd, 0xcf, 0xfd, 0x21, 0x5f, 0xff, 0x50, 0x6,
    0x39, 0x65, 0x1, 0xb2, 0x0, 0xf8, 0xb5, 0x24,
    0x0, 0x2f, 0xe2, 0x1, 0xc5, 0x87, 0x60, 0x1b,
    0x43, 0x40, 0x31, 0x61, 0xe0, 0x88, 0x8d, 0x15,
    0x47, 0x40, 0x14, 0x9, 0x77, 0x5b, 0x97, 0x67,
    0x15, 0x70, 0x4, 0xcd, 0x57, 0x9b, 0xae, 0xff,
    0x73, 0xe0, 0x0, 0xd9, 0x8a, 0x86, 0x44, 0x10,
    0xa, 0x2c, 0x0,

    /* U+53C2 "参" */
    0x0, 0xf9, 0x40, 0x3f, 0xf8, 0x73, 0x4a, 0x4,
    0x60, 0x1f, 0xc7, 0xa9, 0x8a, 0xf, 0x8e, 0x1,
    0xe1, 0x9c, 0x7e, 0x3, 0x41, 0x78, 0xc1, 0x0,
    0xc8, 0xc0, 0xb9, 0x94, 0xc9, 0xc, 0x3d, 0x0,
    0x25, 0xef, 0xf8, 0x97, 0x75, 0x99, 0x33, 0x80,
    0x11, 0xa, 0x88, 0x82, 0xd4, 0x4e, 0xc7, 0x20,
    0x9a, 0xaa, 0xdc, 0x66, 0xae, 0xd5, 0x5c, 0x1b,
    0xdc, 0xc1, 0x5e, 0xeb, 0x45, 0xfb, 0xa8, 0x0,
    0x97, 0x52, 0x81, 0x2b, 0xb1, 0xec, 0x40, 0x23,
    0xba, 0x6c, 0xae, 0xa2, 0xd2, 0xd7, 0xe8, 0x20,
    0xd1, 0xd4, 0xb3, 0xae, 0x96, 0xe9, 0xc9, 0x68,
    0xf, 0xa2, 0xdd, 0x40, 0xdf, 0x54, 0x50, 0x27,
    0x58, 0x8, 0x34, 0xe7, 0x41, 0xee, 0x99, 0x77,
    0x0, 0x40, 0x2d, 0x9, 0xed, 0x81, 0x8e, 0xa5,
    0xf0, 0xe, 0xb9, 0x67, 0xae, 0xc3, 0xbf, 0x81,
    0x0, 0xd5, 0xbf, 0x94, 0x77, 0xd6, 0xa0, 0x1f,
    0x6d, 0xe7, 0xe4, 0xa8, 0x80, 0x7c,

    /* U+53CC "双" */
    0xa, 0xff, 0xf2, 0x7f, 0xfc, 0x1, 0x74, 0xce,
    0x60, 0x70, 0x89, 0x99, 0x44, 0x2, 0x42, 0x66,
    0x84, 0x8c, 0xd, 0x9a, 0x2, 0x0, 0x8e, 0xd0,
    0x0, 0x6e, 0x2, 0x60, 0x13, 0xa0, 0x4, 0x6b,
    0x20, 0x5, 0xd0, 0x4c, 0x0, 0x9, 0x68, 0x6,
    0xb3, 0x84, 0x15, 0xc, 0x40, 0x2, 0x2, 0x0,
    0x61, 0x87, 0xf2, 0x20, 0x38, 0x28, 0x72, 0x8,
    0x7, 0x31, 0x25, 0x0, 0x5, 0x38, 0x53, 0x80,
    0x3e, 0x50, 0x20, 0xb, 0xd3, 0x45, 0x40, 0x3c,
    0x2e, 0x16, 0x1, 0x21, 0x9a, 0x0, 0x3e, 0xa1,
    0xc1, 0x80, 0x0, 0x90, 0x70, 0x7, 0x99, 0x2c,
    0xdd, 0x40, 0x70, 0xdd, 0xcc, 0x1, 0x8e, 0x55,
    0x41, 0x18, 0x7e, 0x1f, 0xd, 0x2c, 0x0, 0x1d,
    0x2a, 0x0, 0x9b, 0xb, 0x8, 0x25, 0xa6, 0x40,
    0x33, 0x80, 0x10, 0xca, 0xe0, 0x80, 0x52, 0xe6,
    0x0, 0x71, 0x0, 0x87, 0xe8, 0x3, 0xd1, 0x40,

    /* U+53CD "反" */
    0x0, 0xfe, 0x12, 0x45, 0x79, 0x70, 0xd, 0x79,
    0xbd, 0xfe, 0xed, 0xba, 0x84, 0xe0, 0xc, 0xa0,
    0xb3, 0x2a, 0xbc, 0xdf, 0xf6, 0xc8, 0x7, 0x5c,
    0x3b, 0x2a, 0x19, 0x0, 0x7f, 0xf3, 0xa3, 0xff,
    0xfc, 0x20, 0x1c, 0x84, 0x31, 0x1e, 0x30, 0xf,
    0xe, 0xc8, 0x9b, 0xbf, 0x12, 0x88, 0x7, 0x90,
    0xe4, 0x3, 0x38, 0xc0, 0x7, 0x8c, 0x38, 0xa4,
    0x0, 0x50, 0xc4, 0x1, 0x88, 0x18, 0xa, 0x59,
    0xc7, 0xca, 0x40, 0x39, 0xc0, 0x80, 0xc, 0xc8,
    0xf3, 0xf0, 0xf, 0x71, 0x8, 0x5, 0xc0, 0x24,
    0x20, 0x1c, 0x48, 0xa0, 0x6, 0xd8, 0x59, 0x2c,
    0x92, 0x0, 0xa4, 0x2e, 0x3a, 0x42, 0xe9, 0xbd,
    0x99, 0xb8, 0xa0, 0xf0, 0xce, 0xb7, 0xa8, 0x0,
    0x19, 0xe7, 0x22, 0x6, 0x3a, 0xf5, 0xa0, 0x7,
    0x86, 0x39, 0xc0,

    /* U+53D1 "发" */
    0x0, 0xff, 0xe3, 0x94, 0x88, 0x3, 0xd8, 0x1,
    0x52, 0x20, 0x1c, 0xac, 0x20, 0x20, 0x40, 0xf,
    0x7e, 0x60, 0xd, 0x86, 0x0, 0x50, 0x60, 0x2,
    0xf3, 0x80, 0x72, 0x3, 0x33, 0x81, 0x19, 0xb7,
    0x3, 0x20, 0x0, 0x4a, 0x20, 0xa1, 0x11, 0xfb,
    0x40, 0x1d, 0xd8, 0x5f, 0xbb, 0xf4, 0x80, 0x72,
    0xe, 0x8, 0xfc, 0x1, 0xf6, 0x85, 0xf7, 0x7b,
    0x0, 0x3c, 0x2c, 0x7, 0x99, 0xc2, 0xe0, 0x1e,
    0x90, 0xa3, 0x63, 0x3a, 0xc6, 0x0, 0x38, 0x9d,
    0xca, 0xab, 0x20, 0x57, 0x92, 0x0, 0xee, 0x18,
    0xa, 0x2c, 0x8a, 0x76, 0x0, 0xe7, 0x3a, 0x0,
    0xbc, 0x5c, 0xe0, 0x3, 0x9a, 0x1d, 0x0, 0xa7,
    0x5, 0x4f, 0x54, 0x3, 0x5a, 0x4b, 0x5e, 0xbc,
    0x75, 0x58, 0xd7, 0x4a, 0x7, 0x59, 0x4b, 0xcf,
    0x38, 0x1, 0x33, 0x8, 0xc6, 0x6, 0x7, 0xd8,
    0xc0, 0x1e, 0x3a, 0xf7,

    /* U+53D6 "取" */
    0x24, 0x4f, 0x80, 0x3f, 0xa2, 0xef, 0xe3, 0x66,
    0xf0, 0x85, 0x32, 0x7f, 0xb0, 0x35, 0xa6, 0x7c,
    0x60, 0x1e, 0x10, 0x3, 0x7, 0x7f, 0xb0, 0xc,
    0x2, 0x75, 0x52, 0x0, 0xc, 0x8, 0x0, 0xa2,
    0x20, 0x8, 0xee, 0xd0, 0x1, 0x12, 0x0, 0x3d,
    0x40, 0x32, 0x77, 0x30, 0x2, 0x7c, 0x0, 0x26,
    0x0, 0x7f, 0xde, 0x80, 0x44, 0x40, 0xc, 0x9f,
    0xed, 0x0, 0x94, 0x1a, 0x88, 0xc0, 0x31, 0xdd,
    0xa4, 0x3, 0x35, 0xb5, 0x0, 0x73, 0xa2, 0x40,
    0x1a, 0xc8, 0x1c, 0x3, 0xe1, 0x40, 0x86, 0x1,
    0x1, 0x20, 0x9, 0xd1, 0x1f, 0xd2, 0x2, 0x65,
    0xaa, 0x7e, 0x20, 0xb, 0x77, 0x56, 0xe8, 0x25,
    0xf0, 0xab, 0x4f, 0x4, 0x32, 0xa1, 0x48, 0x0,
    0xfa, 0x58, 0x3, 0x87, 0x80, 0x1f, 0x9d, 0xb0,
    0x2, 0x2c, 0x80,

    /* U+53EA "只" */
    0x0, 0x88, 0xbf, 0xe1, 0x0, 0xed, 0xdf, 0xfb,
    0x80, 0x3c, 0xf9, 0x9f, 0x9c, 0x3, 0xee, 0x33,
    0xfd, 0xc0, 0x1f, 0xff, 0xf9, 0xff, 0xfd, 0x20,
    0x1e, 0xaa, 0xff, 0xe0, 0x0, 0x72, 0xa9, 0xcd,
    0x57, 0x12, 0x2a, 0x80, 0x3c, 0x3f, 0x2, 0x0,
    0x18, 0xf2, 0x0, 0xf1, 0x61, 0x68, 0x80, 0x7,
    0x43, 0xc, 0x3, 0x1e, 0x16, 0x18, 0x6, 0x2c,
    0x3c, 0x50, 0x3, 0xe0, 0x61, 0x80, 0x78, 0xb0,
    0xa9, 0x83, 0x4f, 0xcc, 0x3, 0xf0, 0xe1, 0x98,
    0x2b, 0x4, 0x3, 0xfc, 0x38, 0xa0,

    /* U+53EF "可" */
    0x11, 0xff, 0xe2, 0x7f, 0x77, 0xff, 0xb, 0xf7,
    0x33, 0xfe, 0x33, 0x66, 0x99, 0xff, 0xf0, 0x1d,
    0xc6, 0x60, 0x0, 0x8f, 0xc0, 0x1f, 0x87, 0xbb,
    0xe3, 0x0, 0xfe, 0x9c, 0xca, 0x80, 0x3f, 0xe2,
    0x33, 0x9c, 0x3, 0xff, 0xbe, 0x68, 0x93, 0x80,
    0x7f, 0xd1, 0x77, 0x50, 0x7, 0xf0, 0xff, 0xfc,
    0x60, 0x1f, 0xfc, 0x71, 0x0, 0xff, 0x1b, 0x31,
    0xd0, 0xc0, 0x3f, 0xd7, 0x32, 0x82, 0xb0, 0x0,

    /* U+53F3 "右" */
    0x0, 0xf9, 0xc, 0x3, 0xff, 0x85, 0x74, 0x1,
    0xff, 0xc1, 0x50, 0xd0, 0xf, 0x9b, 0xff, 0xa8,
    0x2f, 0xff, 0xdc, 0xb1, 0x19, 0x81, 0x62, 0x3f,
    0x1b, 0xbe, 0x30, 0xb7, 0x7f, 0x98, 0x3, 0x1a,
    0xb0, 0x80, 0x7f, 0xf0, 0x38, 0x60, 0x3, 0xff,
    0x81, 0x24, 0xac, 0xef, 0xf1, 0x0, 0x4e, 0xc0,
    0x91, 0x1f, 0x90, 0x0, 0xf0, 0x21, 0xdf, 0xff,
    0x0, 0x51, 0x4, 0xb0, 0xf, 0xfe, 0xb, 0x58,
    0x80, 0x7f, 0xf0, 0x22, 0x40, 0x3f, 0xf8, 0xee,
    0xcd, 0xf0, 0x7, 0xe9, 0x9f, 0xc0, 0x1f, 0xbb,
    0xff, 0xe0, 0x8,

    /* U+5408 "合" */
    0x0, 0xf8, 0xfa, 0xc0, 0x3f, 0xf8, 0x23, 0xa6,
    0x90, 0x1, 0xff, 0xe, 0x6, 0x53, 0xb8, 0x3,
    0xf8, 0xb0, 0xf0, 0x56, 0x21, 0x20, 0x1f, 0x2e,
    0x86, 0x10, 0x1, 0xe9, 0xb0, 0x80, 0x21, 0xaa,
    0x5, 0x23, 0x36, 0x35, 0x3d, 0x91, 0xf, 0x49,
    0x69, 0x88, 0xf2, 0x63, 0xb4, 0x85, 0x7b, 0x4f,
    0x77, 0xe3, 0x8e, 0x90, 0x41, 0x11, 0x17, 0xf8,
    0x4, 0x40, 0x17, 0xee, 0xff, 0x9c, 0x3, 0xcd,
    0xbb, 0xf8, 0x40, 0x3e, 0xe2, 0x2f, 0xc0, 0x1f,
    0xfc, 0xde, 0x22, 0xfc, 0x1, 0xf9, 0xb7, 0x7f,
    0x8, 0x7, 0xcf, 0xdd, 0xf8, 0x40, 0x3d, 0xd0,
    0x23, 0xfb, 0x9c, 0x0,

    /* U+540E "后" */
    0x0, 0xfc, 0x24, 0x8a, 0xf3, 0x6c, 0x1, 0xb7,
    0xb9, 0xfe, 0xed, 0xba, 0x95, 0x10, 0xe, 0x27,
    0x8a, 0xbc, 0xde, 0xfe, 0xca, 0x60, 0xe, 0xc6,
    0x54, 0x32, 0x10, 0xf, 0xfe, 0x7d, 0x7f, 0xff,
    0xd6, 0x1, 0x9e, 0xab, 0xfe, 0x80, 0xd, 0x8a,
    0xbf, 0xf1, 0x80, 0x4, 0x1c, 0x8, 0xbf, 0x80,
    0x31, 0x80, 0xae, 0xef, 0xf1, 0x80, 0x4c, 0x6,
    0x0, 0xdd, 0xf5, 0x80, 0x71, 0x88, 0x80, 0x4,
    0x5e, 0x60, 0xe, 0xb4, 0x0, 0xff, 0xe1, 0x11,
    0xf8, 0x4, 0x89, 0xf0, 0x6, 0x81, 0x50, 0xa,
    0xef, 0xd2, 0x1, 0xb6, 0x0, 0x37, 0xff, 0xb4,
    0x2,

    /* U+5411 "向" */
    0x0, 0xe3, 0x71, 0x0, 0xff, 0xa6, 0x4, 0x3,
    0xfc, 0x2a, 0xc0, 0x1f, 0x77, 0xfd, 0xc0, 0xdf,
    0xfe, 0xe1, 0x59, 0x9f, 0xf2, 0x80, 0x31, 0x9b,
    0xfd, 0xa0, 0x1c, 0x45, 0xe0, 0xf, 0x9b, 0x77,
    0xc6, 0x1, 0xfb, 0x32, 0xa0, 0xf, 0xf1, 0x9c,
    0xe0, 0x1f, 0xfd, 0xae, 0xeb, 0x0, 0x3f, 0x24,
    0x4c, 0xe8, 0x20, 0xf, 0x13, 0xbf, 0x84, 0x3,
    0xff, 0x80, 0x8a, 0xab, 0x0, 0xff, 0x7d, 0x50,
    0xa4,

    /* U+542F "启" */
    0x0, 0xfc, 0x48, 0x1, 0xff, 0xc2, 0x5b, 0x0,
    0xfe, 0x45, 0x5c, 0x0, 0x85, 0x5c, 0x80, 0x15,
    0xd5, 0x68, 0x7, 0xaa, 0xd2, 0x1, 0xa7, 0xff,
    0xf9, 0x80, 0x3f, 0xf9, 0x3e, 0xab, 0xfc, 0x40,
    0x1c, 0xd5, 0x5f, 0xc8, 0x20, 0x1a, 0x7f, 0xff,
    0xd8, 0x1, 0x8c, 0x3, 0xff, 0x82, 0x40, 0xd9,
    0xff, 0xfc, 0xe0, 0x4, 0x3, 0x14, 0xaa, 0xf8,
    0x3, 0x61, 0x0, 0xd, 0x57, 0xe1, 0x0, 0x92,
    0x80, 0x3f, 0xf8, 0x2a, 0x2a, 0x0, 0x10, 0xf,
    0xf4, 0xa9, 0x0, 0x1b, 0xff, 0xe1, 0x0, 0x44,
    0x0, 0x26, 0xdd, 0xf8, 0x40,

    /* U+547D "命" */
    0x0, 0xf8, 0x44, 0x1, 0xff, 0xc2, 0x3f, 0xe8,
    0x0, 0xff, 0xe0, 0x26, 0x2c, 0xbc, 0x80, 0x7f,
    0xa2, 0xd6, 0xda, 0xdb, 0x48, 0x3, 0xc7, 0xaf,
    0x34, 0x0, 0x4d, 0x1d, 0x80, 0x8, 0xab, 0x5,
    0xcd, 0x57, 0x3d, 0x33, 0xf3, 0x5, 0xa4, 0xe3,
    0xd5, 0x7a, 0x7f, 0x92, 0x4a, 0x3d, 0x83, 0xff,
    0xf3, 0xd, 0x69, 0x8, 0x19, 0xe2, 0x1, 0x44,
    0xf1, 0x0, 0x13, 0x33, 0x81, 0x2e, 0xfa, 0x80,
    0x30, 0xff, 0xa8, 0x2, 0x1f, 0xfa, 0x40, 0x3f,
    0xfb, 0x62, 0x88, 0x20, 0xf, 0xbc, 0x3, 0xd7,
    0x68, 0x0, 0xc3, 0xfe, 0x67, 0x0, 0x97, 0xff,
    0x70, 0x4, 0x37, 0x6c, 0x90, 0xf, 0xfe, 0xa,
    0x20, 0xc0, 0x20,

    /* U+54CD "响" */
    0x0, 0xff, 0x39, 0x0, 0x7f, 0xf0, 0x4a, 0x18,
    0x3, 0x14, 0x44, 0xe0, 0x23, 0x28, 0x28, 0x8c,
    0xc, 0xe8, 0xb2, 0x1d, 0xd4, 0x7, 0x76, 0x30,
    0x1c, 0x90, 0xa, 0xb7, 0x7c, 0x1, 0xfc, 0x24,
    0x5e, 0x0, 0xff, 0x91, 0x23, 0x0, 0xff, 0x86,
    0xea, 0x9c, 0x1, 0xff, 0xc0, 0x1e, 0xd0, 0xf,
    0xff, 0x48, 0xa1, 0x80, 0x70, 0xd4, 0x0, 0x7a,
    0xe0, 0x3, 0xc, 0x6e, 0x58, 0x6, 0x1f, 0xf7,
    0x0, 0x67, 0x79, 0x80, 0x25, 0xb0, 0xf, 0xe2,
    0x47, 0x1, 0x12, 0x80, 0x7f, 0x55, 0xc2, 0x10,
    0x7, 0xb5, 0x0, 0x28, 0xff, 0x58, 0x0,

    /* U+5524 "唤" */
    0x0, 0xfe, 0x20, 0xf, 0xfe, 0x1a, 0xf8, 0x7,
    0xe4, 0x4c, 0x1, 0x40, 0xc4, 0x4c, 0x1, 0x1d,
    0xde, 0x0, 0x39, 0xb1, 0x11, 0xb0, 0x3, 0xbf,
    0x0, 0x9, 0x17, 0x54, 0xe1, 0x80, 0xf, 0xc5,
    0x4c, 0xa0, 0x35, 0x4, 0x1, 0xf9, 0xc1, 0xbf,
    0xdc, 0x31, 0xfc, 0x1, 0xf2, 0xd8, 0xdd, 0x82,
    0x2e, 0x0, 0x3f, 0xe4, 0x40, 0x22, 0xc, 0x3,
    0xff, 0x9a, 0x24, 0x6, 0x60, 0x53, 0x30, 0x98,
    0x7, 0x9e, 0x7, 0x30, 0x13, 0x90, 0x18, 0x1,
    0xb, 0x83, 0x7f, 0xd4, 0x7, 0xff, 0x80, 0x2e,
    0xb0, 0xc, 0x30, 0x86, 0xe0, 0x1e, 0xcc, 0x80,
    0x5, 0xa7, 0x53, 0xe, 0x1, 0xb, 0x19, 0xe9,
    0xd1, 0xf1, 0x68, 0x86, 0x28, 0x14, 0x80, 0x5e,
    0xf3, 0xa2, 0x0, 0x7c, 0x9, 0x0, 0xf6, 0xf3,
    0x0, 0x71, 0xe6, 0x0,

    /* U+56DB "四" */
    0xef, 0xff, 0xfe, 0x7, 0x3, 0x55, 0x18, 0x2a,
    0x80, 0xd5, 0x46, 0x10, 0xf5, 0x57, 0x8a, 0xa8,
    0x7d, 0x55, 0xe0, 0x1f, 0xfc, 0x71, 0x0, 0xff,
    0xe0, 0xf9, 0x80, 0x7f, 0xf0, 0xd, 0x80, 0x3f,
    0xe2, 0x4e, 0x0, 0xbc, 0x3, 0xc5, 0xe6, 0xa0,
    0x7, 0x6f, 0xf4, 0x80, 0x7, 0xc3, 0x40, 0x29,
    0xb9, 0x92, 0x80, 0x7, 0xf4, 0x40, 0x32, 0x33,
    0x30, 0x2, 0x20, 0xf, 0xfe, 0x6, 0x33, 0x7f,
    0xbc, 0x0, 0xb3, 0x3f, 0xe6, 0x0, 0x4f, 0xff,
    0xfa, 0x40,

    /* U+56DE "回" */
    0x55, 0xff, 0xe0, 0xa5, 0x57, 0xff, 0x8, 0x27,
    0xbb, 0xfd, 0x0, 0x3, 0x11, 0xff, 0x0, 0x70,
    0xa2, 0x78, 0x3, 0xe5, 0xbb, 0xf1, 0x80, 0x7c,
    0x3f, 0xf8, 0x3, 0xff, 0xb4, 0x67, 0x80, 0x3f,
    0x87, 0x33, 0x0, 0x7e, 0x4e, 0xef, 0x18, 0x7,
    0xc2, 0x3e, 0x0, 0xec, 0x66, 0xff, 0x68, 0x1,
    0xa6, 0x7f, 0xca, 0x0, 0xaf, 0xff, 0xf4, 0x0,

    /* U+56FE "图" */
    0x4, 0x4f, 0xfe, 0x10, 0xd, 0xdf, 0xff, 0x8,
    0x2, 0xcf, 0xf6, 0xc7, 0xff, 0xb0, 0x3, 0xef,
    0xd2, 0x2e, 0x0, 0xfd, 0x44, 0xff, 0xf6, 0xe8,
    0x3, 0xcf, 0x6c, 0x4b, 0xba, 0xb1, 0xb0, 0xf,
    0x3e, 0x64, 0x99, 0x76, 0xc4, 0x0, 0xf9, 0xc5,
    0xc0, 0x94, 0x54, 0x80, 0x3c, 0xdb, 0xd5, 0x4e,
    0xe4, 0xe6, 0xfa, 0x80, 0x66, 0x8e, 0xb9, 0xc9,
    0xa, 0xfc, 0x50, 0xe, 0x51, 0x7e, 0x8e, 0xf6,
    0x3, 0x0, 0xfb, 0xb2, 0x9, 0x69, 0xc0, 0x3f,
    0xbe, 0x3b, 0x31, 0xf6, 0x60, 0x1f, 0x85, 0x1e,
    0xbb, 0xa1, 0x0, 0xf6, 0x7f, 0xfb, 0xab, 0x7f,
    0x0, 0x34, 0xe6, 0x7f, 0xa4, 0x0,

    /* U+5728 "在" */
    0x0, 0xf9, 0x48, 0x3, 0xff, 0x84, 0x34, 0xe0,
    0x1f, 0xfc, 0x26, 0x4, 0x0, 0xfe, 0xef, 0xfd,
    0x1, 0xdf, 0xff, 0x58, 0x55, 0xdc, 0xc1, 0x57,
    0x7f, 0xa0, 0x11, 0x33, 0xaa, 0x91, 0xc, 0x48,
    0x98, 0xc0, 0x34, 0xc, 0x0, 0x49, 0x20, 0x1f,
    0x8d, 0xe0, 0x80, 0x3f, 0xf8, 0x3, 0xa2, 0xe4,
    0xab, 0x78, 0x2a, 0xe1, 0x1, 0xc1, 0x0, 0x2d,
    0x54, 0xc1, 0x55, 0x88, 0x30, 0xd4, 0x0, 0xff,
    0xf4, 0x87, 0xfe, 0x30, 0x4d, 0xd0, 0x7, 0xff,
    0xa, 0x4c, 0x3, 0xff, 0xb0, 0x26, 0x7b, 0x80,
    0xcf, 0x80, 0x39, 0x73, 0x33, 0x86, 0x66, 0xe0,
    0xe, 0x4e, 0xef, 0xf6, 0x0,

    /* U+5730 "地" */
    0x0, 0xff, 0xe4, 0x51, 0x80, 0x72, 0x78, 0x7,
    0xe4, 0x60, 0x3, 0x10, 0x7, 0xff, 0xe, 0x1c,
    0x3, 0xff, 0x92, 0x2f, 0x80, 0x4, 0x51, 0xc5,
    0x0, 0xc2, 0x19, 0xd0, 0x60, 0x8, 0xa0, 0x68,
    0x0, 0x76, 0x50, 0x2d, 0xd0, 0x5, 0x9e, 0x35,
    0x38, 0x2a, 0xa8, 0x9, 0x40, 0x10, 0xf, 0xa,
    0x85, 0xc9, 0x80, 0x46, 0x1, 0xf2, 0xc8, 0x80,
    0x7c, 0x60, 0x1f, 0xfc, 0x3c, 0x10, 0xf, 0xfe,
    0xb, 0x7a, 0xa8, 0x3, 0xc6, 0x40, 0x1c, 0xf7,
    0x95, 0x0, 0x3, 0x1a, 0xc4, 0x0, 0x9c, 0x85,
    0xd, 0xdc, 0x1b, 0x84, 0xfa, 0xc0, 0x60, 0x7a,
    0x1, 0x8, 0x82, 0xb3, 0x60, 0x80, 0xf5, 0x13,
    0xd2, 0x60, 0xe6, 0x1, 0xa1, 0x6e, 0xfc, 0x50,

    /* U+573A "场" */
    0x0, 0x90, 0x40, 0x3f, 0xf8, 0x74, 0xe0, 0x2,
    0x2f, 0xc0, 0x1f, 0xdf, 0xbb, 0xf0, 0x80, 0x7e,
    0xcd, 0xda, 0xc8, 0x1c, 0x40, 0x3f, 0x9, 0x11,
    0x6c, 0x76, 0x0, 0x2c, 0xe1, 0x8e, 0x50, 0x3c,
    0x89, 0xc2, 0x0, 0xd5, 0x2, 0x90, 0xd1, 0x81,
    0xae, 0x23, 0x80, 0xc, 0xc0, 0xc6, 0x57, 0x3,
    0xde, 0xee, 0x20, 0xf, 0x3e, 0xd0, 0x65, 0x86,
    0x50, 0x18, 0x7, 0x84, 0x88, 0x66, 0x1, 0x36,
    0x1, 0x0, 0xfd, 0x34, 0x18, 0xa0, 0xe0, 0x1f,
    0x28, 0xb8, 0x30, 0x2e, 0x0, 0x88, 0x2, 0x41,
    0x9a, 0x48, 0x80, 0x19, 0x28, 0x18, 0x0, 0x7a,
    0xce, 0x72, 0x11, 0x82, 0x10, 0x80, 0x4c, 0x5,
    0xb7, 0x1f, 0x42, 0x81, 0x92, 0x0, 0x1e, 0x20,
    0x8, 0x20, 0x19, 0xc1, 0x49, 0x81, 0x45, 0x66,
    0x0, 0x79, 0xc4, 0xad, 0x9e, 0xae, 0x8e, 0x40,
    0x3f, 0x15, 0xc8, 0x47, 0xfb, 0x4c, 0x0,

    /* U+57FA "基" */
    0x0, 0xcc, 0x40, 0x1e, 0x44, 0x0, 0x7d, 0x8,
    0x1, 0xef, 0xe0, 0xc, 0x9b, 0xa1, 0x8d, 0xdf,
    0x22, 0xee, 0x84, 0x17, 0xb8, 0xd, 0xdd, 0xe3,
    0x4e, 0xe0, 0x80, 0x99, 0x87, 0xc8, 0xbc, 0xe2,
    0x66, 0x0, 0xf4, 0x77, 0x79, 0x0, 0x3f, 0xa7,
    0xff, 0xc8, 0x1, 0xfd, 0x3f, 0xfe, 0x40, 0xf,
    0xe9, 0xff, 0xf2, 0x0, 0x77, 0x7f, 0x86, 0x7f,
    0xfc, 0x8b, 0xfe, 0xa0, 0xcd, 0xd5, 0x84, 0x6e,
    0xe4, 0x2d, 0xda, 0xc0, 0x88, 0x14, 0xae, 0x4a,
    0xe5, 0x47, 0x24, 0x41, 0x0, 0x36, 0xac, 0x11,
    0x2f, 0xc8, 0xe9, 0xb5, 0x0, 0x1b, 0x31, 0xdb,
    0xb1, 0xae, 0xea, 0xf5, 0x2e, 0x42, 0xb5, 0xd7,
    0xfe, 0x36, 0xff, 0x82, 0x76, 0x81, 0xc0, 0x8b,
    0x80, 0xc8, 0xb8, 0xc, 0x7, 0x77, 0xc6, 0xbb,
    0xbd, 0xc0,

    /* U+590D "复" */
    0x0, 0xce, 0x20, 0x1f, 0xfc, 0x18, 0x90, 0xf,
    0xfe, 0x9, 0x38, 0xf7, 0xff, 0xf5, 0x0, 0x39,
    0x33, 0x3f, 0xe8, 0xa, 0x3e, 0x11, 0xff, 0x19,
    0x42, 0xa5, 0x66, 0x7f, 0x6a, 0x7, 0xde, 0xf,
    0x77, 0xef, 0x0, 0x9d, 0x0, 0x7b, 0xbf, 0x78,
    0x7, 0x87, 0xbb, 0xf7, 0x80, 0x78, 0x7f, 0xff,
    0x70, 0x7, 0x3f, 0x29, 0x6f, 0x77, 0xc8, 0x1,
    0xa1, 0x43, 0xb7, 0x7e, 0x40, 0x1, 0x63, 0x89,
    0xcc, 0x46, 0xb3, 0x16, 0x5, 0xd7, 0xff, 0x2d,
    0x9a, 0xbf, 0x43, 0xe9, 0x3, 0xd5, 0x88, 0xad,
    0xa3, 0xb1, 0x2e, 0x0, 0x22, 0x66, 0x46, 0x7b,
    0xa4, 0xb9, 0xdf, 0x5c, 0xb1, 0xe5, 0x95, 0xe7,
    0xdb, 0x46, 0xea, 0xc8, 0x9a, 0x7f, 0xb4, 0xe6,
    0x1, 0xc4, 0xb3, 0x76,

    /* U+5976 "奶" */
    0x0, 0x90, 0x40, 0x3f, 0xf8, 0x76, 0xa0, 0x2,
    0x33, 0xf8, 0x3, 0xcc, 0x0, 0x9c, 0xcf, 0x88,
    0x2, 0x20, 0x30, 0x5, 0x69, 0x3e, 0xea, 0x80,
    0x80, 0x1b, 0xa0, 0xfe, 0xe0, 0x10, 0x79, 0x16,
    0x0, 0xa1, 0x4a, 0x24, 0x44, 0x6, 0x20, 0xc,
    0x40, 0x9, 0x4d, 0xd8, 0xc4, 0x3, 0xc9, 0xe0,
    0x19, 0x74, 0x8, 0x80, 0x1, 0x30, 0x20, 0x16,
    0x10, 0x1, 0x18, 0x73, 0x0, 0x42, 0x0, 0x19,
    0x92, 0x81, 0xa, 0x81, 0xe8, 0x10, 0x38, 0x17,
    0x78, 0x38, 0x38, 0x4, 0x88, 0x6, 0x2, 0x0,
    0xe1, 0x4, 0x3c, 0x71, 0x30, 0x31, 0x10, 0x4,
    0x60, 0x10, 0xe3, 0x42, 0x0, 0x31, 0x40, 0x30,
    0x81, 0x80, 0x5a, 0xa, 0xa1, 0x4d, 0x0, 0xce,
    0x1, 0x8e, 0x61, 0xae, 0x1, 0xc0, 0x30, 0x80,
    0x81, 0xea, 0xbc, 0xdb, 0x38, 0x82, 0x2a, 0xa0,
    0x80, 0x1a, 0xb4, 0x0, 0xe1, 0x80, 0x4, 0xd5,
    0x2, 0x40, 0x1b, 0x60, 0x14, 0x50, 0x5, 0xbf,
    0xed, 0x40,

    /* U+5B57 "字" */
    0x0, 0xf9, 0x8, 0x3, 0xff, 0x85, 0x50, 0x1,
    0xf8, 0x47, 0xcc, 0xa4, 0x23, 0xc0, 0x9d, 0xde,
    0x70, 0xde, 0xee, 0x20, 0x5, 0xe6, 0x7f, 0xa4,
    0x3, 0x29, 0x9f, 0xf9, 0x40, 0xc, 0xa7, 0xdd,
    0xfe, 0x15, 0x32, 0xa2, 0x88, 0xf8, 0xc5, 0xa,
    0x84, 0x2, 0x66, 0xe7, 0xd2, 0x9a, 0x0, 0xff,
    0x1f, 0xb6, 0xb0, 0x6, 0x44, 0xfa, 0x46, 0x19,
    0x13, 0x1d, 0x5d, 0xf9, 0x42, 0xae, 0xfb, 0xbb,
    0xf3, 0x8f, 0x77, 0xb4, 0x4, 0x7c, 0x0, 0x11,
    0xf0, 0x7, 0xff, 0x25, 0x15, 0x63, 0x0, 0xff,
    0xa6, 0xa8, 0x74, 0x1, 0xf0,

    /* U+5B58 "存" */
    0x0, 0xf9, 0x4, 0x3, 0xff, 0x84, 0xd6, 0x60,
    0x1f, 0xc6, 0xab, 0xa8, 0x5d, 0x57, 0xe4, 0x8,
    0xaa, 0xc6, 0x35, 0x5f, 0xc1, 0x7f, 0xf2, 0x8f,
    0xff, 0xf7, 0x0, 0x62, 0x59, 0x0, 0xff, 0xe1,
    0x71, 0x3d, 0xff, 0xfd, 0xc0, 0x19, 0x8f, 0x82,
    0x2e, 0xf9, 0x1, 0x0, 0x23, 0x90, 0x30, 0x34,
    0x4d, 0xe9, 0x34, 0x0, 0x2d, 0x0, 0xfd, 0xab,
    0x8c, 0x1, 0x79, 0xd0, 0x1, 0x13, 0x89, 0xdc,
    0x89, 0x2, 0xe0, 0x80, 0xdd, 0xf0, 0x35, 0xdd,
    0x41, 0x2, 0x0, 0x1f, 0xfe, 0x9, 0xff, 0xb8,
    0x3, 0xff, 0xba, 0x2e, 0xea, 0x3, 0x0, 0xff,
    0x86, 0xec, 0xcc, 0x50, 0xc,

    /* U+5B89 "安" */
    0x0, 0xf8, 0xc8, 0x3, 0xff, 0x85, 0xd2, 0x1,
    0xf8, 0x47, 0xd4, 0x86, 0x23, 0xc0, 0xe, 0xef,
    0x40, 0x67, 0x77, 0x0, 0x4d, 0x99, 0x5e, 0x67,
    0xa0, 0x3, 0x71, 0x98, 0xad, 0x8c, 0xf8, 0x80,
    0x2c, 0x60, 0x4, 0x82, 0x0, 0x72, 0x60, 0x18,
    0x11, 0x99, 0xd0, 0x8c, 0xf8, 0x80, 0xf3, 0x38,
    0x13, 0x33, 0xfb, 0xba, 0xc0, 0x6e, 0xed, 0xa0,
    0xdd, 0xd0, 0x8d, 0x3, 0x2, 0x39, 0x42, 0xc4,
    0x60, 0x2, 0x20, 0x1c, 0x2, 0x28, 0x62, 0x0,
    0xe4, 0xc7, 0x9f, 0x94, 0xc3, 0x90, 0xf, 0x8e,
    0x7a, 0x1a, 0xc6, 0x80, 0x3f, 0x85, 0xec, 0x14,
    0xe7, 0x5c, 0x2, 0x25, 0x8c, 0xe9, 0x5d, 0xac,
    0xb6, 0x8f, 0x80, 0xba, 0x55, 0x57, 0xc9, 0x0,
    0x12, 0xf1, 0x58, 0x23, 0xb6, 0x54, 0x3, 0xe3,
    0xae, 0x0,

    /* U+5B8C "完" */
    0x0, 0xf9, 0x0, 0x3f, 0xf8, 0x45, 0x6c, 0x1,
    0xf0, 0x99, 0xf0, 0x8a, 0x8c, 0xfc, 0xd, 0x99,
    0xe1, 0x3c, 0xcf, 0x0, 0x7, 0xff, 0xfe, 0x90,
    0x0, 0x90, 0x7, 0xfc, 0x64, 0xd, 0x8f, 0xdd,
    0xfe, 0x5d, 0x0, 0x96, 0xef, 0xfc, 0x1, 0xc4,
    0xab, 0xfe, 0x0, 0x84, 0x8b, 0xff, 0x84, 0x19,
    0xbb, 0xff, 0xc2, 0x6c, 0xdd, 0x9c, 0x77, 0x60,
    0x9d, 0xdc, 0xc2, 0x45, 0x9, 0x16, 0x3, 0x22,
    0x98, 0x40, 0x33, 0xa8, 0x7, 0xeb, 0x40, 0xa,
    0x86, 0xc0, 0x3f, 0x84, 0x17, 0x56, 0x88, 0x2,
    0x1e, 0x44, 0x38, 0x35, 0x51, 0xb5, 0x40, 0x34,
    0x2d, 0xda, 0x18, 0xa3, 0x6c, 0x80, 0x39, 0xbb,
    0xfe, 0x90,

    /* U+5B9A "定" */
    0x0, 0xf8, 0xc8, 0x3, 0xff, 0x85, 0xfc, 0x1,
    0xf9, 0x13, 0xcc, 0x6a, 0x89, 0xc0, 0x37, 0x7e,
    0x50, 0xab, 0xbe, 0x20, 0x6, 0x7f, 0xff, 0xb4,
    0x2, 0x20, 0xf, 0xf8, 0xce, 0x19, 0x74, 0x4f,
    0xf2, 0xc0, 0x85, 0x5d, 0xff, 0xf0, 0x40, 0x1d,
    0xff, 0xd2, 0x1f, 0xfe, 0x0, 0x86, 0x44, 0x3,
    0xff, 0x82, 0x4c, 0x60, 0x19, 0x13, 0x84, 0x2,
    0x50, 0x20, 0xd, 0x77, 0xce, 0x1, 0x61, 0x0,
    0x77, 0xff, 0x30, 0x4, 0x84, 0xa0, 0x1f, 0xfc,
    0x7, 0x17, 0xa5, 0x0, 0xff, 0x14, 0x34, 0x3d,
    0x5e, 0x2, 0x27, 0xd2, 0x52, 0x11, 0x84, 0xe1,
    0x77, 0xe8, 0x87, 0x80, 0x47, 0x3b, 0xff, 0xf6,
    0x0,

    /* U+5B9E "实" */
    0x0, 0xf8, 0x84, 0x3, 0xff, 0x85, 0x96, 0x1,
    0xf0, 0x99, 0xf9, 0x54, 0x86, 0x7c, 0x9, 0x99,
    0xe4, 0xb, 0xcc, 0xe2, 0x0, 0x77, 0xf7, 0xfe,
    0xef, 0xfa, 0xc0, 0x39, 0x7d, 0x80, 0x3, 0xc8,
    0x1, 0xc9, 0x42, 0xb3, 0x2c, 0x30, 0x3, 0x80,
    0x16, 0x48, 0x55, 0x89, 0xf9, 0xac, 0xc0, 0x30,
    0xb0, 0x5, 0x9b, 0x21, 0x50, 0x20, 0x20, 0x1f,
    0x56, 0x2f, 0x20, 0x38, 0x7, 0xf8, 0xf2, 0x94,
    0x8, 0x8, 0x3, 0xbb, 0xff, 0x57, 0x7c, 0x87,
    0xff, 0x55, 0x7e, 0x80, 0x6a, 0xae, 0x94, 0x55,
    0xe7, 0xa0, 0x43, 0x55, 0xc6, 0x1, 0x8a, 0x74,
    0x71, 0x67, 0x9c, 0x40, 0x2, 0xb3, 0xba, 0x79,
    0xc3, 0x8e, 0x99, 0x74, 0x93, 0x52, 0x22, 0xf9,
    0x80, 0x21, 0x7e, 0x87, 0x17, 0xed, 0x94, 0x0,
    0xfc, 0xfc, 0x60,

    /* U+5BF9 "对" */
    0x0, 0xff, 0xe0, 0x88, 0x7, 0xff, 0xd, 0x38,
    0x80, 0x21, 0x1f, 0x0, 0x7f, 0x9b, 0xbb, 0xbc,
    0x3, 0xfc, 0xf7, 0x79, 0x4c, 0x99, 0xb6, 0x82,
    0xb0, 0xb, 0xa2, 0x42, 0xee, 0x99, 0xcc, 0x11,
    0x24, 0x78, 0xa0, 0x5, 0xc5, 0xff, 0xd6, 0x1b,
    0xe4, 0x6d, 0x42, 0x62, 0x82, 0xe0, 0x1f, 0xd2,
    0x5b, 0x64, 0x40, 0x87, 0x0, 0xfe, 0xe3, 0x7a,
    0x1, 0x98, 0x20, 0xf, 0xc6, 0xc0, 0x60, 0x6,
    0x3e, 0x0, 0xfe, 0x70, 0x90, 0xb, 0x88, 0x80,
    0x1f, 0x40, 0xd9, 0x40, 0x0, 0xb8, 0x80, 0x3c,
    0x8f, 0x9, 0xe, 0x60, 0x1f, 0xc5, 0x46, 0xe0,
    0xe7, 0x40, 0x1e, 0x30, 0x4, 0x86, 0x80, 0x5b,
    0x20, 0xac, 0xc8, 0x1, 0x0, 0x7e, 0x88, 0x4,
    0x20, 0xf, 0x99, 0x14, 0x0, 0x40,

    /* U+5C01 "封" */
    0x0, 0xc2, 0x40, 0x1f, 0x8c, 0x3, 0xcf, 0x80,
    0x1f, 0x1e, 0x8, 0x7, 0xff, 0x1d, 0x2a, 0xa1,
    0xaa, 0x38, 0x7, 0xff, 0x14, 0xd9, 0xab, 0x6,
    0x50, 0x4a, 0xa8, 0x6a, 0x8e, 0x91, 0x13, 0x84,
    0xc8, 0x8, 0xae, 0x2, 0x29, 0xfb, 0xac, 0xf,
    0xc0, 0xcd, 0xd3, 0x8e, 0xec, 0x50, 0x1, 0xf7,
    0xf7, 0x36, 0xfb, 0xa2, 0x66, 0x0, 0x78, 0x46,
    0x4a, 0x11, 0x81, 0xac, 0x3, 0xc2, 0x88, 0xf0,
    0x44, 0x18, 0x49, 0x20, 0x7, 0x3d, 0xd9, 0x86,
    0xed, 0xe0, 0x2a, 0x60, 0x1c, 0xdf, 0xe9, 0x1f,
    0xf6, 0x0, 0x29, 0xc0, 0x3f, 0xf9, 0x85, 0xc2,
    0xf1, 0x4a, 0x1, 0xfb, 0xbf, 0x5c, 0x21, 0x44,
    0x44, 0x88, 0xa0, 0x10, 0x4, 0x56, 0x6f, 0xfb,
    0x6d, 0x1e, 0xec, 0xce, 0x0,

    /* U+5C31 "就" */
    0x0, 0xc6, 0x60, 0xc, 0x28, 0x1, 0xfd, 0x32,
    0x0, 0xcb, 0x61, 0x8, 0x1, 0x19, 0xc4, 0xa6,
    0x70, 0x0, 0x43, 0xad, 0x0, 0x1b, 0x98, 0x70,
    0xcc, 0x88, 0x2, 0x69, 0xb1, 0xe, 0xff, 0xf8,
    0x80, 0x33, 0x60, 0x80, 0x8, 0xbc, 0x3b, 0x43,
    0xbb, 0x76, 0x0, 0x37, 0x7c, 0xb4, 0x83, 0x55,
    0xc0, 0x16, 0x7f, 0xc0, 0x7, 0xc3, 0x4d, 0x77,
    0x30, 0x7, 0xf8, 0x44, 0xe8, 0x1, 0xec, 0xff,
    0x80, 0x2e, 0x60, 0xf, 0xbb, 0x64, 0x77, 0x48,
    0x4, 0x40, 0xf, 0xa1, 0x8c, 0x7, 0xc0, 0xb,
    0xa0, 0x1e, 0x16, 0x70, 0x1, 0x83, 0x18, 0xa0,
    0x4, 0x3c, 0x12, 0x46, 0x1, 0x5e, 0x49, 0x88,
    0x4, 0x60, 0x6, 0xb0, 0xc, 0xd0, 0xb2, 0x1,
    0xc6, 0xc, 0x88, 0xf3, 0x0, 0x71, 0xa8, 0x38,
    0xc4, 0x4, 0x21, 0x2d, 0x68, 0x8, 0x9e, 0x0,
    0x36, 0x41, 0x80, 0x3, 0x7f, 0x9c, 0xb, 0x8c,
    0x2, 0x9c, 0xb4,

    /* U+5C42 "层" */
    0x0, 0x19, 0xff, 0xf0, 0x44, 0x0, 0x59, 0x9f,
    0xfc, 0x14, 0x0, 0xd9, 0xff, 0xfe, 0x0, 0xff,
    0xe5, 0xe7, 0xff, 0xf8, 0x3, 0xd5, 0xbb, 0xff,
    0x28, 0x6, 0x72, 0x2f, 0xf8, 0x3, 0xc5, 0xff,
    0xfd, 0xc0, 0x1e, 0x2d, 0xdf, 0xec, 0x0, 0x84,
    0xc, 0x8, 0xbf, 0xc0, 0x13, 0x3, 0xff, 0xff,
    0xf0, 0x0, 0x4, 0x2f, 0x99, 0x11, 0xe6, 0x2e,
    0x73, 0x20, 0x6, 0x28, 0x99, 0xa0, 0x34, 0xce,
    0x81, 0x33, 0x0, 0xa6, 0x80, 0xe3, 0xe0, 0x80,
    0x1d, 0x70, 0x40, 0x12, 0xe, 0x1a, 0x65, 0x9d,
    0xff, 0x20, 0xe0, 0x80, 0xb8, 0x84, 0xc4, 0x55,
    0x9b, 0xdf, 0xc0, 0xc1, 0x30, 0x0, 0x57, 0x65,
    0x43, 0x21, 0x1, 0xc7, 0x0,

    /* U+5C4F "屏" */
    0x0, 0x91, 0x3f, 0xf8, 0x6, 0x1, 0x1d, 0xdf,
    0xff, 0x3, 0x0, 0x3b, 0x7f, 0xff, 0xa8, 0x3,
    0xce, 0x89, 0xfd, 0xa0, 0x1e, 0xab, 0xbf, 0xe7,
    0x0, 0xf6, 0xff, 0x9a, 0xff, 0xea, 0x5f, 0xf0,
    0x7, 0x18, 0x3, 0xa8, 0x0, 0x55, 0x80, 0x1c,
    0xe0, 0xd, 0xf8, 0x1f, 0xf6, 0x84, 0xff, 0x80,
    0x3d, 0xd6, 0xc3, 0x77, 0x3, 0x5d, 0x80, 0x21,
    0x1, 0x34, 0xf0, 0x44, 0x87, 0xd1, 0x0, 0x11,
    0x9, 0x22, 0x3c, 0x11, 0x21, 0xf4, 0x41, 0x80,
    0x38, 0xae, 0xe6, 0x1b, 0xb8, 0x1a, 0xed, 0xc0,
    0x4, 0x59, 0xff, 0x2a, 0xbf, 0xe1, 0x9f, 0xf6,
    0x81, 0x96, 0x80, 0x9, 0x70, 0x3, 0xfa, 0x45,
    0x0, 0xbc, 0xd8, 0x3, 0xf8, 0xa4, 0x1, 0x2d,
    0xa0, 0x1f, 0xe8, 0x70, 0x5, 0xd8, 0x40, 0x37,
    0x30, 0x4,

    /* U+5DE6 "左" */
    0x0, 0xfb, 0x60, 0x3, 0xff, 0x84, 0x25, 0xc0,
    0x1f, 0xc6, 0xcd, 0xa0, 0x39, 0x9b, 0xf0, 0x5c,
    0xce, 0x60, 0x79, 0x9f, 0xa0, 0x23, 0xff, 0xa,
    0xff, 0xfe, 0xe0, 0xe, 0x41, 0xf0, 0xf, 0xfe,
    0x17, 0xa, 0x80, 0x7f, 0xf0, 0x49, 0x49, 0x9b,
    0xf8, 0x3, 0xa0, 0xe, 0x67, 0xf4, 0x0, 0x64,
    0x58, 0xff, 0xac, 0x3b, 0xfe, 0xe0, 0xd, 0x44,
    0xe0, 0x1f, 0xfc, 0x1a, 0x1e, 0x0, 0xff, 0xe0,
    0xc2, 0xc9, 0x80, 0x7f, 0xf0, 0x55, 0xd8, 0x47,
    0xc0, 0x62, 0x3c, 0x19, 0x15, 0xdd, 0xd4, 0x1b,
    0xdd, 0xb0, 0x4, 0x23, 0x33, 0xff, 0x81, 0xc0,

    /* U+5DF2 "已" */
    0x22, 0xff, 0xe0, 0x80, 0x33, 0x77, 0xff, 0x80,
    0x0, 0xdc, 0xcf, 0xf3, 0x80, 0x46, 0x7f, 0xf7,
    0x0, 0x49, 0x60, 0x1f, 0xfc, 0x12, 0x40, 0xf,
    0xfe, 0x1b, 0x37, 0xf6, 0x0, 0x74, 0xcf, 0xf2,
    0x80, 0x77, 0xff, 0xfc, 0x1, 0xff, 0xd2, 0x72,
    0x0, 0xff, 0xe0, 0xc2, 0x0, 0x7f, 0xf0, 0x4,
    0xc, 0x0, 0x20, 0x1f, 0xc6, 0x2, 0xa1, 0xae,
    0xcd, 0xf3, 0xf0, 0x29, 0xb9, 0x44, 0xcf, 0xd0,
    0x50, 0x20,

    /* U+5E76 "并" */
    0x0, 0xe1, 0x0, 0xf1, 0x0, 0x7f, 0x2f, 0x18,
    0x7, 0x65, 0x0, 0x7e, 0x53, 0xd1, 0x0, 0xa4,
    0x60, 0x3, 0xfb, 0x41, 0x0, 0xa, 0xd4, 0x40,
    0x1c, 0xbf, 0xf7, 0xd, 0x7f, 0xa8, 0x2b, 0xfe,
    0x60, 0x2, 0x55, 0x46, 0x6a, 0xac, 0xc1, 0x55,
    0x20, 0x0, 0x55, 0x66, 0x75, 0x5d, 0x80, 0xab,
    0x10, 0x7, 0xff, 0x69, 0x9b, 0xfd, 0x80, 0xcd,
    0x80, 0x13, 0x38, 0xca, 0x67, 0x30, 0x4c, 0xe0,
    0x7, 0xfe, 0x37, 0xff, 0xd4, 0x1f, 0xf8, 0x3,
    0xc7, 0xa0, 0x1f, 0xfc, 0x37, 0x4, 0x0, 0xff,
    0xe1, 0x1c, 0x30, 0x80, 0x7f, 0xf0, 0x57, 0xe,
    0x40, 0x3f, 0xf8, 0x5c, 0x98, 0x1, 0xff, 0xc3,
    0xbb, 0x0, 0x7c, 0xbe, 0x1, 0xc0,

    /* U+5E94 "应" */
    0x0, 0xfe, 0x41, 0x0, 0xff, 0xe1, 0x8d, 0xb8,
    0x7, 0xf8, 0x8b, 0x8c, 0xa8, 0x8b, 0x84, 0x2,
    0x4d, 0xdf, 0x11, 0xee, 0xf8, 0x3, 0xaf, 0x33,
    0xfe, 0xe0, 0xe, 0x53, 0x3c, 0xc0, 0x67, 0xc4,
    0x1, 0xea, 0x50, 0x4, 0xd0, 0x5, 0x14, 0x1,
    0xfb, 0x80, 0x8, 0x80, 0x9, 0xc, 0x3, 0xee,
    0x41, 0xc, 0x20, 0x0, 0x9e, 0x80, 0x7c, 0x82,
    0x80, 0xa0, 0x80, 0xe0, 0x80, 0x18, 0x40, 0x41,
    0x3c, 0x4, 0x46, 0x1a, 0xa0, 0x1c, 0x60, 0x17,
    0xa8, 0x1, 0x74, 0x53, 0xc0, 0x3b, 0xc8, 0x0,
    0x80, 0x81, 0x12, 0xe0, 0xa0, 0x1c, 0x88, 0x0,
    0xd, 0x28, 0x19, 0xa9, 0x80, 0x38, 0x89, 0xe2,
    0x32, 0x0, 0x88, 0xcd, 0xa2, 0x30, 0x2, 0xc1,
    0xf3, 0xbb, 0xd8, 0x17, 0xdd, 0x0, 0x9, 0x47,
    0xb3, 0x3f, 0xf8, 0x0, 0xb, 0xb0, 0x19, 0xff,
    0xf0, 0x40,

    /* U+5EFA "建" */
    0x0, 0xff, 0x10, 0x7, 0xff, 0x13, 0x10, 0x3,
    0xd3, 0x77, 0x50, 0x55, 0x43, 0xf5, 0x51, 0x80,
    0x33, 0x74, 0xcc, 0xc, 0xc8, 0xb, 0x30, 0xac,
    0x0, 0x56, 0x2, 0xe1, 0x44, 0x87, 0xd1, 0x2,
    0x42, 0x0, 0x39, 0xb2, 0xad, 0xd8, 0x67, 0x74,
    0x31, 0x40, 0x3c, 0xe8, 0x17, 0xff, 0xd, 0xff,
    0x86, 0xac, 0x24, 0x8e, 0xe4, 0x26, 0x61, 0xf9,
    0x90, 0x80, 0x57, 0x18, 0x2a, 0x1d, 0xd0, 0xf,
    0x72, 0x1c, 0x0, 0xea, 0xe6, 0xc0, 0xcd, 0xf,
    0xb3, 0x46, 0x0, 0xcb, 0x5, 0xd3, 0xee, 0x86,
    0xbb, 0xaa, 0x0, 0x53, 0x11, 0xa1, 0xff, 0xc3,
    0x7f, 0xf5, 0x80, 0x9, 0x3c, 0x8e, 0x67, 0xf,
    0xcc, 0xe3, 0x0, 0x41, 0x28, 0x8, 0xe0, 0x11,
    0xf0, 0x2, 0xc1, 0xd6, 0x23, 0xf, 0x44, 0x62,
    0x3, 0x7a, 0x9a, 0xc7, 0x43, 0xd7, 0x33, 0xc4,
    0x1a, 0xaa, 0x6d, 0x5b, 0xac, 0xcf, 0xa0, 0x2a,
    0x80, 0x2, 0x9c, 0xef, 0xff, 0xa8,

    /* U+5F00 "开" */
    0x0, 0xff, 0xe3, 0x27, 0xff, 0xff, 0x8, 0xc1,
    0x6a, 0xa2, 0x3a, 0xac, 0xc1, 0x55, 0x10, 0xa,
    0xac, 0x2c, 0xab, 0xbc, 0x11, 0x54, 0x20, 0x1f,
    0xfe, 0x8f, 0xfc, 0x6b, 0xff, 0xa4, 0x3b, 0xfe,
    0x9, 0x9c, 0x27, 0x33, 0x94, 0x22, 0x66, 0x6,
    0x6c, 0x8, 0xcd, 0xb0, 0x19, 0xb0, 0x6, 0x11,
    0x68, 0x7, 0xff, 0x9, 0x1, 0xc0, 0x3f, 0xf8,
    0x50, 0x84, 0x1, 0xff, 0xc1, 0xa2, 0x90, 0xf,
    0xfe, 0xd, 0x2c, 0x90, 0x7, 0xff, 0x0, 0x92,
    0x58, 0x3, 0xff, 0x82, 0x5c, 0xc0, 0x1f, 0x37,
    0x88, 0x4,

    /* U+5F39 "弹" */
    0x0, 0xf9, 0x50, 0x2, 0x27, 0x0, 0x12, 0xae,
    0x0, 0x65, 0x8, 0x2, 0x74, 0x0, 0xb5, 0x58,
    0x82, 0x4e, 0xc1, 0x52, 0xc0, 0xf, 0xff, 0x0,
    0x33, 0x4d, 0x36, 0x83, 0x30, 0x1, 0xf1, 0x2c,
    0x40, 0x9e, 0x54, 0xc0, 0x2, 0x30, 0x5, 0x8c,
    0xc0, 0xc6, 0xc0, 0x0, 0xf7, 0x40, 0x11, 0x19,
    0x80, 0x8c, 0xc0, 0x3, 0xa, 0xa8, 0x82, 0x73,
    0x1, 0x39, 0x0, 0x1, 0x5, 0x58, 0x1, 0x7f,
    0xe0, 0xbf, 0xb0, 0x3, 0x8a, 0x24, 0x0, 0x23,
    0x30, 0x11, 0x90, 0x0, 0x45, 0x77, 0x0, 0x27,
    0x30, 0x13, 0x92, 0x0, 0x5f, 0xf6, 0x0, 0x3b,
    0xfe, 0xb, 0xff, 0x80, 0x33, 0x80, 0x91, 0x60,
    0x22, 0xe0, 0x8, 0x45, 0x1b, 0xb8, 0x27, 0x76,
    0xc0, 0x8, 0xc2, 0x3b, 0xb0, 0x57, 0x75, 0xe4,
    0x88, 0xa5, 0x11, 0xe0, 0x11, 0xe5, 0xbb, 0xf,
    0x80, 0x7f, 0xc0,

    /* U+5F53 "当" */
    0x0, 0xf8, 0xc4, 0x3, 0xe3, 0x40, 0xd, 0xac,
    0x1, 0x98, 0x1, 0x56, 0x60, 0x1f, 0xa2, 0x4c,
    0x25, 0x34, 0x80, 0x3c, 0xcf, 0x26, 0x0, 0xb3,
    0xc1, 0x0, 0xc9, 0x2e, 0xc0, 0x1b, 0x10, 0x3,
    0x89, 0x60, 0x0, 0x2a, 0xa4, 0xf4, 0x51, 0xd5,
    0x3f, 0x55, 0x12, 0xd5, 0x78, 0x16, 0xab, 0x91,
    0x1f, 0xff, 0xfc, 0x0, 0xf, 0xfe, 0x32, 0x2a,
    0xff, 0x98, 0x2, 0xfa, 0xaf, 0xf4, 0x80, 0x57,
    0xff, 0xff, 0x0, 0x7f, 0xf1, 0x44, 0x7f, 0xf8,
    0x20, 0xb, 0xee, 0xff, 0xe0, 0x0, 0x23, 0x33,
    0xff, 0x80, 0x0,

    /* U+5F55 "录" */
    0x0, 0xa, 0x27, 0xfc, 0x40, 0x19, 0xee, 0xff,
    0xea, 0x0, 0xcd, 0xff, 0xfe, 0x20, 0xf, 0x22,
    0x7f, 0x80, 0x3e, 0x9a, 0xaf, 0xe2, 0x0, 0xf6,
    0xf7, 0x7f, 0x10, 0x6, 0x45, 0x5f, 0xf8, 0xcc,
    0xaa, 0xe, 0xbb, 0xf5, 0x52, 0xee, 0x5, 0xb9,
    0xa, 0xd4, 0xfe, 0xe9, 0x87, 0xbb, 0x46, 0x60,
    0x0, 0x2f, 0xe6, 0x1, 0xb, 0x80, 0xdc, 0xa0,
    0x4, 0x5a, 0x9c, 0xa, 0x81, 0x10, 0xf6, 0xc6,
    0x0, 0xea, 0x5e, 0xa3, 0x34, 0x39, 0x69, 0x80,
    0x62, 0x8f, 0x66, 0x73, 0x83, 0xc9, 0xd9, 0x0,
    0x55, 0xad, 0x1d, 0x2, 0x1, 0x36, 0x3e, 0xd2,
    0x6, 0xd7, 0x39, 0xa2, 0xa0, 0x4, 0x79, 0x6d,
    0xe0, 0xea, 0x0, 0xbb, 0x51, 0xc8, 0x6, 0x4c,
    0xb0,

    /* U+5F85 "待" */
    0x0, 0xe1, 0x0, 0xc2, 0x40, 0x1f, 0xd1, 0x80,
    0x19, 0xb0, 0x3, 0xf2, 0xbd, 0x80, 0x7f, 0xf0,
    0x52, 0x9d, 0x8b, 0xfe, 0x81, 0xff, 0xc0, 0x5,
    0xb5, 0x80, 0x2a, 0xa9, 0x46, 0xab, 0x0, 0x2d,
    0x69, 0xe0, 0x15, 0x6d, 0x5, 0x5c, 0x0, 0xda,
    0x28, 0xe5, 0x5d, 0xa0, 0xab, 0x90, 0xc, 0x38,
    0xde, 0xab, 0x28, 0xd5, 0x69, 0x0, 0x39, 0xc8,
    0xff, 0xfb, 0x82, 0xff, 0x41, 0x20, 0x2, 0x12,
    0x2e, 0x30, 0x12, 0x11, 0x5a, 0x88, 0x3, 0x77,
    0xe0, 0xad, 0x81, 0x7a, 0x0, 0xb6, 0xb3, 0x76,
    0xc0, 0x9d, 0x80, 0x80, 0xc, 0x37, 0x4, 0x58,
    0x8, 0x82, 0x1, 0xf6, 0xa5, 0x0, 0x7f, 0xf0,
    0x8e, 0x98, 0x3, 0xff, 0x86, 0xba, 0xaa, 0x90,
    0x70, 0xf, 0xf8, 0xaa, 0x8e, 0xa6, 0x1, 0xd8,
    0x80, 0x18, 0xff, 0xea, 0x0, 0x80,

    /* U+6001 "态" */
    0x0, 0xfa, 0x30, 0x3, 0xff, 0x86, 0x4e, 0x1,
    0xf9, 0x7f, 0xfc, 0xa9, 0xff, 0xec, 0x4, 0xbb,
    0xe7, 0x0, 0x2d, 0xdf, 0x78, 0xa, 0x27, 0x29,
    0x42, 0xba, 0x26, 0x30, 0xf, 0x59, 0x73, 0xae,
    0x28, 0x7, 0xe3, 0xd4, 0x4, 0xa, 0x5a, 0xa0,
    0x80, 0x65, 0xbc, 0xc, 0xa8, 0xa0, 0xa9, 0x5e,
    0x93, 0x9, 0xa5, 0x9d, 0x35, 0xc1, 0x0, 0x37,
    0x33, 0x30, 0x2e, 0xb9, 0x84, 0x80, 0x10, 0x1,
    0xc, 0xfd, 0x81, 0x3d, 0x4, 0xf0, 0x56, 0x88,
    0x0, 0xf4, 0x50, 0x0, 0xa8, 0x1, 0xa4, 0xe8,
    0x0, 0x61, 0x0, 0x15, 0x30, 0x7, 0x7b, 0x8e,
    0x9c, 0xb1, 0x1, 0x95, 0x0, 0x71, 0x60, 0x93,
    0xa2, 0x24, 0x28, 0xc8, 0x3c, 0xd4, 0xce, 0x60,
    0x60, 0x87, 0x9, 0xd0, 0x2, 0x95, 0x66, 0x52,
    0xa4, 0x7, 0x80,

    /* U+6027 "性" */
    0x0, 0x1b, 0x0, 0x78, 0xd0, 0x3, 0xe4, 0x80,
    0x9, 0x4, 0x2a, 0x0, 0x3f, 0xf8, 0x16, 0xe0,
    0x1f, 0xc6, 0x2, 0x20, 0x20, 0x20, 0xf, 0xc9,
    0x80, 0xf, 0x27, 0xc, 0x75, 0x27, 0x79, 0x40,
    0x44, 0x0, 0x5f, 0xc0, 0x78, 0x31, 0x88, 0xb8,
    0x8, 0x80, 0x37, 0xe8, 0xdf, 0xe6, 0x3f, 0xfa,
    0xc3, 0xdc, 0x3, 0x16, 0x80, 0x7f, 0x11, 0x0,
    0x32, 0xa0, 0x7, 0xf3, 0x70, 0x4, 0x5c, 0xcd,
    0x29, 0x33, 0x44, 0x14, 0xa0, 0x1b, 0x66, 0x63,
    0x19, 0x99, 0x1, 0x88, 0x3, 0x4f, 0xfc, 0xc7,
    0xff, 0x30, 0x7, 0xff, 0xb6, 0x7f, 0xf3, 0x1f,
    0xfe, 0x10, 0xe, 0xa9, 0x9f, 0xf0, 0x80,

    /* U+603B "总" */
    0x0, 0xe1, 0x0, 0xff, 0xe1, 0x97, 0x20, 0x6,
    0x7d, 0x0, 0xfc, 0x4b, 0x42, 0x0, 0x28, 0x50,
    0xf, 0x95, 0x5a, 0xc, 0xaa, 0xf1, 0xd5, 0x50,
    0x6, 0x1a, 0xa4, 0xc, 0x55, 0x8, 0x6a, 0xa0,
    0xf, 0x5f, 0xff, 0xe9, 0x0, 0xff, 0xee, 0xe3,
    0x37, 0xec, 0x0, 0xf1, 0x2d, 0xdf, 0xe7, 0x30,
    0xc, 0x3b, 0xbd, 0x7b, 0xbd, 0x80, 0x19, 0x20,
    0x21, 0x42, 0xec, 0x1, 0x1c, 0x0, 0x6f, 0x20,
    0x5d, 0xf, 0x47, 0x0, 0x9d, 0x0, 0x24, 0xf0,
    0xc, 0x52, 0x61, 0xc0, 0xb2, 0x0, 0x60, 0x50,
    0xe, 0x64, 0x1, 0x8, 0x26, 0xb, 0x60, 0x0,
    0xa2, 0x74, 0x1, 0x11, 0xf8, 0x3e, 0xc0, 0x12,
    0x57, 0x79, 0xd8, 0x42, 0x20,

    /* U+6062 "恢" */
    0x0, 0x94, 0x80, 0x26, 0x20, 0xf, 0xf5, 0xa0,
    0x5, 0x8, 0x1, 0xff, 0xc1, 0x22, 0x8, 0x88,
    0xbc, 0x20, 0x46, 0x1, 0x6e, 0x82, 0x37, 0x7d,
    0x61, 0x56, 0x12, 0xbb, 0x81, 0x5b, 0xbe, 0xb0,
    0x2e, 0x5, 0xa4, 0x0, 0x39, 0x2d, 0x91, 0x42,
    0xc, 0x41, 0x98, 0x46, 0x2, 0xe, 0x30, 0xe,
    0x26, 0x0, 0x19, 0x68, 0x30, 0x6, 0x3e, 0x0,
    0x9, 0x0, 0x64, 0x38, 0x3, 0x0, 0x43, 0x81,
    0x88, 0x6, 0x13, 0x92, 0x61, 0x64, 0x44, 0x1,
    0xe0, 0x6, 0x61, 0x59, 0xd5, 0x3c, 0x71, 0x0,
    0x10, 0x6, 0xa6, 0x5, 0x81, 0xd, 0x80, 0xf,
    0x98, 0xa4, 0x1, 0xa, 0xf2, 0x1, 0xfa, 0x18,
    0x41, 0x92, 0x24, 0xdc, 0x3, 0xe4, 0x80, 0x59,
    0x91, 0xc, 0xc2, 0x80, 0x7a, 0x86, 0x6a, 0x58,
    0x0, 0xcc, 0xa7, 0x0, 0xf0, 0xad, 0xb0, 0x6,
    0x97, 0x30, 0xb, 0x98, 0x7, 0x10, 0x3, 0xd0,
    0x80,

    /* U+610F "意" */
    0x0, 0xf9, 0x4c, 0x3, 0xff, 0x85, 0x3e, 0x1,
    0xfb, 0xff, 0xc6, 0x6f, 0xfe, 0xd0, 0x7, 0x74,
    0xa9, 0xdd, 0x86, 0x3b, 0x9a, 0x2, 0x1, 0x6a,
    0x80, 0x44, 0x28, 0x0, 0x10, 0xfe, 0xea, 0x7,
    0xba, 0xc0, 0xce, 0xeb, 0x3b, 0xff, 0xff, 0x85,
    0x80, 0xd, 0xff, 0xff, 0x50, 0x7, 0x47, 0xff,
    0xe5, 0x0, 0xf4, 0x7f, 0xfe, 0x50, 0xf, 0x47,
    0xff, 0xe5, 0x0, 0xf4, 0x77, 0x7e, 0x50, 0xe,
    0xff, 0x77, 0x55, 0xbd, 0xd7, 0xd0, 0x4, 0xba,
    0x39, 0x1, 0xba, 0x21, 0x31, 0xe3, 0x0, 0x5a,
    0x88, 0x5, 0x28, 0xc5, 0x82, 0x9c, 0x12, 0x36,
    0x0, 0x30, 0x5, 0x22, 0x4, 0x2c, 0xe7, 0xe8,
    0x42, 0x57, 0xff, 0x4c, 0x80, 0x6b, 0x0,

    /* U+6210 "成" */
    0x0, 0xfe, 0x23, 0x0, 0x18, 0x7, 0xff, 0x5,
    0x78, 0x13, 0x14, 0x3, 0xff, 0x80, 0x24, 0x9,
    0x34, 0x80, 0x18, 0x51, 0x3d, 0xc0, 0x88, 0x26,
    0x13, 0x0, 0x9e, 0xef, 0xce, 0x17, 0x73, 0x54,
    0x0, 0x61, 0xee, 0xed, 0xc, 0xee, 0xd6, 0x1,
    0xc2, 0x3c, 0x40, 0xe2, 0x24, 0x20, 0xe, 0x14,
    0x4c, 0x20, 0x24, 0x0, 0xb4, 0x0, 0xf5, 0xde,
    0x70, 0x5f, 0x5, 0x16, 0x0, 0xe1, 0xff, 0x80,
    0xc0, 0xd4, 0x25, 0x44, 0x3, 0x9, 0x80, 0x7b,
    0x4d, 0x8e, 0x0, 0x3b, 0xc4, 0x3, 0x8, 0x20,
    0x4b, 0x90, 0x7, 0x13, 0x80, 0x4, 0x1c, 0x4,
    0x68, 0x2, 0xd0, 0x9, 0xcc, 0xe9, 0x2, 0xa,
    0x11, 0x81, 0x8c, 0x0, 0x25, 0x91, 0x8e, 0xc3,
    0x4b, 0x21, 0x21, 0x8a, 0x0, 0x90, 0x4a, 0xdf,
    0x9b, 0x5a, 0x69, 0x79, 0x6d, 0x0, 0x23, 0x0,
    0x90, 0x3, 0x2d, 0x41, 0x9d, 0x95, 0x80, 0x19,
    0x20, 0x1c, 0xe8, 0x1, 0x47, 0xd8, 0x0,

    /* U+6240 "所" */
    0x0, 0xff, 0xe4, 0x12, 0x3d, 0xd0, 0x4, 0x29,
    0x1a, 0xa0, 0x3, 0xfd, 0xb8, 0x7d, 0x3c, 0xfe,
    0xb7, 0x66, 0x0, 0x1c, 0x2b, 0x7f, 0x1d, 0xc6,
    0xf5, 0xbf, 0x66, 0x1, 0x94, 0x80, 0x3a, 0x14,
    0x80, 0x3e, 0x44, 0xc0, 0x1f, 0xfc, 0x1b, 0xba,
    0x80, 0x3f, 0xf8, 0x3d, 0xc9, 0x0, 0xdf, 0xfe,
    0x40, 0x8, 0x44, 0x60, 0x1, 0x9, 0x92, 0x84,
    0xc9, 0x40, 0x3f, 0x85, 0x99, 0x82, 0xcc, 0x10,
    0x10, 0x77, 0x78, 0x0, 0xcc, 0x1, 0xfe, 0x99,
    0x21, 0x87, 0x30, 0x7, 0xe2, 0x27, 0x75, 0xa0,
    0x86, 0x1, 0xfb, 0x58, 0x3, 0x9, 0xe8, 0x7,
    0xe4, 0x30, 0xd, 0x22, 0xa0, 0x1f, 0x28, 0xd8,
    0x4, 0x4f, 0x20, 0x1f, 0xb1, 0xc, 0x2, 0x71,
    0x70, 0xf, 0xd3, 0x60, 0x19, 0x7c, 0x3, 0x37,
    0x0, 0x40,

    /* U+624B "手" */
    0x0, 0xf0, 0x92, 0x2b, 0x44, 0xdb, 0x80, 0x33,
    0x7b, 0xfd, 0xdb, 0x75, 0x2c, 0xa2, 0x20, 0x5,
    0xd4, 0xca, 0xad, 0x47, 0xfd, 0xd9, 0x4c, 0x0,
    0x77, 0x99, 0x50, 0x80, 0x3f, 0xf9, 0xa8, 0xef,
    0xc6, 0x2e, 0xfc, 0x80, 0xd, 0x88, 0xe4, 0x8,
    0x8e, 0xe0, 0x4, 0xff, 0xf3, 0x8f, 0xff, 0x50,
    0x7, 0xff, 0x15, 0x59, 0xbc, 0x62, 0xcd, 0xe5,
    0xb9, 0x9f, 0x20, 0x4c, 0xfa, 0xbb, 0xff, 0xce,
    0x3f, 0xff, 0x0, 0x7f, 0xf6, 0x19, 0xa5, 0x30,
    0xf, 0xfa, 0xe6, 0x47, 0x60, 0x1f, 0x0,

    /* U+624D "才" */
    0x0, 0xff, 0x23, 0x0, 0x7f, 0xf0, 0xb6, 0x0,
    0x3f, 0xfb, 0x5, 0xff, 0xfc, 0xc3, 0xff, 0x69,
    0xc4, 0x7c, 0xe0, 0x1, 0x88, 0xac, 0x5d, 0xfe,
    0x21, 0x50, 0x77, 0x98, 0x3, 0xe4, 0x5b, 0x30,
    0xf, 0xf8, 0xa9, 0x14, 0x3, 0xfe, 0x1c, 0x3b,
    0x0, 0xff, 0x8b, 0x3, 0xc0, 0x3f, 0xe3, 0xc3,
    0xc2, 0x0, 0xff, 0x36, 0x1e, 0x10, 0x7, 0xf0,
    0xdc, 0xa6, 0x10, 0x7, 0xf9, 0x92, 0x2c, 0x40,
    0x38, 0xcc, 0x1, 0x9f, 0x1c, 0x2, 0x57, 0x74,
    0x28, 0x80, 0x71, 0x80, 0x6c, 0x88, 0x39, 0x78,
    0x6,

    /* U+6253 "打" */
    0x0, 0xc2, 0x1, 0xff, 0xc3, 0x5e, 0x0, 0xff,
    0xe3, 0x96, 0xef, 0xeb, 0x0, 0xf8, 0xea, 0xb3,
    0x15, 0x53, 0x43, 0x7e, 0x83, 0xfc, 0x8e, 0xf8,
    0xc5, 0xdc, 0xc1, 0x12, 0xc1, 0x32, 0x70, 0xf,
    0xf2, 0xb6, 0x3, 0x30, 0x80, 0x3f, 0xfa, 0x6d,
    0x4c, 0x1, 0xfe, 0x38, 0x80, 0x48, 0xa8, 0x7,
    0xfb, 0x18, 0x43, 0xec, 0xc0, 0x3f, 0xd9, 0xd2,
    0x1, 0xff, 0xc2, 0x30, 0xf, 0xff, 0x33, 0x33,
    0x80, 0x39, 0x9b, 0x18, 0x6, 0xb9, 0x46, 0x0,
    0xd1, 0x32, 0x39, 0x0, 0x80,

    /* U+6267 "执" */
    0x0, 0x88, 0x40, 0x32, 0x8, 0x7, 0xf6, 0x38,
    0x4, 0x56, 0x40, 0x1f, 0xfd, 0xde, 0xf1, 0x9f,
    0x4f, 0xd0, 0xcf, 0xf9, 0x0, 0x2a, 0xa0, 0x35,
    0x2d, 0x48, 0x4d, 0x50, 0x3, 0x91, 0x47, 0xd4,
    0x55, 0x1, 0x15, 0x40, 0x1f, 0xca, 0x20, 0x20,
    0x1c, 0xe0, 0x1c, 0x33, 0x4f, 0x4a, 0x6, 0x1,
    0xf4, 0xf8, 0x2e, 0xab, 0xc8, 0x7, 0xf3, 0xc0,
    0x61, 0x1e, 0xa0, 0x7b, 0x0, 0x1c, 0x2, 0xe7,
    0x10, 0xc, 0xe8, 0x89, 0x50, 0xf, 0xf8, 0x8f,
    0x6a, 0xd4, 0x40, 0x4c, 0x3, 0xeb, 0x6, 0x4,
    0x3, 0x14, 0xf0, 0xf, 0x1b, 0x38, 0x6, 0x12,
    0x22, 0x2, 0x28, 0x80, 0xf1, 0x40, 0x6, 0x4a,
    0xa6, 0x85, 0x50, 0x51, 0xcb, 0x80, 0x3a, 0x8c,
    0x54, 0x3f, 0xb8, 0x4d, 0xc6, 0x1, 0xc5, 0xd8,
    0x0,

    /* U+62A4 "护" */
    0x0, 0x84, 0x3, 0xc4, 0x1, 0xf3, 0x78, 0x7,
    0xe, 0xb0, 0x7, 0xff, 0x4, 0x56, 0xc0, 0x3f,
    0xc5, 0xbb, 0x21, 0x6e, 0xc9, 0x3f, 0x23, 0xfc,
    0x4, 0x95, 0x31, 0x54, 0x21, 0xa9, 0x50, 0x9b,
    0x0, 0x53, 0xbf, 0x0, 0xd, 0xb0, 0x59, 0x40,
    0x3f, 0xf8, 0x62, 0x1, 0xff, 0xc1, 0x1c, 0xc0,
    0x1, 0x19, 0xb8, 0x0, 0x95, 0x20, 0xd2, 0x21,
    0x13, 0x3c, 0x0, 0x86, 0x51, 0xa4, 0x70, 0xef,
    0xff, 0x2e, 0x64, 0x1, 0x8, 0x8, 0x7, 0xff,
    0x7, 0x44, 0x3, 0xff, 0x84, 0x88, 0x0, 0xff,
    0xe0, 0x91, 0xf8, 0x7, 0xe2, 0x6d, 0x0, 0x48,
    0xa8, 0x7, 0xe6, 0x94, 0x61, 0x48, 0x0, 0xfe,
    0x4f, 0xf4, 0xf, 0x30, 0x7, 0xf0,

    /* U+62D4 "拔" */
    0x0, 0x84, 0x3, 0x88, 0x3, 0xfd, 0xea, 0x1,
    0x1e, 0x80, 0x2e, 0x80, 0x3f, 0xe7, 0x0, 0xa5,
    0x24, 0x3, 0xf8, 0xcc, 0x6, 0x61, 0x82, 0x32,
    0xc, 0xf1, 0xaf, 0x2c, 0x80, 0xcc, 0xa5, 0x33,
    0xc2, 0x28, 0x1e, 0x8b, 0x5c, 0xb7, 0x7d, 0x80,
    0x8a, 0x3a, 0xa0, 0x44, 0x72, 0x2f, 0x8, 0x7,
    0x10, 0x1, 0x97, 0xbb, 0x94, 0x2, 0x11, 0x5e,
    0x90, 0x18, 0x45, 0xda, 0x4, 0x0, 0x37, 0xc0,
    0x56, 0x48, 0x4, 0x2a, 0xa0, 0x2, 0x0, 0x1a,
    0x2, 0x50, 0x34, 0xee, 0x80, 0x14, 0xa2, 0x3,
    0xae, 0x20, 0x1, 0x6a, 0x63, 0x75, 0x39, 0x0,
    0xfd, 0x22, 0xc1, 0x10, 0xb6, 0x30, 0xf, 0x85,
    0xe4, 0x0, 0xe0, 0x34, 0x1, 0xfa, 0xc5, 0xc0,
    0xfc, 0x8f, 0x18, 0x2, 0x67, 0x10, 0x5b, 0x19,
    0xc5, 0xcc, 0x2c, 0xe1, 0x84, 0x41, 0x17, 0x17,
    0x1e, 0x6c, 0x42, 0xa8, 0x54, 0x1d, 0xf6, 0x6,
    0x1d, 0xec, 0x1, 0x97, 0xa0,

    /* U+6301 "持" */
    0x0, 0x8c, 0x40, 0x38, 0x4c, 0x3, 0xf6, 0xa0,
    0x7, 0x26, 0x0, 0x7f, 0xf4, 0x77, 0xfd, 0x41,
    0xff, 0x60, 0x3, 0xbc, 0x6b, 0xce, 0x6a, 0x8e,
    0x15, 0x54, 0x0, 0x2a, 0xc1, 0xec, 0xd1, 0x55,
    0xa0, 0xab, 0x20, 0x1, 0x10, 0x3a, 0x8a, 0xcd,
    0x60, 0x33, 0x64, 0x0, 0xf5, 0xcc, 0xcc, 0x13,
    0x3b, 0x80, 0x36, 0x57, 0x7f, 0xf7, 0x6, 0x7d,
    0xb, 0x50, 0xb0, 0x88, 0x3, 0xfc, 0x92, 0x21,
    0x57, 0x1f, 0xfd, 0xc1, 0x9f, 0xb, 0xf6, 0x20,
    0xb, 0xaa, 0x5d, 0xd4, 0x13, 0x74, 0x1, 0xe2,
    0xf8, 0x54, 0x48, 0x15, 0x8, 0x3, 0xeb, 0xd,
    0x0, 0xff, 0xe1, 0xf, 0x80, 0x80, 0x7c, 0x8c,
    0x20, 0x18, 0xb5, 0x52, 0x0, 0x40, 0x2a, 0x93,
    0x40, 0xc, 0x77, 0x66, 0x42, 0x0, 0xbb, 0xf0,
    0x40, 0x31, 0x7f, 0xd6, 0x1, 0x0,

    /* U+6307 "指" */
    0x0, 0x90, 0x80, 0x6, 0x20, 0x1f, 0xf5, 0x28,
    0x3, 0x5c, 0x3, 0xb, 0x18, 0x7, 0xf8, 0x52,
    0x37, 0xa1, 0x80, 0x2, 0x41, 0xe4, 0x0, 0x8e,
    0xb3, 0xac, 0xe7, 0x0, 0x66, 0x8b, 0xea, 0x82,
    0x67, 0xdb, 0x98, 0xe9, 0x7, 0xe8, 0xbe, 0xa8,
    0x11, 0x80, 0x65, 0x3, 0x2, 0x20, 0x79, 0x2,
    0x3f, 0x77, 0x59, 0x8, 0x7, 0xd5, 0x95, 0x5d,
    0x7a, 0x1, 0xd7, 0xc2, 0x6, 0x89, 0xe0, 0x9,
    0xac, 0x4d, 0x3, 0xff, 0xf3, 0x0, 0xc8, 0x84,
    0x50, 0x84, 0x6e, 0xf0, 0x88, 0x7, 0xe8, 0x40,
    0x31, 0x17, 0x80, 0x3f, 0xea, 0xff, 0xe1, 0x0,
    0xff, 0x46, 0x67, 0x0, 0x7f, 0xc4, 0x67, 0xc2,
    0x1, 0x22, 0x88, 0x80, 0x2a, 0xff, 0xe1, 0x0,
    0xa6, 0x89, 0xc0, 0x28, 0xcc, 0xe1, 0x10, 0x0,

    /* U+6309 "按" */
    0x0, 0xff, 0x8, 0x80, 0x3f, 0x72, 0x80, 0x76,
    0x58, 0x7, 0xfc, 0x24, 0x52, 0xa8, 0xc8, 0xa0,
    0xf, 0xa7, 0x76, 0x70, 0xcd, 0xd8, 0x1, 0x9e,
    0x35, 0xe2, 0x7d, 0xde, 0xa0, 0xa, 0x28, 0x1a,
    0x84, 0x6, 0x20, 0x23, 0x80, 0x24, 0x51, 0xc5,
    0x9d, 0x7, 0x10, 0x9, 0x34, 0x3, 0xe3, 0x32,
    0x8e, 0x11, 0x60, 0x10, 0xd, 0x19, 0x8d, 0xa0,
    0xbd, 0xde, 0x60, 0x7d, 0x11, 0x46, 0x60, 0x27,
    0x76, 0x7, 0xd6, 0x19, 0x50, 0x94, 0x24, 0x16,
    0x22, 0x38, 0x51, 0x8, 0xba, 0x4, 0x2, 0x92,
    0x10, 0x4, 0x91, 0x0, 0x3f, 0xa8, 0x7a, 0x20,
    0x72, 0x1, 0xfe, 0x4d, 0x97, 0x71, 0xa0, 0x7,
    0xfc, 0x5a, 0x6, 0x6c, 0x20, 0x9, 0x58, 0x40,
    0xb, 0x7a, 0xd7, 0x96, 0x3b, 0x0, 0x8, 0x93,
    0x46, 0xa7, 0x9d, 0x40, 0x4d, 0x76, 0x10, 0xdf,
    0xc1, 0x6d, 0xc6, 0x0, 0xe8, 0xe1,

    /* U+6362 "换" */
    0x0, 0x88, 0x3, 0x8c, 0x3, 0xfd, 0xa8, 0x1,
    0xe, 0x30, 0x7, 0xff, 0xa, 0x40, 0xa, 0xb1,
    0x80, 0x7f, 0x13, 0x8c, 0x5d, 0xaa, 0x40, 0x2a,
    0xb0, 0x8b, 0x1f, 0x2e, 0xea, 0x2, 0x0, 0x2d,
    0xc0, 0x6c, 0xa3, 0xf0, 0x1, 0xcd, 0x10, 0x4,
    0xee, 0xe, 0x66, 0xe, 0xff, 0xb0, 0x2b, 0xe8,
    0x3, 0xc3, 0xa1, 0x16, 0xe1, 0x76, 0x51, 0x0,
    0xed, 0xb0, 0x1, 0xa6, 0x82, 0x23, 0x40, 0x25,
    0xa0, 0x60, 0xf, 0xfe, 0xc, 0x30, 0x55, 0xc,
    0x8, 0xc8, 0xc, 0xdc, 0xe6, 0x19, 0x80, 0x14,
    0xc0, 0x9c, 0x80, 0xcc, 0x31, 0xe8, 0x8, 0x4,
    0xbf, 0xf8, 0xc2, 0x7f, 0xee, 0x0, 0xfe, 0x63,
    0x58, 0x20, 0xf, 0xfa, 0x25, 0xe9, 0x71, 0x0,
    0x25, 0x70, 0x1, 0xcf, 0x3c, 0x40, 0x2d, 0x2f,
    0x14, 0x22, 0x6, 0x8a, 0xed, 0xce, 0x1, 0x55,
    0x87, 0x86, 0xfe, 0x3, 0x74, 0x8, 0x7, 0x26,
    0x50,

    /* U+636E "据" */
    0x0, 0xb9, 0x40, 0x6, 0x7f, 0xc0, 0x1f, 0x16,
    0x67, 0xf0, 0x80, 0x7e, 0xef, 0xfe, 0xc0, 0xb,
    0x74, 0x37, 0x60, 0xf, 0xfe, 0x5, 0x50, 0x13,
    0x0, 0x1d, 0xff, 0xd8, 0x1, 0x3b, 0x87, 0xdc,
    0x1, 0x79, 0x88, 0xc, 0xc8, 0x40, 0x38, 0xc0,
    0xa, 0x66, 0x21, 0x33, 0x80, 0x30, 0xd6, 0x88,
    0x77, 0xfa, 0x87, 0xfe, 0xb0, 0x9f, 0x5, 0xc0,
    0x5, 0xe6, 0x20, 0x33, 0x29, 0x5, 0x91, 0xf2,
    0x60, 0x43, 0x31, 0x9, 0x9c, 0x41, 0x8c, 0x1,
    0x11, 0xf, 0xb9, 0x63, 0xdc, 0xa0, 0xf, 0xb5,
    0xc0, 0x6e, 0xd5, 0x68, 0xc0, 0x1f, 0x26, 0x0,
    0x15, 0x76, 0x80, 0x7c, 0xa2, 0xe0, 0x1f, 0xe4,
    0x51, 0x8, 0x51, 0x0, 0x7f, 0xe8, 0x0, 0xae,
    0x89, 0xc6, 0x0, 0x2c, 0xcc, 0xc0, 0x17, 0xfb,
    0x4b, 0x8, 0xf, 0xcc, 0xf4, 0xe0, 0x0,

    /* U+63A5 "接" */
    0x0, 0xff, 0x84, 0x3, 0xf7, 0x30, 0x7, 0x3f,
    0x8, 0x7, 0xf8, 0x99, 0xa0, 0x5, 0xb3, 0x42,
    0x1, 0xe6, 0xd8, 0x86, 0x20, 0xc5, 0xe9, 0x6,
    0x78, 0xcf, 0xad, 0xb1, 0x5d, 0xc1, 0x16, 0x61,
    0x14, 0xd, 0x42, 0x18, 0x60, 0x2, 0x14, 0x0,
    0x91, 0x47, 0xd4, 0xd0, 0x41, 0x52, 0x85, 0x50,
    0x80, 0x3d, 0xb7, 0x41, 0x56, 0xe3, 0x76, 0x80,
    0xd, 0x95, 0xdf, 0xe9, 0x97, 0xff, 0x50, 0x35,
    0x8b, 0x90, 0x88, 0xa3, 0x84, 0x7e, 0x82, 0xb,
    0xae, 0xe6, 0x8b, 0xf7, 0x76, 0xf, 0x48, 0x81,
    0x7f, 0xc, 0xff, 0xc6, 0xdf, 0xa0, 0x1f, 0x48,
    0x90, 0x1, 0x4e, 0xc0, 0x3f, 0xad, 0x6f, 0x5e,
    0xa0, 0x80, 0x3f, 0x8e, 0xb0, 0xe0, 0x3, 0xc8,
    0xc2, 0x60, 0x91, 0x98, 0x3a, 0x89, 0xe7, 0x0,
    0x54, 0x92, 0x2d, 0xb2, 0xde, 0xab, 0xf4, 0xc9,
    0x83, 0xbf, 0x45, 0x77, 0xa5, 0x0, 0x33, 0xf3,
    0x0,

    /* U+63D0 "提" */
    0x0, 0xb9, 0x40, 0x2, 0x45, 0xf0, 0x80, 0x7f,
    0x56, 0xe6, 0x76, 0xb0, 0x7, 0xf9, 0xbb, 0xb8,
    0x40, 0x36, 0x78, 0xd7, 0x88, 0x37, 0xff, 0x8,
    0x6, 0x8a, 0x6, 0xa1, 0x6, 0xff, 0xe1, 0x0,
    0xc8, 0xa3, 0x8a, 0x1, 0x11, 0x70, 0x7, 0xf0,
    0x80, 0xb6, 0xef, 0x8, 0x80, 0x31, 0xd, 0xf0,
    0x57, 0xff, 0xcc, 0x1, 0x6e, 0x81, 0xf7, 0xff,
    0xfd, 0x80, 0xa, 0xd1, 0xc2, 0xca, 0xbc, 0xb0,
    0xac, 0xcb, 0x80, 0xe, 0x40, 0x11, 0xc0, 0x9a,
    0x83, 0x99, 0xc4, 0x1, 0xf8, 0x84, 0x2, 0xdf,
    0xf8, 0x40, 0x3e, 0x50, 0xd0, 0xa, 0xb3, 0x21,
    0x0, 0xfa, 0x55, 0xd4, 0x0, 0xe6, 0x70, 0x4,
    0x8c, 0x20, 0xc7, 0x15, 0x4d, 0x5, 0x66, 0xc0,
    0xf, 0x93, 0x4b, 0x82, 0x4d, 0x53, 0xab, 0xbb,
    0x40, 0x17, 0xf8, 0x38, 0xe0, 0x2, 0x9c, 0xdd,
    0xd6, 0x0,

    /* U+63E1 "握" */
    0x0, 0xf, 0x88, 0x11, 0x7f, 0x80, 0x3e, 0xcd,
    0xdf, 0xe1, 0x0, 0xfa, 0xbf, 0xfd, 0xa0, 0x14,
    0x58, 0x5a, 0x86, 0xa2, 0x7c, 0x1, 0x8, 0x80,
    0x4c, 0x16, 0x23, 0xd4, 0x62, 0x13, 0x41, 0x4c,
    0x11, 0xdd, 0xf8, 0x3, 0xf1, 0xee, 0xfe, 0x60,
    0xd, 0x6e, 0x7, 0xfc, 0x4d, 0xf5, 0x7e, 0xc1,
    0x18, 0xc, 0x60, 0x25, 0x89, 0x20, 0xd4, 0x60,
    0x3, 0x50, 0xd4, 0x10, 0xf2, 0x7e, 0xfc, 0xd,
    0x10, 0xb9, 0x0, 0xcd, 0xfb, 0x92, 0x3f, 0xcc,
    0x1, 0xe2, 0x2, 0x33, 0x80, 0x2, 0x29, 0x10,
    0xe, 0x72, 0xe, 0xea, 0x7, 0xba, 0x0, 0xf6,
    0xb8, 0x7f, 0xd2, 0x3f, 0xf0, 0x0, 0xdc, 0x0,
    0xbe, 0x23, 0xc0, 0x23, 0x83, 0xe5, 0x14, 0xdf,
    0xbb, 0x40, 0xf7, 0x5e, 0x19, 0xf6, 0x9e, 0x5f,
    0xff, 0xdc,

    /* U+64AD "播" */
    0x0, 0xbc, 0xc0, 0x48, 0xd1, 0x59, 0xe2, 0x6c,
    0x40, 0x3e, 0xad, 0xca, 0xb9, 0xc1, 0x16, 0x80,
    0x7e, 0xb4, 0xce, 0x93, 0xb9, 0x52, 0x10, 0x5,
    0x68, 0x74, 0x86, 0x70, 0x6, 0x90, 0x40, 0xb,
    0x50, 0x1f, 0xd0, 0xd9, 0x78, 0x50, 0xad, 0x8,
    0x0, 0xf2, 0x12, 0xf5, 0x45, 0xa6, 0x2b, 0x58,
    0xa8, 0x0, 0xf1, 0xf7, 0x18, 0x14, 0x8c, 0xb3,
    0xa8, 0x2, 0x20, 0xc9, 0x2c, 0x6c, 0xd1, 0xd7,
    0xc6, 0x0, 0xaf, 0x41, 0x8b, 0x43, 0x48, 0xe8,
    0x29, 0xa7, 0x40, 0x5, 0x41, 0x56, 0xc7, 0x9d,
    0x73, 0xdc, 0x74, 0x80, 0x4, 0xa8, 0x0, 0xb0,
    0x7f, 0xd2, 0x7f, 0xe6, 0x15, 0x0, 0xfe, 0x33,
    0x70, 0x99, 0xc0, 0x1f, 0xe1, 0xff, 0x29, 0x7f,
    0x90, 0x3, 0xfc, 0x39, 0x8b, 0x3c, 0xc3, 0x80,
    0x64, 0x60, 0xc, 0x3f, 0xe9, 0x3f, 0xf3, 0x0,
    0x68, 0x93, 0x30, 0x0, 0x7b, 0xbc, 0xc0, 0x10,

    /* U+653E "放" */
    0x0, 0xe1, 0x0, 0xe2, 0x0, 0xff, 0x65, 0x80,
    0x61, 0xd4, 0x0, 0xfe, 0xb5, 0x0, 0xce, 0x8,
    0x1, 0xe3, 0x66, 0x78, 0x4b, 0x30, 0x28, 0xd1,
    0x38, 0x1, 0x73, 0x27, 0x6, 0x98, 0x23, 0x35,
    0xdf, 0x0, 0x23, 0xc2, 0xbf, 0xee, 0x81, 0xdd,
    0x89, 0xb4, 0x3, 0x84, 0x2, 0x35, 0x12, 0x2d,
    0x84, 0x1, 0x8, 0x1a, 0xad, 0x26, 0x6, 0x2,
    0xc, 0x1, 0xe8, 0xaa, 0xa7, 0x89, 0x41, 0x0,
    0xc0, 0x31, 0x86, 0x7d, 0x81, 0x92, 0x50, 0x7a,
    0x0, 0x70, 0x81, 0x0, 0x4, 0x1, 0xa6, 0x8b,
    0xa0, 0x1c, 0xe0, 0x20, 0x20, 0x12, 0x1d, 0x3,
    0x0, 0x71, 0x88, 0x0, 0xcc, 0x1, 0x50, 0xb8,
    0x7, 0xb1, 0x0, 0x2, 0x20, 0xa, 0x81, 0x88,
    0x3, 0x93, 0x0, 0x1e, 0xe0, 0xb, 0x3a, 0xf,
    0x10, 0x9, 0xc1, 0x15, 0x98, 0x43, 0x89, 0x6b,
    0xa5, 0x84, 0x0, 0x95, 0x2b, 0x93, 0xdf, 0x2b,
    0x40, 0x3c, 0x3f, 0x0, 0x6c, 0x7, 0x7e, 0xa4,
    0x62, 0x0, 0x47, 0xfc, 0x0,

    /* U+6570 "数" */
    0x0, 0xe1, 0x0, 0xff, 0xe0, 0xb, 0x1, 0x70,
    0x83, 0x8, 0x46, 0x0, 0x7a, 0x10, 0x2, 0x58,
    0x0, 0x22, 0x0, 0x38, 0x6a, 0x40, 0x7, 0x74,
    0x22, 0x3e, 0x33, 0xc0, 0x61, 0x68, 0xf, 0x20,
    0x4c, 0x13, 0x99, 0x82, 0xa6, 0xe0, 0x22, 0xa6,
    0xa5, 0xb7, 0x46, 0xda, 0x13, 0xbc, 0x0, 0x4c,
    0xde, 0x11, 0x11, 0x7, 0xc8, 0x0, 0xd9, 0x20,
    0x7c, 0xfa, 0x24, 0x0, 0x22, 0x0, 0x2e, 0x2d,
    0x42, 0xed, 0x5f, 0x48, 0x6, 0xa, 0x0, 0xef,
    0x48, 0xc1, 0x4d, 0x44, 0x9, 0x21, 0x8, 0x1,
    0x95, 0xd5, 0x91, 0x6, 0x0, 0x45, 0xb5, 0x0,
    0xa6, 0x50, 0x31, 0x35, 0xa0, 0xe, 0x83, 0xb0,
    0xa, 0xa4, 0x33, 0x74, 0x4c, 0x0, 0x50, 0x33,
    0x0, 0x6c, 0x8, 0x28, 0x29, 0x0, 0x38, 0x19,
    0x80, 0x34, 0x68, 0xeb, 0xc0, 0x82, 0xc4, 0xa6,
    0x90, 0x4, 0x76, 0x86, 0xb3, 0x26, 0xa7, 0x6b,
    0x3c, 0x30, 0xcc, 0x2d, 0xe5, 0x67, 0x4b, 0xc0,
    0x3, 0xb, 0xc3, 0xf7, 0x10, 0x0, 0x6f, 0x70,
    0x1, 0xe, 0x70,

    /* U+6574 "整" */
    0x0, 0xc2, 0x80, 0x1c, 0x66, 0x0, 0xf0, 0x89,
    0x24, 0x46, 0x0, 0x7d, 0x80, 0x76, 0x77, 0x28,
    0xbb, 0xa6, 0x33, 0x14, 0x46, 0xc, 0xff, 0x59,
    0x7f, 0xcd, 0xe6, 0x61, 0x45, 0x0, 0x1f, 0xf5,
    0x17, 0x73, 0x20, 0xde, 0x64, 0x11, 0x0, 0x72,
    0xea, 0x2e, 0xd1, 0x2b, 0x54, 0x53, 0x50, 0x8,
    0xba, 0x8b, 0xb4, 0x29, 0x22, 0xae, 0x40, 0x24,
    0xfa, 0x10, 0xae, 0xd0, 0x1, 0x8, 0x80, 0x3a,
    0x2a, 0x6, 0x74, 0xca, 0xad, 0xe2, 0x6c, 0xc3,
    0x53, 0xcc, 0xdb, 0x6d, 0xf, 0x70, 0xf8, 0xf0,
    0x1d, 0xe4, 0x34, 0x6a, 0xdd, 0x2e, 0x66, 0xe,
    0xb0, 0x3f, 0xe8, 0xae, 0xe6, 0x5c, 0xf7, 0x6a,
    0x0, 0xb3, 0x7f, 0x76, 0x54, 0xdd, 0xe8, 0x0,
    0xcb, 0xa0, 0x19, 0x3f, 0xf7, 0x0, 0x7f, 0xc9,
    0xdd, 0xbc, 0x2, 0x11, 0x0, 0x4, 0x60, 0xf,
    0x84, 0x1, 0xfd, 0x41, 0xdd, 0x2a, 0x77, 0x7a,
    0x0,

    /* U+65AD "断" */
    0x16, 0x0, 0xb9, 0x0, 0x3c, 0x70, 0x60, 0x52,
    0xca, 0x1, 0xa8, 0xa2, 0xfb, 0x1d, 0x40, 0x23,
    0x80, 0x9, 0xc5, 0xdc, 0x33, 0x7e, 0xc0, 0x12,
    0xa, 0x0, 0x27, 0xc0, 0x69, 0xd0, 0x3, 0xd2,
    0x40, 0x68, 0x80, 0xf, 0xf1, 0x32, 0x88, 0xa4,
    0x80, 0x2, 0x3c, 0x1, 0x5e, 0x60, 0x27, 0x24,
    0x7, 0xbb, 0x88, 0x1, 0x5d, 0x41, 0x7d, 0x60,
    0x39, 0x80, 0x8c, 0x20, 0x1, 0x8c, 0x87, 0x88,
    0x18, 0x19, 0x80, 0xcc, 0x1, 0x98, 0x41, 0xf4,
    0x40, 0xc0, 0x3f, 0x24, 0xc8, 0x61, 0x28, 0x44,
    0x1, 0xfb, 0xd9, 0x0, 0x13, 0x5a, 0xc0, 0x1f,
    0xa2, 0x40, 0x30, 0xbe, 0x80, 0x7e, 0x30, 0x4,
    0x28, 0x11, 0x10, 0x3, 0xf7, 0x7f, 0xa7, 0xb6,
    0x88, 0xc0, 0x3c, 0x55, 0x5e, 0x84, 0xa0, 0xf,
    0x85, 0x57, 0xec, 0x70, 0xb, 0xd0, 0x0,

    /* U+65B0 "新" */
    0x0, 0xe1, 0x0, 0xff, 0xe1, 0xce, 0x80, 0x7f,
    0x29, 0x0, 0x99, 0xb8, 0xd0, 0xcc, 0x8, 0xf3,
    0x9f, 0x48, 0x9, 0x98, 0x80, 0xbc, 0xc0, 0x44,
    0x15, 0x53, 0xcc, 0xb, 0xa1, 0xfe, 0xc1, 0xf0,
    0x3, 0xe4, 0xb0, 0x80, 0x44, 0x6, 0x16, 0x80,
    0x1f, 0xe4, 0x52, 0xa5, 0x51, 0xa9, 0x0, 0x7e,
    0x88, 0x3, 0xd0, 0x24, 0x20, 0x3f, 0xff, 0x6,
    0x6e, 0xc1, 0xbb, 0x30, 0x2d, 0x40, 0x55, 0x80,
    0x99, 0x94, 0xc, 0xe0, 0x1d, 0x54, 0x5, 0x40,
    0x8c, 0xc4, 0x86, 0x64, 0x40, 0x1f, 0xa7, 0xb9,
    0x81, 0xfd, 0xe4, 0x62, 0x1, 0xf4, 0x58, 0x1,
    0x3c, 0x40, 0x48, 0x3, 0xc2, 0xd2, 0x0, 0x45,
    0xb3, 0x6, 0x0, 0xf4, 0x21, 0x80, 0x52, 0x34,
    0x24, 0x1, 0xe2, 0x84, 0xb0, 0x1, 0x5b, 0xb0,
    0x7, 0xd6, 0x76, 0xec, 0x0, 0x51, 0x90, 0xf,
    0xef, 0xf4, 0x80, 0x17, 0x84, 0x0, 0x78, 0x0,

    /* U+65E0 "无" */
    0x0, 0x9, 0x17, 0xff, 0x0, 0x3, 0x7e, 0xef,
    0xff, 0x1, 0xc0, 0x2c, 0xce, 0x60, 0xcc, 0xf3,
    0x0, 0x44, 0x67, 0xb8, 0xc, 0xfc, 0x20, 0x1f,
    0xbc, 0x3, 0xff, 0x88, 0x42, 0x1, 0xfd, 0xdf,
    0xfc, 0xa3, 0xff, 0xf4, 0x5, 0x57, 0x81, 0x2a,
    0xbf, 0x2, 0x2a, 0xe1, 0xe, 0x64, 0x55, 0xe2,
    0x0, 0xf6, 0x82, 0x63, 0x80, 0x7f, 0xc4, 0xcc,
    0x10, 0xf, 0xfe, 0xc, 0x85, 0x80, 0x7d, 0xea,
    0x1, 0xa1, 0x24, 0x80, 0x3c, 0x20, 0x1d, 0xe,
    0xcc, 0x0, 0xf8, 0xc0, 0x40, 0x6d, 0xda, 0x40,
    0x21, 0xb6, 0x6a, 0x1, 0xc3, 0x52, 0x64, 0x1,
    0xa0, 0xe6, 0x65, 0x63, 0xe, 0xd6, 0x0, 0xe6,
    0xef, 0xfd, 0x20,

    /* U+65F6 "时" */
    0x0, 0xff, 0xe8, 0x37, 0x80, 0x6, 0x67, 0x88,
    0x3, 0xf8, 0xd9, 0x12, 0x67, 0x0, 0xff, 0xbf,
    0x74, 0x0, 0x67, 0x7d, 0x80, 0xec, 0x1, 0xf4,
    0x47, 0x28, 0x44, 0x0, 0x3e, 0xef, 0xfd, 0x21,
    0xfc, 0x1, 0xf0, 0xc0, 0x7, 0xf6, 0xff, 0x80,
    0x2, 0xd0, 0x1, 0xfa, 0x6a, 0x80, 0x14, 0x38,
    0x80, 0x7c, 0x8a, 0xa0, 0x9, 0x8a, 0xc0, 0x3f,
    0xf8, 0x50, 0x1, 0xff, 0xc3, 0x5a, 0x0, 0xf9,
    0xd1, 0x0, 0x1f, 0xfc, 0x1a, 0xbb, 0x0, 0x7f,
    0xf0, 0x6f, 0x76, 0x50, 0x3, 0xbd, 0x62, 0x1,
    0x98, 0x8a, 0x0, 0xa2, 0x23, 0x80, 0x0,

    /* U+660E "明" */
    0x0, 0xfc, 0xab, 0xf0, 0x7f, 0xf2, 0x5, 0xd5,
    0x78, 0x1, 0x13, 0x20, 0xd, 0x3f, 0xf5, 0x80,
    0x4a, 0xcc, 0x10, 0xf, 0xfe, 0xad, 0x56, 0x80,
    0xa, 0x99, 0x82, 0x1, 0x8, 0xe0, 0xc, 0xd1,
    0x0, 0xd, 0x17, 0x74, 0x0, 0x59, 0xdc, 0x10,
    0x0, 0x80, 0x7f, 0xf0, 0xf1, 0x9a, 0xd0, 0xf,
    0xc2, 0x9, 0x77, 0x20, 0x4, 0x89, 0x8, 0x28,
    0x6e, 0xe9, 0x0, 0xa6, 0xec, 0x0, 0xd3, 0x0,
    0xfd, 0xbf, 0xf3, 0x32, 0x40, 0x30, 0x80, 0x30,
    0x80, 0x3, 0xe6, 0xa0, 0x4a, 0xae, 0x10, 0x30,
    0xa, 0x8f, 0x40, 0xd, 0x54, 0x59, 0x0, 0xe9,
    0xc1, 0x0, 0x27, 0xfb, 0x9c,

    /* U+663E "显" */
    0x0, 0x22, 0x7f, 0xf0, 0x0, 0x21, 0xbb, 0xff,
    0xe0, 0x10, 0x6, 0xbf, 0xff, 0xd6, 0x1, 0xec,
    0x55, 0xfd, 0x80, 0x1e, 0x59, 0x9f, 0xca, 0x1,
    0xe9, 0xcc, 0xfd, 0x20, 0x1e, 0xbf, 0xff, 0xd6,
    0x1, 0x86, 0xee, 0x52, 0xbb, 0x12, 0xdd, 0xc4,
    0x0, 0x36, 0x44, 0x10, 0x22, 0x4, 0xd1, 0x0,
    0xe0, 0x8, 0xe0, 0xf, 0xf4, 0x68, 0x2, 0x4d,
    0x80, 0x3f, 0x29, 0xc0, 0x0, 0x9e, 0x44, 0x3,
    0xe8, 0x62, 0x0, 0xa0, 0x50, 0x3, 0xca, 0x50,
    0x1, 0xd8, 0xa0, 0x1e, 0x5d, 0x10, 0x1, 0x9c,
    0x26, 0x40, 0x66, 0x13, 0x30, 0x99, 0xdd, 0x99,
    0x94, 0xb3, 0x4, 0xb9, 0x9b, 0x40,

    /* U+666F "景" */
    0x0, 0x19, 0xff, 0xf0, 0x0, 0x21, 0xce, 0xef,
    0xf6, 0x0, 0x74, 0xf7, 0x7e, 0xb0, 0xf, 0x4f,
    0x77, 0xeb, 0x0, 0xf4, 0x77, 0x7e, 0xb0, 0xe,
    0x28, 0xee, 0xb3, 0x7b, 0xab, 0x20, 0x0, 0x86,
    0x67, 0x22, 0xe6, 0x70, 0x8b, 0xfb, 0xbc, 0x88,
    0xee, 0xf6, 0xf7, 0xff, 0xff, 0xb, 0x0, 0x17,
    0xff, 0xfe, 0x90, 0xe, 0x6f, 0xff, 0xca, 0x1,
    0xe6, 0xee, 0xfc, 0xa0, 0x1d, 0x7d, 0x3f, 0xe7,
    0x3f, 0xdd, 0x74, 0x80, 0x64, 0xc9, 0x31, 0x10,
    0xa, 0x65, 0x18, 0x1, 0x76, 0xd3, 0x59, 0x14,
    0x41, 0xf4, 0x72, 0xcb, 0x17, 0xa5, 0xee, 0xc7,
    0x20, 0x2, 0xad, 0x16,

    /* U+6682 "暂" */
    0x0, 0x94, 0xc0, 0x3f, 0xf8, 0x23, 0x4e, 0x1,
    0xc4, 0x8f, 0x5a, 0x11, 0xfc, 0x17, 0xff, 0x1f,
    0xed, 0xd1, 0xd8, 0x46, 0x5, 0x4e, 0x77, 0x1c,
    0x7b, 0xf6, 0x58, 0x1, 0x28, 0xb0, 0xc2, 0x20,
    0x12, 0x33, 0xc4, 0x2a, 0x9e, 0x35, 0xf4, 0x0,
    0xcc, 0xee, 0x1e, 0xe8, 0x67, 0xa8, 0xb, 0xfc,
    0xc9, 0xf8, 0x26, 0x4a, 0x39, 0x2e, 0x6c, 0x1,
    0xea, 0xff, 0x81, 0x84, 0x55, 0xa0, 0x1e, 0xbd,
    0xcb, 0x6f, 0x94, 0x43, 0x0, 0x37, 0x80, 0x33,
    0xf3, 0xef, 0x63, 0xf7, 0x54, 0x60, 0x1b, 0xcf,
    0x77, 0xf0, 0x88, 0x3, 0xc6, 0x7f, 0x84, 0x3,
    0xc5, 0xff, 0xf8, 0x40, 0x3c, 0x5f, 0xff, 0x84,
    0x3, 0xc5, 0xbb, 0xf8, 0x40, 0x3c, 0x5f, 0xff,
    0x84, 0x40, 0x0,

    /* U+66F4 "更" */
    0x15, 0x5f, 0xfe, 0x12, 0x2, 0xd5, 0x7f, 0xf0,
    0xa0, 0x13, 0xff, 0xd2, 0x1f, 0xfe, 0xc0, 0x8,
    0xd1, 0x37, 0x82, 0x27, 0x10, 0x6, 0xca, 0xac,
    0xe1, 0x55, 0xad, 0x40, 0x3a, 0x3b, 0xa8, 0xe,
    0xec, 0x40, 0x1e, 0x8e, 0xea, 0x3, 0xbb, 0x10,
    0x7, 0x9b, 0x76, 0x60, 0xdd, 0xc2, 0x1, 0xee,
    0x33, 0xb8, 0xc, 0xf8, 0x3, 0xd3, 0xff, 0x48,
    0x7f, 0xe2, 0x0, 0xec, 0x9c, 0xc9, 0x4b, 0x33,
    0x98, 0x3, 0x14, 0xd1, 0x99, 0xdc, 0x67, 0xc2,
    0x1, 0x86, 0xdb, 0x18, 0xa4, 0x3, 0xfe, 0x4c,
    0x39, 0x10, 0xf, 0xf9, 0x27, 0x41, 0x4f, 0x3f,
    0x25, 0xd9, 0x50, 0x1f, 0xed, 0x27, 0xab, 0x75,
    0x2a, 0x55, 0x15, 0x40, 0x5a, 0xed, 0x71, 0x0,
    0x13, 0x4d, 0xef, 0x7f, 0x0,

    /* U+6700 "最" */
    0x0, 0x47, 0x77, 0xfa, 0x80, 0x31, 0x2e, 0xef,
    0xe4, 0x10, 0xe, 0x5e, 0xef, 0xc8, 0x1, 0xe4,
    0xff, 0xfc, 0xe0, 0x1e, 0x4f, 0xff, 0xce, 0x1,
    0xd1, 0xbd, 0xdf, 0xb6, 0x40, 0x6, 0x8c, 0xef,
    0xfe, 0x64, 0x44, 0xca, 0xe6, 0x6b, 0xa9, 0x9f,
    0xa2, 0xa4, 0x37, 0x65, 0x6c, 0xee, 0xf6, 0x0,
    0x5f, 0xf2, 0x82, 0xe7, 0x75, 0xbc, 0x1, 0xbf,
    0xe5, 0x4, 0x1b, 0xdd, 0x1a, 0x80, 0x6f, 0xf9,
    0x40, 0x17, 0x5, 0x7, 0x20, 0x1b, 0xfe, 0x51,
    0x12, 0xbe, 0x3e, 0x88, 0x11, 0x84, 0x56, 0x2b,
    0x68, 0x98, 0x82, 0x0, 0x22, 0xd4, 0x76, 0x51,
    0x93, 0xdb, 0x6a, 0x7a, 0x2b, 0x2a, 0x5d, 0x44,
    0x6b, 0xc2, 0x5e, 0x8f,

    /* U+6709 "有" */
    0x0, 0xf8, 0xc8, 0x3, 0xff, 0x87, 0xb4, 0x1,
    0xfc, 0x24, 0x59, 0x87, 0x8, 0xbf, 0x5, 0xee,
    0xe9, 0xb, 0xdd, 0xfc, 0x17, 0xbb, 0x38, 0x66,
    0xef, 0xee, 0x1, 0x22, 0x3, 0xb8, 0xc8, 0xbf,
    0x8, 0x6, 0xf0, 0x7f, 0xff, 0xb8, 0x3, 0xac,
    0x9a, 0xef, 0xe6, 0x0, 0xea, 0x40, 0xe4, 0x4f,
    0xbc, 0x3, 0x5a, 0xd9, 0x47, 0xff, 0xd2, 0x1,
    0x8b, 0x10, 0x1b, 0x33, 0xe7, 0x0, 0xd2, 0x60,
    0xe, 0x33, 0xfb, 0x80, 0x3f, 0x4e, 0xef, 0xd0,
    0x1, 0xf9, 0x22, 0x3e, 0x70, 0xf, 0xda, 0xab,
    0xf7, 0x80, 0x7f, 0xf0, 0x4d, 0x11, 0xa6, 0x1,
    0xff, 0xc0, 0x8b, 0xb2, 0xd8, 0x7, 0xbd, 0x80,
    0x35, 0xff, 0xb9, 0x80, 0x0,

    /* U+671F "期" */
    0x0, 0x2d, 0x80, 0x5a, 0x60, 0x1f, 0xc3, 0xac,
    0x67, 0x12, 0x8c, 0x7f, 0xf0, 0x84, 0xb9, 0x66,
    0x41, 0x2c, 0x7, 0x76, 0xa0, 0xa, 0x24, 0xff,
    0xe0, 0xb7, 0x6, 0x44, 0x80, 0x38, 0x51, 0x20,
    0xf, 0xfe, 0x9, 0x4c, 0xc0, 0x19, 0x7f, 0xdc,
    0x1, 0xc7, 0xbb, 0x0, 0x63, 0xbb, 0x50, 0x7,
    0x9, 0x9c, 0x1, 0x99, 0x12, 0x0, 0xe2, 0xcc,
    0x80, 0x3f, 0xf8, 0x27, 0xff, 0x0, 0x42, 0xce,
    0xe9, 0x0, 0x8b, 0x84, 0xce, 0x2, 0x21, 0x95,
    0x51, 0x40, 0x2f, 0x72, 0xcc, 0x82, 0x6c, 0x67,
    0x75, 0x80, 0x16, 0xfd, 0x5f, 0xc6, 0xfc, 0xa9,
    0x0, 0x7c, 0x74, 0x61, 0xd8, 0x68, 0x28, 0x1,
    0xe3, 0xd6, 0x70, 0x97, 0xa9, 0x41, 0x24, 0x90,
    0x10, 0xf4, 0x90, 0xa, 0x78, 0xa0, 0x2a, 0xdd,
    0x80, 0x1b, 0x40, 0x1c, 0xf6, 0x61, 0x1f, 0xe9,
    0x0,

    /* U+672A "未" */
    0x0, 0xfc, 0xa4, 0x1, 0xff, 0xc3, 0xb5, 0x0,
    0xff, 0xe7, 0x23, 0x37, 0x6, 0xb3, 0x70, 0x80,
    0x5b, 0x11, 0xc2, 0xb1, 0x1c, 0x40, 0x14, 0xf7,
    0x70, 0xc7, 0x77, 0x18, 0x7, 0xff, 0x1c, 0x8c,
    0xfc, 0x1c, 0x67, 0xe1, 0xe, 0xcc, 0xf0, 0xb6,
    0x67, 0x90, 0x33, 0xbb, 0x88, 0x0, 0xdd, 0xdc,
    0xa0, 0x1, 0x1d, 0x66, 0x26, 0xc8, 0x23, 0x80,
    0x3d, 0x2b, 0xa1, 0x6f, 0x4a, 0x1, 0xfa, 0x9a,
    0xcc, 0x1, 0xd, 0x4c, 0x1, 0xc7, 0xa9, 0x68,
    0x1, 0xa5, 0xe6, 0x84, 0x1, 0x38, 0x38, 0x80,
    0x1e, 0x89, 0x5f, 0x40, 0x38, 0xc2, 0x0, 0xfc,
    0xda, 0x4e, 0x14, 0xe0, 0x1f, 0xf1, 0x61, 0x80,

    /* U+672C "本" */
    0x0, 0xf8, 0xdc, 0x3, 0xff, 0x86, 0x92, 0x1,
    0xff, 0xce, 0x33, 0xf7, 0x9, 0x9f, 0x88, 0xf,
    0x33, 0xcc, 0x19, 0x9e, 0x90, 0x3d, 0xde, 0x40,
    0xa, 0xf7, 0x75, 0x0, 0x8, 0xb0, 0x23, 0x9,
    0xe9, 0x16, 0x10, 0xf, 0x4a, 0xf0, 0x43, 0x10,
    0x7, 0xf2, 0xa4, 0x0, 0x10, 0xe4, 0x3, 0xf0,
    0xdb, 0x90, 0x5, 0xc8, 0xe0, 0x1f, 0x61, 0xc0,
    0x6, 0x27, 0x85, 0x0, 0xeb, 0x3f, 0x0, 0xf4,
    0x25, 0x20, 0x5, 0x69, 0x42, 0x66, 0xe1, 0x33,
    0xa4, 0xad, 0x42, 0x92, 0x97, 0x32, 0x60, 0xcc,
    0xab, 0xe, 0x8a, 0x69, 0x47, 0x76, 0x71, 0xdd,
    0xa4, 0x76, 0x48, 0xd4, 0x0, 0x45, 0x78, 0x11,
    0x42, 0x2, 0xc0, 0x1f, 0xfc, 0x60,

    /* U+673A "机" */
    0x0, 0x91, 0x40, 0x3f, 0xf8, 0x79, 0x20, 0x11,
    0x19, 0xe2, 0x0, 0xff, 0xb7, 0x33, 0x80, 0x3f,
    0xf8, 0xf, 0x98, 0x70, 0xe, 0xcf, 0x73, 0xff,
    0x8, 0x71, 0x9b, 0x80, 0x3a, 0x24, 0xca, 0x64,
    0x20, 0x1f, 0xe4, 0x62, 0x16, 0x60, 0x7, 0xff,
    0x1, 0x4, 0x88, 0x1, 0xff, 0xc1, 0xe0, 0x1d,
    0x40, 0xf, 0xf8, 0x95, 0xd, 0xec, 0xc0, 0xc0,
    0x3f, 0x42, 0x18, 0x44, 0x90, 0x8, 0x7, 0xc2,
    0xb0, 0x1, 0x30, 0x1, 0xc0, 0x38, 0x98, 0x58,
    0xc0, 0x31, 0x1, 0x80, 0x73, 0x48, 0x48, 0x7,
    0x59, 0x80, 0x7c, 0x20, 0x1f, 0x35, 0x0, 0x7f,
    0xf0, 0xa0, 0x98, 0x3, 0xa, 0xf1, 0x80, 0x71,
    0xb7, 0x0, 0x67, 0x2a, 0x5a, 0x0, 0xa3, 0xf,
    0x88, 0x3, 0xe, 0xff, 0x9c,

    /* U+6750 "材" */
    0x0, 0x85, 0x80, 0x3f, 0x29, 0x0, 0x72, 0xc8,
    0x7, 0xeb, 0x50, 0xf, 0xfe, 0xce, 0xfd, 0x87,
    0xf9, 0xaf, 0xbb, 0xc, 0x74, 0x4, 0x4a, 0x4,
    0xc9, 0x3a, 0x66, 0x30, 0x49, 0xc0, 0x56, 0x70,
    0x66, 0x12, 0xbb, 0x98, 0x83, 0x1d, 0x0, 0x6,
    0x60, 0xa0, 0xe, 0x82, 0x10, 0xe, 0x92, 0x4,
    0xc1, 0x0, 0x1b, 0x48, 0x7, 0x12, 0xd8, 0x60,
    0xc8, 0x3, 0x95, 0x0, 0x3a, 0x14, 0x80, 0xb2,
    0x2, 0x8e, 0xc0, 0x38, 0x96, 0x0, 0x21, 0x8,
    0x5a, 0x10, 0xe, 0x28, 0x20, 0xd, 0xf, 0x28,
    0x1, 0xf3, 0x80, 0x68, 0x78, 0x60, 0xf, 0xfe,
    0xd, 0xcb, 0x80, 0x7f, 0xf0, 0x8d, 0x80, 0x55,
    0x4e, 0x22, 0x0, 0xff, 0x8a, 0xa9, 0x6, 0xe0,
    0x0,

    /* U+675F "束" */
    0x0, 0xfc, 0xc6, 0x1, 0xff, 0xc3, 0x84, 0x0,
    0xfc, 0x8a, 0xbe, 0x1d, 0x55, 0xf1, 0x4, 0x55,
    0x78, 0x16, 0xab, 0xce, 0x19, 0xff, 0xe1, 0x8f,
    0xff, 0x28, 0x4, 0x23, 0xc0, 0x1, 0x1e, 0x0,
    0xd1, 0xdd, 0xc3, 0x1d, 0xdc, 0x20, 0x18, 0xbb,
    0xb0, 0xc7, 0x75, 0x40, 0x1e, 0x11, 0xe0, 0x0,
    0x8e, 0x0, 0xf0, 0x99, 0xe0, 0xe3, 0x38, 0x80,
    0x3c, 0x59, 0x98, 0x5b, 0x32, 0x90, 0xe, 0x8f,
    0xfb, 0x44, 0x0, 0xdf, 0xf8, 0x40, 0x3c, 0x98,
    0x82, 0xaf, 0x62, 0x1, 0xf0, 0xcd, 0xb5, 0x6,
    0xe3, 0x7a, 0x80, 0x61, 0x8e, 0x4b, 0x80, 0x8,
    0xb5, 0xab, 0x14, 0x1, 0xcd, 0x1a, 0x80, 0x1e,
    0x8d, 0x6a, 0x70, 0xce, 0x70, 0xf, 0xe2, 0xae,
    0x60,

    /* U+6765 "来" */
    0x0, 0xfc, 0xc8, 0x1, 0xff, 0xc3, 0xbc, 0x0,
    0xfe, 0x22, 0xf0, 0x9, 0x17, 0x8, 0x5, 0x9b,
    0xbc, 0x4d, 0xbb, 0xd6, 0x1, 0x66, 0x2f, 0x76,
    0x26, 0xdd, 0xab, 0x6c, 0x2, 0x29, 0x91, 0x91,
    0x0, 0x48, 0x81, 0x6a, 0x20, 0x1a, 0xce, 0x80,
    0x38, 0x7c, 0x9c, 0x3, 0x87, 0x51, 0x0, 0x1a,
    0xf, 0x40, 0x32, 0x2a, 0x9a, 0x5, 0x40, 0x97,
    0x25, 0x15, 0x46, 0x15, 0x5a, 0x2a, 0x84, 0xb5,
    0x48, 0xaa, 0xa4, 0x3b, 0xff, 0x8c, 0x0, 0xdf,
    0xfd, 0x40, 0x1c, 0x38, 0x24, 0x8d, 0x20, 0x1f,
    0xc9, 0xe3, 0x80, 0x78, 0xf8, 0x40, 0x1c, 0x33,
    0x69, 0xa2, 0x0, 0x3c, 0xd, 0x81, 0x0, 0x4f,
    0x3d, 0x50, 0x3, 0x8b, 0x21, 0xf9, 0xc0, 0xdf,
    0xd4, 0x3, 0xf3, 0xf3, 0x10, 0x54, 0x8, 0x7,
    0xf8, 0x65, 0x40,

    /* U+677E "松" */
    0x0, 0x91, 0x80, 0x3e, 0x22, 0x0, 0x7b, 0x28,
    0x3, 0x2b, 0x84, 0x40, 0x3, 0xff, 0x81, 0x3e,
    0x18, 0xa0, 0x1f, 0xf1, 0x1d, 0x83, 0x82, 0x80,
    0x59, 0xee, 0x7f, 0xe1, 0xa3, 0x30, 0xa, 0xc8,
    0x5, 0x14, 0x65, 0x54, 0x37, 0x90, 0xa, 0x4d,
    0x0, 0x8, 0xa4, 0x2a, 0xa8, 0x25, 0x0, 0x8d,
    0x24, 0x2, 0x51, 0x22, 0x22, 0xc8, 0x36, 0x0,
    0x24, 0xa8, 0x1, 0xc2, 0x2c, 0x9, 0x40, 0xb7,
    0x0, 0x15, 0x68, 0x1a, 0x39, 0xa5, 0xa0, 0x19,
    0x78, 0x4, 0xae, 0x1e, 0xc2, 0x15, 0x24, 0x12,
    0x28, 0x4a, 0x1, 0x8a, 0x0, 0x26, 0x1, 0x56,
    0x7, 0xa1, 0x0, 0xb4, 0x40, 0x3a, 0x2, 0x41,
    0x4a, 0x40, 0x23, 0x0, 0xe2, 0x67, 0x10, 0x5,
    0x30, 0x7, 0xf4, 0x87, 0x3c, 0x4e, 0xb, 0x0,
    0x7e, 0x70, 0x99, 0x29, 0x9, 0xd8, 0x7, 0xed,
    0xef, 0xed, 0xba, 0xf1, 0x10,

    /* U+6781 "极" */
    0x0, 0x8d, 0x0, 0x3f, 0xf8, 0x77, 0x0, 0x4a,
    0xbf, 0x80, 0x3f, 0x5d, 0x57, 0xe0, 0xf, 0xd3,
    0xe7, 0x3f, 0xf3, 0x18, 0x5, 0x5e, 0xe7, 0xfc,
    0x2, 0x1, 0x9a, 0x80, 0x29, 0xa4, 0x2a, 0xb0,
    0x7, 0x0, 0x18, 0x18, 0x2, 0x35, 0x61, 0x55,
    0x1, 0xa0, 0x2, 0x8d, 0x98, 0x1, 0x11, 0x4,
    0x2, 0x13, 0x20, 0x12, 0x89, 0x10, 0x5, 0x81,
    0x69, 0x8, 0xa, 0x86, 0xf3, 0x10, 0x80, 0xb2,
    0x1b, 0x7a, 0x84, 0x48, 0x4, 0xf4, 0x0, 0x93,
    0x30, 0x5c, 0x99, 0x30, 0x38, 0x40, 0xb8, 0x1,
    0xe0, 0x2, 0x4c, 0x40, 0x88, 0x2b, 0xd8, 0x5,
    0x28, 0x1, 0xa, 0x60, 0x32, 0x52, 0x28, 0x4,
    0xc0, 0x1a, 0x45, 0x40, 0x98, 0x18, 0x40, 0x3e,
    0x17, 0x90, 0x3c, 0xc, 0xf, 0x40, 0xf, 0x48,
    0xb4, 0xe2, 0x69, 0xea, 0xdc, 0x0, 0x74, 0xd1,
    0xbc, 0xd0, 0x5, 0x71, 0xe0, 0x14, 0x60, 0xa1,
    0x73, 0x0, 0x73, 0xb8,

    /* U+679C "果" */
    0x0, 0x1a, 0x27, 0xfc, 0x20, 0x1b, 0xae, 0xff,
    0xe5, 0x0, 0xe7, 0xff, 0xa0, 0x7f, 0xf0, 0x7,
    0xc2, 0x67, 0x78, 0x19, 0xe0, 0xf, 0x9b, 0x32,
    0x71, 0xcc, 0xc0, 0x1f, 0x3f, 0xfd, 0x3, 0xff,
    0x80, 0x3e, 0x24, 0x4b, 0x81, 0x13, 0x0, 0x78,
    0x56, 0xee, 0x61, 0xbb, 0xc0, 0x1e, 0xcf, 0xfd,
    0x3, 0xff, 0xc8, 0x0, 0x25, 0x5f, 0x68, 0x2a,
    0xf9, 0x1, 0xee, 0xfc, 0xa3, 0x57, 0x7d, 0xe0,
    0xbd, 0xdb, 0xc, 0x2, 0x8e, 0xed, 0x60, 0x1c,
    0xfa, 0x90, 0x39, 0x16, 0x40, 0x1c, 0x2f, 0xd5,
    0x72, 0x0, 0x3f, 0x1d, 0xb4, 0x0, 0x3f, 0x54,
    0x6a, 0x0, 0x61, 0xac, 0xb, 0xe0, 0x5b, 0xd6,
    0x0, 0xfc, 0x77, 0xd4, 0x0,

    /* U+6838 "核" */
    0x0, 0x90, 0x80, 0x39, 0x1c, 0x3, 0xf4, 0x50,
    0x7, 0x14, 0x0, 0x7f, 0xf0, 0xd0, 0x14, 0x3,
    0xfc, 0x59, 0x97, 0x5, 0xe6, 0x50, 0xa, 0xc2,
    0x6c, 0xc7, 0x70, 0x1a, 0x2b, 0xbd, 0xe1, 0x30,
    0x49, 0x1, 0x76, 0x14, 0xbb, 0x45, 0x5b, 0x86,
    0x78, 0x3f, 0x20, 0x50, 0x50, 0xe, 0xc8, 0x6,
    0x60, 0x20, 0x4, 0xad, 0x3b, 0xb4, 0xa0, 0x3,
    0x50, 0x2d, 0x83, 0x84, 0x44, 0x5c, 0x4, 0x0,
    0x50, 0x36, 0x64, 0x77, 0xf9, 0xc3, 0x4a, 0x70,
    0x1, 0x16, 0x3, 0x90, 0x3, 0x6d, 0x66, 0xad,
    0x40, 0x80, 0xc0, 0x1, 0x5, 0xf6, 0xd4, 0x3a,
    0x74, 0x4, 0x90, 0xd, 0x74, 0xda, 0x49, 0x8b,
    0x0, 0x12, 0x0, 0x6f, 0xd8, 0x7, 0xb0, 0x61,
    0x0, 0xfc, 0x84, 0x9b, 0x13, 0xa5, 0x84, 0x1,
    0xf2, 0x65, 0xb6, 0xb1, 0x78, 0x61, 0x80, 0x78,
    0x9e, 0xec, 0x40, 0x1, 0xd5, 0x0,

    /* U+6B21 "次" */
    0x0, 0xfc, 0x20, 0x1f, 0x94, 0x3, 0x9b, 0x84,
    0x3, 0xc5, 0x4c, 0x1, 0xa9, 0x4, 0x3, 0xc4,
    0xd2, 0x20, 0x2, 0x31, 0x55, 0xf0, 0x84, 0x5,
    0x80, 0x2c, 0x16, 0xab, 0xc8, 0x3, 0xa, 0x44,
    0x68, 0xff, 0xea, 0x4, 0x0, 0x3d, 0x14, 0x93,
    0x87, 0xa8, 0x2, 0x18, 0x40, 0x25, 0x34, 0x80,
    0xe, 0x42, 0xb0, 0xe, 0x3b, 0x50, 0x10, 0x9,
    0xdc, 0x40, 0x12, 0xf0, 0x20, 0x0, 0x83, 0x0,
    0xe0, 0x3, 0x71, 0x0, 0x64, 0x7, 0x0, 0xf0,
    0xa5, 0x0, 0x69, 0x51, 0x50, 0xe, 0x70, 0x70,
    0xa, 0x6, 0x1e, 0xc4, 0x3, 0x52, 0x8, 0x1,
    0x5e, 0xa, 0xf, 0x40, 0x22, 0x3d, 0x0, 0x3d,
    0x2b, 0x80, 0x38, 0xf0, 0x42, 0x81, 0xc6, 0xe1,
    0xa8, 0x2, 0x3c, 0x3f, 0x5a, 0x91, 0x74, 0x99,
    0x0, 0x71, 0xe9, 0x61, 0x30, 0x37, 0x30, 0x7,
    0xc5, 0x92,

    /* U+6B63 "正" */
    0x1f, 0xff, 0xfe, 0x11, 0x8b, 0xbf, 0xc0, 0x8e,
    0xfc, 0x41, 0x11, 0xf0, 0x64, 0x47, 0x8, 0x4,
    0x20, 0x1f, 0xfc, 0x25, 0xe1, 0x0, 0xff, 0xec,
    0x47, 0xfe, 0xd0, 0xf, 0xf2, 0x44, 0x6b, 0x0,
    0xff, 0x63, 0xbe, 0x60, 0xf, 0xff, 0x29, 0x19,
    0x2, 0x99, 0xc1, 0xc6, 0x7c, 0x59, 0x88, 0xb,
    0xcc, 0x81, 0xb3, 0x3a, 0x73, 0x3f, 0xf8, 0x72,

    /* U+6C34 "水" */
    0x0, 0xf8, 0x48, 0x3, 0xff, 0x86, 0xd8, 0x1,
    0xff, 0xd5, 0x11, 0x0, 0x42, 0xa0, 0x1f, 0xf2,
    0x0, 0x7, 0x68, 0x41, 0x7f, 0xf7, 0x0, 0x5c,
    0x3, 0xa7, 0x62, 0xf, 0x11, 0x28, 0x6, 0x44,
    0x61, 0x62, 0x0, 0x9, 0xde, 0x4, 0x0, 0xa,
    0xd9, 0xe1, 0x80, 0x7c, 0xbe, 0x1, 0x48, 0x69,
    0x0, 0x7c, 0xc0, 0x80, 0x11, 0xa4, 0x0, 0x7e,
    0xb6, 0x10, 0xd, 0x28, 0xc0, 0x1e, 0x72, 0xb0,
    0xe, 0x28, 0x94, 0x0, 0xc5, 0x10, 0x20, 0xf,
    0x3a, 0xda, 0x80, 0x7, 0x9, 0xc0, 0x3f, 0x52,
    0x54, 0x4, 0x6, 0x0, 0x7f, 0xad, 0x1c, 0x6f,
    0x44, 0x19, 0xdd, 0x26, 0x1, 0xd7, 0x82, 0x46,
    0x0, 0xc8, 0x80, 0x58, 0x7, 0x8c, 0x0,

    /* U+6CA1 "没" */
    0x0, 0x39, 0x80, 0x44, 0x89, 0xe0, 0xe, 0xbc,
    0x60, 0x5, 0x5d, 0xf8, 0x40, 0x36, 0x3c, 0xc8,
    0x0, 0x5f, 0xf5, 0x0, 0x7d, 0x15, 0xc0, 0x42,
    0x1, 0xfc, 0xa2, 0xa, 0xe6, 0xb4, 0x1, 0x8,
    0x32, 0x98, 0x5f, 0xa8, 0x1e, 0x23, 0x0, 0x48,
    0x89, 0xa4, 0xf, 0x4a, 0xa1, 0xd5, 0x80, 0x75,
    0xf7, 0xb8, 0xd, 0x53, 0x43, 0xff, 0xf8, 0x80,
    0x32, 0xb8, 0x10, 0x4d, 0x56, 0x40, 0x30, 0xc,
    0x4a, 0x10, 0x38, 0xab, 0x3a, 0x38, 0x80, 0x6b,
    0xb0, 0x2, 0xd5, 0x80, 0x7c, 0xe0, 0x3, 0xb,
    0x48, 0x1, 0x62, 0x5f, 0xf, 0x40, 0x3a, 0x41,
    0xc0, 0x27, 0x38, 0x2d, 0x10, 0xe, 0x66, 0x0,
    0x4b, 0xa6, 0xa3, 0x90, 0x20, 0x13, 0xd, 0x94,
    0xf5, 0x36, 0x57, 0x3b, 0xba, 0x8c, 0xd, 0xc9,
    0x19, 0xf6, 0xcc, 0x1, 0x1d, 0xe, 0xc0, 0xb0,
    0xd, 0xf2, 0x40, 0x1c, 0x2f, 0xaa,

    /* U+6CE2 "波" */
    0x0, 0xff, 0xa, 0x0, 0x7c, 0xe0, 0x1f, 0x25,
    0x80, 0x78, 0x67, 0x48, 0x3, 0xff, 0x82, 0x3e,
    0x3a, 0x7d, 0xff, 0x50, 0x7f, 0xe3, 0x0, 0xe,
    0x41, 0x83, 0x55, 0x18, 0x2a, 0x8e, 0x2, 0xe,
    0x20, 0xe0, 0xc, 0x55, 0x60, 0x2a, 0x80, 0x88,
    0x33, 0xe6, 0x1, 0xfe, 0xc9, 0x1, 0xf5, 0xc5,
    0x0, 0x6a, 0x23, 0x41, 0x10, 0xa, 0x0, 0x1b,
    0x66, 0x0, 0xbd, 0xd9, 0xc2, 0xee, 0x50, 0xd,
    0x26, 0x0, 0xa4, 0x5f, 0xfa, 0x41, 0x40, 0x34,
    0x90, 0x0, 0x7d, 0x48, 0x1, 0x6a, 0x20, 0x12,
    0x30, 0x10, 0x32, 0x1c, 0x83, 0x14, 0x0, 0x6d,
    0x22, 0x38, 0x10, 0x72, 0x54, 0xc1, 0x0, 0x67,
    0xa0, 0xc3, 0x0, 0x13, 0x29, 0x38, 0x6, 0x41,
    0x51, 0x6a, 0x2, 0xa6, 0x52, 0xc2, 0x0, 0xb4,
    0xca, 0x5, 0x27, 0x5e, 0xeb, 0x43, 0x68, 0x83,
    0xa8, 0x1e, 0xe9, 0xe3, 0x50, 0xb, 0x25, 0x1c,
    0x1d, 0x83, 0x96, 0x39, 0xc0, 0x39, 0xb9, 0x40,

    /* U+6D88 "消" */
    0x0, 0xfe, 0x14, 0x0, 0xf3, 0x10, 0x1, 0x8,
    0x0, 0xf6, 0x1, 0x28, 0x2, 0xb5, 0x83, 0xfc,
    0x20, 0x1c, 0xd4, 0x61, 0x8f, 0x31, 0x63, 0xa0,
    0x19, 0x26, 0x46, 0x0, 0x8b, 0xc0, 0xd0, 0x10,
    0xb, 0x9d, 0x81, 0x54, 0x8, 0x81, 0x2f, 0x2e,
    0x3, 0x9b, 0x20, 0xda, 0x90, 0x3, 0xe6, 0x4e,
    0x19, 0x96, 0x84, 0x4b, 0x58, 0x0, 0x7b, 0xbd,
    0x0, 0x13, 0x67, 0x0, 0x42, 0x3f, 0x0, 0x63,
    0x50, 0x0, 0xff, 0xfa, 0x40, 0x31, 0xc0, 0x5,
    0x77, 0xe7, 0x0, 0xd6, 0xa0, 0x1, 0x44, 0xf7,
    0x0, 0x65, 0x50, 0x0, 0x7f, 0xfd, 0x20, 0x11,
    0x12, 0xc0, 0x2b, 0xbf, 0x38, 0x4, 0xa2, 0x60,
    0x1, 0x44, 0xf7, 0x0, 0x56, 0xe0, 0x1f, 0x12,
    0xaa, 0x84, 0x4, 0x5a, 0x1, 0xf3, 0xd5, 0xe,
    0x40, 0x75, 0x0, 0xd, 0xe0, 0x12, 0xff, 0xce,
    0x0,

    /* U+6DFB "添" */
    0x1, 0x91, 0x0, 0x11, 0x7f, 0x8, 0x0, 0x9f,
    0x8, 0x77, 0x7f, 0xa4, 0x0, 0x7e, 0x3a, 0x7d,
    0xd4, 0x87, 0x76, 0x80, 0x8, 0x71, 0xc8, 0x46,
    0xf3, 0x11, 0xc0, 0x12, 0x0, 0x21, 0x15, 0x67,
    0x65, 0x5e, 0x20, 0xad, 0x20, 0xaa, 0xc2, 0xb5,
    0x5c, 0xa1, 0xe3, 0x89, 0xdf, 0xc3, 0x1f, 0x41,
    0xbf, 0xe7, 0x1, 0xc4, 0x0, 0xe, 0x13, 0x82,
    0xab, 0x8, 0x3, 0xa9, 0x11, 0xe3, 0xb5, 0x40,
    0xa4, 0xd8, 0x10, 0x1, 0x4b, 0xda, 0x60, 0x80,
    0x6a, 0x97, 0x90, 0x2, 0xbb, 0x57, 0x48, 0x4,
    0xcc, 0x2b, 0xe9, 0x0, 0x62, 0xa, 0xf8, 0x80,
    0x47, 0x64, 0x6e, 0x20, 0x4, 0xc0, 0x24, 0x90,
    0x9, 0x48, 0x93, 0x60, 0x4, 0x4, 0x9, 0x51,
    0x0, 0xcb, 0x4e, 0x48, 0x18, 0x24, 0x2b, 0x6,
    0x8e, 0x61, 0xc0, 0x7, 0x20, 0x17, 0x1, 0xe2,
    0xeb, 0x3a, 0x4, 0x80, 0x86,

    /* U+6E05 "清" */
    0x0, 0x30, 0x7, 0xd7, 0x0, 0x1e, 0x1a, 0xd3,
    0x2d, 0xdc, 0x8d, 0xbb, 0x90, 0x7, 0x1f, 0x3,
    0xbb, 0x1a, 0x77, 0x65, 0x0, 0xaa, 0xc8, 0x40,
    0x3f, 0x84, 0x4, 0x0, 0x81, 0x5f, 0xf1, 0xa7,
    0xfd, 0x0, 0xd, 0xb1, 0x0, 0x4e, 0xec, 0x6f,
    0xbb, 0x50, 0x2, 0x17, 0xb, 0x3b, 0xb1, 0xb7,
    0x77, 0x2, 0x78, 0xde, 0x77, 0x7f, 0x7f, 0x0,
    0x7, 0x24, 0x23, 0xbb, 0xf3, 0x80, 0x65, 0x40,
    0x2, 0xff, 0xf8, 0xc0, 0x3a, 0x74, 0x0, 0xbf,
    0xfe, 0x30, 0xc, 0x27, 0xa0, 0x5, 0xee, 0xf1,
    0x80, 0x67, 0x4, 0x0, 0x2e, 0x67, 0x8c, 0x3,
    0x6a, 0x80, 0x49, 0xff, 0xe2, 0x0, 0x85, 0x3c,
    0x2, 0x12, 0x2e, 0x33, 0x8, 0x0, 0x81, 0x0,
    0x3e, 0x8f, 0xe3, 0x40, 0x1, 0xf8, 0x80, 0x26,
    0x80, 0x28, 0xff, 0x69, 0x0,

    /* U+6E10 "渐" */
    0x0, 0xf9, 0x0, 0x3f, 0xc5, 0x0, 0x11, 0x58,
    0x80, 0x71, 0x3a, 0x0, 0xb5, 0x80, 0x1c, 0x84,
    0x0, 0xf7, 0xdb, 0x6, 0x7, 0xab, 0x3f, 0x45,
    0xfe, 0x7a, 0x79, 0xbf, 0x70, 0x1, 0xe4, 0x50,
    0xbd, 0x51, 0x42, 0x9d, 0x0, 0x26, 0x32, 0x17,
    0x1d, 0xd2, 0x90, 0x7, 0xd9, 0xa6, 0xa, 0x86,
    0x60, 0xb, 0xd5, 0x70, 0x53, 0xe0, 0xd6, 0x80,
    0x73, 0x5d, 0x52, 0x0, 0x13, 0x60, 0x51, 0x4,
    0xe5, 0xa, 0xe2, 0x9d, 0x0, 0x90, 0x66, 0x14,
    0xa1, 0xc0, 0x3f, 0x1f, 0x83, 0x30, 0xd9, 0x84,
    0x2, 0x1, 0xeb, 0x40, 0xc, 0xce, 0x66, 0x70,
    0xf, 0x26, 0x46, 0xfb, 0x95, 0x30, 0x90, 0x7,
    0x9, 0xa7, 0x2d, 0x32, 0x68, 0x8c, 0x1, 0xc8,
    0x26, 0xd0, 0xa2, 0x0, 0xd4, 0x0, 0xf6, 0x20,
    0x7, 0x85, 0xbc, 0x3, 0xdf, 0xc0, 0x1e, 0x23,
    0x50, 0x0, 0x98, 0x1, 0x90, 0x3, 0x45, 0x9e,
    0x0, 0x58, 0xa0,

    /* U+6ED1 "滑" */
    0x0, 0x28, 0x4, 0x46, 0x7f, 0x80, 0x24, 0xaa,
    0x0, 0x2f, 0x3b, 0xbb, 0x70, 0x2, 0x4b, 0x4d,
    0x20, 0x2d, 0xde, 0xb0, 0xe, 0x4f, 0x72, 0x2,
    0xff, 0xb8, 0x3, 0xf0, 0xd0, 0x0, 0xbf, 0xd6,
    0x1, 0xf6, 0x48, 0x1, 0x8, 0xd1, 0x6, 0x29,
    0xa0, 0xa4, 0x10, 0xfa, 0x96, 0xeb, 0xfe, 0xc4,
    0xf3, 0x4a, 0xa0, 0x26, 0x1, 0x7, 0x5d, 0xfe,
    0x30, 0x8, 0xb5, 0x2, 0xff, 0xff, 0x38, 0x6,
    0x80, 0xfe, 0xf, 0xfe, 0x90, 0xb8, 0x0, 0x13,
    0xb0, 0x5, 0xff, 0xd2, 0x1, 0xc8, 0x8, 0x1,
    0x7f, 0xf4, 0x80, 0x76, 0x20, 0x6, 0xee, 0xe9,
    0x0, 0xe4, 0xc0, 0xd, 0xff, 0xd0, 0x1, 0x8c,
    0x54, 0x3, 0x8, 0xc0, 0x7a, 0x20, 0x12, 0x89,
    0x0, 0x7d, 0x3a, 0xae, 0x1, 0x37, 0x0, 0x4f,
    0xc0, 0x14, 0x7f, 0xa4, 0x0,

    /* U+6EE1 "满" */
    0x0, 0xff, 0xe2, 0xa0, 0x6, 0x1f, 0x30, 0x5,
    0xc8, 0x4, 0xb6, 0xe0, 0x46, 0xa0, 0xc6, 0x67,
    0x33, 0x89, 0x6a, 0x27, 0xf6, 0x82, 0xb7, 0x46,
    0xbb, 0xa8, 0x5, 0xbc, 0xde, 0xf0, 0xce, 0xe2,
    0x37, 0x72, 0x84, 0x11, 0x4d, 0x15, 0xdc, 0x88,
    0xdf, 0x44, 0x15, 0x58, 0x3, 0xea, 0x8f, 0x75,
    0x49, 0x8a, 0xa4, 0x4b, 0x68, 0xe7, 0x71, 0xdb,
    0xbc, 0x3b, 0xaa, 0x2c, 0x7, 0x23, 0x31, 0x10,
    0xd4, 0x10, 0xcc, 0x0, 0x1d, 0x68, 0xcd, 0x54,
    0xda, 0xa, 0xdc, 0x20, 0x4, 0x88, 0x3f, 0x2c,
    0x76, 0x8f, 0x78, 0x4, 0x8c, 0x1, 0x9e, 0x9,
    0x84, 0xc0, 0x36, 0x90, 0x80, 0x8, 0x93, 0xf8,
    0x7a, 0x60, 0x12, 0x20, 0x2, 0xb5, 0x6e, 0x6e,
    0x68, 0x0, 0x9, 0x68, 0x0, 0xda, 0xc2, 0x54,
    0xa2, 0xc0, 0xe, 0x8, 0x0, 0x3e, 0x10, 0xcb,
    0x13, 0x70, 0x3f, 0x30, 0xc, 0x20, 0x6, 0x15,
    0xc9, 0x51, 0x9c, 0x0, 0x5c, 0x0, 0x72, 0x7f,
    0xa8, 0x0,

    /* U+6F14 "演" */
    0x0, 0xff, 0x18, 0x7, 0xe4, 0x0, 0xf1, 0xe1,
    0x80, 0x79, 0x2e, 0x0, 0xcf, 0x0, 0xd1, 0x9e,
    0x0, 0x24, 0xbc, 0x6e, 0x66, 0x16, 0xcc, 0xc6,
    0x0, 0x6c, 0xa0, 0xaf, 0xff, 0xb8, 0x2, 0x30,
    0x32, 0xf, 0xff, 0xd0, 0x1, 0x76, 0x8, 0x65,
    0xe6, 0x41, 0x39, 0x88, 0xd3, 0xf, 0x2c, 0x12,
    0x31, 0x18, 0xc, 0x44, 0x64, 0x0, 0x2c, 0x6,
    0x1d, 0xdc, 0x15, 0xbb, 0x28, 0x4, 0x58, 0xe0,
    0xd, 0xff, 0x5, 0xff, 0x84, 0x3, 0xb5, 0x0,
    0x1b, 0xfe, 0xb, 0xff, 0x8, 0x6, 0x23, 0x60,
    0x6, 0x77, 0x2, 0xfb, 0x82, 0x1, 0x94, 0x48,
    0x0, 0xe6, 0x60, 0x13, 0x30, 0x7, 0x5b, 0x80,
    0x57, 0xba, 0xa, 0xdd, 0x8, 0x80, 0x2, 0x7a,
    0x3, 0xfe, 0x8c, 0xff, 0x3f, 0x7a, 0x0, 0x10,
    0x10, 0x6, 0x3a, 0x5c, 0x9, 0x3a, 0x8c, 0x1,
    0xe8, 0xf, 0xcb, 0x1c, 0x80, 0x59, 0x81, 0xc7,
    0xa, 0xa0, 0x25, 0xeb, 0x0, 0x71, 0xde, 0xa8,

    /* U+70B9 "点" */
    0x0, 0xf8, 0x80, 0x3f, 0xf8, 0x47, 0xa6, 0x1,
    0xff, 0xc3, 0xb6, 0x6f, 0x10, 0x7, 0xe7, 0x99,
    0xf3, 0x80, 0x7e, 0xcf, 0xff, 0x28, 0x7, 0xff,
    0x1b, 0xff, 0x60, 0x67, 0xff, 0x0, 0x73, 0x55,
    0x7e, 0x60, 0xf, 0x7a, 0xaf, 0xec, 0x0, 0xff,
    0xe5, 0x7a, 0xaf, 0xec, 0x0, 0xe1, 0x6a, 0xaf,
    0xcc, 0x1, 0xdb, 0xff, 0xfe, 0xc0, 0x8, 0xf0,
    0xc7, 0x4c, 0xb, 0xc8, 0x17, 0x8, 0x1, 0x26,
    0x61, 0x34, 0x2, 0x25, 0x2, 0x9c, 0x81, 0x2c,
    0x0, 0x17, 0x40, 0x14, 0xc0, 0x8, 0x44, 0x49,
    0xa0, 0x0, 0xd8, 0x0, 0xa4, 0x20, 0x88, 0xca,
    0xe0, 0xa, 0x30, 0x0, 0x58, 0x20, 0xb, 0x80,

    /* U+70ED "热" */
    0x0, 0x94, 0x3, 0x12, 0x0, 0x7e, 0x2a, 0x10,
    0x9, 0x28, 0x3, 0xff, 0x94, 0xfb, 0xe1, 0x9b,
    0x1f, 0x23, 0xff, 0x20, 0x0, 0xe9, 0x42, 0xa9,
    0x74, 0xc3, 0x54, 0x1, 0x0, 0x23, 0xd0, 0x33,
    0x9a, 0xf1, 0xaa, 0x80, 0x3c, 0x21, 0x5a, 0xe9,
    0xc2, 0x1, 0xe6, 0xdc, 0x1, 0x80, 0xb6, 0x60,
    0x0, 0x40, 0x35, 0x50, 0x2d, 0x5e, 0xc1, 0x6c,
    0x40, 0xd6, 0x99, 0xdc, 0x1, 0xb8, 0x6d, 0x54,
    0x43, 0xa6, 0x0, 0x10, 0xa, 0x16, 0x93, 0x91,
    0x6d, 0x71, 0xff, 0x8, 0x5d, 0xd2, 0x80, 0x15,
    0x19, 0x95, 0x55, 0x4c, 0x7, 0xb6, 0x1, 0x0,
    0x15, 0x78, 0x13, 0x51, 0x86, 0x28, 0x17, 0x8,
    0x54, 0x88, 0x2, 0x8c, 0x80, 0x50, 0x8, 0xd8,
    0x24, 0xd8, 0x9, 0xa4, 0x0, 0xfa, 0x0, 0xbb,
    0x1, 0x3c, 0x5, 0x12, 0x80, 0x34, 0x80, 0xa,
    0xe0, 0x9, 0x33, 0x46, 0x0, 0x4f, 0x40, 0x2,
    0xb0, 0x0, 0xe9, 0x80,

    /* U+7259 "牙" */
    0x2, 0x2f, 0xfe, 0x10, 0xae, 0xef, 0xff, 0xb,
    0xd7, 0x77, 0xf9, 0xc7, 0x76, 0xc0, 0x20, 0xc6,
    0x22, 0xef, 0x2, 0x2c, 0x0, 0x41, 0x60, 0xf,
    0xfe, 0xe, 0x9, 0x0, 0x7f, 0xf0, 0x50, 0x95,
    0x7d, 0xa2, 0xab, 0x80, 0x23, 0xaa, 0xf2, 0x85,
    0x56, 0x0, 0x77, 0xfe, 0xa0, 0x98, 0x1f, 0xfc,
    0x1, 0xe3, 0xa6, 0x60, 0x7, 0xfc, 0x98, 0x92,
    0x1, 0xff, 0x3d, 0xad, 0x80, 0x7f, 0x86, 0xe1,
    0xe8, 0x3, 0xfd, 0x1c, 0xb7, 0x0, 0x1f, 0xe7,
    0x7b, 0x90, 0x5, 0x56, 0xa3, 0x0, 0xcf, 0xb0,
    0x1, 0xaa, 0xa3, 0x80, 0xc,

    /* U+725B "牛" */
    0x0, 0xf8, 0xe0, 0x3, 0xfc, 0xac, 0x0, 0x57,
    0x0, 0xff, 0x4d, 0x0, 0x7f, 0xf0, 0x44, 0xd0,
    0x3, 0xff, 0x82, 0xe0, 0x2c, 0xcc, 0x6, 0x6e,
    0x50, 0xa, 0x81, 0xa6, 0x4a, 0x13, 0x3d, 0x0,
    0x2, 0x37, 0xff, 0xa4, 0x3f, 0xfb, 0x40, 0x10,
    0x12, 0x1, 0xff, 0xc1, 0x67, 0x10, 0xf, 0xfe,
    0xe, 0x40, 0x7, 0xff, 0x7, 0xbf, 0xfd, 0x21,
    0xff, 0xee, 0x89, 0x9f, 0x28, 0x4c, 0xfa, 0x19,
    0xbe, 0xc0, 0x66, 0xf8, 0x3, 0xff, 0xe8,

    /* U+7269 "物" */
    0x0, 0xcc, 0x20, 0x12, 0x90, 0x7, 0xf1, 0x49,
    0x0, 0x54, 0xe0, 0x1f, 0x15, 0x80, 0x72, 0x82,
    0x80, 0x7c, 0xca, 0x1, 0xd2, 0x68, 0x9e, 0x10,
    0x10, 0x50, 0xb5, 0x33, 0xae, 0xfc, 0xe0, 0x43,
    0x20, 0xdd, 0xe9, 0xa3, 0x54, 0x1d, 0x13, 0xe,
    0x6c, 0xd, 0xe3, 0x90, 0x15, 0x32, 0x20, 0x8,
    0x17, 0x80, 0x44, 0xe4, 0x86, 0x1e, 0xa0, 0x20,
    0x5, 0x20, 0x9, 0xe0, 0x2e, 0xc0, 0x98, 0x0,
    0x70, 0xb4, 0x0, 0x5e, 0x2, 0x93, 0x11, 0x10,
    0x3, 0x2a, 0xa4, 0x1d, 0x86, 0xdc, 0x68, 0xc4,
    0x40, 0x21, 0xd4, 0xc1, 0x95, 0x67, 0x2, 0xd4,
    0x6, 0x6, 0x11, 0xbe, 0x0, 0x95, 0xe0, 0x83,
    0x60, 0x10, 0x9, 0x88, 0x2, 0x3a, 0x34, 0x68,
    0x0, 0x38, 0x8, 0x7, 0xa9, 0x4a, 0x99, 0x40,
    0x2, 0x1, 0xfc, 0x58, 0x52, 0x88, 0x58, 0x30,
    0xf, 0xe5, 0xc0, 0x9b, 0xa1, 0xf0,

    /* U+72B6 "状" */
    0x0, 0xc2, 0xa0, 0x18, 0x58, 0x3, 0xfc, 0x54,
    0x20, 0x11, 0x48, 0xc1, 0x80, 0x7f, 0xf1, 0xb,
    0x44, 0x2, 0x99, 0x0, 0x7f, 0xa8, 0xe8, 0x2,
    0xc6, 0x10, 0xf, 0xf7, 0x80, 0x65, 0x16, 0x0,
    0x95, 0x64, 0x7, 0x57, 0xe4, 0x0, 0xa6, 0x40,
    0x3, 0xaa, 0xa0, 0x26, 0xaa, 0x80, 0x9, 0x86,
    0xc0, 0xff, 0xea, 0xe, 0xff, 0xb0, 0x2, 0x1d,
    0xb0, 0xe, 0x20, 0x50, 0xf, 0xc7, 0x0, 0x1d,
    0xa1, 0x80, 0x1f, 0x16, 0x20, 0x7, 0x21, 0x30,
    0x7, 0x97, 0x46, 0x80, 0x32, 0x8f, 0x8b, 0x0,
    0x75, 0xae, 0x30, 0x6, 0xb6, 0x26, 0x81, 0x0,
    0xd9, 0x40, 0x1d, 0x23, 0x1, 0x1, 0x40, 0x18,
    0x80, 0x39, 0xda, 0x84, 0x6, 0x92, 0x80, 0x3f,
    0x44, 0x1d, 0x40, 0x24, 0x85, 0xb0, 0xf, 0x85,
    0xe0, 0x3, 0x9e, 0x70, 0x3, 0x8f, 0xe2, 0x0,
    0x1f, 0x33, 0x80,

    /* U+7528 "用" */
    0x0, 0x11, 0x7f, 0xf0, 0x41, 0x37, 0x7f, 0xf8,
    0x1c, 0x1, 0x5e, 0x64, 0xc3, 0x99, 0x90, 0x3,
    0x29, 0x9d, 0xc0, 0x67, 0x84, 0x3, 0xff, 0x8f,
    0xfd, 0xd4, 0xf, 0x76, 0x50, 0xc, 0xd3, 0x32,
    0x4, 0xce, 0x30, 0xd, 0x2e, 0xf6, 0xb, 0xbe,
    0x60, 0xf, 0xfe, 0x3b, 0xaa, 0xda, 0x2a, 0xb9,
    0x80, 0x2, 0x13, 0x55, 0x28, 0x55, 0x63, 0x0,
    0x18, 0x7f, 0xe8, 0x1f, 0xfc, 0xa0, 0xc, 0x30,
    0xf, 0xfe, 0xa, 0x20, 0x3, 0xfe, 0x75, 0x1b,
    0x0, 0xf8, 0x99, 0x88, 0x3c, 0x86, 0x1, 0x84,
    0xc1, 0xe6, 0x47, 0xd7, 0x40, 0x1c, 0xda, 0xb,
    0xfe, 0xd4,

    /* U+7535 "电" */
    0x0, 0xf1, 0x0, 0x7f, 0xf0, 0x97, 0x40, 0x3f,
    0xf9, 0xbd, 0xff, 0xa8, 0x3f, 0xfb, 0x80, 0x32,
    0xd5, 0x4c, 0x15, 0x59, 0x40, 0x3b, 0x55, 0x6c,
    0x5, 0x5d, 0xa0, 0x1f, 0xfc, 0x98, 0xff, 0xa8,
    0x3f, 0xf4, 0x0, 0x72, 0xd5, 0x4c, 0x15, 0x59,
    0x40, 0x3b, 0x55, 0x6c, 0x5, 0x5d, 0xa0, 0x1f,
    0xfc, 0x98, 0xff, 0xa8, 0x3f, 0xf4, 0x0, 0x90,
    0x55, 0x73, 0x85, 0x57, 0x93, 0x41, 0x15, 0x76,
    0x82, 0xaf, 0x21, 0x80, 0x7f, 0x8, 0x7, 0x8,
    0x80, 0x3c, 0xc1, 0xa, 0xb9, 0xa5, 0x40, 0x3c,
    0x6c, 0xca, 0xad, 0x27, 0x0,

    /* U+753B "画" */
    0x23, 0x3f, 0xfe, 0x11, 0x4e, 0x67, 0xff, 0xe,
    0xbb, 0xbf, 0xf8, 0x5e, 0x28, 0x42, 0x64, 0x5f,
    0x8, 0x30, 0x84, 0x20, 0x76, 0x67, 0xc0, 0xb0,
    0x1, 0xe8, 0xf8, 0x4f, 0xc0, 0xf, 0xfe, 0x74,
    0x74, 0x27, 0x68, 0x7, 0xf9, 0xf5, 0x8f, 0x60,
    0x3, 0xfd, 0xe7, 0xce, 0x6a, 0x1, 0xff, 0xf,
    0x80, 0xb0, 0x7, 0xfa, 0x39, 0xd3, 0xa8, 0x3,
    0xfb, 0x3f, 0xfe, 0x0, 0xf7, 0x88, 0xff, 0xc0,
    0x19, 0xfb, 0xbf, 0xd4, 0x1, 0x7e, 0x67, 0xfd,
    0x20, 0x0,

    /* U+754C "界" */
    0x0, 0xa, 0xaf, 0xff, 0x0, 0x40, 0x25, 0xab,
    0xbd, 0x54, 0xbb, 0xd4, 0xa0, 0x1d, 0xfd, 0xd1,
    0x4f, 0x75, 0xe0, 0x1f, 0x22, 0x63, 0xf4, 0x4c,
    0x1, 0xf4, 0xc4, 0x42, 0xf1, 0x14, 0x80, 0x7d,
    0xb9, 0x91, 0x46, 0x65, 0xa0, 0x1f, 0x66, 0xec,
    0x51, 0xbb, 0x60, 0x7, 0x2d, 0x44, 0x40, 0x1,
    0x48, 0x8a, 0x94, 0x2, 0x15, 0x53, 0xc9, 0xe4,
    0x36, 0xaa, 0xc2, 0x1, 0x86, 0x34, 0x30, 0xde,
    0xdb, 0x98, 0x3, 0x25, 0x73, 0x20, 0x90, 0x1,
    0x8, 0xe7, 0xe5, 0x2, 0x1a, 0x7b, 0x4c, 0x3,
    0x15, 0x74, 0x2f, 0x86, 0x61, 0x83, 0x8, 0x3,
    0xc2, 0xf9, 0x60, 0x19, 0x16, 0x40, 0x3f, 0xf8,
    0x31, 0x6c, 0xa0, 0x1f, 0xfc, 0x3, 0x78, 0x90,
    0xf, 0xfe, 0x9, 0xfb, 0x80, 0x7b, 0x9c, 0x3,
    0x0,

    /* U+767D "白" */
    0x0, 0xe1, 0x50, 0xf, 0xfe, 0x3, 0x50, 0x7,
    0xff, 0x2, 0x94, 0x3, 0xe6, 0xff, 0xc4, 0xbf,
    0xfe, 0x61, 0x9, 0x9f, 0xf0, 0x4, 0x2c, 0xdf,
    0xe1, 0x0, 0xff, 0xe9, 0x99, 0xff, 0x80, 0x21,
    0xcc, 0xff, 0x8, 0x0, 0x7b, 0xbf, 0xc2, 0x1,
    0x8, 0xff, 0x80, 0x3f, 0xfa, 0x62, 0xab, 0xfe,
    0x10, 0xa, 0xab, 0xfc, 0x1, 0xf, 0xff, 0xf8,
    0x41, 0xf8, 0x3, 0xfd, 0xcc,

    /* U+7684 "的" */
    0x0, 0x8c, 0xc0, 0x18, 0x58, 0x3, 0xf4, 0x78,
    0x6, 0x79, 0x0, 0xfc, 0xa8, 0x1, 0xb5, 0x40,
    0x3c, 0xf0, 0x24, 0xee, 0x1, 0x40, 0x66, 0xc2,
    0x50, 0xc2, 0x91, 0x1, 0x90, 0x59, 0x9c, 0xa0,
    0xc, 0xee, 0x60, 0x1b, 0xc7, 0xfd, 0xc0, 0xe0,
    0x1f, 0x58, 0xb8, 0x7, 0xff, 0x6, 0x34, 0x80,
    0x23, 0x1, 0x0, 0xfe, 0xd4, 0x0, 0xfb, 0x7f,
    0xd8, 0x0, 0x36, 0xa1, 0x1, 0x3, 0x0, 0x3c,
    0xc9, 0xc0, 0x29, 0x3d, 0x0, 0xf5, 0x33, 0x2c,
    0x3, 0x73, 0x8b, 0x80, 0x80, 0x7f, 0x8e, 0xc4,
    0x3, 0xff, 0x88, 0x20, 0x1a, 0x9d, 0xd4, 0x1,
    0xf1, 0x80, 0x67, 0x88, 0x30, 0x8, 0xb, 0x31,
    0xe0, 0x80, 0x2d, 0xff, 0xc0, 0x14, 0xca, 0xe,
    0x40,

    /* U+76AE "皮" */
    0x0, 0xfe, 0x21, 0x0, 0xff, 0xe1, 0xeb, 0x80,
    0x7f, 0x11, 0x78, 0x4, 0x8b, 0x80, 0x22, 0xdd,
    0xf0, 0x46, 0xef, 0x8, 0x6, 0xac, 0xcc, 0x11,
    0x99, 0x30, 0x8, 0x6, 0x63, 0x3c, 0x2, 0x67,
    0x2a, 0x80, 0x3f, 0xf8, 0x75, 0x20, 0x1d, 0x6c,
    0xd8, 0x3d, 0x9a, 0x33, 0x0, 0x73, 0xcc, 0xe0,
    0x69, 0x9a, 0xc0, 0x3d, 0x8a, 0x3d, 0xff, 0xb8,
    0x58, 0x3, 0x8, 0xd, 0x85, 0x80, 0x6a, 0x38,
    0x0, 0xcc, 0x4, 0x34, 0xb0, 0x0, 0x84, 0xe0,
    0xe, 0xd1, 0x0, 0x25, 0x3c, 0x4b, 0xd9, 0x80,
    0x72, 0x38, 0x4, 0xae, 0xe6, 0x94, 0x0, 0xe2,
    0x3c, 0x0, 0x14, 0xb9, 0x12, 0x68, 0xc0, 0x34,
    0xa, 0x2d, 0xeb, 0xce, 0xea, 0x5f, 0x36, 0x50,
    0x1a, 0x5e, 0x9a, 0x79, 0x80, 0xd, 0xb6, 0x8f,
    0x81, 0x8e, 0xd9, 0xac, 0x1, 0xe4, 0x9e, 0x80,

    /* U+76F4 "直" */
    0x0, 0xf8, 0x88, 0x1, 0xff, 0xc2, 0x98, 0x0,
    0xf9, 0x7f, 0xfc, 0x8b, 0xff, 0xe5, 0x4c, 0xcf,
    0x1a, 0x66, 0x79, 0x4, 0xcf, 0xce, 0x26, 0x7e,
    0x10, 0x3, 0xff, 0xe4, 0x5f, 0xfd, 0x0, 0x1c,
    0x3b, 0xbf, 0x88, 0x3, 0xff, 0x94, 0x39, 0x9f,
    0x88, 0x3, 0xc5, 0xdd, 0xf8, 0x80, 0x3c, 0x5f,
    0xff, 0x88, 0x3, 0xc3, 0xbb, 0xf8, 0x80, 0x3e,
    0x11, 0xfc, 0x1, 0xf0, 0xe6, 0x7e, 0x20, 0xf,
    0x17, 0xff, 0xe2, 0x0, 0x8c, 0xdc, 0x67, 0xfc,
    0x4, 0x66, 0xcc, 0x30, 0xe6, 0x7e, 0x25, 0xcc,
    0x0,

    /* U+771F "真" */
    0x0, 0xff, 0xe5, 0xdc, 0x80, 0x7d, 0x1f, 0xfe,
    0x46, 0xff, 0xf3, 0x4e, 0xef, 0x8d, 0x77, 0x7c,
    0xe2, 0x46, 0x1, 0x9c, 0x3, 0x88, 0x82, 0x0,
    0x6d, 0xcc, 0x95, 0x33, 0x2d, 0x60, 0xe, 0x2e,
    0xef, 0xc2, 0x1, 0xe2, 0xee, 0xfc, 0x20, 0x1e,
    0x2e, 0xef, 0xc2, 0x1, 0xe2, 0xff, 0xfc, 0x20,
    0x1e, 0x2f, 0xff, 0xc2, 0x1, 0xe2, 0xff, 0xfc,
    0x20, 0x10, 0x97, 0x96, 0xef, 0xe1, 0x11, 0xf,
    0xeb, 0x96, 0xef, 0xe1, 0x8d, 0xd7, 0x7f, 0xd4,
    0x7b, 0xfe, 0xb6, 0xbf, 0xfb, 0x0, 0xa3, 0x69,
    0x4c, 0x0, 0xe7, 0x7d, 0x26, 0x13, 0xab, 0x5d,
    0x22, 0x0, 0x3a, 0xfb, 0x2c, 0x6b, 0xdd, 0x38,
    0x80, 0x7c, 0xb7, 0xac,

    /* U+7720 "眠" */
    0x0, 0xf9, 0x9b, 0xf0, 0x81, 0x7f, 0xe4, 0x9,
    0x9f, 0xc4, 0x1, 0x55, 0x80, 0x6b, 0xff, 0xdc,
    0x1, 0xca, 0x82, 0x1, 0xff, 0xc8, 0xc6, 0x6c,
    0xe0, 0x1d, 0xfe, 0x10, 0x9, 0xe6, 0x78, 0x4,
    0x2, 0xaa, 0x0, 0x6b, 0xff, 0xd, 0xff, 0x88,
    0x2, 0x55, 0x8, 0x7, 0xc2, 0x1, 0xff, 0xc0,
    0xe9, 0x90, 0x74, 0xc9, 0xc0, 0x2f, 0xf0, 0x80,
    0x42, 0x66, 0x6, 0x33, 0x78, 0x5, 0x56, 0x1,
    0xbe, 0xa8, 0xee, 0xaa, 0x40, 0x4, 0xa8, 0x20,
    0x1e, 0xe6, 0x0, 0x8, 0x7, 0xff, 0x1, 0xc,
    0x7, 0x80, 0x2f, 0xf0, 0x80, 0x66, 0xe3, 0x5,
    0x51, 0x0, 0x53, 0x54, 0x51, 0xb, 0x88, 0x3,
    0x5c, 0x20, 0x4, 0xca, 0xa1, 0x41, 0x8e, 0x60,
    0x82, 0x25, 0x81, 0x78, 0x6, 0x5e, 0x70, 0x8,
    0x73, 0x88, 0x0,

    /* U+77ED "短" */
    0x0, 0x88, 0x3, 0xff, 0x88, 0x9a, 0x20, 0x1,
    0x33, 0xfc, 0x40, 0x16, 0x90, 0x80, 0x1b, 0x33,
    0xf4, 0x80, 0x4e, 0x79, 0x92, 0xe6, 0x7e, 0x90,
    0x2, 0x8c, 0x9a, 0xd9, 0x19, 0xfe, 0x20, 0x4,
    0xa3, 0x85, 0x38, 0x77, 0xff, 0xb8, 0x2, 0x58,
    0x0, 0xf3, 0xdd, 0xe7, 0x0, 0xd6, 0x6, 0xc,
    0x60, 0xe, 0x44, 0xdc, 0x1, 0xb3, 0x20, 0xac,
    0x40, 0xf, 0xfb, 0xfb, 0x42, 0xf9, 0x2, 0x7f,
    0xf4, 0x80, 0x61, 0x18, 0x14, 0x42, 0xab, 0xd3,
    0x40, 0x1c, 0xa0, 0xc0, 0x14, 0x2a, 0xe8, 0x20,
    0xe, 0xc1, 0x84, 0x6, 0x27, 0x0, 0x28, 0xa8,
    0x6, 0x15, 0x85, 0xa1, 0x24, 0x90, 0x4, 0x91,
    0x80, 0x68, 0x16, 0xa3, 0x50, 0x80, 0x23, 0x34,
    0x0, 0x63, 0x69, 0x0, 0x60, 0xab, 0x43, 0xc0,
    0x1a, 0xa8, 0x1, 0xe4, 0xe0, 0x3, 0xaa, 0xa6,
    0x90, 0x26, 0xa8, 0x0, 0xfe, 0x0, 0x8b, 0xff,
    0xfc, 0x0,

    /* U+786E "确" */
    0x0, 0xfe, 0x17, 0x0, 0xfc, 0x23, 0xc0, 0x8,
    0xa0, 0xf, 0xa7, 0xbb, 0x84, 0xd8, 0xbf, 0xf0,
    0x5, 0x18, 0x88, 0xcc, 0xf, 0x25, 0xda, 0x41,
    0x40, 0x21, 0x36, 0xd3, 0x34, 0x9d, 0x22, 0xda,
    0x50, 0x6, 0x22, 0x38, 0x2b, 0xf, 0xf7, 0x92,
    0xf7, 0xc, 0x1, 0x44, 0x64, 0xee, 0x8, 0x80,
    0x34, 0x40, 0x5c, 0x0, 0xc5, 0xba, 0x7a, 0x6,
    0x61, 0xfb, 0x30, 0x40, 0xc, 0x29, 0x44, 0x1,
    0x2a, 0x83, 0xd5, 0x42, 0x0, 0x80, 0x25, 0x10,
    0xa, 0xa8, 0x4d, 0x54, 0x0, 0x89, 0x80, 0x30,
    0x87, 0xf8, 0xa7, 0xfc, 0x20, 0xc, 0x0, 0xf8,
    0x44, 0x0, 0x11, 0x0, 0x7f, 0x38, 0x77, 0xa,
    0x7b, 0x82, 0x1, 0xc4, 0x20, 0x66, 0xcc, 0x13,
    0xe6, 0x0, 0x39, 0xb4, 0x82, 0xd4, 0xcc, 0x1c,
    0x66, 0x10, 0xc, 0xbb, 0xa1, 0x3d, 0x0, 0xc8,
    0xa2, 0xe0, 0x8, 0xb2, 0x21, 0x99, 0x0, 0xe,
    0x53, 0x48, 0x60, 0x1, 0x10, 0x1, 0xf4, 0x2,
    0xa4, 0xdf, 0xb0,

    /* U+78B3 "碳" */
    0x0, 0xff, 0x8c, 0x40, 0x3f, 0xe6, 0x30, 0x6,
    0xa8, 0x2, 0x0, 0x15, 0x77, 0x9b, 0x54, 0x3,
    0x85, 0xc4, 0x8, 0x88, 0x4, 0x40, 0xe2, 0x20,
    0x11, 0x40, 0x14, 0x58, 0x4c, 0x90, 0x1f, 0x74,
    0x33, 0xb8, 0x1, 0x90, 0x48, 0x1, 0x66, 0xff,
    0xfe, 0x10, 0x6, 0xb8, 0x0, 0x94, 0x49, 0x57,
    0xc6, 0x2, 0x8d, 0xfc, 0x90, 0x49, 0x11, 0xe9,
    0x9, 0x8, 0x80, 0xb6, 0x85, 0xee, 0x2e, 0xed,
    0x40, 0xc0, 0x88, 0x0, 0xd2, 0x6, 0xc0, 0x3a,
    0x20, 0xe2, 0x1, 0x90, 0x5, 0x84, 0x1, 0xe,
    0x21, 0x20, 0x1d, 0x85, 0x30, 0xa2, 0x8d, 0x0,
    0x1f, 0x99, 0x11, 0x18, 0x7, 0x64, 0x1, 0xf3,
    0xd, 0x2, 0x2b, 0xca, 0x0, 0x76, 0x60, 0x21,
    0xc, 0x7d, 0xa0, 0xec, 0x3, 0xa2, 0xc8, 0x61,
    0xbc, 0x64, 0x39, 0x30, 0xc0, 0x24, 0x40, 0xba,
    0xcb, 0xe0, 0x0, 0xec, 0xac, 0x1, 0xc6, 0x1b,
    0xd, 0x72, 0x1, 0x93, 0xe4,

    /* U+793A "示" */
    0x0, 0x8, 0xff, 0xf0, 0x0, 0x22, 0xee, 0xff,
    0xe0, 0x28, 0x0, 0xaa, 0xbf, 0xf8, 0x8, 0x1,
    0x2a, 0xff, 0xf0, 0x4, 0x3, 0xff, 0x8a, 0x68,
    0x9f, 0xfc, 0x23, 0xeb, 0xbf, 0xfe, 0x16, 0xe7,
    0x77, 0x98, 0x3b, 0xbd, 0xe2, 0x31, 0x18, 0x8c,
    0x2, 0x23, 0x21, 0x18, 0x2, 0xee, 0x0, 0x7a,
    0x74, 0x40, 0x33, 0x97, 0x80, 0x7a, 0x46, 0x80,
    0x21, 0x85, 0x30, 0xf, 0x14, 0xa3, 0x0, 0x28,
    0x6c, 0x3, 0xf3, 0x1c, 0x8c, 0x25, 0x88, 0x4,
    0x20, 0x1d, 0xc1, 0x7e, 0xca, 0xa, 0xce, 0xe1,
    0x0, 0xc5, 0x1e, 0xf2, 0x0, 0xe9, 0x80, 0x80,
    0xe, 0x75,

    /* U+79D2 "秒" */
    0x0, 0xff, 0xe5, 0x90, 0x80, 0x5c, 0xc0, 0x1c,
    0x6d, 0x39, 0xfa, 0xe0, 0x1f, 0xee, 0xb4, 0x3a,
    0xd6, 0x6, 0x10, 0x3, 0xb0, 0x5, 0xba, 0x81,
    0x52, 0x3, 0x90, 0xb, 0xe0, 0x3, 0xfd, 0x66,
    0x20, 0x9, 0x16, 0x0, 0x77, 0xd0, 0xff, 0x95,
    0x56, 0x1, 0xb, 0x40, 0x2, 0xe5, 0x6, 0x64,
    0x64, 0xa0, 0x1a, 0xc5, 0x81, 0x59, 0x41, 0x99,
    0x86, 0x40, 0x18, 0x97, 0x0, 0xc, 0x22, 0x70,
    0x6a, 0x0, 0xe7, 0xea, 0x0, 0x5a, 0x4, 0xde,
    0xb0, 0x6, 0x48, 0x10, 0x3, 0x1f, 0xf, 0xb3,
    0x80, 0x4c, 0x14, 0xca, 0x3, 0x36, 0x0, 0x1d,
    0x60, 0xa, 0xa0, 0xa4, 0x0, 0x2c, 0xa0, 0x1f,
    0x2e, 0xae, 0x0, 0x69, 0x0, 0xf1, 0xdd, 0x35,
    0x80, 0x7f, 0x8e, 0xf1, 0xb2, 0x40, 0x3f, 0xe5,
    0x7a, 0xd3, 0x0, 0xfe, 0x5e, 0x6, 0xc5, 0x0,
    0xfc,

    /* U+79E4 "秤" */
    0x0, 0xc4, 0xae, 0x26, 0x7f, 0x80, 0x11, 0x9f,
    0xb5, 0x8f, 0x99, 0xf8, 0xc3, 0xad, 0x4f, 0xed,
    0xbb, 0xa1, 0x8e, 0xe8, 0xc1, 0x9f, 0x40, 0x23,
    0x71, 0x10, 0x8, 0x81, 0x80, 0x4, 0x4f, 0x2,
    0x23, 0x48, 0x80, 0x66, 0xa0, 0x6, 0x6b, 0x9e,
    0xe9, 0x5, 0x80, 0x34, 0xd8, 0x3, 0xf4, 0xcd,
    0xba, 0x19, 0xa0, 0x9, 0x41, 0x80, 0x2, 0x6,
    0x4, 0x40, 0x67, 0x0, 0x8e, 0x40, 0x35, 0x1,
    0xb0, 0x0, 0x68, 0x0, 0x2c, 0xe0, 0x10, 0xba,
    0xc, 0xbf, 0x7f, 0xc3, 0x1f, 0xf5, 0x84, 0x1e,
    0x15, 0x65, 0x5d, 0xc0, 0xd7, 0x74, 0xb, 0x78,
    0x1, 0x6d, 0x13, 0xf, 0xa2, 0x46, 0x30, 0x60,
    0x1f, 0xfc, 0x37, 0x0, 0xff, 0xf2, 0x80,

    /* U+79F0 "称" */
    0x0, 0xfe, 0x30, 0xf, 0xf8, 0x51, 0xd4, 0x7,
    0xc, 0x3, 0xf4, 0xff, 0x5d, 0x10, 0x38, 0x98,
    0x7, 0xed, 0xb3, 0x6d, 0x70, 0xa1, 0xff, 0xf3,
    0x80, 0x11, 0xe, 0x1, 0x21, 0xcd, 0x56, 0x90,
    0x10, 0x1, 0x11, 0xcc, 0x87, 0xd5, 0x95, 0x70,
    0x89, 0x80, 0x19, 0xa6, 0xbb, 0x49, 0x0, 0x3e,
    0x61, 0x2c, 0x1, 0x7e, 0x8b, 0x6d, 0x61, 0x0,
    0x75, 0xc8, 0x4, 0x2c, 0x2a, 0x42, 0x6a, 0x40,
    0x11, 0x18, 0x80, 0x6e, 0x3, 0xc0, 0x5, 0x38,
    0x4, 0xf2, 0x1, 0x85, 0x49, 0x46, 0x94, 0x14,
    0x2, 0x51, 0x60, 0xa, 0x15, 0x8f, 0x23, 0x94,
    0x3, 0x9e, 0x80, 0x2, 0xd0, 0x0, 0x13, 0x49,
    0x0, 0xeb, 0x32, 0x1, 0xa2, 0x0, 0xa4, 0x8c,
    0x3, 0x88, 0xe8, 0x0, 0xa0, 0x19, 0xac, 0x3,
    0xeb, 0x50, 0xf, 0xbd, 0x89, 0x64, 0x4, 0x0,
    0xd8, 0x1, 0xf0, 0x82, 0x53, 0xa1, 0x0, 0x4,
    0x40,

    /* U+7A33 "稳" */
    0x0, 0xfe, 0x71, 0x0, 0xfe, 0x26, 0x97, 0x5,
    0x80, 0xf, 0xd7, 0xfb, 0x6, 0x41, 0x1, 0xdf,
    0xf4, 0x0, 0x5d, 0x87, 0x34, 0xb2, 0xdd, 0xd4,
    0x85, 0x80, 0x4a, 0x60, 0x12, 0xbd, 0x8, 0x8e,
    0x64, 0x60, 0x12, 0x20, 0x79, 0x19, 0xfb, 0xfd,
    0xa1, 0x3f, 0x40, 0xa, 0xb2, 0x6b, 0xb4, 0xe6,
    0x79, 0x80, 0x2f, 0xd0, 0x7d, 0x90, 0x22, 0xf0,
    0x6, 0x11, 0x0, 0x8, 0x5f, 0xbb, 0xcc, 0x1,
    0xa8, 0x1e, 0x41, 0xff, 0xfc, 0xe0, 0x10, 0xb9,
    0x39, 0xbe, 0x77, 0x79, 0xc0, 0x29, 0x71, 0xfa,
    0x7e, 0xdd, 0x4b, 0x6e, 0xb2, 0x0, 0x9e, 0xc0,
    0x22, 0x65, 0x12, 0x53, 0x30, 0x30, 0x14, 0x10,
    0x5, 0x7, 0xe, 0xa0, 0xae, 0xb2, 0x0, 0x70,
    0x8, 0x55, 0x40, 0x17, 0x24, 0x20, 0x20, 0x7,
    0x4a, 0x10, 0x68, 0x91, 0x0, 0xeb, 0xc0, 0x3b,
    0x60, 0x21, 0xbb, 0x98, 0xa2, 0xd0,

    /* U+7A7A "空" */
    0x0, 0xf8, 0x48, 0x3, 0xff, 0x87, 0x7e, 0x1,
    0xfc, 0x67, 0xe2, 0x22, 0x99, 0xf0, 0x80, 0x37,
    0x33, 0x9c, 0x2b, 0x33, 0x90, 0x2, 0x7e, 0xef,
    0xf8, 0x3, 0xbc, 0x44, 0x8, 0x22, 0x34, 0x11,
    0x80, 0x35, 0xa0, 0x37, 0x40, 0x1, 0x2b, 0x50,
    0x25, 0xc0, 0xa, 0x19, 0x2d, 0x80, 0x6, 0xd6,
    0xbb, 0x29, 0x1, 0xde, 0x6, 0x48, 0x80, 0x45,
    0x78, 0xf9, 0x20, 0xcc, 0xbc, 0x30, 0xf, 0x8f,
    0x28, 0x0, 0xbb, 0x9f, 0xff, 0xf2, 0xc8, 0x5,
    0x55, 0xca, 0x15, 0x5a, 0xc0, 0x38, 0x95, 0x71,
    0x2, 0xae, 0x40, 0xf, 0xfe, 0xca, 0x7f, 0xf9,
    0xc3, 0xff, 0xd6, 0xb, 0x55, 0xff, 0xc2, 0xf0,

    /* U+7ACB "立" */
    0x0, 0xf8, 0x84, 0x3, 0xff, 0x85, 0x90, 0x1,
    0xff, 0xc2, 0x77, 0x0, 0x7c, 0x2a, 0xbe, 0x1,
    0x75, 0x5e, 0x22, 0x55, 0x79, 0x82, 0x2a, 0xb9,
    0x4f, 0xbb, 0xff, 0x84, 0xe0, 0x21, 0xaa, 0x23,
    0xe2, 0xf3, 0x10, 0x8, 0x45, 0xc0, 0x1e, 0xb1,
    0x20, 0xe, 0xa5, 0x0, 0xf3, 0x30, 0x3, 0xcc,
    0xc, 0x1, 0x90, 0x68, 0x3, 0xc2, 0x94, 0x1,
    0xb8, 0x8c, 0x3, 0xed, 0x32, 0x0, 0x96, 0x80,
    0x3f, 0x38, 0x50, 0x1, 0x81, 0x80, 0x3f, 0xc,
    0x58, 0x2, 0x90, 0x40, 0x3f, 0x9c, 0xc0, 0xcd,
    0xc0, 0x1d, 0x7f, 0xff, 0x60, 0x57, 0xfe, 0xe8,
    0xaa, 0xff, 0xe1, 0x58,

    /* U+7B49 "等" */
    0x0, 0xc, 0x8, 0x6, 0x37, 0x0, 0xfa, 0x14,
    0x40, 0x34, 0x60, 0x7, 0x89, 0x8b, 0xbb, 0x22,
    0x5d, 0xda, 0xc3, 0xd2, 0x86, 0x2a, 0xa5, 0xb3,
    0x5a, 0xa4, 0x49, 0xd2, 0xab, 0x11, 0x96, 0x92,
    0x51, 0x90, 0xeb, 0x44, 0x23, 0x2, 0x30, 0x0,
    0x94, 0x60, 0x3, 0x8f, 0xf6, 0xcf, 0xac, 0x7f,
    0xd5, 0xce, 0x0, 0x9d, 0xde, 0x25, 0xdd, 0xe6,
    0x0, 0x11, 0x78, 0x4c, 0x8b, 0x84, 0x3b, 0xff,
    0xc6, 0xdf, 0xfe, 0xcf, 0xdd, 0xfe, 0xb0, 0xbd,
    0xd8, 0x4, 0x7f, 0x88, 0x4, 0x73, 0xe6, 0x7f,
    0x48, 0x56, 0x61, 0x1b, 0xfc, 0x93, 0xff, 0xd8,
    0x1b, 0xfe, 0x40, 0xb, 0x66, 0xc4, 0x3, 0xff,
    0x80, 0xda, 0xe6, 0x46, 0x6a, 0x3, 0x0, 0xf8,
    0xb0, 0xa3, 0x30, 0xec, 0x20, 0x10,

    /* U+7D2B "紫" */
    0x0, 0xe4, 0x0, 0x8c, 0xc0, 0x1f, 0x9, 0x81,
    0x58, 0x80, 0x22, 0x80, 0x23, 0x0, 0x9f, 0x40,
    0x24, 0x40, 0x80, 0x47, 0x78, 0x80, 0x1f, 0x44,
    0x10, 0x16, 0xf0, 0x29, 0x0, 0x3e, 0xcc, 0x28,
    0x16, 0x75, 0x8f, 0x80, 0x61, 0x70, 0x99, 0x28,
    0xab, 0x88, 0x19, 0x3, 0xc0, 0xf4, 0x20, 0x9b,
    0x62, 0x7f, 0xd0, 0xa0, 0x95, 0xbf, 0xb0, 0x8e,
    0x4d, 0xd9, 0x5b, 0xd0, 0x6, 0x84, 0x97, 0xb7,
    0xa2, 0x26, 0xd9, 0x21, 0x0, 0xd1, 0x68, 0x11,
    0xfe, 0xea, 0x9c, 0x0, 0xf4, 0xf7, 0xea, 0x1,
    0xd6, 0xcc, 0x80, 0x3e, 0x6d, 0xc0, 0xcc, 0x21,
    0x43, 0x60, 0x80, 0x43, 0xd0, 0x40, 0xb9, 0xfd,
    0xb0, 0x44, 0xc2, 0x0, 0xd, 0x5d, 0x5e, 0xe0,
    0x67, 0xd6, 0xf2, 0x98, 0x4, 0x3d, 0x44, 0x41,
    0x0, 0x25, 0xeb, 0xc0, 0x83, 0x75, 0x17, 0x29,
    0xa8, 0x1, 0x3e, 0xeb, 0xe4, 0xa, 0xfa, 0x7,
    0xb2, 0xc, 0xc0, 0x6, 0xdb, 0x30,

    /* U+7EBF "线" */
    0x0, 0x8c, 0x40, 0x22, 0x30, 0xf, 0xee, 0x60,
    0xa, 0xb8, 0x26, 0x80, 0x39, 0x4d, 0xc0, 0x2f,
    0x30, 0x87, 0xa0, 0xd, 0x12, 0x1, 0x84, 0x40,
    0x38, 0x60, 0x13, 0x9b, 0x95, 0x9, 0xf8, 0x45,
    0x6b, 0xfc, 0x1c, 0x58, 0xc3, 0x2e, 0x30, 0x19,
    0x55, 0xe4, 0xd8, 0x57, 0x2f, 0xa7, 0xe8, 0x44,
    0x19, 0x4c, 0x6a, 0x98, 0x4a, 0x60, 0x2, 0x4,
    0x57, 0x9b, 0xc2, 0x5b, 0x3b, 0x8, 0xdf, 0x8,
    0xaa, 0x11, 0x2c, 0xd, 0xe8, 0x43, 0xaa, 0x86,
    0xdf, 0xb2, 0xe, 0x3a, 0x47, 0x56, 0xce, 0xab,
    0x1, 0x61, 0x81, 0x89, 0xd8, 0x60, 0x5, 0xe6,
    0x6c, 0x4a, 0x2, 0xee, 0x65, 0x38, 0x4, 0x81,
    0x8f, 0x4a, 0xe0, 0x20, 0x26, 0xc0, 0x2, 0x90,
    0x49, 0xc, 0xd6, 0xbe, 0xe6, 0x49, 0xce, 0xbb,
    0x21, 0x2, 0x67, 0xb, 0x56, 0xfc, 0x3c, 0xe4,
    0x9f, 0xc9, 0x3c, 0x54, 0x29, 0x5, 0x73, 0x0,
    0x34, 0x5a, 0x4,

    /* U+7ED3 "结" */
    0x0, 0x90, 0x40, 0x39, 0x8, 0x3, 0xc3, 0x6a,
    0x1, 0xd3, 0x40, 0x1e, 0x93, 0x40, 0xf, 0xfe,
    0x0, 0xbc, 0x0, 0x3b, 0xfe, 0x27, 0xff, 0xb0,
    0x2d, 0x12, 0x9b, 0xaa, 0x85, 0x6a, 0xa8, 0x45,
    0x82, 0x83, 0x55, 0xc6, 0x4a, 0xb2, 0x78, 0x66,
    0x9d, 0x80, 0x7f, 0xa2, 0xf0, 0x5c, 0x63, 0xfe,
    0x27, 0xff, 0x90, 0xd2, 0x8e, 0x2, 0xab, 0xf9,
    0x41, 0x1a, 0x40, 0x4, 0xab, 0xf8, 0x45, 0x4a,
    0xec, 0x60, 0xab, 0xf2, 0x2, 0xa, 0xe4, 0x31,
    0x55, 0xdf, 0x54, 0x2, 0x56, 0x7f, 0x28, 0x3,
    0x3b, 0xb3, 0x0, 0x5, 0x4c, 0x0, 0x20, 0x1f,
    0xe6, 0x9b, 0xef, 0xa0, 0x3, 0x11, 0x63, 0x0,
    0x6a, 0x94, 0xdd, 0x0, 0x2f, 0x77, 0x28, 0x2,
    0xf2, 0x5d, 0x4, 0x1, 0x9d, 0xd9, 0x80, 0x0,

    /* U+7EEA "绪" */
    0x0, 0x98, 0x3, 0x98, 0x40, 0x3e, 0x49, 0x10,
    0xd, 0x2a, 0x1, 0x10, 0x5, 0xc, 0x20, 0x24,
    0x60, 0x45, 0xe, 0xb0, 0x29, 0xc0, 0x1, 0xf7,
    0x2, 0x77, 0x56, 0x4c, 0x11, 0x1, 0x66, 0xbf,
    0x82, 0xfe, 0x56, 0x42, 0xd, 0x4e, 0x44, 0x0,
    0x20, 0x3, 0x97, 0x40, 0x51, 0xdc, 0x22, 0x77,
    0x41, 0x58, 0xd, 0xdb, 0xdb, 0x41, 0xc9, 0x55,
    0x28, 0xad, 0xd5, 0x24, 0xcd, 0x6e, 0x62, 0x88,
    0xe5, 0x8a, 0x44, 0xc1, 0x47, 0x0, 0x5, 0xe5,
    0x9, 0xee, 0x9c, 0x1d, 0x1e, 0xb6, 0x68, 0x5a,
    0xea, 0xa2, 0xf0, 0x0, 0xb1, 0xd5, 0xe9, 0xf2,
    0x26, 0x70, 0x3, 0xf6, 0x4b, 0x91, 0x2, 0x3f,
    0xf2, 0x0, 0x71, 0xb1, 0x80, 0x1f, 0x77, 0x18,
    0x2, 0x77, 0xf2, 0x54, 0x1, 0xe4, 0x59, 0xc0,
    0x24, 0x9b, 0xe6, 0x0, 0x47, 0xfe, 0x40, 0x4,
    0xc9, 0x90, 0x40, 0x27, 0xdd, 0xc6, 0x0,

    /* U+7EED "续" */
    0x0, 0xca, 0x1, 0xe8, 0x20, 0xf, 0x96, 0x84,
    0x3, 0xb, 0xb0, 0x7, 0xd2, 0xe2, 0x6, 0xaa,
    0x40, 0x35, 0x58, 0x40, 0x8, 0x72, 0x0, 0xa8,
    0x88, 0x2a, 0x22, 0x30, 0x4, 0xc0, 0xaa, 0xa7,
    0x75, 0x81, 0x3b, 0xb1, 0x3, 0x82, 0xa5, 0x67,
    0x75, 0xe1, 0x5d, 0xd4, 0x4, 0x96, 0xd9, 0x46,
    0xd6, 0xeb, 0x2b, 0x74, 0x1e, 0x11, 0x30, 0x1c,
    0x25, 0x4a, 0x61, 0x64, 0x2, 0xc0, 0xcc, 0xa6,
    0x30, 0x1d, 0xad, 0x70, 0x2, 0xa8, 0x40, 0x12,
    0x72, 0x0, 0xd4, 0xce, 0x0, 0xb, 0x50, 0x1,
    0x59, 0x8f, 0x23, 0x9b, 0xc0, 0x20, 0x1e, 0xc0,
    0x7b, 0x33, 0xa2, 0xc3, 0x44, 0x8b, 0x4, 0x77,
    0xe5, 0x5e, 0xea, 0xb1, 0xc7, 0x77, 0x0, 0x88,
    0x4, 0xe3, 0xfe, 0xb0, 0x7f, 0xfc, 0x11, 0x7d,
    0xcc, 0x40, 0x2, 0xd2, 0x36, 0x20, 0x4, 0x62,
    0xd5, 0xac, 0xf9, 0x53, 0x7c, 0x97, 0x62, 0xb,
    0xa8, 0x52, 0xda, 0x4e, 0x70, 0x4, 0x68, 0x50,
    0x7, 0xbf, 0x60, 0x40, 0x31, 0x5c, 0x0,

    /* U+7F6E "置" */
    0x8, 0xcc, 0xff, 0xe0, 0x40, 0x0, 0xdb, 0xb8,
    0xcf, 0xdc, 0x67, 0xee, 0x31, 0x80, 0x46, 0x44,
    0x31, 0x22, 0x18, 0x91, 0xc, 0x2, 0x16, 0xff,
    0x32, 0xff, 0x99, 0x7f, 0xcc, 0x20, 0xa, 0xff,
    0xe5, 0x57, 0xff, 0x50, 0x2f, 0xff, 0x95, 0x5f,
    0xfe, 0x55, 0x7f, 0xf9, 0x53, 0xff, 0xca, 0x0,
    0x9f, 0xfc, 0xa9, 0xff, 0xa4, 0x3, 0x8f, 0xff,
    0xf1, 0x80, 0x78, 0xff, 0xff, 0x18, 0x7, 0x8f,
    0xff, 0xf1, 0x80, 0x78, 0xff, 0xff, 0x18, 0x7,
    0x8f, 0xff, 0xf1, 0x80, 0x78, 0xfb, 0xbf, 0x18,
    0x7, 0x8f, 0xbb, 0xf1, 0x80, 0x5f, 0xe6, 0x3f,
    0xff, 0xc6, 0xdf, 0xe0,

    /* U+8089 "肉" */
    0x0, 0xf1, 0x98, 0x3, 0xff, 0x81, 0xf2, 0x1,
    0xff, 0xc8, 0xef, 0xfe, 0x35, 0xff, 0xeb, 0x5,
    0xaa, 0xc2, 0xb5, 0x59, 0x1c, 0x35, 0x56, 0x61,
    0x35, 0x5c, 0x40, 0x1c, 0x5c, 0x4f, 0xa6, 0x1,
    0xf3, 0x68, 0xe7, 0xbe, 0x48, 0x7, 0x5c, 0xbe,
    0x5b, 0x55, 0x1e, 0x0, 0x34, 0x74, 0x2, 0x0,
    0x17, 0xe4, 0x3, 0x18, 0x81, 0x8e, 0x8, 0x8,
    0x80, 0x3c, 0x5a, 0x8f, 0xea, 0x1, 0xe1, 0x8d,
    0x4b, 0xc9, 0xab, 0x10, 0xd, 0x4d, 0x34, 0x0,
    0x7c, 0x67, 0x0, 0xd3, 0xcc, 0x1, 0x8f, 0x58,
    0x3, 0x10, 0x7, 0x95, 0x67, 0x70, 0x7, 0xf5,
    0x54, 0x1f, 0x8c, 0x1, 0xf7, 0xfd, 0xc8,

    /* U+80AA "肪" */
    0x0, 0xff, 0x9c, 0xc0, 0x3c, 0xac, 0xd2, 0x80,
    0x6b, 0x80, 0xf, 0x5c, 0xcd, 0x60, 0x1a, 0x90,
    0x40, 0x3d, 0x5f, 0x40, 0x9d, 0xd4, 0x7, 0x75,
    0x60, 0x1f, 0x34, 0x38, 0xc4, 0xca, 0x21, 0xc0,
    0x1f, 0x13, 0x60, 0x33, 0x72, 0x80, 0x55, 0xd4,
    0x1, 0x84, 0x3, 0xf9, 0x65, 0x40, 0x23, 0x17,
    0x7c, 0x80, 0x1b, 0xdf, 0xc0, 0x21, 0x8, 0x8d,
    0xa0, 0x1f, 0xef, 0x3f, 0xf8, 0x84, 0x2, 0x1a,
    0xfa, 0x0, 0x85, 0x80, 0x3f, 0x9e, 0x9c, 0x2,
    0x52, 0x0, 0x8f, 0xc0, 0x35, 0xae, 0x80, 0x47,
    0xc0, 0x10, 0x88, 0x0, 0x40, 0x40, 0x19, 0x1,
    0x0, 0x3e, 0x60, 0x10, 0xd, 0xe6, 0x40, 0x1,
    0x3, 0x0, 0x6a, 0x1a, 0xf8, 0x22, 0x20, 0x15,
    0x56, 0xc, 0x0, 0x7d, 0x4a, 0x56, 0x84, 0x40,
    0x5d, 0x2a, 0x8c, 0x1, 0xee, 0xef, 0xf4, 0x6d,
    0x0, 0x3b, 0xfd, 0x40, 0x0,

    /* U+80F8 "胸" */
    0x0, 0xfc, 0x60, 0x1f, 0x91, 0x30, 0x1, 0xb4,
    0x3, 0xf5, 0x5d, 0xc2, 0x10, 0x89, 0xf0, 0x5,
    0x9e, 0x0, 0x81, 0x5b, 0xbf, 0x10, 0x7, 0x2b,
    0xe7, 0xfb, 0xbf, 0xe0, 0xf, 0xbd, 0xe9, 0x42,
    0x24, 0x3, 0xd9, 0xe1, 0x37, 0x50, 0x2f, 0xa8,
    0x1, 0xd1, 0x40, 0x7a, 0x4f, 0xa4, 0xf0, 0x20,
    0x60, 0x4, 0x50, 0xd, 0x7, 0x20, 0x1f, 0xfc,
    0x14, 0xf, 0x0, 0xfb, 0x3c, 0x2, 0x38, 0xb4,
    0x50, 0xe, 0x18, 0xa0, 0xa, 0x51, 0x13, 0xa0,
    0x1e, 0x55, 0x0, 0x53, 0x40, 0xf0, 0x6, 0x0,
    0x10, 0x20, 0xd, 0xfb, 0xb8, 0x3, 0x28, 0x80,
    0x6a, 0x88, 0xd7, 0xe2, 0x3, 0xa8, 0x87, 0x1,
    0x45, 0x59, 0x85, 0xa0, 0x41, 0x3f, 0xa5, 0x40,
    0x3a, 0xae, 0x9a, 0x83, 0x16, 0xba, 0x80, 0x3a,
    0x7f, 0xda, 0x80,

    /* U+80FD "能" */
    0x0, 0x8c, 0x3, 0x8c, 0x40, 0x3e, 0x1c, 0x70,
    0xd, 0xa8, 0x1, 0x8, 0x5, 0x64, 0xf2, 0x20,
    0x1c, 0x31, 0xc6, 0xc, 0xbc, 0xb, 0x40, 0x16,
    0xcf, 0x34, 0x19, 0xa5, 0x81, 0x2d, 0x1c, 0x0,
    0xe9, 0x3c, 0xa3, 0x60, 0xd9, 0x54, 0x38, 0x30,
    0x8d, 0x60, 0x5d, 0x8e, 0xff, 0x76, 0xe5, 0x18,
    0x8, 0x5, 0xce, 0x19, 0xdd, 0xc2, 0xb, 0x3f,
    0xf3, 0x60, 0x1c, 0xee, 0xc2, 0x20, 0xbb, 0xed,
    0x70, 0x0, 0x8f, 0x0, 0x1d, 0xc8, 0x91, 0x80,
    0x53, 0xbb, 0x8, 0x2, 0x54, 0xa, 0x79, 0x80,
    0x15, 0xff, 0x8, 0x5, 0x97, 0xab, 0x4c, 0x0,
    0x8c, 0xc8, 0x40, 0x24, 0x3d, 0xc6, 0x60, 0x1,
    0x66, 0x60, 0xd, 0x10, 0x20, 0x68, 0x0, 0x6a,
    0xac, 0x20, 0x1f, 0x19, 0x80, 0x32, 0x28, 0x80,
    0xf, 0x4c, 0xc9, 0x4c, 0x1, 0xa2, 0x89, 0x2,
    0x93, 0x31, 0x63, 0x1, 0xea, 0x19, 0xfa, 0x20,
    0xff, 0xfb, 0x4c,

    /* U+8102 "脂" */
    0x0, 0xfc, 0xa2, 0x1, 0xfc, 0xac, 0xd2, 0x85,
    0xa0, 0x6, 0x16, 0x0, 0xae, 0x66, 0xb0, 0xc,
    0x6f, 0x9d, 0x22, 0x1, 0x5f, 0xd8, 0x5, 0x1d,
    0x96, 0x97, 0x62, 0x0, 0xfe, 0x7a, 0xfc, 0x84,
    0xd9, 0x0, 0x8c, 0xe0, 0xb, 0x50, 0x3, 0x11,
    0x80, 0x51, 0x90, 0x0, 0x78, 0xff, 0xe4, 0xd0,
    0xa, 0xbe, 0xc0, 0x13, 0xb9, 0x9d, 0xc8, 0x1,
    0x8, 0x6, 0x10, 0x11, 0xe3, 0x0, 0xfe, 0xdd,
    0xfb, 0x0, 0x35, 0x75, 0x0, 0x4f, 0xdd, 0xa4,
    0x3, 0xb, 0xcb, 0x80, 0x61, 0x1c, 0x1, 0xea,
    0x7d, 0x0, 0x9f, 0xff, 0x48, 0x4, 0x20, 0x40,
    0x1c, 0xdb, 0xba, 0x0, 0x24, 0x1, 0x0, 0xe1,
    0x22, 0xc2, 0x1, 0x7a, 0x12, 0xf1, 0x80, 0x1f,
    0xff, 0x48, 0x4, 0x9a, 0x94, 0xaa, 0x0, 0x2e,
    0x66, 0x70, 0xb, 0xd9, 0x9f, 0xe8, 0xe, 0xb3,
    0x3d, 0x38, 0x0,

    /* U+819C "膜" */
    0x0, 0xfe, 0x26, 0x0, 0x29, 0x80, 0x73, 0x3b,
    0xc2, 0x0, 0x7b, 0x0, 0x72, 0x0, 0x74, 0xca,
    0xa1, 0x5e, 0xe0, 0xae, 0xcb, 0x57, 0x40, 0x1b,
    0x74, 0x20, 0x78, 0xe3, 0x98, 0x36, 0xcc, 0x0,
    0x7e, 0x47, 0x88, 0x3b, 0xa2, 0xe, 0xc0, 0x19,
    0x88, 0x2, 0xdd, 0x4f, 0xfa, 0xb3, 0xc0, 0x3a,
    0xb4, 0x40, 0x2a, 0xee, 0xd8, 0x1, 0xe7, 0x90,
    0xc, 0x45, 0xcc, 0x1, 0xeb, 0x61, 0x0, 0xae,
    0x23, 0x48, 0x7, 0xff, 0x2, 0x6a, 0xb7, 0x80,
    0x7b, 0xec, 0x40, 0x2a, 0xee, 0xd8, 0x1, 0xe4,
    0xc0, 0xb, 0x7f, 0xcc, 0xcf, 0xf8, 0x3, 0xa5,
    0xc4, 0x33, 0xfe, 0x66, 0x7f, 0xe0, 0x1, 0x0,
    0x80, 0x5d, 0x98, 0xb0, 0x5, 0xe6, 0x40, 0x7,
    0x20, 0xc, 0x46, 0x6f, 0x22, 0x71, 0x9c, 0x0,
    0xf4, 0x24, 0x17, 0x5, 0xd5, 0xef, 0x4c, 0x40,
    0x0, 0xae, 0xc5, 0x92, 0xfd, 0x27, 0x99, 0x7b,
    0x5f, 0x0, 0xe2, 0x57, 0xea, 0x4f, 0x48, 0x80,
    0x6, 0xb6, 0x0,

    /* U+8272 "色" */
    0x0, 0xe8, 0x20, 0xf, 0xfe, 0xb, 0xb8, 0x40,
    0x3f, 0xf8, 0x7, 0x1, 0x9f, 0xfc, 0xc0, 0x1c,
    0x3a, 0x97, 0x7c, 0xa0, 0xa0, 0x18, 0x70, 0x29,
    0x13, 0x3a, 0xc1, 0x80, 0x45, 0x85, 0x66, 0x45,
    0x1e, 0x9a, 0x91, 0x0, 0x12, 0x41, 0x5b, 0xbb,
    0x4, 0xf7, 0x63, 0xa, 0xb0, 0xad, 0xd9, 0xc7,
    0x76, 0xb0, 0x8, 0x58, 0x18, 0x8a, 0xe0, 0x22,
    0x98, 0x3, 0xff, 0x95, 0x9f, 0xf4, 0x8f, 0xfd,
    0xa0, 0x1e, 0x8b, 0xbf, 0xf1, 0x80, 0x64, 0x4f,
    0xfa, 0x10, 0x3, 0xff, 0x84, 0x98, 0x6, 0xe,
    0x1, 0xff, 0x78, 0x8, 0x42, 0xa2, 0x7e, 0x73,
    0x20, 0x5, 0xd, 0x5d, 0xfe, 0x84, 0x50,

    /* U+82F9 "苹" */
    0x0, 0xc4, 0xe0, 0x19, 0x50, 0x3, 0xf3, 0xc0,
    0x6, 0xed, 0x0, 0xd3, 0xbb, 0x58, 0x6e, 0xe4,
    0x7d, 0xdb, 0x36, 0xee, 0x70, 0xbb, 0xc4, 0xb7,
    0x74, 0xa3, 0x35, 0x46, 0xcd, 0x97, 0x59, 0xa5,
    0x4, 0x55, 0x34, 0xaa, 0xed, 0x35, 0x58, 0x1,
    0x15, 0x5f, 0xfc, 0x11, 0xc, 0xdc, 0xff, 0x9c,
    0xff, 0xee, 0xbf, 0x10, 0x5, 0xe9, 0x0, 0x7d,
    0xb2, 0x1, 0xa4, 0xbc, 0x40, 0x3a, 0xcb, 0x0,
    0x3b, 0x42, 0x40, 0x33, 0x2e, 0x8, 0x4, 0x22,
    0xe, 0x91, 0x1c, 0xfa, 0x62, 0x35, 0x77, 0x59,
    0xdc, 0x62, 0xee, 0x67, 0x75, 0xf7, 0x99, 0xe5,
    0x2c, 0xcf, 0x84, 0xcf, 0xc4, 0x26, 0x7e, 0x20,
    0xf, 0xfe, 0xa0,

    /* U+8425 "营" */
    0x0, 0xe3, 0x70, 0xd, 0x4, 0x1, 0xc2, 0x39,
    0x28, 0x47, 0x3b, 0x84, 0x70, 0x77, 0x68, 0x2e,
    0xec, 0x15, 0xdd, 0x60, 0x77, 0x67, 0x2e, 0xec,
    0x15, 0xdd, 0x60, 0x9, 0x9d, 0x72, 0x67, 0xad,
    0xcc, 0xe1, 0x5, 0xdd, 0xb2, 0xf7, 0x75, 0xee,
    0xe2, 0x0, 0xbf, 0xff, 0xed, 0x0, 0xf7, 0xff,
    0xf8, 0x3, 0x2f, 0x80, 0x2b, 0xbb, 0xd2, 0x5,
    0xe4, 0x1, 0xc6, 0x7f, 0x0, 0x7f, 0xc, 0x66,
    0x7a, 0x8, 0x3, 0xee, 0xef, 0xed, 0x0, 0xe4,
    0xff, 0xff, 0xe0, 0x8, 0x7, 0x66, 0xef, 0xea,
    0x0, 0xf8, 0x8b, 0xf8, 0x40, 0x3e, 0xef, 0xff,
    0xd6, 0x1, 0xf6, 0x6e, 0xfe, 0xa0, 0xe, 0x4f,
    0x32, 0x2f, 0xcb, 0xe2, 0x0,

    /* U+84DD "蓝" */
    0x0, 0xc2, 0x60, 0x18, 0xc4, 0x3, 0xf4, 0xf0,
    0x6, 0xc7, 0x0, 0xdd, 0xff, 0x39, 0x7f, 0xe0,
    0x9f, 0xfa, 0xea, 0xee, 0x51, 0xbb, 0xc0, 0xf7,
    0x74, 0x22, 0x68, 0xb4, 0x49, 0xa6, 0x91, 0x23,
    0x6, 0x90, 0x3a, 0x40, 0x6, 0x81, 0x0, 0x77,
    0x28, 0x7, 0x30, 0x4f, 0xfe, 0x90, 0xf, 0xd6,
    0xb7, 0x19, 0x95, 0x80, 0x7d, 0x5, 0x63, 0x14,
    0x66, 0x20, 0xf, 0x9a, 0x5, 0x71, 0x38, 0x40,
    0x11, 0xa0, 0x36, 0xbe, 0xe0, 0x3, 0xd8, 0x10,
    0x1, 0x66, 0xea, 0x73, 0x1b, 0xbd, 0x64, 0x0,
    0x12, 0xa8, 0x73, 0x88, 0x1a, 0x45, 0x10, 0x7,
    0x2a, 0xb4, 0xd5, 0x41, 0x8a, 0x80, 0x1f, 0xfc,
    0x73, 0x50, 0x73, 0xe0, 0x33, 0x1, 0x1a, 0x83,
    0x9e, 0x48, 0x56, 0x31, 0x66, 0x6, 0x32, 0x42,
    0xb8,

    /* U+8549 "蕉" */
    0x0, 0xc2, 0xa0, 0x19, 0xc, 0x3, 0xf2, 0x50,
    0x6, 0xfa, 0x0, 0xd9, 0xff, 0x50, 0x7f, 0xe4,
    0x6f, 0xfb, 0xb9, 0x99, 0x40, 0x66, 0x26, 0xcd,
    0x73, 0x31, 0x19, 0xa0, 0x30, 0xcd, 0x7, 0xd6,
    0x67, 0x10, 0x1, 0x10, 0x0, 0x33, 0x2d, 0x89,
    0x19, 0xc0, 0x14, 0x85, 0x77, 0x4a, 0x7d, 0xdc,
    0x41, 0x44, 0x9b, 0xb9, 0x8b, 0x77, 0x8a, 0x54,
    0x93, 0xff, 0x39, 0x7f, 0xea, 0xe, 0xc7, 0x4f,
    0xfc, 0xe5, 0xff, 0xa8, 0x1c, 0xc1, 0x3f, 0xf3,
    0x97, 0xfe, 0xa0, 0xc, 0x9f, 0xf9, 0xcb, 0xff,
    0x50, 0x6, 0x4f, 0xfc, 0xe5, 0xff, 0xd2, 0x0,
    0xdc, 0xc5, 0xdb, 0x31, 0x57, 0x98, 0x6c, 0x80,
    0x58, 0x13, 0x93, 0x3a, 0xcc, 0xc4, 0xc8, 0x21,
    0xa, 0x40, 0x96, 0x0, 0x69, 0x1, 0x88, 0x12,
    0x94, 0x0, 0x3c, 0x80, 0x14, 0x62, 0xe, 0x4a,
    0xad, 0x20, 0x3, 0x70, 0x0, 0xb4, 0x40, 0x1a,
    0xe0,

    /* U+86CB "蛋" */
    0x2, 0x33, 0xff, 0xe1, 0x0, 0x23, 0x33, 0xff,
    0x84, 0x21, 0x5f, 0xaf, 0xff, 0x1b, 0xff, 0xe9,
    0x31, 0x0, 0x91, 0x0, 0x19, 0xb3, 0x30, 0xe0,
    0x6, 0xd3, 0x30, 0x4, 0x9f, 0xf9, 0x40, 0x31,
    0x23, 0x64, 0x20, 0x19, 0x16, 0x31, 0x0, 0xb9,
    0xe6, 0xce, 0x8d, 0xbb, 0xbd, 0x21, 0x61, 0x0,
    0x97, 0xdf, 0xdd, 0xf4, 0x86, 0xe8, 0x8b, 0xa2,
    0x4c, 0xf8, 0x40, 0xc, 0x7b, 0xbc, 0xee, 0xdd,
    0xe0, 0xf, 0x6f, 0xfc, 0x8d, 0xff, 0x58, 0x7,
    0xd9, 0xdd, 0x23, 0x77, 0x54, 0x1, 0xc5, 0x9b,
    0xb8, 0xd3, 0x76, 0xac, 0x0, 0xe3, 0x3e, 0x72,
    0x33, 0xa1, 0x0, 0x3c, 0x23, 0x10, 0x19, 0xc8,
    0xb0, 0xa0, 0xb, 0xff, 0x77, 0x5a, 0x8b, 0xba,
    0x94, 0x2a, 0x20, 0x9d, 0xd7, 0x73, 0xff, 0x77,
    0x37, 0x67, 0x0,

    /* U+884C "行" */
    0x0, 0xff, 0xe4, 0x17, 0x18, 0x11, 0x7e, 0x0,
    0xc3, 0xe6, 0x60, 0xdd, 0xfc, 0xa0, 0x1, 0xc0,
    0xc0, 0x6, 0x67, 0xe4, 0x3, 0xf0, 0xc1, 0x0,
    0x19, 0xfe, 0x10, 0xa5, 0xc1, 0x61, 0x0, 0xff,
    0xa6, 0xc5, 0x65, 0x0, 0x3f, 0xf8, 0x25, 0x4c,
    0xbb, 0xff, 0xfc, 0x0, 0x1f, 0x9, 0x8, 0x99,
    0xce, 0x11, 0x32, 0x1, 0xc2, 0x10, 0x2, 0xb3,
    0x6b, 0x5, 0x66, 0x6, 0x83, 0x80, 0x7f, 0xf0,
    0xaf, 0x3c, 0x3, 0xff, 0x84, 0xe2, 0x1, 0xff,
    0xdf, 0x70, 0xf, 0xfe, 0xc, 0xca, 0xa8, 0x4,
    0x1, 0xff, 0x1a, 0xb2, 0xd8, 0x6,

    /* U+88C5 "装" */
    0x0, 0xff, 0xe3, 0x10, 0x0, 0xfc, 0x3, 0x27,
    0x80, 0x7b, 0xa8, 0x3, 0xff, 0x87, 0xaf, 0x20,
    0x3, 0xee, 0xa8, 0x3b, 0xb0, 0x0, 0x70, 0x1c,
    0xa, 0xaa, 0x90, 0xaa, 0xc0, 0x1d, 0x60, 0x28,
    0x91, 0x82, 0x26, 0x2, 0x9e, 0x29, 0x0, 0x44,
    0xcb, 0xc2, 0x66, 0x40, 0x15, 0xcb, 0x50, 0x7,
    0xf, 0x64, 0x77, 0x4e, 0x7, 0x86, 0x4, 0xc1,
    0xc8, 0xef, 0xe3, 0x2, 0x44, 0x97, 0x53, 0xcd,
    0x91, 0x3c, 0xb, 0x55, 0xd7, 0x1, 0x15, 0x5d,
    0x20, 0xfd, 0xdb, 0x44, 0xc6, 0x3b, 0xa8, 0xdd,
    0x0, 0x61, 0x9c, 0x7c, 0x89, 0x34, 0xc8, 0x60,
    0x8, 0x63, 0x98, 0x24, 0x19, 0x99, 0x69, 0xea,
    0x0, 0x8e, 0x69, 0xa0, 0xd, 0x6c, 0x4, 0x60,
    0x16, 0xd7, 0x30, 0x82, 0xd7, 0xdc, 0xdb, 0xee,
    0x38, 0x2a, 0x80, 0x1e, 0x16, 0x77, 0x20, 0x9b,
    0x6d, 0x80, 0x1d, 0xd7, 0xd2, 0x80, 0x19, 0x2a,
    0xc0,

    /* U+89C8 "览" */
    0x0, 0xe2, 0x0, 0x84, 0x3, 0xe7, 0x30, 0x3d,
    0x20, 0x5, 0x58, 0x7, 0xa1, 0x0, 0x38, 0x90,
    0x22, 0x33, 0x80, 0x7e, 0x80, 0x65, 0x5d, 0x80,
    0x1f, 0x22, 0xcc, 0xab, 0x76, 0xb0, 0xf, 0xc,
    0x9b, 0xc, 0xe1, 0x0, 0x42, 0x20, 0xc, 0xfc,
    0xb, 0xef, 0xa8, 0x0, 0xe6, 0x12, 0xd2, 0xb3,
    0x11, 0x5, 0x4a, 0x0, 0x55, 0xdc, 0xde, 0xef,
    0xc0, 0x1c, 0x57, 0x7f, 0x80, 0x3e, 0x14, 0x4a,
    0x71, 0x12, 0x10, 0xf, 0xf1, 0x70, 0x7, 0xff,
    0x5, 0x2, 0x54, 0x3, 0x21, 0x0, 0x3e, 0x80,
    0x10, 0x60, 0x19, 0xb2, 0x6c, 0x0, 0xac, 0x58,
    0x7e, 0x1, 0xa1, 0xc, 0x0, 0x2b, 0x7a, 0x38,
    0x63, 0xca, 0x88, 0x71, 0xea, 0xea, 0x79, 0xd3,
    0x8, 0x5a, 0xbb, 0x41, 0xb6, 0x4e, 0xe3, 0x0,
    0x4d, 0xdf, 0xfb, 0x4,

    /* U+89E3 "解" */
    0x0, 0xcc, 0x20, 0x1f, 0xfc, 0x25, 0x90, 0xc,
    0xae, 0xfe, 0x0, 0xd0, 0x1f, 0xd4, 0x19, 0x88,
    0xac, 0xb8, 0x10, 0x3, 0x1e, 0x69, 0x18, 0x4c,
    0x82, 0x6f, 0x80, 0x40, 0xa6, 0xc, 0xe, 0x0,
    0x14, 0x28, 0x2, 0x1, 0x78, 0x74, 0x79, 0x49,
    0x23, 0xc1, 0x1d, 0x10, 0x1, 0x40, 0xce, 0x66,
    0x55, 0xc3, 0x56, 0x3c, 0x0, 0x20, 0x22, 0x46,
    0xcb, 0x73, 0xcb, 0x7, 0x94, 0x3, 0x4c, 0xc,
    0x90, 0x13, 0x80, 0x7f, 0xf0, 0xd0, 0x36, 0xc7,
    0xfc, 0xa0, 0x14, 0x40, 0x64, 0x83, 0x9a, 0xe0,
    0x2e, 0xc8, 0x1, 0x55, 0x5, 0xc4, 0xd2, 0xd0,
    0xc5, 0x10, 0x20, 0x11, 0xa0, 0x61, 0x9a, 0xd9,
    0xc, 0x51, 0x4, 0x4, 0x17, 0xc3, 0x64, 0x4b,
    0xba, 0x2, 0xed, 0x0, 0xe2, 0x1, 0xc5, 0xff,
    0x58, 0xff, 0xa8, 0x3d, 0xc0, 0xe4, 0x84, 0x3,
    0xfc, 0x96, 0x2, 0xba, 0x6e, 0x1, 0xfd, 0xc4,
    0x0, 0x2f, 0xe2, 0x0, 0x93, 0x80, 0x20,

    /* U+89E6 "触" */
    0x0, 0x8a, 0x44, 0x3, 0xd0, 0x40, 0x1f, 0x42,
    0x8, 0x7, 0x99, 0x80, 0x1e, 0x25, 0x2f, 0xf4,
    0x0, 0x7f, 0xf0, 0x25, 0x37, 0x43, 0xa0, 0x68,
    0x80, 0x34, 0x40, 0x4, 0xc9, 0x44, 0x84, 0xa1,
    0xd7, 0x61, 0x8b, 0xb0, 0x80, 0x20, 0x3b, 0xe4,
    0xfc, 0x82, 0xfc, 0x6f, 0x80, 0x35, 0x6, 0x51,
    0x68, 0x80, 0x7f, 0xca, 0x6, 0xc0, 0x40, 0x1f,
    0xfc, 0x28, 0xa3, 0x81, 0x0, 0xff, 0xe0, 0x9a,
    0x89, 0x80, 0x5a, 0xc3, 0x8e, 0x1, 0xeb, 0xf2,
    0xb1, 0x6, 0x78, 0x6, 0x81, 0x10, 0x6, 0x45,
    0x3, 0x10, 0xbe, 0xe0, 0xd7, 0x70, 0x2, 0x30,
    0xa8, 0x2d, 0x0, 0xf9, 0xe0, 0x2, 0x11, 0x76,
    0x97, 0x8, 0x7, 0x8d, 0x80, 0x25, 0x20, 0xe,
    0x12, 0x34, 0x1d, 0xc1, 0x30, 0x6, 0xa0, 0x14,
    0x10, 0xae, 0xe5, 0x83, 0x30, 0x6c, 0x0, 0x96,
    0x2, 0xda, 0x49, 0x37, 0x9d, 0xfd, 0x4a, 0x0,
    0xe3, 0x0, 0x1f, 0xe9, 0x32, 0x18, 0x80, 0x13,
    0x80,

    /* U+8BA1 "计" */
    0x0, 0x84, 0x3, 0xc2, 0xe0, 0x1f, 0x5e, 0x80,
    0x79, 0x60, 0x40, 0x3d, 0x7, 0x0, 0x1f, 0xfc,
    0x23, 0x87, 0x40, 0xf, 0xfe, 0x13, 0xa1, 0x80,
    0x7f, 0xf0, 0xed, 0xc0, 0x3f, 0xe1, 0x88, 0x8c,
    0xc, 0xf8, 0x14, 0xce, 0x23, 0x66, 0x3a, 0x6,
    0xe6, 0x50, 0x17, 0x99, 0x41, 0x77, 0x4, 0x1,
    0x9b, 0xb4, 0x86, 0x6e, 0xd6, 0x1, 0xe2, 0x2e,
    0x2, 0x2c, 0x20, 0x1f, 0xfd, 0xc9, 0x40, 0xf,
    0xfe, 0xf, 0x63, 0x0, 0x7f, 0xf0, 0x45, 0x83,
    0x50, 0x3, 0xfe, 0x40, 0x6c, 0x20, 0xf, 0xfe,
    0x2, 0x64, 0x80, 0x7f, 0xf0, 0x0,

    /* U+8BA4 "认" */
    0x0, 0xff, 0x8, 0x7, 0xd2, 0xe0, 0x1e, 0x7e,
    0x0, 0xfb, 0xe1, 0x40, 0x3f, 0xf8, 0x4c, 0xca,
    0x30, 0xf, 0xfe, 0x14, 0x9d, 0x0, 0x6f, 0x10,
    0xf, 0xed, 0x90, 0xe, 0x10, 0xf, 0x33, 0x46,
    0x1, 0xc4, 0x4, 0x1, 0xd1, 0x32, 0x50, 0xe,
    0x60, 0x70, 0xe, 0xef, 0x10, 0xf, 0x18, 0x60,
    0x7, 0xff, 0x4, 0xc1, 0x50, 0x3, 0xff, 0x83,
    0x63, 0x64, 0x60, 0x1f, 0xc6, 0x0, 0x67, 0x13,
    0x90, 0xf, 0xd1, 0xa0, 0xe3, 0x1, 0xa, 0x60,
    0x1e, 0xa7, 0xb3, 0x86, 0x10, 0x43, 0xe0, 0xe,
    0x12, 0xb4, 0xe2, 0x90, 0xb, 0xca, 0x80, 0x22,
    0x1c, 0x5c, 0x3f, 0x0, 0xc7, 0xb, 0x20, 0x2,
    0xe3, 0x52, 0xd2, 0x0, 0xe7, 0x60, 0xf, 0x27,
    0x18, 0x7, 0xd3, 0x20,

    /* U+8BB0 "记" */
    0x9, 0x50, 0xc, 0x23, 0xf0, 0x4, 0x74, 0x40,
    0xf, 0xee, 0xf9, 0x80, 0x14, 0x5e, 0x0, 0xaa,
    0xf8, 0x3, 0xbc, 0x90, 0x15, 0x7e, 0x10, 0xc,
    0x5c, 0x80, 0x1f, 0xf3, 0x34, 0x60, 0x1f, 0xfc,
    0x9, 0x99, 0x40, 0x4, 0xcd, 0xe1, 0x0, 0x7f,
    0x84, 0x2, 0x49, 0x9f, 0x0, 0x7f, 0x87, 0xff,
    0xcc, 0x1, 0xff, 0xd3, 0x10, 0xf, 0x8, 0x7,
    0xef, 0x60, 0xd, 0x12, 0x1, 0xf8, 0x40, 0x34,
    0xbe, 0x80, 0x80, 0x7c, 0x60, 0x42, 0x18, 0xa6,
    0x12, 0xab, 0xa4, 0x18, 0xc, 0xd8, 0x60, 0xa8,
    0xd5, 0x59, 0x90, 0xc0, 0x70, 0x80, 0x2b, 0xff,
    0xf5, 0x80,

    /* U+8BC1 "证" */
    0x9, 0x30, 0xf, 0xfe, 0x11, 0x68, 0x84, 0xff,
    0xff, 0x48, 0x51, 0xe8, 0x55, 0x71, 0x95, 0x56,
    0x1, 0xe0, 0x13, 0x55, 0xce, 0xca, 0xb1, 0x80,
    0xf, 0x4, 0x3, 0xfe, 0x9a, 0xa1, 0x0, 0x26,
    0xc0, 0x3f, 0x1b, 0x28, 0x80, 0x7f, 0xf0, 0x2b,
    0x80, 0x3f, 0x93, 0xfe, 0x30, 0xf, 0xf8, 0xa2,
    0x22, 0x0, 0xff, 0x99, 0xde, 0x10, 0xf, 0xfe,
    0x44, 0x18, 0x7, 0xff, 0x7, 0x9d, 0xc0, 0x1f,
    0xf3, 0x1, 0x5a, 0x0, 0x7f, 0xc2, 0x2c, 0xdf,
    0x64, 0xff, 0x22, 0x3f, 0xee, 0x5, 0xe3, 0xaa,
    0xff, 0xe0, 0x0,

    /* U+8BC6 "识" */
    0xa, 0x20, 0xf, 0xfe, 0x10, 0xf8, 0x5, 0xdf,
    0xff, 0x28, 0x2, 0x8e, 0xc0, 0x26, 0xaa, 0xe0,
    0x30, 0x0, 0xea, 0x88, 0x3, 0xd5, 0x78, 0x40,
    0x31, 0xf0, 0x80, 0x7f, 0xc8, 0xaa, 0x10, 0xf,
    0xfe, 0x4, 0xd5, 0x14, 0x3, 0xff, 0x81, 0xbc,
    0x1, 0xc2, 0x45, 0xc0, 0x18, 0x40, 0x3a, 0x37,
    0x78, 0x40, 0x3f, 0x66, 0xef, 0xce, 0x1, 0xf1,
    0x1a, 0x11, 0x1, 0x8, 0x40, 0x39, 0x4c, 0x2e,
    0x0, 0xb, 0x26, 0x1, 0xdb, 0x4a, 0xb5, 0x80,
    0x1c, 0xf8, 0x2, 0x10, 0x68, 0x5a, 0x55, 0x0,
    0x5c, 0x52, 0x0, 0x40, 0x96, 0xd3, 0xa0, 0xc,
    0x52, 0xc8, 0xb, 0x8c, 0xc0, 0xd0, 0xf, 0x31,
    0xe8, 0x0, 0xc1, 0xfc, 0x40, 0x3e, 0xd9,

    /* U+8BD5 "试" */
    0x0, 0xff, 0x23, 0x80, 0x80, 0x43, 0xc8, 0x1,
    0xf1, 0xd1, 0xf1, 0x80, 0x5, 0x2c, 0x80, 0x3e,
    0x33, 0x46, 0x18, 0x2, 0x8b, 0xc4, 0x3, 0x84,
    0x0, 0xf2, 0x60, 0x17, 0xb9, 0xff, 0xf4, 0x8f,
    0xfa, 0x70, 0x2, 0x2a, 0x29, 0x9e, 0x60, 0x99,
    0xa0, 0x22, 0x64, 0x20, 0xcd, 0xda, 0xc, 0xd2,
    0x1, 0xab, 0x18, 0x7, 0x9c, 0x4, 0x3, 0x5f,
    0x80, 0x5d, 0xff, 0x9c, 0xc, 0x3, 0xfa, 0xa8,
    0xf, 0x4a, 0x2, 0x1, 0xfc, 0x8a, 0x18, 0xa2,
    0xe, 0x1, 0xff, 0xc3, 0x23, 0x0, 0xfd, 0x44,
    0x1, 0xcf, 0xa0, 0xc, 0x0, 0xd2, 0x80, 0x18,
    0x4b, 0x50, 0x8, 0xc0, 0x32, 0x53, 0x38, 0x57,
    0x5a, 0xa, 0x39, 0x80, 0x2c, 0x2d, 0xae, 0x51,
    0xae, 0xc, 0xaa, 0x10, 0x1, 0x36, 0x85, 0xdc,
    0xb8, 0x41, 0xf, 0x30, 0x90,

    /* U+8BEF "误" */
    0x7, 0x40, 0x9, 0x13, 0xf1, 0x80, 0x5b, 0x66,
    0x0, 0xbb, 0xfd, 0x0, 0x15, 0x1e, 0x88, 0x2,
    0xbf, 0xf9, 0x40, 0x3b, 0x5c, 0x40, 0x3f, 0xf8,
    0x43, 0x20, 0x15, 0x7f, 0xf2, 0x80, 0x51, 0x10,
    0x80, 0x2e, 0xff, 0x48, 0x1, 0x59, 0xcc, 0x0,
    0x89, 0xf8, 0x80, 0x1b, 0x80, 0x15, 0xff, 0xff,
    0x30, 0x7, 0xa7, 0x32, 0x80, 0xcc, 0xce, 0x1,
    0xe2, 0x33, 0x84, 0x46, 0x78, 0x40, 0x39, 0x3f,
    0xf4, 0x8f, 0xfe, 0xe0, 0xe, 0x6b, 0xcc, 0x84,
    0x1b, 0x32, 0xd0, 0xc, 0xf8, 0xe6, 0x65, 0x14,
    0x71, 0x33, 0x80, 0x2, 0x14, 0x86, 0xf, 0x2f,
    0x6b, 0x8a, 0x1, 0xac, 0x22, 0x2e, 0x89, 0x80,
    0xb7, 0xad, 0x80, 0x4, 0x63, 0xb3, 0x5c, 0xc0,
    0x14, 0xea, 0x18, 0x4, 0x60, 0x9d, 0x2, 0x1,
    0xc5, 0x36, 0x0,

    /* U+8BF4 "说" */
    0x0, 0xf8, 0x40, 0x3f, 0xa4, 0xc0, 0x2a, 0xa0,
    0x6, 0xc7, 0x0, 0x97, 0x44, 0x1, 0x8, 0xc0,
    0x5, 0x35, 0x0, 0xb4, 0x28, 0x0, 0x4f, 0x0,
    0xb, 0x62, 0x0, 0x86, 0x9c, 0x4e, 0x1, 0x22,
    0xc4, 0x20, 0xc0, 0x24, 0xc1, 0x67, 0x31, 0x30,
    0x42, 0x75, 0x5, 0x58, 0x2, 0x1b, 0xbf, 0x8,
    0x2, 0xaa, 0x20, 0xf, 0xfe, 0x7, 0xe8, 0x7,
    0xff, 0x20, 0x7f, 0xfc, 0x20, 0x1f, 0x3d, 0x28,
    0x54, 0x4, 0x52, 0x0, 0x78, 0x97, 0x49, 0x54,
    0x8, 0xa4, 0x1, 0xc8, 0x61, 0xac, 0x1, 0xca,
    0xc0, 0x15, 0x5b, 0x2, 0x60, 0x7, 0x6e, 0x80,
    0x27, 0x72, 0xc0, 0xb0, 0x7, 0xe5, 0x9, 0x88,
    0x3c, 0x88, 0x18, 0x5a, 0xa0, 0x83, 0xe3, 0x4b,
    0xc3, 0x0, 0x5, 0x1e, 0x8b, 0x80, 0x6, 0x11,
    0x6e, 0x1, 0xaf, 0xfd, 0xc8,

    /* U+8BF7 "请" */
    0x4, 0x30, 0xf, 0x36, 0x0, 0x7d, 0xba, 0x10,
    0xac, 0xca, 0xcf, 0x33, 0x30, 0x2, 0x4b, 0x42,
    0x3b, 0xa5, 0x1e, 0xec, 0xe0, 0x17, 0x38, 0xb7,
    0xfc, 0xc3, 0xff, 0x80, 0x31, 0x58, 0xaf, 0xfc,
    0xc3, 0xff, 0x84, 0x4, 0x88, 0x2, 0x60, 0x1f,
    0xc4, 0x1f, 0xba, 0x27, 0xff, 0xca, 0x7f, 0xfc,
    0x1f, 0x60, 0x6, 0xdf, 0xff, 0xd9, 0xa0, 0x2c,
    0x1, 0x26, 0xef, 0xeb, 0x0, 0xfe, 0xff, 0xf3,
    0x0, 0x7f, 0xbf, 0xfc, 0xc0, 0x1f, 0x10, 0x3,
    0xff, 0xcc, 0x1, 0xea, 0xc0, 0x7, 0x77, 0x98,
    0x3, 0xcf, 0x0, 0xc, 0xcf, 0x28, 0x6, 0x50,
    0x96, 0x0, 0x11, 0x78, 0x40, 0x33, 0x4b, 0x0,
    0x78, 0xff, 0xcb, 0xc0, 0x10, 0xb0, 0x1, 0x38,
    0x2, 0x3f, 0xf7, 0x20, 0x0,

    /* U+8C03 "调" */
    0xa, 0x30, 0x1, 0xa2, 0x7f, 0x0, 0x7, 0x40,
    0x1b, 0x77, 0xfc, 0x41, 0x41, 0x20, 0xa, 0xff,
    0x65, 0x7f, 0xb8, 0x2, 0x1b, 0x30, 0xe, 0xbe,
    0x0, 0xf9, 0x68, 0x2, 0xaf, 0x74, 0xfe, 0x0,
    0xa6, 0xa4, 0x3, 0x57, 0x3a, 0x77, 0x80, 0x44,
    0xee, 0x0, 0xc6, 0x42, 0xe4, 0x43, 0x0, 0x5c,
    0x0, 0x63, 0xcc, 0x31, 0xe6, 0x10, 0x3, 0xf1,
    0x7f, 0xf9, 0xc0, 0x3e, 0x10, 0x2f, 0xfc, 0xc0,
    0x1f, 0xce, 0x21, 0xba, 0x31, 0x0, 0xf2, 0x20,
    0x3, 0x11, 0x1c, 0x3, 0xc3, 0x66, 0x4, 0x0,
    0x44, 0x38, 0x7, 0x10, 0x48, 0x8e, 0x29, 0x90,
    0x90, 0x6, 0x19, 0x6a, 0x40, 0x2d, 0xdb, 0x99,
    0x80, 0x60, 0xcc, 0x13, 0xe0, 0xe, 0xec, 0x97,
    0x10, 0x8, 0x71, 0x0, 0x3b, 0x7f, 0xa0, 0x0,

    /* U+8D26 "账" */
    0x0, 0xff, 0xe3, 0x8a, 0x27, 0x8, 0x37, 0x0,
    0x61, 0x0, 0x8a, 0xef, 0x90, 0x3, 0xcb, 0xc4,
    0x1, 0xbf, 0xe2, 0x0, 0xf3, 0xd3, 0x90, 0x7,
    0x61, 0x80, 0x7a, 0xa2, 0x60, 0x3, 0xc6, 0xe0,
    0x1d, 0x9, 0x8c, 0x1, 0xff, 0xc2, 0x8e, 0x30,
    0xf, 0xfe, 0x1, 0xf0, 0x99, 0xf1, 0x0, 0x7f,
    0x63, 0x86, 0x67, 0x78, 0x7, 0xf7, 0xc8, 0xf9,
    0xbf, 0xfb, 0x40, 0x3c, 0xe0, 0x1e, 0x44, 0x0,
    0x7f, 0x8, 0x7, 0xac, 0xc4, 0x3, 0x15, 0x18,
    0x37, 0x20, 0x6, 0x32, 0x90, 0xc, 0x2b, 0x43,
    0x60, 0x20, 0x1d, 0x6e, 0x40, 0x19, 0x1a, 0x9b,
    0x48, 0x2, 0x2a, 0x73, 0xf1, 0x0, 0x25, 0xb2,
    0x49, 0x70, 0x70, 0xeb, 0x87, 0x16, 0x80, 0x21,
    0x64, 0x1, 0xbe, 0xa, 0x33, 0xa2, 0x59, 0x40,
    0xd, 0xa0, 0x8, 0x4c, 0x3f, 0x98, 0x2, 0x36,
    0x0,

    /* U+8D28 "质" */
    0x0, 0xf8, 0x48, 0xd1, 0x9e, 0x2a, 0xc0, 0x22,
    0xef, 0xfb, 0xb7, 0x2e, 0x29, 0x0, 0x84, 0x2,
    0x18, 0xbc, 0xde, 0xe2, 0x6e, 0xb2, 0xa4, 0x40,
    0x32, 0x20, 0xc8, 0x44, 0x8e, 0x1, 0xfc, 0xff,
    0xfc, 0x17, 0xff, 0xac, 0x3, 0x3d, 0xdf, 0x4,
    0x5d, 0xe8, 0x0, 0xc2, 0x89, 0xc0, 0x68, 0x98,
    0xc0, 0x38, 0xbf, 0xf0, 0x5f, 0xfc, 0xa0, 0x10,
    0x80, 0x6a, 0xbb, 0x45, 0x5d, 0x80, 0xc0, 0x27,
    0x3, 0x0, 0x3a, 0x22, 0x5, 0x10, 0x20, 0x18,
    0x40, 0x40, 0x30, 0x83, 0x80, 0x7d, 0xa4, 0x1,
    0xc8, 0x6, 0x1, 0xf2, 0x38, 0x1b, 0x98, 0xc0,
    0x59, 0x84, 0xa8, 0x0, 0x8f, 0xc0, 0x61, 0xfc,
    0x2c, 0x73, 0x6, 0x60, 0x4, 0x8a, 0xaa, 0xbe,
    0x5f, 0x52, 0xb5, 0xaf, 0x54, 0x6, 0x3, 0x6,
    0x7a, 0x40, 0x22, 0xad, 0x42, 0xa, 0x60, 0x9b,
    0x61, 0x0, 0xf1, 0x4b, 0x80,

    /* U+8D85 "超" */
    0x0, 0xc2, 0x20, 0xf, 0xfe, 0x1e, 0xb0, 0x0,
    0x51, 0x3e, 0x0, 0xfe, 0x4a, 0xa5, 0xd5, 0x56,
    0x0, 0x5f, 0xf1, 0xc7, 0xea, 0xf3, 0x2f, 0x72,
    0x80, 0x24, 0xbb, 0x13, 0x5f, 0x0, 0x17, 0x0,
    0x2, 0x1, 0xa, 0x20, 0x79, 0xc, 0x1c, 0xdc,
    0x7, 0xc8, 0x0, 0x24, 0x40, 0xf2, 0x22, 0xc5,
    0x87, 0xf2, 0xa8, 0x1, 0xfb, 0xa3, 0x7d, 0xd0,
    0xd2, 0x8e, 0x63, 0x60, 0x1, 0x99, 0x50, 0x66,
    0x11, 0x8c, 0xc0, 0x1, 0x30, 0x1, 0x58, 0x30,
    0x19, 0x83, 0x73, 0x3b, 0x80, 0x25, 0x70, 0xf,
    0x5f, 0xfd, 0x20, 0x18, 0xc0, 0x2f, 0xf0, 0x80,
    0x7f, 0x84, 0x80, 0x19, 0x81, 0x3, 0x3d, 0xc0,
    0x10, 0x85, 0x0, 0xc, 0xc0, 0x8, 0xcc, 0x9c,
    0x40, 0x8, 0x22, 0x80, 0xd, 0xdf, 0xfd, 0x80,
    0xf, 0x4e, 0x40, 0x75, 0x44, 0xfc, 0x60, 0xbc,
    0x7a, 0xd5, 0x4b, 0xbf, 0xd0, 0x1a, 0x80, 0x53,
    0xbf, 0xff, 0xd6,

    /* U+8DEF "路" */
    0x0, 0xfe, 0x56, 0x0, 0xf4, 0xce, 0x80, 0x0,
    0xd8, 0x80, 0x79, 0x88, 0xc9, 0x80, 0x16, 0x31,
    0xff, 0x70, 0x5, 0x35, 0xe0, 0x7, 0x58, 0xbb,
    0x9c, 0xc0, 0x3e, 0x58, 0x1c, 0x44, 0x2b, 0x48,
    0x4, 0xc4, 0x40, 0xd5, 0xc4, 0x70, 0xd5, 0x40,
    0xa, 0xf6, 0x42, 0x28, 0xaa, 0x34, 0x6c, 0x2,
    0xff, 0xd, 0x70, 0x4, 0x60, 0x4c, 0x20, 0x12,
    0x80, 0x61, 0x7d, 0x97, 0xb6, 0xe9, 0x31, 0xa0,
    0xd, 0x10, 0x4d, 0x84, 0xd9, 0x48, 0x0, 0xd5,
    0xfb, 0xb3, 0x22, 0x45, 0x34, 0x1, 0xa2, 0xd1,
    0xee, 0xab, 0x5d, 0x8, 0x6, 0x24, 0x0, 0xf,
    0x76, 0xa0, 0xf, 0xfe, 0x42, 0x8c, 0xe2, 0x0,
    0x8, 0xb8, 0x1, 0x81, 0x44, 0xc8, 0xc0, 0x3b,
    0xba, 0x0, 0x1d, 0xbf, 0xb5, 0x4, 0x3, 0xff,
    0xa8, 0x0,

    /* U+8DF3 "跳" */
    0x4, 0x4c, 0x40, 0x3, 0xa0, 0x4b, 0x0, 0xd7,
    0x7a, 0x80, 0xe, 0x80, 0x4a, 0x1, 0xdd, 0xec,
    0x34, 0x20, 0x1e, 0x75, 0x0, 0xe1, 0x13, 0x0,
    0x7a, 0x58, 0x0, 0x62, 0x61, 0xf2, 0x1, 0xcc,
    0x46, 0x0, 0xde, 0x50, 0x43, 0xe0, 0xd, 0x70,
    0x0, 0xdd, 0xd, 0x48, 0x4e, 0x80, 0x68, 0x40,
    0x15, 0x20, 0x11, 0x2, 0x18, 0x6, 0x40, 0x1,
    0x48, 0x3, 0x10, 0x16, 0x80, 0x21, 0xf3, 0x0,
    0xe6, 0x9a, 0xa2, 0x98, 0x0, 0x5b, 0x18, 0x3,
    0x57, 0x3e, 0x60, 0x40, 0x28, 0xae, 0x0, 0xe3,
    0xd3, 0xd5, 0x0, 0xcb, 0x0, 0x1f, 0x97, 0x0,
    0x3b, 0xc0, 0x2, 0x1b, 0x21, 0x22, 0xa0, 0x18,
    0x45, 0x23, 0xc2, 0x80, 0xed, 0x60, 0x3, 0x14,
    0x63, 0xca, 0xdf, 0xdc, 0x88, 0x28, 0x1, 0xa,
    0xe2, 0x99, 0x48, 0x0, 0xb6, 0xe0, 0x10, 0xef,
    0xf9, 0xc0,

    /* U+8FC7 "过" */
    0x0, 0x10, 0x7, 0xf5, 0xa8, 0x6, 0x7c, 0x20,
    0xf, 0xca, 0x40, 0x19, 0xd7, 0xc4, 0x44, 0x5e,
    0xf, 0x22, 0x0, 0x54, 0x10, 0xdb, 0xbe, 0x17,
    0xdd, 0x0, 0x43, 0x92, 0xd9, 0x9e, 0x16, 0xcd,
    0x0, 0xc2, 0x2, 0xaa, 0x33, 0xc1, 0xc6, 0x41,
    0x5f, 0xee, 0x0, 0x1c, 0x98, 0x7, 0xe8, 0xb6,
    0x0, 0x95, 0x5c, 0x1, 0xf8, 0x93, 0xc0, 0x35,
    0x9d, 0x0, 0x7f, 0xf0, 0x86, 0xb8, 0x3, 0xff,
    0x86, 0x88, 0x0, 0xff, 0xe1, 0xa3, 0x32, 0x4,
    0x80, 0x3b, 0x4, 0x80, 0x2c, 0x99, 0x32, 0x28,
    0x6, 0x95, 0x2e, 0x10, 0x4, 0x7f, 0xba, 0xc0,
    0x33, 0xb4, 0xe0, 0xfc, 0xb2, 0xaf, 0xe0, 0xf8,
    0x61, 0xc6, 0x49, 0xaa, 0xfc, 0x10, 0xe0, 0x1,
    0x8d, 0xff, 0xfe, 0x0,

    /* U+8FDB "进" */
    0x0, 0xff, 0xe3, 0xc0, 0x7, 0x64, 0x0, 0x7,
    0xcc, 0x2, 0x16, 0xa0, 0xf, 0xfe, 0x10, 0xd2,
    0xb8, 0x11, 0x89, 0x19, 0x90, 0x14, 0xc4, 0x0,
    0x91, 0x1, 0xec, 0x25, 0xcc, 0x50, 0x4e, 0x28,
    0x4, 0xf8, 0x3b, 0xc6, 0xfd, 0xcc, 0xb, 0xe4,
    0x0, 0xc6, 0x2, 0x20, 0x0, 0x88, 0x81, 0xc4,
    0x1, 0xdf, 0xe6, 0x0, 0xff, 0xe0, 0xdc, 0x80,
    0x93, 0x30, 0x4d, 0x9a, 0x4, 0x65, 0x5, 0x61,
    0x7, 0x99, 0x12, 0x4c, 0xa0, 0x22, 0x60, 0x3,
    0x97, 0xfc, 0x33, 0xfe, 0xe0, 0xcf, 0xd0, 0xf,
    0x88, 0x54, 0x3, 0xff, 0x85, 0x2, 0x60, 0x1f,
    0xc6, 0x3a, 0xa, 0xab, 0x0, 0xfe, 0x1d, 0x25,
    0x66, 0x3a, 0x80, 0x66, 0x20, 0xb, 0x43, 0x26,
    0x5f, 0xe6, 0x55, 0x93, 0x11, 0x54, 0xf, 0xa2,
    0xd6, 0xf3, 0x2a, 0xaf, 0xb8, 0x2c, 0xc0, 0x9,
    0x7d, 0xff, 0xfa, 0xc0,

    /* U+8FDE "连" */
    0x0, 0xfe, 0x14, 0x0, 0xfe, 0x93, 0x0, 0xe9,
    0xa0, 0xf, 0xe5, 0xd1, 0x3, 0x39, 0x90, 0xcf,
    0x88, 0x2, 0xd0, 0xb0, 0xcc, 0x85, 0x73, 0x3a,
    0x0, 0x21, 0xb7, 0x1f, 0xf1, 0xaf, 0xff, 0xa8,
    0x3, 0x2e, 0x88, 0x19, 0xa4, 0x3d, 0x40, 0x3c,
    0x45, 0x8, 0x3, 0xd0, 0xc0, 0x3f, 0xb3, 0x74,
    0xe0, 0x66, 0x8, 0x80, 0x7c, 0x44, 0x20, 0xc,
    0xc0, 0x80, 0x48, 0x6, 0x60, 0x63, 0x38, 0x2,
    0x23, 0x0, 0x8e, 0xef, 0x4, 0xdd, 0xc2, 0x1,
    0xff, 0xcc, 0x6e, 0xee, 0xb, 0xee, 0xb4, 0x3,
    0xc9, 0x11, 0xc0, 0xf1, 0x18, 0x2, 0x21, 0xf2,
    0x66, 0xe0, 0xc6, 0x69, 0x40, 0x3, 0xe2, 0xca,
    0x1, 0xc8, 0xc0, 0x1e, 0xd3, 0xf6, 0xab, 0x75,
    0x44, 0x7b, 0xa2, 0x60, 0x3, 0xe8, 0xcd, 0x84,
    0xd5, 0xdf, 0xd2, 0x0, 0xb3, 0x0, 0x25, 0xf7,
    0xff, 0xed, 0x0,

    /* U+9009 "选" */
    0x0, 0xff, 0x8, 0x7, 0xc8, 0x1, 0x85, 0x0,
    0xb8, 0x40, 0x38, 0xad, 0xc0, 0x27, 0xa0, 0xf,
    0xe2, 0x98, 0x50, 0x6, 0x92, 0x20, 0x11, 0x30,
    0x80, 0x19, 0x94, 0x22, 0x43, 0xb9, 0xa, 0xbb,
    0x88, 0x2, 0x9b, 0x19, 0x1f, 0xf6, 0x87, 0x7f,
    0xc6, 0x1, 0x90, 0x6, 0x40, 0x3f, 0xd7, 0xba,
    0x41, 0xf1, 0x66, 0x28, 0x3b, 0x34, 0xa1, 0xb4,
    0x42, 0xb1, 0x14, 0xc8, 0x66, 0x22, 0x90, 0x67,
    0x10, 0x4e, 0xe5, 0x7, 0x70, 0x37, 0xb9, 0x80,
    0x1f, 0x88, 0x40, 0x38, 0xe0, 0x3, 0xf5, 0x20,
    0x7, 0x32, 0x80, 0x7d, 0x47, 0x0, 0x12, 0x1e,
    0x8, 0x0, 0x87, 0x2, 0xd6, 0xc8, 0x0, 0xd1,
    0x8d, 0x40, 0xf, 0x26, 0x64, 0x6a, 0x0, 0x53,
    0xff, 0x30, 0x49, 0xe4, 0x4c, 0x22, 0x7f, 0x81,
    0x68, 0x5e, 0xc2, 0x2e, 0xff, 0x83, 0x50, 0x0,
    0x97, 0xdf, 0xff, 0xc0,

    /* U+900F "透" */
    0x0, 0xff, 0xe3, 0x96, 0x90, 0x0, 0x8d, 0x15,
    0x9e, 0x6f, 0x64, 0x2, 0x21, 0xf0, 0x6, 0x62,
    0xa2, 0x68, 0x32, 0x2c, 0x3, 0x79, 0x40, 0x77,
    0xf6, 0xa2, 0xcb, 0xa9, 0x0, 0x63, 0x72, 0x27,
    0xfe, 0x47, 0xff, 0xd8, 0x1, 0xa2, 0x8b, 0x75,
    0x20, 0x22, 0x9, 0xdd, 0x70, 0x7, 0xc4, 0xf3,
    0xa, 0xcf, 0x2a, 0x44, 0x0, 0x6f, 0xf8, 0xcd,
    0x75, 0x2e, 0x0, 0x8a, 0x9d, 0x50, 0x4, 0x48,
    0x3, 0xd9, 0xcd, 0x4f, 0xd4, 0x3d, 0x28, 0x41,
    0x58, 0x1, 0xb8, 0xf5, 0x47, 0x8a, 0x81, 0x9f,
    0x10, 0xe, 0x11, 0x7c, 0x1f, 0xfa, 0x45, 0x54,
    0x1, 0xfe, 0xbb, 0x0, 0x38, 0x62, 0x80, 0x3f,
    0xa4, 0x9c, 0x1, 0x1b, 0x46, 0x1, 0x8c, 0x18,
    0x39, 0x30, 0x1, 0xdd, 0x45, 0x0, 0x43, 0xc1,
    0x65, 0x1a, 0x40, 0xd, 0xad, 0xe6, 0x0, 0xa8,
    0xf5, 0x73, 0x95, 0x12, 0x70, 0x75, 0x44, 0x0,
    0x1e, 0x8a, 0xe5, 0x6a, 0xef, 0xf8, 0x1, 0xa8,
    0x0, 0x7d, 0xff, 0xff, 0x0,

    /* U+9192 "醒" */
    0x44, 0xf8, 0x55, 0x7c, 0x81, 0x77, 0xf2, 0x5c,
    0xf7, 0x53, 0x41, 0xfe, 0x4a, 0x1e, 0xf5, 0xf,
    0xbb, 0xa0, 0x3, 0xfe, 0xcf, 0xfa, 0xc0, 0x11,
    0xe9, 0x43, 0xda, 0x0, 0xcf, 0xfa, 0x80, 0x2,
    0x64, 0xa0, 0xa6, 0x0, 0x63, 0x3c, 0x1, 0x5b,
    0xf8, 0xc8, 0x0, 0xa3, 0xba, 0xb2, 0x0, 0x84,
    0x40, 0x1b, 0xfb, 0x6f, 0x37, 0x0, 0x1e, 0xaa,
    0x6, 0x0, 0x7d, 0xa4, 0xba, 0x20, 0x41, 0x90,
    0x5a, 0x0, 0x8d, 0xa8, 0x22, 0xa8, 0x40, 0xf6,
    0x11, 0xc1, 0x13, 0xdc, 0xd, 0xee, 0x18, 0x37,
    0x7f, 0xb0, 0x2f, 0xee, 0xc1, 0xf7, 0x60, 0x3,
    0x66, 0x54, 0x3, 0x9b, 0xa0, 0x4d, 0xd0, 0x0,
    0x4c, 0xe6, 0x0, 0x2b, 0x30, 0x2d, 0x98, 0x0,
    0x7f, 0xfb, 0x0, 0x4c, 0xe0, 0x63, 0x31, 0x3,
    0x6e, 0xec, 0x9c, 0xc8, 0x2b, 0x31, 0x0,

    /* U+91CA "释" */
    0x0, 0x9, 0xab, 0xd1, 0x92, 0x27, 0x8c, 0x1,
    0xfd, 0x95, 0x40, 0x18, 0xbb, 0xf6, 0x80, 0x27,
    0x24, 0x76, 0xf, 0x83, 0x3f, 0xdc, 0x2e, 0x0,
    0xd6, 0x30, 0x7, 0x3a, 0x3e, 0x90, 0x51, 0xc8,
    0x3, 0xa4, 0x0, 0x64, 0xc1, 0xf, 0x9a, 0xf8,
    0x1, 0x28, 0x98, 0x24, 0x80, 0xc, 0xc2, 0x40,
    0x80, 0x12, 0x47, 0x1, 0x11, 0x77, 0x3, 0x79,
    0x6b, 0xe0, 0x2a, 0x8e, 0x35, 0x41, 0x5e, 0xa5,
    0xa9, 0xfa, 0xd0, 0xef, 0x21, 0xff, 0x24, 0x8,
    0x7b, 0x80, 0x15, 0x40, 0x4, 0x21, 0x80, 0x1f,
    0xf9, 0xcf, 0xfe, 0x50, 0x4, 0xa0, 0xa6, 0x6,
    0xec, 0xc7, 0xbb, 0x28, 0x38, 0x70, 0x65, 0x89,
    0x14, 0x20, 0x45, 0x0, 0x23, 0x80, 0x27, 0xdf,
    0xf9, 0xcf, 0xfe, 0xd0, 0xa3, 0x0, 0xdd, 0x99,
    0x29, 0xe6, 0x5c, 0xa, 0x1, 0xc6, 0x78, 0x80,
    0xcf, 0x0, 0x7f, 0xf2, 0x17, 0x80, 0x3d, 0x18,
    0x1, 0x80,

    /* U+91CC "里" */
    0x1, 0x44, 0xff, 0xe0, 0x8, 0x1, 0x2e, 0xff,
    0xf8, 0x8, 0x1, 0xbf, 0xf2, 0x23, 0xff, 0x0,
    0x7f, 0xf2, 0xbf, 0xf2, 0x23, 0xff, 0x0, 0x7b,
    0x33, 0x19, 0xb3, 0x30, 0x7, 0x8c, 0xf3, 0xb8,
    0xcf, 0x0, 0x79, 0x57, 0x3b, 0x95, 0x70, 0x7,
    0xaa, 0xb1, 0x9a, 0xab, 0x0, 0x65, 0xff, 0xe4,
    0x47, 0xff, 0x28, 0x0, 0x8c, 0xf9, 0xc0, 0xcf,
    0x88, 0x1, 0x39, 0x9c, 0x69, 0x99, 0xd2, 0x0,
    0xbe, 0xee, 0x44, 0x77, 0x75, 0x80, 0x42, 0x3c,
    0x0, 0x11, 0xe0, 0x7, 0x7f, 0xf9, 0x11, 0xff,
    0xed, 0xab, 0xbf, 0xfe, 0x14, 0x80,

    /* U+91CD "重" */
    0x0, 0x8, 0x88, 0x86, 0x64, 0x55, 0x33, 0xc2,
    0x0, 0x27, 0xb9, 0xba, 0xcc, 0x5c, 0x4e, 0xe1,
    0x8, 0x2, 0x7b, 0x9f, 0xf3, 0x26, 0xe5, 0xda,
    0x94, 0x2f, 0xfb, 0x9f, 0xf3, 0x27, 0xff, 0xb6,
    0xbb, 0xbc, 0xa9, 0xdd, 0xec, 0x11, 0x6e, 0xf2,
    0x2e, 0xef, 0x0, 0x80, 0xe, 0xe2, 0x25, 0x28,
    0x8a, 0x8c, 0xc0, 0x18, 0x91, 0x21, 0x74, 0x49,
    0x40, 0x3d, 0x5f, 0xf2, 0xa7, 0xfd, 0x80, 0x1e,
    0xae, 0xe9, 0x53, 0xba, 0xc0, 0xf, 0x57, 0x74,
    0xa9, 0xdd, 0x60, 0x18, 0x5, 0xff, 0xcc, 0x9f,
    0xfc, 0x20, 0x9, 0xff, 0xe6, 0x4f, 0xfe, 0xb0,
    0x4, 0xff, 0xf2, 0xa7, 0xff, 0x58, 0x0, 0x47,
    0xc0, 0x1, 0x1f, 0xb3, 0xbb, 0xca, 0x9d, 0xde,
    0xf0,

    /* U+91CF "量" */
    0x0, 0xc, 0xcf, 0xff, 0x0, 0x3, 0x1b, 0x7e,
    0xef, 0xee, 0x61, 0x0, 0xeb, 0x99, 0xfd, 0x40,
    0x1f, 0x76, 0xef, 0xe9, 0x0, 0xe3, 0x2e, 0xdd,
    0xfd, 0x24, 0x1, 0x33, 0xdd, 0xff, 0xf0, 0x1d,
    0x40, 0x3f, 0xf8, 0x86, 0xc, 0xf5, 0x5f, 0xfc,
    0x7, 0x60, 0x1, 0x9a, 0x3b, 0xa7, 0x6e, 0xea,
    0x4c, 0x3, 0xd5, 0x99, 0x22, 0xe6, 0x56, 0x1,
    0xf6, 0xf7, 0x4a, 0xae, 0xea, 0x80, 0x38, 0xc3,
    0x7b, 0xa5, 0x57, 0x75, 0x40, 0x1c, 0x3f, 0xdd,
    0x95, 0x5d, 0xdb, 0xc4, 0x2, 0x9f, 0xfe, 0x55,
    0x7f, 0xf4, 0x80, 0x53, 0xff, 0xca, 0xaf, 0xfe,
    0x90, 0x6, 0x7f, 0xf9, 0x55, 0xff, 0xec,

    /* U+949F "钟" */
    0x0, 0x9c, 0x40, 0x3c, 0xc6, 0x1, 0xe3, 0x80,
    0xf, 0xad, 0x40, 0x3d, 0x64, 0x20, 0x1f, 0xfc,
    0x25, 0x2f, 0xf7, 0x0, 0x7f, 0xc6, 0x53, 0x35,
    0xbf, 0xfc, 0x53, 0xff, 0x28, 0x42, 0xb3, 0x4a,
    0x5, 0x76, 0x16, 0xbb, 0x0, 0x48, 0x6c, 0xd1,
    0x3, 0x22, 0xf, 0xd1, 0x2, 0x0, 0xd7, 0x99,
    0x42, 0x0, 0x7f, 0xc5, 0xc7, 0x1c, 0xc0, 0x1f,
    0xfd, 0xb, 0xd3, 0x9d, 0xa0, 0x66, 0x8f, 0x19,
    0x82, 0x0, 0xda, 0x15, 0xaf, 0x13, 0x88, 0xa,
    0xc4, 0x4, 0x40, 0xce, 0x58, 0xea, 0xdd, 0xd1,
    0x4f, 0x74, 0x80, 0x1e, 0x20, 0xf, 0xfe, 0x17,
    0x5f, 0x80, 0x7f, 0xf0, 0x8, 0xd8, 0xf0, 0x3,
    0xff, 0x80, 0x6d, 0xd0, 0x20, 0x1f, 0xe0,

    /* U+94A0 "钠" */
    0x0, 0x88, 0x3, 0xe1, 0x0, 0xf0, 0xea, 0x80,
    0x70, 0xf1, 0x80, 0x73, 0x82, 0x80, 0x7f, 0xf0,
    0x6c, 0x3f, 0xd0, 0xab, 0x38, 0x22, 0xa9, 0x1,
    0x4a, 0xae, 0xd5, 0x5a, 0x42, 0x2a, 0x96, 0x10,
    0xaa, 0x44, 0x10, 0x5f, 0xf0, 0x6f, 0xd0, 0x2,
    0xd7, 0xfe, 0x20, 0x8, 0xc0, 0xc0, 0x33, 0x50,
    0x3d, 0x10, 0x4, 0xc0, 0x20, 0x1c, 0xa1, 0x8a,
    0x1, 0xb0, 0x1c, 0x3, 0x11, 0x81, 0x18, 0x80,
    0x4a, 0xa8, 0x20, 0xb, 0x30, 0x13, 0x8c, 0x0,
    0x63, 0xa6, 0x90, 0xb, 0xb8, 0x15, 0xce, 0x7,
    0x30, 0x10, 0x98, 0x1, 0x8, 0x8, 0x80, 0x14,
    0x8c, 0x3, 0xe, 0x1, 0xe1, 0x10, 0x4d, 0x80,
    0x4f, 0x60, 0x1d, 0x9e, 0x80, 0x1f, 0xf0, 0x83,
    0xca, 0x80, 0x72, 0x23, 0x84, 0x2, 0x3d, 0x70,
    0xf, 0x5d, 0x92, 0x40, 0x3, 0x84, 0x0, 0xd4,
    0x0, 0xbf, 0xe7,

    /* U+94AE "钮" */
    0x0, 0x8, 0x7, 0xff, 0xf, 0x94, 0x0, 0x24,
    0x5f, 0x8, 0x1, 0x81, 0x40, 0x13, 0xbb, 0xf4,
    0x80, 0x28, 0x3f, 0xe9, 0xd8, 0x1d, 0xd8, 0xbc,
    0xc, 0xd5, 0x77, 0x9, 0x9, 0x16, 0x1, 0x8,
    0x55, 0x22, 0x40, 0x1, 0x70, 0x8, 0xc0, 0x1a,
    0x9b, 0xb4, 0x80, 0x3c, 0x40, 0x21, 0x30, 0x68,
    0x6, 0xbd, 0x11, 0x10, 0x8, 0xc0, 0x20, 0x6,
    0x13, 0x64, 0xfe, 0x55, 0x77, 0x40, 0x11, 0x10,
    0x4, 0x89, 0x72, 0x49, 0x33, 0x3, 0x86, 0x69,
    0xb6, 0xe2, 0xb0, 0x63, 0x31, 0x0, 0x43, 0xb8,
    0x6f, 0xdc, 0x0, 0x18, 0x80, 0x7c, 0x20, 0x1,
    0x0, 0x84, 0xc0, 0x2, 0x6, 0x1, 0xc2, 0xc0,
    0x10, 0x80, 0x1c, 0x4, 0x3, 0x27, 0xd0, 0x8,
    0x38, 0x0, 0x40, 0x30, 0x99, 0xa6, 0xff, 0x83,
    0x3f, 0xd4, 0x1f, 0x40, 0x2f, 0xce, 0xb7, 0x7f,
    0xd2,

    /* U+94FE "链" */
    0x0, 0x98, 0x40, 0x3e, 0x41, 0x0, 0xf1, 0x48,
    0x2, 0x50, 0x3, 0x59, 0x0, 0x7a, 0xd0, 0x40,
    0x60, 0x0, 0x2a, 0x2, 0x38, 0x0, 0x2c, 0x9f,
    0xeb, 0x33, 0x37, 0x50, 0x6f, 0x72, 0xc0, 0x12,
    0x59, 0x91, 0xad, 0xbe, 0x8c, 0x6e, 0xd6, 0x4,
    0xf0, 0x67, 0x5, 0x40, 0x8c, 0xde, 0x64, 0x20,
    0x4b, 0x39, 0x89, 0x11, 0x0, 0x2d, 0x0, 0x8c,
    0x3, 0x5a, 0x1a, 0x7f, 0x71, 0x81, 0x89, 0xc1,
    0x14, 0x80, 0x3, 0x1, 0x2d, 0x64, 0x1, 0x3c,
    0x4, 0x5a, 0x80, 0x8, 0xc0, 0x88, 0x80, 0x17,
    0x73, 0xc3, 0x39, 0xc0, 0x19, 0x80, 0xcd, 0x10,
    0xf, 0xfe, 0x6, 0x60, 0x33, 0x44, 0x0, 0xb7,
    0x6a, 0xe, 0xba, 0x0, 0x11, 0x81, 0x10, 0x2,
    0x63, 0x38, 0x14, 0xf4, 0x3, 0xc8, 0x6, 0x27,
    0x10, 0x90, 0xb8, 0x70, 0xe, 0xa9, 0x70, 0x82,
    0x0, 0xff, 0x10, 0x37, 0x45, 0x3e, 0xc2, 0xaa,
    0xd9, 0x10, 0x1, 0x9, 0xe3, 0xaa, 0x44, 0xa5,
    0x5d, 0xea, 0x0, 0x8f, 0x5, 0x28, 0x0, 0xd9,
    0xff, 0xdc, 0x0,

    /* U+9501 "锁" */
    0x0, 0x88, 0x3, 0xe3, 0x10, 0xf, 0xd8, 0xc0,
    0x3, 0x0, 0xb5, 0xc0, 0x6, 0x1, 0x90, 0x5c,
    0x1, 0xb4, 0x1, 0xc7, 0x8c, 0x1, 0x40, 0x77,
    0xc6, 0xab, 0x80, 0x43, 0xac, 0xc0, 0x2, 0x1d,
    0x66, 0x24, 0xea, 0x40, 0x26, 0x59, 0x0, 0xa5,
    0xd4, 0xcc, 0x22, 0x6a, 0x31, 0xe4, 0x83, 0x0,
    0x99, 0xff, 0xe3, 0x8c, 0xbc, 0x7, 0xcc, 0x84,
    0x1, 0x74, 0xf, 0x44, 0x9, 0xff, 0xd8, 0x1,
    0xca, 0x18, 0xa2, 0x1, 0xb9, 0x80, 0x3c, 0x88,
    0x3, 0x42, 0x0, 0xff, 0xe0, 0x55, 0x84, 0x5a,
    0x80, 0x61, 0x0, 0xfb, 0xbc, 0x2f, 0xdc, 0x2,
    0x20, 0x20, 0xf, 0xfe, 0x1a, 0x1, 0x80, 0x7f,
    0x9d, 0x26, 0xc6, 0x6, 0x28, 0xbc, 0x40, 0x3a,
    0x64, 0x0, 0x3c, 0xc, 0xb4, 0xf3, 0x0, 0xc8,
    0xd, 0xe1, 0x58, 0x18, 0x49, 0xe5, 0x90, 0x1,
    0x24, 0xd8, 0xcb, 0xce, 0x90, 0x0, 0x71, 0xd4,
    0x3, 0x30, 0x3, 0x35, 0x80, 0x3d, 0x1a, 0x0,

    /* U+957F "长" */
    0x0, 0x8c, 0x3, 0xff, 0x84, 0x38, 0x80, 0x1f,
    0x1b, 0x0, 0x7f, 0xf0, 0x6, 0x72, 0xc0, 0x3f,
    0xe7, 0xe6, 0x7d, 0x0, 0xfc, 0x51, 0xf0, 0xdd,
    0x0, 0x1f, 0x97, 0x59, 0xfa, 0x44, 0x3, 0xf9,
    0x27, 0xa0, 0x40, 0x3c, 0x89, 0x1, 0xa9, 0x22,
    0x7e, 0x2a, 0xba, 0x8, 0xbb, 0xff, 0xbf, 0xb0,
    0x2b, 0xb8, 0xe1, 0x9d, 0xdd, 0x2, 0x22, 0x1,
    0x1a, 0x42, 0xc4, 0x7c, 0x1, 0xf0, 0xc3, 0x98,
    0x7, 0xff, 0x5, 0xcf, 0x48, 0x3, 0xfe, 0x23,
    0xd3, 0xc4, 0x0, 0xfc, 0x95, 0xa8, 0x38, 0xb7,
    0x63, 0x0, 0x90, 0x2a, 0xc6, 0xdc, 0x6, 0xe9,
    0x71, 0xc0, 0x4, 0xf, 0xb6, 0x80, 0x19, 0x7a,
    0x54, 0x0, 0xfd, 0x24, 0x1, 0xf9, 0x88,

    /* U+95ED "闭" */
    0x0, 0x10, 0x7, 0xff, 0x9, 0x75, 0x40, 0x4,
    0x5f, 0xc0, 0x5, 0x6a, 0x52, 0xdd, 0xfe, 0x10,
    0x4, 0xb5, 0x9e, 0x65, 0x32, 0xcc, 0x48, 0x5,
    0xc9, 0x3e, 0x26, 0x76, 0xe1, 0x98, 0x80, 0x21,
    0x0, 0x8, 0x7, 0xff, 0x9, 0x7b, 0xb9, 0x17,
    0xb4, 0x3, 0xcf, 0x77, 0x8c, 0xe, 0xe0, 0x3,
    0xc4, 0xab, 0x19, 0x11, 0x95, 0x40, 0x1f, 0xc7,
    0x32, 0x60, 0xf, 0xf8, 0xf1, 0x98, 0x1, 0xff,
    0x2e, 0x2c, 0x80, 0x7f, 0x86, 0xa8, 0xd4, 0x1,
    0xff, 0x8, 0x54, 0x80, 0x4e, 0x1, 0xfd, 0x4a,
    0x15, 0xdc, 0x3c, 0x0, 0xff, 0xa6, 0xed, 0x88,
    0xcc, 0xf0, 0x10, 0xf, 0x1a, 0xa8, 0xda, 0x64,
    0xb0, 0x0,

    /* U+95F4 "间" */
    0x0, 0x8, 0x7, 0xff, 0x9, 0xfc, 0x80, 0x4c,
    0xff, 0x80, 0xc, 0x58, 0x4f, 0x99, 0xfc, 0x20,
    0x3a, 0x7c, 0xdb, 0xbf, 0x48, 0x5, 0x7, 0x9c,
    0x4, 0x5f, 0x80, 0x27, 0x70, 0x83, 0x37, 0x88,
    0x3, 0xf2, 0x4c, 0x46, 0x94, 0x0, 0xfe, 0x1e,
    0xec, 0x20, 0x1f, 0xfc, 0xe1, 0xff, 0xc2, 0x1,
    0xff, 0x55, 0x60, 0xf, 0xf8, 0x55, 0x70, 0x80,
    0x7f, 0x84, 0xcf, 0x8, 0x7, 0xfd, 0x99, 0x80,
    0x3f, 0xcd, 0xdd, 0xe6, 0x0, 0xfe, 0x11, 0xe2,
    0x55, 0x40, 0x8, 0x7, 0xfa, 0xea, 0x85, 0x0,

    /* U+9664 "除" */
    0x0, 0xff, 0x10, 0x80, 0x78, 0x47, 0x0, 0x64,
    0xdc, 0x0, 0xe3, 0xee, 0xcc, 0x1, 0x4a, 0x1c,
    0x0, 0x7b, 0x30, 0x4, 0x0, 0xb3, 0xab, 0x75,
    0x0, 0xe3, 0x0, 0x20, 0x52, 0x50, 0xab, 0xd2,
    0x0, 0x75, 0xa8, 0xda, 0xd2, 0x0, 0x21, 0xad,
    0x80, 0x32, 0x7d, 0x22, 0x2b, 0xff, 0x3b, 0x48,
    0x80, 0x46, 0xf1, 0xb3, 0x76, 0x26, 0xba, 0x9d,
    0x10, 0x9, 0xac, 0xc8, 0x88, 0x80, 0xf4, 0x40,
    0x10, 0x6, 0xb6, 0x15, 0x5c, 0x78, 0xab, 0x18,
    0x6, 0x22, 0x3d, 0x56, 0x15, 0xaa, 0xc0, 0x1c,
    0x27, 0xf9, 0xfe, 0x29, 0xfd, 0xf9, 0x0, 0xc4,
    0x60, 0x58, 0xa0, 0x13, 0x60, 0x80, 0x6a, 0xd1,
    0x4e, 0x35, 0x0, 0x98, 0xa8, 0x3, 0x5e, 0xf4,
    0x9f, 0x0, 0x76, 0xa3, 0x0, 0x42, 0x46, 0xf6,
    0x68, 0xa4, 0x0, 0x1a, 0x80, 0xe, 0x3d, 0x43,
    0xba, 0x24, 0x0, 0x2f, 0x80,

    /* U+9690 "隐" */
    0x0, 0xfc, 0x88, 0x0, 0xf8, 0x66, 0x71, 0x80,
    0x28, 0xc0, 0x3e, 0x26, 0x30, 0x75, 0xa, 0x18,
    0xff, 0xac, 0x3, 0xaa, 0x45, 0x1d, 0x6f, 0x75,
    0x61, 0xa0, 0x1e, 0x42, 0x48, 0xa4, 0x22, 0x4b,
    0xb0, 0x7, 0xb5, 0x30, 0xab, 0xfe, 0x27, 0xfd,
    0x0, 0xe4, 0xda, 0xcc, 0xf9, 0xc0, 0x38, 0x49,
    0xc0, 0x48, 0xbc, 0x1, 0xe1, 0x78, 0xa, 0xee,
    0xf3, 0x80, 0x7a, 0x50, 0x6b, 0xff, 0xd0, 0x1,
    0xe1, 0x25, 0xce, 0xef, 0x40, 0x7, 0xc2, 0x2e,
    0xdd, 0x5b, 0xee, 0xb3, 0xc0, 0x31, 0xb1, 0x82,
    0xa, 0x3b, 0x8c, 0xce, 0xe0, 0xc, 0x96, 0xe5,
    0xaf, 0x24, 0xaa, 0x91, 0xb0, 0xc, 0xfb, 0x13,
    0xc0, 0x15, 0x2b, 0x39, 0xb0, 0x7, 0x31, 0xa8,
    0x88, 0xce, 0x3, 0xba, 0x0, 0xe2, 0x90, 0x52,
    0xcd, 0xc5, 0x16, 0xa0,

    /* U+9762 "面" */
    0x44, 0xff, 0xe1, 0x95, 0x5d, 0xff, 0xf0, 0xab,
    0xbf, 0xfa, 0xc3, 0x3f, 0xfd, 0x0, 0x1e, 0xf3,
    0x30, 0x7, 0xee, 0xff, 0xc8, 0x7f, 0xfe, 0x90,
    0x0, 0xbd, 0xc0, 0x5d, 0xcc, 0x37, 0x63, 0x0,
    0xda, 0x86, 0x8, 0x97, 0x82, 0x21, 0xc0, 0x3f,
    0x77, 0x50, 0x1, 0xff, 0xc0, 0xaa, 0x9c, 0x3,
    0xff, 0x80, 0x89, 0x78, 0x7, 0xff, 0x1, 0x12,
    0xf0, 0xf, 0xfe, 0x5, 0xdc, 0xc0, 0x1f, 0xfc,
    0xf, 0xfa, 0x40, 0x3f, 0x11, 0x90, 0x19, 0xdc,
    0x6, 0x67, 0x0, 0xd1, 0x92, 0x19, 0x93, 0x8e,
    0x60, 0xc0, 0x35, 0x7f, 0xff, 0x90, 0x0,

    /* U+9879 "项" */
    0x0, 0xf9, 0x9b, 0xf8, 0xc3, 0x3f, 0xf3, 0x44,
    0x69, 0x88, 0xc8, 0x13, 0x20, 0x69, 0x4e, 0xea,
    0x83, 0x3b, 0xa7, 0x5, 0x61, 0xf6, 0x20, 0x8,
    0xc0, 0x80, 0x3f, 0xe9, 0xdd, 0x40, 0x6e, 0xd2,
    0x1, 0xf8, 0x9a, 0x2a, 0x91, 0x6, 0x20, 0xf,
    0xe2, 0x57, 0x94, 0x53, 0x0, 0xff, 0xe0, 0x9,
    0x80, 0x7f, 0xf8, 0x4, 0x80, 0x26, 0x1, 0x0,
    0xe1, 0x51, 0x9e, 0xa1, 0x10, 0x70, 0x40, 0x78,
    0x80, 0x3a, 0x89, 0xaa, 0x6a, 0x1d, 0x1d, 0xd8,
    0xd4, 0x0, 0xae, 0xd9, 0x51, 0x2a, 0x89, 0x8d,
    0xf, 0x40, 0x2, 0x88, 0x0, 0xab, 0x5e, 0xd8,
    0xb, 0x1e, 0xdc, 0x3, 0x88, 0x67, 0x50, 0x3,
    0x4c, 0x90,

    /* U+9884 "预" */
    0x34, 0x4e, 0x13, 0x44, 0xf8, 0xe2, 0xef, 0x93,
    0xae, 0xfe, 0xdb, 0xff, 0xa0, 0x53, 0x7f, 0xce,
    0x7f, 0xf7, 0x6, 0xa9, 0xc5, 0x88, 0x4, 0x6a,
    0x1, 0xdd, 0x7a, 0xca, 0x9, 0xfe, 0x46, 0xff,
    0x80, 0x7, 0x63, 0x60, 0x1b, 0x33, 0x48, 0x3,
    0xbe, 0x83, 0x7e, 0x0, 0x4d, 0xb8, 0xd4, 0x1,
    0x56, 0xa5, 0x68, 0x1, 0xc6, 0x1, 0x91, 0x1a,
    0x28, 0xfa, 0x1, 0xff, 0xc2, 0x37, 0x0, 0x8c,
    0x3, 0xfd, 0x24, 0x1, 0x9, 0x0, 0x7f, 0x30,
    0x6, 0xc1, 0x0, 0xff, 0x97, 0x4d, 0xf, 0x7,
    0x0, 0x3f, 0xb, 0xea, 0xf8, 0xe0, 0x82, 0x35,
    0xb8, 0x0, 0xaa, 0xd2, 0x87, 0x57, 0x53, 0x24,
    0xb8, 0x1, 0x89, 0x54, 0x0, 0xad, 0x7e, 0x3f,
    0x94, 0x1, 0x9c, 0xa0, 0x1d, 0x54,

    /* U+98DF "食" */
    0x0, 0xf8, 0x48, 0x3, 0xff, 0x84, 0x7d, 0xac,
    0x1, 0xff, 0xc0, 0x4c, 0x58, 0x96, 0x0, 0xff,
    0x45, 0xb5, 0xbc, 0xca, 0x84, 0x3, 0xc9, 0xaf,
    0x32, 0xd8, 0x6c, 0x7f, 0x70, 0x9, 0x72, 0xc7,
    0x10, 0x91, 0x88, 0x7d, 0xe3, 0xa0, 0x39, 0xd4,
    0xf3, 0x74, 0xe3, 0xbb, 0x34, 0xb1, 0x5, 0xdb,
    0x47, 0xff, 0xf0, 0x14, 0x50, 0x6, 0x1d, 0xdf,
    0xc0, 0x1f, 0xd3, 0x3f, 0x80, 0x3f, 0xa, 0x27,
    0xe0, 0xf, 0xc3, 0xff, 0xf8, 0x8, 0x3, 0xc3,
    0xdc, 0x9d, 0xee, 0xb5, 0xa5, 0x0, 0x3c, 0x22,
    0xad, 0xa4, 0x6c, 0x5b, 0x40, 0xf, 0xd9, 0x25,
    0x70, 0x7e, 0x80, 0x1d, 0xe3, 0x19, 0xf7, 0x3d,
    0x43, 0x9a, 0xc0, 0x19, 0x1, 0x11, 0x7a, 0x0,
    0x5c, 0xc2, 0x40, 0x6, 0xee, 0x64, 0x20, 0x7,
    0x1c, 0xf0, 0x0,

    /* U+9910 "餐" */
    0x0, 0xe7, 0x20, 0xf, 0xfe, 0x1c, 0xc4, 0xc8,
    0xaa, 0xba, 0x40, 0x35, 0x80, 0x37, 0x30, 0x7b,
    0x99, 0xb, 0x80, 0x52, 0x98, 0x35, 0x24, 0x12,
    0x2c, 0x69, 0xa0, 0x7, 0x68, 0xed, 0xb3, 0x11,
    0x6d, 0xf5, 0x59, 0x80, 0x32, 0xa9, 0x69, 0x32,
    0x60, 0x42, 0x30, 0xd1, 0x0, 0x5a, 0xdb, 0x56,
    0x9f, 0xee, 0xab, 0x74, 0xbe, 0x81, 0x1d, 0x75,
    0x95, 0x76, 0x44, 0x10, 0x16, 0x4b, 0x86, 0xec,
    0x1a, 0x79, 0x95, 0x5e, 0x20, 0x39, 0x82, 0x2e,
    0xd0, 0xea, 0x1c, 0x95, 0xd, 0xeb, 0x90, 0x7d,
    0xb8, 0x50, 0x3, 0x68, 0x5, 0xc6, 0xea, 0x43,
    0x37, 0xc2, 0xab, 0xe7, 0x6, 0xdb, 0x2, 0x0,
    0xb3, 0x3e, 0xb0, 0xf, 0xed, 0xdf, 0xac, 0xa0,
    0x3, 0xed, 0x83, 0x7b, 0xcf, 0x42, 0x11, 0x0,
    0x78, 0x5a, 0x5b, 0x3f, 0x5a, 0xe4, 0x40, 0x37,
    0x87, 0x6e, 0x55, 0x3b, 0x1e, 0x3e, 0x40, 0x34,
    0xdf, 0x72, 0xd8, 0x0, 0x71, 0xbd, 0x40,

    /* U+9970 "饰" */
    0x0, 0x8c, 0x80, 0x32, 0x8, 0x7, 0xf6, 0xa8,
    0x6, 0xa4, 0x0, 0xfc, 0x42, 0x80, 0x12, 0x8,
    0x8c, 0xf8, 0x80, 0xa, 0x19, 0xfe, 0xf, 0xb,
    0xcc, 0xe9, 0x0, 0x5a, 0xdb, 0x89, 0xa6, 0x7c,
    0xef, 0xfd, 0x60, 0x47, 0x8, 0x2f, 0xe8, 0x61,
    0xc, 0x1, 0xd6, 0x6e, 0x4f, 0xb7, 0x0, 0x1f,
    0x85, 0xa2, 0xde, 0x11, 0x9d, 0x10, 0x26, 0x89,
    0x0, 0xba, 0x0, 0x18, 0x16, 0xee, 0x8, 0xbb,
    0x80, 0x10, 0x1, 0xe1, 0xff, 0xd, 0xfe, 0x0,
    0x7f, 0xf7, 0x8c, 0x3, 0xff, 0x84, 0x77, 0xc0,
    0x1f, 0x30, 0x7, 0xc, 0xbe, 0x0, 0x71, 0x7d,
    0x18, 0x4, 0x80, 0xf8, 0x2b, 0x60, 0x11, 0x5e,
    0x60, 0x2, 0x4c, 0x80, 0x0, 0xa8, 0x6, 0x43,
    0x0, 0x0,

    /* U+9988 "馈" */
    0x0, 0x28, 0x80, 0x70, 0xc0, 0x7, 0x8a, 0x88,
    0x3, 0x89, 0xc4, 0x3, 0x90, 0xc, 0x1, 0xdf,
    0xec, 0xe, 0xff, 0x68, 0x3, 0x6, 0xa8, 0x61,
    0x5b, 0x61, 0x9b, 0x46, 0x0, 0x52, 0x5, 0x60,
    0x12, 0x70, 0x22, 0x8, 0x1, 0x43, 0x2c, 0x10,
    0x2f, 0xf0, 0x3b, 0xec, 0x1, 0xca, 0x92, 0xa3,
    0xdf, 0xec, 0xe, 0xff, 0x70, 0xc, 0xde, 0x46,
    0x7f, 0xd8, 0x1d, 0xff, 0x6d, 0x90, 0x31, 0x76,
    0x67, 0xf7, 0x8, 0x6, 0x22, 0x8, 0xfc, 0x46,
    0x1, 0xeb, 0xdd, 0xfa, 0x0, 0x3f, 0x37, 0xf4,
    0x7f, 0x94, 0x3, 0xfe, 0x28, 0x0, 0xfc, 0x32,
    0x80, 0x12, 0x8, 0x7, 0xee, 0x46, 0x9a, 0x48,
    0xe, 0x7e, 0xb0, 0x3, 0x83, 0x61, 0x3c, 0x5c,
    0x74, 0x4d, 0x28, 0x1, 0xe2, 0xc7, 0xac, 0x71,
    0xc1, 0xb9, 0xa2, 0x80, 0x5c, 0x1, 0x5d, 0x46,
    0x1, 0xa3, 0xa0,

    /* U+9996 "首" */
    0x0, 0xcc, 0x1, 0xe5, 0x0, 0xf8, 0xa6, 0x0,
    0x34, 0xd0, 0x80, 0x78, 0xa9, 0x84, 0x0, 0xad,
    0x42, 0x1, 0x77, 0xfd, 0x43, 0xdf, 0xea, 0xa,
    0xff, 0xb3, 0x3e, 0xb0, 0x7c, 0xcf, 0x71, 0x19,
    0xf0, 0x2, 0x8c, 0xfc, 0x40, 0xd, 0xff, 0xac,
    0x37, 0xff, 0x50, 0x7, 0x2d, 0xdf, 0xe3, 0x0,
    0xf1, 0x22, 0x7e, 0x70, 0xf, 0x3f, 0xff, 0xe4,
    0x0, 0xf3, 0x66, 0x7e, 0x30, 0xf, 0x9, 0x9f,
    0xe7, 0x0, 0xf3, 0xff, 0xfe, 0x40, 0xf, 0x36,
    0xef, 0xe4, 0x0, 0xf8, 0xcf, 0xf0, 0x7, 0xcd,
    0xdd, 0xf9, 0x0, 0x3c, 0xfd, 0xdf, 0x90, 0x3,
    0xb6, 0x4, 0x7f, 0x5d, 0x0, 0x0,

    /* U+9999 "香" */
    0x0, 0xf0, 0x91, 0xa2, 0xb3, 0xcb, 0x80, 0x6b,
    0xff, 0xbb, 0x72, 0xef, 0x18, 0x7, 0x4e, 0x63,
    0x7b, 0xc2, 0x7b, 0x72, 0x9c, 0x2, 0x21, 0x0,
    0x9, 0x18, 0x71, 0x9f, 0x80, 0x13, 0x99, 0xe0,
    0x7c, 0xcf, 0x18, 0x5f, 0xfd, 0xc8, 0x40, 0x43,
    0x7f, 0xf8, 0xc0, 0x33, 0x78, 0x60, 0x5c, 0x5d,
    0x10, 0x7, 0x36, 0xcc, 0xac, 0x40, 0xd, 0xa3,
    0xb6, 0xa0, 0xe, 0x90, 0xa4, 0x33, 0x5a, 0x98,
    0xc4, 0x1e, 0xa0, 0x27, 0x42, 0xb3, 0x2b, 0xcc,
    0xd1, 0xd9, 0x40, 0xe4, 0xf, 0xff, 0xf6, 0x0,
    0xc, 0x80, 0x33, 0x66, 0x7d, 0xc0, 0x1f, 0x92,
    0x67, 0xea, 0x0, 0xfc, 0x4a, 0xbf, 0x20, 0x7,
    0xe7, 0xff, 0xfb, 0x0, 0x3f, 0x36, 0xef, 0xd4,
    0x1, 0xf6, 0xc9, 0x17, 0xcb, 0xe4, 0x0,

    /* U+9A8C "验" */
    0x0, 0xff, 0x10, 0x80, 0x63, 0x44, 0xc2, 0x1,
    0x26, 0xd8, 0x6, 0x8b, 0xbc, 0xa0, 0x14, 0x22,
    0x90, 0x5, 0x7d, 0xfe, 0x7, 0x0, 0x39, 0x5b,
    0xf0, 0x6, 0xf3, 0x0, 0x8, 0x24, 0x58, 0x41,
    0x48, 0x4, 0x23, 0x1, 0x9a, 0xdd, 0x40, 0x1a,
    0xd0, 0x1, 0x19, 0x81, 0x30, 0xec, 0xce, 0x7,
    0x75, 0x8, 0x8, 0x81, 0xd9, 0x99, 0x9c, 0xf6,
    0x46, 0x6, 0xa2, 0x13, 0x5f, 0xed, 0xff, 0x92,
    0x4, 0x32, 0x46, 0x12, 0xc1, 0xe4, 0x1, 0x4e,
    0x7, 0xff, 0x39, 0xaa, 0x2, 0xa0, 0x1, 0xc,
    0x2, 0x23, 0x10, 0x12, 0x52, 0x14, 0x30, 0x40,
    0xcf, 0xd9, 0x31, 0x5, 0xf0, 0x4c, 0xa7, 0x0,
    0x46, 0xfd, 0x0, 0x58, 0xc1, 0x36, 0xf4, 0x0,
    0x42, 0x0, 0xf, 0x82, 0x60, 0x1b, 0x81, 0x80,
    0x44, 0x43, 0x52, 0xef, 0xfd, 0x63, 0xfe, 0x60,
    0x9d, 0xc2, 0x4a, 0xaf, 0xe4,

    /* U+9E21 "鸡" */
    0x0, 0xfe, 0x39, 0x0, 0xff, 0xe1, 0x52, 0x0,
    0x74, 0x77, 0x6d, 0xc, 0xe6, 0x2e, 0xe9, 0x83,
    0x26, 0x65, 0x30, 0x29, 0xbb, 0x55, 0x0, 0x24,
    0x43, 0xb8, 0x94, 0x0, 0x5d, 0xa8, 0x80, 0x30,
    0x6c, 0x10, 0x53, 0x0, 0xad, 0x20, 0x4, 0x40,
    0xc3, 0x20, 0x7a, 0x1, 0xf, 0xda, 0x3, 0x80,
    0x21, 0xd8, 0x10, 0x3, 0x4e, 0x5a, 0x98, 0x1,
    0x8a, 0x4c, 0x40, 0x35, 0x77, 0xd0, 0x6, 0x80,
    0xb0, 0xa, 0xbb, 0xfd, 0xdd, 0x28, 0x0, 0xc3,
    0x80, 0x1b, 0x75, 0x5c, 0x22, 0x0, 0x58, 0xb0,
    0x81, 0xa2, 0x78, 0x2, 0x42, 0xc1, 0x95, 0xff,
    0xf0, 0x83, 0x84, 0xa9, 0x4b, 0xba, 0xef, 0xc6,
    0x2, 0xc5, 0x0, 0xe0, 0xa8, 0x9e, 0x10, 0x3b,
    0x62, 0x0, 0x4b, 0x0, 0xd, 0x56, 0xf1, 0x17,
    0x40, 0x4, 0xc2, 0x0, 0x4a, 0xa8, 0x68, 0x0,

    /* U+9ED1 "黑" */
    0x1, 0x33, 0xff, 0xe0, 0x8, 0x1, 0x33, 0x3f,
    0xf8, 0xc, 0x1, 0xf, 0xbf, 0xf9, 0x93, 0xfd,
    0x1c, 0x60, 0x1e, 0x48, 0x0, 0xcd, 0x20, 0x1f,
    0xb9, 0xc8, 0x0, 0x53, 0x62, 0x1, 0xc2, 0x63,
    0x42, 0x6e, 0x32, 0xc6, 0x20, 0x1d, 0x98, 0xac,
    0x53, 0xc9, 0xcc, 0x10, 0x4, 0xbf, 0xfc, 0xc9,
    0xff, 0xce, 0x0, 0x45, 0x5e, 0x27, 0x55, 0xe4,
    0x0, 0x74, 0x47, 0x29, 0xc4, 0x77, 0x80, 0x2b,
    0x77, 0x9d, 0x37, 0x7a, 0xc2, 0xff, 0xfc, 0xc9,
    0xff, 0xee, 0x9c, 0x7b, 0xcb, 0xb6, 0x62, 0xb3,
    0x28, 0xcc, 0x10, 0x3b, 0x8e, 0x4c, 0xea, 0x63,
    0x8, 0x62, 0xf, 0x43, 0x4, 0xb0, 0x3, 0x40,
    0x1b, 0x58, 0xa9, 0xc8, 0x3, 0x8, 0x1, 0x60,
    0x21, 0x0, 0x8b, 0xc4, 0x0, 0x5e, 0x0, 0x16,
    0x88, 0xf, 0xa8,

    /* U+FF0C "，" */
    0x3e, 0x90, 0x13, 0x35, 0x98, 0xc5, 0x14, 0x18,

    /* U+FF1A "：" */
    0x2d, 0x81, 0x22, 0x1f, 0xd0, 0x7, 0xff, 0xc,
    0xfa, 0x40, 0x4c,

    /* U+FF1B "；" */
    0x8c, 0x23, 0x30, 0xd7, 0x18, 0x88, 0x3, 0xff,
    0x83, 0x3c, 0x44, 0x11, 0x5a, 0x12, 0x80, 0x9d,
    0x0,

    /* U+FF5C "｜" */
    0x21, 0xc8, 0x0, 0xff, 0xe9, 0x0
};


/*---------------------
 *  GLYPH DESCRIPTION
 *--------------------*/

static const lv_font_fmt_txt_glyph_dsc_t glyph_dsc[] = {
    {.bitmap_index = 0, .adv_w = 0, .box_w = 0, .box_h = 0, .ofs_x = 0, .ofs_y = 0} /* id = 0 reserved */,
    {.bitmap_index = 0, .adv_w = 84, .box_w = 0, .box_h = 0, .ofs_x = 0, .ofs_y = 0},
    {.bitmap_index = 0, .adv_w = 76, .box_w = 3, .box_h = 14, .ofs_x = 1, .ofs_y = 0},
    {.bitmap_index = 19, .adv_w = 98, .box_w = 6, .box_h = 5, .ofs_x = 0, .ofs_y = 11},
    {.bitmap_index = 35, .adv_w = 203, .box_w = 12, .box_h = 14, .ofs_x = 0, .ofs_y = 0},
    {.bitmap_index = 116, .adv_w = 166, .box_w = 10, .box_h = 17, .ofs_x = 0, .ofs_y = -1},
    {.bitmap_index = 189, .adv_w = 236, .box_w = 15, .box_h = 14, .ofs_x = 0, .ofs_y = 0},
    {.bitmap_index = 282, .adv_w = 205, .box_w = 13, .box_h = 14, .ofs_x = 0, .ofs_y = 0},
    {.bitmap_index = 364, .adv_w = 55, .box_w = 3, .box_h = 5, .ofs_x = 0, .ofs_y = 11},
    {.bitmap_index = 372, .adv_w = 89, .box_w = 4, .box_h = 17, .ofs_x = 1, .ofs_y = -1},
    {.bitmap_index = 407, .adv_w = 89, .box_w = 5, .box_h = 17, .ofs_x = 0, .ofs_y = -1},
    {.bitmap_index = 449, .adv_w = 129, .box_w = 6, .box_h = 6, .ofs_x = 1, .ofs_y = 8},
    {.bitmap_index = 467, .adv_w = 176, .box_w = 9, .box_h = 9, .ofs_x = 1, .ofs_y = 3},
    {.bitmap_index = 496, .adv_w = 73, .box_w = 3, .box_h = 5, .ofs_x = 1, .ofs_y = -3},
    {.bitmap_index = 504, .adv_w = 131, .box_w = 8, .box_h = 3, .ofs_x = 0, .ofs_y = 6},
    {.bitmap_index = 512, .adv_w = 70, .box_w = 3, .box_h = 2, .ofs_x = 1, .ofs_y = 0},
    {.bitmap_index = 515, .adv_w = 115, .box_w = 7, .box_h = 14, .ofs_x = 0, .ofs_y = 0},
    {.bitmap_index = 556, .adv_w = 183, .box_w = 10, .box_h = 14, .ofs_x = 1, .ofs_y = 0},
    {.bitmap_index = 618, .adv_w = 116, .box_w = 6, .box_h = 14, .ofs_x = 0, .ofs_y = 0},
    {.bitmap_index = 634, .adv_w = 163, .box_w = 10, .box_h = 14, .ofs_x = 0, .ofs_y = 0},
    {.bitmap_index = 691, .adv_w = 170, .box_w = 10, .box_h = 14, .ofs_x = 0, .ofs_y = 0},
    {.bitmap_index = 750, .adv_w = 170, .box_w = 10, .box_h = 14, .ofs_x = 0, .ofs_y = 0},
    {.bitmap_index = 801, .adv_w = 170, .box_w = 9, .box_h = 14, .ofs_x = 1, .ofs_y = 0},
    {.bitmap_index = 855, .adv_w = 170, .box_w = 10, .box_h = 14, .ofs_x = 0, .ofs_y = 0},
    {.bitmap_index = 914, .adv_w = 152, .box_w = 9, .box_h = 14, .ofs_x = 0, .ofs_y = 0},
    {.bitmap_index = 960, .adv_w = 181, .box_w = 10, .box_h = 14, .ofs_x = 1, .ofs_y = 0},
    {.bitmap_index = 1028, .adv_w = 173, .box_w = 10, .box_h = 14, .ofs_x = 0, .ofs_y = 0},
    {.bitmap_index = 1090, .adv_w = 70, .box_w = 3, .box_h = 10, .ofs_x = 1, .ofs_y = 0},
    {.bitmap_index = 1101, .adv_w = 73, .box_w = 3, .box_h = 13, .ofs_x = 1, .ofs_y = -3},
    {.bitmap_index = 1117, .adv_w = 176, .box_w = 9, .box_h = 11, .ofs_x = 1, .ofs_y = 1},
    {.bitmap_index = 1160, .adv_w = 176, .box_w = 9, .box_h = 6, .ofs_x = 1, .ofs_y = 4},
    {.bitmap_index = 1176, .adv_w = 176, .box_w = 9, .box_h = 11, .ofs_x = 1, .ofs_y = 1},
    {.bitmap_index = 1219, .adv_w = 141, .box_w = 9, .box_h = 14, .ofs_x = 0, .ofs_y = 0},
    {.bitmap_index = 1268, .adv_w = 237, .box_w = 15, .box_h = 14, .ofs_x = 0, .ofs_y = 0},
    {.bitmap_index = 1367, .adv_w = 192, .box_w = 12, .box_h = 14, .ofs_x = 0, .ofs_y = 0},
    {.bitmap_index = 1435, .adv_w = 190, .box_w = 11, .box_h = 14, .ofs_x = 1, .ofs_y = 0},
    {.bitmap_index = 1489, .adv_w = 200, .box_w = 12, .box_h = 14, .ofs_x = 0, .ofs_y = 0},
    {.bitmap_index = 1553, .adv_w = 213, .box_w = 12, .box_h = 14, .ofs_x = 1, .ofs_y = 0},
    {.bitmap_index = 1608, .adv_w = 169, .box_w = 9, .box_h = 14, .ofs_x = 1, .ofs_y = 0},
    {.bitmap_index = 1641, .adv_w = 161, .box_w = 9, .box_h = 14, .ofs_x = 1, .ofs_y = 0},
    {.bitmap_index = 1664, .adv_w = 211, .box_w = 12, .box_h = 14, .ofs_x = 0, .ofs_y = 0},
    {.bitmap_index = 1734, .adv_w = 208, .box_w = 11, .box_h = 14, .ofs_x = 1, .ofs_y = 0},
    {.bitmap_index = 1756, .adv_w = 71, .box_w = 2, .box_h = 14, .ofs_x = 1, .ofs_y = 0},
    {.bitmap_index = 1761, .adv_w = 137, .box_w = 8, .box_h = 14, .ofs_x = 0, .ofs_y = 0},
    {.bitmap_index = 1782, .adv_w = 184, .box_w = 11, .box_h = 14, .ofs_x = 1, .ofs_y = 0},
    {.bitmap_index = 1836, .adv_w = 162, .box_w = 9, .box_h = 14, .ofs_x = 1, .ofs_y = 0},
    {.bitmap_index = 1849, .adv_w = 253, .box_w = 14, .box_h = 14, .ofs_x = 1, .ofs_y = 0},
    {.bitmap_index = 1911, .adv_w = 212, .box_w = 11, .box_h = 14, .ofs_x = 1, .ofs_y = 0},
    {.bitmap_index = 1960, .adv_w = 223, .box_w = 14, .box_h = 14, .ofs_x = 0, .ofs_y = 0},
    {.bitmap_index = 2038, .adv_w = 180, .box_w = 10, .box_h = 14, .ofs_x = 1, .ofs_y = 0},
    {.bitmap_index = 2082, .adv_w = 225, .box_w = 14, .box_h = 16, .ofs_x = 0, .ofs_y = -2},
    {.bitmap_index = 2175, .adv_w = 183, .box_w = 11, .box_h = 14, .ofs_x = 1, .ofs_y = 0},
    {.bitmap_index = 2230, .adv_w = 171, .box_w = 11, .box_h = 14, .ofs_x = 0, .ofs_y = 0},
    {.bitmap_index = 2299, .adv_w = 174, .box_w = 11, .box_h = 14, .ofs_x = 0, .ofs_y = 0},
    {.bitmap_index = 2319, .adv_w = 203, .box_w = 11, .box_h = 14, .ofs_x = 1, .ofs_y = 0},
    {.bitmap_index = 2356, .adv_w = 193, .box_w = 12, .box_h = 14, .ofs_x = 0, .ofs_y = 0},
    {.bitmap_index = 2425, .adv_w = 279, .box_w = 18, .box_h = 14, .ofs_x = 0, .ofs_y = 0},
    {.bitmap_index = 2537, .adv_w = 183, .box_w = 12, .box_h = 14, .ofs_x = 0, .ofs_y = 0},
    {.bitmap_index = 2608, .adv_w = 177, .box_w = 11, .box_h = 14, .ofs_x = 0, .ofs_y = 0},
    {.bitmap_index = 2652, .adv_w = 171, .box_w = 11, .box_h = 14, .ofs_x = 0, .ofs_y = 0},
    {.bitmap_index = 2705, .adv_w = 101, .box_w = 6, .box_h = 18, .ofs_x = 1, .ofs_y = -2},
    {.bitmap_index = 2726, .adv_w = 97, .box_w = 6, .box_h = 14, .ofs_x = 0, .ofs_y = 0},
    {.bitmap_index = 2763, .adv_w = 101, .box_w = 5, .box_h = 18, .ofs_x = 0, .ofs_y = -2},
    {.bitmap_index = 2783, .adv_w = 128, .box_w = 8, .box_h = 5, .ofs_x = 0, .ofs_y = 10},
    {.bitmap_index = 2804, .adv_w = 132, .box_w = 9, .box_h = 3, .ofs_x = 0, .ofs_y = -3},
    {.bitmap_index = 2812, .adv_w = 74, .box_w = 4, .box_h = 5, .ofs_x = 0, .ofs_y = 10},
    {.bitmap_index = 2822, .adv_w = 155, .box_w = 9, .box_h = 10, .ofs_x = 0, .ofs_y = 0},
    {.bitmap_index = 2868, .adv_w = 171, .box_w = 9, .box_h = 14, .ofs_x = 1, .ofs_y = 0},
    {.bitmap_index = 2911, .adv_w = 151, .box_w = 9, .box_h = 10, .ofs_x = 0, .ofs_y = 0},
    {.bitmap_index = 2950, .adv_w = 171, .box_w = 10, .box_h = 14, .ofs_x = 0, .ofs_y = 0},
    {.bitmap_index = 3000, .adv_w = 159, .box_w = 10, .box_h = 10, .ofs_x = 0, .ofs_y = 0},
    {.bitmap_index = 3047, .adv_w = 98, .box_w = 6, .box_h = 14, .ofs_x = 0, .ofs_y = 0},
    {.bitmap_index = 3072, .adv_w = 170, .box_w = 10, .box_h = 14, .ofs_x = 0, .ofs_y = -4},
    {.bitmap_index = 3139, .adv_w = 167, .box_w = 9, .box_h = 14, .ofs_x = 1, .ofs_y = 0},
    {.bitmap_index = 3167, .adv_w = 71, .box_w = 3, .box_h = 14, .ofs_x = 1, .ofs_y = 0},
    {.bitmap_index = 3177, .adv_w = 71, .box_w = 5, .box_h = 18, .ofs_x = -1, .ofs_y = -4},
    {.bitmap_index = 3197, .adv_w = 145, .box_w = 8, .box_h = 14, .ofs_x = 1, .ofs_y = 0},
    {.bitmap_index = 3234, .adv_w = 72, .box_w = 3, .box_h = 14, .ofs_x = 1, .ofs_y = 0},
    {.bitmap_index = 3242, .adv_w = 254, .box_w = 14, .box_h = 10, .ofs_x = 1, .ofs_y = 0},
    {.bitmap_index = 3279, .adv_w = 167, .box_w = 9, .box_h = 10, .ofs_x = 1, .ofs_y = 0},
    {.bitmap_index = 3304, .adv_w = 164, .box_w = 10, .box_h = 10, .ofs_x = 0, .ofs_y = 0},
    {.bitmap_index = 3350, .adv_w = 171, .box_w = 9, .box_h = 14, .ofs_x = 1, .ofs_y = -4},
    {.bitmap_index = 3396, .adv_w = 171, .box_w = 10, .box_h = 14, .ofs_x = 0, .ofs_y = -4},
    {.bitmap_index = 3447, .adv_w = 108, .box_w = 6, .box_h = 10, .ofs_x = 1, .ofs_y = 0},
    {.bitmap_index = 3463, .adv_w = 135, .box_w = 8, .box_h = 10, .ofs_x = 0, .ofs_y = 0},
    {.bitmap_index = 3504, .adv_w = 102, .box_w = 7, .box_h = 13, .ofs_x = 0, .ofs_y = 0},
    {.bitmap_index = 3532, .adv_w = 167, .box_w = 9, .box_h = 10, .ofs_x = 1, .ofs_y = 0},
    {.bitmap_index = 3557, .adv_w = 145, .box_w = 10, .box_h = 10, .ofs_x = 0, .ofs_y = 0},
    {.bitmap_index = 3601, .adv_w = 228, .box_w = 15, .box_h = 10, .ofs_x = 0, .ofs_y = 0},
    {.bitmap_index = 3674, .adv_w = 141, .box_w = 9, .box_h = 10, .ofs_x = 0, .ofs_y = 0},
    {.bitmap_index = 3717, .adv_w = 148, .box_w = 10, .box_h = 14, .ofs_x = 0, .ofs_y = -4},
    {.bitmap_index = 3774, .adv_w = 137, .box_w = 8, .box_h = 10, .ofs_x = 0, .ofs_y = 0},
    {.bitmap_index = 3808, .adv_w = 101, .box_w = 6, .box_h = 18, .ofs_x = 0, .ofs_y = -2},
    {.bitmap_index = 3855, .adv_w = 64, .box_w = 2, .box_h = 17, .ofs_x = 1, .ofs_y = -1},
    {.bitmap_index = 3861, .adv_w = 101, .box_w = 6, .box_h = 18, .ofs_x = 0, .ofs_y = -2},
    {.bitmap_index = 3907, .adv_w = 150, .box_w = 9, .box_h = 4, .ofs_x = 0, .ofs_y = 5},
    {.bitmap_index = 3923, .adv_w = 144, .box_w = 3, .box_h = 2, .ofs_x = 3, .ofs_y = 6},
    {.bitmap_index = 3926, .adv_w = 144, .box_w = 9, .box_h = 3, .ofs_x = 0, .ofs_y = 6},
    {.bitmap_index = 3932, .adv_w = 288, .box_w = 5, .box_h = 5, .ofs_x = 2, .ofs_y = -1},
    {.bitmap_index = 3945, .adv_w = 288, .box_w = 16, .box_h = 3, .ofs_x = 1, .ofs_y = 6},
    {.bitmap_index = 3958, .adv_w = 288, .box_w = 16, .box_h = 17, .ofs_x = 1, .ofs_y = -1},
    {.bitmap_index = 4000, .adv_w = 288, .box_w = 17, .box_h = 16, .ofs_x = 1, .ofs_y = -1},
    {.bitmap_index = 4077, .adv_w = 288, .box_w = 16, .box_h = 17, .ofs_x = 1, .ofs_y = -1},
    {.bitmap_index = 4161, .adv_w = 288, .box_w = 17, .box_h = 17, .ofs_x = 0, .ofs_y = -1},
    {.bitmap_index = 4231, .adv_w = 288, .box_w = 14, .box_h = 17, .ofs_x = 2, .ofs_y = -1},
    {.bitmap_index = 4279, .adv_w = 288, .box_w = 16, .box_h = 17, .ofs_x = 1, .ofs_y = -1},
    {.bitmap_index = 4369, .adv_w = 288, .box_w = 17, .box_h = 17, .ofs_x = 0, .ofs_y = -1},
    {.bitmap_index = 4476, .adv_w = 288, .box_w = 17, .box_h = 18, .ofs_x = 0, .ofs_y = -2},
    {.bitmap_index = 4594, .adv_w = 288, .box_w = 18, .box_h = 18, .ofs_x = 0, .ofs_y = -2},
    {.bitmap_index = 4715, .adv_w = 288, .box_w = 17, .box_h = 18, .ofs_x = 0, .ofs_y = -2},
    {.bitmap_index = 4828, .adv_w = 288, .box_w = 17, .box_h = 18, .ofs_x = 1, .ofs_y = -2},
    {.bitmap_index = 4941, .adv_w = 288, .box_w = 17, .box_h = 18, .ofs_x = 1, .ofs_y = -2},
    {.bitmap_index = 5056, .adv_w = 288, .box_w = 17, .box_h = 18, .ofs_x = 0, .ofs_y = -2},
    {.bitmap_index = 5149, .adv_w = 288, .box_w = 17, .box_h = 17, .ofs_x = 0, .ofs_y = -1},
    {.bitmap_index = 5234, .adv_w = 288, .box_w = 18, .box_h = 17, .ofs_x = 0, .ofs_y = -1},
    {.bitmap_index = 5340, .adv_w = 288, .box_w = 17, .box_h = 18, .ofs_x = 1, .ofs_y = -2},
    {.bitmap_index = 5456, .adv_w = 288, .box_w = 17, .box_h = 18, .ofs_x = 0, .ofs_y = -2},
    {.bitmap_index = 5573, .adv_w = 288, .box_w = 17, .box_h = 17, .ofs_x = 0, .ofs_y = -1},
    {.bitmap_index = 5656, .adv_w = 288, .box_w = 17, .box_h = 17, .ofs_x = 0, .ofs_y = -1},
    {.bitmap_index = 5763, .adv_w = 288, .box_w = 17, .box_h = 17, .ofs_x = 0, .ofs_y = -1},
    {.bitmap_index = 5869, .adv_w = 288, .box_w = 17, .box_h = 17, .ofs_x = 0, .ofs_y = -1},
    {.bitmap_index = 5958, .adv_w = 288, .box_w = 18, .box_h = 17, .ofs_x = 0, .ofs_y = -1},
    {.bitmap_index = 6079, .adv_w = 288, .box_w = 17, .box_h = 17, .ofs_x = 0, .ofs_y = -1},
    {.bitmap_index = 6173, .adv_w = 288, .box_w = 18, .box_h = 17, .ofs_x = 0, .ofs_y = -1},
    {.bitmap_index = 6283, .adv_w = 288, .box_w = 17, .box_h = 18, .ofs_x = 0, .ofs_y = -2},
    {.bitmap_index = 6412, .adv_w = 288, .box_w = 18, .box_h = 18, .ofs_x = 0, .ofs_y = -2},
    {.bitmap_index = 6536, .adv_w = 288, .box_w = 17, .box_h = 18, .ofs_x = 0, .ofs_y = -2},
    {.bitmap_index = 6656, .adv_w = 288, .box_w = 17, .box_h = 16, .ofs_x = 0, .ofs_y = -1},
    {.bitmap_index = 6747, .adv_w = 288, .box_w = 17, .box_h = 17, .ofs_x = 1, .ofs_y = -1},
    {.bitmap_index = 6848, .adv_w = 288, .box_w = 17, .box_h = 18, .ofs_x = 0, .ofs_y = -2},
    {.bitmap_index = 6961, .adv_w = 288, .box_w = 17, .box_h = 18, .ofs_x = 0, .ofs_y = -2},
    {.bitmap_index = 7085, .adv_w = 288, .box_w = 14, .box_h = 18, .ofs_x = 2, .ofs_y = -2},
    {.bitmap_index = 7168, .adv_w = 288, .box_w = 16, .box_h = 16, .ofs_x = 1, .ofs_y = -1},
    {.bitmap_index = 7248, .adv_w = 288, .box_w = 17, .box_h = 18, .ofs_x = 1, .ofs_y = -2},
    {.bitmap_index = 7375, .adv_w = 288, .box_w = 14, .box_h = 17, .ofs_x = 2, .ofs_y = -1},
    {.bitmap_index = 7427, .adv_w = 288, .box_w = 16, .box_h = 17, .ofs_x = 1, .ofs_y = -1},
    {.bitmap_index = 7498, .adv_w = 288, .box_w = 17, .box_h = 18, .ofs_x = 1, .ofs_y = -2},
    {.bitmap_index = 7615, .adv_w = 288, .box_w = 16, .box_h = 18, .ofs_x = 1, .ofs_y = -2},
    {.bitmap_index = 7727, .adv_w = 288, .box_w = 15, .box_h = 18, .ofs_x = 1, .ofs_y = -2},
    {.bitmap_index = 7830, .adv_w = 288, .box_w = 16, .box_h = 17, .ofs_x = 0, .ofs_y = -2},
    {.bitmap_index = 7927, .adv_w = 288, .box_w = 16, .box_h = 18, .ofs_x = 1, .ofs_y = -2},
    {.bitmap_index = 8032, .adv_w = 288, .box_w = 17, .box_h = 18, .ofs_x = 0, .ofs_y = -2},
    {.bitmap_index = 8143, .adv_w = 288, .box_w = 17, .box_h = 18, .ofs_x = 0, .ofs_y = -2},
    {.bitmap_index = 8255, .adv_w = 288, .box_w = 16, .box_h = 18, .ofs_x = 1, .ofs_y = -2},
    {.bitmap_index = 8374, .adv_w = 288, .box_w = 16, .box_h = 16, .ofs_x = 1, .ofs_y = -1},
    {.bitmap_index = 8466, .adv_w = 288, .box_w = 15, .box_h = 16, .ofs_x = 2, .ofs_y = -1},
    {.bitmap_index = 8552, .adv_w = 288, .box_w = 16, .box_h = 17, .ofs_x = 1, .ofs_y = -1},
    {.bitmap_index = 8652, .adv_w = 288, .box_w = 16, .box_h = 17, .ofs_x = 1, .ofs_y = -1},
    {.bitmap_index = 8724, .adv_w = 288, .box_w = 16, .box_h = 17, .ofs_x = 1, .ofs_y = -2},
    {.bitmap_index = 8815, .adv_w = 288, .box_w = 16, .box_h = 18, .ofs_x = 1, .ofs_y = -2},
    {.bitmap_index = 8914, .adv_w = 288, .box_w = 17, .box_h = 18, .ofs_x = 0, .ofs_y = -2},
    {.bitmap_index = 9048, .adv_w = 288, .box_w = 18, .box_h = 16, .ofs_x = 0, .ofs_y = -2},
    {.bitmap_index = 9176, .adv_w = 288, .box_w = 17, .box_h = 17, .ofs_x = 0, .ofs_y = -2},
    {.bitmap_index = 9291, .adv_w = 288, .box_w = 17, .box_h = 18, .ofs_x = 0, .ofs_y = -2},
    {.bitmap_index = 9415, .adv_w = 288, .box_w = 17, .box_h = 16, .ofs_x = 1, .ofs_y = -1},
    {.bitmap_index = 9530, .adv_w = 288, .box_w = 17, .box_h = 17, .ofs_x = 0, .ofs_y = -2},
    {.bitmap_index = 9608, .adv_w = 288, .box_w = 16, .box_h = 16, .ofs_x = 1, .ofs_y = -1},
    {.bitmap_index = 9672, .adv_w = 288, .box_w = 16, .box_h = 17, .ofs_x = 1, .ofs_y = -1},
    {.bitmap_index = 9755, .adv_w = 288, .box_w = 17, .box_h = 17, .ofs_x = 0, .ofs_y = -2},
    {.bitmap_index = 9847, .adv_w = 288, .box_w = 17, .box_h = 16, .ofs_x = 0, .ofs_y = -1},
    {.bitmap_index = 9936, .adv_w = 288, .box_w = 14, .box_h = 17, .ofs_x = 2, .ofs_y = -1},
    {.bitmap_index = 10001, .adv_w = 288, .box_w = 16, .box_h = 17, .ofs_x = 0, .ofs_y = -1},
    {.bitmap_index = 10086, .adv_w = 288, .box_w = 17, .box_h = 17, .ofs_x = 1, .ofs_y = -1},
    {.bitmap_index = 10185, .adv_w = 288, .box_w = 16, .box_h = 18, .ofs_x = 1, .ofs_y = -2},
    {.bitmap_index = 10272, .adv_w = 288, .box_w = 17, .box_h = 18, .ofs_x = 1, .ofs_y = -2},
    {.bitmap_index = 10388, .adv_w = 288, .box_w = 14, .box_h = 15, .ofs_x = 2, .ofs_y = -1},
    {.bitmap_index = 10462, .adv_w = 288, .box_w = 14, .box_h = 16, .ofs_x = 2, .ofs_y = -1},
    {.bitmap_index = 10518, .adv_w = 288, .box_w = 16, .box_h = 16, .ofs_x = 1, .ofs_y = -1},
    {.bitmap_index = 10612, .adv_w = 288, .box_w = 17, .box_h = 17, .ofs_x = 0, .ofs_y = -1},
    {.bitmap_index = 10705, .adv_w = 288, .box_w = 17, .box_h = 17, .ofs_x = 0, .ofs_y = -1},
    {.bitmap_index = 10809, .adv_w = 288, .box_w = 17, .box_h = 18, .ofs_x = 0, .ofs_y = -2},
    {.bitmap_index = 10936, .adv_w = 288, .box_w = 17, .box_h = 17, .ofs_x = 0, .ofs_y = -1},
    {.bitmap_index = 11050, .adv_w = 288, .box_w = 16, .box_h = 18, .ofs_x = 1, .ofs_y = -2},
    {.bitmap_index = 11158, .adv_w = 288, .box_w = 17, .box_h = 18, .ofs_x = 0, .ofs_y = -2},
    {.bitmap_index = 11296, .adv_w = 288, .box_w = 16, .box_h = 17, .ofs_x = 1, .ofs_y = -1},
    {.bitmap_index = 11381, .adv_w = 288, .box_w = 17, .box_h = 17, .ofs_x = 0, .ofs_y = -1},
    {.bitmap_index = 11474, .adv_w = 288, .box_w = 16, .box_h = 18, .ofs_x = 1, .ofs_y = -2},
    {.bitmap_index = 11588, .adv_w = 288, .box_w = 16, .box_h = 18, .ofs_x = 1, .ofs_y = -2},
    {.bitmap_index = 11686, .adv_w = 288, .box_w = 16, .box_h = 18, .ofs_x = 1, .ofs_y = -2},
    {.bitmap_index = 11783, .adv_w = 288, .box_w = 16, .box_h = 18, .ofs_x = 1, .ofs_y = -2},
    {.bitmap_index = 11898, .adv_w = 288, .box_w = 17, .box_h = 17, .ofs_x = 1, .ofs_y = -1},
    {.bitmap_index = 12008, .adv_w = 288, .box_w = 17, .box_h = 17, .ofs_x = 0, .ofs_y = -1},
    {.bitmap_index = 12117, .adv_w = 288, .box_w = 17, .box_h = 18, .ofs_x = 0, .ofs_y = -2},
    {.bitmap_index = 12248, .adv_w = 288, .box_w = 17, .box_h = 17, .ofs_x = 1, .ofs_y = -2},
    {.bitmap_index = 12349, .adv_w = 288, .box_w = 17, .box_h = 17, .ofs_x = 0, .ofs_y = -2},
    {.bitmap_index = 12463, .adv_w = 288, .box_w = 17, .box_h = 16, .ofs_x = 0, .ofs_y = -1},
    {.bitmap_index = 12551, .adv_w = 288, .box_w = 15, .box_h = 16, .ofs_x = 2, .ofs_y = -1},
    {.bitmap_index = 12617, .adv_w = 288, .box_w = 18, .box_h = 18, .ofs_x = 0, .ofs_y = -2},
    {.bitmap_index = 12719, .adv_w = 288, .box_w = 18, .box_h = 18, .ofs_x = 0, .ofs_y = -2},
    {.bitmap_index = 12841, .adv_w = 288, .box_w = 17, .box_h = 18, .ofs_x = 0, .ofs_y = -2},
    {.bitmap_index = 12975, .adv_w = 288, .box_w = 17, .box_h = 17, .ofs_x = 0, .ofs_y = -2},
    {.bitmap_index = 13057, .adv_w = 288, .box_w = 16, .box_h = 17, .ofs_x = 1, .ofs_y = -1},
    {.bitmap_index = 13180, .adv_w = 288, .box_w = 15, .box_h = 17, .ofs_x = 1, .ofs_y = -1},
    {.bitmap_index = 13263, .adv_w = 288, .box_w = 17, .box_h = 16, .ofs_x = 0, .ofs_y = -1},
    {.bitmap_index = 13368, .adv_w = 288, .box_w = 17, .box_h = 18, .ofs_x = 0, .ofs_y = -2},
    {.bitmap_index = 13486, .adv_w = 288, .box_w = 17, .box_h = 16, .ofs_x = 1, .ofs_y = -1},
    {.bitmap_index = 13601, .adv_w = 288, .box_w = 17, .box_h = 17, .ofs_x = 1, .ofs_y = -1},
    {.bitmap_index = 13696, .adv_w = 288, .box_w = 17, .box_h = 17, .ofs_x = 0, .ofs_y = -1},
    {.bitmap_index = 13797, .adv_w = 288, .box_w = 17, .box_h = 18, .ofs_x = 0, .ofs_y = -2},
    {.bitmap_index = 13926, .adv_w = 288, .box_w = 16, .box_h = 17, .ofs_x = 1, .ofs_y = -1},
    {.bitmap_index = 14029, .adv_w = 288, .box_w = 18, .box_h = 18, .ofs_x = 0, .ofs_y = -2},
    {.bitmap_index = 14164, .adv_w = 288, .box_w = 17, .box_h = 18, .ofs_x = 1, .ofs_y = -2},
    {.bitmap_index = 14278, .adv_w = 288, .box_w = 16, .box_h = 16, .ofs_x = 1, .ofs_y = -1},
    {.bitmap_index = 14357, .adv_w = 288, .box_w = 16, .box_h = 17, .ofs_x = 1, .ofs_y = -1},
    {.bitmap_index = 14438, .adv_w = 288, .box_w = 17, .box_h = 17, .ofs_x = 0, .ofs_y = -1},
    {.bitmap_index = 14515, .adv_w = 288, .box_w = 17, .box_h = 18, .ofs_x = 0, .ofs_y = -2},
    {.bitmap_index = 14628, .adv_w = 288, .box_w = 16, .box_h = 18, .ofs_x = 1, .ofs_y = -2},
    {.bitmap_index = 14730, .adv_w = 288, .box_w = 17, .box_h = 18, .ofs_x = 0, .ofs_y = -2},
    {.bitmap_index = 14863, .adv_w = 288, .box_w = 17, .box_h = 18, .ofs_x = 0, .ofs_y = -2},
    {.bitmap_index = 14981, .adv_w = 288, .box_w = 17, .box_h = 17, .ofs_x = 0, .ofs_y = -1},
    {.bitmap_index = 15093, .adv_w = 288, .box_w = 17, .box_h = 18, .ofs_x = 0, .ofs_y = -2},
    {.bitmap_index = 15219, .adv_w = 288, .box_w = 17, .box_h = 18, .ofs_x = 0, .ofs_y = -2},
    {.bitmap_index = 15348, .adv_w = 288, .box_w = 17, .box_h = 17, .ofs_x = 0, .ofs_y = -2},
    {.bitmap_index = 15467, .adv_w = 288, .box_w = 17, .box_h = 18, .ofs_x = 0, .ofs_y = -2},
    {.bitmap_index = 15596, .adv_w = 288, .box_w = 18, .box_h = 17, .ofs_x = 0, .ofs_y = -2},
    {.bitmap_index = 15718, .adv_w = 288, .box_w = 17, .box_h = 17, .ofs_x = 0, .ofs_y = -2},
    {.bitmap_index = 15832, .adv_w = 288, .box_w = 18, .box_h = 16, .ofs_x = 0, .ofs_y = -1},
    {.bitmap_index = 15960, .adv_w = 288, .box_w = 18, .box_h = 18, .ofs_x = 0, .ofs_y = -2},
    {.bitmap_index = 16101, .adv_w = 288, .box_w = 17, .box_h = 18, .ofs_x = 0, .ofs_y = -2},
    {.bitmap_index = 16248, .adv_w = 288, .box_w = 17, .box_h = 17, .ofs_x = 0, .ofs_y = -1},
    {.bitmap_index = 16377, .adv_w = 288, .box_w = 17, .box_h = 17, .ofs_x = 1, .ofs_y = -2},
    {.bitmap_index = 16496, .adv_w = 288, .box_w = 17, .box_h = 18, .ofs_x = 0, .ofs_y = -2},
    {.bitmap_index = 16624, .adv_w = 288, .box_w = 17, .box_h = 17, .ofs_x = 0, .ofs_y = -2},
    {.bitmap_index = 16723, .adv_w = 288, .box_w = 16, .box_h = 17, .ofs_x = 1, .ofs_y = -1},
    {.bitmap_index = 16810, .adv_w = 288, .box_w = 15, .box_h = 17, .ofs_x = 1, .ofs_y = -2},
    {.bitmap_index = 16903, .adv_w = 288, .box_w = 16, .box_h = 16, .ofs_x = 1, .ofs_y = -1},
    {.bitmap_index = 16997, .adv_w = 288, .box_w = 16, .box_h = 16, .ofs_x = 1, .ofs_y = -1},
    {.bitmap_index = 17089, .adv_w = 288, .box_w = 16, .box_h = 17, .ofs_x = 1, .ofs_y = -1},
    {.bitmap_index = 17196, .adv_w = 288, .box_w = 17, .box_h = 17, .ofs_x = 1, .ofs_y = -2},
    {.bitmap_index = 17305, .adv_w = 288, .box_w = 16, .box_h = 16, .ofs_x = 1, .ofs_y = -1},
    {.bitmap_index = 17405, .adv_w = 288, .box_w = 17, .box_h = 18, .ofs_x = 0, .ofs_y = -2},
    {.bitmap_index = 17506, .adv_w = 288, .box_w = 17, .box_h = 17, .ofs_x = 0, .ofs_y = -2},
    {.bitmap_index = 17627, .adv_w = 288, .box_w = 17, .box_h = 17, .ofs_x = 0, .ofs_y = -1},
    {.bitmap_index = 17723, .adv_w = 288, .box_w = 17, .box_h = 17, .ofs_x = 1, .ofs_y = -1},
    {.bitmap_index = 17825, .adv_w = 288, .box_w = 17, .box_h = 18, .ofs_x = 0, .ofs_y = -2},
    {.bitmap_index = 17934, .adv_w = 288, .box_w = 17, .box_h = 17, .ofs_x = 0, .ofs_y = -1},
    {.bitmap_index = 18039, .adv_w = 288, .box_w = 17, .box_h = 17, .ofs_x = 0, .ofs_y = -1},
    {.bitmap_index = 18144, .adv_w = 288, .box_w = 17, .box_h = 17, .ofs_x = 0, .ofs_y = -1},
    {.bitmap_index = 18259, .adv_w = 288, .box_w = 17, .box_h = 17, .ofs_x = 0, .ofs_y = -1},
    {.bitmap_index = 18384, .adv_w = 288, .box_w = 17, .box_h = 18, .ofs_x = 0, .ofs_y = -2},
    {.bitmap_index = 18516, .adv_w = 288, .box_w = 17, .box_h = 16, .ofs_x = 1, .ofs_y = -1},
    {.bitmap_index = 18617, .adv_w = 288, .box_w = 17, .box_h = 17, .ofs_x = 0, .ofs_y = -1},
    {.bitmap_index = 18743, .adv_w = 288, .box_w = 16, .box_h = 18, .ofs_x = 1, .ofs_y = -2},
    {.bitmap_index = 18865, .adv_w = 288, .box_w = 16, .box_h = 15, .ofs_x = 1, .ofs_y = -1},
    {.bitmap_index = 18921, .adv_w = 288, .box_w = 17, .box_h = 17, .ofs_x = 1, .ofs_y = -1},
    {.bitmap_index = 19024, .adv_w = 288, .box_w = 17, .box_h = 17, .ofs_x = 0, .ofs_y = -2},
    {.bitmap_index = 19150, .adv_w = 288, .box_w = 17, .box_h = 18, .ofs_x = 0, .ofs_y = -2},
    {.bitmap_index = 19286, .adv_w = 288, .box_w = 16, .box_h = 18, .ofs_x = 1, .ofs_y = -2},
    {.bitmap_index = 19407, .adv_w = 288, .box_w = 17, .box_h = 16, .ofs_x = 0, .ofs_y = -1},
    {.bitmap_index = 19532, .adv_w = 288, .box_w = 17, .box_h = 17, .ofs_x = 0, .ofs_y = -2},
    {.bitmap_index = 19649, .adv_w = 288, .box_w = 17, .box_h = 18, .ofs_x = 0, .ofs_y = -2},
    {.bitmap_index = 19780, .adv_w = 288, .box_w = 17, .box_h = 17, .ofs_x = 0, .ofs_y = -2},
    {.bitmap_index = 19897, .adv_w = 288, .box_w = 16, .box_h = 18, .ofs_x = 1, .ofs_y = -2},
    {.bitmap_index = 20035, .adv_w = 288, .box_w = 17, .box_h = 18, .ofs_x = 0, .ofs_y = -2},
    {.bitmap_index = 20171, .adv_w = 288, .box_w = 16, .box_h = 18, .ofs_x = 1, .ofs_y = -2},
    {.bitmap_index = 20267, .adv_w = 288, .box_w = 16, .box_h = 18, .ofs_x = 1, .ofs_y = -2},
    {.bitmap_index = 20399, .adv_w = 288, .box_w = 16, .box_h = 16, .ofs_x = 1, .ofs_y = -1},
    {.bitmap_index = 20484, .adv_w = 288, .box_w = 16, .box_h = 17, .ofs_x = 1, .ofs_y = -1},
    {.bitmap_index = 20555, .adv_w = 288, .box_w = 17, .box_h = 17, .ofs_x = 0, .ofs_y = -1},
    {.bitmap_index = 20681, .adv_w = 288, .box_w = 18, .box_h = 18, .ofs_x = 0, .ofs_y = -2},
    {.bitmap_index = 20804, .adv_w = 288, .box_w = 15, .box_h = 17, .ofs_x = 1, .ofs_y = -2},
    {.bitmap_index = 20894, .adv_w = 288, .box_w = 16, .box_h = 17, .ofs_x = 2, .ofs_y = -1},
    {.bitmap_index = 20979, .adv_w = 288, .box_w = 16, .box_h = 16, .ofs_x = 1, .ofs_y = -1},
    {.bitmap_index = 21053, .adv_w = 288, .box_w = 17, .box_h = 17, .ofs_x = 0, .ofs_y = -2},
    {.bitmap_index = 21166, .adv_w = 288, .box_w = 14, .box_h = 18, .ofs_x = 2, .ofs_y = -2},
    {.bitmap_index = 21227, .adv_w = 288, .box_w = 16, .box_h = 17, .ofs_x = 1, .ofs_y = -1},
    {.bitmap_index = 21332, .adv_w = 288, .box_w = 17, .box_h = 18, .ofs_x = 0, .ofs_y = -2},
    {.bitmap_index = 21452, .adv_w = 288, .box_w = 16, .box_h = 17, .ofs_x = 1, .ofs_y = -1},
    {.bitmap_index = 21533, .adv_w = 288, .box_w = 16, .box_h = 18, .ofs_x = 1, .ofs_y = -2},
    {.bitmap_index = 21633, .adv_w = 288, .box_w = 17, .box_h = 17, .ofs_x = 1, .ofs_y = -2},
    {.bitmap_index = 21748, .adv_w = 288, .box_w = 18, .box_h = 18, .ofs_x = 0, .ofs_y = -2},
    {.bitmap_index = 21878, .adv_w = 288, .box_w = 17, .box_h = 18, .ofs_x = 0, .ofs_y = -2},
    {.bitmap_index = 22017, .adv_w = 288, .box_w = 17, .box_h = 18, .ofs_x = 0, .ofs_y = -2},
    {.bitmap_index = 22150, .adv_w = 288, .box_w = 16, .box_h = 16, .ofs_x = 1, .ofs_y = -1},
    {.bitmap_index = 22240, .adv_w = 288, .box_w = 17, .box_h = 18, .ofs_x = 0, .ofs_y = -2},
    {.bitmap_index = 22361, .adv_w = 288, .box_w = 17, .box_h = 16, .ofs_x = 0, .ofs_y = -1},
    {.bitmap_index = 22464, .adv_w = 288, .box_w = 18, .box_h = 17, .ofs_x = 0, .ofs_y = -1},
    {.bitmap_index = 22593, .adv_w = 288, .box_w = 17, .box_h = 17, .ofs_x = 0, .ofs_y = -1},
    {.bitmap_index = 22719, .adv_w = 288, .box_w = 17, .box_h = 17, .ofs_x = 1, .ofs_y = -1},
    {.bitmap_index = 22815, .adv_w = 288, .box_w = 16, .box_h = 17, .ofs_x = 1, .ofs_y = -1},
    {.bitmap_index = 22907, .adv_w = 288, .box_w = 16, .box_h = 17, .ofs_x = 1, .ofs_y = -1},
    {.bitmap_index = 23017, .adv_w = 288, .box_w = 17, .box_h = 17, .ofs_x = 1, .ofs_y = -1},
    {.bitmap_index = 23151, .adv_w = 288, .box_w = 16, .box_h = 17, .ofs_x = 1, .ofs_y = -1},
    {.bitmap_index = 23282, .adv_w = 288, .box_w = 16, .box_h = 17, .ofs_x = 1, .ofs_y = -1},
    {.bitmap_index = 23394, .adv_w = 288, .box_w = 16, .box_h = 17, .ofs_x = 1, .ofs_y = -1},
    {.bitmap_index = 23521, .adv_w = 288, .box_w = 17, .box_h = 18, .ofs_x = 0, .ofs_y = -2},
    {.bitmap_index = 23664, .adv_w = 288, .box_w = 16, .box_h = 16, .ofs_x = 1, .ofs_y = -1},
    {.bitmap_index = 23756, .adv_w = 288, .box_w = 14, .box_h = 18, .ofs_x = 2, .ofs_y = -2},
    {.bitmap_index = 23851, .adv_w = 288, .box_w = 17, .box_h = 18, .ofs_x = 0, .ofs_y = -2},
    {.bitmap_index = 23976, .adv_w = 288, .box_w = 16, .box_h = 18, .ofs_x = 1, .ofs_y = -2},
    {.bitmap_index = 24091, .adv_w = 288, .box_w = 16, .box_h = 18, .ofs_x = 1, .ofs_y = -2},
    {.bitmap_index = 24222, .adv_w = 288, .box_w = 17, .box_h = 18, .ofs_x = 0, .ofs_y = -2},
    {.bitmap_index = 24345, .adv_w = 288, .box_w = 18, .box_h = 18, .ofs_x = 0, .ofs_y = -2},
    {.bitmap_index = 24484, .adv_w = 288, .box_w = 16, .box_h = 17, .ofs_x = 1, .ofs_y = -1},
    {.bitmap_index = 24579, .adv_w = 288, .box_w = 16, .box_h = 17, .ofs_x = 1, .ofs_y = -1},
    {.bitmap_index = 24678, .adv_w = 288, .box_w = 17, .box_h = 18, .ofs_x = 0, .ofs_y = -2},
    {.bitmap_index = 24779, .adv_w = 288, .box_w = 16, .box_h = 17, .ofs_x = 1, .ofs_y = -1},
    {.bitmap_index = 24892, .adv_w = 288, .box_w = 16, .box_h = 18, .ofs_x = 1, .ofs_y = -2},
    {.bitmap_index = 25021, .adv_w = 288, .box_w = 17, .box_h = 17, .ofs_x = 0, .ofs_y = -2},
    {.bitmap_index = 25136, .adv_w = 288, .box_w = 17, .box_h = 17, .ofs_x = 1, .ofs_y = -1},
    {.bitmap_index = 25222, .adv_w = 288, .box_w = 17, .box_h = 18, .ofs_x = 1, .ofs_y = -2},
    {.bitmap_index = 25351, .adv_w = 288, .box_w = 16, .box_h = 18, .ofs_x = 1, .ofs_y = -2},
    {.bitmap_index = 25467, .adv_w = 288, .box_w = 17, .box_h = 18, .ofs_x = 0, .ofs_y = -2},
    {.bitmap_index = 25602, .adv_w = 288, .box_w = 18, .box_h = 18, .ofs_x = 0, .ofs_y = -2},
    {.bitmap_index = 25739, .adv_w = 288, .box_w = 17, .box_h = 17, .ofs_x = 0, .ofs_y = -1},
    {.bitmap_index = 25825, .adv_w = 288, .box_w = 17, .box_h = 18, .ofs_x = 1, .ofs_y = -2},
    {.bitmap_index = 25933, .adv_w = 288, .box_w = 16, .box_h = 17, .ofs_x = 1, .ofs_y = -2},
    {.bitmap_index = 26023, .adv_w = 288, .box_w = 16, .box_h = 16, .ofs_x = 1, .ofs_y = -1},
    {.bitmap_index = 26106, .adv_w = 288, .box_w = 16, .box_h = 17, .ofs_x = 1, .ofs_y = -2},
    {.bitmap_index = 26209, .adv_w = 288, .box_w = 17, .box_h = 17, .ofs_x = 1, .ofs_y = -1},
    {.bitmap_index = 26326, .adv_w = 288, .box_w = 17, .box_h = 17, .ofs_x = 1, .ofs_y = -2},
    {.bitmap_index = 26441, .adv_w = 288, .box_w = 16, .box_h = 18, .ofs_x = 1, .ofs_y = -2},
    {.bitmap_index = 26558, .adv_w = 288, .box_w = 17, .box_h = 17, .ofs_x = 1, .ofs_y = -2},
    {.bitmap_index = 26667, .adv_w = 288, .box_w = 16, .box_h = 17, .ofs_x = 1, .ofs_y = -2},
    {.bitmap_index = 26779, .adv_w = 288, .box_w = 18, .box_h = 18, .ofs_x = 0, .ofs_y = -2},
    {.bitmap_index = 26900, .adv_w = 288, .box_w = 17, .box_h = 17, .ofs_x = 0, .ofs_y = -2},
    {.bitmap_index = 27025, .adv_w = 288, .box_w = 17, .box_h = 18, .ofs_x = 0, .ofs_y = -2},
    {.bitmap_index = 27156, .adv_w = 288, .box_w = 16, .box_h = 17, .ofs_x = 1, .ofs_y = -1},
    {.bitmap_index = 27270, .adv_w = 288, .box_w = 16, .box_h = 17, .ofs_x = 1, .ofs_y = -2},
    {.bitmap_index = 27392, .adv_w = 288, .box_w = 17, .box_h = 17, .ofs_x = 1, .ofs_y = -2},
    {.bitmap_index = 27500, .adv_w = 288, .box_w = 17, .box_h = 18, .ofs_x = 0, .ofs_y = -2},
    {.bitmap_index = 27624, .adv_w = 288, .box_w = 18, .box_h = 18, .ofs_x = 0, .ofs_y = -2},
    {.bitmap_index = 27747, .adv_w = 288, .box_w = 17, .box_h = 18, .ofs_x = 1, .ofs_y = -2},
    {.bitmap_index = 27871, .adv_w = 288, .box_w = 18, .box_h = 18, .ofs_x = 0, .ofs_y = -2},
    {.bitmap_index = 28012, .adv_w = 288, .box_w = 16, .box_h = 16, .ofs_x = 1, .ofs_y = -1},
    {.bitmap_index = 28131, .adv_w = 288, .box_w = 17, .box_h = 17, .ofs_x = 0, .ofs_y = -2},
    {.bitmap_index = 28261, .adv_w = 288, .box_w = 16, .box_h = 16, .ofs_x = 1, .ofs_y = -1},
    {.bitmap_index = 28347, .adv_w = 288, .box_w = 16, .box_h = 16, .ofs_x = 1, .ofs_y = -1},
    {.bitmap_index = 28452, .adv_w = 288, .box_w = 17, .box_h = 16, .ofs_x = 0, .ofs_y = -1},
    {.bitmap_index = 28547, .adv_w = 288, .box_w = 17, .box_h = 17, .ofs_x = 0, .ofs_y = -1},
    {.bitmap_index = 28650, .adv_w = 288, .box_w = 16, .box_h = 18, .ofs_x = 0, .ofs_y = -2},
    {.bitmap_index = 28773, .adv_w = 288, .box_w = 16, .box_h = 17, .ofs_x = 1, .ofs_y = -1},
    {.bitmap_index = 28894, .adv_w = 288, .box_w = 18, .box_h = 18, .ofs_x = 0, .ofs_y = -2},
    {.bitmap_index = 29041, .adv_w = 288, .box_w = 18, .box_h = 18, .ofs_x = 0, .ofs_y = -2},
    {.bitmap_index = 29177, .adv_w = 288, .box_w = 16, .box_h = 18, .ofs_x = 1, .ofs_y = -2},
    {.bitmap_index = 29280, .adv_w = 288, .box_w = 16, .box_h = 17, .ofs_x = 1, .ofs_y = -1},
    {.bitmap_index = 29378, .adv_w = 288, .box_w = 16, .box_h = 17, .ofs_x = 1, .ofs_y = -1},
    {.bitmap_index = 29458, .adv_w = 288, .box_w = 17, .box_h = 17, .ofs_x = 1, .ofs_y = -1},
    {.bitmap_index = 29583, .adv_w = 288, .box_w = 17, .box_h = 17, .ofs_x = 1, .ofs_y = -1},
    {.bitmap_index = 29699, .adv_w = 288, .box_w = 16, .box_h = 16, .ofs_x = 1, .ofs_y = -1},
    {.bitmap_index = 29786, .adv_w = 288, .box_w = 17, .box_h = 16, .ofs_x = 0, .ofs_y = -1},
    {.bitmap_index = 29884, .adv_w = 288, .box_w = 16, .box_h = 17, .ofs_x = 1, .ofs_y = -2},
    {.bitmap_index = 29994, .adv_w = 288, .box_w = 17, .box_h = 18, .ofs_x = 1, .ofs_y = -2},
    {.bitmap_index = 30109, .adv_w = 288, .box_w = 17, .box_h = 18, .ofs_x = 0, .ofs_y = -2},
    {.bitmap_index = 30244, .adv_w = 288, .box_w = 17, .box_h = 17, .ofs_x = 0, .ofs_y = -1},
    {.bitmap_index = 30350, .adv_w = 288, .box_w = 16, .box_h = 18, .ofs_x = 1, .ofs_y = -2},
    {.bitmap_index = 30473, .adv_w = 288, .box_w = 16, .box_h = 18, .ofs_x = 1, .ofs_y = -2},
    {.bitmap_index = 30567, .adv_w = 288, .box_w = 17, .box_h = 17, .ofs_x = 0, .ofs_y = -2},
    {.bitmap_index = 30678, .adv_w = 288, .box_w = 16, .box_h = 17, .ofs_x = 1, .ofs_y = -1},
    {.bitmap_index = 30803, .adv_w = 288, .box_w = 16, .box_h = 17, .ofs_x = 1, .ofs_y = -1},
    {.bitmap_index = 30923, .adv_w = 288, .box_w = 16, .box_h = 17, .ofs_x = 1, .ofs_y = -2},
    {.bitmap_index = 31038, .adv_w = 288, .box_w = 3, .box_h = 5, .ofs_x = 3, .ofs_y = -3},
    {.bitmap_index = 31046, .adv_w = 288, .box_w = 3, .box_h = 10, .ofs_x = 3, .ofs_y = 0},
    {.bitmap_index = 31057, .adv_w = 288, .box_w = 3, .box_h = 13, .ofs_x = 3, .ofs_y = -3},
    {.bitmap_index = 31074, .adv_w = 288, .box_w = 2, .box_h = 17, .ofs_x = 8, .ofs_y = -1}
};

/*---------------------
 *  CHARACTER MAPPING
 *--------------------*/

static const uint16_t unicode_list_1[] = {
    0x0, 0x1f5c, 0x2f4b, 0x4d49, 0x4d53, 0x4d56, 0x4d57, 0x4d73,
    0x4d76, 0x4da8, 0x4dd4, 0x4ded, 0x4e0e, 0x4e16, 0x4e17, 0x4e2d,
    0x4e3f, 0x4e44, 0x4e5a, 0x4e63, 0x4e69, 0x4e8f, 0x4e96, 0x4e97,
    0x4e98, 0x4e9c, 0x4ef0, 0x4f26, 0x4f37, 0x4f62, 0x508e, 0x50ae,
    0x50b1, 0x50bc, 0x50c4, 0x50ce, 0x50e2, 0x5100, 0x5143, 0x5144,
    0x514f, 0x5150, 0x516d, 0x5174, 0x5196, 0x51e8, 0x51e9, 0x51f1,
    0x525f, 0x5283, 0x529e, 0x52aa, 0x52d4, 0x5304, 0x530b, 0x5315,
    0x5316, 0x531a, 0x531f, 0x5333, 0x5338, 0x533c, 0x5351, 0x5357,
    0x535a, 0x5378, 0x53c6, 0x5416, 0x546d, 0x5624, 0x5627, 0x5647,
    0x5671, 0x5679, 0x5683, 0x5743, 0x5856, 0x58bf, 0x5aa0, 0x5aa1,
    0x5ad2, 0x5ad5, 0x5ae3, 0x5ae7, 0x5b42, 0x5b4a, 0x5b7a, 0x5b8b,
    0x5b98, 0x5d2f, 0x5d3b, 0x5dbf, 0x5ddd, 0x5e43, 0x5e49, 0x5e82,
    0x5e9c, 0x5e9e, 0x5ece, 0x5f4a, 0x5f70, 0x5f84, 0x5fab, 0x6058,
    0x6159, 0x6189, 0x6194, 0x6196, 0x619c, 0x61b0, 0x61ed, 0x621d,
    0x624a, 0x6250, 0x6252, 0x62ab, 0x62b7, 0x62ee, 0x6319, 0x632a,
    0x63f6, 0x6487, 0x64b9, 0x64bd, 0x64f6, 0x64f9, 0x6529, 0x653f,
    0x6557, 0x6587, 0x65b8, 0x65cb, 0x663d, 0x6649, 0x6652, 0x6668,
    0x6673, 0x6675, 0x6683, 0x6699, 0x66a8, 0x66ae, 0x66c7, 0x66ca,
    0x66e5, 0x6781, 0x6a6a, 0x6aac, 0x6b7d, 0x6bea, 0x6c2b, 0x6cd1,
    0x6d44, 0x6d4e, 0x6d59, 0x6e1a, 0x6e2a, 0x6e5d, 0x7002, 0x7036,
    0x71a2, 0x71a4, 0x71b2, 0x71ff, 0x7471, 0x747e, 0x7484, 0x7495,
    0x75c6, 0x75cd, 0x75f7, 0x763d, 0x7668, 0x7669, 0x7736, 0x77b7,
    0x77fc, 0x7883, 0x791b, 0x792d, 0x7939, 0x797c, 0x79c3, 0x7a14,
    0x7a92, 0x7c74, 0x7e08, 0x7e1c, 0x7e33, 0x7e36, 0x7eb7, 0x7fd2,
    0x7ff3, 0x8041, 0x8046, 0x804b, 0x80e5, 0x81bb, 0x8242, 0x836e,
    0x8426, 0x8492, 0x8614, 0x8795, 0x880e, 0x8911, 0x892c, 0x892f,
    0x8aea, 0x8aed, 0x8af9, 0x8b0a, 0x8b0f, 0x8b1e, 0x8b38, 0x8b3d,
    0x8b40, 0x8b4c, 0x8c6f, 0x8c71, 0x8cce, 0x8d38, 0x8d3c, 0x8f10,
    0x8f24, 0x8f27, 0x8f52, 0x8f58, 0x90db, 0x9113, 0x9115, 0x9116,
    0x9118, 0x93e8, 0x93e9, 0x93f7, 0x9447, 0x944a, 0x94c8, 0x9536,
    0x953d, 0x95ad, 0x95d9, 0x96ab, 0x97c2, 0x97cd, 0x9828, 0x9859,
    0x98b9, 0x98d1, 0x98df, 0x98e2, 0x99d5, 0x9d6a, 0x9e1a, 0xfe55,
    0xfe63, 0xfe64, 0xfea5
};

/*Collect the unicode lists and glyph_id offsets*/
static const lv_font_fmt_txt_cmap_t cmaps[] =
{
    {
        .range_start = 32, .range_length = 95, .glyph_id_start = 1,
        .unicode_list = NULL, .glyph_id_ofs_list = NULL, .list_length = 0, .type = LV_FONT_FMT_TXT_CMAP_FORMAT0_TINY
    },
    {
        .range_start = 183, .range_length = 65190, .glyph_id_start = 96,
        .unicode_list = unicode_list_1, .glyph_id_ofs_list = NULL, .list_length = 259, .type = LV_FONT_FMT_TXT_CMAP_SPARSE_TINY
    }
};

/*-----------------
 *    KERNING
 *----------------*/


/*Map glyph_ids to kern left classes*/
static const uint8_t kern_left_class_mapping[] =
{
    0, 0, 0, 1, 0, 0, 0, 2,
    1, 3, 0, 0, 0, 4, 5, 4,
    6, 7, 0, 8, 9, 10, 11, 12,
    13, 14, 15, 0, 0, 0, 0, 0,
    16, 17, 18, 19, 20, 21, 22, 23,
    24, 0, 0, 25, 26, 27, 0, 0,
    21, 28, 29, 30, 31, 32, 33, 34,
    35, 36, 37, 38, 3, 0, 0, 0,
    39, 0, 40, 41, 42, 0, 41, 43,
    44, 40, 45, 45, 46, 47, 40, 40,
    41, 41, 44, 48, 49, 50, 51, 52,
    53, 54, 52, 55, 3, 0, 0, 0,
    0, 5, 0, 0, 0, 0, 0, 0,
    0, 0, 0, 0, 0, 0, 0, 0,
    0, 0, 0, 0, 0, 0, 0, 0,
    0, 0, 0, 0, 0, 0, 0, 0,
    0, 0, 0, 0, 0, 0, 0, 0,
    0, 0, 0, 0, 0, 0, 0, 0,
    0, 0, 0, 0, 0, 0, 0, 0,
    0, 0, 0, 0, 0, 0, 0, 0,
    0, 0, 0, 0, 0, 0, 0, 0,
    0, 0, 0, 0, 0, 0, 0, 0,
    0, 0, 0, 0, 0, 0, 0, 0,
    0, 0, 0, 0, 0, 0, 0, 0,
    0, 0, 0, 0, 0, 0, 0, 0,
    0, 0, 0, 0, 0, 0, 0, 0,
    0, 0, 0, 0, 0, 0, 0, 0,
    0, 0, 0, 0, 0, 0, 0, 0,
    0, 0, 0, 0, 0, 0, 0, 0,
    0, 0, 0, 0, 0, 0, 0, 0,
    0, 0, 0, 0, 0, 0, 0, 0,
    0, 0, 0, 0, 0, 0, 0, 0,
    0, 0, 0, 0, 0, 0, 0, 0,
    0, 0, 0, 0, 0, 0, 0, 0,
    0, 0, 0, 0, 0, 0, 0, 0,
    0, 0, 0, 0, 0, 0, 0, 0,
    0, 0, 0, 0, 0, 0, 0, 0,
    0, 0, 0, 0, 0, 0, 0, 0,
    0, 0, 0, 0, 0, 0, 0, 0,
    0, 0, 0, 0, 0, 0, 0, 0,
    0, 0, 0, 0, 0, 0, 0, 0,
    0, 0, 0, 0, 0, 0, 0, 0,
    0, 0, 0, 0, 0, 0, 0, 0,
    0, 0, 0, 0, 0, 0, 0, 4,
    0, 0, 0
};

/*Map glyph_ids to kern right classes*/
static const uint8_t kern_right_class_mapping[] =
{
    0, 0, 0, 1, 0, 0, 0, 2,
    1, 0, 0, 0, 0, 3, 4, 3,
    5, 6, 7, 8, 9, 10, 11, 12,
    13, 14, 15, 0, 0, 0, 0, 0,
    16, 17, 18, 0, 19, 0, 0, 0,
    19, 0, 0, 20, 0, 0, 0, 0,
    19, 0, 19, 0, 21, 22, 23, 24,
    25, 26, 27, 28, 0, 0, 29, 0,
    0, 0, 30, 31, 32, 32, 32, 33,
    34, 31, 35, 36, 31, 37, 38, 38,
    32, 38, 32, 38, 39, 40, 41, 42,
    43, 44, 42, 45, 0, 0, 0, 0,
    0, 4, 0, 0, 0, 0, 0, 0,
    0, 0, 0, 0, 0, 0, 0, 0,
    0, 0, 0, 0, 0, 0, 0, 0,
    0, 0, 0, 0, 0, 0, 0, 0,
    0, 0, 0, 0, 0, 0, 0, 0,
    0, 0, 0, 0, 0, 0, 0, 0,
    0, 0, 0, 0, 0, 0, 0, 0,
    0, 0, 0, 0, 0, 0, 0, 0,
    0, 0, 0, 0, 0, 0, 0, 0,
    0, 0, 0, 0, 0, 0, 0, 0,
    0, 0, 0, 0, 0, 0, 0, 0,
    0, 0, 0, 0, 0, 0, 0, 0,
    0, 0, 0, 0, 0, 0, 0, 0,
    0, 0, 0, 0, 0, 0, 0, 0,
    0, 0, 0, 0, 0, 0, 0, 0,
    0, 0, 0, 0, 0, 0, 0, 0,
    0, 0, 0, 0, 0, 0, 0, 0,
    0, 0, 0, 0, 0, 0, 0, 0,
    0, 0, 0, 0, 0, 0, 0, 0,
    0, 0, 0, 0, 0, 0, 0, 0,
    0, 0, 0, 0, 0, 0, 0, 0,
    0, 0, 0, 0, 0, 0, 0, 0,
    0, 0, 0, 0, 0, 0, 0, 0,
    0, 0, 0, 0, 0, 0, 0, 0,
    0, 0, 0, 0, 0, 0, 0, 0,
    0, 0, 0, 0, 0, 0, 0, 0,
    0, 0, 0, 0, 0, 0, 0, 0,
    0, 0, 0, 0, 0, 0, 0, 0,
    0, 0, 0, 0, 0, 0, 0, 0,
    0, 0, 0, 0, 0, 0, 0, 0,
    0, 0, 0, 0, 0, 0, 0, 0,
    0, 0, 0, 0, 0, 0, 0, 3,
    0, 0, 0
};

/*Kern values between classes*/
static const int8_t kern_class_values[] =
{
    0, 0, 0, 0, 0, 0, 0, 0,
    0, -26, 0, -17, 6, 0, 0, 0,
    0, 0, 0, 0, 0, 0, 0, 0,
    0, 0, 0, 0, 0, 0, 0, 0,
    0, 0, 0, 0, 0, 0, 0, 0,
    0, 0, 0, 0, 0, 0, 0, 0,
    0, 0, 0, -17, 0, -12, -6, 0,
    -9, -23, 0, -14, 0, 0, 0, 0,
    0, 0, 0, 0, 0, 0, 0, 0,
    0, 0, 0, 0, 0, 0, 0, 0,
    0, 0, 0, 0, 0, 0, 0, 0,
    0, 0, 0, 0, 0, 0, 0, 0,
    0, 0, 0, 0, 0, 0, 0, 0,
    0, 0, 0, 0, 0, 0, 0, 0,
    0, 0, 0, 0, 0, 0, 0, 0,
    0, 0, 0, 0, 0, 12, 0, 0,
    0, 0, 0, 0, 0, 0, 0, 0,
    0, 0, 0, 0, -10, -26, 0, -8,
    -14, -6, -6, -9, -3, -29, 0, 0,
    0, 0, 0, 0, 0, 0, 0, 0,
    0, 0, 0, 0, 0, 0, 0, 0,
    0, 0, 0, 0, 0, 0, 0, 0,
    0, 0, 0, 0, 0, 0, 0, 0,
    0, 0, 0, -6, -9, 0, 0, 0,
    -9, 0, 0, 0, 0, 0, 0, 0,
    0, 0, 0, 0, 0, 0, 0, 0,
    0, 0, 0, 0, 0, 0, 0, 0,
    0, 0, 0, 0, 0, 0, 0, 0,
    0, 0, 0, 0, 0, 0, 0, 0,
    0, 0, -20, 0, -14, 0, 0, 0,
    0, 0, 0, 0, 0, 0, 0, 0,
    0, 0, 0, 0, 0, 0, 0, 0,
    0, 0, 0, 0, 0, 0, 0, 0,
    0, 0, 0, 0, 0, 0, 0, 0,
    -10, 0, 0, 0, 0, -8, -5, 0,
    0, 0, -6, 0, 0, 0, 0, -8,
    0, -8, 0, -10, 0, -8, -5, 0,
    -15, 0, 0, 0, 0, 0, 0, 0,
    0, 0, 0, 0, 0, 0, 0, 0,
    0, 0, 0, 0, 0, 0, -3, 0,
    -5, 0, 0, -7, -9, 0, -6, 0,
    0, 0, 0, 0, 0, 0, 0, 0,
    0, 0, -3, 0, 0, -6, 0, 0,
    0, 0, 0, 0, 0, 0, 0, 0,
    0, 0, 0, 0, 0, 0, 0, 0,
    0, 0, -5, 0, 0, 0, 0, -6,
    0, 0, 0, 0, 0, 0, -3, -8,
    0, 0, 0, 0, 0, 0, 0, 0,
    0, -3, -6, 0, 0, 0, 0, 0,
    0, 0, 0, 0, 0, 0, 0, 0,
    0, 0, 0, 0, 0, -3, 0, 0,
    0, 0, 0, -8, 0, -6, 0, 0,
    0, -6, 0, -6, -10, 0, 0, 0,
    0, 0, -7, 0, -12, 0, 0, -12,
    0, 0, 0, 0, 0, 0, 0, 0,
    0, 0, 0, 0, 0, 0, 0, 0,
    0, 0, 0, 0, -6, 0, 0, 0,
    -8, 0, 0, 0, 0, 0, -5, 0,
    0, -12, 0, 0, 0, 0, 0, 0,
    0, -7, 0, -8, 0, 0, 0, 0,
    0, 0, 0, 0, 0, 0, 0, 0,
    0, 0, 0, 0, 0, 0, 0, -20,
    0, -6, 0, 0, 0, -17, 0, 0,
    0, 0, 0, -9, 0, -3, -18, 0,
    0, 0, 0, 0, -29, 0, -23, 0,
    -5, -30, 0, 0, 0, 0, 0, 0,
    0, 0, 0, 0, 0, 0, 0, 0,
    -11, 0, -8, -6, 6, -23, -40, -6,
    -26, -9, 0, 0, 0, -21, 0, -21,
    1, -9, 0, 3, 0, -28, 0, -31,
    0, 0, 0, 0, 0, 0, 0, 0,
    0, -25, 0, -24, -8, -20, 0, 0,
    0, -13, -17, 0, -12, 0, 0, -12,
    -12, 0, 0, -3, 0, 0, 0, 0,
    0, 0, 0, 0, 0, -6, 0, -7,
    -7, 0, 0, 0, 0, 0, -7, 0,
    -5, 0, 0, -12, 0, 0, 0, 0,
    0, 0, 0, 0, 0, 0, 0, 0,
    0, 0, 0, 0, -6, 0, 0, -17,
    -32, 0, -14, 0, 0, 0, 0, -10,
    0, -9, 0, -6, 0, 0, 0, -20,
    0, -24, 0, 0, 0, -3, 0, -12,
    -6, 0, 0, -12, 0, -8, 3, 0,
    0, 0, 0, 0, 0, 1, 0, 0,
    0, 0, 0, 0, 0, 0, 0, 0,
    0, 0, 0, -8, -15, -6, -10, 3,
    -6, 0, 0, 0, 0, 0, 0, 0,
    0, 0, 0, 0, 0, 0, 0, 0,
    0, 0, 0, 0, 0, 0, 0, 0,
    0, 0, 0, 0, 0, 0, 0, 0,
    0, 0, 0, 0, 0, 0, 0, 0,
    0, 0, 0, 0, 0, 0, 0, 0,
    0, -12, 0, 0, 0, 0, 0, 0,
    0, -12, 0, 0, 0, 0, 0, 0,
    0, 0, 0, 0, 0, 0, 0, 0,
    0, 0, 0, 0, 0, -26, -3, 0,
    -12, 0, -8, -17, 0, 0, 0, 0,
    0, 0, 0, -20, -22, 0, 0, -10,
    0, 0, -24, -6, -22, -17, 0, -23,
    0, 0, 0, 0, 0, -2, 0, 0,
    0, -1, 0, 0, -7, -6, -9, -9,
    0, 0, -9, 0, -5, 0, 0, 0,
    0, 0, 0, 0, 0, 0, 0, 0,
    0, -7, 0, -3, 0, -3, 0, -7,
    0, -10, -3, -6, -9, -1, 0, 0,
    0, 0, 0, 0, 0, 0, 0, 0,
    0, 0, 0, 0, 0, -1, -2, 0,
    0, 0, -12, 0, 0, 0, 0, 0,
    0, 0, 0, 0, 0, 0, 0, 0,
    -6, -6, 0, 0, -1, 0, 0, 0,
    -6, -9, -3, 0, -3, 0, -6, 0,
    -6, 0, 0, 0, 0, 0, 0, 0,
    -3, -6, -3, 0, -6, 0, -14, 0,
    0, 0, 0, 0, 0, 0, 0, 0,
    0, 0, 0, -7, 0, -10, 0, -14,
    0, -10, 0, -9, -4, -10, -12, -7,
    0, 0, 0, 0, 0, 0, 0, 0,
    0, 0, 0, 0, 0, 0, 0, 0,
    -3, 0, -6, 0, 0, 0, 0, 0,
    0, 0, 0, 0, 0, 0, 0, 0,
    0, 0, 0, 0, 0, 0, 0, 0,
    0, 0, 0, 0, 0, 0, 0, 0,
    0, 0, 0, 0, 0, 0, 0, 0,
    0, 0, -3, -1, 0, 0, 5, -8,
    -20, 0, 0, 0, 0, 0, 0, -8,
    0, -10, 0, 0, 0, 0, 0, -16,
    0, -24, -1, 0, 0, 0, 0, -3,
    0, 0, 0, -14, 0, -10, 0, -9,
    0, 0, 0, -9, -5, 0, -6, -3,
    -3, -6, -3, 0, 0, -12, 0, 0,
    0, 0, 0, 0, 0, 0, 0, 0,
    0, 0, -7, 0, -6, 0, 0, 0,
    -9, 0, -9, -3, -5, -13, -1, 0,
    0, 0, 0, 0, 0, 0, 0, 0,
    0, -3, 0, 0, -3, -4, -6, 0,
    0, 0, -5, 0, 0, 0, 0, 0,
    0, 0, 0, 0, 0, 0, 0, 0,
    0, 0, 0, -9, 0, 0, 0, 0,
    0, -5, 0, 0, 0, 0, 0, 0,
    0, 0, 0, 0, 0, 0, 0, 0,
    0, 0, 0, 0, 0, 0, -11, 5,
    -26, 0, -13, -9, 0, 0, -8, 0,
    0, 0, 0, -14, -10, 0, 0, -6,
    -6, -4, 0, 0, 0, 0, 0, 0,
    0, 0, -4, 0, -9, -6, -6, 0,
    0, -3, -2, -3, -6, -9, -3, -14,
    0, 0, -26, 0, 7, -26, 0, 0,
    -20, 0, 0, 0, 0, 0, -7, 0,
    -33, -26, 0, 0, -6, 0, 0, -40,
    -7, -32, -23, 0, -43, 0, 0, -4,
    0, -4, -6, -4, 0, 0, 0, 0,
    0, -11, -6, -19, -14, 0, 0, 0,
    -12, -29, 0, 0, 0, 0, -2, 0,
    -8, 0, 0, 0, 0, 0, 0, 0,
    -19, 0, -29, 0, -6, 0, -7, -3,
    -8, -9, -6, 0, -7, 0, -7, 6,
    -7, 0, 0, 0, 0, -3, 6, 0,
    3, 8, 0, 0, 0, 0, 0, 0,
    0, 0, 0, 0, 0, 0, 0, 0,
    0, 0, 0, 0, 0, -6, 0, -12,
    0, -9, 0, -7, -7, -10, -12, -3,
    0, 0, 0, 0, 0, 0, 0, 0,
    0, 0, 0, 0, 0, 0, 0, 0,
    0, 0, -4, 0, 0, 0, 0, 0,
    0, 0, 0, 0, 0, 0, 0, 0,
    0, 0, 0, 0, -8, 0, -6, 0,
    0, -1, 0, -4, 0, 0, -3, 0,
    -1, 0, -1, 0, 0, 0, 0, 0,
    0, -1, 0, 0, 0, 0, 0, 0,
    0, 0, 0, 0, 0, 0, 0, 0,
    0, 0, 0, 0, 0, 0, 0, 0,
    0, 0, 0, -3, 0, -3, 0, -1,
    -6, 0, 0, 0, 0, 0, 0, 0,
    0, 0, 0, 0, 0, 0, 0, 0,
    -1, -1, 0, 6, -20, -31, -23, 0,
    -10, 0, 0, 0, -29, 0, -22, 0,
    -7, 0, 0, 0, -24, -9, -26, -4,
    0, 0, -6, 0, -6, 0, 0, 0,
    -33, -20, -37, -12, -35, 0, 0, 0,
    -29, -32, -7, -24, -26, -29, -31, -27,
    0, 0, -11, 0, 0, 0, 0, 0,
    0, 0, 0, 0, 0, 0, 0, 0,
    0, -6, 0, -10, 0, 0, 0, 0,
    0, -3, 0, -1, 0, 0, 0, 0,
    0, 0, 0, 0, 0, 0, 0, 0,
    0, 0, 0, 0, 0, 0, -20, -37,
    -12, 0, -8, 0, -6, 0, -18, -6,
    -15, 0, -5, 0, 0, 0, -22, -9,
    -26, -3, 0, 0, 0, 0, 0, 0,
    0, 0, -23, -14, -22, -5, -20, 0,
    0, 0, -14, -18, -3, -13, -9, -9,
    -12, -9, 0, -11, -24, -8, 0, -5,
    0, 0, 0, -14, 0, 0, 0, 0,
    0, 0, 0, -16, -4, -26, 0, 0,
    0, 0, 0, 0, 0, 0, 0, -19,
    0, -16, -3, -16, 0, 0, 0, -12,
    -14, 0, -13, -3, -6, -9, -6, 0,
    -8, 3, -23, 0, 0, -6, 0, -3,
    -5, -8, -6, 0, 0, -13, -6, -6,
    0, -10, -1, -2, -7, -3, 0, 0,
    0, 0, 0, 0, -5, 0, -7, -5,
    -7, 0, 0, -2, 0, -6, -6, -9,
    -9, -12, 0, 0, 0, -22, -33, -19,
    0, -15, 0, -6, -3, -30, 0, -26,
    0, -12, -5, 0, -12, -23, -12, -29,
    -6, 0, 0, 0, 0, 0, 0, 0,
    0, -26, -14, -30, -11, -29, 0, 0,
    0, -22, -26, -9, -20, -12, -14, -15,
    -18, 0, -12, 0, -14, 0, 0, 0,
    0, 0, -13, 0, 0, 0, 0, 0,
    0, 0, 0, -9, 0, 0, 0, -3,
    0, 0, 0, 0, 0, 0, 0, 0,
    -5, 0, 0, 0, 0, 0, 0, 0,
    -4, -6, -3, -6, 0, 0, 0, 0,
    0, 0, 0, 0, 0, 0, 0, 0,
    0, 0, 0, 0, 0, 0, 0, 0,
    0, 0, 0, 0, 0, 0, 0, 0,
    0, 0, 0, 0, 0, -17, 0, 0,
    0, 18, 0, 0, 0, 0, 0, 0,
    0, 0, 0, -9, 0, 0, 0, 0,
    0, -9, 0, 0, 0, 0, 0, -12,
    0, -5, -14, 0, 0, 0, 0, -4,
    -34, 0, -24, -17, -5, -23, 0, 0,
    0, 0, 0, 0, 0, 0, 0, 0,
    0, 0, 0, 0, 0, 0, 0, 0,
    -12, 0, -6, 0, 0, 0, 0, 0,
    0, 0, 0, 0, -16, 0, -7, -20,
    0, -5, 0, -3, -3, -35, 0, -21,
    -16, -9, -26, -3, 0, 0, 0, 0,
    0, 0, 0, 0, 0, 0, 0, 0,
    0, -1, -3, -4, -2, -4, 0, 0,
    0, 0, 0, 0, 0, 0, 0, 0,
    0, 0, 0, 0, -8, 0, -4, 0,
    0, -3, -31, 0, -16, -13, -7, -31,
    0, 0, -4, 0, -3, 0, 0, -3,
    0, -1, 0, 0, 0, 0, -2, 0,
    -6, 0, 9, -6, -19, 3, 0, 0,
    0, 0, 0, -12, 0, 0, 6, 0,
    5, 0, 0, -12, 0, -19, 1, 0,
    0, 3, 4, 0, 0, 0, 3, -5,
    0, -4, 0, -4, 0, 0, 0, 0,
    -3, 1, 0, 0, 0, 0, 0, 0,
    0, 0, 0, 0, 0, 0, 0, 0,
    0, 0, 0, 0, 0, 0, 0, 0,
    0, 0, 0, 0, -26, 0, -23, -15,
    0, -17, 0, 0, 0, 0, 0, 0,
    0, 0, 5, 0, 0, 0, 0, 0,
    0, 0, 0, 0, 0, 0, 0, 0,
    0, 0, 0, 0, 0, 0, 0, 0,
    0, 0, 0, 0, 0, 0, 0, 0,
    0, 0, 0, 0, 0, 0, 0, 0,
    0, 0, 0, 0, 0, 0, 0, 4,
    0, 0, 0, 0, 0, 0, 0, 0,
    0, -6, -4, 3, -7, 0, 0, 0,
    0, 0, -8, 0, -7, 0, -7, -2,
    -5, 0, 0, -3, 0, 0, -29, -3,
    -14, -7, 0, -16, 0, 0, -3, 0,
    -3, 0, 0, 0, 0, -1, 0, -3,
    0, 0, 0, 0, 0, 0, 0, -3,
    5, -5, 0, 0, 0, 0, 0, 0,
    0, 0, 0, 0, 0, -6, 0, 0,
    0, 0, 0, -14, 0, 0, 0, 0,
    -14, 0, 0, 1, 0, 0, 0, 0,
    0, 0, -3, 0, 0, 0, 0, 0,
    0, 0, 0, 0, -14, -31, 0, 0,
    0, 0, -5, -14, -14, 0, -7, 0,
    0, 3, 0, 0, -14, 0, -12, 0,
    -26, 0, -12, -6, -11, -9, -3, 0,
    -7, 0, -4, 0, -4, 0, 0, 0,
    0, 0, 0, -3, 1, 3, 0, 0,
    -9, 0, 0, 0, 0, 0, -9, 0,
    0, 0, 0, 0, -8, 0, 0, -9,
    0, 0, 0, 0, 0, -30, 0, -16,
    -13, -7, -22, 0, 0, 0, 0, 0,
    0, 0, 0, 0, 0, 0, 0, 0,
    0, 0, 0, -4, 0, 0, 0, 0,
    0, 0, 0, 0, 0, 0, -3, 0,
    0, 0, 0, 4, 0, 0, 0, 0,
    0, 3, -9, 0, -5, -3, 0, -12,
    0, 0, 0, 0, -2, 1, 0, 0,
    0, 0, 0, 0, 0, 0, 0, 0,
    0, 0, 0, 0, 0, 0, 0, 0,
    0, 0, 0, 0, 0, 0, -9, 0,
    0, -8, 0, 0, 0, 0, 0, -26,
    0, -14, -10, -3, -20, 0, 0, 0,
    0, 0, 0, 0, 0, 3, 0, 0,
    0, 0, 0, 0, 0, 0, 0, 0,
    -12, -23, 0, 0, 0, 0, 0, 0,
    -8, 0, -9, 0, 0, 0, 0, 0,
    -12, 0, -26, 0, -35, 0, -9, -3,
    -12, -12, -6, 0, -7, 0, -1, 0,
    -1, 0, 0, 0, 0, -2, 0, 0,
    0, 0, 0, 0, 0, -6, -23, 0,
    0, 0, 0, 0, 0, 0, 0, 0,
    0, 0, 0, 0, 0, -10, 0, -20,
    0, -29, 0, -9, -6, -14, -14, -6,
    0, -5, 0, -3, 0, 0, 0, 0,
    0, 0, -1, 0, 0, 0, 0, 0,
    0, 0, -4, 0, -6, 0, 0, 0,
    0, 0, -11, 0, -8, -8, -6, 0,
    0, 0, 0, 0, 0, 0, -31, 0,
    -12, -9, 0, -15, 0, 0, -4, 0,
    -4, 0, 0, 0, 0, -3, 0, -3,
    0, -1, 0, 0, 0, 0, 0, -9,
    0, -5, 0, 0, 0, 0, 0, -12,
    0, -6, -6, 0, -2, 0, 0, 0,
    -4, 0, 0, -26, 0, -12, -7, 0,
    -18, 0, 0, -1, 0, -4, 0, -3,
    0, 0, 0, 0, -3, 0, -1, 0,
    0, 0, 0
};


/*Collect the kern class' data in one place*/
static const lv_font_fmt_txt_kern_classes_t kern_classes =
{
    .class_pair_values   = kern_class_values,
    .left_class_mapping  = kern_left_class_mapping,
    .right_class_mapping = kern_right_class_mapping,
    .left_class_cnt      = 55,
    .right_class_cnt     = 45,
};

/*--------------------
 *  ALL CUSTOM DATA
 *--------------------*/

#if LVGL_VERSION_MAJOR == 8
/*Store all the custom data of the font*/
static  lv_font_fmt_txt_glyph_cache_t cache;
#endif

#if LVGL_VERSION_MAJOR >= 8
static const lv_font_fmt_txt_dsc_t font_dsc = {
#else
static lv_font_fmt_txt_dsc_t font_dsc = {
#endif
    .glyph_bitmap = glyph_bitmap,
    .glyph_dsc = glyph_dsc,
    .cmaps = cmaps,
    .kern_dsc = &kern_classes,
    .kern_scale = 16,
    .cmap_num = 2,
    .bpp = 4,
    .kern_classes = 1,
    .bitmap_format = 1,
#if LVGL_VERSION_MAJOR == 8
    .cache = &cache
#endif
};



/*-----------------
 *  PUBLIC FONT
 *----------------*/

/*Initialize a public general font descriptor*/
#if LVGL_VERSION_MAJOR >= 8
const lv_font_t font_ui_18 = {
#else
lv_font_t font_ui_18 = {
#endif
    .get_glyph_dsc = lv_font_get_glyph_dsc_fmt_txt,    /*Function pointer to get glyph's data*/
    .get_glyph_bitmap = lv_font_get_bitmap_fmt_txt,    /*Function pointer to get glyph's bitmap*/
    .line_height = 20,          /*The maximum line height required by the font*/
    .base_line = 4,             /*Baseline measured from the bottom of the line*/
#if !(LVGL_VERSION_MAJOR == 6 && LVGL_VERSION_MINOR == 0)
    .subpx = LV_FONT_SUBPX_NONE,
#endif
#if LV_VERSION_CHECK(7, 4, 0) || LVGL_VERSION_MAJOR >= 8
    .underline_position = -2,
    .underline_thickness = 1,
#endif
    .dsc = &font_dsc,          /*The custom font data. Will be accessed by `get_glyph_bitmap/dsc` */
#if LV_VERSION_CHECK(8, 2, 0) || LVGL_VERSION_MAJOR >= 9
    .fallback = NULL,
#endif
    .user_data = NULL,
};



#endif /*#if FONT_UI_18*/

