/*******************************************************************************
 * Size: 34 px
 * Bpp: 4
 * Opts: --size 34 --bpp 4 --format lvgl --font ..\calorie-scale-app\assets\fonts\MiSans-Demibold.ttf --range 0x20-0x7E --symbols –，；：。·｜安按拔白保本闭别并波播不才材参餐侧层场超称成秤持充出除触传次从存打待单但弹蛋当地的等低点电调定动短断对发反肪放分封复个更功关果过合核黑后候护滑化画唤换恢回会击机鸡基极计记加间件建渐交蕉接结解界仅进景就据卡开可空馈来蓝览冷里立连链量令录路满没眠面秒明命膜钠奶内能牛钮判皮苹屏期启前切清请区取去全确热认任仍肉入色上时识实食示事试饰释手首束数双水说四松所锁态碳提体添跳透图完未位稳握无物误显线香响向项消写新行醒性胸休修绪续选压牙演验养也一已意隐应营用有右与预在暂长账真整正证脂执直只指质置中钟重住装状紫字总最左 --lv-font-name font_ui_34 -o src\fonts\font_ui_34.c
 ******************************************************************************/

#ifdef LV_LVGL_H_INCLUDE_SIMPLE
#include "lvgl.h"
#else
#include "lvgl/lvgl.h"
#endif

#ifndef FONT_UI_34
#define FONT_UI_34 1
#endif

#if FONT_UI_34

/*-----------------
 *    BITMAPS
 *----------------*/

/*Store the image of the glyphs*/
static LV_ATTRIBUTE_LARGE_CONST const uint8_t glyph_bitmap[] = {
    /* U+0020 " " */

    /* U+0021 "!" */
    0x6f, 0xfc, 0x66, 0x0, 0xc2, 0x1, 0xe1, 0x0,
    0xc6, 0x1, 0xe7, 0x0, 0xc2, 0x1, 0xe1, 0x0,
    0xe3, 0x0, 0x84, 0x3, 0xe1, 0x0, 0x8c, 0x3,
    0xfe, 0x10, 0xf, 0xc2, 0x0, 0x70, 0x1, 0x80,
    0x7e, 0x10, 0x5, 0x3b, 0xbc, 0x0, 0xf1, 0x5,
    0x0, 0xf8, 0xe6, 0x70, 0xab, 0x36, 0x20, 0xf,
    0xfe, 0x30,

    /* U+0022 "\"" */
    0x38, 0x89, 0x41, 0x62, 0x23, 0x57, 0x7b, 0xc3,
    0xdd, 0xe5, 0x20, 0x8, 0xc0, 0xc0, 0x22, 0x70,
    0xb, 0x83, 0x80, 0x27, 0x20, 0x8, 0x40, 0x40,
    0x22, 0x10, 0x8, 0x80, 0xc0, 0x21, 0x0, 0xce,
    0xc, 0x0, 0x10, 0x1, 0x0, 0x8, 0x4, 0x0,
    0x60, 0x1, 0x0, 0x8, 0x10, 0x1, 0x80, 0xc,
    0x2, 0x1, 0xc2, 0x0,

    /* U+0023 "#" */
    0x0, 0xf8, 0x7f, 0xe3, 0x0, 0xdf, 0xf3, 0x0,
    0x7f, 0x20, 0x4, 0x60, 0x11, 0x80, 0x48, 0x1,
    0xfd, 0x80, 0x4, 0x0, 0xc8, 0x0, 0x12, 0x0,
    0xfe, 0x40, 0x6, 0x0, 0x6c, 0x0, 0x20, 0x7,
    0xf0, 0x90, 0x1, 0x0, 0x32, 0x80, 0x30, 0x3,
    0xf9, 0x0, 0x23, 0x0, 0x88, 0x40, 0x8, 0x1,
    0x9f, 0xff, 0x50, 0x5, 0xff, 0xb4, 0x2, 0xdf,
    0xf6, 0x80, 0x7f, 0xf8, 0x5f, 0xfe, 0xc0, 0xb,
    0x3f, 0xee, 0x0, 0xab, 0xfe, 0xd0, 0xe, 0x60,
    0x8, 0xc0, 0x23, 0x0, 0x9c, 0x3, 0xfb, 0x40,
    0x6, 0x1, 0x9c, 0x2, 0x20, 0xf, 0xe3, 0x0,
    0x28, 0x6, 0xc0, 0x1, 0x80, 0x7f, 0x94, 0x1,
    0xe0, 0x19, 0x40, 0xa, 0x1, 0xfc, 0x22, 0x0,
    0x28, 0x6, 0x30, 0x7, 0x80, 0x74, 0xff, 0xdc,
    0x1, 0x67, 0xfe, 0x0, 0xa7, 0xfe, 0xb0, 0xf,
    0xff, 0xc, 0xff, 0xc2, 0x0, 0x9f, 0xfc, 0x80,
    0x6, 0xff, 0xd6, 0x1, 0x84, 0x40, 0x5, 0x0,
    0xc8, 0x0, 0xc0, 0xf, 0xe4, 0x0, 0x8c, 0x2,
    0x20, 0x9, 0xc0, 0x3f, 0xb4, 0x0, 0x60, 0x19,
    0xc0, 0x22, 0x0, 0xfe, 0x30, 0x2, 0x80, 0x6c,
    0x0, 0x18, 0x7, 0xf9, 0x0, 0x1e, 0x1, 0x94,
    0x0, 0x80, 0x1f, 0xc4, 0x1, 0x20, 0x6, 0x30,
    0x6, 0x80, 0x7c,

    /* U+0024 "$" */
    0x0, 0xfc, 0xb7, 0x71, 0x80, 0x7f, 0xf0, 0xc9,
    0x12, 0x60, 0xf, 0xfe, 0xa9, 0x3d, 0x0, 0x52,
    0xc2, 0x1, 0xfc, 0x57, 0xb0, 0x40, 0x11, 0xcf,
    0x40, 0x80, 0x79, 0x35, 0x0, 0x3f, 0x9f, 0x8,
    0x3, 0x1d, 0x80, 0x7f, 0xf0, 0xb, 0x4, 0x2,
    0xf0, 0x8, 0x66, 0x0, 0x28, 0x50, 0x8, 0x68,
    0x0, 0x66, 0x0, 0xf, 0xb1, 0x0, 0x49, 0x54,
    0x0, 0x8c, 0x0, 0xa0, 0x14, 0x8, 0x7, 0xcb,
    0x43, 0x70, 0x0, 0xe0, 0x8, 0x80, 0x3f, 0x97,
    0x90, 0x2, 0xe0, 0x8, 0xc0, 0x3f, 0xf8, 0x64,
    0x1, 0x41, 0x80, 0x7f, 0xf0, 0x90, 0x80, 0x2c,
    0x92, 0x0, 0xff, 0xe0, 0xc8, 0x6, 0x68, 0x0,
    0xff, 0xe0, 0xa5, 0x8, 0x7, 0xdb, 0x4, 0x1,
    0xf9, 0x7d, 0x80, 0x3c, 0x2f, 0xb6, 0x40, 0x1f,
    0xc, 0xf4, 0x98, 0x7, 0x93, 0x58, 0x3, 0xf0,
    0xb4, 0x80, 0x7e, 0x94, 0x0, 0xff, 0xe0, 0xdc,
    0x0, 0x69, 0x0, 0xff, 0xe0, 0xbb, 0xb4, 0x2,
    0x22, 0x0, 0x7f, 0xf0, 0x89, 0x80, 0x27, 0x0,
    0x9c, 0x80, 0x3f, 0xdc, 0x1, 0x18, 0x16, 0x47,
    0x0, 0x7f, 0xb4, 0x2, 0x20, 0xc3, 0x3, 0xc1,
    0x0, 0xf9, 0x54, 0x1, 0x20, 0x40, 0x4, 0x7d,
    0x1a, 0x1, 0x25, 0x50, 0x2, 0x50, 0x3, 0x30,
    0x3, 0x3b, 0x80, 0x28, 0x50, 0x8, 0x6c, 0x2,
    0x98, 0x0, 0xff, 0xe0, 0x16, 0x8, 0x6, 0x7d,
    0x50, 0xf, 0xc2, 0xfa, 0x40, 0x1e, 0x2a, 0xea,
    0x40, 0x9, 0x6f, 0xa0, 0x3, 0xfc, 0x2b, 0x80,
    0x17, 0xa0, 0x7, 0xff, 0x38,

    /* U+0025 "%" */
    0x0, 0x92, 0xbb, 0xfa, 0xd4, 0x3, 0xfe, 0x8f,
    0xfa, 0x40, 0x3a, 0x6d, 0x44, 0x5, 0x2b, 0x4,
    0x3, 0xf2, 0x38, 0x0, 0xa4, 0x3, 0x43, 0x0,
    0x44, 0x1, 0x1d, 0x0, 0x7c, 0x34, 0x1, 0x78,
    0x6, 0x17, 0x0, 0x3f, 0xef, 0xc8, 0x1, 0x10,
    0x1, 0xed, 0x10, 0x5, 0x10, 0x6, 0x40, 0x1,
    0xc0, 0x4, 0xce, 0x0, 0xd0, 0xe, 0x83, 0x0,
    0x32, 0x80, 0x71, 0x0, 0x14, 0x3, 0xb4, 0x0,
    0x60, 0x19, 0x1c, 0x0, 0x52, 0x1, 0xe2, 0x0,
    0x28, 0x7, 0x68, 0x0, 0xc0, 0x21, 0xa0, 0xb,
    0xc0, 0x3e, 0x40, 0x1, 0xb8, 0x4, 0x8e, 0x0,
    0xc0, 0xb, 0x44, 0x1, 0x44, 0x1, 0xf0, 0xb8,
    0x2, 0x3b, 0x36, 0xc0, 0x6, 0xa0, 0x8, 0x30,
    0x3, 0x28, 0x7, 0xf4, 0x28, 0x0, 0x4c, 0x80,
    0x7, 0xa0, 0x4, 0x70, 0x1, 0x48, 0x7, 0xfd,
    0x56, 0xa2, 0x2, 0x93, 0x82, 0x3, 0x40, 0x17,
    0x80, 0x7f, 0xf0, 0x52, 0xbb, 0xfa, 0xd8, 0x2,
    0xd1, 0x0, 0x51, 0x0, 0x7f, 0xf2, 0xa0, 0xc0,
    0xc, 0xa0, 0x1f, 0xfc, 0xa4, 0x70, 0x1, 0x48,
    0x0, 0x5e, 0xb2, 0x9c, 0x40, 0x3f, 0xf8, 0x23,
    0x40, 0x17, 0x80, 0x1b, 0xa1, 0x4d, 0x63, 0x98,
    0x3, 0xff, 0x81, 0xa2, 0x0, 0x92, 0x6, 0x90,
    0xf, 0xa5, 0x40, 0x3f, 0xd0, 0x60, 0x5, 0x60,
    0x4, 0x80, 0x13, 0x3f, 0x10, 0x1, 0x40, 0x1f,
    0xc8, 0xe0, 0x2, 0xa0, 0x2, 0x80, 0xa, 0xcc,
    0xe, 0xc8, 0x0, 0xa0, 0x1f, 0xd, 0x0, 0x5e,
    0x1, 0x68, 0x2, 0x80, 0x39, 0x40, 0x1a, 0x1,
    0xf5, 0x8, 0x2, 0x48, 0x2, 0x10, 0xf, 0xde,
    0x1, 0xfd, 0x8, 0x0, 0x56, 0x0, 0xde, 0x0,
    0xc0, 0xe, 0xc0, 0x7, 0x0, 0x72, 0x38, 0x0,
    0xa8, 0x3, 0x9c, 0x0, 0x8e, 0x1, 0x3a, 0x0,
    0x1c, 0x3, 0xd, 0x0, 0x5e, 0x1, 0xe1, 0x60,
    0x4, 0x76, 0x74, 0x0, 0x1c, 0x40, 0x35, 0x8,
    0x2, 0x48, 0x3, 0xe9, 0x50, 0x0, 0x98, 0x80,
    0x16, 0x0, 0x34, 0x20, 0x1, 0x58, 0x3, 0xfa,
    0xad, 0x4, 0x5, 0x6e, 0x80, 0x0,

    /* U+0026 "&" */
    0x0, 0xf9, 0x6f, 0x7f, 0xb6, 0x8, 0x3, 0xff,
    0x84, 0x7b, 0x48, 0x40, 0x24, 0xfa, 0xc0, 0x1f,
    0xfc, 0x2, 0xd2, 0x0, 0xfd, 0x2c, 0x1, 0xff,
    0x70, 0x80, 0x48, 0xec, 0x1, 0xa0, 0x3, 0xfc,
    0x66, 0x0, 0xaa, 0xe2, 0x74, 0x2, 0x15, 0x0,
    0xfe, 0x50, 0x9, 0x14, 0x2, 0x26, 0x0, 0x88,
    0x3, 0xf8, 0x40, 0x22, 0x0, 0xe1, 0x0, 0xff,
    0xe0, 0x90, 0x4, 0x40, 0x1c, 0xc0, 0x11, 0x80,
    0x7f, 0x28, 0x4, 0x88, 0x0, 0x16, 0x8, 0x0,
    0x90, 0x3, 0xfc, 0xe0, 0x15, 0x2c, 0xe9, 0x80,
    0x5c, 0x1, 0xff, 0x41, 0x0, 0x6, 0x98, 0x2,
    0x2c, 0x30, 0xf, 0xf8, 0x50, 0x3, 0xe7, 0xd3,
    0x0, 0xff, 0x9b, 0xd8, 0x3, 0xd9, 0x0, 0x18,
    0x88, 0x1, 0xe9, 0x90, 0x80, 0x7d, 0xa4, 0x1,
    0xbb, 0x75, 0x22, 0x0, 0x86, 0x0, 0x8f, 0x34,
    0x40, 0x3, 0x84, 0x0, 0x23, 0x2, 0x61, 0x1,
    0x70, 0x9, 0xf0, 0xcb, 0x4, 0x0, 0x38, 0x41,
    0x0, 0x13, 0x0, 0x1c, 0x2, 0x38, 0x0, 0x8b,
    0x4, 0x0, 0x38, 0xaa, 0x0, 0xac, 0x1, 0xc0,
    0x15, 0x80, 0x71, 0x60, 0x80, 0x6, 0x80, 0x26,
    0x20, 0x0, 0x80, 0x7f, 0x8b, 0x44, 0x3, 0x86,
    0x0, 0x2e, 0x0, 0xa8, 0x3, 0xe3, 0xd0, 0xe,
    0xb1, 0x0, 0x94, 0x2, 0x2a, 0x0, 0xf2, 0xf0,
    0x7, 0x40, 0x6, 0x25, 0x0, 0x97, 0xa5, 0x9e,
    0x76, 0x88, 0x3, 0x8a, 0xc0, 0x35, 0x18, 0x4,
    0x2d, 0x30, 0xc4, 0x1, 0xb, 0x80, 0x49, 0x20,
    0x1b, 0x18, 0x3, 0xfc, 0xfd, 0xc, 0x1, 0x33,
    0x80, 0x69, 0xd8, 0x31, 0x1, 0x25, 0x9f, 0x80,
    0x4, 0x98, 0x5, 0xa,

    /* U+0027 "'" */
    0x48, 0x89, 0x31, 0xde, 0xce, 0x0, 0xbc, 0xc0,
    0x22, 0x60, 0x8, 0x44, 0x1, 0x31, 0x80, 0x46,
    0x20, 0x10, 0x80, 0x80, 0x80, 0x8, 0x8, 0x0,

    /* U+0028 "(" */
    0x0, 0xc6, 0xcd, 0x10, 0x6, 0xf9, 0x94, 0x10,
    0x4, 0xa6, 0x0, 0x90, 0xd, 0x0, 0x1, 0x70,
    0x8, 0xc8, 0x0, 0xc0, 0x1a, 0x80, 0x2b, 0x0,
    0xce, 0x0, 0x23, 0x0, 0x90, 0x40, 0xa, 0x1,
    0xb0, 0x2, 0xb0, 0xc, 0x80, 0x11, 0x80, 0x63,
    0x0, 0x10, 0x6, 0x10, 0x9, 0xc0, 0x32, 0x80,
    0x44, 0x1, 0x84, 0x2, 0xe0, 0xc, 0x60, 0x11,
    0x80, 0x61, 0x0, 0x84, 0x3, 0x8, 0x4, 0x20,
    0x1f, 0xfc, 0x12, 0x0, 0x88, 0x3, 0x38, 0x5,
    0xc0, 0x18, 0xc0, 0x22, 0x0, 0xe1, 0x0, 0x28,
    0x7, 0x20, 0x0, 0x48, 0x3, 0x60, 0x4, 0x80,
    0x19, 0xc0, 0x2d, 0x0, 0xc2, 0x60, 0x4, 0x10,
    0xd, 0x60, 0x13, 0x80, 0x66, 0x0, 0xb4, 0x3,
    0xb, 0x0, 0x10, 0xc0, 0x34, 0x0, 0x52, 0x1,
    0x85, 0x80, 0xa, 0x40,

    /* U+0029 ")" */
    0x56, 0x68, 0x3, 0x6c, 0xcc, 0x80, 0x14, 0x80,
    0x50, 0x1, 0xb, 0x80, 0xd, 0x0, 0x29, 0x0,
    0xbc, 0x2, 0x13, 0x0, 0x20, 0x6, 0xa0, 0x9,
    0x40, 0x27, 0x0, 0xb8, 0x2, 0x13, 0x0, 0x20,
    0x6, 0x50, 0x8, 0xc0, 0x2c, 0x0, 0x94, 0x2,
    0x70, 0xb, 0xc0, 0x22, 0x0, 0x88, 0x3, 0xe7,
    0x0, 0xc2, 0x0, 0x10, 0xc, 0x60, 0x3, 0x0,
    0xff, 0xe0, 0x18, 0x0, 0xc0, 0x30, 0x80, 0x4,
    0x2, 0x10, 0x9, 0x80, 0x25, 0x0, 0xb4, 0x2,
    0x30, 0x8, 0x80, 0x2d, 0x0, 0x90, 0x2, 0x40,
    0x1, 0x8, 0x0, 0xc4, 0x0, 0xa0, 0x15, 0x0,
    0x56, 0x1, 0x38, 0x0, 0x4c, 0x0, 0x82, 0x0,
    0x60, 0xb, 0xc0, 0x29, 0x0, 0x1a, 0x0, 0x1c,
    0x40, 0x10, 0x1, 0x48, 0x4,

    /* U+002A "*" */
    0x0, 0xd9, 0xfe, 0x0, 0xf2, 0x0, 0x18, 0x4,
    0x0, 0xa0, 0x15, 0x69, 0x10, 0x8, 0x6e, 0x8c,
    0x20, 0x4b, 0x4c, 0x1, 0x88, 0x1e, 0x14, 0xc0,
    0x4, 0x3, 0x20, 0x58, 0x2, 0x9d, 0x20, 0x8,
    0x6e, 0x90, 0xe, 0xb4, 0x80, 0x21, 0xbc, 0x50,
    0x45, 0x1, 0x50, 0x33, 0x1, 0xf0, 0x39, 0x1f,
    0x90, 0x3, 0x18, 0x24, 0x1, 0xf8, 0x24, 0x4,
    0x13, 0xa4, 0x0, 0x20, 0x8, 0x8c, 0x0, 0x40,
    0x0,

    /* U+002B "+" */
    0x0, 0xf8, 0x8a, 0x10, 0xf, 0xfe, 0x2, 0x6e,
    0xd0, 0x1, 0xff, 0xff, 0x0, 0xff, 0xe2, 0x3f,
    0xff, 0x58, 0x4, 0xdf, 0xfd, 0x80, 0x1f, 0xfd,
    0x63, 0x55, 0xe4, 0x0, 0x89, 0x57, 0xad, 0x2a,
    0xbb, 0xc0, 0x24, 0xaa, 0xe7, 0x0, 0xff, 0xff,
    0x80, 0x7f, 0x80,

    /* U+002C "," */
    0x39, 0x9c, 0x2a, 0xcd, 0x8c, 0x3, 0xff, 0x8c,
    0xdf, 0xe1, 0x3, 0x0, 0x8, 0x80, 0x40, 0x12,
    0x8, 0x0, 0x77, 0x7, 0x85, 0xc0, 0x3a, 0x7,
    0x4, 0xc0, 0x1, 0x79, 0x80, 0x20,

    /* U+002D "-" */
    0x6a, 0xaf, 0xfe, 0x2, 0xe2, 0xaf, 0xff, 0x3,
    0x40, 0x3f, 0xfa, 0x0,

    /* U+002E "." */
    0x79, 0x99, 0xed, 0x9a, 0xb0, 0xf, 0xfe, 0x18,

    /* U+002F "/" */
    0x0, 0xfd, 0xdf, 0xf0, 0x7, 0xe3, 0x10, 0x2,
    0x0, 0x7e, 0xb0, 0xb, 0x40, 0x3f, 0x28, 0x4,
    0xe0, 0x1f, 0x11, 0x0, 0x8, 0x20, 0x1f, 0x28,
    0x5, 0xa0, 0x1f, 0xac, 0x2, 0x70, 0xf, 0x88,
    0xc0, 0x6, 0x20, 0x1f, 0x28, 0x5, 0x60, 0x1f,
    0xac, 0x2, 0x50, 0xf, 0x84, 0xc0, 0x4, 0x40,
    0xf, 0x9c, 0x2, 0x50, 0xf, 0xda, 0x1, 0x50,
    0x7, 0xc2, 0x80, 0x2, 0x20, 0x7, 0xc8, 0x1,
    0x28, 0x7, 0xee, 0x0, 0xac, 0x3, 0xf2, 0x0,
    0x4, 0xc0, 0x3e, 0x50, 0x9, 0xc0, 0x3f, 0x78,
    0x5, 0xa0, 0x1f, 0x94, 0x0, 0x28, 0x1, 0xf2,
    0x0, 0x4e, 0x1, 0xfb, 0x40, 0x2d, 0x0, 0xfc,
    0xe0, 0x12, 0x0, 0x7c, 0x82, 0x0, 0x50, 0xf,
    0xda, 0x1, 0x78, 0x7, 0xe0,

    /* U+0030 "0" */
    0x0, 0xf2, 0x56, 0xff, 0xb6, 0x94, 0x3, 0xfc,
    0x59, 0x6a, 0x40, 0x2, 0x5a, 0xd3, 0x0, 0xf8,
    0xb0, 0xc0, 0x3f, 0x16, 0x18, 0x7, 0xbc, 0x40,
    0x31, 0x18, 0x7, 0x68, 0x80, 0x67, 0x20, 0x9,
    0x7b, 0x73, 0xdc, 0x2, 0x18, 0x0, 0xd2, 0x1,
    0x2d, 0x8, 0x5, 0xe, 0x1, 0x30, 0x80, 0x10,
    0x40, 0x2b, 0x0, 0xf4, 0x8, 0x4, 0xe0, 0xd,
    0x0, 0x94, 0x40, 0x3e, 0x60, 0xb, 0x40, 0x4,
    0x1, 0x60, 0x7, 0xec, 0x0, 0x94, 0x0, 0xa0,
    0x12, 0x80, 0x7e, 0x50, 0x8, 0x40, 0x2, 0x1,
    0x10, 0x7, 0xe1, 0x0, 0xc4, 0x1, 0xc2, 0x1,
    0xfc, 0x20, 0x18, 0x40, 0x3f, 0xf8, 0xc2, 0x20,
    0xf, 0xfe, 0x30, 0x80, 0x70, 0x80, 0x7f, 0x8,
    0x7, 0x8, 0x4, 0x40, 0x1f, 0x84, 0x3, 0x10,
    0x10, 0x4, 0xa0, 0x1f, 0x94, 0x2, 0x10, 0x2,
    0x80, 0x58, 0x1, 0xfb, 0x0, 0x25, 0x0, 0x68,
    0x4, 0xa2, 0x1, 0xf3, 0x0, 0x5a, 0x0, 0x41,
    0x0, 0xac, 0x3, 0xd0, 0x20, 0x13, 0x80, 0x52,
    0x1, 0x2c, 0x88, 0x5, 0xe, 0x1, 0x30, 0x80,
    0x4e, 0x40, 0x13, 0x76, 0x63, 0xdc, 0x3, 0x40,
    0x7, 0x78, 0x80, 0x63, 0x30, 0x7, 0x60, 0x80,
    0x71, 0x61, 0x80, 0x7e, 0x2c, 0x30, 0xf, 0x8b,
    0x29, 0x48, 0x0, 0x4b, 0x5a, 0x60, 0x18,

    /* U+0031 "1" */
    0x0, 0xe5, 0xdf, 0xf8, 0x40, 0x25, 0xda, 0x20,
    0xe, 0x5d, 0xa2, 0x0, 0xf2, 0xd1, 0x0, 0x7e,
    0x30, 0xc, 0x60, 0x1f, 0x8e, 0xf0, 0x3, 0xc7,
    0x78, 0x80, 0x1e, 0x6c, 0x40, 0xf, 0xff, 0xf8,
    0x7, 0xff, 0xfc, 0x3, 0xff, 0xc2,

    /* U+0032 "2" */
    0x0, 0xc2, 0xf7, 0xdf, 0xdb, 0x48, 0x1, 0xf9,
    0xba, 0x10, 0x40, 0x49, 0x6f, 0x4c, 0x3, 0xa6,
    0x40, 0x1f, 0xc5, 0x86, 0x1, 0x3b, 0x0, 0x62,
    0x44, 0x0, 0x76, 0x80, 0xa, 0x0, 0x23, 0xcd,
    0xbb, 0x7b, 0x0, 0x42, 0xc0, 0x68, 0x0, 0x3c,
    0x30, 0xd, 0x28, 0x1, 0x68, 0xd, 0xd0, 0xf0,
    0x7, 0xda, 0x1, 0x30, 0x4, 0xbc, 0x40, 0x1f,
    0x10, 0x7, 0xff, 0x14, 0xc0, 0x26, 0x0, 0xff,
    0xe0, 0xd8, 0x5, 0xa0, 0x1f, 0xfc, 0x6, 0x30,
    0x9, 0xc0, 0x3f, 0xe3, 0x90, 0xa, 0x4, 0x3,
    0xfc, 0x5a, 0x1, 0x23, 0x80, 0x7f, 0x8b, 0x4,
    0x0, 0x54, 0x1, 0xfe, 0x2c, 0x10, 0x0, 0xe0,
    0x80, 0x7f, 0x16, 0x8, 0x0, 0x70, 0x40, 0x3f,
    0x87, 0xc4, 0x0, 0x38, 0x40, 0x1f, 0xc3, 0x84,
    0x0, 0x1c, 0x20, 0xf, 0xe1, 0xc2, 0x0, 0xe,
    0x10, 0x7, 0xf0, 0xe1, 0x0, 0x7, 0x48, 0x3,
    0xf8, 0x70, 0x80, 0x2d, 0x30, 0xf, 0xe1, 0xc2,
    0x0, 0x8a, 0x2e, 0xff, 0x91, 0xc8, 0x3, 0x12,
    0x27, 0xf8, 0x80, 0x3f, 0xfb, 0x0,

    /* U+0033 "3" */
    0x8, 0xff, 0xff, 0xe1, 0x58, 0x7, 0xff, 0x77,
    0x8c, 0xff, 0x80, 0x3b, 0x40, 0x26, 0xcc, 0xfc,
    0x80, 0x1a, 0xd8, 0x3, 0xfe, 0xa7, 0x0, 0x16,
    0xa0, 0x7, 0xfd, 0x6a, 0x0, 0x4c, 0x20, 0xf,
    0xf0, 0xea, 0x0, 0x1e, 0xc4, 0x3, 0xfc, 0x5e,
    0x40, 0xa, 0x80, 0xf, 0xf9, 0x34, 0x40, 0x2a,
    0xeb, 0x60, 0xf, 0xe1, 0x0, 0xf0, 0xa4, 0xe9,
    0x80, 0x7c, 0xae, 0x1, 0xf8, 0xb0, 0xc0, 0x3e,
    0x85, 0x9d, 0xeb, 0x60, 0xd, 0xc0, 0x1f, 0xa9,
    0x88, 0x52, 0x6c, 0x2, 0x27, 0x0, 0xff, 0xe0,
    0xa3, 0x80, 0x56, 0x1, 0xff, 0xc2, 0xb0, 0x8,
    0xc0, 0x3f, 0xf8, 0x44, 0x1, 0xf8, 0xc0, 0x3f,
    0xf8, 0xb3, 0x8a, 0x1, 0xf9, 0x0, 0x22, 0x2,
    0xd6, 0xb, 0x30, 0xf, 0xa0, 0x2, 0x40, 0x33,
    0x0, 0x7, 0x58, 0x3, 0x16, 0x10, 0x5, 0x40,
    0x36, 0x1, 0xc, 0xf6, 0x56, 0x69, 0x80, 0x4c,
    0x60, 0x5, 0x90, 0xc, 0x26, 0xa6, 0x1, 0x92,
    0x40, 0x33, 0x61, 0x0, 0x7f, 0x3d, 0x80, 0x78,
    0xf6, 0x94, 0x80, 0x2, 0x6f, 0xb0, 0x1, 0x80,

    /* U+0034 "4" */
    0x0, 0xff, 0x2f, 0xff, 0x58, 0x7, 0xff, 0x6,
    0x0, 0x3f, 0xf8, 0xd0, 0x40, 0x1f, 0xfc, 0x52,
    0x70, 0xf, 0xfe, 0x34, 0x80, 0x46, 0x1, 0xff,
    0xc2, 0x44, 0x0, 0xa, 0x80, 0x3f, 0xf8, 0x52,
    0x1, 0x49, 0x80, 0x7f, 0xf0, 0x5c, 0x80, 0xa,
    0x80, 0x1f, 0xfc, 0x11, 0x80, 0xa, 0x0, 0x3f,
    0xf8, 0x56, 0x1, 0x41, 0x0, 0x7f, 0xf0, 0x51,
    0x40, 0x4, 0xe0, 0x1f, 0xfc, 0x29, 0x0, 0xa4,
    0x3, 0xff, 0x84, 0xe4, 0x0, 0x44, 0x0, 0x7f,
    0xf0, 0x46, 0x0, 0x29, 0x0, 0xff, 0xe1, 0x58,
    0x4, 0xe4, 0x1, 0xff, 0xc1, 0x35, 0x0, 0xc,
    0x0, 0x7f, 0xf0, 0xbc, 0x2, 0x1f, 0xff, 0x50,
    0x4, 0x9f, 0xee, 0x13, 0x0, 0xff, 0xed, 0xa,
    0xaf, 0xfc, 0x60, 0x10, 0xaa, 0x9c, 0x2a, 0xbf,
    0xe9, 0x0, 0x96, 0xa9, 0x20, 0x1f, 0xff, 0xf0,
    0xe,

    /* U+0035 "5" */
    0x0, 0x47, 0xff, 0xff, 0x7, 0x0, 0x30, 0x80,
    0x7f, 0xf1, 0x88, 0x3, 0xff, 0x8c, 0xe0, 0x11,
    0xa2, 0x7f, 0x80, 0x30, 0x80, 0x5d, 0x77, 0xfd,
    0x0, 0x18, 0x80, 0x22, 0x0, 0xff, 0xea, 0x8,
    0x4, 0x40, 0x1f, 0xfc, 0x22, 0x0, 0x84, 0x11,
    0xe6, 0xa1, 0x40, 0x3e, 0x70, 0x8, 0x76, 0xe1,
    0x95, 0xeb, 0xdc, 0x3, 0x84, 0x2, 0x22, 0x0,
    0x7d, 0x16, 0x1, 0x88, 0x3, 0xff, 0x82, 0x92,
    0x1, 0xf8, 0xeb, 0xbf, 0x60, 0x3, 0x31, 0x80,
    0x1e, 0xd0, 0x1b, 0x14, 0x40, 0x9f, 0x44, 0x2,
    0xa0, 0x9, 0x2f, 0x64, 0x3, 0xc5, 0x0, 0x13,
    0x80, 0x71, 0x0, 0x7e, 0x70, 0x8, 0x40, 0x3f,
    0xf8, 0x42, 0x1, 0x84, 0x2, 0x10, 0xf, 0xfe,
    0x2a, 0xf3, 0x80, 0x7e, 0x40, 0x8, 0x44, 0x15,
    0x40, 0x84, 0x0, 0xfa, 0x0, 0x24, 0x0, 0x20,
    0x5, 0x6c, 0x1, 0x86, 0xcc, 0x2, 0xe0, 0x5,
    0x80, 0x69, 0xec, 0xac, 0xe4, 0x0, 0x95, 0x0,
    0xb, 0x0, 0x18, 0x4d, 0x4c, 0x3, 0x1d, 0x0,
    0x67, 0xb2, 0x0, 0xfe, 0x6c, 0x0, 0xf2, 0x6d,
    0x29, 0x0, 0x4, 0xdf, 0x64, 0x3, 0x0,

    /* U+0036 "6" */
    0x0, 0xfc, 0xff, 0xf9, 0x0, 0x3f, 0xf8, 0x3,
    0x0, 0x13, 0x20, 0x7, 0xff, 0x2, 0xc0, 0x22,
    0x90, 0xf, 0xfe, 0x2, 0x28, 0x5, 0xc0, 0x1f,
    0xfc, 0x19, 0x0, 0x9c, 0xc0, 0x3f, 0xf8, 0xe,
    0x40, 0x3, 0x80, 0xf, 0xfe, 0x1, 0x40, 0x5,
    0xc0, 0x1f, 0xfc, 0x19, 0x0, 0xa4, 0x80, 0x3f,
    0xf8, 0x8, 0x80, 0xb, 0x3b, 0xfd, 0x8e, 0x20,
    0x1f, 0x48, 0x6, 0x51, 0x0, 0x1c, 0x72, 0x80,
    0x73, 0x90, 0x7, 0xfd, 0x4e, 0x1, 0xc, 0x0,
    0x71, 0xaa, 0x8, 0x6, 0x83, 0x0, 0x30, 0x6,
    0x5e, 0xca, 0xbe, 0x80, 0xd, 0xc0, 0x9, 0x0,
    0x96, 0x84, 0x3, 0x3c, 0x80, 0x44, 0x64, 0x20,
    0x15, 0x80, 0x7c, 0xc4, 0x1, 0x23, 0x80, 0x46,
    0x20, 0x1f, 0x90, 0x2, 0xe3, 0x0, 0x9c, 0x3,
    0xf8, 0x40, 0x23, 0x0, 0xcc, 0x1, 0xfc, 0x20,
    0x11, 0x90, 0x4, 0x44, 0x0, 0xfc, 0xe0, 0x17,
    0xa0, 0x6, 0x90, 0xf, 0x9c, 0x40, 0x27, 0x6,
    0x0, 0x92, 0x84, 0x3, 0x44, 0x0, 0x25, 0x10,
    0x82, 0x0, 0x97, 0xb2, 0xaf, 0xdc, 0x2, 0x1b,
    0x0, 0xf, 0x88, 0x6, 0x35, 0x40, 0xc, 0x3a,
    0x20, 0x11, 0x7a, 0x0, 0x7f, 0x27, 0x98, 0x7,
    0xd, 0xe3, 0x18, 0x4, 0x4d, 0x76, 0x10, 0x8,

    /* U+0037 "7" */
    0xf, 0xff, 0xfe, 0x23, 0x0, 0x7f, 0xf5, 0xcc,
    0x8, 0xbf, 0xe1, 0x0, 0xc8, 0x1b, 0xbf, 0xf2,
    0x80, 0x4c, 0x20, 0x1f, 0xf1, 0x20, 0x5, 0x60,
    0x1f, 0xfc, 0x8, 0x0, 0x94, 0x80, 0x3f, 0xe1,
    0x50, 0xa, 0x40, 0x3f, 0xf8, 0x12, 0x1, 0x19,
    0x80, 0x3f, 0xe1, 0x70, 0xa, 0x40, 0x3f, 0xf8,
    0xc, 0x1, 0x12, 0x80, 0x7f, 0xf0, 0x24, 0x2,
    0xb0, 0xf, 0xfe, 0x3, 0x8, 0x0, 0x58, 0x3,
    0xff, 0x81, 0x60, 0x13, 0x0, 0x7f, 0xf0, 0x14,
    0x80, 0x29, 0x0, 0xff, 0xe0, 0x48, 0x4, 0xc2,
    0x1, 0xff, 0x19, 0x80, 0x2b, 0x0, 0xff, 0xe0,
    0x40, 0x4, 0x84, 0x1, 0xff, 0x12, 0x0, 0x5e,
    0x1, 0xff, 0xc0, 0x80, 0x8, 0xd0, 0x3, 0xfe,
    0x15, 0x0, 0xa4, 0x3, 0xff, 0x81, 0x20, 0x10,
    0xa8, 0x7, 0xfc, 0x2e, 0x1, 0x48, 0x7, 0xff,
    0x1, 0x80, 0x33, 0x80, 0x7f, 0xf0, 0x24, 0x2,
    0x70, 0xf, 0xf0,

    /* U+0038 "8" */
    0x0, 0xe1, 0x7b, 0xdf, 0xf7, 0x5b, 0x90, 0x7,
    0xf4, 0x74, 0x21, 0x0, 0x5, 0x23, 0x64, 0x3,
    0xeb, 0x70, 0xf, 0xf3, 0x60, 0x80, 0x68, 0x40,
    0xc, 0x48, 0x82, 0x0, 0xc7, 0x60, 0x19, 0x80,
    0x22, 0xcd, 0xbb, 0x6e, 0x8c, 0x2, 0x51, 0x0,
    0x8, 0x80, 0x2f, 0x30, 0xc, 0x5a, 0x1, 0x94,
    0x3, 0xe2, 0x0, 0xf0, 0x88, 0x2, 0x70, 0x0,
    0x98, 0x4, 0xa0, 0x1e, 0x31, 0x0, 0x9, 0x80,
    0x5e, 0x1, 0x54, 0x98, 0x0, 0xa3, 0x0, 0x28,
    0x0, 0xc7, 0x60, 0x13, 0x67, 0xfb, 0x5c, 0x2,
    0x96, 0x0, 0xe4, 0xe4, 0x0, 0xfc, 0x7a, 0xc0,
    0x1f, 0x42, 0x0, 0x7e, 0x38, 0x10, 0xe, 0x1c,
    0x60, 0x8, 0xd5, 0x46, 0x1, 0x2e, 0x8, 0x6,
    0xa3, 0x0, 0x1e, 0xe5, 0x53, 0x35, 0x0, 0x5,
    0x80, 0x12, 0xa0, 0x0, 0xb0, 0x80, 0x31, 0x59,
    0x80, 0x9, 0xc0, 0x12, 0x1, 0x40, 0x7, 0xef,
    0x0, 0xa4, 0x0, 0x60, 0x12, 0x0, 0x7e, 0x30,
    0x8, 0x48, 0x40, 0x3f, 0xf8, 0xc2, 0x20, 0xc,
    0x80, 0x1f, 0x8c, 0x3, 0x8, 0x18, 0x5, 0x0,
    0x1f, 0xa0, 0x2, 0x12, 0xa, 0x0, 0x8b, 0x8,
    0x3, 0x15, 0xa0, 0x4, 0xc0, 0x6, 0x30, 0x8,
    0xf7, 0x55, 0x4c, 0xd4, 0x0, 0x8a, 0x40, 0x2d,
    0x20, 0xc, 0x4a, 0xa3, 0x0, 0xc3, 0xe2, 0x1,
    0xe, 0xb8, 0x7, 0xf9, 0xbc, 0x80, 0x3d, 0x1d,
    0x28, 0x40, 0x2, 0x48, 0xd9, 0x10, 0x8,

    /* U+0039 "9" */
    0x0, 0xe3, 0x9c, 0xff, 0xb6, 0x4c, 0x3, 0xf0,
    0xde, 0x31, 0x80, 0x44, 0xd9, 0x62, 0x1, 0xc7,
    0xc8, 0x1, 0xfc, 0x9c, 0x60, 0x10, 0xe8, 0x7,
    0x1a, 0x18, 0x7, 0x68, 0x80, 0x2c, 0x40, 0x27,
    0xfc, 0xbc, 0xe7, 0x0, 0x86, 0xc0, 0x54, 0x2,
    0x88, 0x0, 0x61, 0x88, 0x0, 0x4a, 0x28, 0x1,
    0xb, 0x80, 0x7c, 0xe2, 0x1, 0x21, 0x0, 0x48,
    0x1, 0xfc, 0x80, 0x16, 0xf8, 0x7, 0xff, 0x1b,
    0x80, 0x27, 0x0, 0xfe, 0x70, 0xb, 0xd4, 0x2,
    0x25, 0x0, 0xf9, 0x88, 0x2, 0x33, 0x10, 0x5,
    0x4c, 0x1, 0xcf, 0x20, 0x19, 0x2, 0x40, 0x34,
    0xf5, 0xd5, 0xfc, 0x0, 0x65, 0x0, 0x23, 0x80,
    0x61, 0x45, 0x40, 0xf, 0x40, 0x5, 0x12, 0x1,
    0xff, 0xc0, 0x62, 0x0, 0xcd, 0xd0, 0x62, 0x2,
    0x82, 0x1, 0xa0, 0x3, 0xc2, 0xf9, 0xdf, 0xd0,
    0x20, 0x14, 0x88, 0x7, 0xff, 0x3, 0x80, 0x23,
    0x60, 0xf, 0xfe, 0x3, 0x90, 0x5, 0xe0, 0x1f,
    0xfc, 0x2, 0x80, 0x9, 0x8c, 0x3, 0xff, 0x81,
    0x20, 0x10, 0xc0, 0x7, 0xff, 0x1, 0x50, 0x2,
    0xb1, 0x0, 0xff, 0xe0, 0x58, 0x4, 0x8a, 0x1,
    0xff, 0xc0, 0x91, 0x0, 0xa4, 0x3, 0xff, 0x80,
    0x6c, 0x1, 0x39, 0x0, 0x7c,

    /* U+003A ":" */
    0xcf, 0xfb, 0x0, 0x3f, 0xf8, 0x76, 0xcd, 0x5b,
    0xcc, 0xce, 0x1, 0xff, 0xdc, 0x79, 0x99, 0xed,
    0x9a, 0xb0, 0xf, 0xfe, 0x18,

    /* U+003B ";" */
    0x6f, 0xfc, 0x40, 0x1f, 0xfc, 0x65, 0x66, 0xc6,
    0x69, 0x9c, 0x20, 0x1f, 0xfe, 0x43, 0x99, 0xc2,
    0xac, 0xd8, 0xc0, 0x3f, 0xf8, 0xcd, 0xfe, 0x10,
    0x30, 0x0, 0x88, 0x4, 0x1, 0x20, 0x80, 0x7,
    0x70, 0x78, 0x5c, 0x3, 0xa0, 0x70, 0x4c, 0x0,
    0x17, 0x98, 0x2,

    /* U+003C "<" */
    0x0, 0xff, 0xe1, 0x93, 0x80, 0x7f, 0xf0, 0x46,
    0x76, 0xc0, 0x3f, 0xf8, 0x11, 0xcc, 0x1, 0xff,
    0xc0, 0x7e, 0x70, 0xf, 0xfe, 0x3, 0x74, 0x8,
    0x6, 0xa0, 0xf, 0x2e, 0xc8, 0x80, 0x67, 0xe6,
    0x0, 0xc9, 0x94, 0x40, 0x19, 0xfa, 0x4, 0x2,
    0x3b, 0xb1, 0x80, 0x66, 0xe8, 0x10, 0x8, 0xab,
    0x10, 0x3, 0x37, 0x48, 0x80, 0x72, 0xa8, 0x3,
    0x37, 0x48, 0x80, 0x7f, 0xf0, 0x26, 0x42, 0x1,
    0xff, 0xc2, 0x9c, 0x40, 0xf, 0xe7, 0x70, 0x6,
    0x3b, 0xb1, 0x80, 0x7e, 0x8e, 0x60, 0xc, 0x99,
    0x66, 0x1, 0xf0, 0xce, 0xa8, 0x6, 0x4c, 0xb3,
    0x0, 0xf8, 0xab, 0x10, 0x3, 0x26, 0x51, 0x0,
    0x7c, 0x77, 0x86, 0x1, 0x97, 0x60, 0x3, 0xf1,
    0xe5, 0x90, 0x6, 0x40, 0xf, 0xf2, 0x6c, 0x88,
    0x7, 0xff, 0xd, 0xba, 0x4, 0x3, 0xff, 0x86,
    0xfd, 0x20,

    /* U+003D "=" */
    0x7f, 0xff, 0xfe, 0x1e, 0x0, 0x7f, 0xf5, 0x8d,
    0x9b, 0xff, 0x87, 0x69, 0x33, 0xff, 0xc3, 0x70,
    0xf, 0xff, 0x3b, 0xff, 0xff, 0xf0, 0xf0, 0x3,
    0xff, 0xac, 0x6c, 0xdf, 0xfc, 0x3b,

    /* U+003E ">" */
    0x44, 0x0, 0x7f, 0xf0, 0xce, 0xec, 0x60, 0x1f,
    0xfc, 0x34, 0xca, 0x20, 0xf, 0xfe, 0x1a, 0xec,
    0x88, 0x7, 0xf2, 0x10, 0x6, 0x6e, 0x81, 0x0,
    0xf8, 0xf6, 0x88, 0x3, 0x3f, 0x38, 0x7, 0xe5,
    0xd9, 0x20, 0xd, 0x1c, 0xc0, 0x1f, 0x9b, 0x64,
    0x40, 0x21, 0x9e, 0x50, 0xf, 0xcd, 0xd2, 0x20,
    0x10, 0xd6, 0xa0, 0x7, 0xe6, 0xe9, 0x10, 0x8,
    0xa0, 0x3, 0xfc, 0xd8, 0x20, 0x1f, 0xfc, 0x11,
    0x9d, 0x10, 0xf, 0xf8, 0x67, 0x98, 0x3, 0x27,
    0x0, 0x70, 0xc7, 0x30, 0x6, 0x3c, 0xb2, 0x0,
    0x86, 0x39, 0xc0, 0x31, 0xde, 0x18, 0x4, 0x31,
    0xce, 0x1, 0x8a, 0xb1, 0x0, 0x32, 0x73, 0x80,
    0x61, 0x9d, 0x50, 0xf, 0x18, 0x6, 0x18, 0xe6,
    0x0, 0xff, 0xe0, 0x3f, 0xb8, 0x7, 0xff, 0x1,
    0xba, 0x4, 0x3, 0xfe, 0x4d, 0x91, 0x0, 0xff,
    0xe0, 0x80,

    /* U+003F "?" */
    0x0, 0xc2, 0xd7, 0xdf, 0xed, 0x94, 0x0, 0xf9,
    0xbe, 0x50, 0x40, 0x4, 0xd7, 0x61, 0x0, 0xd1,
    0x22, 0x1, 0xf9, 0x30, 0x40, 0xa, 0xe0, 0x18,
    0x90, 0xc0, 0x31, 0x40, 0x2, 0xc0, 0x23, 0xcd,
    0xbc, 0xe3, 0x0, 0x98, 0x0, 0xe0, 0x4, 0xc3,
    0x0, 0x87, 0x40, 0x31, 0x4, 0xd9, 0xd0, 0x7,
    0x84, 0x40, 0x1e, 0x4c, 0x10, 0xf, 0x8, 0x80,
    0x22, 0x0, 0xff, 0xa8, 0x2, 0x50, 0xf, 0xfa,
    0xd0, 0x2, 0x80, 0xf, 0xe1, 0xd4, 0x0, 0xe,
    0x10, 0x7, 0xe1, 0xc2, 0x0, 0x17, 0x98, 0x7,
    0xf4, 0x10, 0x0, 0xf4, 0x40, 0x3f, 0xcc, 0x0,
    0x1c, 0x0, 0xff, 0x88, 0x2, 0x70, 0xf, 0xfe,
    0x27, 0x0, 0x7f, 0xf0, 0xc, 0x2, 0x10, 0xf,
    0xfe, 0x0, 0xe6, 0x4e, 0x1, 0xff, 0xc1, 0x33,
    0x84, 0x3, 0xff, 0xa2, 0xb3, 0x34, 0x0, 0x7f,
    0xf0, 0x3d, 0x9a, 0x70, 0xf, 0xff, 0x68,

    /* U+0040 "@" */
    0x0, 0xfc, 0x2d, 0x5b, 0xdf, 0xee, 0xc9, 0x50,
    0xf, 0xfe, 0x11, 0xdf, 0x4a, 0x90, 0x80, 0x4,
    0xda, 0xbe, 0x44, 0x3, 0xfd, 0x38, 0x80, 0x18,
    0x48, 0x82, 0x1, 0x9b, 0x98, 0x3, 0xe1, 0xc6,
    0x0, 0x9b, 0x3f, 0xb7, 0x5d, 0xca, 0x50, 0xa,
    0x64, 0x1, 0xec, 0x30, 0x3, 0x7c, 0x98, 0x7,
    0xa, 0xd6, 0x18, 0x1, 0x9c, 0x3, 0x51, 0x0,
    0x2a, 0x40, 0x3f, 0xe3, 0xc5, 0x0, 0x41, 0x80,
    0x11, 0x40, 0x14, 0xa0, 0x1, 0x8d, 0xfe, 0xb4,
    0xa, 0xff, 0xd, 0x18, 0x3, 0xc0, 0x10, 0x0,
    0x65, 0x0, 0x2f, 0x39, 0x0, 0xa5, 0xb0, 0x7,
    0x70, 0x0, 0xc8, 0x86, 0x0, 0x80, 0x1, 0xd0,
    0x7, 0xd2, 0xe0, 0x18, 0x94, 0x0, 0xaa, 0x0,
    0x20, 0x80, 0x20, 0x2, 0x5c, 0xec, 0x50, 0x20,
    0xe, 0xc0, 0x6, 0xe8, 0x1, 0xa0, 0x1, 0x40,
    0x2, 0xd1, 0x89, 0xd2, 0x80, 0x78, 0x80, 0x2,
    0xc0, 0x2, 0x0, 0x10, 0x5, 0xc0, 0x1d, 0x20,
    0x1f, 0xe1, 0x0, 0x38, 0x1, 0xc0, 0x27, 0x0,
    0xe1, 0x0, 0xf0, 0x80, 0x4, 0x40, 0x1c, 0xa0,
    0x12, 0x0, 0x72, 0x80, 0x46, 0x0, 0xc0, 0x6,
    0xb8, 0x1, 0x80, 0x2, 0x60, 0x8, 0x50, 0x9,
    0x60, 0x2, 0x50, 0x26, 0x0, 0x29, 0x80, 0x30,
    0x2, 0xf0, 0xa, 0xbb, 0x7a, 0x82, 0x0, 0x11,
    0xba, 0x0, 0x29, 0x60, 0x1, 0xc0, 0x23, 0xa0,
    0x8, 0x48, 0x41, 0xdc, 0xc0, 0x2, 0x0, 0x1d,
    0x82, 0x8, 0xb, 0x0, 0x4b, 0xac, 0x40, 0x29,
    0x50, 0x13, 0x4, 0x4, 0xf8, 0x20, 0x9, 0x0,
    0x49, 0x0, 0x45, 0x3b, 0xfd, 0x6a, 0x1, 0x3e,
    0xfe, 0xc0, 0x6, 0x72, 0x0, 0x61, 0x0, 0x7f,
    0xf2, 0xbc, 0x40, 0x75, 0x80, 0x3f, 0xe2, 0x40,
    0xf, 0xc5, 0xa2, 0x0, 0x9d, 0x72, 0x0, 0xe1,
    0x5b, 0xd9, 0x0, 0xfe, 0x3f, 0x40, 0x1, 0x46,
    0xfe, 0xe6, 0xf7, 0x29, 0x0, 0x94, 0x3, 0xf8,
    0x6e, 0x8c, 0x3, 0x11, 0x90, 0x80, 0x43, 0xa,
    0x1, 0xff, 0x2e, 0x6c, 0x29, 0x0, 0x42, 0x8f,
    0x7c, 0xe0, 0x1e,

    /* U+0041 "A" */
    0x0, 0xfe, 0x4f, 0xfc, 0x80, 0x1f, 0xfc, 0x6f,
    0x0, 0xdc, 0x1, 0xff, 0xc5, 0x14, 0x0, 0xca,
    0x20, 0x1f, 0xfc, 0x46, 0x0, 0xf3, 0x80, 0x7f,
    0xf1, 0x28, 0x0, 0x20, 0x15, 0x0, 0x7f, 0xf0,
    0xcc, 0x80, 0xc, 0xc0, 0x1, 0x90, 0x7, 0xff,
    0xa, 0x80, 0x2a, 0xd0, 0xa, 0xc0, 0x3f, 0xf8,
    0x4c, 0x0, 0x32, 0x41, 0x0, 0x38, 0x7, 0xff,
    0x5, 0x40, 0x2b, 0x0, 0x30, 0x0, 0x54, 0x3,
    0xff, 0x81, 0x20, 0x13, 0x0, 0x28, 0x2, 0xe0,
    0xf, 0xf8, 0x8c, 0x0, 0x82, 0x0, 0x23, 0x0,
    0x20, 0x80, 0x7f, 0xa8, 0x2, 0xe0, 0xd, 0x40,
    0x13, 0x0, 0x7f, 0x98, 0x2, 0x50, 0xc, 0xe0,
    0x15, 0x0, 0x7f, 0x20, 0x80, 0x59, 0x9d, 0xa0,
    0x11, 0x20, 0x7, 0xee, 0x0, 0xc6, 0x7e, 0x0,
    0xdc, 0x1, 0xf0, 0xa8, 0x7, 0xff, 0x9, 0x40,
    0x3e, 0x70, 0xf, 0xfe, 0x23, 0x0, 0x7a, 0xc0,
    0x2c, 0xff, 0xfd, 0x80, 0x15, 0x0, 0x71, 0x90,
    0x0, 0x8c, 0x3, 0xf1, 0x88, 0x0, 0xc8, 0x3,
    0x50, 0x4, 0xa0, 0x1f, 0xe6, 0x0, 0xa8, 0x3,
    0x38, 0x5, 0x40, 0x1f, 0xeb, 0x0, 0x98, 0x2,
    0x51, 0x0, 0x19, 0x0, 0x7f, 0x8c, 0x80, 0x2,
    0xa0, 0xe, 0x0, 0xac, 0x3, 0xff, 0x81, 0x40,
    0x17, 0x0, 0xa0, 0x4, 0xc0, 0x1f, 0xfc, 0x5,
    0x0, 0x90, 0x58, 0x2, 0x31, 0x0, 0xff, 0xe0,
    0x11, 0x80, 0x4c,

    /* U+0042 "B" */
    0x7f, 0xff, 0xfb, 0x69, 0x80, 0x3f, 0xf8, 0xa4,
    0xb3, 0xc8, 0x1, 0xff, 0xc6, 0x1b, 0x40, 0xf,
    0xa, 0x27, 0x19, 0x0, 0x75, 0x0, 0x79, 0xee,
    0xfb, 0x37, 0x48, 0x1, 0xa, 0x0, 0x7f, 0xf0,
    0x4a, 0xc4, 0x2, 0x30, 0xf, 0xfe, 0x1a, 0x0,
    0x5e, 0x1, 0xff, 0xc3, 0x60, 0xb, 0x80, 0x3f,
    0xf8, 0x46, 0x60, 0x9, 0x0, 0x3f, 0xf8, 0x4,
    0xf8, 0x1, 0x39, 0x0, 0x73, 0x7f, 0xfb, 0x60,
    0x2, 0x78, 0x0, 0xff, 0xe2, 0xd4, 0x0, 0x7f,
    0xf1, 0xab, 0x4c, 0x3, 0xc2, 0x89, 0xe2, 0x0,
    0xc5, 0x8a, 0x1, 0xcf, 0x77, 0xed, 0xfa, 0x20,
    0xa, 0x84, 0x3, 0xff, 0x82, 0xba, 0x40, 0x13,
    0x0, 0x7f, 0xf0, 0xe8, 0x2, 0xc0, 0xf, 0xfe,
    0x19, 0x0, 0x4e, 0x1, 0xff, 0xc3, 0x20, 0xf,
    0xfe, 0x30, 0xc8, 0x4, 0xc0, 0x1f, 0xfc, 0x15,
    0xc1, 0x0, 0xbc, 0x3, 0x25, 0xdf, 0xb3, 0xa8,
    0x80, 0x22, 0x50, 0xc, 0x48, 0x9e, 0x31, 0x0,
    0xc3, 0xe0, 0x1f, 0xfc, 0x54, 0xc2, 0x0, 0xff,
    0xe0, 0x89, 0xbe, 0x59, 0x0, 0x0,

    /* U+0043 "C" */
    0x0, 0xf8, 0x5a, 0xb7, 0xbf, 0xdb, 0x4c, 0x1,
    0xff, 0x47, 0x4a, 0x90, 0x80, 0x9, 0x67, 0x9c,
    0x3, 0xe3, 0xe7, 0x0, 0xff, 0xc, 0x60, 0x80,
    0x63, 0xc1, 0x0, 0xe2, 0x31, 0x0, 0xe3, 0xc1,
    0x0, 0xe, 0x80, 0x62, 0xaf, 0xdc, 0xef, 0x92,
    0x0, 0x8a, 0xc0, 0x14, 0x20, 0x13, 0x6a, 0x80,
    0x73, 0x6b, 0x0, 0xa, 0x40, 0xd0, 0x2, 0x59,
    0x0, 0xfe, 0x96, 0x8d, 0x30, 0xa0, 0x8, 0x6c,
    0x3, 0xfe, 0x97, 0x0, 0x9c, 0x2, 0x61, 0x0,
    0xff, 0xe1, 0x90, 0x80, 0x54, 0x1, 0xff, 0xc4,
    0x60, 0xc, 0x40, 0x1f, 0xfc, 0x41, 0x0, 0x88,
    0x3, 0xff, 0x8a, 0x60, 0x10, 0x80, 0x7f, 0xf1,
    0x4c, 0x2, 0x20, 0xf, 0xfe, 0x28, 0x80, 0x42,
    0x1, 0xff, 0xc5, 0x50, 0xc, 0x60, 0x1f, 0xfc,
    0x41, 0x20, 0xa, 0xc0, 0x3f, 0xf8, 0xaa, 0x1,
    0x30, 0x80, 0x7f, 0xf1, 0x28, 0x2, 0x1a, 0x0,
    0xff, 0xa5, 0xc0, 0x22, 0x60, 0x9, 0x28, 0x3,
    0xfa, 0x5a, 0x30, 0x80, 0x10, 0x20, 0x12, 0xea,
    0x80, 0x73, 0x6b, 0x0, 0xe, 0x40, 0x3, 0x82,
    0x1, 0x15, 0x7e, 0xe6, 0xfc, 0x90, 0x4, 0x34,
    0x1, 0x16, 0x10, 0x7, 0x11, 0x90, 0x7, 0x16,
    0x8, 0x6, 0x2d, 0x70, 0xf, 0xf9, 0xf4, 0x80,
    0x3e, 0x8f, 0xa5, 0x20, 0x8, 0x92, 0x7a, 0x0,
    0x20,

    /* U+0044 "D" */
    0x7f, 0xff, 0xf7, 0x6d, 0x30, 0x80, 0x7f, 0xf1,
    0x84, 0x96, 0x7a, 0x40, 0x3f, 0xf9, 0x4d, 0xc6,
    0x1, 0xf8, 0x4c, 0xf8, 0x84, 0x3, 0x87, 0xc,
    0x3, 0xe7, 0xcc, 0xed, 0xed, 0x91, 0x0, 0xda,
    0x20, 0x1f, 0xfc, 0x22, 0x6e, 0x50, 0x8, 0x6c,
    0x3, 0xff, 0x8b, 0x4a, 0x1, 0x29, 0x0, 0x7f,
    0xf1, 0x6c, 0x3, 0x50, 0x7, 0xff, 0x14, 0x5c,
    0x2, 0x40, 0xf, 0xfe, 0x35, 0x80, 0x46, 0x1,
    0xff, 0xc6, 0x30, 0xc, 0x40, 0x1f, 0xfc, 0xa1,
    0x0, 0xff, 0xe3, 0x8, 0x4, 0xe0, 0x1f, 0xfc,
    0x61, 0x0, 0x9c, 0x3, 0xff, 0x94, 0x20, 0x1f,
    0xfc, 0x54, 0x0, 0xc4, 0x1, 0xff, 0xc5, 0xd0,
    0x8, 0xc0, 0x3f, 0xf8, 0xa2, 0xc0, 0x15, 0x80,
    0x7f, 0xf1, 0x68, 0x3, 0x30, 0x7, 0xff, 0x12,
    0xd0, 0x2, 0x71, 0x0, 0xff, 0xe0, 0x93, 0xf2,
    0x0, 0x45, 0x0, 0x1e, 0x7c, 0xce, 0xde, 0xd8,
    0x10, 0x8, 0x7c, 0x3, 0xe1, 0x33, 0xe2, 0x10,
    0xe, 0x3f, 0x20, 0xf, 0xfe, 0x30, 0xce, 0x8,
    0x7, 0xff, 0xc, 0x51, 0xef, 0x98, 0x3, 0xc0,

    /* U+0045 "E" */
    0x7f, 0xff, 0xfe, 0x20, 0x7, 0xff, 0x74, 0x51,
    0x3f, 0xf8, 0x0, 0x1c, 0xf7, 0x7f, 0xfc, 0x0,
    0xf, 0xff, 0xf8, 0x7, 0xff, 0x21, 0xbf, 0xff,
    0xe4, 0x0, 0xff, 0xee, 0x92, 0x27, 0xfc, 0xe0,
    0x1c, 0x97, 0x7f, 0xf1, 0x80, 0x7f, 0xff, 0xc0,
    0x3f, 0xfb, 0x49, 0x77, 0xff, 0xc0, 0x40, 0xc,
    0x48, 0x9f, 0xfc, 0x2, 0x0, 0xff, 0xec, 0x0,

    /* U+0046 "F" */
    0x7f, 0xff, 0xfe, 0x1d, 0x80, 0x7f, 0xf6, 0x84,
    0xcf, 0xff, 0x80, 0x1, 0x9f, 0x33, 0xfe, 0x80,
    0xf, 0xff, 0xf8, 0x7, 0xff, 0x9, 0xf3, 0x3f,
    0xd4, 0x1, 0xc2, 0x67, 0xfe, 0x70, 0xf, 0xfe,
    0xdb, 0x7f, 0xff, 0xb4, 0x3, 0xff, 0xfe, 0x1,
    0xff, 0xff, 0x0, 0xff, 0xe4, 0x80,

    /* U+0047 "G" */
    0x0, 0xf8, 0x5a, 0xb7, 0xbf, 0xdd, 0x6e, 0x20,
    0x1f, 0xe1, 0x9e, 0x95, 0x21, 0x0, 0xa, 0x47,
    0x40, 0x7, 0xe3, 0xf6, 0x0, 0xff, 0x9f, 0x48,
    0x3, 0x93, 0x4, 0x3, 0x84, 0xc8, 0x3, 0x8b,
    0xc4, 0x2, 0x2a, 0x0, 0xc5, 0x5d, 0xcc, 0xdf,
    0xa3, 0x0, 0x8a, 0xc0, 0x29, 0x10, 0x9, 0xb5,
    0x44, 0x3, 0x2e, 0x48, 0xc, 0x50, 0x0, 0xd0,
    0x2, 0x69, 0x0, 0xfe, 0x6c, 0xf7, 0x0, 0xa8,
    0x2, 0x19, 0x0, 0xff, 0x8c, 0x40, 0x33, 0x80,
    0x52, 0x1, 0xff, 0xc5, 0x21, 0x0, 0x94, 0x3,
    0xff, 0x8a, 0xc0, 0x10, 0x90, 0x7, 0x8e, 0xef,
    0xf8, 0xc4, 0x2, 0x30, 0xf, 0x9d, 0x13, 0xf9,
    0x8c, 0x2, 0x10, 0xf, 0xfe, 0x31, 0x80, 0x42,
    0x1, 0xff, 0xc6, 0x10, 0x8, 0xc0, 0x3e, 0x4f,
    0xfe, 0x60, 0xc, 0xc0, 0x10, 0x88, 0x3, 0xff,
    0x8a, 0x42, 0x1, 0x38, 0x7, 0xff, 0x19, 0x0,
    0x2b, 0x0, 0xff, 0xe3, 0x70, 0x4, 0x4e, 0x1,
    0xff, 0xc5, 0x43, 0x0, 0xa1, 0xc0, 0x3f, 0x99,
    0x80, 0x1e, 0xe0, 0xd, 0x16, 0x80, 0x1c, 0x77,
    0x20, 0x19, 0x80, 0x5, 0x40, 0x19, 0x2f, 0xf7,
    0x37, 0xf1, 0x0, 0x35, 0x18, 0x4, 0xb6, 0x1,
    0xe2, 0x32, 0x0, 0xe1, 0xb5, 0x0, 0xe4, 0xe5,
    0x0, 0xff, 0x9b, 0xd0, 0x3, 0xe1, 0xae, 0x95,
    0x20, 0x8, 0x92, 0x7a, 0x44, 0x2,

    /* U+0048 "H" */
    0x7f, 0xfa, 0x40, 0x3f, 0xf8, 0x1f, 0xf8, 0x3,
    0xff, 0xfe, 0x1, 0xff, 0xff, 0x0, 0xff, 0xf4,
    0xb7, 0xff, 0xff, 0x0, 0x3, 0xff, 0xd2, 0x26,
    0x7f, 0xfc, 0x0, 0xf, 0xe7, 0xcc, 0xff, 0xe0,
    0x0, 0x7f, 0xff, 0xc0, 0x3f, 0xff, 0xe0, 0x1f,
    0xff, 0xf0,

    /* U+0049 "I" */
    0x7f, 0xfa, 0x40, 0x3f, 0xff, 0xe0, 0x1f, 0xfe,
    0x10,

    /* U+004A "J" */
    0x0, 0xff, 0x27, 0xfd, 0x80, 0x1f, 0xff, 0xf0,
    0xf, 0xff, 0xf8, 0x7, 0xff, 0xfc, 0x3, 0xff,
    0xa8, 0x2e, 0x1, 0xe2, 0x0, 0x9c, 0x17, 0xe1,
    0x40, 0x3b, 0x0, 0x21, 0x7a, 0x10, 0xa5, 0x0,
    0x99, 0x40, 0x2c, 0x50, 0xd, 0x5d, 0x9d, 0x20,
    0x19, 0xca, 0x0, 0x30, 0x98, 0x80, 0x68, 0x10,
    0x79, 0x0, 0xfe, 0x87, 0x0, 0x9b, 0x9c, 0xc0,
    0x2, 0x6f, 0xae, 0x0,

    /* U+004B "K" */
    0x7f, 0xfa, 0x40, 0x3f, 0x87, 0xbf, 0xee, 0x20,
    0xf, 0xfe, 0x10, 0xe0, 0x80, 0x7, 0x8, 0x3,
    0xff, 0x82, 0x38, 0x40, 0x1, 0xc2, 0x0, 0xff,
    0xe1, 0x69, 0x0, 0x7, 0x48, 0x3, 0xff, 0x85,
    0x86, 0x1, 0x69, 0x80, 0x7f, 0xf0, 0xac, 0xc0,
    0x2c, 0x30, 0xf, 0xfe, 0x15, 0x20, 0x5, 0x86,
    0x1, 0xff, 0xc2, 0xa5, 0x0, 0xac, 0xc0, 0x3f,
    0xf8, 0x52, 0xa0, 0x15, 0xa0, 0x7, 0xff, 0xa,
    0x18, 0x2, 0xb4, 0x0, 0xff, 0xe1, 0x3b, 0x80,
    0x33, 0x0, 0x7f, 0xf0, 0x9e, 0x0, 0x3b, 0x80,
    0x3f, 0xf8, 0x42, 0x1, 0xe3, 0x70, 0xf, 0xfe,
    0x24, 0x98, 0x5, 0x6, 0x1, 0xff, 0xc2, 0x96,
    0xe0, 0xd, 0xc0, 0x1f, 0xfc, 0x18, 0x60, 0x29,
    0x0, 0x8a, 0x40, 0x3f, 0xe5, 0x70, 0x9, 0x90,
    0x2, 0x65, 0x0, 0xff, 0x18, 0x7, 0x50, 0x80,
    0x56, 0x20, 0x1f, 0xfc, 0x31, 0xb0, 0x8, 0x68,
    0x3, 0xff, 0x88, 0xaa, 0x0, 0x91, 0x80, 0x3f,
    0xf8, 0x94, 0x20, 0x14, 0x90, 0x7, 0xff, 0x12,
    0x80, 0x37, 0x80, 0x7f, 0xf1, 0x11, 0x80, 0x22,
    0x80, 0xf, 0xfe, 0x24, 0x90, 0x4, 0xe8, 0x1,
    0xff, 0xc4, 0xe0, 0xd, 0x42,

    /* U+004C "L" */
    0x7f, 0xfa, 0x40, 0x3f, 0xff, 0xe0, 0x1f, 0xff,
    0xf0, 0xf, 0xff, 0xf8, 0x7, 0xff, 0xfc, 0x3,
    0xff, 0xfe, 0x0, 0x4b, 0xbf, 0xfe, 0x1, 0x0,
    0x62, 0x44, 0xff, 0xe0, 0x30, 0x7, 0xff, 0x60,

    /* U+004D "M" */
    0x7f, 0xfa, 0xc0, 0x3f, 0xf8, 0xb9, 0xff, 0x30,
    0x6, 0x45, 0x0, 0xff, 0xe1, 0xb1, 0x80, 0x7f,
    0x58, 0x80, 0x7f, 0xf0, 0x46, 0x40, 0x3f, 0xc3,
    0x60, 0x1f, 0xfc, 0x1b, 0x0, 0xff, 0xe0, 0x2a,
    0x0, 0x7f, 0xca, 0xa0, 0xf, 0xfe, 0xc, 0x80,
    0x7f, 0xd6, 0x1, 0xff, 0xc2, 0x28, 0x0, 0xfe,
    0x91, 0x0, 0xff, 0x8c, 0x2, 0x73, 0x0, 0xf8,
    0xd8, 0x2, 0x40, 0xf, 0xc8, 0xc0, 0x17, 0x80,
    0x7d, 0xc0, 0x14, 0x18, 0x7, 0xf4, 0x88, 0x0,
    0xdc, 0x3, 0xa0, 0x80, 0x4, 0xe0, 0x1f, 0xf5,
    0x0, 0x50, 0x40, 0x11, 0x38, 0x5, 0xc0, 0x1f,
    0xfc, 0x4, 0x50, 0xa, 0x40, 0x2e, 0x0, 0x98,
    0xc0, 0x3f, 0xf8, 0x36, 0x20, 0x4, 0x60, 0x63,
    0x0, 0xc, 0x80, 0x7f, 0xf0, 0x86, 0xc0, 0x28,
    0x39, 0x0, 0xa8, 0x3, 0xff, 0x88, 0xa8, 0x0,
    0x1c, 0x0, 0x95, 0x0, 0x3f, 0xf8, 0xb2, 0x1,
    0xe1, 0xb0, 0xf, 0xfe, 0x31, 0x40, 0x7, 0x40,
    0x80, 0x7f, 0xf1, 0xdc, 0xc0, 0x24, 0x60, 0xf,
    0xfe, 0x4f, 0x8, 0xd2, 0x1, 0xff, 0xca, 0x2e,
    0xe8, 0x80, 0x3f, 0xff, 0xe0, 0x1f, 0xff, 0xb0,

    /* U+004E "N" */
    0x7f, 0xfa, 0x80, 0x3f, 0xf8, 0x1b, 0xff, 0x10,
    0x6, 0x56, 0x0, 0xff, 0xe4, 0xc9, 0x0, 0x7f,
    0xf2, 0x78, 0x3, 0xff, 0x92, 0x70, 0x1, 0xff,
    0xc9, 0x73, 0x0, 0xff, 0xe4, 0xf0, 0x7, 0xff,
    0x15, 0xc4, 0x0, 0x54, 0x1, 0xff, 0xc4, 0xfa,
    0x0, 0x95, 0x40, 0x1f, 0xfc, 0x44, 0x60, 0xa,
    0xc4, 0x3, 0xff, 0x89, 0x24, 0x0, 0x1a, 0x0,
    0xff, 0xe2, 0xf0, 0x4, 0x8e, 0x1, 0xff, 0xc4,
    0x38, 0x0, 0xa0, 0xc0, 0x3f, 0xf8, 0x8e, 0x80,
    0x17, 0x0, 0x7f, 0xf1, 0x68, 0x40, 0x5, 0x20,
    0x1f, 0xfc, 0x41, 0xb0, 0x9, 0x90, 0x3, 0xff,
    0x88, 0xac, 0x1, 0x50, 0x80, 0x7f, 0xf1, 0x24,
    0x80, 0x3, 0x40, 0x1f, 0xfc, 0x5e, 0x0, 0x90,
    0x80, 0x3f, 0xf8, 0x87, 0x0, 0x1f, 0xfc, 0x97,
    0x30, 0xf, 0xfe, 0x4f, 0x0, 0x7f, 0xf2, 0x4a,
    0x80, 0x3f, 0xf9, 0x2a, 0xa0, 0xf, 0xfe, 0x4d,
    0x88, 0x6,

    /* U+004F "O" */
    0x0, 0xf8, 0x9e, 0xf7, 0xfe, 0xda, 0x61, 0x0,
    0xff, 0xe0, 0xd, 0x6c, 0x21, 0x0, 0x44, 0xb3,
    0xd2, 0x20, 0x1f, 0xcb, 0xca, 0x1, 0xff, 0x37,
    0x98, 0x7, 0xcb, 0x40, 0x1e, 0x23, 0x10, 0xe,
    0x1c, 0x30, 0xe, 0x2a, 0x0, 0xc7, 0x7f, 0xb9,
    0xdf, 0x44, 0x1, 0xb4, 0x40, 0x37, 0x0, 0x68,
    0xc4, 0x0, 0xe5, 0xd6, 0x0, 0x86, 0x0, 0x24,
    0x30, 0x9, 0xdc, 0x1, 0xfd, 0x2a, 0x1, 0x30,
    0x80, 0x38, 0x2, 0x28, 0x0, 0xff, 0xa8, 0x40,
    0x29, 0x0, 0x20, 0x5, 0x60, 0x1f, 0xfc, 0x16,
    0x0, 0x90, 0x8, 0x40, 0x27, 0x0, 0xff, 0xe0,
    0xd8, 0x4, 0x60, 0xc0, 0x10, 0x88, 0x3, 0xff,
    0x82, 0x60, 0x18, 0x84, 0x2, 0x30, 0xf, 0xfe,
    0x18, 0x80, 0x42, 0x60, 0x10, 0x80, 0x7f, 0xf1,
    0xdc, 0xc0, 0x21, 0x0, 0xff, 0xe3, 0xb8, 0x80,
    0x46, 0x1, 0xff, 0xc3, 0x10, 0x8, 0x58, 0x2,
    0x11, 0x0, 0x7f, 0xf0, 0x4c, 0x3, 0x11, 0x4,
    0x2, 0x70, 0xf, 0xfe, 0xd, 0x80, 0x46, 0x0,
    0x40, 0xa, 0xc0, 0x3f, 0xf8, 0x2c, 0x1, 0x20,
    0x3, 0x80, 0x22, 0x70, 0xf, 0xfa, 0x84, 0x2,
    0xa0, 0x2, 0x18, 0x5, 0xc, 0x1, 0xfd, 0xa,
    0x1, 0x29, 0x0, 0x5e, 0x1, 0xa6, 0xd0, 0x3,
    0x93, 0x1c, 0x2, 0x1b, 0x0, 0xc7, 0x40, 0x19,
    0x2f, 0xf7, 0x37, 0xec, 0xc0, 0x36, 0x88, 0x7,
    0x2d, 0x0, 0x78, 0x8c, 0x80, 0x38, 0x70, 0xc0,
    0x3e, 0x5d, 0x50, 0xf, 0xf9, 0xbc, 0xc0, 0x3f,
    0x8a, 0xb6, 0x10, 0x80, 0x22, 0x59, 0xe9, 0x10,
    0xe,

    /* U+0050 "P" */
    0x7f, 0xff, 0xf7, 0x64, 0x10, 0x7, 0xff, 0x10,
    0x4d, 0xf6, 0xc4, 0x3, 0xff, 0x8c, 0x9e, 0x40,
    0x1e, 0x14, 0x4e, 0x30, 0xe, 0x1f, 0x0, 0xf3,
    0xdd, 0xf6, 0x7d, 0x90, 0x4, 0x4c, 0x1, 0xff,
    0xc1, 0x4d, 0x20, 0xb, 0x40, 0x3f, 0xf8, 0x72,
    0x1, 0x20, 0x7, 0xff, 0xd, 0x40, 0x30, 0x80,
    0x7f, 0xf5, 0x94, 0x3, 0x8, 0x7, 0xff, 0xa,
    0x0, 0x23, 0x0, 0xff, 0xe0, 0x9e, 0x18, 0x5,
    0x60, 0x1c, 0x97, 0x7e, 0xec, 0x30, 0x8, 0x5c,
    0x3, 0x89, 0x13, 0xc2, 0x1, 0xda, 0x1, 0xff,
    0xc5, 0x3d, 0x30, 0xf, 0xfe, 0x8, 0x93, 0x5e,
    0x10, 0x7, 0xcd, 0xff, 0xee, 0xd9, 0x40, 0xf,
    0xff, 0xf8, 0x7, 0xff, 0xfc, 0x3, 0xff, 0x86,

    /* U+0051 "Q" */
    0x0, 0xf8, 0x9e, 0xf7, 0xfe, 0xda, 0x61, 0x0,
    0xff, 0xe0, 0x15, 0x6c, 0x21, 0x0, 0x44, 0xb3,
    0xd4, 0x20, 0x1f, 0xcb, 0xaa, 0x1, 0xff, 0x2f,
    0xa0, 0x7, 0xcb, 0x40, 0x1e, 0x23, 0x20, 0xe,
    0x1b, 0x40, 0xe, 0x3a, 0x0, 0xc9, 0x7f, 0xb9,
    0xbf, 0x66, 0x1, 0xac, 0x40, 0x37, 0x80, 0x69,
    0xb4, 0x0, 0xe4, 0xc7, 0x0, 0xd6, 0x1, 0x21,
    0x80, 0x50, 0xc0, 0x1f, 0xd0, 0xa0, 0x12, 0x90,
    0x3, 0x80, 0x22, 0x70, 0xf, 0xfa, 0x84, 0x2,
    0xa0, 0x2, 0x0, 0x56, 0x1, 0xff, 0xc1, 0x60,
    0x9, 0x40, 0x84, 0x2, 0x70, 0xf, 0xfe, 0xd,
    0x80, 0x44, 0xc, 0x1, 0x8, 0x80, 0x3f, 0xf8,
    0x26, 0x1, 0x88, 0x40, 0x22, 0x0, 0xff, 0xe1,
    0x88, 0x4, 0x26, 0x1, 0xff, 0xcc, 0x30, 0x8,
    0x40, 0x3f, 0xf8, 0xe2, 0x20, 0x8, 0xc0, 0x3f,
    0xf8, 0x62, 0x1, 0x1b, 0x0, 0x42, 0x20, 0xf,
    0xfe, 0x9, 0x80, 0x61, 0x21, 0x0, 0x9c, 0x3,
    0xf0, 0xe4, 0x0, 0x2c, 0x2, 0x40, 0x2, 0x0,
    0x56, 0x1, 0xf1, 0xf9, 0xbb, 0x85, 0x80, 0x2c,
    0x0, 0x70, 0x4, 0x4e, 0x1, 0xef, 0x10, 0x4,
    0x68, 0x80, 0x4c, 0x0, 0x43, 0x0, 0xa1, 0x80,
    0x3b, 0x48, 0x2, 0x30, 0x9, 0xc4, 0x2, 0xf0,
    0xd, 0x36, 0x80, 0x10, 0xf8, 0x7, 0x8a, 0x0,
    0x31, 0xc8, 0x6, 0x4b, 0xfd, 0xcd, 0xd0, 0x7,
    0xa0, 0x3, 0xcd, 0x40, 0x1e, 0x23, 0x20, 0xf,
    0xac, 0x80, 0x3c, 0xba, 0x80, 0x1f, 0xfc, 0x21,
    0xf0, 0xf, 0x8a, 0xf6, 0x10, 0x40, 0x22, 0x59,
    0xf7, 0x0, 0x8a, 0xc0, 0x3f, 0x13, 0xdf, 0x7f,
    0xdb, 0x4c, 0x10, 0x80, 0x13, 0x8, 0x7, 0xff,
    0x1e, 0xcc, 0x13, 0x44, 0x3, 0xff, 0x91, 0xaf,
    0x60, 0x0,

    /* U+0052 "R" */
    0x7f, 0xff, 0xf7, 0x5c, 0x10, 0x7, 0xff, 0x10,
    0x51, 0xf6, 0x40, 0x3f, 0xf8, 0xed, 0x82, 0x1,
    0xe1, 0x44, 0xe3, 0x0, 0xe3, 0xb0, 0xf, 0x3d,
    0xdf, 0x67, 0xd0, 0x80, 0x4a, 0x60, 0x1f, 0xfc,
    0x15, 0xf1, 0x0, 0xac, 0x3, 0xff, 0x84, 0x2c,
    0x1, 0x10, 0x7, 0xff, 0xf, 0x80, 0x26, 0x0,
    0xff, 0xe1, 0xf0, 0x4, 0xe0, 0x1f, 0xfc, 0x21,
    0x60, 0x8, 0xc0, 0x3f, 0xf8, 0x29, 0x82, 0x1,
    0x58, 0x7, 0x3d, 0xdf, 0x67, 0xd9, 0x0, 0x48,
    0x60, 0x1c, 0x28, 0x9c, 0x60, 0x1c, 0x54, 0x1,
    0xff, 0xc5, 0x5c, 0x10, 0xf, 0xfe, 0x19, 0x65,
    0x8, 0x7, 0xcd, 0xff, 0xac, 0x2, 0x21, 0x0,
    0xff, 0xe1, 0x22, 0x80, 0x5c, 0x1, 0xff, 0xc3,
    0x80, 0x8, 0xd8, 0x3, 0xff, 0x84, 0x4e, 0x1,
    0x40, 0x80, 0x7f, 0xf0, 0xa0, 0x40, 0x3, 0x0,
    0x1f, 0xfc, 0x3b, 0x0, 0x98, 0xc0, 0x3f, 0xf8,
    0x4a, 0x60, 0x17, 0x0, 0x7f, 0xf0, 0xfc, 0x2,
    0x27, 0x0, 0xff, 0xe1, 0x1b, 0x0, 0x50, 0x20,
    0x1f, 0xfc, 0x28, 0x0, 0xd4,

    /* U+0053 "S" */
    0x0, 0xf1, 0xc6, 0x77, 0xfb, 0xad, 0xc4, 0x3,
    0xf8, 0xf3, 0xe, 0x62, 0x0, 0x14, 0x8e, 0x80,
    0xf, 0x97, 0xc, 0x3, 0xfc, 0xf8, 0x20, 0x19,
    0x28, 0x3, 0x89, 0xc, 0x40, 0x31, 0xe8, 0x6,
    0x90, 0xd, 0x1d, 0xb7, 0x9d, 0x68, 0x1, 0x1c,
    0x80, 0xc, 0x80, 0x2b, 0x71, 0x0, 0xc9, 0x70,
    0x0, 0x58, 0x0, 0x30, 0x4, 0x68, 0x1, 0xf9,
    0xe6, 0xe8, 0x40, 0x3f, 0xf8, 0xac, 0x80, 0x19,
    0x80, 0x23, 0x30, 0x7, 0xff, 0xc, 0xc8, 0x2,
    0xc6, 0x0, 0xff, 0xe1, 0xf0, 0x6, 0x9e, 0x94,
    0x0, 0xff, 0xe0, 0x1e, 0x8, 0x4, 0x2d, 0x7f,
    0x8e, 0x40, 0x1f, 0xc7, 0xd0, 0x40, 0x1c, 0x71,
    0xb8, 0xa0, 0x1f, 0xcf, 0xb9, 0x6, 0x1, 0xc7,
    0x56, 0x1, 0xfe, 0x37, 0xce, 0xa5, 0x0, 0xc9,
    0x80, 0x1f, 0xfc, 0x1, 0x5a, 0xe6, 0x0, 0x8e,
    0x0, 0x3f, 0xf8, 0x43, 0x2e, 0x1, 0x30, 0x7,
    0xff, 0x12, 0x40, 0x21, 0x0, 0x8a, 0xec, 0x1,
    0xff, 0xc5, 0x7d, 0x44, 0x48, 0x7, 0xf4, 0x80,
    0x42, 0x0, 0xd0, 0x9, 0xb1, 0x0, 0x38, 0xa5,
    0xc0, 0x27, 0x0, 0x51, 0x80, 0x47, 0x7d, 0x95,
    0x7b, 0xa6, 0x0, 0xd0, 0x1, 0x6a, 0x0, 0x61,
    0x35, 0x42, 0x0, 0xc3, 0x82, 0x1, 0xd, 0xc8,
    0x80, 0x7f, 0x97, 0xc, 0x3, 0xcd, 0xd4, 0xa4,
    0x0, 0x12, 0x48, 0xda, 0x20, 0x8,

    /* U+0054 "T" */
    0x3f, 0xff, 0xfe, 0x3b, 0x80, 0x7f, 0xf7, 0x84,
    0xcf, 0xe1, 0x0, 0x84, 0xcf, 0xe2, 0x26, 0x67,
    0xd0, 0x1, 0x2e, 0x67, 0xca, 0x1, 0xff, 0xff,
    0x0, 0xff, 0xff, 0x80, 0x7f, 0xff, 0xc0, 0x3f,
    0xff, 0xe0, 0x1f, 0xff, 0xf0, 0xf, 0xff, 0x8,

    /* U+0055 "U" */
    0x7f, 0xfa, 0x40, 0x3f, 0xed, 0xff, 0x90, 0x3,
    0xff, 0xfe, 0x1, 0xff, 0xff, 0x0, 0xff, 0xff,
    0x80, 0x7f, 0xff, 0xc0, 0x3f, 0xf8, 0x62, 0x1,
    0x10, 0x7, 0xfc, 0x40, 0x13, 0x90, 0x4, 0xa0,
    0x1f, 0xe2, 0x0, 0xc4, 0xa0, 0x10, 0xb0, 0x7,
    0xf5, 0x80, 0x44, 0x22, 0x40, 0xa, 0x48, 0x3,
    0xe5, 0x60, 0x9, 0x40, 0x1e, 0x1, 0xb5, 0x80,
    0x30, 0xc5, 0x0, 0x69, 0x0, 0x23, 0x0, 0x69,
    0xfd, 0xcd, 0xe7, 0x0, 0xd2, 0x20, 0x14, 0xa0,
    0x7, 0x11, 0x90, 0x7, 0x3b, 0x0, 0x75, 0xc0,
    0x7, 0xf8, 0x6a, 0x0, 0x3e, 0x7f, 0x95, 0x20,
    0x8, 0x96, 0xb9, 0x40, 0x30,

    /* U+0056 "V" */
    0x7f, 0xfb, 0x40, 0x3f, 0xf8, 0x57, 0xff, 0x4b,
    0x0, 0x44, 0x60, 0x1f, 0xfc, 0x1, 0x40, 0xa,
    0x85, 0x0, 0x2a, 0x0, 0xff, 0xe0, 0x30, 0x4,
    0x66, 0xf, 0x0, 0x98, 0x3, 0xff, 0x81, 0x40,
    0x15, 0x0, 0x10, 0x40, 0x25, 0x0, 0xff, 0x19,
    0x0, 0x4e, 0x1, 0x30, 0x5, 0xc0, 0x1f, 0xea,
    0x0, 0x94, 0x40, 0x2a, 0x0, 0x90, 0x40, 0x3f,
    0x98, 0x2, 0xe0, 0xc, 0x46, 0x1, 0x30, 0x7,
    0xe5, 0x0, 0x89, 0x0, 0x3a, 0x80, 0x2a, 0x0,
    0xfd, 0xc0, 0x15, 0x0, 0x79, 0x80, 0x22, 0x30,
    0xf, 0xa, 0x0, 0x4c, 0x1, 0xf3, 0x0, 0x54,
    0x1, 0xe6, 0x0, 0x90, 0x40, 0x3e, 0xa0, 0x9,
    0x80, 0x3d, 0x40, 0x17, 0x0, 0x7e, 0x32, 0x0,
    0x94, 0x3, 0x19, 0x0, 0x5, 0x40, 0x3f, 0xa8,
    0x2, 0xe0, 0xd, 0x40, 0x13, 0x80, 0x7f, 0x98,
    0x2, 0x41, 0x0, 0x9c, 0x2, 0xb0, 0xf, 0xf0,
    0xa8, 0x4, 0xc0, 0x5, 0x10, 0x1, 0x90, 0x7,
    0xfd, 0xc0, 0x15, 0x0, 0x38, 0x2, 0xa0, 0xf,
    0xfe, 0x2, 0x8, 0x0, 0x8c, 0x50, 0x2, 0x70,
    0xf, 0xfe, 0xb, 0x0, 0x54, 0xc0, 0x12, 0x88,
    0x7, 0xff, 0x6, 0x80, 0x26, 0xa0, 0xb, 0x80,
    0x3f, 0xf8, 0x44, 0x80, 0x11, 0x0, 0x9, 0x0,
    0x3f, 0xf8, 0x7c, 0x1, 0xea, 0x0, 0xff, 0xe2,
    0x28, 0x80, 0x73, 0x0, 0x7f, 0xf1, 0x5c, 0x3,
    0x20, 0x80, 0x7f, 0xf1, 0x68, 0x3, 0x70, 0x7,
    0xf0,

    /* U+0057 "W" */
    0x5f, 0xfb, 0x0, 0x3f, 0xd9, 0xff, 0x60, 0x7,
    0xfa, 0xbf, 0xe7, 0x40, 0x8, 0xc4, 0x3, 0xf0,
    0x98, 0x4, 0x62, 0x1, 0xfc, 0x80, 0x12, 0x9,
    0x80, 0x48, 0x1, 0xf9, 0x0, 0x39, 0xc0, 0x3f,
    0x18, 0x80, 0x4, 0xc1, 0x0, 0x2c, 0x0, 0xfd,
    0xe0, 0x1d, 0xa0, 0x1f, 0x90, 0x2, 0x40, 0x5,
    0x80, 0x4e, 0x1, 0xf9, 0x0, 0x39, 0x0, 0x3f,
    0x58, 0x5, 0xe0, 0x3, 0x10, 0x0, 0x90, 0x7,
    0x8c, 0x40, 0x3c, 0x80, 0x1f, 0x18, 0x4, 0x80,
    0x12, 0x0, 0x48, 0x1, 0xeb, 0x0, 0xa0, 0x2,
    0xd0, 0xf, 0x20, 0x4, 0x62, 0x1, 0x60, 0x5,
    0xa0, 0x1e, 0x40, 0x0, 0xb8, 0x80, 0x1c, 0x3,
    0xda, 0x1, 0x58, 0x6, 0x70, 0x9, 0x0, 0x38,
    0x4c, 0x0, 0xe0, 0xe0, 0x1, 0x20, 0xe, 0x40,
    0x9, 0x0, 0x30, 0x90, 0x4, 0x80, 0x19, 0xc0,
    0x2d, 0xd, 0x0, 0x94, 0x3, 0x9, 0x0, 0x4,
    0xc0, 0x39, 0x40, 0x2c, 0x0, 0xd8, 0x1, 0x20,
    0x20, 0x5, 0x60, 0x19, 0xc0, 0x24, 0x0, 0xf6,
    0x0, 0x48, 0x1, 0x94, 0x0, 0x80, 0x12, 0x80,
    0xc, 0x40, 0x2c, 0x0, 0xbc, 0x3, 0xc8, 0x1,
    0x18, 0x80, 0x10, 0x2, 0xd0, 0xb, 0xc0, 0x24,
    0x0, 0x90, 0x2, 0x40, 0xf, 0x90, 0x2, 0x40,
    0x6, 0x0, 0x4e, 0x1, 0x20, 0x5, 0xe0, 0x3,
    0x10, 0x1, 0x88, 0x7, 0xda, 0x1, 0x78, 0x1,
    0x40, 0x6, 0x20, 0x10, 0xa0, 0x1, 0x0, 0x8,
    0x1, 0x58, 0x7, 0xe4, 0x0, 0x90, 0x4, 0x80,
    0x16, 0x1, 0xd8, 0x0, 0x14, 0xb, 0x0, 0x90,
    0x3, 0xf1, 0x10, 0x0, 0x24, 0xe0, 0x12, 0x80,
    0x72, 0x80, 0x58, 0x6, 0x0, 0x13, 0x0, 0xfe,
    0x40, 0x9, 0x74, 0x0, 0x44, 0x0, 0xe2, 0x20,
    0x1, 0x50, 0x2, 0x70, 0xf, 0xf6, 0x80, 0x56,
    0x80, 0x5, 0x0, 0xf9, 0x40, 0x5, 0xe0, 0x16,
    0x0, 0x7f, 0x90, 0x2, 0x30, 0xa, 0xc0, 0x3e,
    0xb0, 0x9, 0x0, 0x25, 0x0, 0xff, 0x90, 0x3,
    0x84, 0xc0, 0x3e, 0x31, 0x0, 0xe3, 0x0, 0xff,
    0xe0, 0x60, 0x7, 0x38, 0x7, 0xf3, 0x80, 0x75,
    0x80, 0x7f, 0xf0, 0x14, 0x3, 0xb4, 0x3, 0xfb,
    0x40, 0x39, 0x40, 0x3f, 0xf8, 0x4, 0x20, 0x19,
    0x0, 0x3f, 0x90, 0x3, 0x9, 0x0, 0x7f, 0xf0,
    0x5c, 0x2, 0x50, 0xf, 0xf9, 0x40, 0x27, 0x0,
    0xf8,

    /* U+0058 "X" */
    0x8, 0xff, 0xca, 0x1, 0xfe, 0xbf, 0xfc, 0x40,
    0x8, 0x30, 0xa, 0xc4, 0x3, 0xf3, 0x20, 0x5,
    0x24, 0x1, 0x70, 0x4, 0x34, 0x1, 0xf0, 0xc0,
    0x4, 0xac, 0x1, 0x8a, 0x40, 0x24, 0x60, 0xf,
    0x58, 0x80, 0x6, 0xc0, 0x3c, 0xc8, 0x1, 0x48,
    0x80, 0x65, 0x50, 0x5, 0x42, 0x1, 0xf5, 0x8,
    0x5, 0x40, 0x10, 0xd8, 0x4, 0xc8, 0x1, 0xf8,
    0x6c, 0x2, 0x46, 0x0, 0x40, 0x80, 0xa, 0x40,
    0x3f, 0xca, 0xc0, 0x14, 0x92, 0x30, 0x5, 0xc0,
    0x1f, 0xfc, 0x9, 0x20, 0xb, 0xa4, 0x2, 0x83,
    0x0, 0xff, 0xe0, 0xf0, 0x4, 0x64, 0x0, 0x37,
    0x0, 0xff, 0xe1, 0x1b, 0x80, 0x7b, 0x80, 0x3f,
    0xf8, 0x90, 0x60, 0x1a, 0x48, 0x3, 0xff, 0x88,
    0x24, 0x1, 0xb8, 0x3, 0xff, 0x8b, 0x42, 0x1,
    0x9c, 0xc0, 0x3f, 0xf8, 0x6c, 0x80, 0x1e, 0xe0,
    0xf, 0xfe, 0x10, 0xc8, 0x4, 0xe0, 0x11, 0x40,
    0x7, 0xff, 0x6, 0x80, 0x23, 0x88, 0x0, 0x4e,
    0x60, 0x1f, 0xf3, 0x20, 0x5, 0xe0, 0xe6, 0x1,
    0x70, 0x7, 0xf8, 0x64, 0x2, 0x73, 0x0, 0x70,
    0x4, 0x52, 0x1, 0xfd, 0x40, 0x10, 0xc0, 0x4,
    0x50, 0x1, 0x32, 0x0, 0x7c, 0xc8, 0x1, 0x58,
    0x7, 0x39, 0x0, 0x54, 0x20, 0x1c, 0x32, 0x1,
    0x22, 0x80, 0x7b, 0x80, 0x21, 0xb0, 0xe, 0xa0,
    0xd, 0x20, 0x1f, 0x1b, 0x80, 0x4a, 0xa0, 0x9,
    0x90, 0x2, 0x82, 0x0, 0xfd, 0x4, 0x1, 0x58,
    0x81, 0x48, 0x4, 0x4e, 0x1, 0xfe, 0xe0, 0x8,
    0x6c, 0x0,

    /* U+0059 "Y" */
    0x8f, 0xfc, 0x60, 0x1f, 0xf4, 0x7f, 0xe2, 0x81,
    0x0, 0xbc, 0x3, 0xfc, 0x4e, 0x1, 0x31, 0x5,
    0x80, 0x46, 0xa0, 0x1f, 0xd0, 0x1, 0xc, 0x80,
    0x15, 0x0, 0x28, 0x0, 0xfc, 0x6a, 0x1, 0x58,
    0x6, 0x90, 0x8, 0x9c, 0x3, 0xef, 0x0, 0x8d,
    0x40, 0x31, 0x38, 0x5, 0x20, 0x1e, 0x43, 0x0,
    0xb8, 0x3, 0xd0, 0x40, 0x1, 0x80, 0xe, 0x90,
    0x9, 0xc8, 0x3, 0xe9, 0x0, 0x9c, 0x40, 0x26,
    0x20, 0x0, 0xc0, 0x7, 0xe4, 0x40, 0x5, 0x60,
    0x14, 0x0, 0x56, 0x1, 0xfe, 0x90, 0x9, 0x4c,
    0x20, 0x40, 0x8, 0xa0, 0x1f, 0xe2, 0x80, 0xa,
    0x5, 0xc0, 0x29, 0x0, 0xff, 0xe0, 0x39, 0x0,
    0x13, 0x0, 0x27, 0x20, 0xf, 0xfe, 0xc, 0x80,
    0x44, 0x0, 0x18, 0x0, 0xff, 0xe1, 0x22, 0x80,
    0x75, 0x80, 0x7f, 0xf1, 0x2c, 0x3, 0x22, 0x80,
    0x7f, 0xf1, 0x5, 0x0, 0x2e, 0x0, 0xff, 0xff,
    0x80, 0x7f, 0xff, 0xc0, 0x3f, 0xfe, 0xc0,

    /* U+005A "Z" */
    0x8f, 0xff, 0xfe, 0x2d, 0x80, 0x7f, 0xf7, 0x78,
    0xcf, 0xff, 0x80, 0x1, 0xda, 0xd, 0x99, 0xff,
    0x78, 0x6, 0x56, 0x0, 0xff, 0xe0, 0xf0, 0x4,
    0x36, 0x1, 0xff, 0xc1, 0xa2, 0x0, 0xb4, 0x40,
    0x3f, 0xf8, 0xc, 0xa0, 0x14, 0x18, 0x7, 0xff,
    0x0, 0xa4, 0x2, 0x37, 0x0, 0xff, 0xe0, 0xf0,
    0x4, 0x3a, 0x1, 0xff, 0xc1, 0x93, 0x0, 0xa8,
    0x40, 0x3f, 0xf8, 0x8, 0xc0, 0x13, 0x20, 0x7,
    0xff, 0x0, 0x68, 0x2, 0x39, 0x0, 0xff, 0xe0,
    0xd0, 0x80, 0x5c, 0x1, 0xff, 0xc1, 0x74, 0x0,
    0xa4, 0x80, 0x3f, 0xf8, 0x7, 0x0, 0x12, 0xb0,
    0x7, 0xff, 0x7, 0x80, 0x22, 0xa0, 0xf, 0xfe,
    0xd, 0x10, 0x5, 0xc0, 0x1f, 0xfc, 0x16, 0x50,
    0xa, 0xc, 0x3, 0xff, 0x80, 0x52, 0x1, 0x23,
    0x80, 0x7f, 0xf0, 0x7c, 0x2, 0x1a, 0x0, 0xff,
    0xe0, 0xc9, 0x0, 0x6d, 0xcc, 0xff, 0xe0, 0x1b,
    0x80, 0x61, 0x33, 0xff, 0xe0, 0xb8, 0x7, 0xff,
    0x70,

    /* U+005B "[" */
    0x25, 0x5f, 0x91, 0x6a, 0xbe, 0x90, 0xf, 0xfe,
    0x55, 0x7f, 0xda, 0x1, 0xff, 0xff, 0x0, 0xff,
    0xff, 0x80, 0x7f, 0xfa, 0x31, 0x56, 0x40, 0xc,
    0xd5, 0x54, 0x80, 0x7f, 0xf1, 0x80,

    /* U+005C "\\" */
    0x9f, 0xf9, 0x0, 0x3f, 0x68, 0x5, 0xa0, 0x1f,
    0x90, 0x2, 0x70, 0xf, 0xe5, 0x0, 0xa, 0x0,
    0x7e, 0xf0, 0xb, 0x40, 0x3f, 0x28, 0x4, 0xe0,
    0x1f, 0xca, 0x0, 0x13, 0x0, 0xfd, 0xe0, 0x15,
    0x80, 0x7e, 0x50, 0x9, 0x40, 0x3f, 0x90, 0x0,
    0x46, 0x1, 0xfb, 0x40, 0x2b, 0x0, 0xfc, 0xe0,
    0x12, 0x80, 0x7e, 0x13, 0x0, 0x11, 0x0, 0x3f,
    0x50, 0x4, 0xa0, 0x1f, 0x9c, 0x2, 0xb0, 0xf,
    0xc2, 0x60, 0x3, 0x10, 0xf, 0xd6, 0x1, 0x30,
    0x7, 0xe5, 0x0, 0xac, 0x3, 0xf1, 0x10, 0x0,
    0x62, 0x1, 0xf9, 0x40, 0x27, 0x0, 0xfd, 0x40,
    0x16, 0x80, 0x7e, 0x22, 0x0, 0x10, 0x40, 0x3f,
    0x28, 0x4, 0x80, 0x1f, 0xac, 0x2, 0xe0, 0xf,
    0xc6, 0x20, 0x4, 0x0,

    /* U+005D "]" */
    0x35, 0x5f, 0x8e, 0xab, 0xf4, 0x0, 0x7f, 0xf1,
    0xa7, 0xfe, 0xe0, 0xf, 0xff, 0xf8, 0x7, 0xff,
    0xfc, 0x3, 0xff, 0xd0, 0x6a, 0xb3, 0x80, 0x6a,
    0xad, 0x20, 0x1f, 0xfc, 0xa0,

    /* U+005E "^" */
    0x0, 0xe1, 0x88, 0x9c, 0x3, 0xfe, 0x87, 0x7a,
    0x18, 0x3, 0xf8, 0x98, 0x3, 0x40, 0x7, 0xf4,
    0x0, 0x70, 0xb8, 0x7, 0xc6, 0xa0, 0x9, 0x50,
    0x4, 0x8, 0x7, 0xbc, 0x0, 0x4d, 0x0, 0x14,
    0x0, 0x72, 0x98, 0x2, 0x40, 0x9c, 0x0, 0xc4,
    0x1, 0xa0, 0x0, 0x88, 0x0, 0x40, 0x80, 0x20,
    0x2, 0x62, 0x0, 0x48, 0x6, 0x80, 0x2, 0x98,
    0x2, 0x0, 0xc, 0x40, 0x19, 0x88, 0x1, 0xe0,

    /* U+005F "_" */
    0x88, 0xff, 0xe1, 0xb3, 0xbf, 0xff, 0xe, 0xc0,
    0x3f, 0xfa, 0x80,

    /* U+0060 "`" */
    0x0, 0x90, 0x3, 0xcf, 0x6e, 0x1, 0xaa, 0x2,
    0xc, 0x3, 0xee, 0x0, 0xa9, 0x40, 0x5, 0x0,
    0x15, 0x30, 0x1, 0xd0, 0x2, 0x96, 0x0, 0x10,
    0x6, 0x98, 0xb6,

    /* U+0061 "a" */
    0x0, 0xc7, 0x3b, 0xdf, 0xd6, 0xe0, 0x1e, 0x1a,
    0xc6, 0x21, 0x1, 0x48, 0xe4, 0x0, 0x87, 0x14,
    0x3, 0xf0, 0xda, 0x80, 0x1c, 0x80, 0x2, 0xd3,
    0x26, 0x0, 0xd6, 0x20, 0xda, 0x8b, 0xd2, 0xcc,
    0x9e, 0x30, 0x0, 0xb8, 0x0, 0xae, 0x80, 0x38,
    0x7c, 0x2, 0xc0, 0xf, 0xf8, 0xc0, 0x26, 0x0,
    0xc7, 0x19, 0xdf, 0xf8, 0x2, 0x10, 0x1, 0x5e,
    0x39, 0x88, 0x7, 0xf1, 0xe2, 0x0, 0x7f, 0xf0,
    0x78, 0x40, 0x23, 0x79, 0xaa, 0x80, 0x33, 0x10,
    0x0, 0x73, 0x10, 0xca, 0xb0, 0x6, 0xc0, 0xa,
    0xc, 0x3, 0x88, 0x3, 0x30, 0x4, 0x40, 0x1e,
    0xb0, 0xc, 0xe0, 0x16, 0x80, 0x73, 0xb0, 0x6,
    0xc0, 0x9, 0xad, 0x95, 0xf6, 0x0, 0x39, 0xc4,
    0x2, 0x49, 0xa8, 0x20, 0x70, 0xe, 0xd1, 0x0,
    0xf9, 0xa0, 0x3, 0x8f, 0xa0, 0xc0, 0x4, 0xb9,
    0x20, 0x1c,

    /* U+0062 "b" */
    0xcf, 0xf8, 0x80, 0x3f, 0xff, 0xe0, 0x1f, 0xfd,
    0x61, 0x7d, 0xff, 0x6c, 0x8, 0x7, 0xf2, 0x7c,
    0x10, 0x0, 0x9f, 0x94, 0x3, 0xe4, 0xb1, 0x0,
    0xfa, 0x98, 0x3, 0xd2, 0x0, 0x14, 0x30, 0xe,
    0x91, 0x0, 0xfa, 0xba, 0xf3, 0xd8, 0x3, 0x58,
    0x7, 0xb1, 0x40, 0x34, 0xb0, 0x4, 0xa0, 0x1c,
    0xc6, 0x1, 0xe9, 0x10, 0x9, 0x40, 0x35, 0x0,
    0x7e, 0x70, 0x8, 0x80, 0x31, 0x80, 0x7e, 0xf0,
    0xb, 0x80, 0x3f, 0xf8, 0x26, 0x1, 0x18, 0x7,
    0xff, 0x4, 0xc0, 0x22, 0x0, 0xc6, 0x1, 0xfb,
    0xc0, 0x2f, 0x0, 0xd4, 0x1, 0xf9, 0xc0, 0x24,
    0x0, 0xcc, 0x60, 0x1e, 0x91, 0x0, 0x9, 0x80,
    0x76, 0xa0, 0x4, 0x32, 0xc0, 0x13, 0x0, 0x78,
    0x6f, 0x6f, 0x39, 0x80, 0x21, 0x90, 0xe, 0x70,
    0x1, 0x21, 0x80, 0x75, 0x8, 0x7, 0x54, 0x80,
    0x7c, 0x36, 0x80, 0x1f, 0x36, 0xb1, 0x0, 0xe,
    0x3d, 0x0, 0x20,

    /* U+0063 "c" */
    0x0, 0xe3, 0x9d, 0xff, 0x75, 0xa8, 0x7, 0xc3,
    0x78, 0xc4, 0x0, 0x14, 0xad, 0x20, 0xc, 0x5e,
    0x80, 0x1f, 0x8b, 0x50, 0x2, 0xf1, 0x0, 0x85,
    0x10, 0x40, 0x1a, 0x84, 0x20, 0x80, 0x28, 0xeb,
    0xb6, 0xd8, 0x80, 0x8, 0xc1, 0xc0, 0x28, 0x70,
    0xc, 0x9e, 0x31, 0x84, 0x80, 0x10, 0xb8, 0x7,
    0x87, 0x9c, 0x1, 0x80, 0x13, 0x80, 0x7f, 0xf0,
    0x4, 0x2, 0xf0, 0xf, 0xfe, 0x1, 0x80, 0x46,
    0x1, 0xff, 0xc0, 0x30, 0x8, 0xc0, 0x3f, 0xf8,
    0x2, 0x1, 0x78, 0x7, 0xff, 0x3, 0x0, 0x27,
    0x0, 0xff, 0xe0, 0x20, 0x4, 0x2e, 0x1, 0xe1,
    0xd7, 0x0, 0x9c, 0x2, 0x87, 0x0, 0xc7, 0xe5,
    0x18, 0x41, 0x4, 0x1, 0x47, 0x55, 0x37, 0x4,
    0x0, 0x40, 0x17, 0x88, 0x4, 0x2a, 0xa2, 0x0,
    0xd4, 0x40, 0x2, 0xf4, 0x0, 0xfc, 0x5a, 0x80,
    0x18, 0x6e, 0xcc, 0x40, 0x1, 0x4a, 0xd2, 0x0,
    0x0,

    /* U+0064 "d" */
    0x0, 0xff, 0xe0, 0x8f, 0xfd, 0x80, 0x1f, 0xff,
    0xf0, 0xf, 0xfe, 0x38, 0xbe, 0x7f, 0xb6, 0x4,
    0x3, 0xf9, 0x3a, 0xc, 0x0, 0x4f, 0xe8, 0x1,
    0xf2, 0xd8, 0x7, 0xc3, 0x6e, 0x1, 0xc3, 0x40,
    0x1c, 0x66, 0x10, 0x4, 0x80, 0x75, 0x80, 0x66,
    0xec, 0xc7, 0x50, 0x7, 0xca, 0x1, 0x34, 0x88,
    0x4, 0xb8, 0x1, 0xca, 0x1, 0xc, 0x80, 0x78,
    0xd8, 0x3, 0x10, 0x4, 0xe0, 0x1f, 0xb4, 0x3,
    0x70, 0x5, 0xe0, 0x1f, 0x94, 0x3, 0x18, 0x4,
    0x60, 0x1f, 0x84, 0x3, 0x18, 0x4, 0x60, 0x1f,
    0x84, 0x3, 0x70, 0x5, 0xe0, 0x1f, 0x94, 0x3,
    0x18, 0x4, 0xe0, 0x1f, 0xb4, 0x3, 0x20, 0x4,
    0x32, 0x1, 0xe3, 0x60, 0xe, 0x70, 0x9, 0xa4,
    0x40, 0x24, 0xd0, 0xf, 0x40, 0x80, 0x4d, 0xd9,
    0x7b, 0x62, 0x1, 0xf5, 0x0, 0x71, 0xa1, 0x0,
    0x1c, 0x3, 0xc9, 0x82, 0x1, 0xf4, 0x48, 0x7,
    0xc7, 0xd0, 0x60, 0x2, 0x6d, 0x70, 0xe,

    /* U+0065 "e" */
    0x0, 0xe5, 0xad, 0xff, 0x6d, 0xb0, 0x7, 0xe2,
    0xca, 0x52, 0x0, 0x12, 0x4f, 0x20, 0x7, 0x1e,
    0x18, 0x7, 0xe1, 0xb6, 0x0, 0xdc, 0x20, 0x13,
    0x4d, 0x39, 0x0, 0x52, 0x60, 0x9, 0x20, 0x1,
    0xf4, 0xb2, 0xc6, 0xa8, 0x5, 0x20, 0x6, 0x0,
    0xb4, 0x40, 0x3a, 0x80, 0x25, 0x4, 0x0, 0x94,
    0x40, 0x3e, 0x40, 0x8, 0xf0, 0x2, 0x5f, 0xff,
    0xc8, 0x1, 0x38, 0x80, 0x7f, 0xf1, 0x1c, 0xc0,
    0x3f, 0xf8, 0x84, 0x1, 0x9f, 0x33, 0xff, 0x80,
    0x24, 0x1, 0x9, 0x9f, 0xff, 0x0, 0x34, 0x2,
    0x70, 0xf, 0xfe, 0xa, 0x0, 0x42, 0xc0, 0x1f,
    0x55, 0x4, 0x0, 0x2c, 0x1, 0x4a, 0x0, 0x74,
    0xaa, 0xbd, 0x0, 0x12, 0x20, 0x15, 0xd9, 0xda,
    0x39, 0x80, 0x2, 0x20, 0xb, 0x44, 0x2, 0x48,
    0x97, 0x10, 0x9, 0xd4, 0x2, 0x3f, 0x30, 0xf,
    0xe9, 0x80, 0xe, 0x1c, 0xb6, 0x20, 0x0, 0x9b,
    0xf3, 0x0, 0x40,

    /* U+0066 "f" */
    0x0, 0xe2, 0x9d, 0xff, 0x75, 0x88, 0x6, 0x6d,
    0x62, 0x0, 0xa, 0x10, 0x4, 0x52, 0x1, 0xff,
    0x50, 0x6, 0x47, 0x72, 0x88, 0x4, 0x60, 0x14,
    0xdc, 0x42, 0x88, 0x3, 0xe4, 0x0, 0xe7, 0xff,
    0x20, 0x5, 0xbf, 0xf8, 0x40, 0x3f, 0xf9, 0xc6,
    0xee, 0x10, 0x9, 0x9d, 0xf0, 0xa4, 0x41, 0x40,
    0x2b, 0x88, 0xc0, 0x1f, 0xff, 0xf0, 0xf, 0xff,
    0xf8, 0x7, 0xff, 0x54,

    /* U+0067 "g" */
    0x0, 0xc3, 0x1b, 0xfe, 0xd8, 0x10, 0x3f, 0xfa,
    0xc0, 0x25, 0xe7, 0x20, 0x1, 0x3f, 0xa0, 0x7,
    0xcd, 0x40, 0x1f, 0xd, 0xd8, 0x3, 0x8a, 0x40,
    0x38, 0xcc, 0x20, 0x7, 0x0, 0xe9, 0x0, 0xcf,
    0xf9, 0x8e, 0x90, 0xf, 0xa, 0x0, 0x51, 0x0,
    0xc, 0xd4, 0x1, 0xce, 0x1, 0x13, 0x80, 0x79,
    0x50, 0x3, 0x78, 0x5, 0x40, 0x1f, 0xb8, 0x3,
    0x18, 0x4, 0x60, 0x1f, 0x9c, 0x3, 0x8, 0x7,
    0xff, 0x0, 0xc0, 0x30, 0x80, 0x7f, 0xf0, 0xc,
    0x3, 0x10, 0x4, 0x60, 0x1f, 0x9c, 0x3, 0x68,
    0x5, 0x40, 0x1f, 0xbc, 0x3, 0x20, 0x4, 0x4e,
    0x1, 0xe4, 0x50, 0xc, 0x2c, 0x1, 0x44, 0x0,
    0x32, 0xd8, 0x7, 0xa0, 0x40, 0x27, 0xfc, 0xbe,
    0xa0, 0xf, 0x86, 0xc0, 0x38, 0xd0, 0x40, 0x10,
    0x1, 0xe5, 0xb1, 0x0, 0xfa, 0x90, 0x2, 0x10,
    0x9, 0x3e, 0xc, 0x0, 0x4d, 0xaa, 0xe0, 0x11,
    0x80, 0x61, 0x7c, 0xff, 0x6c, 0x90, 0x18, 0x5,
    0xc0, 0x13, 0x98, 0x7, 0xea, 0x0, 0x90, 0x17,
    0x63, 0x58, 0x3, 0x86, 0x88, 0x0, 0x46, 0x1e,
    0x40, 0x33, 0xd5, 0x10, 0xae, 0x50, 0xa, 0x40,
    0x14, 0x60, 0x10, 0xab, 0xb9, 0x40, 0x33, 0xa0,
    0x5, 0x8e, 0x1, 0xfe, 0x98, 0x0, 0xe8, 0xe8,
    0x41, 0x0, 0xa, 0x47, 0x30, 0x4,

    /* U+0068 "h" */
    0xcf, 0xf8, 0x80, 0x3f, 0xff, 0xe0, 0x1f, 0xfd,
    0x1, 0x7d, 0xff, 0x6c, 0x8, 0x7, 0xe5, 0xf8,
    0x20, 0x1, 0x3f, 0x98, 0x7, 0x92, 0x84, 0x3,
    0xc3, 0xa2, 0x1, 0xd2, 0x0, 0x35, 0x40, 0xc,
    0x30, 0x1, 0xe3, 0xec, 0xab, 0xd2, 0x0, 0x98,
    0x3, 0x8b, 0x4, 0x2, 0x2e, 0x0, 0xc4, 0x1,
    0xac, 0x3, 0xc6, 0x60, 0x9, 0x80, 0x32, 0x0,
    0x7c, 0xc0, 0x1f, 0xff, 0xf0, 0xf, 0xff, 0xf8,
    0x7, 0xff, 0x74,

    /* U+0069 "i" */
    0x2c, 0xfc, 0x29, 0x30, 0x3e, 0x50, 0x8, 0x90,
    0x2, 0x5b, 0x52, 0x5a, 0x1a, 0xda, 0x16, 0xff,
    0x9c, 0x3, 0xff, 0xfe, 0x1, 0xff, 0xc3,

    /* U+006A "j" */
    0x0, 0xe2, 0xcf, 0xc3, 0x0, 0xf4, 0x18, 0x1f,
    0x0, 0x79, 0xc0, 0x22, 0x0, 0xf2, 0x0, 0x46,
    0x1, 0xe8, 0x62, 0x5d, 0x0, 0xf0, 0xce, 0xd0,
    0x80, 0x79, 0x7f, 0xe9, 0x0, 0xff, 0xff, 0x80,
    0x7f, 0xff, 0xc0, 0x3f, 0xfd, 0x46, 0x1, 0xfe,
    0xe0, 0x8, 0x40, 0x38, 0xdc, 0x2, 0xe0, 0x1e,
    0xcc, 0x80, 0x32, 0x80, 0x4, 0xcc, 0x1, 0x90,
    0xc0, 0x3f, 0x15, 0x0, 0x5, 0x4, 0x0, 0x4f,
    0x82, 0x0,

    /* U+006B "k" */
    0xcf, 0xf8, 0x80, 0x3f, 0xff, 0xe0, 0x1f, 0xfd,
    0x42, 0xef, 0xfa, 0xc0, 0x3f, 0xc3, 0x82, 0x0,
    0x3b, 0x0, 0xfe, 0x1c, 0x10, 0x1, 0xe0, 0x7,
    0xfb, 0x48, 0x0, 0x5a, 0x1, 0xfe, 0xb3, 0x0,
    0x16, 0x8, 0x7, 0xf5, 0x20, 0x0, 0x70, 0x40,
    0x3f, 0xa5, 0x40, 0x3, 0x82, 0x1, 0xfd, 0xc,
    0x1, 0x39, 0x0, 0x7f, 0x94, 0x3, 0x31, 0x0,
    0x7f, 0xf1, 0x38, 0x3, 0xff, 0x80, 0xe0, 0x11,
    0xb0, 0x7, 0xfa, 0xe1, 0x40, 0x28, 0x10, 0xf,
    0xd4, 0x81, 0x60, 0x10, 0xd8, 0x7, 0xe7, 0x0,
    0xc, 0x0, 0x4a, 0x80, 0x1f, 0xf3, 0x90, 0x5,
    0x20, 0x1f, 0xfc, 0x9, 0x0, 0x8a, 0x0, 0x3f,
    0xe4, 0x50, 0x9, 0xc8, 0x3, 0xfe, 0xb0, 0xd,
    0xc0, 0x1f, 0xf0, 0xc0, 0x4, 0x6c,

    /* U+006C "l" */
    0xcf, 0xf8, 0x80, 0x3f, 0xff, 0xe0, 0x1f, 0xff,
    0x41, 0x0, 0xf6, 0xd1, 0xb0, 0x4, 0x2a, 0xd2,
    0x1, 0xe3, 0xc4, 0x10, 0x8,

    /* U+006D "m" */
    0xcf, 0xf8, 0x40, 0xeb, 0xbf, 0x60, 0x40, 0x32,
    0x56, 0xff, 0x5a, 0x80, 0x7e, 0x7c, 0x51, 0x2,
    0x7f, 0x20, 0x5, 0x5a, 0x90, 0xa, 0x55, 0x0,
    0x3c, 0xd0, 0x1, 0xe1, 0xf0, 0xa5, 0x0, 0xf9,
    0x60, 0x3, 0xa0, 0x5, 0x58, 0x40, 0x22, 0xc5,
    0x0, 0x23, 0x18, 0x6, 0x71, 0x0, 0xe7, 0xea,
    0x9e, 0x50, 0x8, 0xc0, 0xfa, 0xe7, 0x28, 0x3,
    0x38, 0x6, 0x48, 0x0, 0xd6, 0x1, 0xda, 0x20,
    0x12, 0xa0, 0x5, 0xe0, 0x1b, 0x80, 0x38, 0x54,
    0x2, 0x51, 0x0, 0xed, 0x0, 0x8c, 0x3, 0x38,
    0x7, 0x88, 0x2, 0xd0, 0xf, 0x10, 0x4, 0x20,
    0x18, 0xc0, 0x3f, 0xc2, 0x1, 0xe7, 0x0, 0xff,
    0xff, 0x80, 0x7f, 0xff, 0xc0, 0x3f, 0xff, 0xe0,
    0x1f, 0xfe, 0x50,

    /* U+006E "n" */
    0xcf, 0xf8, 0x40, 0x63, 0x7f, 0xdb, 0x2, 0x1,
    0xf9, 0x79, 0xc8, 0x0, 0x4f, 0xe6, 0x1, 0xe6,
    0xa0, 0xf, 0x87, 0x44, 0x3, 0xa0, 0x0, 0x6a,
    0x60, 0x18, 0x60, 0x3, 0xc9, 0xd9, 0x59, 0xa2,
    0x1, 0x38, 0x7, 0x15, 0x88, 0x4, 0x5a, 0x1,
    0x9, 0x0, 0x6b, 0x0, 0xf1, 0x90, 0x4, 0x20,
    0x19, 0x0, 0x3e, 0x70, 0x9, 0xc0, 0x31, 0x80,
    0x7f, 0xff, 0xc0, 0x3f, 0xff, 0xe0, 0x1f, 0xfd,
    0x40,

    /* U+006F "o" */
    0x0, 0xe4, 0xad, 0xff, 0x75, 0xb0, 0x7, 0xe1,
    0xcb, 0x52, 0x0, 0xa, 0x4f, 0x20, 0x7, 0x1f,
    0x98, 0x7, 0xe1, 0xb6, 0x0, 0xdc, 0x20, 0x10,
    0xa2, 0x8, 0x3, 0x49, 0x80, 0x24, 0x80, 0x28,
    0xeb, 0xb6, 0xd8, 0x80, 0x5c, 0x0, 0x60, 0xa,
    0x1c, 0x3, 0x26, 0x80, 0x44, 0x8a, 0x1, 0xb,
    0x80, 0x78, 0xd8, 0x2, 0xdd, 0x0, 0x4e, 0x1,
    0xfb, 0x40, 0x25, 0x10, 0xb, 0xc0, 0x3f, 0x28,
    0x4, 0x46, 0x1, 0x18, 0x7, 0xff, 0x4, 0xc0,
    0x23, 0x0, 0xff, 0xe0, 0x88, 0x5, 0xe0, 0x1f,
    0x94, 0x2, 0x2d, 0x0, 0x90, 0x3, 0xf6, 0x80,
    0x4a, 0x80, 0x11, 0x30, 0x7, 0x89, 0x80, 0x2d,
    0x16, 0x0, 0xa5, 0x80, 0x31, 0xe0, 0x4, 0x48,
    0x10, 0x20, 0x14, 0xf5, 0x53, 0x30, 0x20, 0x17,
    0x0, 0x7, 0x44, 0x2, 0x15, 0x51, 0x80, 0x69,
    0x30, 0x8, 0xf0, 0x80, 0x3f, 0xd, 0xb0, 0x7,
    0x16, 0xd2, 0x90, 0x0, 0x52, 0x79, 0x0, 0x20,

    /* U+0070 "p" */
    0xcf, 0xf8, 0x40, 0x63, 0x7f, 0xd9, 0x2, 0x1,
    0xfc, 0xbc, 0xe4, 0x0, 0x37, 0xe4, 0x0, 0xf9,
    0xa8, 0x3, 0xf5, 0xa8, 0x7, 0xa0, 0x0, 0x26,
    0x60, 0xe, 0xb1, 0x0, 0xfa, 0xbb, 0x31, 0xcc,
    0x1, 0xc, 0x0, 0x7b, 0x14, 0x2, 0x19, 0x60,
    0x9, 0x80, 0x39, 0x8c, 0x3, 0xd2, 0x20, 0x12,
    0x0, 0x6a, 0x0, 0xfc, 0xe0, 0x11, 0x80, 0x63,
    0x0, 0xfd, 0xe0, 0x17, 0x80, 0x7f, 0xf0, 0x4c,
    0x2, 0x10, 0xf, 0xfe, 0x9, 0x80, 0x42, 0x1,
    0x8c, 0x3, 0xf6, 0x0, 0x5c, 0x1, 0xac, 0x3,
    0xe1, 0x50, 0x9, 0x40, 0x33, 0x90, 0x7, 0xac,
    0x2, 0x13, 0x0, 0xec, 0x40, 0x8, 0x69, 0x40,
    0x26, 0x0, 0xf0, 0xde, 0xde, 0x72, 0x80, 0x43,
    0x0, 0x1d, 0x20, 0x2, 0x43, 0x0, 0xea, 0x0,
    0xf3, 0xc8, 0x7, 0xc3, 0x88, 0x1, 0xf3, 0x6b,
    0x90, 0x0, 0xe3, 0xcc, 0x3, 0xf8, 0xa3, 0x7f,
    0xd8, 0xe2, 0x1, 0xff, 0xff, 0x0, 0xff, 0xec,
    0x80,

    /* U+0071 "q" */
    0x0, 0xc2, 0xf9, 0xfe, 0xd8, 0x20, 0x1f, 0xfb,
    0x0, 0x24, 0xe8, 0x30, 0x1, 0x3e, 0xb0, 0x7,
    0xcb, 0x60, 0x1f, 0xa5, 0x80, 0x38, 0x68, 0x3,
    0x8c, 0xc2, 0x0, 0x80, 0xe, 0xb0, 0xc, 0xdd,
    0x98, 0xea, 0x0, 0xf9, 0x40, 0x26, 0x91, 0x0,
    0x97, 0x0, 0x39, 0x40, 0x21, 0x90, 0xf, 0x1a,
    0x80, 0x62, 0x0, 0x9c, 0x3, 0xf7, 0x0, 0x6e,
    0x0, 0xbc, 0x3, 0xf2, 0x80, 0x63, 0x0, 0x8c,
    0x3, 0xf0, 0x80, 0x63, 0x0, 0x8c, 0x3, 0xf0,
    0x80, 0x6e, 0x0, 0xbc, 0x3, 0xf1, 0x0, 0x63,
    0x0, 0x9c, 0x3, 0xf5, 0x0, 0x64, 0x0, 0x86,
    0x40, 0x3c, 0x6c, 0x1, 0xce, 0x1, 0x34, 0x88,
    0x4, 0x9a, 0x1, 0xe8, 0x10, 0x9, 0xbb, 0x2f,
    0x6c, 0x40, 0x3e, 0xa0, 0xe, 0x34, 0x20, 0x4,
    0x0, 0x79, 0x30, 0x40, 0x3e, 0x96, 0x0, 0xf8,
    0xfa, 0xc, 0x0, 0x4d, 0xac, 0x1, 0xfe, 0x7c,
    0xff, 0x6c, 0x90, 0x7, 0xff, 0xfc, 0x3, 0xff,
    0xb6,

    /* U+0072 "r" */
    0xcf, 0xf8, 0x40, 0x5, 0x1b, 0xee, 0x1, 0xe7,
    0xd7, 0x20, 0xf, 0xa6, 0x0, 0x3f, 0x99, 0x80,
    0x1f, 0xe8, 0x1, 0x7c, 0xef, 0x70, 0xe, 0x4f,
    0x83, 0x10, 0xf, 0x15, 0x88, 0x7, 0xf4, 0x0,
    0x7f, 0xce, 0x1, 0xff, 0x18, 0x7, 0xff, 0xfc,
    0x3, 0xff, 0xb8,

    /* U+0073 "s" */
    0x0, 0xc7, 0x39, 0xdf, 0xec, 0x82, 0x0, 0xf4,
    0xe3, 0x18, 0x80, 0xd, 0xf5, 0xc0, 0x35, 0x30,
    0x7, 0xf4, 0x50, 0x0, 0xd4, 0x2, 0x38, 0xa8,
    0x30, 0x9, 0x60, 0x2c, 0x2, 0x4c, 0x75, 0x7c,
    0x90, 0x1, 0xd0, 0x8, 0x5, 0x80, 0x1c, 0xd3,
    0x18, 0x41, 0xc0, 0x15, 0x10, 0x7, 0x33, 0x80,
    0x4c, 0x1, 0x16, 0xca, 0x0, 0x7e, 0x1b, 0x0,
    0xcd, 0x7f, 0x6c, 0x20, 0x1c, 0x9a, 0x80, 0x1c,
    0x93, 0xd0, 0x1, 0xc5, 0x7a, 0xe4, 0x1, 0xcf,
    0x80, 0x1e, 0x28, 0xde, 0xa4, 0x0, 0x8e, 0x0,
    0x3f, 0xa, 0xdc, 0x0, 0x4a, 0x0, 0x3d, 0x40,
    0xf, 0x30, 0x4, 0x41, 0x18, 0x56, 0xa0, 0x1c,
    0x80, 0x11, 0x1, 0x80, 0x55, 0x8e, 0xad, 0x34,
    0x1, 0x28, 0x51, 0x0, 0x47, 0x15, 0x2c, 0x1,
    0x14, 0x80, 0xe2, 0x80, 0x7f, 0x1e, 0x8, 0x0,
    0x6b, 0x5c, 0xc4, 0x0, 0x4b, 0x78, 0x20,

    /* U+0074 "t" */
    0x0, 0x92, 0x22, 0x20, 0xf, 0xd8, 0xef, 0x80,
    0x3f, 0xfd, 0xaf, 0xfe, 0x70, 0xa, 0xbf, 0xf4,
    0x0, 0x7f, 0xf3, 0x8d, 0xdc, 0x60, 0x12, 0x3b,
    0xec, 0x48, 0x82, 0x0, 0x5d, 0x11, 0x90, 0x3,
    0xff, 0xfe, 0x1, 0xff, 0xd4, 0xf0, 0xb, 0x40,
    0x3f, 0x8, 0x4, 0xc4, 0x1, 0xf2, 0x0, 0x43,
    0xb9, 0x7a, 0x40, 0x11, 0x20, 0x6, 0x34, 0x20,
    0xe, 0xa2, 0x0, 0xff, 0x87, 0x60, 0xc0, 0x2,
    0x86,

    /* U+0075 "u" */
    0xcf, 0xf8, 0x40, 0x3e, 0xaf, 0xf9, 0x0, 0x3f,
    0xff, 0xe0, 0x1f, 0xff, 0xf0, 0xf, 0xfe, 0xa0,
    0x80, 0x7e, 0x50, 0xf, 0x94, 0x3, 0x30, 0x5,
    0xc0, 0x1e, 0x61, 0x0, 0xda, 0x1, 0x2b, 0x0,
    0x65, 0x90, 0xe, 0x50, 0xd, 0x3b, 0x32, 0xda,
    0x0, 0xf1, 0x30, 0x6, 0x26, 0x61, 0x1, 0xa0,
    0x7, 0x4a, 0x80, 0x7c, 0x9a, 0x20, 0x1e, 0xaa,
    0x20, 0x80, 0xa5, 0x58, 0x80, 0x70,

    /* U+0076 "v" */
    0xe, 0xff, 0x90, 0x3, 0xfb, 0xbf, 0xe3, 0x7,
    0x0, 0xb8, 0x3, 0xf2, 0x8, 0x0, 0x8c, 0x28,
    0x2, 0x50, 0xf, 0xdc, 0x1, 0x50, 0x0, 0xc8,
    0x2, 0x50, 0xf, 0x94, 0x2, 0x60, 0xa, 0x80,
    0x2f, 0x0, 0xf2, 0x80, 0x48, 0x20, 0x13, 0x0,
    0x4a, 0x1, 0xee, 0x0, 0xb8, 0x3, 0xa, 0x0,
    0x4a, 0x1, 0xc8, 0x0, 0x15, 0x0, 0xef, 0x0,
    0xb8, 0x3, 0x30, 0x4, 0xc0, 0x1e, 0x41, 0x0,
    0x20, 0x80, 0x5a, 0x1, 0x50, 0x7, 0xcc, 0x1,
    0x38, 0x0, 0x50, 0x0, 0x64, 0x1, 0xf5, 0x0,
    0x54, 0x0, 0x70, 0xa, 0x80, 0x3f, 0x11, 0x80,
    0xc, 0x42, 0x80, 0x26, 0x0, 0xfe, 0xa0, 0x9,
    0x84, 0xc0, 0xa, 0x1, 0xfe, 0x70, 0xa, 0xd8,
    0x2, 0xe0, 0xf, 0xf0, 0xa8, 0x0, 0xe4, 0x0,
    0x48, 0x1, 0xff, 0x70, 0x4, 0x20, 0xa, 0x0,
    0xff, 0xe0, 0x20, 0x80, 0x73, 0x0, 0x7f, 0xf0,
    0x58, 0x3, 0x20, 0x80, 0x7f, 0xf0, 0x68, 0x3,
    0x70, 0x7, 0xc0,

    /* U+0077 "w" */
    0xe, 0xff, 0x8c, 0x3, 0xc3, 0xff, 0x94, 0x3,
    0xef, 0xfc, 0x60, 0x80, 0x15, 0x80, 0x79, 0x0,
    0x36, 0x0, 0x79, 0x0, 0x22, 0x30, 0xe0, 0x9,
    0x0, 0x3d, 0xe0, 0x19, 0xc0, 0x3d, 0x80, 0x12,
    0x80, 0x10, 0x2, 0x31, 0x0, 0xe4, 0x0, 0xc2,
    0x40, 0x1c, 0xa0, 0x15, 0x80, 0x4a, 0x1, 0x20,
    0x6, 0x21, 0x0, 0xe5, 0x0, 0xc2, 0x40, 0x1,
    0x30, 0xb, 0xc0, 0x2f, 0x0, 0xca, 0x0, 0x15,
    0x0, 0x60, 0x6, 0x70, 0x9, 0xc0, 0x32, 0x80,
    0x48, 0x1, 0xb0, 0x0, 0x98, 0x0, 0x40, 0xd,
    0x80, 0x16, 0x80, 0x72, 0x0, 0x4, 0xc0, 0x24,
    0x0, 0x7b, 0x80, 0x48, 0x1, 0x20, 0x0, 0x50,
    0x3, 0xb8, 0x2, 0x40, 0x2, 0x0, 0x48, 0x26,
    0x0, 0xc0, 0x1, 0x88, 0x1, 0x0, 0x3c, 0x80,
    0x15, 0x80, 0x30, 0x0, 0x62, 0x8, 0x0, 0x50,
    0x2, 0x0, 0x5c, 0x1, 0xe1, 0x40, 0x1, 0x88,
    0x28, 0x1, 0x0, 0x16, 0x0, 0x21, 0xb, 0x0,
    0x90, 0x3, 0xed, 0x0, 0x90, 0x48, 0x1, 0x60,
    0x3, 0x10, 0x3, 0x81, 0x80, 0x14, 0x3, 0xf3,
    0x80, 0x58, 0x80, 0x1, 0x30, 0x9, 0x0, 0x18,
    0xa0, 0x17, 0x80, 0x7e, 0x13, 0x0, 0x3f, 0x80,
    0x10, 0x3, 0x60, 0x1, 0x70, 0x2, 0x50, 0xf,
    0xeb, 0x0, 0xa, 0x80, 0x3c, 0x3, 0x38, 0x4,
    0xc0, 0x4, 0x0, 0xff, 0x30, 0x7, 0x90, 0x3,
    0x9, 0x80, 0x76, 0x80, 0x7f, 0x84, 0xc0, 0x31,
    0x88, 0x7, 0x20, 0x7, 0x38, 0x7, 0xfd, 0x60,
    0x19, 0x0, 0x3d, 0x60, 0x19, 0x4, 0x3, 0xfe,
    0x50, 0xd, 0x60, 0x1e, 0x30, 0xd, 0xa0, 0x1e,

    /* U+0078 "x" */
    0x3, 0xff, 0xcc, 0x1, 0xe3, 0xff, 0xca, 0x0,
    0x37, 0x0, 0xa0, 0x40, 0x3b, 0xc0, 0x25, 0x50,
    0x5, 0x6, 0x0, 0x1b, 0x0, 0xcc, 0x60, 0x1,
    0xb0, 0xe, 0xe0, 0x9, 0x54, 0x0, 0x19, 0x0,
    0xa8, 0x40, 0x38, 0xa4, 0x2, 0xb1, 0xb, 0x0,
    0x99, 0x0, 0x3e, 0x64, 0x0, 0xc, 0x22, 0x80,
    0x6, 0x40, 0x3f, 0xa8, 0x40, 0xd, 0x40, 0x16,
    0x80, 0x7f, 0x86, 0xc0, 0x21, 0x0, 0x39, 0x80,
    0x7f, 0xca, 0xa0, 0xc, 0x50, 0x1, 0xff, 0xc1,
    0xc0, 0xd, 0x60, 0x1f, 0xfc, 0x12, 0x90, 0xd,
    0x2, 0x1, 0xff, 0xc0, 0xe0, 0xe, 0x1a, 0x0,
    0xff, 0xa0, 0xc0, 0x4, 0x20, 0x4, 0x70, 0xf,
    0xe3, 0x70, 0xb, 0xa8, 0x2, 0x82, 0x0, 0xfd,
    0xc0, 0x13, 0x9a, 0x28, 0x5, 0xe0, 0x1f, 0x49,
    0x0, 0xa, 0x0, 0x16, 0x20, 0x2, 0x80, 0xe,
    0x46, 0x0, 0xa4, 0x2, 0x1b, 0x0, 0x9d, 0x0,
    0x21, 0xa0, 0x9, 0x90, 0x3, 0x2a, 0x80, 0x2a,
    0x10, 0x5, 0x8, 0x0, 0x64, 0x3, 0xd6, 0x20,
    0x1, 0xb0,

    /* U+0079 "y" */
    0xe, 0xff, 0x98, 0x3, 0xfa, 0xff, 0xe9, 0x6,
    0x0, 0xa8, 0x3, 0xf0, 0xa0, 0x5, 0x61, 0x40,
    0x11, 0x88, 0x7, 0xcc, 0x1, 0x19, 0x1, 0x18,
    0x4, 0xc0, 0x1f, 0x58, 0x5, 0x40, 0x15, 0x0,
    0x54, 0x1, 0xe2, 0x30, 0x9, 0x80, 0x26, 0x0,
    0x88, 0xc0, 0x3a, 0x80, 0x26, 0x0, 0xe6, 0x0,
    0xac, 0x3, 0x94, 0x2, 0xa0, 0xe, 0xa0, 0x9,
    0x80, 0x31, 0x90, 0x0, 0xcc, 0x1, 0xc6, 0x60,
    0x0, 0xa0, 0x5, 0x40, 0x15, 0x0, 0x7d, 0x40,
    0x17, 0x0, 0x4e, 0x1, 0x30, 0x7, 0xce, 0x1,
    0x28, 0x1, 0x44, 0x0, 0xc0, 0x1f, 0x85, 0x40,
    0x25, 0xf, 0x0, 0xa8, 0x3, 0xfa, 0x40, 0x2e,
    0x5, 0x0, 0x11, 0x80, 0x7f, 0x19, 0x0, 0x11,
    0xc0, 0x2b, 0x0, 0xff, 0xa8, 0x2, 0x80, 0x9,
    0x80, 0x3f, 0xe6, 0x0, 0xf2, 0x80, 0x7f, 0xf0,
    0x5, 0x40, 0x3a, 0x40, 0x3f, 0xf8, 0x3c, 0x1,
    0x88, 0xc0, 0x3f, 0xf8, 0x28, 0x20, 0x15, 0x0,
    0x7f, 0xf0, 0x84, 0x40, 0x13, 0x0, 0x7f, 0xf0,
    0xa4, 0x2, 0x51, 0x0, 0xff, 0xe1, 0x30, 0x5,
    0x20, 0x1f, 0xfc, 0x25, 0x10, 0x1, 0x18, 0x7,
    0xff, 0xa, 0x40, 0x2a, 0x0, 0xff, 0xe1, 0x11,
    0x80, 0x4c, 0x1, 0xff, 0xc2, 0xb0, 0x9, 0x44,
    0x3, 0xf8,

    /* U+007A "z" */
    0xe, 0xff, 0xff, 0xe0, 0xb8, 0x7, 0xff, 0x55,
    0xd5, 0x7f, 0x8, 0x4, 0x2c, 0x13, 0x55, 0xf7,
    0x8, 0x5, 0x42, 0x1, 0xf8, 0x68, 0x2, 0x74,
    0x0, 0xfe, 0xd1, 0x0, 0x1c, 0x0, 0x7f, 0x41,
    0x80, 0x7, 0x40, 0x3f, 0x91, 0xc0, 0x2a, 0x10,
    0xf, 0xc3, 0x40, 0x13, 0xa0, 0x7, 0xf6, 0x88,
    0x0, 0xe0, 0x3, 0xfa, 0x4c, 0x0, 0x3a, 0x1,
    0xfc, 0xac, 0x1, 0x50, 0x80, 0x7e, 0x2a, 0x0,
    0x9d, 0x0, 0x3f, 0xb8, 0x2, 0x48, 0x0, 0xfe,
    0x93, 0x0, 0xd5, 0x5f, 0xa4, 0x18, 0x3, 0x22,
    0xaf, 0xe7, 0x0, 0xff, 0xea, 0x0,

    /* U+007B "{" */
    0x0, 0xfe, 0x25, 0x50, 0x7, 0xd1, 0xdb, 0x54,
    0x0, 0xf6, 0x38, 0x80, 0x7e, 0x83, 0x0, 0xff,
    0x30, 0x4, 0xbb, 0xe0, 0x18, 0x44, 0x0, 0x3a,
    0x20, 0xe, 0x20, 0xa, 0xc0, 0x3f, 0xe1, 0x0,
    0xff, 0xe9, 0xb8, 0x7, 0xfc, 0x40, 0x11, 0x80,
    0x7d, 0x40, 0x13, 0x80, 0x71, 0xd1, 0x80, 0x8,
    0x80, 0x12, 0xfe, 0x28, 0x0, 0x7c, 0x3, 0xf9,
    0x3c, 0x80, 0x3f, 0x91, 0xc0, 0x39, 0x98, 0x60,
    0x14, 0xb0, 0x6, 0x39, 0xcc, 0x0, 0x52, 0x1,
    0xf1, 0xb8, 0x4, 0x60, 0x1f, 0x68, 0x4, 0xc0,
    0x1f, 0x30, 0x4, 0x60, 0x1f, 0xfd, 0xf1, 0x0,
    0xbc, 0x3, 0xe2, 0x0, 0x98, 0x80, 0x3e, 0x40,
    0xb, 0x69, 0xc0, 0x3b, 0xc0, 0x32, 0xc0, 0x7,
    0x24, 0x80, 0x7f, 0xcd, 0xae, 0x62, 0x0,

    /* U+007C "|" */
    0x56, 0x6a, 0x67, 0x0, 0x7f, 0xff, 0xc0, 0x3f,
    0xfb, 0xa0,

    /* U+007D "}" */
    0x25, 0x41, 0x0, 0xfc, 0xf5, 0x7d, 0x8a, 0x1,
    0xfe, 0x3a, 0x70, 0xf, 0xfa, 0x8, 0x3, 0x2f,
    0x59, 0x0, 0x54, 0x1, 0xc2, 0x9c, 0x1, 0x20,
    0x7, 0xc6, 0x20, 0x1, 0x0, 0xfc, 0x40, 0x3,
    0x0, 0xff, 0xf0, 0x38, 0x0, 0x40, 0x3f, 0x18,
    0x4, 0xc0, 0x1f, 0x58, 0x5, 0x2e, 0x40, 0x1c,
    0x70, 0x1, 0x46, 0xf8, 0x7, 0x3e, 0x8, 0x7,
    0xf0, 0xc8, 0x80, 0x7f, 0x6a, 0x80, 0x48, 0xe0,
    0x19, 0x4c, 0x0, 0x7d, 0x70, 0x1, 0xbc, 0x2,
    0xf1, 0x0, 0xf0, 0x80, 0x46, 0x1, 0xf3, 0x80,
    0x4, 0x3, 0xff, 0xa8, 0x20, 0x1f, 0xf1, 0x0,
    0xc, 0x3, 0xe7, 0x0, 0x9c, 0x3, 0x13, 0xdc,
    0x0, 0x58, 0x1, 0x9e, 0x10, 0x2, 0x26, 0x0,
    0xfe, 0x2f, 0x0, 0xf8, 0x52, 0x74, 0x80, 0x38,

    /* U+007E "~" */
    0x0, 0xff, 0xe4, 0xbe, 0xfe, 0xc0, 0x7, 0x1f,
    0x30, 0x6, 0xc8, 0x20, 0x27, 0xe6, 0x0, 0xf,
    0xc, 0xe8, 0x2, 0x8c, 0x3, 0x86, 0x7f, 0x78,
    0x80, 0x8, 0xa, 0xa0, 0x8, 0xc4, 0x3, 0x10,
    0x4, 0x30, 0x6, 0x0, 0x1d, 0xce, 0xa1, 0x0,
    0xe1, 0xc1, 0x6, 0xe5, 0x82, 0x0, 0x2f, 0x49,
    0x0, 0xb7, 0x90, 0x4, 0x34, 0xc0, 0x1c, 0xdb,
    0xfd, 0x22, 0x1, 0x0,

    /* U+00B7 "·" */
    0x79, 0x99, 0xe9, 0x9a, 0xa0, 0xf, 0xfe, 0x18,

    /* U+2013 "–" */
    0xaa, 0xff, 0xe2, 0xaa, 0xff, 0xf1, 0x40, 0x3f,
    0xfa, 0xc0,

    /* U+3002 "。" */
    0x0, 0xc2, 0x44, 0x0, 0xf1, 0xe7, 0x6e, 0xb9,
    0xc0, 0x24, 0xc3, 0x1, 0x1, 0x8b, 0x0, 0x50,
    0x27, 0x73, 0xe4, 0x11, 0x4c, 0x42, 0xc4, 0x0,
    0xce, 0x1e, 0xe0, 0x40, 0x1d, 0xa0, 0x2c, 0x4,
    0x20, 0x1b, 0xc0, 0x8a, 0xc, 0x51, 0x39, 0x50,
    0xd0, 0xf1, 0x2a, 0xec, 0x60, 0x74, 0x2, 0xf6,
    0x20, 0x2, 0x5c, 0x0,

    /* U+4E00 "一" */
    0x0, 0xff, 0xe9, 0x7f, 0xff, 0xf4, 0x80, 0x3f,
    0xfe, 0x6, 0x7f, 0xfd, 0x20,

    /* U+4E0A "上" */
    0x0, 0xff, 0xe0, 0x67, 0x73, 0x40, 0x3f, 0xf9,
    0xc4, 0x22, 0x20, 0xf, 0xff, 0xf8, 0x7, 0xff,
    0xfc, 0x3, 0xff, 0xfe, 0x1, 0xff, 0xc3, 0x44,
    0xff, 0xe0, 0x8, 0x7, 0xff, 0x16, 0xef, 0xff,
    0x80, 0x80, 0x1f, 0xff, 0xf0, 0x6, 0xef, 0xff,
    0x1, 0x40, 0x3f, 0xf8, 0xa4, 0x5f, 0xfc, 0x0,
    0xf, 0xff, 0xf8, 0x7, 0xff, 0xfc, 0x3, 0xff,
    0xfe, 0x1, 0xff, 0xff, 0x0, 0xff, 0xea, 0x45,
    0x57, 0xfc, 0x20, 0x15, 0x57, 0xff, 0x6, 0x55,
    0x7f, 0xf8, 0x0, 0x19, 0x57, 0xff, 0x82, 0xe0,
    0x1f, 0xfd, 0x21, 0x0, 0xff, 0xe8, 0x80,

    /* U+4E0D "不" */
    0x0, 0x7f, 0xff, 0xf4, 0xc, 0x3, 0xff, 0xee,
    0xef, 0xff, 0xc1, 0x40, 0x8, 0xdd, 0xff, 0xc4,
    0x1, 0x44, 0x7f, 0xf0, 0x58, 0x2, 0xe8, 0x8f,
    0xf0, 0x80, 0x7f, 0xf0, 0xdc, 0x80, 0xe, 0x40,
    0x1f, 0xfc, 0xd3, 0x80, 0x0, 0xc0, 0x7, 0xff,
    0x3b, 0x80, 0x22, 0x0, 0xff, 0xe7, 0x51, 0x0,
    0x7f, 0xf4, 0x5d, 0x40, 0x3f, 0xfa, 0x2b, 0x0,
    0x1f, 0xaa, 0x0, 0x3f, 0xf8, 0xe9, 0x40, 0x1f,
    0x9d, 0x5e, 0x80, 0x3f, 0xf8, 0xa9, 0x60, 0x15,
    0x10, 0x4, 0x30, 0x0, 0x5c, 0x10, 0xf, 0xfe,
    0x12, 0x58, 0x5, 0xa, 0x1, 0x86, 0xc0, 0x23,
    0xf2, 0x0, 0xff, 0xe0, 0x35, 0x80, 0x4e, 0xe0,
    0xf, 0x26, 0x88, 0x0, 0x75, 0x0, 0x3f, 0xcf,
    0x20, 0x13, 0x40, 0x7, 0xe2, 0xf2, 0x0, 0xad,
    0x80, 0x3f, 0x54, 0x0, 0x4d, 0x20, 0x1f, 0xe1,
    0xc3, 0x0, 0xa5, 0xc0, 0x38, 0xb5, 0x40, 0x27,
    0x90, 0xf, 0xfe, 0x0, 0xe2, 0x0, 0x51, 0x20,
    0x13, 0x69, 0x0, 0x53, 0x0, 0x1f, 0xfc, 0x3b,
    0x50, 0x9, 0xa8, 0x1, 0x40, 0x1a, 0x98, 0x3,
    0xff, 0x8b, 0x4c, 0x1, 0x18, 0x3, 0x44, 0xb,
    0x54, 0x3, 0xff, 0x8f, 0x2c, 0x9, 0x20, 0x1,
    0xb4, 0xc2, 0x0, 0xff, 0xe4, 0xcc, 0x58, 0x6,
    0x5b, 0x10, 0xf, 0xfe, 0x5b, 0x80, 0x7f, 0xff,
    0xc0, 0x3f, 0xff, 0xe0, 0x1f, 0xfe, 0x10,

    /* U+4E0E "与" */
    0x0, 0xf0, 0x99, 0xc0, 0x1f, 0xfc, 0xf8, 0xcc,
    0x84, 0x3, 0xff, 0x9c, 0x60, 0x10, 0x80, 0x7f,
    0xf3, 0x84, 0x3, 0xff, 0xa4, 0xe0, 0x12, 0xaf,
    0xff, 0x20, 0x40, 0x3c, 0x40, 0x15, 0x57, 0xff,
    0x20, 0x80, 0x3c, 0x20, 0x1f, 0xff, 0x1, 0x0,
    0x9b, 0xff, 0xff, 0x90, 0x60, 0x1c, 0x60, 0x10,
    0x80, 0x7f, 0xf3, 0x98, 0x2, 0xf0, 0xf, 0xfe,
    0x70, 0x80, 0x42, 0x1, 0xff, 0xce, 0x30, 0xb,
    0x1d, 0xff, 0xf8, 0xe0, 0x1f, 0x8, 0x4, 0xb1,
    0x1f, 0xfc, 0x70, 0xf, 0xbc, 0x3, 0xff, 0xa4,
    0x20, 0x1f, 0xfc, 0xa1, 0x0, 0xfa, 0x7f, 0xff,
    0xf8, 0xe6, 0x0, 0x30, 0xf, 0xfe, 0x79, 0x0,
    0x7f, 0xf4, 0x84, 0x0, 0x20, 0x13, 0x37, 0xff,
    0x25, 0x0, 0x39, 0xc0, 0x3, 0x33, 0xff, 0xc9,
    0xf0, 0x10, 0x8, 0x40, 0x3f, 0xf9, 0xc6, 0x1,
    0x18, 0x7, 0xff, 0x38, 0x40, 0x21, 0x0, 0xf,
    0xff, 0xff, 0x26, 0xc1, 0xc0, 0x2f, 0x0, 0xff,
    0xe7, 0x10, 0x4, 0x20, 0x1f, 0xfc, 0xee, 0x0,
    0x8c, 0x3, 0xff, 0x9c, 0xa0, 0x13, 0x0, 0x7f,
    0xf1, 0x5e, 0x23, 0xd3, 0xc4, 0x1, 0x18, 0x7,
    0xff, 0x16, 0x9d, 0xfc, 0xc2, 0x1, 0x30, 0x7,
    0xff, 0x19, 0xc0, 0x3f, 0xc5, 0x0, 0x1f, 0xfc,
    0x6d, 0x0, 0xf8, 0x4e, 0x34, 0x40, 0x20,

    /* U+4E2A "个" */
    0x0, 0xff, 0xe1, 0x2c, 0xc9, 0x0, 0x3f, 0xf9,
    0xe5, 0x4c, 0xca, 0x10, 0xf, 0xfe, 0x77, 0x0,
    0x43, 0xa0, 0x1f, 0xfc, 0xd8, 0x30, 0xc, 0x70,
    0x1, 0xff, 0xcb, 0x57, 0x0, 0xf3, 0xa0, 0x7,
    0xff, 0x24, 0xe8, 0x2, 0xa8, 0x0, 0xac, 0xc0,
    0x3f, 0xf8, 0xe5, 0xa0, 0x13, 0x2b, 0xa0, 0x5,
    0xa4, 0x1, 0xff, 0xc5, 0x2c, 0x10, 0x1, 0xc8,
    0x2, 0x88, 0x0, 0x38, 0x20, 0x1f, 0xfc, 0x33,
    0xc1, 0x0, 0x16, 0x80, 0x43, 0xe2, 0x0, 0x1f,
    0x20, 0xf, 0xfe, 0xa, 0x60, 0x80, 0x7, 0xc4,
    0x3, 0x16, 0x80, 0x43, 0x88, 0x1, 0xff, 0x35,
    0x80, 0x43, 0x84, 0x1, 0xe3, 0xc0, 0x8, 0x6d,
    0x40, 0x3f, 0xa6, 0x40, 0x10, 0xe1, 0x0, 0x7e,
    0x3c, 0x0, 0xd5, 0x0, 0x1e, 0x3d, 0x60, 0x8,
    0xbc, 0x80, 0x2e, 0xff, 0x60, 0x4, 0x7a, 0x20,
    0x13, 0xe1, 0x0, 0x51, 0x84, 0x1, 0x26, 0x8,
    0x7, 0xff, 0x0, 0xbc, 0x80, 0x23, 0xd6, 0x5,
    0x70, 0xc, 0xb6, 0x20, 0x1f, 0xfc, 0x21, 0xd4,
    0x0, 0xd2, 0x8a, 0x60, 0x14, 0xd0, 0x7, 0xff,
    0x1a, 0xe0, 0x2, 0x44, 0x7, 0x81, 0x6b, 0x0,
    0x7f, 0xf2, 0x1f, 0x4, 0x24, 0x0, 0x75, 0xa4,
    0x1, 0xff, 0xca, 0x3f, 0xa2, 0x0, 0x94, 0x3,
    0xff, 0x9a, 0x2a, 0x1, 0xff, 0xff, 0x0, 0xff,
    0xff, 0x80, 0x7f, 0xff, 0xc0, 0x3f, 0xff, 0xe0,
    0x1f, 0xff, 0xf0, 0xf, 0xfe, 0xf8,

    /* U+4E2D "中" */
    0x0, 0xff, 0xe0, 0x1a, 0x20, 0x80, 0x3f, 0xf9,
    0x9b, 0x76, 0x80, 0xf, 0xff, 0xf8, 0x7, 0xff,
    0xfc, 0x0, 0x2e, 0xff, 0xf0, 0x80, 0x19, 0xdf,
    0xfe, 0x15, 0x88, 0xff, 0x80, 0x23, 0x88, 0xff,
    0x94, 0x3, 0xff, 0xe1, 0xbf, 0xff, 0x8, 0x1,
    0x7f, 0xfe, 0xd0, 0xf, 0xff, 0xf8, 0x7, 0xff,
    0xfc, 0x3, 0xff, 0xd5, 0xbf, 0xff, 0x8, 0x1,
    0x7f, 0xfe, 0xd0, 0xf, 0xff, 0x82, 0xd5, 0x7f,
    0xc0, 0x11, 0xd5, 0x7f, 0xca, 0x2a, 0xbf, 0xf0,
    0x80, 0x19, 0x57, 0xfe, 0x10, 0xf, 0xff, 0xf8,
    0x7, 0xff, 0xfc, 0x3, 0xff, 0xfc,

    /* U+4E5F "也" */
    0x0, 0xff, 0xe1, 0x2e, 0xeb, 0x0, 0x3f, 0xf9,
    0xe6, 0x45, 0x0, 0x7f, 0xf9, 0x5d, 0xe3, 0x0,
    0xff, 0xe7, 0xc, 0x44, 0x80, 0x1f, 0xfe, 0x21,
    0x59, 0xd4, 0x0, 0xff, 0xe5, 0xa, 0xce, 0xf5,
    0x31, 0x0, 0x7f, 0xf2, 0x6, 0x77, 0xa9, 0x88,
    0x3, 0x38, 0x7, 0xff, 0x8, 0x9b, 0x40, 0x26,
    0x20, 0xf, 0xc2, 0x1, 0xfe, 0xe6, 0xae, 0xd9,
    0x40, 0xf, 0x92, 0x20, 0x1, 0x18, 0x7, 0x88,
    0x2, 0x69, 0x51, 0x0, 0xf1, 0xbd, 0xfd, 0xb9,
    0x0, 0x42, 0x0, 0x17, 0xbf, 0xc0, 0xf, 0xe1,
    0x0, 0xe, 0x42, 0x0, 0x46, 0x1, 0xe3, 0x84,
    0x0, 0xf9, 0x23, 0x3e, 0x0, 0x3f, 0x84, 0x3,
    0xc4, 0x1, 0xf3, 0xfd, 0xb9, 0x80, 0x7f, 0xf0,
    0x84, 0x3, 0x22, 0x22, 0xc0, 0x2f, 0x0, 0xff,
    0xe1, 0xf8, 0x0, 0xc0, 0x35, 0xd9, 0xd4, 0x3,
    0xff, 0x8e, 0x20, 0x1, 0x0, 0xff, 0xe7, 0x90,
    0x1, 0xc0, 0x3f, 0xf9, 0x42, 0x45, 0x32, 0x0,
    0x4, 0x3, 0xff, 0x95, 0x7b, 0xb4, 0x80, 0x5a,
    0x1, 0xff, 0xca, 0xd0, 0xf, 0x98, 0x3, 0xff,
    0x94, 0x80, 0x1c, 0x78, 0x1, 0xff, 0xcb, 0x3e,
    0xeb, 0xfd, 0x87, 0x3f, 0x90, 0x1, 0xff, 0xc8,
    0x11, 0x80, 0x3c, 0x6a, 0x1, 0xff, 0xd2, 0x10,
    0xf, 0xfe, 0x13, 0xdd, 0xb4, 0x3, 0xf8, 0x40,
    0xe, 0x1, 0x84, 0x2, 0xd0, 0xe, 0x14, 0x41,
    0x80, 0x7f, 0x10, 0x0, 0x40, 0x38, 0x40, 0xa,
    0xa0, 0xf, 0xfe, 0x22, 0x20, 0x0, 0x40, 0x1c,
    0x80, 0x15, 0x7f, 0xff, 0xf1, 0x2c, 0x2, 0xe0,
    0xe, 0x90, 0xf, 0xfe, 0x63, 0x80, 0x71, 0xd9,
    0x80, 0x7f, 0xf2, 0x6, 0x84, 0x3, 0xc9, 0x9d,
    0x76, 0xaa, 0xff, 0xe1, 0x5d, 0xb7, 0x94, 0x0,

    /* U+4E8B "事" */
    0x0, 0xff, 0xe1, 0x9, 0x10, 0x40, 0x3f, 0xfa,
    0x17, 0xba, 0xb0, 0xf, 0xff, 0x1b, 0x44, 0x7f,
    0xf0, 0x1c, 0x0, 0xf1, 0x1f, 0xfc, 0x5, 0x0,
    0x5b, 0xbf, 0xff, 0x0, 0x80, 0x4, 0xef, 0xff,
    0xc0, 0xf0, 0x0, 0x80, 0x7f, 0xf4, 0xf3, 0xff,
    0xff, 0x80, 0xa0, 0x5, 0xff, 0xff, 0xe0, 0x50,
    0x7, 0x1a, 0x27, 0xf0, 0x80, 0x5, 0x13, 0xf8,
    0x80, 0x3f, 0x75, 0xdf, 0xf2, 0x0, 0x12, 0xef,
    0xfa, 0x0, 0x3f, 0xfb, 0xf9, 0xff, 0xe5, 0x0,
    0x2f, 0xff, 0x9c, 0x3, 0xff, 0x84, 0xa6, 0x7e,
    0x10, 0x0, 0x99, 0xf8, 0x40, 0x3f, 0xf8, 0x53,
    0x99, 0xe4, 0x0, 0x26, 0x67, 0x98, 0x3, 0xfe,
    0x10, 0xf, 0xfe, 0x51, 0x80, 0x7e, 0xcf, 0xff,
    0xe5, 0x0, 0x2f, 0xff, 0xf4, 0x80, 0x7c, 0x89,
    0xff, 0x8, 0x0, 0x51, 0x3f, 0xc2, 0x1, 0xc3,
    0x77, 0xff, 0x20, 0x1, 0x2e, 0xff, 0xce, 0x1,
    0xff, 0xd9, 0x1e, 0xef, 0xf9, 0x40, 0xb, 0xdd,
    0xf2, 0x0, 0x7f, 0x8, 0xff, 0xc0, 0x18, 0x47,
    0xe0, 0xf, 0x97, 0xff, 0xff, 0x82, 0xa0, 0x5,
    0xff, 0xf9, 0x0, 0x13, 0xfe, 0x0, 0xff, 0xea,
    0xb, 0xcc, 0xff, 0xf0, 0x4c, 0x0, 0x73, 0x3f,
    0x10, 0x1, 0x66, 0x42, 0x4c, 0xdf, 0xfc, 0x20,
    0x3, 0x37, 0xf0, 0x3, 0x19, 0x80, 0x11, 0x33,
    0x7f, 0xf0, 0x0, 0xc, 0xdf, 0xc0, 0x1f, 0x92,
    0x67, 0xfe, 0x30, 0x1, 0xcc, 0xfc, 0x40, 0x1f,
    0x8c, 0x47, 0xfe, 0x0, 0xc2, 0x3f, 0xe3, 0x0,
    0xe5, 0xee, 0xff, 0x94, 0x0, 0xbd, 0xdf, 0xe5,
    0x0, 0xff, 0xe2, 0xb, 0x80, 0xc, 0x3, 0xff,
    0x95, 0x3b, 0xb7, 0x70, 0x80, 0x1c, 0x1, 0xff,
    0xca, 0xe2, 0x28, 0x40, 0x32, 0x80, 0x7f, 0xf2,
    0x90, 0x3, 0x85, 0x70, 0x80, 0x3f, 0xf8, 0x40,

    /* U+4EA4 "交" */
    0x0, 0xff, 0xe1, 0x89, 0x0, 0x7f, 0xf3, 0xe3,
    0x7b, 0x40, 0x3f, 0xf9, 0xfe, 0x40, 0x6, 0x0,
    0xff, 0xe7, 0x30, 0x5, 0xa0, 0x1f, 0xfc, 0xe1,
    0x40, 0x2, 0x8, 0x7, 0xff, 0x6, 0x7f, 0xff,
    0xf8, 0x8, 0x1, 0x77, 0xff, 0xfc, 0x40, 0x60,
    0x1f, 0xff, 0x1e, 0x88, 0xff, 0xe8, 0x18, 0x23,
    0xbf, 0xcd, 0x66, 0xef, 0xf1, 0x49, 0xbb, 0xfe,
    0x10, 0xf, 0xc3, 0x87, 0x6a, 0x1, 0xc7, 0x43,
    0x70, 0x1, 0xff, 0xc3, 0x1c, 0x20, 0x7, 0x0,
    0x72, 0x0, 0x4f, 0x82, 0x1, 0xff, 0xc0, 0x2c,
    0x20, 0x1, 0xd8, 0x7, 0x3d, 0x0, 0x47, 0xe8,
    0x1, 0xfe, 0x4c, 0x20, 0x1, 0xe8, 0x7, 0xcb,
    0xa4, 0x0, 0x1b, 0x70, 0xf, 0xcd, 0x62, 0x0,
    0x4c, 0x10, 0xf, 0xc5, 0xaa, 0x1, 0x45, 0x88,
    0x6, 0x1a, 0x90, 0x9, 0x6c, 0x80, 0x3f, 0x90,
    0x2a, 0x0, 0x24, 0xc2, 0x0, 0x1f, 0xa8, 0x4,
    0xf7, 0x3b, 0x0, 0x1f, 0x25, 0xeb, 0x3d, 0x88,
    0x0, 0xb0, 0x0, 0x40, 0x1a, 0x62, 0xd8, 0x1c,
    0x80, 0x3d, 0x0, 0x52, 0x29, 0x84, 0x0, 0xb0,
    0x0, 0xc0, 0x16, 0x30, 0x40, 0x5, 0xc0, 0x1c,
    0xc6, 0x0, 0x71, 0x2, 0xc4, 0x65, 0x0, 0x9a,
    0x34, 0xc0, 0x5, 0x0, 0x3, 0x80, 0x8, 0xa4,
    0x0, 0x30, 0x1, 0xd, 0xc8, 0x7, 0x38, 0x7,
    0x39, 0x80, 0x1d, 0x40, 0x1e, 0x1, 0x50, 0x7,
    0xff, 0x1f, 0x80, 0x2a, 0x4b, 0x20, 0x3, 0x20,
    0x7, 0xff, 0x1c, 0xa8, 0x2, 0xb4, 0x0, 0x1c,
    0x80, 0x7f, 0xf2, 0x56, 0x0, 0x38, 0x74, 0x3,
    0xff, 0x96, 0x20, 0x1c, 0x44, 0x0, 0xff, 0xe4,
    0xa6, 0xc8, 0x7, 0x1e, 0x51, 0x0, 0x7f, 0xf1,
    0x5b, 0x6c, 0x80, 0x25, 0x20, 0x9, 0x76, 0xd4,
    0x3, 0xff, 0x80, 0x93, 0xf2, 0x40, 0x11, 0x5d,
    0x6b, 0x80, 0x64, 0xaf, 0xa5, 0x10, 0xc, 0x2d,
    0x5d, 0x6c, 0x1, 0x86, 0x35, 0x0, 0x11, 0xaa,
    0x1, 0xcb, 0x5d, 0xb2, 0xa5, 0xd2, 0xa2, 0x1,
    0x86, 0x39, 0xc0, 0x38, 0xab, 0x58, 0x3, 0xc4,
    0xda, 0x46, 0x1, 0xc9, 0x5c, 0xe0, 0x1f, 0xc5,
    0x3f, 0x28, 0x1, 0xd6, 0x10, 0x0, 0x39, 0xeb,
    0x50, 0xf, 0xfe, 0x13, 0x5f, 0x4a, 0x1, 0x18,
    0x25, 0x76, 0x30, 0x80, 0x7f, 0xf1, 0x85, 0xaf,
    0xfc, 0x0,

    /* U+4EC5 "仅" */
    0x0, 0xf9, 0x94, 0x40, 0x3f, 0xfa, 0x33, 0x5c,
    0xc0, 0x1f, 0xfc, 0xf6, 0x0, 0x90, 0x5d, 0xff,
    0xf8, 0xa2, 0x1, 0xfb, 0x40, 0x4, 0x54, 0x47,
    0xff, 0x14, 0x80, 0x3e, 0x24, 0x0, 0x50, 0x7,
    0xff, 0x3e, 0x80, 0x26, 0x1, 0x0, 0xc2, 0x3f,
    0xc0, 0x1f, 0xfc, 0x7, 0x0, 0x28, 0x81, 0x0,
    0x4d, 0xdd, 0xfd, 0x0, 0x11, 0x0, 0x79, 0x80,
    0x2e, 0x0, 0x8c, 0x0, 0x80, 0x1f, 0xd8, 0x0,
    0x21, 0x0, 0xf5, 0x80, 0x48, 0x1, 0x20, 0x0,
    0x84, 0x3, 0xf2, 0x0, 0x10, 0x3, 0xcc, 0x40,
    0x1f, 0x60, 0x4, 0xe0, 0x1f, 0x18, 0x5, 0x80,
    0x1e, 0x80, 0xf, 0xc8, 0x1, 0x68, 0x7, 0xd4,
    0x1, 0x20, 0x7, 0x38, 0x80, 0x7f, 0x28, 0x1,
    0x4, 0x3, 0xce, 0x0, 0x41, 0x0, 0xc3, 0x0,
    0x1f, 0xef, 0x0, 0x9c, 0x3, 0x90, 0x40, 0x1a,
    0x1, 0xd4, 0x1, 0xff, 0x28, 0x80, 0x2c, 0x3,
    0xa0, 0x2, 0x60, 0xc, 0xa8, 0x0, 0x10, 0xf,
    0xe6, 0x0, 0x12, 0x80, 0x48, 0x60, 0x6, 0x0,
    0xe1, 0x0, 0xa0, 0x3, 0xfa, 0x40, 0x28, 0x0,
    0xa0, 0x2, 0x80, 0xe, 0x50, 0x4, 0x90, 0x7,
    0xf0, 0xb0, 0x0, 0x98, 0x18, 0xc0, 0xc, 0x20,
    0x1c, 0x24, 0xac, 0x1, 0xff, 0x58, 0x5, 0x27,
    0x20, 0x14, 0x0, 0x7d, 0x74, 0x1, 0xff, 0xc0,
    0x27, 0x0, 0xb0, 0x2, 0x81, 0x0, 0xf9, 0x80,
    0x3f, 0xf8, 0x50, 0x40, 0x1c, 0x6e, 0x1, 0xff,
    0xcc, 0xe0, 0xe, 0xe0, 0xf, 0xfe, 0x6d, 0x80,
    0x73, 0x80, 0x7f, 0xf3, 0x29, 0xc0, 0x3a, 0x98,
    0x3, 0xff, 0x92, 0x38, 0xa0, 0x10, 0x80, 0x53,
    0x0, 0x1f, 0xfc, 0x73, 0xf3, 0x0, 0x9f, 0x90,
    0x2, 0x7b, 0x10, 0xf, 0xfe, 0x23, 0xe0, 0x80,
    0x51, 0x0, 0xb5, 0x0, 0x93, 0xd0, 0x3, 0xff,
    0x82, 0x59, 0x0, 0x1a, 0x9c, 0x2, 0xa7, 0x0,
    0x86, 0xe0, 0x3, 0xfc, 0x2f, 0xa6, 0x1, 0x16,
    0xa8, 0x7, 0x45, 0x0, 0x67, 0xd2, 0x0, 0xfe,
    0xa0, 0xc, 0xba, 0x40, 0x1f, 0x2e, 0x90, 0x6,
    0x20, 0xf, 0xc3, 0xc0, 0x1, 0xaa, 0x0, 0x7f,
    0x8b, 0x54, 0x1, 0xc0, 0x1f, 0xe3, 0x84, 0xf5,
    0x0, 0xff, 0xe0, 0xd5, 0x1c, 0xc0, 0x39, 0x3f,
    0xe0, 0x3, 0xd8, 0x80, 0x7f, 0xf0, 0xd6, 0x0,
    0x0,

    /* U+4ECD "仍" */
    0x0, 0xfb, 0x20, 0xc0, 0x3f, 0xf9, 0xe8, 0x6f,
    0x88, 0x1, 0xff, 0xce, 0xd0, 0x9, 0x27, 0xbb,
    0xff, 0x87, 0xa0, 0x1f, 0xce, 0x0, 0x50, 0x31,
    0x1f, 0xfe, 0x19, 0x80, 0x7e, 0x31, 0x0, 0x78,
    0x7, 0xff, 0x3a, 0x80, 0x25, 0x9, 0xaa, 0x10,
    0x1, 0x2a, 0xbc, 0x20, 0x2, 0x0, 0xfc, 0xc0,
    0x6, 0x0, 0x1a, 0xa9, 0x80, 0x6, 0xab, 0xce,
    0x20, 0xb, 0x0, 0xf9, 0x80, 0x2a, 0x0, 0xff,
    0xe1, 0x28, 0x4, 0xa0, 0x1f, 0x58, 0x4, 0x60,
    0x1c, 0xe0, 0x1f, 0xac, 0x0, 0x64, 0x1, 0xe4,
    0x20, 0x0, 0x80, 0x7f, 0xf0, 0x88, 0xc0, 0x16,
    0x1, 0xf4, 0x0, 0x7f, 0xf0, 0x7c, 0x3, 0x28,
    0x4, 0xc0, 0x1e, 0x43, 0x0, 0xff, 0x8, 0x7,
    0xd6, 0x0, 0x31, 0x0, 0xf4, 0x80, 0x7f, 0xf0,
    0x84, 0x3, 0x18, 0x0, 0xb7, 0x71, 0x83, 0x90,
    0x7, 0xfc, 0x60, 0x3, 0x0, 0xf8, 0x48, 0xb0,
    0x14, 0x0, 0x7f, 0xf0, 0x4, 0x0, 0x20, 0x1f,
    0xfc, 0x1, 0x10, 0x4, 0xe0, 0x1f, 0xfc, 0x7,
    0x0, 0xd7, 0x55, 0x40, 0x4, 0x66, 0x0, 0x36,
    0x80, 0x7e, 0x10, 0x8, 0x40, 0x32, 0x2a, 0xc6,
    0x1, 0x8, 0x21, 0x48, 0x7, 0xf1, 0x80, 0x44,
    0x1, 0xf8, 0x40, 0x3b, 0x3c, 0x3, 0xfc, 0xe0,
    0x1, 0x0, 0xfe, 0x30, 0xe, 0x72, 0x0, 0xff,
    0x10, 0x0, 0x80, 0x3f, 0xf8, 0x2, 0x1, 0xff,
    0xc2, 0xd0, 0x2, 0x80, 0x7f, 0x8, 0x0, 0xc0,
    0x3f, 0xf8, 0x48, 0x0, 0xc0, 0xf, 0xef, 0x0,
    0xff, 0xe2, 0x18, 0x80, 0x10, 0x3, 0xf8, 0x40,
    0x2, 0x1, 0xff, 0xc1, 0x90, 0x1, 0x88, 0x7,
    0xf1, 0x80, 0x1c, 0x3, 0xff, 0x80, 0x4a, 0x0,
    0xa0, 0xf, 0xf0, 0x80, 0x4, 0x3, 0xff, 0x81,
    0x0, 0x13, 0x0, 0x7f, 0x9c, 0x3, 0xff, 0x84,
    0x8a, 0x0, 0x70, 0xf, 0xf8, 0xc0, 0x6, 0x1,
    0xfe, 0x1a, 0x0, 0xc, 0x0, 0x62, 0x33, 0xc9,
    0x60, 0x17, 0x0, 0x7f, 0xac, 0x40, 0x14, 0x1,
    0xd1, 0x99, 0xad, 0x0, 0x24, 0x0, 0xfe, 0x45,
    0x0, 0x32, 0x0, 0x76, 0x80, 0x7e, 0x43, 0x0,
    0xfe, 0x4b, 0x33, 0x48, 0x7, 0x8c, 0x3, 0x84,
    0xe2, 0xc0, 0x3c, 0xbf, 0xee, 0x4, 0xcd, 0x0,
    0xf9, 0x3f, 0xfb, 0xb1, 0xc0, 0x20,

    /* U+4ECE "从" */
    0x0, 0xf9, 0x59, 0x88, 0x1, 0xf9, 0x9a, 0x30,
    0xf, 0xfe, 0x24, 0x4c, 0xb8, 0x3, 0xf4, 0x4c,
    0xac, 0x3, 0xff, 0xce, 0x60, 0x1f, 0xfd, 0x3,
    0x0, 0xff, 0xeb, 0x8, 0x7, 0xe1, 0x0, 0xff,
    0xe3, 0x88, 0x3, 0xc0, 0x3f, 0xfb, 0xe2, 0x1,
    0xff, 0xc7, 0x10, 0xf, 0xf8, 0xc0, 0x3f, 0xf8,
    0x62, 0x1, 0x18, 0x7, 0xc2, 0x1, 0x30, 0x7,
    0xff, 0xc, 0xc0, 0x2d, 0x0, 0xf8, 0xc0, 0x21,
    0x0, 0xff, 0xe1, 0xb0, 0x4, 0xec, 0x1, 0xe6,
    0x0, 0x88, 0x3, 0xff, 0x86, 0x20, 0x1a, 0x50,
    0x3, 0x88, 0x3, 0x18, 0x7, 0xff, 0x8, 0x80,
    0x3a, 0xc8, 0x3, 0x78, 0x6, 0x50, 0xf, 0xfe,
    0x16, 0x80, 0x7b, 0x4, 0x2, 0x20, 0xd, 0xe0,
    0x1f, 0xfc, 0x27, 0x0, 0x23, 0x0, 0x7, 0x40,
    0x24, 0x0, 0xc8, 0x1, 0xff, 0xc2, 0x20, 0x6,
    0x49, 0x80, 0xe, 0x80, 0xc0, 0x38, 0x88, 0x1,
    0xff, 0xc0, 0x40, 0x8, 0xc3, 0x44, 0x0, 0xa9,
    0x60, 0x1, 0x30, 0x2, 0x80, 0x7f, 0xf0, 0x30,
    0x2, 0x50, 0x1d, 0x0, 0x22, 0x18, 0x0, 0xf6,
    0x0, 0xa0, 0xf, 0xfe, 0x2, 0x80, 0x8, 0x40,
    0x7, 0x5, 0x4a, 0x20, 0xd, 0x50, 0x1, 0x20,
    0x7, 0xf8, 0xc8, 0x0, 0xa0, 0x19, 0xf0, 0x64,
    0x0, 0x28, 0x44, 0x0, 0x78, 0x7, 0xfa, 0xc0,
    0x2b, 0x0, 0xe1, 0x43, 0x0, 0x48, 0x2, 0x80,
    0x8, 0x60, 0x1f, 0xce, 0x0, 0x13, 0x0, 0xf4,
    0x80, 0x4c, 0x0, 0x71, 0x0, 0x78, 0x7, 0xe7,
    0x0, 0x98, 0x3, 0xd0, 0x40, 0x7, 0x10, 0x9,
    0x80, 0x6, 0xc0, 0x1f, 0x48, 0x5, 0x40, 0x1c,
    0x6e, 0x0, 0x19, 0x0, 0xd2, 0x1, 0x49, 0x0,
    0x74, 0x8, 0x1, 0x48, 0x3, 0xf, 0x0, 0x50,
    0x20, 0x18, 0x60, 0x2, 0xf0, 0xc, 0x4e, 0x1,
    0x40, 0x7, 0x51, 0x0, 0xd, 0x80, 0x3c, 0xe4,
    0x0, 0x2a, 0x0, 0xa4, 0x2, 0x52, 0x0, 0xd2,
    0x80, 0x17, 0x0, 0x7e, 0xe0, 0x9, 0x64, 0x11,
    0x0, 0x14, 0x0, 0x67, 0x60, 0xa, 0x48, 0x3,
    0xf1, 0xb8, 0x4, 0xc2, 0x8e, 0x0, 0x72, 0x0,
    0xc2, 0x1, 0x33, 0x0, 0x3f, 0xd0, 0x80, 0x9,
    0x10, 0x8c, 0x48, 0x0, 0xe6, 0xa0, 0x39, 0x0,
    0xff, 0xe0, 0x59, 0x2b, 0x0, 0x47, 0x60, 0x1f,
    0x2d, 0xe8, 0x7, 0xff, 0xb, 0xe8, 0x0,

    /* U+4EE4 "令" */
    0x0, 0xff, 0xf1, 0x67, 0xfb, 0x0, 0x3f, 0xf9,
    0xf0, 0x60, 0x3, 0x80, 0xf, 0xfe, 0x6b, 0x38,
    0x6, 0x75, 0x0, 0xff, 0xe5, 0xa4, 0x80, 0x7a,
    0x8c, 0x3, 0xff, 0x92, 0x96, 0x1, 0x55, 0x0,
    0x2d, 0x30, 0xf, 0xfe, 0x3a, 0xd8, 0x5, 0xa,
    0xa6, 0x0, 0xe, 0x98, 0x7, 0xff, 0x15, 0xe8,
    0x2, 0x67, 0x0, 0x4a, 0x80, 0x7, 0x14, 0x3,
    0xff, 0x84, 0x37, 0x0, 0x13, 0x48, 0x6, 0xa4,
    0x0, 0xaa, 0x0, 0x3f, 0xf8, 0x9, 0xe8, 0x1,
    0x3c, 0x83, 0xa8, 0x5, 0x6a, 0x1, 0x3e, 0x10,
    0x7, 0xe1, 0x8b, 0x10, 0xa, 0xa0, 0x2e, 0x28,
    0xc0, 0x2a, 0x60, 0x8, 0xf5, 0xc0, 0x3c, 0xde,
    0xe0, 0x11, 0x6a, 0x81, 0xa0, 0x3, 0x44, 0x2,
    0x99, 0x0, 0x68, 0xd4, 0x0, 0x1e, 0xc8, 0x80,
    0x4b, 0xa4, 0x0, 0x3a, 0x0, 0xe, 0x0, 0x66,
    0xc2, 0x0, 0x8a, 0xf0, 0x84, 0x80, 0x21, 0xaa,
    0x0, 0x72, 0xb8, 0x0, 0xac, 0x3, 0x1e, 0xb0,
    0x6, 0x33, 0x12, 0x80, 0x1b, 0xd4, 0x3, 0xe8,
    0x40, 0x2, 0x90, 0x7, 0x4e, 0x10, 0x2, 0x4,
    0x20, 0xf2, 0x44, 0x3, 0xfa, 0xc9, 0x3c, 0x80,
    0x3c, 0x7b, 0x26, 0xe0, 0x2, 0xc3, 0x77, 0xff,
    0xe0, 0x26, 0x33, 0xbf, 0xe2, 0x6c, 0x0, 0xf4,
    0x47, 0xff, 0x1, 0xa2, 0x3f, 0xce, 0x1, 0xff,
    0xfc, 0xff, 0xff, 0xe2, 0xe9, 0x0, 0x44, 0x80,
    0x1f, 0xfc, 0x1, 0x0, 0xff, 0x8b, 0x8, 0x0,
    0x58, 0x20, 0x1f, 0xf1, 0x75, 0x10, 0x7, 0xe3,
    0xc1, 0x0, 0x16, 0x8, 0x7, 0xff, 0x2, 0x1,
    0x76, 0x44, 0x3, 0x97, 0x4, 0x0, 0x78, 0x20,
    0x1f, 0xfc, 0x2, 0x50, 0x9, 0xba, 0x44, 0x0,
    0xf4, 0x1, 0x26, 0x8, 0x7, 0xff, 0x4, 0xac,
    0xc0, 0x33, 0x74, 0x4c, 0x0, 0x4b, 0x60, 0x1f,
    0xfc, 0x44, 0xcb, 0x20, 0xc, 0xec, 0x1, 0x35,
    0x0, 0x7f, 0xf1, 0xd3, 0x68, 0x40, 0x3c, 0x92,
    0x1, 0xff, 0xca, 0x5e, 0x81, 0x0, 0xc9, 0xa8,
    0x1, 0xff, 0xcb, 0x7f, 0x70, 0xc, 0x57, 0x62,
    0x0, 0xff, 0xe5, 0xc, 0x6a, 0x80, 0x64, 0x30,
    0xf, 0xfe, 0x61, 0x56, 0x18, 0x2, 0x4, 0x3,
    0xff, 0x9c, 0x79, 0x26, 0xe0, 0x1f, 0xfd, 0x16,
    0xc0, 0xf, 0xf0,

    /* U+4EF6 "件" */
    0x0, 0xf8, 0x80, 0x3f, 0xe3, 0x99, 0x84, 0x3,
    0xff, 0x84, 0x3b, 0xd4, 0x40, 0x1f, 0x95, 0x9a,
    0x20, 0xf, 0xfe, 0x13, 0x80, 0xa8, 0x80, 0x8,
    0x80, 0x1f, 0xfc, 0xbd, 0x0, 0x9, 0x80, 0x2f,
    0x74, 0xe0, 0x1f, 0xfc, 0x94, 0x0, 0x20, 0x4,
    0x80, 0x5c, 0x1, 0xff, 0xc8, 0x60, 0xb, 0xc0,
    0x2, 0x40, 0xf, 0x0, 0xff, 0xe4, 0x50, 0x4,
    0xa0, 0x4, 0x0, 0x90, 0x3, 0xff, 0x8e, 0x46,
    0x0, 0x50, 0xb, 0xc0, 0x2, 0x40, 0x1f, 0xfc,
    0x7b, 0x0, 0xb8, 0x2, 0x50, 0x0, 0xff, 0xd2,
    0x1, 0x67, 0xff, 0x84, 0x3, 0x9c, 0x2, 0x40,
    0x2, 0x0, 0x7f, 0xf2, 0xdc, 0x40, 0x2, 0x1,
    0x68, 0x7, 0xff, 0x2e, 0x40, 0x3e, 0x60, 0x1,
    0x55, 0x66, 0x0, 0xa2, 0xab, 0xc2, 0x1, 0x30,
    0x80, 0x79, 0x40, 0x2a, 0x55, 0xde, 0x1, 0x22,
    0xaf, 0x80, 0x34, 0x0, 0x7d, 0xc0, 0x12, 0x80,
    0x7f, 0xf1, 0x9c, 0x40, 0x3c, 0x48, 0x0, 0x32,
    0x0, 0xff, 0xe2, 0x94, 0x0, 0x7c, 0x24, 0x0,
    0xa0, 0xf, 0xfe, 0x32, 0x0, 0x48, 0x1, 0x8f,
    0x71, 0x58, 0x3, 0xff, 0x8c, 0x80, 0x5, 0xd0,
    0xf, 0x1d, 0x0, 0x7f, 0xf1, 0xc8, 0x6, 0xc0,
    0x3c, 0x67, 0xfc, 0x20, 0x13, 0x19, 0xfc, 0x0,
    0x4a, 0x10, 0xe, 0x2c, 0xcf, 0xe8, 0x0, 0xab,
    0x33, 0xe3, 0x9, 0x40, 0xf, 0xfe, 0x91, 0x0,
    0x7f, 0xf6, 0xcb, 0xbb, 0xfa, 0x40, 0x2b, 0xee,
    0xf8, 0xc0, 0x3f, 0xc2, 0x3f, 0xc0, 0x19, 0xc4,
    0x7e, 0x0, 0xff, 0xff, 0x80, 0x7f, 0xff, 0xc0,
    0x3f, 0xff, 0xe0, 0x1f, 0xfd, 0x86, 0xff, 0x70,
    0x7, 0xfc, 0xdf, 0xf1, 0x80, 0x7e,

    /* U+4EFB "任" */
    0x0, 0xf8, 0xd8, 0x40, 0x3f, 0xfa, 0x11, 0x3d,
    0x20, 0x1f, 0xfc, 0x31, 0x47, 0x30, 0xf, 0x85,
    0x0, 0x1c, 0x1, 0xf8, 0x4d, 0x5e, 0x73, 0xb9,
    0x71, 0x60, 0x1f, 0x38, 0x4, 0xc6, 0xf1, 0x37,
    0x9d, 0xfd, 0x95, 0xc, 0x62, 0x1, 0x18, 0x7,
    0xd4, 0x0, 0x31, 0x58, 0x76, 0x43, 0x10, 0xf,
    0xf9, 0xc0, 0x3c, 0x66, 0x0, 0x48, 0x18, 0x7,
    0xfc, 0x6a, 0xf5, 0x9f, 0x80, 0x1e, 0x90, 0x0,
    0xa8, 0x30, 0x92, 0x2b, 0xc4, 0x0, 0x27, 0xca,
    0x85, 0x30, 0xf, 0x89, 0x40, 0xc, 0x0, 0x3e,
    0xdb, 0xa8, 0x76, 0x0, 0xff, 0xe2, 0x58, 0x5,
    0x60, 0x1f, 0xfc, 0xd1, 0x60, 0xf, 0xfe, 0x8c,
    0x0, 0x7f, 0xf4, 0x49, 0x80, 0x3f, 0xfa, 0x32,
    0x1, 0xff, 0xd1, 0x54, 0x0, 0xf8, 0x48, 0xbf,
    0x0, 0x42, 0x45, 0xf8, 0x6c, 0x0, 0x20, 0x1d,
    0x5b, 0xbf, 0x60, 0x4, 0xdb, 0xbf, 0x90, 0x40,
    0x16, 0x1, 0xff, 0xce, 0x50, 0x4, 0x38, 0x7,
    0xff, 0x3d, 0xd, 0xc0, 0x3d, 0x39, 0x9f, 0x50,
    0x4, 0xd9, 0x9f, 0x83, 0x78, 0x3, 0xe2, 0x33,
    0xf9, 0x0, 0x21, 0x33, 0xfc, 0xc, 0x40, 0x1f,
    0xff, 0xf0, 0xf, 0xff, 0xf8, 0x7, 0xff, 0xfd,
    0x59, 0xbe, 0x0, 0x8d, 0x9b, 0xe1, 0x0, 0xff,
    0xae, 0x67, 0xd0, 0x1, 0x24, 0xcf, 0xc4, 0x1,
    0xff, 0xde, 0x30, 0xf, 0xfe, 0x96, 0xff, 0xff,
    0xf1, 0x8c,

    /* U+4F11 "休" */
    0x0, 0xff, 0xe3, 0x11, 0x42, 0x1, 0xff, 0xc5,
    0x8a, 0x61, 0x0, 0xfb, 0x37, 0x4c, 0x1, 0xff,
    0xc5, 0x65, 0x99, 0x0, 0x7f, 0xf3, 0xd0, 0x40,
    0x16, 0x1, 0xff, 0xcf, 0xe0, 0x1, 0x18, 0x7,
    0xff, 0x38, 0x54, 0x0, 0xa0, 0x1f, 0xfc, 0xf6,
    0x0, 0xa8, 0x3, 0xff, 0x9f, 0x20, 0x3, 0x23,
    0x44, 0xf8, 0x40, 0x1a, 0x89, 0xf8, 0x3, 0xcc,
    0x20, 0xa, 0xe, 0xbb, 0xf8, 0x2, 0x5b, 0xbf,
    0xc6, 0x1, 0xd6, 0x1, 0x30, 0x7, 0xff, 0x39,
    0x48, 0x0, 0x20, 0x1f, 0xfc, 0xfb, 0x0, 0xf7,
    0xee, 0xf8, 0x80, 0x35, 0x6e, 0xfc, 0x60, 0x13,
    0x88, 0x7, 0x88, 0xbc, 0x4, 0x1, 0xbc, 0x8b,
    0xe0, 0x8, 0xa0, 0x3, 0xff, 0x83, 0x60, 0x1c,
    0xa4, 0x1, 0xfd, 0xc0, 0x1f, 0xfc, 0x11, 0x60,
    0xf, 0x58, 0x7, 0xe6, 0x30, 0xf, 0xfe, 0xc,
    0x80, 0x7c, 0xc4, 0x1, 0xf1, 0x0, 0x50, 0x1,
    0xfc, 0x2e, 0x1, 0xfa, 0x0, 0x3e, 0x40, 0x5,
    0x10, 0x7, 0xf5, 0x80, 0x10, 0x40, 0xc, 0x0,
    0x54, 0x0, 0xf8, 0xd5, 0x40, 0x1f, 0xc6, 0xa0,
    0x8, 0x0, 0xb9, 0x80, 0x12, 0x1, 0xf5, 0x50,
    0x3, 0xfd, 0xc0, 0x4, 0x30, 0xd, 0x0, 0x2,
    0x90, 0xf, 0x30, 0x7, 0xfa, 0x48, 0x1, 0x20,
    0x1c, 0x30, 0x0, 0x65, 0x0, 0xff, 0xe1, 0xab,
    0x0, 0x1c, 0x80, 0x3c, 0xe4, 0x0, 0xa2, 0x0,
    0xff, 0xe0, 0x95, 0x0, 0xa, 0x0, 0x3f, 0x70,
    0x5, 0x82, 0x1, 0xff, 0xe, 0x0, 0x5c, 0x1,
    0xfc, 0x70, 0x0, 0x1c, 0x10, 0xf, 0xe1, 0xc1,
    0x0, 0x41, 0x80, 0x7f, 0x9d, 0x0, 0x5, 0x82,
    0x1, 0xf9, 0x8, 0x0, 0x8e, 0x1, 0xff, 0xc0,
    0xa1, 0x0, 0x84, 0x3, 0xf2, 0xa8, 0xa, 0xc0,
    0x3f, 0xf8, 0x23, 0x82, 0x1c, 0x1, 0xfe, 0xa3,
    0xf0, 0xf, 0xfe, 0x19, 0x53, 0x98, 0x7, 0xfd,
    0x84, 0x1, 0xff, 0xc4, 0x48, 0x0, 0xff, 0xfd,
    0x9, 0x14, 0x1, 0xff, 0xcc,

    /* U+4F1A "会" */
    0x0, 0xff, 0xe1, 0x26, 0x62, 0xc0, 0x3f, 0xf9,
    0xe5, 0x66, 0x64, 0xb0, 0xf, 0xfe, 0x68, 0xf8,
    0x6, 0x49, 0x0, 0xff, 0xe5, 0x8e, 0x10, 0x0,
    0x80, 0xd, 0x20, 0x1f, 0xfc, 0x91, 0xc2, 0x0,
    0x3e, 0x10, 0x1, 0xa4, 0x3, 0xff, 0x8e, 0x7e,
    0x40, 0x5, 0x81, 0xf1, 0x0, 0x35, 0x80, 0x7f,
    0xf1, 0x57, 0x4, 0x0, 0xb4, 0x0, 0x2c, 0x10,
    0x2, 0x69, 0x0, 0x7f, 0xf0, 0xa6, 0x80, 0x26,
    0xa0, 0xc, 0x58, 0x40, 0x2, 0xd5, 0x0, 0xff,
    0x8f, 0x58, 0x2, 0x89, 0x0, 0xf1, 0x61, 0x80,
    0x55, 0x62, 0x1, 0xf0, 0xce, 0x10, 0x0, 0x6d,
    0xc0, 0x3f, 0xe, 0x30, 0x4, 0x9c, 0xe0, 0x1c,
    0xfc, 0xc0, 0x11, 0x62, 0x0, 0x7f, 0xd3, 0x20,
    0xd, 0x1a, 0xa0, 0xe, 0x80, 0xc, 0xe5, 0xbf,
    0xff, 0xfc, 0x19, 0x54, 0x0, 0x8a, 0x9c, 0x10,
    0x2, 0x4d, 0x90, 0xf, 0xfe, 0x21, 0x5d, 0x8,
    0x4, 0xa1, 0x20, 0x55, 0x64, 0x1, 0xff, 0xc7,
    0x5e, 0x70, 0x52, 0x3, 0xad, 0x50, 0x0, 0xff,
    0xff, 0xf1, 0x20, 0x2, 0x8e, 0xb0, 0x9, 0x40,
    0x3f, 0xf9, 0xc2, 0x20, 0xf, 0xfe, 0xb9, 0x9f,
    0xff, 0x40, 0x40, 0x3, 0x99, 0xff, 0xd0, 0x90,
    0xf, 0xff, 0xb0, 0xff, 0xfe, 0x70, 0x8, 0xff,
    0xfc, 0xfd, 0xff, 0xf4, 0x0, 0x7f, 0x99, 0xc0,
    0x5, 0xa0, 0x18, 0x6d, 0xf0, 0x40, 0x3f, 0xf8,
    0x8b, 0x20, 0x1, 0xf1, 0x0, 0xce, 0x80, 0x5a,
    0x1, 0xff, 0xc3, 0x5a, 0x0, 0xb4, 0x80, 0x39,
    0x98, 0x0, 0x3a, 0x0, 0xff, 0xe0, 0xbd, 0x0,
    0x56, 0x60, 0x1f, 0x4a, 0x0, 0x16, 0x0, 0x3f,
    0xe9, 0x80, 0xa, 0x98, 0x8d, 0x15, 0x4c, 0xf1,
    0x1, 0x0, 0x9d, 0x80, 0x3f, 0xa1, 0x80, 0x35,
    0x6e, 0xb2, 0xea, 0x93, 0xe, 0xe5, 0x0, 0xd2,
    0x80, 0x1f, 0xbc, 0x3, 0xff, 0x95, 0x66, 0x1,
    0xf2, 0x0, 0x7f, 0x84, 0x8d, 0x10, 0xac, 0xf0,
    0xc0, 0x15, 0x80, 0x7c, 0x73, 0x57, 0x98, 0xde,
    0xff, 0xbb, 0x72, 0xed, 0x53, 0xf, 0x2e, 0xf,
    0x0, 0x1f, 0x99, 0x50, 0xcc, 0x42, 0x1, 0xff,
    0xc1, 0x8a, 0x80, 0xc,

    /* U+4F20 "传" */
    0x0, 0xf8, 0xd4, 0x40, 0x3e, 0x4b, 0xa9, 0x0,
    0xff, 0xe3, 0x7d, 0x74, 0x80, 0x7b, 0x11, 0x50,
    0x3, 0xff, 0x8a, 0x46, 0x0, 0xc0, 0xf, 0x18,
    0x1, 0xc0, 0x3f, 0xf8, 0xb4, 0x1, 0x28, 0x7,
    0x94, 0x1, 0xa0, 0x1f, 0xfc, 0x56, 0x0, 0x28,
    0x19, 0xf2, 0x88, 0x4, 0x67, 0xfc, 0x1, 0xf2,
    0x88, 0x3, 0x83, 0xb3, 0x35, 0x0, 0x51, 0x99,
    0xfc, 0x1, 0xf4, 0x80, 0x9, 0x0, 0x3f, 0xf9,
    0xc6, 0x60, 0x5, 0x80, 0x1c, 0xcf, 0x0, 0x42,
    0x67, 0xfe, 0x0, 0xf4, 0x0, 0x4c, 0x0, 0xac,
    0xcb, 0x40, 0x2b, 0xcc, 0xff, 0x0, 0x71, 0xa0,
    0x7, 0xf9, 0x0, 0x24, 0x0, 0xff, 0xe1, 0xc0,
    0x7, 0xfd, 0xe0, 0x2, 0x10, 0xf, 0xfe, 0x12,
    0x20, 0x3, 0xa7, 0xff, 0x94, 0x0, 0x5f, 0xff,
    0xfc, 0x1, 0x0, 0x48, 0x7, 0xff, 0x4a, 0x8,
    0x3, 0xff, 0xa2, 0x6e, 0x0, 0x20, 0xd, 0x1b,
    0xb8, 0x80, 0x9, 0xbb, 0xff, 0xc1, 0x10, 0xd,
    0x20, 0x18, 0x48, 0xa0, 0x20, 0x7, 0x11, 0x7f,
    0xf0, 0x40, 0xc8, 0x25, 0x80, 0x3f, 0x28, 0x4,
    0xa0, 0x1f, 0xfc, 0x35, 0x53, 0x0, 0x7f, 0x58,
    0x5, 0xff, 0xff, 0x50, 0x6, 0xaa, 0x0, 0x7f,
    0xf3, 0x44, 0x3, 0x10, 0x7, 0xff, 0x7f, 0x3f,
    0xff, 0xcc, 0x1, 0x70, 0x7, 0xff, 0x10, 0x40,
    0x3f, 0x91, 0x80, 0xc, 0xa0, 0x1f, 0xfc, 0x36,
    0xea, 0x30, 0xf, 0xd, 0x0, 0xe, 0x40, 0x3f,
    0xf8, 0x96, 0xb, 0x98, 0x50, 0xd, 0x42, 0x0,
    0xe0, 0xf, 0xfe, 0x20, 0x80, 0x63, 0xad, 0x70,
    0x84, 0x0, 0x51, 0x0, 0x7f, 0xf1, 0x7, 0x6d,
    0x0, 0x22, 0x8f, 0x70, 0x3, 0x28, 0x7, 0xff,
    0x1d, 0x2f, 0x58, 0x3, 0xea, 0x0, 0xff, 0xe5,
    0x14, 0xf4, 0x8, 0x6, 0xcb, 0x40, 0xf, 0xfe,
    0x50, 0xbf, 0x49, 0x0, 0x49, 0x78, 0x20, 0x1f,
    0xfc, 0xb6, 0xda, 0x30, 0x8, 0x44, 0x1, 0xff,
    0xcd, 0x5c, 0xb3, 0xb, 0x0, 0xfc, 0x5f, 0xf0,
    0x7, 0xff, 0x11, 0x32, 0xd8, 0x3, 0x0,

    /* U+4F46 "但" */
    0x0, 0xf9, 0xdc, 0x82, 0x1, 0xff, 0xd0, 0x88,
    0x5b, 0x0, 0x7f, 0xf3, 0xd4, 0x2, 0x50, 0xef,
    0xff, 0xfe, 0x22, 0x80, 0x7e, 0xf0, 0x1, 0x10,
    0x4, 0x3, 0xff, 0x9a, 0xa0, 0xa, 0x0, 0xff,
    0xe7, 0xb0, 0x4, 0xa0, 0x1d, 0x15, 0x5f, 0xe0,
    0xf, 0xfa, 0xc0, 0x6, 0x40, 0x1c, 0x6a, 0xbf,
    0xe1, 0x0, 0xfe, 0x42, 0x0, 0x50, 0x7, 0xff,
    0x3f, 0x80, 0x26, 0x0, 0xff, 0xe7, 0x12, 0x80,
    0x4, 0x3, 0xff, 0x9f, 0x0, 0x1f, 0xf1, 0xa2,
    0x7f, 0x84, 0x3, 0xe2, 0x50, 0xf, 0xfa, 0x2e,
    0xff, 0xc0, 0x1f, 0xa4, 0x3, 0xff, 0xa4, 0x88,
    0x0, 0xff, 0xe8, 0x8d, 0x0, 0x7f, 0xf0, 0x6f,
    0xff, 0xfc, 0x20, 0x1c, 0x82, 0x0, 0x30, 0xf,
    0xfe, 0x7a, 0x0, 0x12, 0x40, 0x3f, 0xf9, 0xe2,
    0x41, 0x20, 0x1f, 0xfd, 0x14, 0xa2, 0x0, 0xff,
    0xe8, 0xc2, 0x80, 0x7f, 0xf0, 0x2f, 0xff, 0xfc,
    0x20, 0x1e, 0x10, 0xf, 0xff, 0xf5, 0xdf, 0xff,
    0x15, 0x0, 0x3f, 0xf8, 0x48, 0x9f, 0xfc, 0x51,
    0x0, 0xff, 0xff, 0x82, 0xaf, 0xff, 0x24, 0x40,
    0x3f, 0x8a, 0xab, 0xff, 0x92, 0xa0, 0x1f, 0xff,
    0x37, 0x0, 0xfe, 0x2f, 0xff, 0xfe, 0x49, 0x80,

    /* U+4F4D "位" */
    0x0, 0xfa, 0xa1, 0x0, 0x3e, 0x48, 0xac, 0x0,
    0xff, 0xe2, 0x9a, 0xbd, 0xb0, 0x7, 0x8d, 0xd4,
    0xd0, 0x3, 0xff, 0x89, 0x60, 0x13, 0x80, 0x79,
    0x40, 0x2d, 0x0, 0xff, 0xe2, 0x30, 0x0, 0xc4,
    0x3, 0xc4, 0x40, 0x3, 0x80, 0x7f, 0xf0, 0xcc,
    0x40, 0x14, 0x1, 0xf9, 0x0, 0x2, 0x60, 0x1f,
    0xfc, 0x29, 0x0, 0x9c, 0xd5, 0x7e, 0x10, 0xa,
    0x95, 0x7e, 0x20, 0xe, 0x15, 0x0, 0x28, 0xfd,
    0x57, 0xce, 0x1, 0x35, 0x57, 0xca, 0x1, 0xcc,
    0x1, 0x70, 0x7, 0xff, 0x3e, 0x80, 0x24, 0x0,
    0xff, 0xe4, 0x88, 0x6, 0x52, 0x0, 0x8, 0x3,
    0x3f, 0xff, 0xf8, 0xec, 0x1, 0xa0, 0x3, 0xfc,
    0x80, 0x1f, 0xe8, 0x40, 0xf, 0x98, 0x80, 0x3f,
    0x57, 0xda, 0x80, 0x7e, 0x37, 0xbe, 0x30, 0xc,
    0x30, 0x1, 0xfc, 0xc0, 0xf, 0x0, 0xfc, 0x80,
    0x1, 0x30, 0xd, 0x2, 0x1, 0xfd, 0x60, 0x4,
    0x0, 0xfd, 0x80, 0x3, 0x0, 0xc8, 0xc0, 0x1f,
    0xe5, 0x0, 0x9, 0x80, 0x7c, 0x80, 0xb, 0x0,
    0xfd, 0x0, 0x1f, 0x11, 0x0, 0x16, 0x1, 0xe4,
    0x0, 0x94, 0x3, 0x20, 0x2, 0x48, 0x3, 0xf2,
    0x0, 0x10, 0x3, 0xd8, 0x0, 0x12, 0x0, 0xe4,
    0x43, 0x0, 0x7f, 0x68, 0x0, 0xc4, 0x3, 0x94,
    0x0, 0xe0, 0x1e, 0xfa, 0x0, 0xff, 0x20, 0x4,
    0x80, 0x18, 0x48, 0x1, 0xa0, 0x1e, 0x41, 0x0,
    0xff, 0x90, 0x1, 0xe0, 0x19, 0xc0, 0x24, 0x0,
    0xff, 0xe3, 0xe0, 0x1, 0x0, 0x36, 0x80, 0x14,
    0x3, 0xff, 0x90, 0x80, 0x1, 0x30, 0x9, 0x0,
    0x1e, 0x1, 0xff, 0xc8, 0x31, 0x0, 0x20, 0x1,
    0x40, 0x25, 0x0, 0xff, 0xe4, 0xa0, 0x3, 0x40,
    0x1e, 0x0, 0x40, 0xf, 0xfe, 0x57, 0x46, 0xd0,
    0x1, 0x0, 0x1a, 0x1, 0xff, 0xca, 0x47, 0x20,
    0x2, 0x8, 0x1, 0xc0, 0x3f, 0xf8, 0x82, 0x45,
    0xfe, 0xe0, 0x1, 0x98, 0x8b, 0xc0, 0x1f, 0xe6,
    0xdd, 0xff, 0x28, 0x0, 0xf7, 0x7e, 0x10, 0xf,
    0xfe, 0xe8, 0x80, 0x7f, 0xf4, 0xdb, 0xff, 0xff,
    0x92, 0x20,

    /* U+4F4E "低" */
    0x0, 0xfa, 0xec, 0xe4, 0x1, 0xff, 0xcf, 0x14,
    0x44, 0x28, 0x7, 0xff, 0x4, 0x96, 0x2b, 0x64,
    0x3, 0xf3, 0x80, 0x4c, 0x1, 0x84, 0xd5, 0xa2,
    0xb3, 0xbf, 0x69, 0xd4, 0x90, 0x3, 0xf6, 0x80,
    0xc, 0x6b, 0x7f, 0xdd, 0x95, 0x2e, 0xa6, 0x20,
    0x1e, 0x20, 0xf, 0x85, 0x0, 0x16, 0xe, 0x40,
    0x1f, 0xfc, 0x23, 0x69, 0x0, 0xfa, 0x40, 0x26,
    0x0, 0xfe, 0x11, 0x0, 0x6, 0xfb, 0xf2, 0x58,
    0x3, 0xe6, 0x0, 0x28, 0x80, 0x65, 0xbc, 0xef,
    0xeb, 0x0, 0x90, 0x40, 0x3f, 0xca, 0x20, 0xe,
    0x0, 0xec, 0x43, 0x10, 0x0, 0x80, 0x4, 0x3,
    0xff, 0x81, 0xc0, 0x12, 0x0, 0x7f, 0xce, 0x1,
    0xff, 0xc2, 0x34, 0x0, 0x8, 0x7, 0xff, 0x3e,
    0x0, 0x3f, 0xf8, 0x82, 0x1, 0x8, 0x7, 0xf1,
    0xa0, 0x7, 0xff, 0x10, 0xc0, 0x23, 0x0, 0xfe,
    0xf0, 0xf, 0xfb, 0x19, 0xb9, 0xc0, 0x25, 0x66,
    0xf0, 0x82, 0x98, 0x7, 0xfc, 0xb3, 0x3e, 0x0,
    0xa2, 0x67, 0xc4, 0x36, 0x1, 0xff, 0xd2, 0x31,
    0x0, 0x40, 0x7, 0xf0, 0x8f, 0xc0, 0x18, 0x47,
    0xc0, 0x42, 0xe, 0x60, 0x1f, 0xd1, 0xdd, 0xe5,
    0x0, 0x37, 0x77, 0x8c, 0x10, 0xe0, 0x3, 0xff,
    0x8a, 0x40, 0x2, 0x0, 0xfd, 0xfc, 0x1, 0xff,
    0xc6, 0xe0, 0x3, 0x0, 0x7e, 0x52, 0x0, 0xff,
    0xe3, 0x28, 0x0, 0x80, 0x3f, 0xfa, 0x4, 0x1,
    0x10, 0x7, 0xff, 0x3c, 0x44, 0x0, 0x40, 0xf,
    0xfe, 0x82, 0x0, 0x3c, 0x2, 0xb5, 0x0, 0xff,
    0xe5, 0xe0, 0x1, 0x0, 0x4, 0x95, 0x40, 0xf,
    0xfe, 0x21, 0x0, 0x1a, 0xc1, 0x0, 0x4, 0x40,
    0x60, 0x1, 0x0, 0x7f, 0xf0, 0xbf, 0x34, 0x22,
    0x51, 0xc8, 0x80, 0xb, 0xc, 0x0, 0x68, 0x7,
    0xfc, 0x60, 0x6, 0x30, 0x49, 0x0, 0x48, 0x50,
    0x1, 0x91, 0x0, 0x7, 0x0, 0xff, 0x18, 0x80,
    0x71, 0x8b, 0x80, 0xb3, 0x0, 0x2b, 0x30, 0x12,
    0x0, 0xff, 0x50, 0x6, 0x3b, 0x70, 0x90, 0x4,
    0xb, 0x80, 0x73, 0x80, 0x7f, 0xd6, 0x0, 0x3b,
    0xc4, 0x0, 0xb, 0x80, 0xac, 0x18, 0x6, 0xb0,
    0xf, 0xf8, 0x9a, 0xf1, 0x0, 0x3a, 0x45, 0x58,
    0x35, 0x40, 0xac, 0x80,

    /* U+4F4F "住" */
    0x0, 0xff, 0xe3, 0x89, 0x80, 0x7f, 0xf1, 0xa1,
    0x0, 0x3f, 0xc, 0x76, 0x80, 0x7f, 0xf1, 0x49,
    0xef, 0x90, 0x3, 0xc4, 0xe0, 0x30, 0x1, 0xff,
    0xc4, 0xa0, 0x0, 0xa8, 0x7, 0x8d, 0x0, 0xe,
    0x20, 0x1f, 0xfc, 0x35, 0x0, 0x18, 0x80, 0x7d,
    0x20, 0x15, 0x80, 0x7f, 0xf0, 0x8c, 0x80, 0x14,
    0x1, 0xf8, 0x90, 0x0, 0x82, 0x1, 0xff, 0xc1,
    0x90, 0x9, 0x80, 0x8b, 0xf7, 0x3, 0xe1, 0x91,
    0x78, 0x3, 0xc2, 0xa0, 0x5, 0x7, 0xdd, 0xfd,
    0x40, 0xfb, 0xbf, 0x98, 0x3, 0x98, 0x2, 0x90,
    0xf, 0xfe, 0x7c, 0x80, 0x44, 0x1, 0xff, 0xce,
    0x61, 0x0, 0xe7, 0xdd, 0xfa, 0x80, 0x2a, 0xdd,
    0xf9, 0x80, 0x35, 0x80, 0x7c, 0x45, 0xf3, 0x0,
    0x4c, 0x45, 0xf0, 0x6, 0x62, 0x0, 0xff, 0xe9,
    0x40, 0x7, 0xff, 0x4a, 0x44, 0x3, 0xff, 0xa2,
    0x6c, 0x0, 0x10, 0xf, 0xfe, 0x7b, 0x80, 0x50,
    0x1, 0xe2, 0x44, 0xf8, 0x2, 0x44, 0xf8, 0x40,
    0x8, 0x0, 0x75, 0x0, 0xf4, 0x5d, 0xfa, 0x0,
    0x28, 0xbb, 0xf2, 0x0, 0x48, 0x70, 0x1, 0xff,
    0xd1, 0xde, 0x0, 0xff, 0xe9, 0x31, 0x0, 0x7e,
    0xaf, 0xff, 0x60, 0x5, 0x9f, 0xfe, 0x50, 0xf,
    0xff, 0xf8, 0x7, 0xff, 0xfc, 0x3, 0xff, 0xd4,
    0x89, 0xf9, 0x40, 0x25, 0x44, 0xfc, 0x1, 0xfe,
    0x3b, 0xbf, 0xd2, 0x1, 0x4d, 0xdf, 0xe2, 0x0,
    0xff, 0xee, 0x88, 0x7, 0xff, 0x4c, 0xbf, 0xff,
    0xf9, 0x24,

    /* U+4F53 "体" */
    0x0, 0xff, 0xe3, 0x22, 0x40, 0x1f, 0xfc, 0x57,
    0xeb, 0x80, 0xf, 0x8a, 0xee, 0x10, 0xf, 0xfe,
    0x25, 0x8a, 0x20, 0x3, 0xff, 0x9e, 0x26, 0x0,
    0xb0, 0xf, 0xfe, 0x7b, 0x80, 0x4a, 0x1, 0xff,
    0xcf, 0xa0, 0x1, 0x10, 0x3, 0xff, 0x9c, 0x46,
    0x0, 0xa0, 0xf, 0xfe, 0x7d, 0x0, 0x4a, 0x5f,
    0xff, 0x68, 0x5, 0xdf, 0xff, 0x70, 0x7, 0x98,
    0x0, 0x64, 0x1, 0xff, 0xce, 0x51, 0x0, 0x50,
    0x7, 0xff, 0x3e, 0x40, 0x23, 0x2, 0xdd, 0xf1,
    0x80, 0x72, 0x6e, 0xfb, 0x0, 0x32, 0x18, 0x7,
    0x88, 0xb8, 0xc, 0x3, 0x90, 0x8, 0xbc, 0x1,
    0xa0, 0x3, 0xff, 0x81, 0x60, 0x1f, 0x58, 0x7,
    0xf2, 0x18, 0x7, 0xfc, 0x2c, 0x1, 0xf3, 0x8,
    0x7, 0xe8, 0x0, 0xff, 0xe0, 0x40, 0x1, 0x40,
    0x25, 0x0, 0x58, 0x7, 0xcc, 0x60, 0x1f, 0xf1,
    0xb0, 0x2, 0x40, 0x29, 0x0, 0x29, 0x80, 0x7a,
    0x80, 0x4, 0x40, 0xf, 0xde, 0x0, 0x61, 0x0,
    0x89, 0x40, 0x1c, 0x1, 0xeb, 0x0, 0x48, 0x7,
    0xe6, 0x30, 0x5, 0x80, 0x74, 0x0, 0x9, 0xc0,
    0x39, 0x81, 0x50, 0x3, 0xe2, 0x90, 0x3, 0x90,
    0x7, 0x13, 0x0, 0x20, 0xc0, 0x30, 0xad, 0x0,
    0x7e, 0xf0, 0x0, 0xc8, 0x7, 0xd0, 0x1, 0x68,
    0x80, 0x6a, 0x0, 0xfd, 0x44, 0x0, 0x81, 0x0,
    0xf8, 0x60, 0x0, 0x34, 0x1, 0xff, 0xc0, 0x95,
    0x0, 0x23, 0x0, 0x7f, 0x39, 0x80, 0x12, 0x40,
    0x3f, 0xd0, 0xc0, 0x1, 0xa0, 0xf, 0xfb, 0x80,
    0x26, 0x80, 0xf, 0xdc, 0xe0, 0x15, 0x91, 0x9c,
    0xe0, 0x12, 0x99, 0xc3, 0x20, 0x13, 0x90, 0x7,
    0xd8, 0x1, 0x3a, 0x66, 0x6a, 0x0, 0xaf, 0x33,
    0x32, 0x80, 0xc, 0x80, 0x3e, 0x28, 0x5, 0x80,
    0xf, 0xfe, 0x1d, 0x20, 0x78, 0x7, 0xf3, 0xba,
    0x80, 0x3f, 0xf8, 0x42, 0x0, 0xa8, 0x30, 0xf,
    0xf4, 0x0, 0x7, 0xff, 0x68, 0x5, 0xdf, 0xf7,
    0x0, 0x5, 0xc0, 0x3f, 0xff, 0xe0, 0x1f, 0xfc,
    0xf6, 0x11, 0x80, 0x3f, 0xf9, 0x80,

    /* U+4FA7 "侧" */
    0x0, 0xe6, 0xc9, 0x40, 0xf, 0xfe, 0x35, 0x6d,
    0x80, 0x76, 0x9b, 0x10, 0x7, 0xff, 0x19, 0x89,
    0x40, 0x39, 0x0, 0x9, 0xdf, 0xff, 0xe7, 0x0,
    0xff, 0xe0, 0x98, 0x0, 0x48, 0x3, 0xff, 0x82,
    0xfb, 0xa0, 0xf, 0xeb, 0x0, 0x38, 0x7, 0xff,
    0xb, 0x88, 0x80, 0x1f, 0xca, 0x0, 0xd0, 0x9,
    0xbb, 0xbb, 0x40, 0x3f, 0xf8, 0x64, 0x40, 0x2,
    0x0, 0x42, 0x22, 0x44, 0x9, 0x80, 0x7f, 0xf0,
    0xe8, 0x0, 0x80, 0x1e, 0xba, 0xa0, 0x7, 0xff,
    0x15, 0x80, 0x2, 0x1, 0xff, 0xcd, 0x41, 0x0,
    0xff, 0xe8, 0x78, 0x7, 0xff, 0x40, 0x90, 0x3,
    0xff, 0xa1, 0x0, 0x1f, 0xfd, 0x2, 0x50, 0xf,
    0xfe, 0x81, 0x80, 0xc, 0x3, 0xff, 0x9c, 0x24,
    0x10, 0x1, 0xff, 0xcf, 0x46, 0x50, 0xf, 0xfe,
    0x7e, 0x40, 0x7, 0xff, 0x41, 0x44, 0x3, 0xfc,
    0x20, 0x1f, 0xfd, 0x13, 0x1, 0x0, 0xff, 0xe7,
    0xb0, 0x10, 0x7, 0xff, 0x3c, 0xc0, 0x3f, 0xf9,
    0xbf, 0xd0, 0x80, 0x3, 0xb1, 0xee, 0x38, 0x7,
    0xff, 0x18, 0x44, 0x1c, 0x1, 0x25, 0x8, 0x80,
    0x13, 0xdc, 0x0, 0xff, 0xe2, 0x22, 0x81, 0x0,
    0x16, 0x40, 0x30, 0x88, 0x3, 0xff, 0x86, 0x34,
    0x0, 0xea, 0x0, 0x34, 0x0, 0x7f, 0xf1, 0xc7,
    0x4, 0x18, 0xd5, 0xc0, 0xe, 0xe0, 0xf, 0x8,
    0x7, 0xf8, 0xbc, 0x80, 0xe4, 0x1, 0xa, 0x0,
    0x85, 0x0, 0xc6, 0x40, 0x1f, 0xcb, 0xa2, 0x7,
    0xa0, 0x1a, 0x8c, 0x5, 0xd3, 0xfe, 0xc0, 0x1,
    0x0, 0x7f, 0x8f, 0x44, 0x3, 0xb4, 0xf0, 0x90,
    0x3, 0xc8, 0x1, 0xf2, 0xc3, 0x60, 0x80, 0x78,
    0x70, 0x80, 0x4, 0x1, 0x13, 0xc0,

    /* U+4FDD "保" */
    0x0, 0xf9, 0x0, 0x3f, 0xfa, 0x4b, 0x7f, 0x62,
    0x4, 0x5f, 0xfc, 0x50, 0xf, 0xef, 0x0, 0x20,
    0xa6, 0xef, 0xff, 0x14, 0x3, 0xf9, 0x0, 0xa,
    0x1, 0xff, 0xcf, 0x41, 0x0, 0x78, 0x7, 0xff,
    0x3f, 0xc0, 0x25, 0x0, 0xef, 0xff, 0xf6, 0x0,
    0x7f, 0x85, 0x0, 0xc, 0x1, 0xff, 0xcf, 0x90,
    0xa, 0x80, 0x3f, 0xf9, 0xec, 0x0, 0x13, 0x0,
    0xff, 0xe7, 0x30, 0x80, 0xc, 0x3, 0xff, 0x8a,
    0xe0, 0x1f, 0xd6, 0x1, 0xff, 0x7f, 0xff, 0xac,
    0x3, 0xf3, 0x10, 0x7, 0xff, 0x4a, 0x0, 0x3f,
    0xfa, 0x50, 0x20, 0x1f, 0x93, 0xbb, 0xd2, 0x1,
    0x77, 0x7c, 0x1, 0x13, 0x80, 0x7f, 0x84, 0x7c,
    0x60, 0x10, 0x8f, 0xc0, 0x13, 0x80, 0x52, 0x1,
    0xff, 0xcf, 0x51, 0x8, 0x20, 0xc, 0x9d, 0xdf,
    0xa8, 0x2, 0xee, 0xfe, 0x10, 0x73, 0x70, 0xf,
    0x8, 0xfe, 0x0, 0xc2, 0x3f, 0xc0, 0xb, 0xd0,
    0xf, 0xfe, 0x91, 0x8, 0x7, 0x93, 0x77, 0xd6,
    0x1, 0xe4, 0xdd, 0xf8, 0x40, 0x3f, 0xc4, 0x5e,
    0x90, 0xf, 0x22, 0x8, 0xbc, 0x1, 0xff, 0xc4,
    0xb2, 0x0, 0xfa, 0x54, 0x3, 0xff, 0x91, 0x68,
    0x3, 0x0, 0x14, 0x80, 0x29, 0x40, 0x3f, 0xf8,
    0xa3, 0x88, 0x0, 0xa2, 0x0, 0x99, 0x40, 0x15,
    0x0, 0x1f, 0xfc, 0x34, 0xf3, 0x0, 0x52, 0x0,
    0x75, 0x20, 0x1, 0xf0, 0x80, 0x3f, 0xf8, 0x13,
    0x62, 0x0, 0xa5, 0x0, 0xfa, 0xd0, 0x0, 0x7a,
    0xe0, 0x1f, 0xc7, 0xcc, 0x0, 0x1b, 0x50, 0xf,
    0xeb, 0x50, 0xa, 0x20, 0x1, 0xf8, 0x80, 0x22,
    0xc4, 0x0, 0xff, 0xa9, 0xc0, 0x3, 0x20, 0x1f,
    0x86, 0xc1, 0xf4, 0x80, 0x3f, 0xf8, 0x31, 0x63,
    0x2, 0x1, 0xfc, 0xbb, 0x0, 0x1f, 0xfc, 0x44,
    0xf6, 0x0, 0xff, 0x88, 0x3, 0xff, 0x8c, 0x20,
    0x1e, 0x4f, 0xf6, 0x80, 0x7f, 0x97, 0xfe, 0x0,
    0xff, 0x0,

    /* U+4FEE "修" */
    0x0, 0xff, 0xe3, 0x8, 0x7, 0xff, 0x1e, 0x2d,
    0xc4, 0x3, 0xe3, 0xed, 0x80, 0xf, 0xfe, 0x2b,
    0x24, 0x10, 0x7, 0xd0, 0x4, 0x40, 0xf, 0xfe,
    0x21, 0x8, 0x9, 0x80, 0x79, 0x50, 0x1, 0xaa,
    0xbf, 0x84, 0x3, 0xe5, 0x0, 0x20, 0x7, 0x86,
    0xc0, 0x28, 0xaa, 0xfc, 0x80, 0x1f, 0x50, 0x3,
    0xc0, 0x3d, 0x42, 0x1, 0xff, 0xc7, 0x32, 0x0,
    0x2d, 0xe5, 0x0, 0x21, 0x0, 0xf, 0x33, 0xe4,
    0x0, 0x9c, 0x3, 0xd4, 0x0, 0x50, 0x43, 0x70,
    0x67, 0x0, 0x95, 0xd9, 0xb1, 0x20, 0x2, 0x8,
    0x3, 0xcc, 0x0, 0xe0, 0xc, 0xd2, 0x1, 0x8b,
    0x44, 0x0, 0x74, 0x0, 0x47, 0x0, 0xf3, 0x0,
    0x5, 0x0, 0x36, 0x0, 0xf, 0x44, 0xf, 0xcd,
    0x70, 0x40, 0xa8, 0x3, 0xeb, 0x0, 0x18, 0x7,
    0x58, 0x9e, 0x16, 0x8, 0xe, 0x50, 0x0, 0xf0,
    0x40, 0x3c, 0xa4, 0x1, 0xf8, 0x73, 0x0, 0x2,
    0xc0, 0xf, 0x70, 0x80, 0x7d, 0x0, 0x1f, 0xe2,
    0x0, 0x1c, 0xe8, 0x7, 0xb6, 0xd8, 0x40, 0x33,
    0x10, 0x7, 0xf8, 0xe3, 0x71, 0x80, 0x25, 0x40,
    0x9, 0x27, 0xb6, 0x48, 0x60, 0x3, 0xfd, 0x78,
    0xe4, 0x1, 0x2e, 0x55, 0xd8, 0x80, 0x31, 0x31,
    0xb8, 0x80, 0x7f, 0xb8, 0x2, 0x17, 0xda, 0x30,
    0x7b, 0xe, 0xa4, 0x0, 0x20, 0xa0, 0x1, 0x80,
    0x3f, 0x29, 0x2d, 0xf4, 0x10, 0x37, 0x40, 0x13,
    0xad, 0xfd, 0xc0, 0x11, 0x50, 0x1, 0xfd, 0xb4,
    0x80, 0x31, 0xd2, 0x20, 0x34, 0xc0, 0x12, 0x18,
    0x1, 0x64, 0x3, 0xff, 0x80, 0xb7, 0xce, 0x20,
    0x7, 0xf5, 0x1a, 0x20, 0xe, 0x84, 0x0, 0xff,
    0x1f, 0xd2, 0x0, 0x4d, 0xd0, 0x2f, 0xcb, 0xc0,
    0x1f, 0xfc, 0x53, 0x20, 0x0, 0xc7, 0x48, 0xae,
    0xc0, 0x0, 0x48, 0x3, 0xff, 0x8b, 0xb, 0x7c,
    0xe2, 0x99, 0x44, 0x0, 0x7d, 0x20, 0xf, 0xfe,
    0x2a, 0xd2, 0x3, 0x6d, 0x98, 0x0, 0xf2, 0x1,
    0xb4, 0x40, 0x3f, 0xf8, 0x89, 0x3f, 0x24, 0x0,
    0x2b, 0xc3, 0x2c, 0x92, 0xb0, 0xf, 0xfe, 0x12,
    0x75, 0xb0, 0x4, 0x95, 0xa8, 0x31, 0xa6, 0x0,
    0x30, 0xf, 0xfe, 0x12, 0x88, 0x4, 0xdb, 0x6a,
    0x53, 0xce, 0x0, 0x1b, 0x90, 0xf, 0xfe, 0x10,
    0xc2, 0xdf, 0xc9, 0x1d, 0x6b, 0x0, 0x4f, 0xc8,
    0x1, 0xff, 0x7f, 0xb4, 0x0, 0xf4, 0x85, 0x1b,
    0x8a, 0x1, 0x2f, 0x40, 0x7, 0xff, 0x18, 0xe3,
    0x35, 0xc8, 0x2, 0x6e, 0xa1, 0x0, 0xff, 0xe2,
    0xd7, 0x63, 0x98, 0x4, 0x73, 0xf2, 0x20, 0x1f,
    0xfc, 0x76, 0x10, 0x8, 0x9f, 0x71, 0x80, 0x3f,
    0xf9, 0x52, 0x2b, 0x3b, 0xa8, 0x20, 0xf, 0xfe,
    0x18, 0xff, 0xb4, 0x3, 0x97, 0xa9, 0x88, 0x3,
    0xff, 0x86,

    /* U+5019 "候" */
    0x0, 0xf5, 0xca, 0x80, 0x7f, 0xf4, 0x9, 0x1a,
    0x80, 0x3c, 0xcd, 0xff, 0xc1, 0x0, 0xfe, 0x50,
    0x2, 0x0, 0x71, 0x4c, 0xff, 0xf0, 0x40, 0x3f,
    0xb0, 0x1, 0x80, 0x1f, 0xfc, 0x61, 0x0, 0xfc,
    0x28, 0x0, 0x58, 0xba, 0x0, 0x1c, 0x47, 0xf2,
    0x0, 0x8, 0x3, 0xf3, 0x80, 0x8, 0x88, 0x85,
    0x0, 0xb, 0xbf, 0xf6, 0x0, 0x1c, 0x3, 0xf5,
    0x0, 0x28, 0x3, 0xff, 0x89, 0xe0, 0x2, 0x0,
    0xf8, 0x4c, 0x0, 0xa0, 0x1c, 0xac, 0xdf, 0xe4,
    0x0, 0x13, 0x34, 0x1, 0x98, 0x0, 0x24, 0x1,
    0xd1, 0x33, 0xfe, 0x30, 0x2, 0x4c, 0xc2, 0x1,
    0x50, 0x7, 0xff, 0x49, 0x8, 0x3, 0xfa, 0x23,
    0xff, 0x8c, 0x20, 0xf, 0x0, 0xff, 0x2b, 0xba,
    0x6f, 0xdd, 0xff, 0xf8, 0x0, 0x3, 0x40, 0xf,
    0xfe, 0x2, 0x89, 0x90, 0x7, 0xff, 0xa, 0x0,
    0x3f, 0xf8, 0x32, 0x1, 0x44, 0x7f, 0x94, 0x0,
    0x68, 0x1, 0xff, 0xc0, 0x43, 0x0, 0x2b, 0xbf,
    0xfb, 0x80, 0x2, 0x0, 0x40, 0xf, 0xf4, 0x80,
    0x7f, 0xf1, 0x48, 0x42, 0x0, 0x3f, 0x9c, 0x80,
    0xae, 0xe5, 0x0, 0x1d, 0xdf, 0x40, 0x4, 0xae,
    0x40, 0x1f, 0xd4, 0x0, 0x84, 0x48, 0x80, 0xc,
    0x89, 0xc6, 0x1, 0x74, 0x0, 0x7f, 0xb1, 0x91,
    0x40, 0x3f, 0xf8, 0x8a, 0x1, 0xff, 0x15, 0x41,
    0x9e, 0x20, 0x0, 0x99, 0xfc, 0x1, 0xff, 0xc2,
    0xcc, 0xf9, 0x40, 0x9, 0x99, 0xf0, 0x7, 0xff,
    0x89, 0x13, 0xc6, 0x1, 0x91, 0x3e, 0x0, 0xff,
    0xe1, 0x5d, 0xf9, 0x0, 0x31, 0xdd, 0xf8, 0x3,
    0xff, 0x8e, 0x8e, 0x1, 0x9d, 0x0, 0x3f, 0xf9,
    0x6b, 0x60, 0x1, 0x40, 0x5, 0xa8, 0x7, 0xff,
    0xb, 0x3f, 0xc0, 0x11, 0x55, 0x0, 0x2d, 0xa2,
    0x0, 0x54, 0x88, 0x7, 0xff, 0x10, 0xa7, 0x54,
    0x0, 0x38, 0x63, 0xe4, 0x0, 0x6f, 0x82, 0x0,
    0xff, 0xe0, 0x16, 0x6b, 0x0, 0x49, 0xe6, 0x0,
    0x2c, 0x40, 0x0, 0xbe, 0x98, 0x7, 0xfc, 0x40,
    0x18, 0xee, 0xc2, 0x1, 0x86, 0xe8, 0x40, 0xa,
    0x60, 0x1f, 0xfc, 0xe, 0x4, 0xbc, 0x40, 0xf,
    0xcb, 0xd4, 0x96, 0x1, 0x87, 0xfd, 0xc0, 0x1c,
    0x5f, 0x68, 0x1, 0xff, 0xc0, 0x5b, 0x10,

    /* U+5145 "充" */
    0x0, 0xff, 0xf0, 0x2e, 0x77, 0xb8, 0x7, 0xff,
    0x39, 0x8c, 0x42, 0xc0, 0x3f, 0xf9, 0xc6, 0x20,
    0x3, 0x10, 0xf, 0xfe, 0x72, 0x0, 0x48, 0x1,
    0xff, 0xc1, 0xbf, 0xff, 0xfe, 0x2, 0x80, 0x55,
    0xff, 0xff, 0x10, 0x38, 0x7, 0xff, 0xc7, 0xea,
    0xbf, 0x38, 0x6, 0x9a, 0xaf, 0xfe, 0x11, 0x1,
    0xaa, 0xfc, 0xec, 0x1, 0x53, 0x2a, 0xe4, 0x35,
    0x5f, 0xc0, 0x1f, 0xc3, 0xe2, 0x0, 0x95, 0x0,
    0xc5, 0x93, 0x0, 0x1f, 0xfc, 0x31, 0xc2, 0x0,
    0x43, 0x0, 0x77, 0x10, 0x3c, 0x0, 0x7f, 0xf0,
    0x4b, 0x8, 0x0, 0xee, 0x0, 0xf6, 0x90, 0x1,
    0xe0, 0x3, 0xfe, 0x2c, 0x20, 0x3, 0xc0, 0x7,
    0xc3, 0x84, 0x0, 0x78, 0x0, 0xfe, 0x4d, 0x10,
    0x4, 0x40, 0x3, 0xc2, 0x22, 0x25, 0x80, 0x4e,
    0xe0, 0xf, 0x9a, 0xc0, 0x21, 0xdb, 0xcd, 0xd7,
    0x7f, 0xbb, 0x9b, 0x92, 0x1, 0xa1, 0x80, 0x3d,
    0xc0, 0x18, 0x55, 0xc, 0x88, 0x20, 0x1f, 0xfc,
    0x9, 0x50, 0xe, 0xc0, 0xf, 0xfe, 0x38, 0x90,
    0x5, 0x46, 0x1, 0x90, 0x48, 0xd1, 0x4, 0x1,
    0x4d, 0x52, 0xd8, 0x2, 0xff, 0x76, 0xc8, 0x1,
    0xc, 0x3, 0xbb, 0x72, 0xec, 0xa0, 0x1, 0x65,
    0x52, 0x70, 0x7, 0xcc, 0xc4, 0xb0, 0xf, 0xf8,
    0xc0, 0x4, 0x1, 0xff, 0xc1, 0x9b, 0x0, 0xff,
    0xe0, 0x30, 0x1, 0x80, 0x3f, 0xf9, 0xc2, 0x40,
    0xd, 0x0, 0xff, 0xe1, 0x8, 0x7, 0xfc, 0xc0,
    0x11, 0x80, 0x7f, 0xf0, 0xaf, 0xad, 0x40, 0x3f,
    0x48, 0x4, 0x80, 0x1f, 0xfc, 0x21, 0x12, 0x68,
    0x7, 0xd0, 0x20, 0x6, 0x0, 0xff, 0xe6, 0xbb,
    0x80, 0x28, 0x0, 0xff, 0xe1, 0xb8, 0x3, 0xc0,
    0x3a, 0x20, 0x1, 0x40, 0x80, 0x7f, 0xf0, 0xc4,
    0x0, 0x20, 0x12, 0x6b, 0x80, 0x4a, 0xe0, 0x1e,
    0x10, 0xa, 0x50, 0xcc, 0x8e, 0x40, 0x2, 0x4,
    0xcb, 0x20, 0x9, 0xa8, 0x3, 0xe2, 0x0, 0x9a,
    0xf3, 0x17, 0x0, 0x12, 0x84, 0x18, 0x4, 0x35,
    0x20, 0x1f, 0x90, 0x80, 0x3f, 0xcc, 0x21, 0xe0,
    0x12, 0xfa, 0x80, 0x7f, 0xb1, 0x44, 0x3, 0x84,
    0xe6, 0x40, 0x3, 0x64, 0xca, 0x10, 0xf, 0xf8,
    0x6b, 0xbf, 0xfb, 0xb1, 0x80, 0x34, 0xd9, 0x80,
    0x7f, 0xf3, 0x80,

    /* U+5165 "入" */
    0x0, 0xfa, 0x2e, 0xfa, 0xa1, 0x0, 0x3f, 0xf9,
    0x6a, 0x89, 0xca, 0xf7, 0x20, 0x1f, 0xfd, 0x36,
    0x30, 0xf, 0xfe, 0x48, 0x80, 0x7f, 0x58, 0x7,
    0xff, 0x27, 0x3f, 0xfb, 0x48, 0x0, 0x60, 0x1f,
    0xfc, 0xf2, 0x60, 0x3, 0x0, 0x7f, 0xf4, 0x14,
    0x0, 0x40, 0x1f, 0xfc, 0xf1, 0x10, 0x4, 0x40,
    0x1f, 0xfc, 0xe4, 0x0, 0xc8, 0x1, 0xff, 0xce,
    0xf0, 0xd, 0x80, 0x1f, 0xfc, 0xe4, 0x0, 0xc8,
    0x1, 0xff, 0xcd, 0x41, 0x0, 0xc2, 0x60, 0x1f,
    0xfc, 0xcf, 0x0, 0xf5, 0x80, 0x7f, 0xf2, 0xc9,
    0x0, 0xa, 0xa0, 0x3, 0x0, 0x7f, 0xf2, 0xec,
    0x2, 0xef, 0x0, 0xa, 0x80, 0x7f, 0xf2, 0x49,
    0x80, 0x6, 0x8a, 0x20, 0x8, 0x0, 0xff, 0xe4,
    0xc8, 0x5, 0x20, 0x6, 0x0, 0x12, 0x80, 0x7f,
    0xf1, 0xd5, 0x0, 0x6, 0xa0, 0xa, 0x0, 0xa0,
    0x3, 0xff, 0x8c, 0x34, 0x1, 0x78, 0x4, 0x4c,
    0x0, 0x29, 0x0, 0xff, 0xe2, 0xe8, 0x4, 0xa6,
    0x1, 0xa0, 0x2, 0x64, 0x0, 0xff, 0xe1, 0xc9,
    0x80, 0x6, 0xc0, 0x38, 0x60, 0x2, 0xa2, 0x0,
    0xff, 0xe0, 0xbb, 0x0, 0x54, 0x20, 0x1e, 0x73,
    0x0, 0xf, 0x88, 0x7, 0xfc, 0xb0, 0x1, 0x3a,
    0x0, 0x7e, 0xe0, 0x8, 0xb4, 0x3, 0xfc, 0xb4,
    0x1, 0x24, 0x0, 0x7f, 0x15, 0x0, 0x47, 0x82,
    0x1, 0xf3, 0x50, 0x4, 0x56, 0x1, 0xff, 0x2b,
    0x80, 0x47, 0x82, 0x1, 0xd1, 0x20, 0x10, 0xe0,
    0x7, 0xff, 0x6, 0x18, 0x2, 0x2f, 0x40, 0xa,
    0x9c, 0x2, 0x1c, 0x10, 0xf, 0xfe, 0x14, 0xb0,
    0x4, 0x37, 0x0, 0x4a, 0x1, 0xe, 0x10, 0x7,
    0xff, 0x12, 0x5c, 0x3, 0x28, 0x15, 0x80, 0xb,
    0xc8, 0x3, 0xff, 0x8d, 0x10, 0x0, 0xbc, 0x0,
    0x90, 0x78, 0x20, 0x1f, 0xfc, 0x87, 0xb1, 0xa2,
    0x0, 0x9f, 0x4, 0x3, 0xff, 0x94, 0x9e, 0xa0,
    0x0,

    /* U+5168 "全" */
    0x0, 0xff, 0xe1, 0x91, 0x4, 0x3, 0xff, 0xa1,
    0x5b, 0xae, 0x20, 0xf, 0xfe, 0x72, 0xa8, 0x2,
    0xe0, 0xf, 0xfe, 0x69, 0xd0, 0x6, 0x39, 0x0,
    0xff, 0xe5, 0x96, 0x80, 0x44, 0x0, 0x67, 0x0,
    0xff, 0xe4, 0x96, 0x8, 0x2, 0x30, 0x80, 0x10,
    0xe0, 0x1f, 0xfc, 0x73, 0xc1, 0x0, 0x2b, 0x8f,
    0x88, 0x2, 0x24, 0x3, 0xff, 0x8a, 0xd8, 0x20,
    0x5, 0xa0, 0x1, 0x68, 0x80, 0x1a, 0xc4, 0x3,
    0xff, 0x82, 0x35, 0x20, 0x13, 0x50, 0x6, 0x3d,
    0x10, 0x2, 0x79, 0x80, 0x7f, 0xc9, 0xea, 0x1,
    0x44, 0x80, 0x78, 0xf0, 0x80, 0x3, 0x90, 0x1,
    0xf8, 0x6a, 0xc4, 0x2, 0xa7, 0x0, 0xfc, 0x58,
    0x80, 0x13, 0xf2, 0x80, 0x61, 0x8e, 0x50, 0x8,
    0xf5, 0x40, 0x3f, 0xc3, 0x70, 0x1, 0xd, 0x61,
    0x80, 0x3d, 0xc0, 0x38, 0xf7, 0xff, 0xff, 0x83,
    0x0, 0x1c, 0x78, 0xa0, 0xe0, 0x11, 0x50, 0x7,
    0xff, 0x19, 0x60, 0x2, 0x25, 0x8, 0x0, 0x46,
    0xb8, 0x7, 0xff, 0x18, 0xdf, 0x54, 0x20, 0x0,
    0x37, 0xce, 0x5, 0x77, 0xf2, 0x0, 0x57, 0x7f,
    0x80, 0xab, 0x54, 0x2, 0x41, 0x0, 0x91, 0x3e,
    0x20, 0x9, 0x13, 0xe2, 0x0, 0x88, 0x3, 0xff,
    0xf6, 0x68, 0x9f, 0x88, 0x2, 0x44, 0xfe, 0x10,
    0xf, 0xed, 0xbb, 0xfc, 0x80, 0x15, 0xdf, 0xf3,
    0x0, 0x7f, 0xfc, 0xc4, 0x3, 0xfb, 0xbf, 0xff,
    0x30, 0x5, 0xff, 0xfc, 0xc0, 0x1f, 0xff, 0xf0,
    0xf, 0xfe, 0x79, 0x9f, 0xff, 0x4, 0x2, 0x33,
    0xff, 0xe0, 0x10, 0x0, 0xb3, 0x3f, 0xf8, 0xa,
    0x1, 0x66, 0x7f, 0xf0, 0x20, 0x3, 0xff, 0xea,

    /* U+5173 "关" */
    0x0, 0xff, 0xe5, 0x10, 0x7, 0xff, 0xd, 0xb9,
    0x40, 0x3f, 0xe4, 0xdb, 0x20, 0xf, 0xfe, 0x6,
    0x48, 0xd1, 0x0, 0x7f, 0xd, 0x2, 0x69, 0x80,
    0x7f, 0xd2, 0x1, 0x78, 0x7, 0xf5, 0x88, 0x1,
    0x4c, 0x3, 0xfe, 0x56, 0x0, 0x15, 0x0, 0x7c,
    0xca, 0x0, 0x1b, 0x0, 0xff, 0xe0, 0xc9, 0x80,
    0x15, 0xc0, 0x38, 0xa4, 0x2, 0xd1, 0x0, 0xff,
    0xe1, 0x70, 0x5, 0x60, 0x1d, 0xe0, 0x14, 0x98,
    0x7, 0xf0, 0xaa, 0xf3, 0xa8, 0x2c, 0xaa, 0xeb,
    0x20, 0x1, 0x99, 0x57, 0x88, 0x3, 0x25, 0x57,
    0x94, 0x16, 0xab, 0x90, 0x2, 0x3a, 0xaf, 0x80,
    0x3f, 0xfe, 0xcb, 0xff, 0xfe, 0xd0, 0xa, 0xbf,
    0xff, 0xd0, 0x1, 0xff, 0xff, 0x0, 0xff, 0xf4,
    0x67, 0xff, 0xfd, 0xa0, 0x15, 0x7f, 0xff, 0xf0,
    0x4, 0x4, 0x3, 0xff, 0xe3, 0x13, 0x3f, 0xf1,
    0x0, 0x69, 0x9f, 0xfe, 0x0, 0x82, 0xb3, 0x7f,
    0x9c, 0x80, 0x31, 0xb3, 0x7f, 0xc0, 0x1f, 0xfc,
    0x1b, 0x0, 0xeb, 0x0, 0xff, 0xe5, 0xb2, 0x80,
    0x4, 0x0, 0x34, 0x1, 0xff, 0xc9, 0x59, 0x0,
    0xb1, 0x0, 0xb, 0x20, 0x1f, 0xfc, 0x77, 0xa0,
    0xa, 0xa, 0x84, 0x0, 0xd4, 0x1, 0xff, 0xc4,
    0x1b, 0x80, 0x9, 0x9c, 0x7, 0x40, 0x25, 0xd3,
    0x0, 0xff, 0xe0, 0xc7, 0x20, 0x4, 0xd2, 0x1,
    0x1d, 0x80, 0x45, 0x92, 0x20, 0x1f, 0x86, 0x39,
    0xc0, 0x34, 0x48, 0x7, 0x26, 0x8, 0x4, 0xdd,
    0x48, 0x1, 0x92, 0xb9, 0xc4, 0x2, 0x2c, 0x70,
    0xf, 0x8f, 0xd0, 0x3, 0x2d, 0xf4, 0x98, 0xda,
    0x80, 0x73, 0xe9, 0x80, 0x7f, 0xd, 0xc8, 0x80,
    0x61, 0x66, 0xb, 0x80, 0x66, 0xe8, 0x0, 0xff,
    0xe0, 0xb7, 0x40, 0x80, 0x44, 0xa1, 0x22, 0x51,
    0xd2, 0x20, 0x1f, 0xfc, 0x47, 0xeb, 0x50, 0xb0,
    0x0, 0xe6, 0xb8, 0x80, 0x7f, 0xf2, 0x12, 0xbd,
    0x80,

    /* U+517B "养" */
    0x0, 0xff, 0xee, 0x36, 0xb0, 0x7, 0xfb, 0x30,
    0xa0, 0x1f, 0xfc, 0x39, 0x91, 0x49, 0x80, 0x7e,
    0x73, 0x35, 0x20, 0x7, 0xff, 0xa, 0x48, 0x1,
    0xc0, 0x1f, 0x24, 0x0, 0x1d, 0x0, 0x3f, 0xc2,
    0x3d, 0x20, 0x2, 0x91, 0x1e, 0x2a, 0x0, 0x1c,
    0x88, 0xf0, 0x7, 0x57, 0x77, 0x58, 0x4, 0xdd,
    0xdd, 0xa2, 0x0, 0x3e, 0xef, 0x18, 0x7, 0xff,
    0x60, 0x8c, 0xff, 0xe0, 0x8, 0x8c, 0xff, 0xe1,
    0x0, 0xd1, 0x99, 0xfe, 0xd0, 0xb, 0xb3, 0x3f,
    0xe2, 0x0, 0xff, 0xe1, 0x90, 0x4, 0x60, 0x1f,
    0xfc, 0x59, 0xff, 0xfe, 0xc0, 0xb, 0xff, 0xfe,
    0x10, 0xf, 0xfe, 0xd7, 0x19, 0xff, 0x0, 0x44,
    0x67, 0xff, 0x8, 0x7, 0x9f, 0x33, 0xf4, 0x0,
    0x5f, 0x99, 0xff, 0x0, 0x7f, 0xf1, 0x3c, 0x0,
    0x64, 0x1, 0xff, 0xc4, 0xbd, 0xdf, 0xf2, 0x0,
    0xb, 0x77, 0xff, 0x84, 0x80, 0x5, 0x22, 0xff,
    0x0, 0x42, 0x45, 0xff, 0xc2, 0x10, 0xf, 0xfe,
    0xb7, 0xee, 0xfc, 0x60, 0x13, 0x6e, 0xd4, 0x1,
    0x1e, 0xef, 0xe5, 0x0, 0x9, 0x17, 0x7, 0x98,
    0x1, 0x24, 0x8a, 0x59, 0x0, 0x1f, 0x81, 0x17,
    0x80, 0x3f, 0x46, 0x90, 0x1, 0x2c, 0x3, 0x9a,
    0x40, 0x5, 0xb0, 0x1, 0xfe, 0x18, 0xf7, 0x0,
    0x87, 0x50, 0x3, 0xca, 0x80, 0x13, 0xf4, 0x10,
    0x7, 0x2d, 0xf3, 0x80, 0x42, 0x43, 0x3c, 0x1,
    0xea, 0x40, 0xc, 0x2f, 0xb8, 0xe4, 0x11, 0x48,
    0x1, 0x9b, 0xd8, 0x0, 0x60, 0x1f, 0xc9, 0x0,
    0x18, 0xe3, 0xc2, 0x40, 0x33, 0x6c, 0x8a, 0x80,
    0x3c, 0x3, 0xf8, 0x5f, 0x9c, 0x40, 0x2a, 0x1,
    0x62, 0x9e, 0x92, 0x3, 0x10, 0x2, 0x80, 0x7f,
    0xc3, 0x1d, 0x26, 0xc, 0x0, 0x9d, 0x61, 0x0,
    0xa4, 0x2, 0x30, 0xf, 0xfe, 0x13, 0x67, 0x8,
    0x7, 0xe5, 0x50, 0x1, 0x80, 0x3f, 0xf8, 0xa2,
    0x1, 0xf9, 0xe8, 0x2, 0x80, 0xf, 0xfe, 0x63,
    0x6c, 0x0, 0x54, 0x20, 0x1f, 0xfc, 0xb2, 0x92,
    0x0, 0xad, 0x40, 0x3f, 0xf9, 0x85, 0x40, 0x5,
    0xe4, 0x0, 0xff, 0xe7, 0x2c, 0xe5, 0x8, 0x7,
    0xfa, 0x7f, 0xd4, 0x1, 0xfc,

    /* U+5185 "内" */
    0x0, 0xff, 0xa3, 0xb9, 0x80, 0x1f, 0xfc, 0xa1,
    0x1c, 0x1, 0xff, 0xff, 0x0, 0xff, 0xe1, 0x7f,
    0xff, 0xcc, 0x0, 0x2f, 0xff, 0xf8, 0x3, 0xff,
    0xd6, 0xd5, 0x5f, 0x18, 0x0, 0xaa, 0xbe, 0x60,
    0xf, 0x7a, 0xaf, 0xce, 0x0, 0x65, 0x5f, 0xb0,
    0x3, 0xff, 0x84, 0xc0, 0x1, 0x0, 0xff, 0xe5,
    0x10, 0x3, 0x40, 0x3f, 0xf9, 0x28, 0x1, 0x10,
    0x7, 0xff, 0x27, 0x40, 0x2b, 0x20, 0xf, 0xfe,
    0x38, 0xb0, 0x4, 0x38, 0x40, 0x1f, 0xfc, 0x6b,
    0x0, 0xe1, 0xc2, 0x0, 0xff, 0xe2, 0x2a, 0x80,
    0x6, 0xa0, 0x1, 0xc2, 0x0, 0xff, 0xe1, 0x1d,
    0x0, 0x5d, 0x4a, 0x0, 0x1c, 0x30, 0xf, 0xfe,
    0x1, 0xe0, 0x5, 0x4, 0x14, 0xa0, 0x1, 0xd3,
    0x0, 0xff, 0x26, 0x0, 0x4a, 0xe0, 0x15, 0x20,
    0x0, 0x74, 0xc0, 0x3f, 0x3d, 0x80, 0x47, 0x40,
    0x1d, 0x68, 0x0, 0x1d, 0x30, 0xf, 0xd, 0x0,
    0x47, 0x80, 0x1f, 0x59, 0x80, 0x24, 0xc0, 0x3c,
    0x3e, 0x0, 0x4c, 0x0, 0xfe, 0xc3, 0x57, 0x0,
    0xfc, 0x54, 0xf6, 0x1, 0xff, 0x6d, 0x0, 0x7f,
    0x96, 0x0, 0x3f, 0xf8, 0x2, 0x1, 0xff, 0xea,
    0x20, 0xf, 0xfe, 0x39, 0xa2, 0x66, 0x90, 0xf,
    0xfe, 0x3d, 0xdf, 0x48, 0x80, 0x8, 0x3, 0xff,
    0x89, 0xa0, 0x1f, 0xa8, 0x3, 0xff, 0x88, 0xe0,
    0x1c, 0x27, 0xe,

    /* U+5199 "写" */
    0x3, 0x3f, 0xfe, 0x79, 0x6, 0x67, 0xff, 0x3f,
    0x80, 0x3f, 0xfe, 0x59, 0xff, 0xff, 0xc8, 0x50,
    0xf, 0xe8, 0xaa, 0x30, 0x7, 0xff, 0x35, 0x95,
    0x5e, 0x1, 0xff, 0xcd, 0x10, 0x7, 0x80, 0x7f,
    0xf2, 0x33, 0x23, 0x20, 0xa, 0x3b, 0xbf, 0xf8,
    0x59, 0x5d, 0xcc, 0x3, 0x38, 0x18, 0x2, 0x11,
    0xff, 0xe1, 0x90, 0x8, 0x80, 0x3c, 0x40, 0x1f,
    0xfd, 0xe, 0x0, 0xf, 0xff, 0xff, 0xf, 0x80,
    0x3f, 0x88, 0x0, 0x40, 0x1f, 0xfc, 0xd1, 0x0,
    0x30, 0x7, 0xff, 0x35, 0x80, 0x22, 0x2f, 0xfe,
    0x30, 0x7, 0xc4, 0x0, 0x5d, 0xdf, 0xfe, 0x31,
    0x0, 0x70, 0x80, 0x7f, 0xf2, 0x8c, 0x3, 0x88,
    0x47, 0xff, 0x8e, 0x1, 0x8, 0x7, 0x1f, 0x77,
    0xff, 0x1a, 0x0, 0x3f, 0xfa, 0x2, 0x1, 0xc4,
    0x67, 0xff, 0xc8, 0x0, 0x78, 0x0, 0x40, 0x1f,
    0x99, 0xff, 0xc8, 0x40, 0x20, 0x1, 0x80, 0x7f,
    0xf3, 0x44, 0x0, 0x20, 0x1, 0x0, 0xff, 0xe5,
    0x38, 0x1, 0xc0, 0x19, 0xff, 0xff, 0xc8, 0x40,
    0x20, 0x0, 0x80, 0x7f, 0xf3, 0x10, 0x40, 0x4,
    0x1, 0xff, 0xc5, 0x11, 0xe2, 0x6a, 0x0, 0xb4,
    0x3, 0xff, 0x88, 0x7d, 0xdd, 0xb2, 0x20, 0x1,
    0x50, 0xf, 0xfe, 0x21, 0x80, 0x7f, 0xa8, 0x3,
    0xff, 0x8c, 0x60, 0x1c, 0x24, 0xda, 0x80, 0x10,

    /* U+51B7 "冷" */
    0x0, 0xff, 0xf1, 0xbf, 0xfc, 0x40, 0x1f, 0xf1,
    0xd3, 0x80, 0x7f, 0xc3, 0x0, 0x14, 0x80, 0x7f,
    0x9f, 0x16, 0x40, 0x3f, 0xeb, 0x0, 0xc8, 0xa0,
    0x1f, 0xca, 0x0, 0x16, 0x0, 0xfe, 0x55, 0x0,
    0x75, 0x88, 0x7, 0xe2, 0x50, 0x4, 0x0, 0x7e,
    0x2a, 0x0, 0xe, 0x0, 0x7, 0x40, 0x3f, 0xa4,
    0x0, 0x2a, 0x1, 0xe1, 0xf0, 0xa, 0x8d, 0xc0,
    0x7, 0x20, 0x1f, 0x8c, 0xc0, 0x8, 0x0, 0xf6,
    0x90, 0x1, 0xd0, 0x20, 0xc0, 0xd, 0x0, 0x1f,
    0xa4, 0x0, 0x48, 0x1, 0xb0, 0xc0, 0x9, 0x0,
    0x16, 0x88, 0x1, 0xe4, 0x3, 0xe5, 0x10, 0x7,
    0x80, 0x7, 0x4c, 0x0, 0x76, 0x2, 0x0, 0x1d,
    0x0, 0x9a, 0x80, 0x3e, 0x60, 0x2, 0x9, 0xf9,
    0x0, 0xf, 0x7, 0x30, 0x20, 0x3, 0xb0, 0x9,
    0x70, 0x80, 0x3a, 0x81, 0x2d, 0xb0, 0x40, 0x9,
    0x81, 0x86, 0x54, 0x1, 0x26, 0x0, 0x47, 0xaa,
    0x1, 0x8b, 0x6c, 0x60, 0x2, 0x5b, 0x0, 0x58,
    0x1, 0x24, 0x2, 0x3d, 0x10, 0xa, 0x90, 0x3,
    0x10, 0x2a, 0x0, 0x22, 0x80, 0x26, 0x70, 0x3,
    0x30, 0x2, 0x2f, 0x30, 0x1, 0xa0, 0x7, 0xd4,
    0x76, 0xe0, 0x1d, 0x8, 0x0, 0xb0, 0xc, 0x38,
    0xe1, 0xe0, 0x1f, 0x87, 0x10, 0x3, 0xea, 0x23,
    0xc0, 0xf, 0x46, 0x98, 0x7, 0x21, 0x0, 0x7f,
    0xc3, 0xf8, 0x20, 0x1f, 0x10, 0x7, 0xab, 0x79,
    0x87, 0xff, 0xfb, 0x7f, 0xff, 0x38, 0x7, 0x8c,
    0x40, 0x48, 0x3, 0xff, 0x9d, 0x60, 0x12, 0x0,
    0x7f, 0xf3, 0x94, 0x0, 0x80, 0x3d, 0xdf, 0xfc,
    0x1a, 0x0, 0xc8, 0x1, 0xc4, 0x40, 0x7, 0x0,
    0x4, 0x7f, 0xf8, 0xb, 0x40, 0x15, 0x98, 0x7,
    0x50, 0x4, 0x80, 0x1a, 0x68, 0x40, 0x3c, 0x76,
    0x1, 0x52, 0x0, 0x79, 0x40, 0x8, 0x20, 0x12,
    0x32, 0xf3, 0x80, 0x63, 0xc0, 0xa, 0x54, 0x3,
    0xc4, 0x40, 0x6, 0x80, 0x6f, 0x0, 0xa3, 0xc,
    0xf, 0x0, 0x29, 0x60, 0xf, 0x94, 0x2, 0x70,
    0xd, 0x70, 0x1, 0x1e, 0x56, 0x0, 0x52, 0xc0,
    0x1f, 0xa8, 0x0, 0x62, 0x1, 0xcf, 0xa8, 0x1,
    0x28, 0x5, 0x2c, 0x1, 0xf8, 0x88, 0x0, 0xb0,
    0xf, 0x8a, 0xe4, 0x40, 0x31, 0x38, 0x7, 0xf5,
    0x0, 0x4c, 0x1, 0xfc, 0xde, 0xa0, 0x11, 0x73,
    0x80, 0x7e, 0xf2, 0x3, 0x10, 0xf, 0xf0, 0xd5,
    0x88, 0x5, 0x18, 0x40, 0x1e, 0x7d, 0xd7, 0x0,
    0x7f, 0xf0, 0x53, 0x98, 0x2, 0x23, 0x0, 0xfc,
    0x44, 0x0, 0xff, 0xe1, 0xce, 0x10, 0x58, 0x80,
    0x7f, 0xf3, 0x8f, 0x65, 0x40, 0x3e,

    /* U+51FA "出" */
    0x0, 0xff, 0xee, 0x4f, 0xfb, 0x80, 0x3f, 0xff,
    0x27, 0xff, 0x10, 0x7, 0xff, 0x10, 0x7f, 0xe3,
    0x0, 0xff, 0xff, 0x80, 0x7f, 0xff, 0xc0, 0x3f,
    0xfd, 0x8, 0x9f, 0x10, 0x0, 0x51, 0x3e, 0x0,
    0xff, 0x4d, 0xdf, 0x90, 0x2, 0xbb, 0xf5, 0x0,
    0x7f, 0xfc, 0x8f, 0xbb, 0xfc, 0xc0, 0x1, 0xee,
    0xff, 0x18, 0x4, 0x23, 0xfe, 0x0, 0xc2, 0x3f,
    0xe0, 0x0, 0xdd, 0xc4, 0x1, 0xff, 0xc6, 0x1c,
    0xc8, 0xcc, 0x89, 0x8, 0x7, 0xff, 0x18, 0xcf,
    0x38, 0x7, 0xff, 0xfc, 0x3, 0xff, 0xfe, 0x1,
    0xff, 0xe6, 0xdd, 0xfc, 0xe0, 0x1, 0xdd, 0xfb,
    0xc0, 0x3f, 0x9, 0x17, 0xc2, 0x1, 0x11, 0x7e,
    0x0, 0xff, 0xea, 0x14, 0xcf, 0xff, 0x2a, 0x0,
    0x39, 0x9b, 0xff, 0x94, 0xa0, 0x18,

    /* U+51FB "击" */
    0x0, 0xff, 0xef, 0xd7, 0xfa, 0xc0, 0x3f, 0xff,
    0xe0, 0x1f, 0xfd, 0x21, 0x22, 0xff, 0x8, 0x1,
    0xc8, 0xbf, 0xc2, 0x1, 0xb7, 0x7f, 0xe4, 0x0,
    0x1e, 0xef, 0xfb, 0x0, 0x3f, 0xfe, 0x9b, 0xbf,
    0xf2, 0x0, 0xf, 0x77, 0xfd, 0x80, 0x18, 0x48,
    0xbf, 0xc2, 0x0, 0x72, 0x2f, 0xf0, 0x80, 0x7f,
    0xff, 0xc0, 0x3f, 0xf8, 0xbb, 0xff, 0xff, 0xc0,
    0x50, 0x2, 0x7f, 0xff, 0xf0, 0x38, 0xc0, 0x3f,
    0xfa, 0x2, 0x1, 0xff, 0xd2, 0xaa, 0xff, 0xe0,
    0x98, 0x0, 0xaa, 0xbf, 0xf8, 0x16, 0x8a, 0xbf,
    0xfc, 0x6, 0x0, 0x32, 0xaf, 0xff, 0x1, 0x0,
    0x5, 0x77, 0x10, 0x7, 0xff, 0x10, 0xb3, 0x22,
    0x0, 0xc2, 0x89, 0x8, 0x7, 0xff, 0x14, 0xce,
    0x10, 0xf, 0xff, 0xf8, 0x7, 0xff, 0xfc, 0x3,
    0xff, 0xb4, 0x89, 0xf3, 0x0, 0x1d, 0x13, 0xe0,
    0xf, 0xfe, 0x4, 0x5d, 0xf8, 0xc0, 0x7, 0x77,
    0xe9, 0x0, 0xff, 0xfc, 0x1f, 0xff, 0xff, 0x23,
    0x40, 0x3c,

    /* U+5206 "分" */
    0x0, 0xff, 0xe4, 0x18, 0x7, 0xff, 0x2a, 0x90,
    0x3, 0x9f, 0x70, 0xc0, 0x3f, 0xf9, 0xc, 0xb7,
    0xc4, 0x1, 0x49, 0x4, 0x80, 0x7f, 0xf2, 0x20,
    0x0, 0x44, 0x0, 0x98, 0x0, 0xa4, 0x1, 0xff,
    0xc6, 0x81, 0x0, 0x40, 0x6, 0x90, 0xa, 0xc0,
    0x3f, 0xf8, 0xa4, 0xe0, 0x3, 0x40, 0xc, 0x2c,
    0x0, 0x63, 0x0, 0xff, 0xe2, 0x70, 0x5, 0xe0,
    0x1e, 0xb0, 0xb, 0xc0, 0x3f, 0xf8, 0x72, 0x60,
    0x6, 0x30, 0xf, 0x13, 0x80, 0xe, 0x0, 0x3f,
    0xf8, 0x2c, 0xc0, 0x0, 0xc0, 0x7, 0xe8, 0x10,
    0x3, 0xa8, 0x7, 0xfc, 0xb2, 0x1, 0x68, 0x80,
    0x7f, 0x68, 0x5, 0x48, 0x1, 0xfc, 0x94, 0x1,
    0x41, 0x80, 0x7f, 0x8e, 0x40, 0x2b, 0x50, 0xf,
    0x92, 0xc0, 0x25, 0x70, 0xf, 0xfe, 0x3, 0x30,
    0x2, 0xa8, 0x0, 0xe7, 0xb0, 0x9, 0x28, 0x3,
    0xff, 0x85, 0x2c, 0x1, 0x3d, 0x88, 0x2, 0xa0,
    0x2, 0x4b, 0x0, 0xff, 0xe2, 0x4b, 0x0, 0x49,
    0xc6, 0x2, 0x1, 0x12, 0x7f, 0xff, 0xf1, 0x9e,
    0x0, 0x21, 0x30, 0x90, 0x3, 0xc0, 0x7, 0xff,
    0x21, 0xec, 0x42, 0x40, 0x4, 0xf5, 0x0, 0x1f,
    0xfc, 0x83, 0x4, 0xf6, 0x70, 0xa, 0x14, 0x12,
    0xef, 0x8, 0x1, 0xae, 0xff, 0x18, 0x0, 0x40,
    0x3, 0x20, 0x1f, 0xa, 0x26, 0x10, 0x7, 0xa2,
    0x7e, 0x70, 0x3, 0x80, 0x7f, 0xf0, 0xc4, 0x2,
    0x30, 0xf, 0xce, 0x0, 0x10, 0xf, 0xfe, 0x1a,
    0x80, 0x4c, 0x1, 0xf8, 0x80, 0x6, 0x1, 0xff,
    0xc3, 0x30, 0x8, 0x80, 0x3f, 0x8, 0x0, 0x40,
    0x3f, 0xf8, 0x78, 0x0, 0x11, 0x0, 0x7f, 0xde,
    0x1, 0xff, 0xc2, 0x14, 0x0, 0x20, 0x7, 0xe1,
    0x0, 0x88, 0x3, 0xff, 0x85, 0x0, 0x17, 0x80,
    0x7e, 0x30, 0x8, 0x40, 0x3f, 0xf8, 0x28, 0xc0,
    0x1, 0x50, 0xf, 0xcc, 0x1, 0x38, 0x7, 0xff,
    0x0, 0xec, 0x2, 0x80, 0xf, 0xe2, 0x0, 0x88,
    0x3, 0xfe, 0x5c, 0x0, 0x91, 0x80, 0x3f, 0xb4,
    0x2, 0x10, 0xf, 0xe1, 0x9a, 0x0, 0x8a, 0xc0,
    0x23, 0x3c, 0x8b, 0x48, 0x0, 0x30, 0xf, 0xe6,
    0xf6, 0x0, 0x8f, 0x0, 0x36, 0x66, 0xba, 0x50,
    0xa, 0xc0, 0x3f, 0x1c, 0x88, 0x4, 0xb8, 0x20,
    0x18, 0x80, 0x3f, 0x1b, 0x80, 0x7e, 0x38, 0x0,
    0xa6, 0x80, 0x3c, 0xe0, 0x1c, 0x27, 0x18, 0x1,
    0xfe, 0x74, 0x3d, 0x60, 0xf, 0xab, 0xff, 0xbb,
    0x1c, 0x3, 0xff, 0x81, 0x78, 0x40, 0x1f, 0xfc,
    0xe0,

    /* U+5207 "切" */
    0x0, 0xcb, 0xdc, 0xc0, 0xf, 0xfe, 0x71, 0x88,
    0xc0, 0x1f, 0xfd, 0x62, 0xff, 0xff, 0xe2, 0x70,
    0x7, 0xff, 0x0, 0x40, 0x3f, 0xfc, 0x46, 0x1,
    0xff, 0xc0, 0x26, 0x6c, 0x1, 0x1b, 0x37, 0x10,
    0x7, 0xff, 0xc, 0x66, 0x70, 0x80, 0x2e, 0x67,
    0x90, 0x0, 0x20, 0x1f, 0xfc, 0x51, 0x0, 0x8,
    0x7, 0x18, 0x7, 0xf8, 0xcc, 0xb1, 0x58, 0x20,
    0x1f, 0xfc, 0x37, 0x4, 0x68, 0xa0, 0x0, 0xe5,
    0x3a, 0x99, 0x80, 0x3c, 0x60, 0x1c, 0x20, 0x1a,
    0xe5, 0xcc, 0x3, 0xf0, 0x80, 0x7f, 0xf0, 0xc4,
    0x8, 0x3, 0xfc, 0x62, 0x0, 0x10, 0x8, 0x40,
    0x39, 0xc0, 0x30, 0x80, 0x70, 0xd6, 0x77, 0xe1,
    0x0, 0xc, 0x2, 0x70, 0xf, 0xc6, 0x1f, 0xbf,
    0x20, 0x3, 0x53, 0x10, 0xe, 0x10, 0x8, 0x40,
    0x38, 0x40, 0x31, 0x90, 0x7, 0xff, 0x5, 0xc0,
    0x23, 0x0, 0xe3, 0x0, 0x8, 0x7, 0xff, 0x10,
    0x80, 0x21, 0x0, 0xff, 0xe6, 0x88, 0x0, 0x40,
    0x3c, 0x20, 0xf, 0x0, 0xff, 0xe2, 0x70, 0x0,
    0x80, 0x3f, 0xf9, 0xca, 0x0, 0x60, 0xf, 0xe1,
    0x0, 0xff, 0xe0, 0x8, 0x4, 0x60, 0xd, 0x0,
    0xfe, 0x30, 0xf, 0xfa, 0x3c, 0x0, 0x80, 0x11,
    0x80, 0x70, 0x80, 0x7f, 0xf0, 0x4b, 0x1c, 0x4c,
    0x30, 0x2, 0x40, 0xe, 0x30, 0x8, 0x40, 0x3f,
    0x3e, 0x98, 0x1, 0x41, 0x80, 0x8, 0x1, 0xff,
    0xc6, 0x28, 0x0, 0x89, 0x5c, 0x40, 0x1c, 0x1,
    0xe1, 0x0, 0x9c, 0x3, 0x78, 0x7, 0x9b, 0x4a,
    0x40, 0x2, 0xa0, 0x1f, 0xe1, 0x0, 0x8d, 0x80,
    0x30, 0xdc, 0x85, 0x8, 0x2, 0x0, 0x3e, 0x60,
    0xf, 0x88, 0x3, 0x37, 0x20, 0x42, 0x0, 0x9,
    0x80, 0x3e, 0xf0, 0x8, 0x80, 0x21, 0x60, 0x1b,
    0x90, 0x3, 0xb8, 0x2, 0xe0, 0x2, 0xbb, 0xd1,
    0x8a, 0x0, 0x10, 0xe, 0x86, 0xf4, 0x0, 0x34,
    0x0, 0x50, 0x60, 0xf, 0x88, 0x9c, 0xc0, 0x27,
    0x0, 0xe1, 0x91, 0x0, 0x14, 0x80, 0x4a, 0xe0,
    0x16, 0x80, 0x7c, 0x30, 0x1, 0xfe, 0x2b, 0x0,
    0x1d, 0x0, 0x63, 0x0, 0xe2, 0x7f, 0x10, 0xf,
    0xf9, 0x35, 0x34, 0x3, 0x93, 0xff, 0xb6, 0x4,
    0x0,

    /* U+5224 "判" */
    0x0, 0xf9, 0x5d, 0xc8, 0x1, 0xff, 0xc2, 0x45,
    0x50, 0x80, 0x7d, 0xd1, 0xc, 0x0, 0xff, 0xe1,
    0x55, 0x48, 0x3, 0x2, 0x1, 0xfe, 0x56, 0x0,
    0xff, 0xe0, 0xaf, 0x3c, 0x0, 0x7f, 0xae, 0x78,
    0x44, 0x89, 0x0, 0x7c, 0xe0, 0x6, 0x20, 0xf,
    0xce, 0x20, 0x42, 0xb7, 0x70, 0x7, 0xc4, 0xa0,
    0x8, 0x0, 0xf8, 0x60, 0x1, 0xe0, 0x1f, 0xfc,
    0x18, 0x0, 0x29, 0x80, 0x7a, 0x0, 0x8, 0x60,
    0x1f, 0xfc, 0x12, 0x60, 0x4, 0x0, 0x71, 0x30,
    0x2, 0x40, 0x3f, 0xf8, 0x70, 0x0, 0x43, 0x0,
    0xdc, 0x0, 0x62, 0x0, 0xff, 0xe1, 0x8b, 0xc,
    0x98, 0x6, 0x92, 0x18, 0x0, 0xff, 0xe2, 0xc7,
    0x30, 0x7, 0x2e, 0xe0, 0x80, 0x7f, 0xf0, 0xdd,
    0xcc, 0xef, 0x30, 0x1, 0x1d, 0xca, 0xee, 0x30,
    0xf, 0xfe, 0xc, 0x47, 0x88, 0x0, 0x71, 0x1d,
    0x60, 0x1f, 0xfd, 0xe4, 0x4f, 0x8, 0x0, 0x51,
    0x3b, 0x80, 0x3f, 0xf8, 0x37, 0x7e, 0x50, 0x3,
    0x5d, 0xf3, 0x0, 0x7f, 0xf9, 0x1c, 0x1, 0xe0,
    0x1f, 0xfc, 0x65, 0x5f, 0x84, 0x1, 0xaa, 0xbe,
    0x0, 0xff, 0xe0, 0x5d, 0x57, 0x88, 0x0, 0xb5,
    0x5e, 0x20, 0xf, 0xfe, 0xe2, 0x99, 0xf1, 0x0,
    0x44, 0x67, 0xf0, 0x7, 0xfd, 0x79, 0x9d, 0x60,
    0x16, 0xe6, 0x78, 0x40, 0x3f, 0xf8, 0xba, 0x0,
    0x40, 0xf, 0xce, 0x45, 0x0, 0x7f, 0xf0, 0x9,
    0x0, 0x18, 0x1, 0xf8, 0xf7, 0x60, 0xf, 0xfe,
    0x4, 0x80, 0x4c, 0x1, 0xff, 0xcb, 0x64, 0x0,
    0x30, 0x80, 0x7f, 0xf0, 0xc4, 0x3, 0xcb, 0x20,
    0x1, 0x80, 0xf, 0xf3, 0x3b, 0xec, 0x0, 0xf3,
    0x50, 0x5, 0x42, 0x1, 0xfe, 0xb8, 0x8c, 0x60,
    0x13, 0x83, 0x48, 0x5, 0x28, 0x1, 0xff, 0x38,
    0x7, 0xc8, 0x40, 0xe8, 0x0, 0x86, 0x0, 0xff,
    0xe0, 0x60, 0x7, 0x13, 0xd0, 0x0, 0x6d, 0xa5,
    0xc0, 0x3f, 0xf8, 0x2d, 0xff, 0xdb, 0x2, 0x0,

    /* U+522B "别" */
    0x0, 0xff, 0xe7, 0x13, 0x31, 0x40, 0x2, 0xab,
    0xff, 0xc1, 0x40, 0xf, 0xe7, 0x99, 0x58, 0x0,
    0xaa, 0xbf, 0xf8, 0x32, 0x1, 0xff, 0xd5, 0x67,
    0x70, 0x80, 0x7f, 0xf0, 0x15, 0x7e, 0x30, 0xf,
    0x4c, 0x40, 0x80, 0x3f, 0xe1, 0xaa, 0xfc, 0x1,
    0xff, 0xff, 0x0, 0xff, 0xec, 0xb, 0xbf, 0xd8,
    0x1, 0xff, 0xca, 0x88, 0xf9, 0x40, 0x3f, 0xfc,
    0x82, 0xcd, 0x8, 0x0, 0xd9, 0xbc, 0xa0, 0x1f,
    0xfc, 0x32, 0x99, 0x88, 0x1, 0x53, 0x3e, 0x80,
    0xf, 0xff, 0x28, 0x80, 0xc, 0x3, 0xff, 0x92,
    0xfb, 0xb8, 0x80, 0x17, 0xbb, 0xf2, 0x0, 0x7f,
    0xf0, 0x7c, 0x8b, 0x0, 0x42, 0x45, 0xf0, 0x7,
    0xff, 0x82, 0xae, 0xf0, 0x5, 0x57, 0x78, 0x40,
    0xe, 0x1, 0xff, 0xc1, 0x24, 0x49, 0x80, 0x25,
    0x44, 0xc0, 0x1f, 0xfc, 0x97, 0x0, 0x10, 0x7,
    0xe1, 0x0, 0xff, 0xe2, 0xe0, 0x1, 0xc0, 0x38,
    0x40, 0x3f, 0xf9, 0xe, 0x0, 0xd0, 0xf, 0xc6,
    0x0, 0xff, 0x8c, 0x3, 0xfc, 0x82, 0x0, 0x50,
    0xf, 0xfe, 0x6c, 0x80, 0xc, 0x80, 0x3f, 0x8,
    0x7, 0xff, 0xe, 0x8, 0x1, 0x0, 0x1c, 0x60,
    0x1f, 0xfc, 0x2, 0x0, 0xe4, 0x70, 0x2, 0xa0,
    0x4, 0x29, 0xc0, 0x2, 0x0, 0x95, 0x9b, 0x44,
    0x0, 0x6, 0x7, 0x60, 0x1, 0xb0, 0xcf, 0xf7,
    0x59, 0x0, 0x14, 0x2, 0x99, 0xe7, 0x0, 0x9c,
    0x34, 0x2, 0xd1, 0x5, 0x0, 0xf0, 0xc8, 0x4,
    0xa0, 0x1f, 0xa4, 0x30, 0x82, 0x8c, 0x1, 0x80,
    0x18, 0x9f, 0xc4, 0x2, 0xf0, 0xe, 0x15, 0xc3,
    0x2, 0xda, 0x50, 0x9, 0x7f, 0xf6, 0xc0, 0x80,
    0x66, 0xff, 0xee, 0xa3, 0x0,

    /* U+524D "前" */
    0x0, 0xff, 0xed, 0xac, 0x65, 0x0, 0x7f, 0xaf,
    0xa9, 0x40, 0x3f, 0xf8, 0x5c, 0xe6, 0xaa, 0x0,
    0xfc, 0xa8, 0x2b, 0x80, 0x1f, 0xfc, 0x29, 0x0,
    0xac, 0x40, 0x3c, 0x34, 0x0, 0x18, 0x0, 0xfc,
    0x23, 0xe3, 0x70, 0x0, 0xd8, 0x8f, 0xb4, 0x2,
    0xb0, 0x11, 0xf0, 0xf, 0x77, 0xce, 0x1, 0x2f,
    0x77, 0x8c, 0x2, 0xae, 0xef, 0x80, 0x3f, 0xfa,
    0xa2, 0x1, 0xff, 0xd4, 0xff, 0xff, 0xe9, 0x0,
    0x7f, 0xf6, 0x11, 0x3f, 0xf8, 0x20, 0x1f, 0xd3,
    0xfe, 0x90, 0xf, 0x55, 0xdf, 0xff, 0x0, 0x2,
    0xab, 0xb0, 0x7, 0xff, 0x45, 0x51, 0x0, 0x1f,
    0xfc, 0x42, 0x33, 0xe2, 0x0, 0xff, 0xe6, 0xce,
    0x67, 0x78, 0x7, 0xff, 0xb7, 0x59, 0xb9, 0x40,
    0x3f, 0xf9, 0xad, 0x33, 0xd0, 0x1, 0xff, 0xed,
    0x69, 0x9e, 0x70, 0xf, 0xfe, 0x6e, 0xb3, 0x75,
    0x0, 0x7f, 0xfb, 0x62, 0xef, 0xb8, 0x3, 0xff,
    0x9a, 0x68, 0x9c, 0x60, 0x1f, 0xfe, 0xda, 0xee,
    0xec, 0x0, 0xff, 0xe6, 0x88, 0xfc, 0x1, 0xef,
    0xf8, 0x3, 0xff, 0xae, 0x60, 0x1f, 0xfc, 0x64,
    0x0, 0xf0, 0x91, 0x64, 0x40, 0x0, 0x40, 0x3f,
    0xe6, 0xff, 0xa4, 0x0, 0x20, 0x13, 0xee, 0xeb,
    0x10, 0x7, 0x0, 0x7f, 0xca, 0x1, 0xe4, 0x0,
    0x94, 0x3, 0xf3, 0x80, 0x7f, 0xc6, 0x1, 0xc9,
    0x60, 0x11, 0x80, 0x70, 0xa6, 0x8, 0x7, 0xb3,
    0x24, 0x0, 0x77, 0x6f, 0xb1, 0x0, 0xdf, 0xfd,
    0xd6, 0x60, 0x18,

    /* U+529F "功" */
    0x0, 0xff, 0xe2, 0xf7, 0x48, 0x1, 0xff, 0xcd,
    0x11, 0xe0, 0xf, 0xfe, 0x88, 0x80, 0x7f, 0x99,
    0xdf, 0xfc, 0x40, 0x1f, 0xfc, 0x68, 0x8f, 0xf9,
    0x0, 0x23, 0x0, 0xff, 0xea, 0xb8, 0x7, 0xf8,
    0xc0, 0x3f, 0xc6, 0x46, 0x67, 0x0, 0x94, 0xcf,
    0xf0, 0x86, 0xff, 0xc2, 0x0, 0x6f, 0xf9, 0x7b,
    0x31, 0x40, 0x14, 0xe6, 0x7e, 0x90, 0xf, 0xfe,
    0x8f, 0x80, 0x7f, 0xf7, 0xfb, 0x31, 0x0, 0x15,
    0xe6, 0x70, 0x4, 0x20, 0x1f, 0xfc, 0x12, 0x33,
    0x10, 0x4, 0x86, 0x7c, 0x1, 0xff, 0xd5, 0x30,
    0xf, 0xfe, 0x21, 0x80, 0x4, 0x3, 0xff, 0x9c,
    0x20, 0x3, 0x0, 0xfe, 0x10, 0xf, 0xfe, 0x27,
    0x0, 0x4, 0x3, 0x84, 0x3, 0xff, 0x90, 0x60,
    0x6, 0x0, 0xe3, 0x0, 0x9c, 0x3, 0xff, 0x88,
    0xc0, 0x3, 0x0, 0xfe, 0x10, 0xf, 0xfe, 0x21,
    0x0, 0x3c, 0x3, 0x84, 0x3, 0xff, 0x8e, 0x42,
    0x0, 0x20, 0xf, 0xe3, 0x0, 0xff, 0x89, 0x40,
    0x8, 0x1, 0x28, 0x7, 0x38, 0x7, 0xff, 0x1,
    0x6b, 0xb6, 0xc0, 0x1a, 0x0, 0x31, 0x0, 0xe1,
    0x0, 0x84, 0x2, 0x37, 0x10, 0x1, 0xa8, 0x80,
    0x81, 0x20, 0x1, 0x0, 0x3c, 0x60, 0x19, 0x33,
    0xf2, 0x0, 0x3f, 0xc, 0x0, 0x54, 0x1, 0xff,
    0x9, 0x80, 0x7e, 0x47, 0xb5, 0x50, 0x1, 0x8,
    0x3, 0xc2, 0x0, 0x10, 0x40, 0xc, 0x29, 0x19,
    0xf7, 0xb, 0x20, 0x14, 0x0, 0x7d, 0xc0, 0x18,
    0x49, 0x23, 0x3a, 0xdc, 0xc0, 0x2a, 0x20, 0x2,
    0x18, 0x7, 0xc8, 0x0, 0x20, 0x6, 0xdb, 0x98,
    0x7, 0xa5, 0x0, 0x3, 0x40, 0x26, 0x72, 0x2d,
    0x90, 0x1, 0x80, 0x3f, 0xe8, 0x60, 0xa, 0x84,
    0x13, 0x32, 0xba, 0x40, 0xb, 0x0, 0x3f, 0xd0,
    0xe0, 0x14, 0x20, 0x1, 0xc0, 0x3f, 0x1b, 0x0,
    0x7f, 0xa8, 0x80, 0xc, 0xe0, 0x11, 0x8, 0x6,
    0x13, 0x8c, 0x0, 0xff, 0x8b, 0x51, 0x64, 0x3,
    0xbb, 0xff, 0x76, 0x38, 0x7, 0xff, 0xa, 0xe8,
    0x3, 0xff, 0x8a,

    /* U+52A0 "加" */
    0x0, 0xe8, 0xbb, 0x30, 0x7, 0xff, 0x38, 0xd1,
    0x1e, 0x1, 0xff, 0xd1, 0x10, 0xf, 0xfe, 0xd9,
    0x9f, 0xff, 0x0, 0x3, 0xf7, 0x80, 0x7f, 0x6e,
    0x67, 0xfb, 0x40, 0x48, 0xa7, 0x0, 0x79, 0x17,
    0x84, 0x3, 0xff, 0x87, 0x5b, 0xb1, 0x80, 0x1f,
    0x77, 0xd2, 0x1, 0xff, 0xd7, 0xad, 0xdd, 0x40,
    0x1f, 0xfc, 0xc6, 0x22, 0xcc, 0x1, 0xa7, 0x32,
    0x10, 0x4, 0x66, 0x46, 0x0, 0xf0, 0xf, 0xfe,
    0x19, 0x19, 0xc0, 0x11, 0x9e, 0x0, 0xff, 0xe7,
    0x38, 0x7, 0xff, 0x38, 0x40, 0x3c, 0x20, 0x1f,
    0xfc, 0xd1, 0x0, 0xf0, 0x80, 0x7f, 0xf1, 0x84,
    0x2, 0x30, 0xf, 0xfe, 0x69, 0x80, 0x42, 0x1,
    0x18, 0x0, 0xc0, 0x3f, 0xf8, 0xcc, 0x0, 0x10,
    0xf, 0xfe, 0x70, 0x80, 0xc, 0x3, 0xff, 0x9d,
    0xa0, 0x6, 0x0, 0xc2, 0x0, 0x10, 0xf, 0xfe,
    0x31, 0x80, 0x8, 0x3, 0xff, 0x9c, 0xa0, 0xf,
    0x0, 0xff, 0xe6, 0x90, 0x80, 0x14, 0x3, 0xe7,
    0x0, 0xff, 0xe2, 0xa0, 0x4, 0x60, 0x10, 0x80,
    0x7f, 0xf2, 0x74, 0x0, 0x80, 0x1f, 0x84, 0x3,
    0xff, 0x88, 0x48, 0x0, 0xc0, 0xc, 0x60, 0x1f,
    0xc8, 0xab, 0x90, 0x3, 0xac, 0x2, 0x50, 0xc,
    0x20, 0x1f, 0xd1, 0x55, 0xa0, 0x3, 0xb, 0x0,
    0xc, 0x80, 0x32, 0x80, 0x46, 0x1, 0xff, 0xc3,
    0xb0, 0xa, 0x42, 0x22, 0x99, 0x0, 0x42, 0x1,
    0xff, 0xc2, 0x35, 0x0, 0xa, 0x83, 0xbc, 0xc0,
    0x11, 0x80, 0x7b, 0x3f, 0xf6, 0x0, 0x7d, 0x0,
    0x3, 0x0, 0xf4, 0x80, 0x7f, 0xf0, 0xce, 0xc0,
    0x98, 0x0, 0xa0, 0x10, 0xa5, 0x28, 0x7, 0xff,
    0x11, 0x2a, 0x40, 0x29, 0xff, 0xba, 0xd4, 0x3,
    0x66, 0xe8, 0xc0, 0x31, 0xee, 0xb0,

    /* U+52A8 "动" */
    0x0, 0xff, 0xe3, 0xcd, 0x50, 0x40, 0x3f, 0xf9,
    0xee, 0xaa, 0x30, 0xf, 0xf1, 0xb3, 0x7f, 0xc6,
    0x1, 0xff, 0xc6, 0xb9, 0x9f, 0xf9, 0x0, 0x30,
    0x80, 0x7f, 0xf8, 0x3c, 0x8b, 0xfe, 0x10, 0xf,
    0x8c, 0x3, 0xfc, 0xfb, 0xbf, 0xf3, 0xa, 0xac,
    0x1, 0x3a, 0xaf, 0xc2, 0x1, 0xff, 0xc3, 0x4a,
    0xa8, 0x2, 0x9a, 0xaf, 0x8c, 0x3, 0xff, 0xe2,
    0x60, 0x23, 0xff, 0xc2, 0x5f, 0xf7, 0x0, 0x5f,
    0xfc, 0x1, 0xdd, 0xdf, 0xfc, 0x26, 0x0, 0xe1,
    0x0, 0xff, 0xe7, 0x98, 0x7, 0xfc, 0x20, 0x1f,
    0xfc, 0x93, 0x0, 0xff, 0x6e, 0xe8, 0x0, 0xb3,
    0x77, 0x98, 0x0, 0x20, 0x1, 0x0, 0xc2, 0x1,
    0xc4, 0x5b, 0x40, 0x6, 0x62, 0x2e, 0x0, 0x9c,
    0x0, 0xe0, 0x1f, 0xfc, 0x25, 0x0, 0x50, 0x0,
    0x84, 0x3, 0x84, 0x0, 0x20, 0x18, 0xc0, 0x2,
    0x1, 0xca, 0x1, 0x3a, 0x66, 0xc8, 0x7, 0x10,
    0x0, 0xc0, 0x3f, 0xf8, 0x32, 0x0, 0x41, 0x11,
    0x83, 0x0, 0x77, 0x0, 0x4, 0x3, 0x8, 0x0,
    0xc0, 0x31, 0x18, 0x3, 0x81, 0x44, 0x5, 0x40,
    0x31, 0x0, 0x38, 0x3, 0x38, 0x7, 0xd6, 0x0,
    0x15, 0x0, 0x30, 0x3, 0x80, 0x32, 0x80, 0x8,
    0x3, 0xe1, 0x0, 0x85, 0x80, 0x12, 0x1, 0x50,
    0x1, 0x8, 0x0, 0x42, 0x0, 0x50, 0xc, 0x20,
    0x1e, 0x90, 0x9, 0x80, 0x22, 0x30, 0x5, 0x0,
    0x10, 0x0, 0x22, 0x0, 0xc6, 0x0, 0x70, 0x0,
    0xb8, 0x1, 0x84, 0x46, 0x8c, 0x1, 0x30, 0x2,
    0x80, 0xe, 0x1, 0xf8, 0x40, 0x10, 0x1, 0x3f,
    0xf6, 0x5c, 0x98, 0x0, 0x50, 0xcc, 0x0, 0xd0,
    0xe, 0x10, 0xf, 0xe1, 0x0, 0xfe, 0xe8, 0x0,
    0xa, 0x0, 0x76, 0x80, 0xc, 0x1, 0x80, 0x1e,
    0x13, 0x57, 0x70, 0x1, 0x10, 0x0, 0x60, 0xe,
    0x45, 0x0, 0x8, 0x1, 0x15, 0xe6, 0xf7, 0xfb,
    0x2a, 0x20, 0xd6, 0x1, 0xc, 0xbf, 0xfe, 0xb0,
    0xb, 0x40, 0x3, 0x50, 0xc8, 0x40, 0x1e, 0x9f,
    0x10, 0x4, 0x9, 0x0, 0x7e, 0x40, 0xf, 0xfe,
    0x12, 0xa0, 0x0, 0xd8, 0x1c, 0x3, 0xc3, 0x62,
    0x1, 0xff, 0xc2, 0x5a, 0x10, 0xe0, 0x1, 0x55,
    0x6b, 0xce, 0x40, 0xf, 0xfe, 0x22, 0xfd, 0x90,
    0x4, 0xab, 0x90, 0xc0, 0x30,

    /* U+5316 "化" */
    0x0, 0xfc, 0x76, 0xc2, 0x1, 0xa6, 0x65, 0x0,
    0xff, 0xe3, 0xd2, 0x4f, 0x0, 0x66, 0x6b, 0x0,
    0x3f, 0xf8, 0xec, 0x0, 0x50, 0xf, 0xfe, 0x72,
    0x80, 0x5c, 0x1, 0xff, 0xce, 0x90, 0x0, 0xa0,
    0x7, 0xff, 0xc, 0x48, 0x3, 0xf1, 0x98, 0x0,
    0xc0, 0x1f, 0xfc, 0x4d, 0xc2, 0x0, 0xfa, 0x0,
    0x29, 0x0, 0xff, 0xe1, 0xe1, 0x8e, 0x10, 0x7,
    0x1a, 0x0, 0x18, 0x40, 0x3f, 0xf8, 0x56, 0x60,
    0x1f, 0xd2, 0x1, 0x58, 0x7, 0xff, 0xa, 0xd0,
    0x2, 0xd2, 0x0, 0xc6, 0xa0, 0x1, 0x20, 0xf,
    0xfe, 0xd, 0xa0, 0x5, 0x86, 0x1, 0xde, 0x1,
    0xff, 0xc4, 0x1c, 0x40, 0xa, 0xcc, 0x3, 0x94,
    0xc0, 0x3f, 0xf8, 0x65, 0x86, 0x1, 0x62, 0x0,
    0x70, 0xd8, 0x7, 0xff, 0xd, 0x70, 0x80, 0x3,
    0x86, 0x1, 0xeb, 0x10, 0xf, 0xfe, 0x19, 0x88,
    0x0, 0x70, 0xc0, 0x3c, 0xaa, 0x0, 0xff, 0xe3,
    0x97, 0x90, 0x7, 0x86, 0x80, 0x25, 0x0, 0xfe,
    0x20, 0xe, 0x4d, 0x10, 0xf, 0x84, 0x2, 0x92,
    0x0, 0xfc, 0xfa, 0x1, 0x9e, 0xc0, 0x3f, 0xc8,
    0x8, 0xc0, 0x1f, 0x16, 0x40, 0x6, 0x68, 0x0,
    0xff, 0xb4, 0xa8, 0x3, 0xe7, 0xd3, 0x0, 0xff,
    0xe3, 0x3f, 0x8, 0x7, 0xe, 0xc0, 0x7, 0xff,
    0xc, 0x48, 0x2, 0x13, 0x0, 0xf0, 0x80, 0x62,
    0xb0, 0xf, 0xf9, 0x37, 0xa8, 0x3, 0xfd, 0x20,
    0x7, 0xd4, 0x0, 0xff, 0xe0, 0x8a, 0x80, 0x7f,
    0x91, 0xf2, 0x0, 0x3f, 0xf8, 0x82, 0x1, 0xff,
    0x41, 0x80, 0x7f, 0xf0, 0x8c, 0x3, 0xff, 0xa4,
    0x20, 0x3, 0x0, 0xff, 0xe3, 0x98, 0x7, 0xde,
    0x0, 0x10, 0xf, 0xfe, 0x3a, 0x10, 0x7, 0x13,
    0x0, 0x18, 0x3, 0xff, 0x88, 0x40, 0x1, 0xdf,
    0xfe, 0xd1, 0x0, 0x10, 0x7, 0xff, 0x11, 0x40,
    0x3f, 0xf8, 0x34, 0x1, 0xff, 0xc4, 0x84, 0x0,
    0xff, 0xa4, 0x80, 0x3f, 0xf8, 0xb7, 0xb5, 0x33,
    0xea, 0xbf, 0x60,

    /* U+533A "区" */
    0x12, 0x2f, 0xfe, 0x70, 0x4e, 0xef, 0xff, 0x38,
    0xc0, 0x3f, 0xfe, 0x19, 0x9f, 0xfc, 0x5b, 0xcc,
    0xe3, 0x0, 0x84, 0xcf, 0x21, 0x9f, 0xfc, 0x52,
    0xa6, 0x78, 0x3, 0xf5, 0x45, 0x0, 0x7f, 0xb4,
    0xa6, 0x80, 0x3f, 0xd2, 0xa0, 0xb6, 0x1, 0xfa,
    0xc, 0x0, 0xe0, 0x1f, 0xea, 0x0, 0x92, 0xc0,
    0x3c, 0xae, 0x1, 0x78, 0x7, 0xf8, 0xf0, 0x40,
    0x9, 0x80, 0x18, 0xe8, 0x2, 0xa2, 0x0, 0xff,
    0x8f, 0x44, 0x0, 0x78, 0x20, 0x5a, 0x1, 0x3a,
    0x80, 0x7f, 0xf0, 0x4f, 0x4, 0x0, 0x7a, 0x5e,
    0x20, 0x4, 0x80, 0xf, 0xfe, 0x19, 0x60, 0x80,
    0xf, 0x48, 0x0, 0x56, 0x1, 0xff, 0xc5, 0x2c,
    0x10, 0xe, 0x1c, 0x0, 0xff, 0xe3, 0x96, 0x80,
    0x76, 0x88, 0x7, 0xff, 0x22, 0x0, 0x3b, 0xc4,
    0x3, 0xff, 0x8c, 0x38, 0x80, 0x1c, 0x7a, 0x20,
    0x1f, 0xfc, 0x41, 0xc3, 0x0, 0xa0, 0x2, 0x3d,
    0x10, 0xf, 0xfe, 0x11, 0x61, 0x0, 0x56, 0xf8,
    0x1, 0x1e, 0x88, 0x7, 0xff, 0x1, 0x30, 0x80,
    0x2b, 0x40, 0x3c, 0x0, 0x8f, 0x40, 0x3f, 0xe7,
    0xb1, 0x0, 0xe, 0x20, 0x4, 0x76, 0x1, 0x1e,
    0x0, 0x7f, 0x3c, 0x0, 0x45, 0x86, 0x1, 0xc9,
    0x60, 0x11, 0xe0, 0x7, 0xe5, 0x0, 0x8f, 0x8,
    0x3, 0xe4, 0xa0, 0x8, 0x84, 0x3, 0xe2, 0x90,
    0x5c, 0x10, 0xf, 0xe5, 0x90, 0x1c, 0x10, 0xf,
    0xcd, 0x74, 0x1, 0xff, 0xc0, 0x69, 0xc2, 0x0,
    0xf0, 0xa2, 0x40, 0x89, 0xff, 0xc2, 0x26, 0x44,
    0x8c, 0x3, 0x5d, 0xff, 0xf2, 0xf8, 0x3, 0xff,
    0xd9, 0x1f, 0xff, 0xfc, 0xed,

    /* U+5355 "单" */
    0x0, 0xff, 0xec, 0xaf, 0x28, 0x7, 0xf9, 0xf5,
    0x80, 0x3f, 0xf8, 0x31, 0x43, 0x46, 0x1, 0xf8,
    0xe0, 0xa6, 0xc0, 0x3f, 0xf8, 0x12, 0x20, 0xd,
    0x20, 0xf, 0xf, 0x0, 0x6, 0x80, 0x3f, 0xf8,
    0x3, 0xa0, 0x1, 0xf1, 0x0, 0xea, 0x20, 0x5,
    0x8, 0x7, 0xf0, 0x8e, 0x29, 0x0, 0x38, 0x8,
    0xe9, 0x40, 0x3, 0xa8, 0x8e, 0x0, 0xf7, 0x77,
    0x48, 0x1, 0x7b, 0xb9, 0x80, 0x27, 0xee, 0xe0,
    0xf, 0xfe, 0xd8, 0x8f, 0xc0, 0x18, 0x47, 0xe0,
    0xf, 0xfe, 0x5, 0xf7, 0x79, 0x40, 0x9, 0xdd,
    0xea, 0x0, 0xff, 0xf7, 0x88, 0x7, 0xff, 0x2,
    0xbf, 0xfc, 0xa0, 0x4, 0xff, 0xf5, 0x0, 0x7f,
    0xf7, 0x8d, 0x13, 0xc2, 0x0, 0x14, 0x4f, 0x18,
    0x7, 0xff, 0x2, 0x6e, 0xfc, 0x80, 0x5, 0xbb,
    0xf4, 0x0, 0x7f, 0xfb, 0xc4, 0x3, 0xff, 0x81,
    0x5f, 0xfe, 0x50, 0x2, 0x7f, 0xfa, 0x80, 0x3f,
    0xfb, 0x62, 0x3f, 0xe0, 0xc, 0x23, 0xfe, 0x0,
    0xf7, 0x77, 0xf9, 0x40, 0x9, 0xdd, 0xfe, 0x0,
    0xff, 0xf9, 0xf7, 0xff, 0xff, 0x1, 0x40, 0x9,
    0xff, 0xff, 0xc0, 0xe0, 0xf, 0xff, 0x87, 0xf7,
    0x7f, 0xf0, 0x10, 0x0, 0x7d, 0xdf, 0xfc, 0xf,
    0x11, 0xff, 0xe1, 0x0, 0x1c, 0x47, 0xff, 0x82,
    0x1, 0xff, 0xff, 0x0, 0xff, 0xe1, 0x80,

    /* U+5361 "卡" */
    0x0, 0xff, 0xe0, 0x9, 0x9c, 0x1, 0xff, 0xd0,
    0x4c, 0xc9, 0x0, 0x3f, 0xff, 0xe0, 0x1f, 0xfe,
    0x8c, 0x55, 0xff, 0x84, 0x3, 0xff, 0x8e, 0xf5,
    0x5f, 0xf2, 0x80, 0x7f, 0xf9, 0xc4, 0x7f, 0xf8,
    0x0, 0x1f, 0xfc, 0x8a, 0xee, 0xff, 0x90, 0x3,
    0xff, 0xfe, 0x1, 0xff, 0xcd, 0x66, 0xff, 0xb0,
    0x2, 0xc6, 0x6f, 0xfe, 0x10, 0xc, 0xcf, 0xfc,
    0xc0, 0x13, 0xcc, 0xff, 0xf0, 0x80, 0x3f, 0xfe,
    0xa3, 0xff, 0xff, 0x50, 0x5, 0x5f, 0xff, 0xfc,
    0x20, 0xf, 0xff, 0x31, 0xf3, 0x80, 0x7f, 0xf4,
    0x60, 0x63, 0x94, 0x3, 0xff, 0x9c, 0x48, 0x0,
    0x1a, 0xc4, 0x0, 0xff, 0xe6, 0x17, 0x30, 0x4,
    0x77, 0x62, 0x0, 0xff, 0xe5, 0x8c, 0xe9, 0x80,
    0x49, 0xb2, 0x20, 0x1f, 0xfc, 0xb2, 0xca, 0x10,
    0x9, 0xbd, 0x80, 0x3f, 0xf9, 0x8b, 0xce, 0x1,
    0xd, 0x80, 0x7f, 0xf3, 0xa3, 0x50, 0x1, 0x0,
    0x1f, 0xfc, 0xf2, 0xba, 0x55, 0x0, 0x7f, 0xf4,
    0x56, 0x80, 0x3f, 0xff, 0xe0, 0x1f, 0xfc, 0xd0,

    /* U+538B "压" */
    0x0, 0xdf, 0xff, 0xfc, 0xea, 0x0, 0xff, 0xe9,
    0x8, 0x7, 0xff, 0x69, 0xa6, 0x7f, 0xf9, 0x5e,
    0x1, 0xf7, 0xb3, 0x7f, 0x19, 0xc8, 0xcd, 0xfc,
    0x80, 0x1f, 0xfc, 0x5a, 0xa9, 0x40, 0x3f, 0xff,
    0xe0, 0x1f, 0xff, 0xf0, 0xf, 0xfe, 0x67, 0x7f,
    0xfc, 0x1, 0x47, 0xff, 0xe8, 0x0, 0xfc, 0x60,
    0x1f, 0xfc, 0xe1, 0x0, 0xff, 0xec, 0x55, 0xdf,
    0xa8, 0x2, 0x5b, 0xbf, 0xd4, 0x1, 0x8c, 0x2,
    0x10, 0x44, 0xf9, 0x40, 0x2d, 0x44, 0xfc, 0x40,
    0x18, 0x40, 0x27, 0x0, 0xff, 0xe2, 0x59, 0x80,
    0x7e, 0x70, 0x8, 0x40, 0x3f, 0xf8, 0x43, 0x89,
    0x86, 0x1, 0xf0, 0x80, 0x46, 0x1, 0xff, 0xc2,
    0x23, 0x0, 0x69, 0x0, 0x78, 0x80, 0x21, 0x0,
    0xff, 0xe1, 0x1d, 0x0, 0x7, 0x4, 0x3, 0xb8,
    0x0, 0x40, 0x1f, 0xfc, 0x45, 0x80, 0x0, 0xe0,
    0x7, 0x28, 0x1, 0x80, 0x3f, 0xf8, 0xae, 0xc0,
    0x2, 0x70, 0x8, 0x4c, 0x1, 0x80, 0x1f, 0xfc,
    0x69, 0x30, 0x57, 0x0, 0x9c, 0x2, 0x40, 0xf,
    0xfe, 0x3e, 0xbd, 0x0, 0x6a, 0x0, 0x8d, 0x59,
    0xbf, 0x80, 0x2d, 0x66, 0xe7, 0xe6, 0x68, 0xc,
    0xc0, 0x6, 0x8, 0x99, 0xfe, 0x0, 0x96, 0x67,
    0xfc, 0x10, 0x1, 0x50, 0x7, 0xff, 0x39, 0x0,
    0x6, 0x60, 0x10, 0xf, 0xfe, 0x50, 0x86, 0x88,
    0x40, 0x3, 0x3f, 0xff, 0xf9, 0x5c, 0x5, 0xec,
    0x80, 0x1f, 0xfc, 0xe0,

    /* U+53BB "去" */
    0x0, 0xff, 0xe0, 0x91, 0x98, 0x80, 0x3f, 0xf9,
    0xdd, 0x98, 0xf0, 0xf, 0xff, 0xf8, 0x7, 0xff,
    0xc3, 0x3b, 0xbf, 0xc6, 0x0, 0x2e, 0xef, 0xf5,
    0x80, 0x61, 0x1f, 0xf8, 0x3, 0x8, 0xff, 0x9c,
    0x3, 0xff, 0xad, 0x35, 0x5f, 0xe2, 0x0, 0x15,
    0x57, 0xfb, 0xc0, 0x32, 0x2a, 0xff, 0x84, 0x2,
    0x55, 0xff, 0x18, 0x7, 0xff, 0xfc, 0x3, 0xff,
    0xc6, 0x8a, 0xbf, 0xfc, 0x1, 0x0, 0x95, 0x7f,
    0xf8, 0x9, 0x75, 0x5f, 0xfc, 0x2, 0x0, 0x15,
    0x57, 0xff, 0x2, 0x40, 0x3f, 0xfa, 0x42, 0x1,
    0xff, 0xd1, 0xef, 0xff, 0xe5, 0x0, 0x9b, 0xff,
    0xff, 0x85, 0xa0, 0x1f, 0xd0, 0xa0, 0x3, 0x90,
    0xe, 0x50, 0xf, 0xfe, 0x2a, 0xb8, 0x0, 0x74,
    0x3, 0x1e, 0xd3, 0x0, 0x7f, 0xf0, 0xd2, 0x80,
    0x2c, 0x10, 0xd, 0xe4, 0x12, 0xa0, 0x1f, 0xfc,
    0x14, 0xb0, 0xa, 0xc8, 0x3, 0xb4, 0x80, 0x14,
    0x80, 0x1f, 0xf2, 0x58, 0x5, 0x48, 0x1, 0xe1,
    0xf1, 0x0, 0x51, 0x0, 0x7f, 0x25, 0x80, 0x52,
    0xa0, 0x1f, 0x8b, 0x40, 0x3, 0x82, 0x1, 0xf3,
    0x58, 0x5, 0x4c, 0x1, 0xf0, 0x91, 0x1, 0x80,
    0x3, 0xa0, 0x1e, 0x99, 0x0, 0x45, 0xf7, 0x98,
    0xde, 0xff, 0xbb, 0x75, 0x8c, 0x1, 0x1d, 0x80,
    0x71, 0x80, 0x62, 0x54, 0x33, 0x10, 0x80, 0x7f,
    0xf0, 0x12, 0x40, 0x37, 0x80, 0x7f, 0xf2, 0x4,
    0x2, 0x67, 0x0, 0x94, 0x88, 0x68, 0x85, 0x67,
    0x88, 0x4d, 0x5e, 0x63, 0x7b, 0xfe, 0xed, 0x0,
    0x8c, 0x3, 0x6e, 0xb2, 0xed, 0x53, 0xe, 0xe6,
    0x54, 0x33, 0x10, 0x80, 0x62, 0x91, 0xd4, 0x0,
    0xff, 0xe7, 0x37, 0x10, 0x0,

    /* U+53C2 "参" */
    0x0, 0xff, 0xe0, 0xa8, 0x80, 0x7f, 0xf4, 0x6a,
    0x9d, 0x22, 0x1, 0xff, 0xcd, 0x2c, 0x50, 0x8,
    0x40, 0x3, 0x66, 0x1, 0xff, 0xc7, 0x6d, 0x30,
    0x4, 0xc8, 0x0, 0x38, 0x98, 0xe0, 0x1f, 0xfc,
    0x42, 0xb9, 0x0, 0x16, 0x30, 0x6, 0x70, 0x4,
    0x60, 0x80, 0x7f, 0xf0, 0x63, 0x50, 0x0, 0xfa,
    0x60, 0x18, 0x6a, 0x40, 0x7, 0xea, 0x1, 0xfe,
    0x7e, 0x70, 0xa, 0x31, 0x54, 0xcc, 0x77, 0x44,
    0x3c, 0xc0, 0x3, 0x52, 0x1, 0xfd, 0x2, 0x1,
    0xa2, 0xea, 0x93, 0x28, 0x83, 0xb9, 0x8c, 0x3,
    0x36, 0x90, 0x7, 0xc8, 0x1, 0xff, 0xc7, 0x10,
    0x1, 0x68, 0x80, 0x7b, 0xde, 0x21, 0x32, 0xaa,
    0x40, 0x4, 0xdb, 0xdc, 0xff, 0xdd, 0x40, 0x7,
    0x10, 0xf, 0x24, 0x3b, 0x99, 0x8a, 0xab, 0x0,
    0xa0, 0x84, 0x40, 0x1c, 0xba, 0xb0, 0x1, 0xff,
    0xc2, 0x53, 0x0, 0x38, 0x80, 0x7f, 0x15, 0x0,
    0x73, 0xff, 0xff, 0x50, 0x4, 0xff, 0xff, 0xfc,
    0x2e, 0x0, 0xff, 0xeb, 0x11, 0x7e, 0x0, 0xc4,
    0x5e, 0x0, 0xc4, 0x5f, 0x28, 0x1, 0x77, 0x7c,
    0x80, 0x12, 0xee, 0xfb, 0x0, 0x26, 0xdd, 0xf5,
    0x80, 0x7e, 0xb6, 0x0, 0x25, 0x0, 0x61, 0x70,
    0xa0, 0x2, 0x61, 0x0, 0x7f, 0xc7, 0xa8, 0x0,
    0x3b, 0x0, 0x96, 0xba, 0x20, 0xb0, 0x0, 0x3d,
    0x60, 0xf, 0xc3, 0x38, 0x40, 0x6, 0xc1, 0x5a,
    0xfa, 0x50, 0x2, 0x8b, 0xd0, 0x5, 0x3a, 0xa0,
    0x18, 0xa7, 0x98, 0x2, 0x41, 0xce, 0xa5, 0x0,
    0x8e, 0xb8, 0x41, 0xb0, 0x40, 0x5, 0x5a, 0xe2,
    0x2d, 0x60, 0x8, 0xc9, 0x1c, 0xc0, 0x22, 0x7d,
    0xc5, 0x6, 0xdc, 0x1e, 0x60, 0x8, 0xa1, 0xc5,
    0xc0, 0x3, 0x39, 0x40, 0x11, 0xc6, 0xea, 0x8,
    0x8f, 0xd2, 0x41, 0x1, 0x38, 0x60, 0x1, 0x60,
    0x91, 0x7e, 0x60, 0x68, 0xcf, 0xc7, 0x21, 0x6c,
    0xd8, 0x10, 0x2, 0x70, 0x0, 0xf2, 0xd2, 0x40,
    0x3, 0xd0, 0x1, 0xb, 0x98, 0x24, 0x67, 0x49,
    0x80, 0x4d, 0xb6, 0x80, 0x2c, 0x9, 0x6e, 0x1,
    0xf1, 0xb4, 0xe7, 0xdb, 0x98, 0x4, 0x95, 0xf2,
    0x40, 0x31, 0xd2, 0xc0, 0x1f, 0x8b, 0xf2, 0x58,
    0xc0, 0x21, 0x59, 0xeb, 0x50, 0x1, 0xcf, 0x38,
    0x2, 0x0, 0x3f, 0x11, 0x0, 0x21, 0x48, 0xce,
    0xa6, 0x10, 0x27, 0xdc, 0x60, 0x8, 0xac, 0x3,
    0xfa, 0x21, 0x7d, 0xcb, 0x73, 0x0, 0x1b, 0xe6,
    0xc1, 0x0, 0x47, 0x5a, 0xa0, 0x1f, 0xca, 0xe8,
    0x20, 0x28, 0xf7, 0xd9, 0x6, 0x1, 0xb, 0xee,
    0x28, 0x7, 0xf8, 0x4d, 0x62, 0xfb, 0x97, 0x8,
    0x20, 0x10, 0xb5, 0xf4, 0x10, 0x7, 0xfd, 0xdc,
    0xca, 0x74, 0x10, 0xe, 0x48, 0xce, 0x94, 0x0,
    0xff, 0xe1, 0x20, 0x7, 0x89, 0x67, 0x3e, 0xdc,
    0xc0, 0x3f, 0xf8, 0xbe, 0x48, 0xf3, 0x9f, 0xb4,
    0xc6, 0x1, 0xff, 0xc6,

    /* U+53CC "双" */
    0x0, 0x57, 0xff, 0xff, 0x0, 0xb3, 0xff, 0xff,
    0x82, 0x20, 0x18, 0x40, 0x3f, 0xf8, 0x22, 0x1,
    0xff, 0xe7, 0xe8, 0x8f, 0xce, 0x1, 0xf2, 0x4c,
    0xf9, 0x80, 0x3f, 0x2b, 0xbf, 0xec, 0x0, 0x89,
    0xc0, 0x2, 0xcd, 0xee, 0x0, 0x8, 0x80, 0x3c,
    0xaa, 0x0, 0xe3, 0x0, 0x18, 0x68, 0x1, 0xc0,
    0x3d, 0xa0, 0x5, 0x0, 0xe1, 0xba, 0xb1, 0x0,
    0xda, 0x0, 0x60, 0x30, 0x1, 0x0, 0x79, 0xc0,
    0x6, 0x1, 0xc6, 0x80, 0x36, 0x1, 0x90, 0x1,
    0xa0, 0xa0, 0x11, 0x80, 0x61, 0x20, 0x6, 0x80,
    0x71, 0x40, 0x1, 0x50, 0x0, 0x42, 0x0, 0x40,
    0x11, 0x0, 0x10, 0x3, 0x28, 0x4, 0x80, 0x1e,
    0x72, 0x0, 0x48, 0x1, 0x40, 0x23, 0x0, 0x20,
    0x3, 0x0, 0x36, 0x80, 0x8, 0x40, 0x3e, 0xe0,
    0x1, 0x40, 0x58, 0x1, 0x0, 0x2c, 0x0, 0x28,
    0x6, 0x40, 0x2, 0x0, 0x7e, 0x35, 0x0, 0x3a,
    0x18, 0x3, 0x0, 0x27, 0x0, 0xa, 0x0, 0xc,
    0x80, 0x1a, 0x1, 0xfd, 0x60, 0x15, 0x80, 0x4a,
    0x1, 0x9, 0x80, 0x34, 0x1, 0x60, 0x1, 0x40,
    0xf, 0xe1, 0x90, 0xe, 0x22, 0x0, 0x6b, 0x0,
    0x38, 0x1, 0x80, 0xe, 0x1, 0xff, 0x31, 0x80,
    0x6a, 0x0, 0xe6, 0x0, 0xb, 0x28, 0x80, 0x28,
    0x3, 0xff, 0x81, 0xe0, 0x19, 0x80, 0x38, 0x50,
    0x1, 0x70, 0x0, 0x33, 0x0, 0x7f, 0xf0, 0x1c,
    0x3, 0x10, 0x7, 0xbc, 0x0, 0x44, 0x0, 0x48,
    0x7, 0xff, 0x6, 0x40, 0x37, 0x80, 0x79, 0xc,
    0x3, 0x1a, 0x80, 0x7f, 0xf0, 0x18, 0x80, 0x31,
    0xa8, 0x7, 0xa0, 0x3, 0x40, 0x7, 0xff, 0x0,
    0x64, 0x2, 0x20, 0x5, 0x80, 0x7b, 0x0, 0x33,
    0x80, 0x7f, 0xf0, 0x28, 0x2, 0x89, 0x0, 0xc,
    0x0, 0x65, 0x70, 0xd, 0xa2, 0x1, 0xfe, 0x74,
    0x0, 0x13, 0xa2, 0x0, 0xe, 0x20, 0x5, 0xa0,
    0xe, 0x1c, 0x10, 0xf, 0xc7, 0x0, 0x17, 0x0,
    0x24, 0x0, 0xe2, 0xb, 0x40, 0x14, 0x20, 0x0,
    0xb0, 0x40, 0x3c, 0x3a, 0x1, 0x41, 0x80, 0x9,
    0xee, 0x1, 0xe8, 0x2, 0x67, 0xa2, 0x0, 0x16,
    0x10, 0x7, 0x60, 0x80, 0x11, 0xc0, 0x34, 0x20,
    0x54, 0x0, 0x4d, 0x20, 0x3e, 0x20, 0x2, 0xc3,
    0x0, 0xac, 0x80, 0x3, 0x40, 0x1e, 0x3d, 0x50,
    0x9, 0xa4, 0x2, 0x2d, 0x10, 0x0, 0xe3, 0x80,
    0x30, 0x2, 0xd1, 0x0, 0xe3, 0xc2, 0x0, 0xa2,
    0x40, 0x38, 0xf4, 0x40, 0x2c, 0x0, 0x3b, 0x5,
    0x18, 0x7, 0x8d, 0x0, 0x2a, 0x70, 0xf, 0x8f,
    0x4, 0x6, 0x80, 0x29, 0xa5, 0x0, 0xfd, 0x42,
    0x5a, 0xa0, 0x1f, 0xc5, 0xe7, 0x62, 0x1, 0x94,
    0x3, 0xf8, 0x73, 0x48, 0x3, 0xfe, 0x1c, 0x50,
    0x0,

    /* U+53CD "反" */
    0x0, 0xff, 0xe4, 0x89, 0xa3, 0x45, 0x67, 0x0,
    0x7e, 0x12, 0x33, 0x22, 0xb3, 0xc4, 0xd5, 0xe6,
    0xf7, 0xf6, 0x5c, 0xba, 0x98, 0x98, 0x7, 0x8b,
    0xb7, 0x31, 0x75, 0x30, 0xec, 0xa8, 0x64, 0x20,
    0x1f, 0xca, 0x1, 0xff, 0xcf, 0x13, 0x46, 0x20,
    0xf, 0xfe, 0x10, 0x91, 0xa2, 0xb3, 0xcd, 0x5e,
    0xf7, 0xf6, 0x5c, 0xa0, 0x7, 0xfa, 0xff, 0xee,
    0xdc, 0xba, 0x98, 0x65, 0x42, 0x10, 0xf, 0xfe,
    0x23, 0x80, 0x7f, 0xfc, 0xdc, 0x3, 0xff, 0xa7,
    0x7f, 0xff, 0xfc, 0x76, 0x0, 0xff, 0xff, 0xb9,
    0x80, 0x53, 0x3f, 0xf1, 0x80, 0x44, 0x1, 0xff,
    0x5c, 0x0, 0x42, 0xcd, 0xfc, 0xe6, 0x0, 0x24,
    0x0, 0xf8, 0x40, 0x21, 0x43, 0x0, 0x48, 0x80,
    0x7e, 0x90, 0xa, 0x0, 0x3f, 0xf8, 0x50, 0x0,
    0x18, 0x0, 0xf8, 0x5c, 0x0, 0x4a, 0x1, 0xf9,
    0xc0, 0x23, 0x4, 0x50, 0x3, 0x20, 0x7, 0xac,
    0x2, 0x80, 0xf, 0xe1, 0x0, 0x84, 0x1, 0x60,
    0x15, 0x10, 0x6, 0x65, 0x0, 0x1a, 0x80, 0x7f,
    0x10, 0x7, 0x86, 0x0, 0x3, 0xe0, 0x11, 0xc8,
    0x5, 0xc0, 0x1f, 0xee, 0x0, 0x10, 0x6, 0x74,
    0x0, 0x16, 0x1, 0x68, 0x5, 0x4, 0x1, 0xfe,
    0x50, 0x3, 0x0, 0x75, 0x8, 0x0, 0xf3, 0x2,
    0x0, 0x47, 0x0, 0xff, 0x8c, 0x0, 0x60, 0x1c,
    0x38, 0x20, 0x3, 0x10, 0x1, 0xd8, 0x7, 0xfc,
    0xa0, 0x16, 0x80, 0x78, 0xa8, 0x3, 0xda, 0x1,
    0xff, 0xc0, 0xe0, 0x9, 0x0, 0x3c, 0xd4, 0x1,
    0xed, 0x30, 0xf, 0xf1, 0xa0, 0x1, 0x4, 0x3,
    0x2e, 0xc8, 0x80, 0x78, 0xf2, 0xcc, 0x3, 0xf4,
    0x0, 0x5c, 0x0, 0x17, 0xea, 0x20, 0x8, 0x69,
    0xc0, 0x32, 0x66, 0x18, 0x3, 0x95, 0x0, 0x4,
    0xaa, 0xae, 0x81, 0x0, 0xcd, 0xeb, 0x18, 0x60,
    0x18, 0xe7, 0xe9, 0x40, 0x6c, 0x2, 0xbd, 0xa5,
    0x0, 0xe4, 0xd9, 0x10, 0x1, 0xe5, 0x8, 0x7,
    0x2d, 0x8, 0x94, 0x0, 0x6d, 0x0, 0x1c, 0xb9,
    0x64, 0x1, 0xe5, 0xe9, 0x20, 0xc, 0xc2, 0x16,
    0xa1, 0xe0, 0xa6, 0x2, 0xfb, 0x46, 0x1, 0xfe,
    0x6d, 0xb5, 0x0, 0x40, 0x5, 0x54, 0x30, 0x7,
    0xd7, 0x41, 0x0, 0x7f, 0xf0, 0x92, 0xba, 0xc4,
    0x0,

    /* U+53D1 "发" */
    0x0, 0xff, 0xef, 0xd5, 0xca, 0x80, 0x74, 0xc0,
    0x80, 0x7f, 0x87, 0xf2, 0x4c, 0x3, 0x2a, 0x36,
    0x80, 0x63, 0x67, 0xf6, 0x0, 0xfe, 0x70, 0x36,
    0x70, 0x8, 0x40, 0x2e, 0x0, 0xde, 0x0, 0x19,
    0xc3, 0x0, 0xfb, 0x0, 0x24, 0x0, 0x88, 0x2,
    0x50, 0xd, 0xac, 0x1, 0x1e, 0x28, 0x7, 0x90,
    0x0, 0x80, 0x19, 0x80, 0x22, 0x0, 0xc3, 0x38,
    0x60, 0x1, 0x50, 0xe, 0x21, 0x0, 0x60, 0x6,
    0xd0, 0x0, 0x88, 0x3, 0xc7, 0x92, 0x30, 0x1,
    0xe4, 0x0, 0x84, 0x8b, 0x20, 0x0, 0x8b, 0xfc,
    0x94, 0x84, 0x58, 0x1, 0xe0, 0x14, 0xee, 0xe3,
    0x0, 0x1e, 0xef, 0xfa, 0xf7, 0x76, 0x0, 0x7f,
    0xf5, 0x44, 0x3, 0xff, 0xa5, 0x1f, 0xff, 0x20,
    0x0, 0xbf, 0xff, 0xf8, 0x9c, 0x1, 0xfe, 0x40,
    0x2, 0x0, 0x7f, 0xf3, 0x94, 0x2, 0xa0, 0xf,
    0xfe, 0x77, 0x0, 0x5b, 0xdd, 0xff, 0xc1, 0x80,
    0xf, 0xf8, 0x50, 0x2, 0x11, 0xff, 0xe1, 0x80,
    0x7f, 0xd2, 0x1, 0xff, 0xd2, 0x60, 0xe, 0x9b,
    0xbf, 0xca, 0x1, 0x78, 0x7, 0xf9, 0xc4, 0x3,
    0xb1, 0x13, 0xe5, 0x50, 0x0, 0x98, 0x3, 0xf8,
    0x64, 0x0, 0x4c, 0x0, 0x55, 0x0, 0x7a, 0x80,
    0x29, 0x0, 0xff, 0x40, 0x80, 0x26, 0x4, 0x1,
    0x46, 0x1, 0xa1, 0x0, 0xc, 0x80, 0x1f, 0xc6,
    0xc0, 0x3, 0x41, 0xa0, 0xb, 0x48, 0x0, 0xee,
    0x0, 0x14, 0x80, 0x7f, 0xb8, 0x2, 0xf0, 0x2,
    0x38, 0x0, 0x70, 0xe2, 0x0, 0x1, 0xf0, 0xf,
    0xf5, 0x10, 0x1, 0xcc, 0x2, 0x84, 0x0, 0xe,
    0x38, 0x5, 0xa4, 0x1, 0xfc, 0xea, 0x0, 0x28,
    0x0, 0xeb, 0x40, 0xf, 0x61, 0x80, 0x7f, 0x2c,
    0x0, 0x5e, 0x1, 0xe5, 0x60, 0xf, 0x20, 0x7,
    0xf2, 0x50, 0x5, 0x44, 0x1, 0x9b, 0x68, 0x80,
    0x3d, 0x1d, 0x2, 0x1, 0xc3, 0x60, 0x13, 0x28,
    0x0, 0xe7, 0xa4, 0x80, 0x22, 0x92, 0x0, 0x85,
    0xfa, 0xd8, 0x40, 0x2, 0x80, 0x4, 0x92, 0x7d,
    0xc6, 0x10, 0x8, 0x63, 0x5b, 0x60, 0x3, 0x92,
    0x7b, 0x18, 0x24, 0xe, 0xcf, 0x60, 0x80, 0x30,
    0xcf, 0x38, 0x4, 0xfc, 0xe0, 0x1e, 0x3f, 0x2,
    0x7d, 0x3, 0x20, 0xc, 0x95, 0xcc, 0x1, 0xe1,
    0x8f, 0x92, 0x0, 0xd4, 0x0, 0x81, 0x0, 0x40,
    0x14, 0x6d, 0xa8, 0x7, 0xfc, 0xdb, 0x8e, 0x24,
    0x60, 0x1e, 0x5c, 0xd7, 0x20, 0xf, 0xfe, 0x19,
    0xc7, 0x60, 0x0,

    /* U+53D6 "取" */
    0x6, 0x88, 0xff, 0xe1, 0x8, 0x7, 0xff, 0x12,
    0x9d, 0xff, 0xf8, 0x46, 0x1, 0xff, 0xd4, 0xef,
    0xff, 0xfa, 0x80, 0x2b, 0x60, 0x9, 0x59, 0xb1,
    0x0, 0x9, 0x8c, 0x3, 0xff, 0x88, 0xf2, 0x1,
    0x44, 0xce, 0x50, 0x2, 0x48, 0x80, 0x7f, 0xf5,
    0xde, 0xab, 0x90, 0x0, 0x60, 0x1f, 0xfc, 0x75,
    0x0, 0x7a, 0xaf, 0x0, 0x5c, 0x1, 0xf8, 0x40,
    0x3f, 0xc4, 0x0, 0xd0, 0xe, 0x50, 0x1, 0x80,
    0x7e, 0xcf, 0xfc, 0xe0, 0x1d, 0xe0, 0x6, 0x0,
    0xe1, 0x0, 0x30, 0x7, 0xff, 0x1d, 0x40, 0x6,
    0x1, 0x8c, 0x2, 0x20, 0xf, 0xfe, 0x39, 0x80,
    0x44, 0x1, 0x20, 0x0, 0xc0, 0x3f, 0xb7, 0xff,
    0x38, 0x7, 0x88, 0x0, 0x80, 0x16, 0x80, 0x10,
    0x3, 0xff, 0x92, 0x80, 0xc, 0x0, 0x90, 0x1,
    0x80, 0x1f, 0xfc, 0x9c, 0x0, 0x20, 0x0, 0xc4,
    0x0, 0x80, 0x1f, 0xc2, 0x1, 0xff, 0x20, 0x0,
    0x4c, 0x10, 0x0, 0x60, 0x1f, 0xec, 0xff, 0xce,
    0x1, 0xe1, 0x40, 0x5, 0x85, 0x0, 0x28, 0x3,
    0xff, 0x97, 0xa0, 0x6, 0x32, 0x0, 0x38, 0x7,
    0xff, 0x2d, 0xc0, 0x3, 0xc0, 0x4, 0x10, 0xf,
    0xf6, 0xff, 0xe7, 0x0, 0xf8, 0x58, 0x0, 0x40,
    0x8, 0x0, 0xff, 0xe6, 0xd8, 0x6, 0x33, 0x0,
    0x7f, 0xf2, 0x44, 0x2, 0x24, 0x0, 0xa4, 0x3,
    0xff, 0x88, 0x24, 0x0, 0x7e, 0xe0, 0x4, 0x48,
    0x1, 0x48, 0x7, 0xff, 0x2, 0xa7, 0x3b, 0x8a,
    0x0, 0x11, 0x0, 0x80, 0xf8, 0x6, 0x3a, 0x0,
    0xe2, 0xac, 0x0, 0x9d, 0x8c, 0x40, 0x3e, 0x30,
    0xd2, 0x0, 0x10, 0x1, 0x64, 0x3, 0xa, 0x98,
    0x7, 0xc2, 0x20, 0x2, 0xf7, 0x95, 0x98, 0x1,
    0xf0, 0x80, 0xd, 0x20, 0x10, 0x80, 0x42, 0x8d,
    0x39, 0xdc, 0x60, 0x1, 0x88, 0xb1, 0x0, 0xb,
    0x3, 0xe2, 0x0, 0x69, 0x0, 0x14, 0x5f, 0x72,
    0xe5, 0x8c, 0x40, 0x38, 0xb0, 0xc0, 0x9, 0x40,
    0x2, 0xd0, 0x9, 0xac, 0x0, 0xe8, 0x20, 0x1f,
    0xf5, 0x90, 0x1, 0x2c, 0x3, 0x1e, 0x0, 0x4e,
    0x1, 0xff, 0xc4, 0x92, 0x5, 0xb0, 0xf, 0x1e,
    0x8, 0x70, 0x7, 0xff, 0x17, 0x9e, 0x80, 0x3f,
    0x1e, 0x51, 0x0,

    /* U+53EA "只" */
    0x0, 0xcf, 0xff, 0xff, 0xca, 0xe0, 0xf, 0xff,
    0xf8, 0x5d, 0xff, 0xf1, 0x14, 0x3, 0xff, 0x84,
    0x28, 0x9f, 0xfc, 0x4d, 0x0, 0xff, 0xff, 0x80,
    0x7f, 0xff, 0xc0, 0x3f, 0xff, 0xe0, 0x1f, 0xfe,
    0x11, 0x66, 0xff, 0xe2, 0x60, 0x7, 0xff, 0xe,
    0x67, 0xff, 0x88, 0x80, 0x1f, 0xfd, 0xf1, 0x1f,
    0xfe, 0x59, 0x80, 0x7e, 0x6e, 0xef, 0xfe, 0x56,
    0x80, 0x7f, 0xf0, 0xa8, 0x80, 0x3f, 0xa0, 0xc0,
    0x3f, 0xf8, 0xd6, 0xb8, 0x40, 0x1f, 0x43, 0xe2,
    0x80, 0x7f, 0xf1, 0x29, 0x0, 0x70, 0x3, 0xcc,
    0xe0, 0xa, 0x70, 0xf, 0xfe, 0x15, 0xa8, 0x5,
    0x0, 0x1e, 0x72, 0x0, 0xa2, 0x40, 0x3f, 0xf8,
    0x18, 0x80, 0x14, 0x30, 0x7, 0x87, 0x50, 0x2,
    0x6b, 0x0, 0xfe, 0x2d, 0x30, 0x9, 0xdc, 0x1,
    0xfd, 0x6a, 0x1, 0x26, 0x8, 0x7, 0x93, 0x8,
    0x2, 0x88, 0x0, 0x7f, 0xd4, 0xc0, 0x11, 0xe1,
    0x0, 0x68, 0xb1, 0x0, 0xa5, 0xc0, 0x3f, 0xf8,
    0x33, 0x0, 0x11, 0x61, 0x80, 0xe3, 0x80, 0x6a,
    0x60, 0xf, 0xfe, 0x1b, 0xc8, 0x4, 0x38, 0x42,
    0xc0, 0x10, 0xe2, 0x80, 0x7f, 0xf1, 0x5a, 0x80,
    0x25, 0x20, 0xa3, 0x3, 0xf3, 0x0, 0xff, 0xe3,
    0xad, 0x1, 0xd0, 0x5, 0xb1, 0x82, 0x1, 0xff,
    0xc9, 0x5b, 0xd0, 0x0,

    /* U+53EF "可" */
    0x1f, 0xff, 0xfe, 0x90, 0x80, 0x7f, 0xf4, 0xcc,
    0x3, 0xff, 0xa8, 0x37, 0x7f, 0xfc, 0xa8, 0x0,
    0xa6, 0xee, 0x20, 0x44, 0xff, 0xe5, 0x18, 0x4,
    0xa8, 0x90, 0x7, 0xff, 0xe4, 0x8c, 0xff, 0xf8,
    0x24, 0x1, 0xff, 0xc5, 0x9c, 0xcf, 0xfe, 0xc,
    0x0, 0x7f, 0xff, 0xc0, 0x3f, 0x9f, 0xff, 0xe5,
    0x0, 0xff, 0xff, 0x80, 0x7f, 0xff, 0xc0, 0x3f,
    0xfe, 0xad, 0xbb, 0xf2, 0x80, 0x7f, 0xf2, 0xc4,
    0x8b, 0xe0, 0xf, 0xff, 0x4c, 0x55, 0x7f, 0xf0,
    0x64, 0x3, 0xff, 0x8a, 0x6a, 0xbf, 0xfc, 0x13,
    0x0, 0xff, 0xfc, 0x18, 0x4, 0x20, 0x1f, 0xfc,
    0x83, 0x77, 0xe9, 0x80, 0x8, 0xc0, 0x3f, 0xf9,
    0xb, 0x11, 0xcc, 0x1, 0x8, 0x80, 0x3f, 0xf9,
    0xa, 0x1, 0xfd, 0x20, 0x1f, 0xfc, 0x93, 0x0,
    0xf0, 0x9d, 0x38, 0x7, 0x0,

    /* U+53F3 "右" */
    0x0, 0xff, 0xe1, 0x76, 0xd3, 0x80, 0x7f, 0xf3,
    0x8c, 0x49, 0x74, 0x3, 0xff, 0x9d, 0x40, 0x17,
    0x80, 0x7f, 0xf3, 0x9c, 0x2, 0x50, 0xf, 0xfe,
    0x10, 0xbb, 0xff, 0xa4, 0x40, 0x4, 0xef, 0xff,
    0xc1, 0x60, 0x28, 0x8f, 0xf3, 0x0, 0x45, 0x11,
    0xff, 0xc2, 0x0, 0xff, 0xea, 0x8, 0x7, 0xff,
    0x48, 0xbf, 0xff, 0x68, 0x4, 0x3f, 0xff, 0xfc,
    0x3e, 0x0, 0xff, 0x48, 0x5, 0x0, 0x1f, 0xfc,
    0xd4, 0x40, 0x0, 0x98, 0x3, 0xff, 0x9b, 0x20,
    0x14, 0x80, 0x7f, 0xf3, 0x64, 0x80, 0xc, 0x80,
    0x1f, 0xfc, 0xc5, 0x60, 0x0, 0xc8, 0x7, 0xff,
    0x30, 0xa8, 0x2, 0x1f, 0xff, 0xfe, 0x22, 0x0,
    0x7c, 0x3e, 0x1, 0xff, 0xd0, 0x1c, 0x20, 0xf,
    0xfe, 0x78, 0xe1, 0x0, 0x61, 0x77, 0xff, 0xe0,
    0xb0, 0x7, 0xe2, 0xf2, 0x0, 0xe2, 0x88, 0xff,
    0xe0, 0xd8, 0x7, 0xcb, 0xa2, 0x0, 0x14, 0x0,
    0xff, 0xe6, 0x50, 0x4, 0x38, 0x40, 0x1f, 0xfc,
    0xc5, 0x0, 0xe, 0x10, 0x7, 0xff, 0x36, 0x40,
    0xb0, 0x80, 0x3f, 0xf9, 0xc6, 0xd8, 0x40, 0x1f,
    0xfd, 0x9, 0x10, 0xf, 0xfe, 0xc8, 0xa2, 0x7f,
    0xf0, 0x80, 0x3f, 0xf8, 0x85, 0x77, 0xff, 0xc1,
    0x90, 0xf, 0xff, 0xf8, 0x4, 0x7f, 0xff, 0xfc,
    0x1d, 0x0, 0xff, 0xec, 0x80,

    /* U+5408 "合" */
    0x0, 0xff, 0xe1, 0x3d, 0xd9, 0xc0, 0x3f, 0xf9,
    0xe7, 0x8, 0x88, 0x30, 0xf, 0xfe, 0x68, 0xe8,
    0x6, 0xd1, 0x0, 0xff, 0xe5, 0x8e, 0x8, 0x6,
    0x1d, 0x0, 0xff, 0xe5, 0xe, 0x90, 0x1, 0x9c,
    0x0, 0x78, 0x1, 0xff, 0xc8, 0x1c, 0x30, 0x2,
    0x4c, 0x20, 0x0, 0xf0, 0x40, 0x3f, 0xf8, 0xa7,
    0xe4, 0x0, 0x3b, 0x0, 0x59, 0x80, 0xf, 0xcc,
    0x3, 0xff, 0x86, 0xf8, 0x20, 0x3, 0xd0, 0xd,
    0x86, 0x0, 0x1c, 0x70, 0xf, 0xfe, 0x0, 0xdc,
    0x0, 0x49, 0x82, 0x1, 0xd8, 0x80, 0x14, 0x61,
    0x0, 0x7f, 0x2f, 0xa0, 0x4, 0xd6, 0x1, 0xfa,
    0xd8, 0x2, 0x3d, 0x70, 0xf, 0x1e, 0x50, 0x80,
    0x4b, 0xa8, 0x9f, 0xed, 0x50, 0xd, 0x1c, 0xc0,
    0x14, 0xe1, 0x80, 0x72, 0xdd, 0xff, 0xf0, 0x14,
    0x4, 0x2, 0x19, 0xd1, 0x7, 0x0, 0xcf, 0x0,
    0x1f, 0xfc, 0x4a, 0x91, 0x0, 0x84, 0x41, 0x20,
    0x4, 0xd8, 0x22, 0xff, 0xe2, 0x83, 0x7b, 0x80,
    0x20, 0x0, 0xe9, 0x76, 0x20, 0x5d, 0xdf, 0xfe,
    0x22, 0x0, 0xc7, 0x4a, 0x0, 0x56, 0x80, 0x1f,
    0xfc, 0xc1, 0x60, 0xf, 0xfe, 0xd1, 0x7f, 0xff,
    0xf2, 0x80, 0x3f, 0x84, 0x3, 0xff, 0xef, 0x19,
    0x9f, 0xfc, 0x28, 0x0, 0xff, 0xe2, 0x19, 0xff,
    0xf0, 0xc8, 0x3, 0xff, 0xfe, 0x1, 0xff, 0xf9,
    0xad, 0xdf, 0xfe, 0x15, 0x80, 0x7f, 0xf1, 0x4,
    0x8b, 0xff, 0x84, 0x20, 0x1f, 0xfe, 0x48, 0xbb,
    0xff, 0xe1, 0x40, 0x7, 0xff, 0x10, 0xd1, 0x3f,
    0xf8, 0x44, 0x1, 0xff, 0xc0, 0x3f, 0xf9, 0x0,
    0x3f, 0xf8, 0x4b, 0xdd, 0x0, 0x70,

    /* U+540E "后" */
    0x0, 0xff, 0xe4, 0x91, 0xab, 0xcd, 0xec, 0x80,
    0x7c, 0x44, 0x33, 0x22, 0x15, 0x9e, 0x26, 0xb3,
    0x7b, 0xf7, 0x2a, 0x19, 0x9, 0x0, 0x3c, 0xdb,
    0xac, 0xc5, 0xda, 0xa6, 0x1d, 0x94, 0xc8, 0x40,
    0x3f, 0x10, 0x80, 0x7f, 0xf3, 0x44, 0xd5, 0xe4,
    0x3, 0xff, 0x82, 0x24, 0x68, 0xad, 0x13, 0x57,
    0xbd, 0xfd, 0x95, 0xc, 0x20, 0x1f, 0x87, 0xbf,
    0xdd, 0xb9, 0x75, 0x2e, 0xca, 0x84, 0x20, 0x1f,
    0xfc, 0x41, 0x0, 0xff, 0xf8, 0x99, 0xff, 0xf2,
    0x88, 0x3, 0xe1, 0xcc, 0xff, 0xe5, 0x80, 0x7f,
    0xfc, 0x4c, 0x3, 0xe1, 0xff, 0xff, 0xe5, 0x68,
    0x6, 0x10, 0x1, 0x80, 0x7f, 0xfb, 0xbc, 0x0,
    0x20, 0x1f, 0xfc, 0xf1, 0x0, 0x38, 0x17, 0xff,
    0xff, 0x19, 0x40, 0x3c, 0x60, 0x1, 0x0, 0xff,
    0xe7, 0xb0, 0x0, 0x80, 0x3f, 0xf9, 0xe6, 0x0,
    0xe0, 0xe, 0xce, 0xef, 0xf8, 0x40, 0x3f, 0x10,
    0x4, 0xa0, 0x1c, 0x42, 0x3f, 0xf0, 0x7, 0xf2,
    0x0, 0x46, 0x1, 0xff, 0xce, 0xc0, 0x1, 0x80,
    0x7f, 0xf3, 0xd4, 0x0, 0x80, 0x1f, 0xfc, 0xe6,
    0x0, 0xac, 0x3, 0xff, 0x9d, 0x60, 0x2, 0x30,
    0xf, 0x77, 0xff, 0xfc, 0x20, 0x1e, 0x52, 0x0,
    0x58, 0x7, 0xff, 0x3a, 0x0, 0x2, 0xc0, 0x1f,
    0xfc, 0xea, 0x0, 0x48, 0x7, 0xed, 0xee, 0xff,
    0x84, 0x3, 0xcf, 0xcc, 0xe0, 0x1f, 0x8c, 0x47,
    0xfe, 0x0, 0xf0,

    /* U+5411 "向" */
    0x0, 0xff, 0x95, 0x8, 0x40, 0x3f, 0xf9, 0x63,
    0x57, 0xbc, 0x1, 0xff, 0xcb, 0x70, 0x9, 0x80,
    0x3f, 0xf9, 0x74, 0x1, 0x50, 0x7, 0xff, 0x28,
    0xcc, 0x0, 0x33, 0x0, 0x7f, 0xf0, 0x5b, 0xff,
    0xf6, 0x0, 0x47, 0xff, 0xff, 0xc1, 0x21, 0x0,
    0xff, 0xf7, 0xd5, 0x7f, 0xf1, 0xe0, 0x3, 0xe1,
    0x55, 0xff, 0xe3, 0xa0, 0x7, 0xff, 0xdc, 0x55,
    0x7f, 0xf8, 0x2, 0x1, 0xff, 0xc2, 0x7a, 0xaf,
    0xfe, 0x2, 0x0, 0x7f, 0xff, 0x47, 0xff, 0xc2,
    0x1, 0xff, 0xff, 0x0, 0xff, 0xff, 0x80, 0x7f,
    0x85, 0x57, 0xc2, 0x1, 0xff, 0xc9, 0xaa, 0xf0,
    0x7, 0xff, 0x88, 0xc0, 0x3f, 0xf9, 0xeb, 0xff,
    0xff, 0xc0, 0x50, 0xf, 0xfe, 0x93, 0x80, 0x7f,
    0xf2, 0x91, 0x32, 0xf8, 0x7, 0xff, 0x2a, 0xef,
    0x52, 0x0, 0x44, 0x1, 0xff, 0xc6, 0x30, 0xf,
    0x94, 0x3, 0xff, 0x8e, 0xa0, 0x1c, 0x4f, 0x40,
    0xff, 0xee, 0x0, 0xff, 0xe1, 0x4f, 0xff, 0x6c,
    0x0, 0x0,

    /* U+542F "启" */
    0x0, 0xff, 0xf0, 0x4e, 0x75, 0x80, 0x7f, 0xf3,
    0x94, 0xc5, 0x4, 0x3, 0xff, 0x9b, 0x40, 0x13,
    0x0, 0x7f, 0xf0, 0xd1, 0x3f, 0xc6, 0x1, 0x52,
    0x27, 0xf8, 0x3, 0xaa, 0xef, 0xfa, 0x80, 0x22,
    0xbb, 0xff, 0x10, 0x7, 0xff, 0x64, 0x4c, 0xff,
    0xf8, 0xa4, 0x1, 0xff, 0x4e, 0x67, 0xff, 0x17,
    0x80, 0x3f, 0xff, 0xe0, 0x1f, 0xfc, 0x27, 0x0,
    0xff, 0xa3, 0xff, 0xff, 0x8b, 0x60, 0x1f, 0xfd,
    0xa1, 0x0, 0xff, 0xea, 0x47, 0xff, 0xff, 0x24,
    0x80, 0x3e, 0x10, 0xf, 0xfe, 0x89, 0x80, 0x7f,
    0xf3, 0x48, 0x2, 0x62, 0x2f, 0xfe, 0x40, 0x80,
    0x61, 0x0, 0x87, 0x37, 0x7f, 0xf8, 0xf2, 0x1,
    0x94, 0x2, 0x20, 0xf, 0xfe, 0x6f, 0x0, 0x8,
    0x3, 0xff, 0x9c, 0x80, 0x7, 0x0, 0xd1, 0xff,
    0xff, 0xc1, 0x10, 0xf, 0x8c, 0x1, 0x80, 0x1f,
    0xfc, 0xd4, 0x0, 0x90, 0x3, 0xff, 0x9b, 0xc0,
    0x2, 0x20, 0x7, 0xff, 0x30, 0x54, 0x1, 0x40,
    0x1f, 0xfc, 0xd6, 0x0, 0x98, 0x3, 0xbc, 0x8b,
    0xff, 0x82, 0x1, 0xe9, 0x0, 0x28, 0x80, 0x73,
    0xee, 0xff, 0xf0, 0x44, 0x3, 0x30, 0x80, 0x24,
    0x3, 0xff, 0x9a, 0x8a, 0x6, 0x60, 0xf, 0x9,
    0x9f, 0xff, 0x4, 0x3, 0x8a, 0xb3, 0xc0, 0x3e,
    0x9c, 0xcf, 0xfe, 0x8, 0x80, 0x60,

    /* U+547D "命" */
    0x0, 0xff, 0xe1, 0x8, 0xc0, 0x1f, 0xfc, 0xf3,
    0xee, 0xb4, 0x40, 0x3f, 0xf9, 0x87, 0xa0, 0x11,
    0x60, 0x80, 0x7f, 0xf2, 0x97, 0x4, 0x3, 0x17,
    0x90, 0x7, 0xff, 0x22, 0x28, 0x2, 0x65, 0x0,
    0xe, 0xa0, 0x7, 0xff, 0x14, 0xb1, 0xc0, 0x28,
    0x9a, 0x70, 0xa, 0xe0, 0x3, 0xff, 0x86, 0xfa,
    0x60, 0x15, 0xb8, 0x2, 0x24, 0x2, 0x7c, 0x30,
    0xf, 0xf9, 0x36, 0x0, 0x23, 0xd4, 0x0, 0xcd,
    0x84, 0x0, 0x3c, 0x80, 0xf, 0xc5, 0x56, 0x40,
    0x13, 0xe1, 0x0, 0x78, 0xf5, 0x40, 0x27, 0xd5,
    0x0, 0xc5, 0x3a, 0xa0, 0x1a, 0x2c, 0xcf, 0xfd,
    0x2e, 0x1, 0x15, 0x61, 0x82, 0xeb, 0x0, 0x66,
    0x8, 0xcc, 0xff, 0xe0, 0x38, 0xa8, 0x4, 0x79,
    0x28, 0x1, 0x97, 0x60, 0x3, 0xff, 0x86, 0x75,
    0x41, 0x0, 0xbc, 0x58, 0xf, 0x28, 0x80, 0x3f,
    0xf8, 0xcb, 0xec, 0x2, 0xc1, 0x73, 0x86, 0x0,
    0x1f, 0xff, 0xfe, 0x1e, 0x80, 0x6, 0x72, 0xc0,
    0x4, 0xc0, 0x1f, 0xfc, 0xd3, 0x50, 0xf, 0xfe,
    0xbe, 0xf7, 0x7f, 0x60, 0x1, 0xbf, 0xff, 0xe5,
    0x0, 0xe3, 0x11, 0xff, 0x0, 0x7f, 0xfa, 0xb3,
    0xba, 0xb0, 0xf, 0xc7, 0xff, 0xc4, 0x1, 0xff,
    0x8, 0xe7, 0x0, 0xff, 0xff, 0x80, 0x7f, 0xff,
    0xe2, 0x67, 0x0, 0x7f, 0x84, 0x44, 0xc4, 0x0,
    0x10, 0xf, 0xca, 0xcd, 0x28, 0x7, 0xfb, 0xfb,
    0x64, 0x2, 0x60, 0xf, 0xfe, 0x5a, 0x80, 0x71,
    0x10, 0x3, 0xa2, 0x3f, 0xd6, 0x1, 0xf6, 0x0,
    0x42, 0xbe, 0x1, 0xe6, 0x77, 0xfe, 0x60, 0xf,
    0x9f, 0xfe, 0xea, 0x20, 0xf, 0xff, 0xa8,

    /* U+54CD "响" */
    0x0, 0xff, 0xe3, 0x10, 0x7, 0xff, 0x3c, 0xf7,
    0xf9, 0xc0, 0x3f, 0xf9, 0x96, 0x0, 0x13, 0x0,
    0xff, 0xe6, 0x28, 0x0, 0x50, 0x3, 0xf6, 0xef,
    0xe1, 0x0, 0xf0, 0x90, 0x1, 0xc0, 0x3f, 0x88,
    0xbf, 0x0, 0x37, 0xff, 0x70, 0x4, 0xdf, 0xff,
    0x68, 0x7, 0xfc, 0x60, 0x1f, 0xfc, 0x82, 0xbb,
    0x10, 0x7, 0xff, 0x39, 0x10, 0x20, 0x1f, 0x77,
    0xff, 0xfc, 0x1, 0xff, 0xff, 0x0, 0xff, 0xe9,
    0xf7, 0xff, 0xb8, 0x3, 0xff, 0xd0, 0x24, 0x41,
    0x0, 0xff, 0xe6, 0xce, 0xe9, 0x80, 0x3f, 0xff,
    0xe0, 0x1f, 0xff, 0xf0, 0xf, 0xff, 0x2f, 0x88,
    0x80, 0x3f, 0xf8, 0x4, 0x40, 0xf, 0xfe, 0x3,
    0xf7, 0x1c, 0x3, 0xfc, 0x5b, 0xa3, 0x0, 0xff,
    0xed, 0x29, 0x9f, 0x94, 0x3, 0xff, 0x93, 0x79,
    0x9e, 0xb0, 0xf, 0xc5, 0xff, 0xc2, 0x1, 0xff,
    0xc3, 0x10, 0xf, 0xfe, 0x60, 0x8c, 0x52, 0x1,
    0x9d, 0xd6, 0x1, 0xff, 0xc4, 0x1e, 0xeb, 0x5c,
    0x0, 0xc1, 0x10, 0x60, 0xf, 0xfe, 0x20, 0x88,
    0x3, 0xda, 0x1, 0xff, 0xc9, 0x50, 0xc, 0x50,
    0xc0,

    /* U+5524 "唤" */
    0x0, 0xff, 0xe1, 0xac, 0x20, 0x7, 0xff, 0x3e,
    0xde, 0xdc, 0x3, 0xff, 0x9a, 0xa2, 0x0, 0x60,
    0xf, 0xf9, 0x57, 0xf2, 0x0, 0x75, 0x80, 0x6,
    0xea, 0xbc, 0x40, 0x1a, 0xab, 0xf4, 0x0, 0x69,
    0x10, 0x0, 0xaa, 0xfc, 0x20, 0x1f, 0xfc, 0x43,
    0x60, 0xf, 0xfe, 0x39, 0x9c, 0x1, 0xc3, 0xa0,
    0x5, 0xbb, 0xe6, 0x0, 0x11, 0x80, 0x7d, 0x98,
    0xd0, 0xe, 0xd1, 0x3, 0xa4, 0x4c, 0xcc, 0x0,
    0x70, 0x7, 0xff, 0xe, 0x8c, 0xb, 0x40, 0x3b,
    0x80, 0x10, 0x60, 0x1f, 0xfc, 0x28, 0x50, 0x1f,
    0x10, 0xd, 0x26, 0x6, 0xe0, 0x1f, 0xfc, 0x31,
    0x0, 0xe, 0xff, 0xf3, 0x0, 0xf, 0xff, 0x8,
    0x7, 0xfd, 0x60, 0x1f, 0xfd, 0x12, 0xd2, 0x0,
    0xff, 0xe8, 0x10, 0x5, 0xff, 0x70, 0x0, 0x7f,
    0xe4, 0x0, 0xff, 0xff, 0x80, 0x7f, 0xfd, 0x4,
    0x3, 0xff, 0x98, 0xbe, 0x40, 0xe, 0xff, 0x70,
    0x0, 0x7f, 0xe4, 0x0, 0x77, 0x80, 0x7f, 0xf7,
    0x4, 0x7f, 0x0, 0x61, 0x1f, 0x88, 0x3, 0xfc,
    0x9d, 0xdf, 0x10, 0x4, 0x9d, 0xde, 0xd0, 0xd,
    0xfe, 0xe0, 0xf, 0xf3, 0x10, 0x4, 0xa8, 0x1,
    0xff, 0xca, 0x39, 0x0, 0x8, 0x2, 0x88, 0x3,
    0xff, 0x90, 0xb8, 0x0, 0x1f, 0x20, 0x1c, 0x20,
    0xf, 0xdb, 0xbe, 0x0, 0x8a, 0xe8, 0x2, 0xa1,
    0xe0, 0x0, 0xeb, 0x80, 0x7c, 0x45, 0xc2, 0x7,
    0x5a, 0x80, 0x15, 0xa0, 0x1d, 0x80, 0x51, 0xac,
    0x0, 0x76, 0x70, 0xe, 0x4d, 0xc5, 0x0, 0x8b,
    0x50, 0x2, 0x4b, 0x0, 0x8a, 0x78, 0x22, 0x60,
    0x3, 0x94, 0x80, 0x34, 0x69, 0x0, 0x72, 0x69,
    0x80, 0x48, 0x1, 0xfc, 0x2a, 0x3, 0x1c, 0xe0,
    0x1f, 0x8b, 0x28, 0x83, 0x80, 0x3f, 0xd1, 0x7c,
    0xe2, 0x1, 0xff, 0x2e, 0xda, 0x0,

    /* U+56DB "四" */
    0x14, 0x4f, 0xfe, 0x70, 0xa5, 0xdf, 0xff, 0x39,
    0xc0, 0x3f, 0xfa, 0x82, 0x38, 0x3, 0x8, 0xe0,
    0xc, 0x23, 0x80, 0x3f, 0x77, 0x6b, 0x0, 0xbb,
    0xb0, 0x5, 0x7d, 0xd8, 0x40, 0x3f, 0xff, 0xe0,
    0x1f, 0xfe, 0x71, 0x0, 0xff, 0xe6, 0x8, 0x7,
    0xff, 0x3c, 0x80, 0x4, 0x1, 0xff, 0xcc, 0xd0,
    0x3, 0x0, 0x7f, 0xf3, 0x14, 0x1, 0x80, 0x1f,
    0xfc, 0xb9, 0x0, 0x9c, 0x3, 0x8, 0x3, 0x80,
    0x3f, 0xf8, 0x4a, 0xc0, 0x5, 0x10, 0xc, 0x60,
    0x5, 0xfe, 0xe8, 0x40, 0x3f, 0x2d, 0x0, 0x6,
    0xc0, 0x39, 0x40, 0x30, 0x8c, 0x1, 0xfa, 0x28,
    0x2, 0xa1, 0x0, 0xe8, 0x40, 0xf, 0xfe, 0x35,
    0x20, 0x7, 0xd7, 0xb5, 0x33, 0x80, 0x3f, 0x44,
    0x2, 0xd4, 0x3, 0xf8, 0x95, 0x9b, 0x8, 0x7,
    0xe7, 0xe4, 0x0, 0xff, 0xe7, 0x8, 0x7, 0xff,
    0xa5, 0x13, 0xff, 0x90, 0x20, 0x1f, 0x5d, 0xff,
    0xf2, 0x0, 0x3f, 0xfe, 0x9f, 0xff, 0xfc, 0x81,
    0x0, 0xff, 0xe9, 0x80,

    /* U+56DE "回" */
    0x26, 0x6f, 0xfe, 0x71, 0x2c, 0xcf, 0xff, 0x39,
    0x40, 0x3f, 0xfd, 0xe3, 0xdd, 0xff, 0xc8, 0x10,
    0xf, 0x84, 0x7f, 0xf9, 0x0, 0x1f, 0xff, 0x71,
    0xff, 0xff, 0xe0, 0x18, 0x7, 0xff, 0xf4, 0x7f,
    0xfc, 0x80, 0x1f, 0xff, 0xf0, 0xf, 0xff, 0xf8,
    0x7, 0xfc, 0x23, 0xe7, 0x0, 0xff, 0xe4, 0xf,
    0x77, 0x8c, 0x3, 0xff, 0xfa, 0x3f, 0xff, 0xfc,
    0x3, 0x0, 0xff, 0xfb, 0x91, 0x7f, 0xf2, 0x0,
    0x3e, 0x1d, 0xdf, 0xfe, 0x40, 0x80, 0x7f, 0xfc,
    0xf3, 0x3f, 0xf9, 0x0, 0x1f, 0x9, 0x9f, 0xff,
    0x20, 0x40, 0x20,

    /* U+56FE "图" */
    0xac, 0xcf, 0xfe, 0x71, 0xb9, 0x9f, 0xff, 0x39,
    0xc0, 0x3f, 0xfa, 0x71, 0xbb, 0xd7, 0x9b, 0xbf,
    0xfc, 0x11, 0x0, 0xf1, 0x17, 0xa7, 0x38, 0x8b,
    0xff, 0x80, 0x1, 0xff, 0xc0, 0xa2, 0x4, 0x0,
    0xff, 0xe5, 0xba, 0x80, 0x1f, 0xff, 0xf9, 0xc0,
    0x3f, 0xf8, 0xb, 0x0, 0x1f, 0xfc, 0xd6, 0xa0,
    0x9, 0xaa, 0xbc, 0x60, 0x11, 0x80, 0x7f, 0xa2,
    0x40, 0x2, 0xc, 0x6a, 0xbb, 0xcc, 0x1, 0x68,
    0x1, 0xff, 0xc1, 0xbc, 0x10, 0x99, 0x2, 0x6a,
    0x80, 0xe2, 0x0, 0x7f, 0xd0, 0xba, 0x85, 0x84,
    0xd, 0xd6, 0x40, 0x9e, 0x60, 0x1f, 0xfc, 0x1a,
    0x20, 0x1, 0x58, 0x0, 0x40, 0x5, 0x42, 0x1,
    0xff, 0xc4, 0x4a, 0xf9, 0x0, 0xe2, 0xec, 0x74,
    0x0, 0xff, 0x1c, 0x67, 0xda, 0x80, 0x4b, 0x92,
    0x40, 0x3, 0x8b, 0xfd, 0x40, 0xf, 0x8d, 0x4c,
    0x2, 0x17, 0xea, 0x36, 0xdb, 0x51, 0x0, 0x89,
    0x0, 0x3f, 0x58, 0xb, 0xe0, 0x2d, 0xba, 0x8,
    0x25, 0x75, 0xb9, 0xb0, 0x7, 0xf3, 0x67, 0x40,
    0x88, 0x96, 0x2f, 0xb9, 0x6e, 0x88, 0x8c, 0x90,
    0xf, 0xf1, 0x80, 0xe, 0x58, 0xc0, 0x21, 0x48,
    0xa0, 0xf, 0xfe, 0x28, 0xb4, 0xe7, 0xed, 0x31,
    0x82, 0x80, 0x7f, 0xf0, 0xe3, 0x25, 0x8c, 0x0,
    0x4b, 0x39, 0xf2, 0x1, 0xff, 0xc3, 0x43, 0x69,
    0xcf, 0xda, 0x74, 0x0, 0x10, 0x7, 0xff, 0xd,
    0xc, 0x3, 0x12, 0xc5, 0xfe, 0xd3, 0x10, 0x7,
    0xff, 0x6, 0x33, 0xf6, 0x98, 0xc0, 0x31, 0x2c,
    0xa8, 0x7, 0xff, 0x10, 0x96, 0x73, 0xf6, 0x58,
    0xc0, 0x6, 0x1, 0xff, 0xc9, 0x26, 0x9c, 0xeb,
    0x50, 0xf, 0xf5, 0x7f, 0xff, 0xf0, 0xba, 0xfb,
    0xfe, 0x10, 0xf, 0xfe, 0xb0, 0x91, 0x7f, 0xf2,
    0x0, 0x3e, 0xbd, 0xdf, 0xfe, 0x40, 0x80, 0x40,

    /* U+5728 "在" */
    0x0, 0xff, 0xe0, 0x8, 0x7, 0xff, 0x44, 0xbb,
    0xf0, 0xc0, 0x3f, 0xf9, 0xd4, 0x0, 0x32, 0x0,
    0xff, 0xe7, 0x30, 0x1, 0x4, 0x3, 0xff, 0x9a,
    0x82, 0x0, 0xe0, 0xf, 0xfe, 0x2f, 0x7f, 0xfe,
    0xb0, 0xa, 0xbf, 0xff, 0xf8, 0x6e, 0x1, 0xff,
    0xf3, 0xcc, 0xfa, 0x80, 0x24, 0xcc, 0xff, 0xe2,
    0xb0, 0x11, 0x9f, 0xbc, 0x2, 0x93, 0x3f, 0xfe,
    0x28, 0x80, 0x7c, 0x6a, 0x0, 0x52, 0x0, 0xe2,
    0x99, 0x80, 0x3f, 0xf8, 0x9e, 0x1, 0x40, 0x7,
    0x9d, 0x9a, 0x10, 0xf, 0xfe, 0x14, 0x18, 0x1,
    0x88, 0x3, 0xff, 0x98, 0x6e, 0x0, 0x19, 0x0,
    0xff, 0xe6, 0xf, 0x0, 0x54, 0x1, 0xff, 0xcd,
    0xd2, 0x0, 0x2a, 0x0, 0x7f, 0xf0, 0xc, 0x3,
    0xfe, 0xa3, 0x0, 0x8c, 0x1, 0x7f, 0xfe, 0xa0,
    0xb, 0x7f, 0xfd, 0x20, 0x14, 0xa8, 0x7, 0xff,
    0x42, 0x58, 0x3, 0xff, 0xa0, 0xcc, 0x0, 0xfe,
    0xad, 0xdf, 0x48, 0x5, 0x9b, 0xbe, 0x80, 0x70,
    0xa, 0x10, 0x3, 0x84, 0x8b, 0xc6, 0x1, 0x11,
    0x7c, 0x20, 0x2c, 0x10, 0xe0, 0x1f, 0xfc, 0xfb,
    0x97, 0x0, 0xff, 0xe8, 0x13, 0x0, 0x7f, 0xff,
    0xc0, 0x3f, 0xfd, 0x9d, 0xdf, 0xac, 0x2, 0xfe,
    0xef, 0xa8, 0x3, 0xfc, 0x23, 0xfc, 0x1, 0x8,
    0xff, 0x0, 0x7f, 0xf7, 0x6e, 0xff, 0xf9, 0x10,
    0x1, 0xfe, 0x44, 0xff, 0xe4, 0x18,

    /* U+5730 "地" */
    0x0, 0xc2, 0x44, 0x0, 0xff, 0x87, 0xfe, 0x0,
    0xff, 0xe0, 0xd6, 0xe9, 0x80, 0x3f, 0xfe, 0xdd,
    0xfe, 0x30, 0xf, 0xff, 0xf1, 0x88, 0x7, 0xff,
    0x38, 0xe7, 0xb0, 0x80, 0x3f, 0xf9, 0x69, 0x3d,
    0x8c, 0x20, 0x19, 0x12, 0x70, 0x7, 0x22, 0x0,
    0x3f, 0xf8, 0x16, 0xc2, 0x1, 0x84, 0x1, 0x57,
    0x63, 0x0, 0x3d, 0xd8, 0x80, 0x39, 0x6b, 0xc0,
    0x3f, 0xf9, 0xf9, 0x4a, 0x20, 0x18, 0x9f, 0x4,
    0x0, 0x60, 0x3, 0x11, 0x0, 0x61, 0x5, 0xb1,
    0x0, 0xfe, 0xcd, 0x83, 0x10, 0xe, 0xde, 0xe2,
    0x0, 0x27, 0x86, 0x10, 0x3, 0x8d, 0xc0, 0x23,
    0x0, 0xf0, 0x80, 0x7f, 0x90, 0x3, 0xa3, 0xb2,
    0x40, 0x3f, 0xf9, 0x38, 0xa, 0x1, 0x20, 0x80,
    0x7e, 0x10, 0xf, 0xfe, 0x13, 0x7d, 0x8, 0x7,
    0xff, 0x7c, 0xc0, 0x2, 0x1, 0xff, 0xcf, 0x60,
    0xf, 0xfe, 0x79, 0x44, 0xc8, 0x0, 0x40, 0x1f,
    0xfc, 0xd7, 0x62, 0x0, 0x30, 0x7, 0xff, 0x30,
    0x84, 0x3, 0x70, 0x7, 0xff, 0x36, 0x55, 0x4f,
    0x64, 0x40, 0xf, 0xc2, 0xd7, 0xa0, 0x1f, 0xfc,
    0x7, 0xaa, 0x43, 0xce, 0xf0, 0x6, 0x70, 0x4,
    0x4a, 0x10, 0x7, 0xff, 0x1c, 0x44, 0xd5, 0xe6,
    0x1, 0xe1, 0x0, 0xf0, 0xb3, 0x40, 0x1f, 0x85,
    0x65, 0x40, 0x39, 0x23, 0x44, 0x2, 0x70, 0xa,
    0x66, 0x0, 0xe6, 0x0, 0x1a, 0x80, 0x44, 0xd7,
    0xf6, 0xe4, 0x6, 0x0, 0xd0, 0xf, 0xfb, 0xc0,
    0x2, 0x26, 0x9d, 0xd4, 0xa0, 0x7, 0x8, 0x1,
    0xbb, 0x77, 0xfb, 0xd4, 0x0, 0xc1, 0x2c, 0x40,
    0x1f, 0xa8, 0x2, 0x12, 0x2f, 0xe0, 0xd, 0xe0,
    0x1f, 0xfc, 0x6, 0x70, 0xf, 0xfe, 0x1b, 0xa8,
    0x7, 0xff, 0x6, 0x3f, 0x2e, 0xff, 0xed, 0xf8,
    0x0,

    /* U+573A "场" */
    0x0, 0xcd, 0x98, 0x80, 0xf, 0xfe, 0x77, 0x19,
    0xc0, 0x1f, 0xfd, 0x6e, 0xff, 0xff, 0xe1, 0x40,
    0x7, 0xff, 0xfb, 0x37, 0x7e, 0xc3, 0x0, 0xc3,
    0x60, 0x1f, 0xfc, 0x22, 0x2f, 0x9f, 0x4c, 0x2,
    0x7e, 0x30, 0xf, 0xfe, 0x38, 0xd5, 0x4, 0x0,
    0x79, 0x0, 0x1d, 0x57, 0x65, 0x0, 0x2d, 0xdc,
    0x1, 0xcb, 0xea, 0x1, 0x46, 0x18, 0x7, 0x9d,
    0x10, 0x40, 0x1, 0x44, 0x80, 0x21, 0xba, 0x10,
    0x2, 0x73, 0x80, 0x7f, 0xf2, 0x1b, 0x90, 0x0,
    0x35, 0x62, 0x1, 0xfd, 0x4e, 0xe3, 0x0, 0x13,
    0xbc, 0x59, 0x20, 0x11, 0x50, 0xa2, 0x7f, 0x10,
    0x3c, 0x41, 0x0, 0xd, 0x11, 0x49, 0x80, 0x62,
    0xbb, 0xff, 0xa8, 0x3, 0xff, 0xa3, 0xe0, 0x1f,
    0xf1, 0x9e, 0x0, 0x8c, 0xe0, 0x8, 0xcc, 0x20,
    0x1, 0x0, 0xff, 0xa3, 0x31, 0xc0, 0x2, 0xcc,
    0x78, 0x1, 0x33, 0x8, 0x0, 0x30, 0xf, 0xfe,
    0x12, 0x80, 0x14, 0x0, 0xa0, 0x3, 0x0, 0x8,
    0x0, 0x40, 0x3f, 0xf8, 0x56, 0x0, 0xb0, 0x6,
    0x0, 0x34, 0x0, 0xe0, 0x7, 0x0, 0xff, 0xe0,
    0x99, 0x80, 0x4c, 0x0, 0x80, 0x4, 0x0, 0x8,
    0x7, 0xff, 0x12, 0x0, 0x12, 0x0, 0x31, 0x2,
    0x10, 0x1, 0x80, 0x4, 0x3, 0xf1, 0xc3, 0x81,
    0xa0, 0xb, 0x80, 0x28, 0x0, 0x80, 0x10, 0x80,
    0xc, 0x3, 0xe4, 0xc7, 0xd0, 0xf0, 0x3, 0x0,
    0x4e, 0x0, 0xd0, 0xf, 0x8, 0x1, 0x25, 0x80,
    0x3d, 0x6, 0x3, 0x20, 0x6, 0x10, 0x14, 0x0,
    0x8, 0x6, 0x5f, 0xb6, 0x10, 0xc, 0x42, 0xe0,
    0xb, 0x10, 0x5, 0x80, 0x18, 0x2, 0x30, 0x0,
    0x80, 0x80, 0x71, 0x46, 0xca, 0x0, 0x19, 0x40,
    0xe, 0x40, 0x9, 0x0, 0x84, 0x0, 0x60, 0xa0,
    0x2, 0x7d, 0xd3, 0xb5, 0x80, 0xa, 0x40, 0x7,
    0x0, 0x6, 0x10, 0x9, 0x80, 0x2, 0x2, 0xd9,
    0xb0, 0x40, 0x9, 0x0, 0x16, 0x0, 0x7, 0x80,
    0x3, 0x0, 0x1b, 0x40, 0xe, 0x0, 0x93, 0x0,
    0xec, 0x21, 0xc1, 0x0, 0x69, 0x0, 0x2c, 0xc8,
    0x86, 0xce, 0x0, 0x20, 0xf, 0xe1, 0xfc, 0x10,
    0x5, 0x98, 0x1, 0x97, 0x76, 0xc9, 0x0, 0xbc,
    0x3, 0xfc, 0x44, 0x0, 0x62, 0x0, 0x12, 0x40,
    0x80, 0x3c, 0x4c, 0x1, 0xff, 0xc2, 0xa0, 0x2,
    0x58, 0x1, 0x0, 0x31, 0x36, 0x0, 0x7f, 0xf0,
    0xda, 0x56, 0xc0, 0x29, 0xff, 0xdb, 0x22, 0x1,
    0xff, 0xc4, 0x6a, 0x0, 0xff, 0xe1, 0x0,

    /* U+57FA "基" */
    0x0, 0xf3, 0x66, 0x1c, 0x3, 0xff, 0x81, 0x79,
    0x83, 0x0, 0xff, 0xe0, 0x79, 0x9b, 0x40, 0x3f,
    0xf8, 0x8, 0x66, 0x70, 0xf, 0xfe, 0xe6, 0x7f,
    0xcc, 0x0, 0x5f, 0xff, 0xfe, 0x0, 0x5, 0x7f,
    0xf4, 0x0, 0x7f, 0xf6, 0x29, 0xde, 0x30, 0x1,
    0x3b, 0xff, 0xf0, 0x0, 0x25, 0x77, 0xb0, 0x3,
    0x34, 0x44, 0xa0, 0x7, 0x88, 0xff, 0xe0, 0x0,
    0x5d, 0x11, 0x20, 0x7, 0xfc, 0xc8, 0x9f, 0xfc,
    0x0, 0xf, 0xfe, 0x39, 0xdd, 0xff, 0xf0, 0x0,
    0x3f, 0xfc, 0xeb, 0xff, 0xff, 0xc0, 0x0, 0xff,
    0xe3, 0xb2, 0x27, 0xff, 0x0, 0x3, 0xff, 0x8e,
    0x77, 0x7f, 0xfc, 0x0, 0xf, 0xff, 0x3a, 0xff,
    0xff, 0xf0, 0x0, 0x3f, 0xfb, 0xfd, 0xff, 0x98,
    0x0, 0xbf, 0xff, 0xfc, 0x0, 0xa, 0xff, 0xf5,
    0x0, 0x7f, 0xf5, 0x99, 0xbe, 0x10, 0x9, 0x9b,
    0xe5, 0x0, 0x8d, 0x9b, 0xd8, 0x0, 0x89, 0x9e,
    0x1, 0x0, 0x5c, 0xcf, 0xd4, 0xc0, 0x3, 0xd9,
    0x9e, 0x60, 0xf, 0xd, 0xb0, 0x2, 0x50, 0x0,
    0xf5, 0x45, 0x0, 0x4a, 0x0, 0x2e, 0x0, 0x3f,
    0xcd, 0xe8, 0x0, 0xa6, 0x0, 0xb1, 0x55, 0xa0,
    0x15, 0xa8, 0x1, 0xf5, 0x0, 0x3c, 0xbb, 0x22,
    0x0, 0x3d, 0x88, 0xcc, 0x0, 0x48, 0x8c, 0x44,
    0x0, 0x15, 0xe2, 0x80, 0xf, 0x68, 0x80, 0x7,
    0x86, 0xef, 0xc4, 0x0, 0x37, 0x7f, 0x50, 0x4,
    0x75, 0xa0, 0x44, 0x0, 0x9b, 0x8, 0x3, 0xff,
    0x88, 0xbc, 0x80, 0x13, 0x80, 0xa8, 0x15, 0xc8,
    0xf, 0xff, 0x90, 0x0, 0xdf, 0xfd, 0x40, 0x37,
    0x44, 0x12, 0x0, 0x98, 0xd4, 0x0, 0xff, 0xe0,
    0x8, 0x7, 0xf2, 0xed, 0x98, 0x0, 0xdc, 0x3,
    0xff, 0x9c, 0x80, 0x18, 0x73, 0x3f, 0xe5, 0x0,
    0x36, 0x67, 0xfa, 0x40, 0x38, 0xcf, 0xff, 0x80,
    0x20, 0x1, 0x33, 0xff, 0x28, 0x7, 0xff, 0x5c,

    /* U+590D "复" */
    0x0, 0xf8, 0x94, 0x80, 0x3f, 0xfa, 0x13, 0x5b,
    0xa0, 0xf, 0xfe, 0x72, 0xa0, 0x2, 0xc0, 0x3f,
    0xf9, 0xa3, 0x60, 0x16, 0x55, 0x7f, 0xf1, 0xc8,
    0x3, 0xac, 0x40, 0x25, 0x5f, 0xfe, 0x40, 0x80,
    0x66, 0x50, 0xf, 0xfe, 0x82, 0x48, 0x0, 0xfb,
    0xbf, 0xf9, 0x46, 0x0, 0x2a, 0x0, 0xb8, 0x47,
    0xff, 0x94, 0x0, 0x2c, 0x10, 0xb, 0x7f, 0xff,
    0xf8, 0xfc, 0x1, 0x16, 0x8, 0x7, 0xff, 0x40,
    0x44, 0x0, 0x60, 0x9, 0x1d, 0xff, 0xf8, 0x68,
    0x1, 0xe3, 0x60, 0x39, 0x0, 0xba, 0x23, 0xff,
    0x87, 0x80, 0x1f, 0x41, 0xe8, 0x6, 0x31, 0x1f,
    0xfe, 0x1f, 0x80, 0x7c, 0x38, 0x20, 0x1a, 0x7b,
    0xbf, 0xf8, 0x6e, 0x1, 0xff, 0xc3, 0x11, 0xff,
    0xe1, 0x80, 0x7f, 0xf0, 0xeb, 0xbb, 0xff, 0x87,
    0x0, 0x1f, 0xfc, 0x22, 0x33, 0xff, 0xe1, 0xf0,
    0x7, 0xff, 0xa, 0x33, 0x3f, 0xf8, 0x6c, 0x1,
    0xff, 0xde, 0xed, 0xd4, 0x80, 0x4f, 0xbb, 0xff,
    0xc2, 0xf0, 0xf, 0xc2, 0x43, 0x20, 0x5, 0x82,
    0x2f, 0xfe, 0x10, 0x80, 0x7f, 0x2e, 0x0, 0x4b,
    0xff, 0xff, 0xc3, 0xe0, 0xf, 0xd1, 0x40, 0x1f,
    0xfc, 0xf2, 0xc7, 0x0, 0xe2, 0x77, 0xff, 0x30,
    0x6, 0x20, 0xe, 0x8d, 0x30, 0x3, 0xa0, 0x0,
    0x92, 0xe2, 0x3e, 0xf6, 0x0, 0x9f, 0x0, 0x35,
    0xb8, 0x0, 0x6e, 0x2e, 0x0, 0x7, 0x96, 0xa0,
    0x2, 0x9f, 0x80, 0x1, 0x64, 0x0, 0x74, 0x80,
    0x17, 0xd0, 0x0, 0xfa, 0xa0, 0x4, 0xae, 0xcd,
    0x60, 0x0, 0xce, 0x98, 0x7, 0x8a, 0x6e, 0x84,
    0x3, 0x15, 0x38, 0x4, 0x26, 0x1, 0x1e, 0x30,
    0x7, 0xf3, 0x20, 0x4, 0x4d, 0x39, 0xee, 0x1,
    0xf8, 0xf7, 0xae, 0x19, 0x8, 0x2, 0x26, 0x8a,
    0xdf, 0xd9, 0x63, 0x0, 0xc9, 0x32, 0x40, 0xc,
    0x28, 0xf3, 0x7b, 0xf6, 0xd, 0x2e, 0xa4, 0x1,
    0xc4, 0xd5, 0xd6, 0xcc, 0xbf, 0xa6, 0x20, 0xf,
    0x8c, 0x10, 0x40, 0x21, 0x48, 0xbe, 0xd9, 0x51,
    0x0, 0xe5, 0x9d, 0xfb, 0x85, 0x30, 0x6, 0x80,
    0x2e, 0x73, 0xfa, 0xdd, 0x4, 0x3, 0xff, 0x82,
    0x8f, 0x59, 0xfc, 0xa0,

    /* U+5976 "奶" */
    0x0, 0xcd, 0xda, 0xc0, 0x1f, 0xfc, 0xfe, 0x12,
    0x0, 0xff, 0xe8, 0x10, 0x0, 0xc0, 0x30, 0xf7,
    0x7f, 0xf0, 0xc4, 0x3, 0xcc, 0x0, 0x60, 0xc,
    0x62, 0x3f, 0xfc, 0x30, 0xf, 0x84, 0x0, 0x40,
    0x1f, 0xfc, 0xf2, 0x0, 0x8, 0x6, 0x2a, 0xa8,
    0x2, 0x8a, 0xac, 0xc0, 0x10, 0x80, 0x7, 0x76,
    0x0, 0xb7, 0x79, 0x95, 0x48, 0x1, 0x2a, 0xf0,
    0x4, 0x80, 0x18, 0x8a, 0x0, 0x88, 0xb8, 0x40,
    0x3f, 0xe7, 0x0, 0x68, 0x7, 0xff, 0x28, 0xc0,
    0x23, 0x10, 0x2, 0x0, 0x43, 0x54, 0x40, 0x3,
    0x55, 0x14, 0x3, 0x8c, 0x3, 0xeb, 0x0, 0x11,
    0x0, 0x32, 0xa8, 0x2, 0xd5, 0x51, 0x0, 0x8,
    0x3, 0xc2, 0x1, 0x20, 0x1, 0x40, 0x3e, 0x60,
    0x2, 0x80, 0x8, 0x0, 0xc0, 0x1, 0x0, 0xf0,
    0x98, 0x2, 0xc0, 0x3e, 0x20, 0x0, 0x80, 0x18,
    0x0, 0x60, 0x7, 0x0, 0xf2, 0x0, 0x5f, 0x99,
    0x8, 0x0, 0xc0, 0x6, 0x1, 0x10, 0x8, 0x4,
    0x20, 0x1, 0x0, 0xf8, 0xcf, 0x0, 0x4a, 0x0,
    0x50, 0x0, 0x88, 0x14, 0x3, 0xc6, 0x1, 0xff,
    0x8, 0x3, 0xc0, 0x1e, 0x0, 0x50, 0x1, 0x80,
    0x44, 0x0, 0x10, 0x9, 0x2e, 0xea, 0x0, 0xf2,
    0x80, 0x10, 0x1, 0x80, 0xd, 0x0, 0xbc, 0x0,
    0xe0, 0x10, 0xa2, 0x4e, 0x1, 0xe3, 0x1, 0x20,
    0x2, 0x0, 0x1c, 0x2, 0x20, 0x1, 0x0, 0x7f,
    0xf0, 0x4c, 0x0, 0x2c, 0x2, 0x60, 0x24, 0x1,
    0x30, 0x0, 0x40, 0x3e, 0x10, 0x0, 0x80, 0x7a,
    0x61, 0x80, 0x8, 0x1, 0x8c, 0x1, 0xa0, 0x1f,
    0x38, 0x7, 0x1e, 0x88, 0x1, 0xe0, 0x1, 0xc0,
    0x11, 0x0, 0x4c, 0x1, 0xf0, 0x80, 0xc, 0x2,
    0x2f, 0x20, 0xc, 0x28, 0x1, 0x20, 0x4, 0x60,
    0x1f, 0xfc, 0x31, 0xc2, 0x0, 0x8c, 0x40, 0x2c,
    0x0, 0x18, 0x7, 0xe3, 0x0, 0x8, 0x7, 0xd,
    0x0, 0x45, 0xa2, 0x0, 0x50, 0x2, 0x0, 0x7e,
    0x10, 0x3, 0x80, 0x71, 0xc0, 0x6, 0x3c, 0x17,
    0x0, 0xac, 0x3, 0xf7, 0x80, 0x7c, 0x3c, 0x1,
    0x18, 0x0, 0x89, 0x20, 0x2, 0x30, 0xf, 0xc2,
    0x0, 0x10, 0xd, 0xa4, 0x0, 0xac, 0x30, 0x84,
    0x10, 0x5, 0x80, 0x7f, 0x20, 0x0, 0xc0, 0x2a,
    0x30, 0x3, 0x28, 0x63, 0xac, 0x0, 0x5, 0x80,
    0x2, 0x89, 0x2b, 0x61, 0x0, 0x38, 0x1, 0x4a,
    0x0, 0x39, 0x0, 0xa2, 0x40, 0x28, 0x0, 0xd7,
    0x75, 0x49, 0x80, 0x4a, 0x6, 0xa0, 0x2, 0xd0,
    0xc, 0xc8, 0x0, 0x36, 0x0, 0x84, 0x40, 0x1f,
    0x29, 0x1, 0xd0, 0xf, 0x88, 0x6, 0x72, 0x0,
    0x70, 0x7, 0x28, 0x6, 0x13, 0x9a, 0x0, 0x96,
    0x70, 0x80, 0x38, 0x70, 0xa0, 0x80, 0x3a, 0xff,
    0xf7, 0x63, 0x0, 0x73, 0x10, 0x7, 0xc3, 0x8e,
    0x1, 0xff, 0xc5,

    /* U+5B57 "字" */
    0x0, 0xff, 0xe1, 0x88, 0x7, 0xff, 0x39, 0xb3,
    0xf9, 0x80, 0x3f, 0xf9, 0xa4, 0x60, 0xb, 0x0,
    0xff, 0xe6, 0xa1, 0x0, 0x9, 0x0, 0x3f, 0xf8,
    0x24, 0x5f, 0xfc, 0x5, 0x0, 0xbc, 0x8b, 0xfe,
    0x0, 0x6e, 0xff, 0xf0, 0x1c, 0x2, 0x4d, 0xdf,
    0xf7, 0x80, 0x7f, 0xfd, 0x6b, 0xbb, 0xff, 0x90,
    0xc0, 0x1f, 0xc2, 0x3f, 0xfc, 0x90, 0xf, 0xfe,
    0xda, 0xee, 0xff, 0xf1, 0x88, 0x3, 0xd5, 0x52,
    0x19, 0x17, 0xff, 0x18, 0x2a, 0xa9, 0x0, 0x2a,
    0xc2, 0x1, 0xff, 0xc8, 0x25, 0x52, 0x0, 0x79,
    0x2a, 0xbf, 0xf8, 0x6, 0x1, 0x8c, 0x80, 0x3f,
    0xc4, 0xab, 0xfe, 0x4e, 0x30, 0xa, 0x30, 0x3,
    0xff, 0x92, 0xbe, 0x80, 0x2, 0xc7, 0x0, 0xff,
    0xe4, 0xd5, 0x4, 0x0, 0xba, 0x60, 0x1f, 0xfc,
    0x97, 0x50, 0xa, 0xa8, 0x1, 0xfe, 0x33, 0xff,
    0xe0, 0xf0, 0x5, 0x2c, 0x67, 0xfe, 0x2d, 0xcc,
    0xff, 0xe0, 0x30, 0x5, 0x39, 0x9f, 0xf4, 0x80,
    0x7f, 0xfc, 0x3b, 0xff, 0xff, 0x81, 0x0, 0x16,
    0xff, 0xff, 0xd6, 0x1, 0xff, 0xc5, 0x30, 0xf,
    0xff, 0xf8, 0x7, 0xfb, 0xc0, 0x3f, 0xf9, 0x64,
    0x67, 0x95, 0x80, 0x21, 0x0, 0xff, 0xe3, 0xd6,
    0x66, 0xa1, 0x0, 0x8, 0x7, 0xff, 0x23, 0x40,
    0x3f, 0x38, 0x7, 0xff, 0x21, 0xc0, 0x3c, 0x4f,
    0x20, 0x1f, 0xfc, 0x10,

    /* U+5B58 "存" */
    0x0, 0xff, 0x9e, 0xa1, 0x80, 0x3f, 0xfa, 0x12,
    0xaf, 0x60, 0x1f, 0xfc, 0xf4, 0x10, 0x2, 0x80,
    0x7f, 0xf1, 0x89, 0x13, 0xf7, 0x0, 0x5e, 0x89,
    0xff, 0xc4, 0x0, 0x5d, 0xff, 0x28, 0x5, 0x17,
    0x7f, 0xfc, 0x3a, 0x0, 0xff, 0xeb, 0x9, 0x17,
    0xc0, 0x18, 0x8b, 0xff, 0x8c, 0x0, 0x8d, 0xdf,
    0x50, 0x5, 0x1b, 0xbf, 0xfc, 0x5c, 0x0, 0xfc,
    0x30, 0x0, 0x17, 0x0, 0xff, 0xe7, 0x40, 0x5,
    0x0, 0x1f, 0xfc, 0xe4, 0x60, 0x1, 0xb2, 0x7f,
    0xff, 0xf1, 0x1c, 0x3, 0xe1, 0xa0, 0xb, 0x80,
    0x3f, 0xf8, 0xde, 0x1, 0xf5, 0x88, 0x2, 0x8,
    0x3, 0xff, 0x9a, 0xea, 0x0, 0x27, 0x0, 0x27,
    0x77, 0xfa, 0x0, 0x31, 0xd0, 0x7, 0x2c, 0x0,
    0x42, 0x1, 0x84, 0x7f, 0x5, 0x40, 0x5, 0x18,
    0x40, 0x18, 0xe8, 0x3, 0xff, 0x88, 0xdc, 0x80,
    0x3, 0xd7, 0x0, 0xe3, 0xc0, 0xf, 0xfe, 0x23,
    0xc8, 0x5, 0x18, 0x40, 0x1c, 0x58, 0x1, 0x10,
    0x7, 0xff, 0x7, 0xc0, 0x2d, 0x70, 0xf, 0x8c,
    0x2, 0x6a, 0x0, 0xd1, 0x99, 0xf9, 0x80, 0x2e,
    0xcc, 0xf8, 0x44, 0x80, 0xd2, 0x1, 0xc4, 0x67,
    0xf8, 0x40, 0x23, 0x3f, 0xe0, 0xf6, 0x90, 0xf,
    0xfe, 0x8a, 0x48, 0x7, 0xd1, 0x77, 0xf9, 0x40,
    0x3, 0x77, 0xf8, 0x80, 0x3f, 0xc4, 0x89, 0xf8,
    0x80, 0x24, 0x4f, 0xc0, 0x1f, 0xff, 0xf0, 0xf,
    0xfe, 0xe8, 0x80, 0x7f, 0xf3, 0x84, 0x72, 0x38,
    0x0, 0xc0, 0x3f, 0xf9, 0x47, 0xdd, 0xac, 0x40,
    0xc, 0x1, 0xff, 0xca, 0x30, 0xf, 0xde, 0x1,
    0xff, 0xcb, 0x30, 0xc, 0x29, 0x68, 0x1, 0xfc,

    /* U+5B89 "安" */
    0x0, 0xff, 0xef, 0x25, 0xf7, 0xc0, 0x7, 0xff,
    0x35, 0x90, 0x41, 0xc0, 0x3f, 0xf9, 0xa4, 0xa0,
    0x13, 0x0, 0x7f, 0xf0, 0x88, 0xbf, 0xef, 0x0,
    0xac, 0x8b, 0xfc, 0x20, 0x7, 0xdd, 0xff, 0xa8,
    0x2, 0x2d, 0xdf, 0xf5, 0x80, 0x7f, 0xfd, 0xbb,
    0xbd, 0xbd, 0xdf, 0xfc, 0x14, 0x0, 0xfe, 0x11,
    0xf6, 0xe3, 0x18, 0x8f, 0xf8, 0x3, 0xff, 0x86,
    0xe0, 0x50, 0xa0, 0x1f, 0xfc, 0x44, 0x77, 0x40,
    0x7, 0x48, 0x0, 0x5c, 0x3, 0xfd, 0xce, 0xef,
    0x0, 0x1c, 0x41, 0xc0, 0x33, 0x8, 0x1, 0x80,
    0x3f, 0xe5, 0x88, 0x28, 0x7, 0xfa, 0xc0, 0x29,
    0x0, 0xff, 0xe2, 0x77, 0xff, 0xe2, 0x0, 0xbb,
    0xff, 0xff, 0x88, 0x20, 0x1f, 0xfe, 0xfc, 0xcf,
    0x58, 0x4, 0x39, 0x9f, 0xc4, 0x1, 0x5e, 0x67,
    0x19, 0xfb, 0x40, 0x28, 0x33, 0xfc, 0x24, 0x0,
    0x54, 0x33, 0xe0, 0xe, 0x36, 0x0, 0x1b, 0x0,
    0x7e, 0x80, 0xa, 0x40, 0x3f, 0xef, 0x0, 0xa4,
    0x3, 0xf1, 0xa8, 0x1, 0xc, 0x3, 0xfc, 0xe6,
    0x1, 0x56, 0x30, 0x7, 0xb8, 0x2, 0x90, 0xf,
    0xf8, 0xd4, 0x3, 0x1c, 0xfc, 0x90, 0x2, 0xc8,
    0x0, 0xe4, 0x1, 0xff, 0x25, 0x74, 0x10, 0x6,
    0x6d, 0xcb, 0x40, 0x1, 0xc0, 0x7, 0xff, 0x8,
    0x5f, 0x6d, 0x0, 0x31, 0xa0, 0x0, 0xb4, 0x3,
    0xff, 0x8c, 0x97, 0xa8, 0x1, 0xe2, 0xb4, 0x0,
    0xff, 0xe3, 0x24, 0xa0, 0x7, 0xcb, 0x7a, 0xc0,
    0x1f, 0xfc, 0x1, 0x6a, 0xfb, 0x40, 0x8, 0x60,
    0xc0, 0x31, 0x4f, 0x40, 0x80, 0x62, 0x47, 0xae,
    0xe4, 0xa8, 0x6, 0x18, 0xe7, 0xcc, 0x28, 0x6,
    0x17, 0xea, 0x30, 0xad, 0xb8, 0x51, 0x0, 0xe3,
    0x9e, 0x70, 0x8, 0xeb, 0x58, 0x3, 0x97, 0xc3,
    0x0, 0x3e, 0x38, 0xdc, 0x60, 0xf, 0x8a, 0x7a,
    0x4, 0x2, 0x90, 0x70, 0x8, 0xde, 0xff, 0x1c,
    0x80, 0x3f, 0xe1, 0x7e, 0x91, 0x25, 0x1, 0x9c,
    0xfc, 0x84, 0x0, 0xff, 0xe3, 0x37, 0x78, 0x0,

    /* U+5B8C "完" */
    0x0, 0xff, 0xe0, 0x14, 0x56, 0x48, 0x7, 0xff,
    0x34, 0xdd, 0x4d, 0x80, 0x3f, 0xf9, 0xa2, 0x60,
    0x12, 0x0, 0x7f, 0xf0, 0x44, 0x8b, 0xfe, 0x50,
    0xb, 0x88, 0xbf, 0xe0, 0x5, 0xee, 0xff, 0xcc,
    0x1, 0x2e, 0xef, 0xfc, 0x20, 0x1f, 0xff, 0x45,
    0xff, 0xff, 0xe4, 0x58, 0x7, 0xff, 0xd6, 0xfb,
    0x96, 0x45, 0xff, 0xc8, 0x5e, 0xe8, 0x40, 0x46,
    0x3d, 0xdf, 0xfe, 0x44, 0x88, 0xc0, 0x1f, 0xfd,
    0x82, 0x2f, 0xfe, 0x47, 0x0, 0x7e, 0x2d, 0xdf,
    0xfe, 0x43, 0x0, 0x7f, 0xfd, 0x7, 0xff, 0xff,
    0xa1, 0x0, 0x1f, 0xff, 0x1, 0xee, 0xfa, 0x40,
    0x2a, 0xee, 0xc2, 0x0, 0x7e, 0xef, 0xd0, 0x2,
    0x3f, 0x0, 0x67, 0x11, 0xc0, 0x17, 0x88, 0xfe,
    0x0, 0xfe, 0xf0, 0x8, 0x80, 0x3f, 0xf8, 0x27,
    0x4c, 0x60, 0x1f, 0x9c, 0x0, 0x40, 0x1f, 0xfc,
    0x26, 0x59, 0xe0, 0xf, 0x98, 0x40, 0xa, 0x1,
    0xff, 0xc2, 0x30, 0x0, 0x80, 0x78, 0xe4, 0x2,
    0xa0, 0xf, 0xfe, 0x2b, 0x80, 0x73, 0xe0, 0x4,
    0xc4, 0x1, 0xfb, 0xc0, 0x38, 0x40, 0x2, 0x1,
    0x36, 0xc0, 0x4, 0x72, 0x1, 0xe3, 0x0, 0x29,
    0x80, 0x45, 0x40, 0x3, 0x19, 0xf9, 0x20, 0x9,
    0x30, 0x3, 0xe7, 0x0, 0x16, 0x7f, 0xda, 0x40,
    0xc, 0x17, 0x0, 0xc3, 0x36, 0x1, 0xfa, 0x40,
    0x3f, 0xc4, 0xa1, 0x0, 0x1, 0x8e, 0x60, 0xf,
    0xe3, 0xb4, 0x10, 0xe, 0x26, 0xc0, 0x3, 0x2d,
    0x73, 0x80, 0x7f, 0xf0, 0x12, 0xfb, 0xff, 0xb6,
    0x44, 0x0,

    /* U+5B9A "定" */
    0x0, 0xff, 0xe0, 0xa5, 0x5e, 0xb0, 0x7, 0xff,
    0x41, 0x50, 0xa8, 0x3, 0xff, 0x9e, 0x82, 0x0,
    0x31, 0x0, 0xff, 0xe1, 0xa2, 0xaf, 0xfc, 0x40,
    0x14, 0xaa, 0xff, 0x90, 0x3, 0x55, 0x7f, 0xf0,
    0xc, 0x2, 0x7a, 0xaf, 0xf4, 0x80, 0x7f, 0xf6,
    0xc8, 0xcf, 0xff, 0x90, 0x40, 0x1f, 0xe8, 0xcc,
    0xff, 0xe4, 0x40, 0x7, 0xff, 0x6c, 0x84, 0x60,
    0xf, 0xfe, 0x40, 0x91, 0x18, 0x3, 0x67, 0x71,
    0x0, 0x3f, 0xf9, 0x9, 0xba, 0xb0, 0xc, 0xdf,
    0xff, 0xfc, 0xe5, 0x0, 0xff, 0xfc, 0x37, 0xff,
    0xfd, 0x40, 0x17, 0xff, 0xfc, 0xa0, 0x1f, 0xfd,
    0xb1, 0x87, 0x50, 0xf, 0xfe, 0x82, 0xbc, 0x50,
    0x80, 0x7f, 0xf3, 0xc8, 0x2, 0x10, 0xf, 0xc2,
    0x3f, 0xe0, 0xf, 0xef, 0x0, 0x18, 0x7, 0xf7,
    0x77, 0xf8, 0x40, 0x3f, 0x28, 0x1, 0x80, 0x3f,
    0xf9, 0xe2, 0x60, 0xd, 0x0, 0xff, 0xe7, 0xa0,
    0x4, 0x20, 0x1f, 0xdf, 0xff, 0xe1, 0x0, 0xfa,
    0x40, 0x28, 0x20, 0xf, 0xfe, 0x69, 0x98, 0x2,
    0x1f, 0x20, 0xf, 0xfe, 0x67, 0x80, 0x44, 0x5,
    0x8c, 0x1, 0xff, 0xca, 0x73, 0x0, 0x37, 0x88,
    0xc, 0xf4, 0xe8, 0x7, 0xff, 0x19, 0x20, 0x0,
    0x30, 0x58, 0x40, 0x1, 0x67, 0x0, 0xbf, 0xff,
    0xf8, 0x1c, 0x5, 0x60, 0x15, 0x88, 0x16, 0xb8,
    0x7, 0xff, 0x1c, 0x80, 0xc8, 0x0, 0xca, 0x1,
    0xa3, 0xa5, 0x4, 0x3, 0xff, 0x86, 0xa0, 0x38,
    0x29, 0x20, 0x1e, 0x16, 0xbe, 0xe6, 0xe6, 0x7f,
    0xf0, 0x60, 0x0, 0x39, 0x60, 0x1f, 0xf0, 0x91,
    0x9f, 0xff, 0x4, 0x40,

    /* U+5B9E "实" */
    0x0, 0xff, 0xe0, 0x1c, 0xde, 0xb0, 0x7, 0xff,
    0x34, 0x59, 0xa, 0x80, 0x3f, 0xf9, 0xa4, 0x60,
    0x3, 0x30, 0x7, 0xff, 0x5, 0x57, 0xff, 0x80,
    0xc0, 0x14, 0xaa, 0xff, 0x90, 0x6, 0xab, 0xff,
    0x80, 0xa0, 0x12, 0xd5, 0x7f, 0xa4, 0x3, 0xff,
    0xae, 0x46, 0x7f, 0xfc, 0x81, 0x0, 0xfd, 0x39,
    0x8d, 0xcc, 0xff, 0xe2, 0xb0, 0x7, 0xfd, 0x7a,
    0x80, 0x1e, 0x38, 0x88, 0x3, 0xff, 0x88, 0x4a,
    0x57, 0x86, 0x1, 0x95, 0xde, 0x0, 0xff, 0x88,
    0xa7, 0x7, 0x0, 0x8f, 0x28, 0x80, 0x2, 0x1,
    0xfb, 0xc4, 0x60, 0x1d, 0xd8, 0xc1, 0x79, 0x80,
    0x25, 0xd8, 0x0, 0xff, 0x3f, 0x73, 0x0, 0x38,
    0x88, 0x3, 0x3a, 0xa0, 0x1d, 0xe0, 0x1, 0x0,
    0xff, 0xe1, 0x4e, 0xc8, 0x81, 0x56, 0x10, 0x48,
    0x6, 0x30, 0xf, 0xfe, 0xa, 0x20, 0x1b, 0xa4,
    0x40, 0xf7, 0x4, 0x4, 0x3, 0xff, 0x88, 0xac,
    0x1, 0x37, 0x40, 0x81, 0x80, 0x70, 0x80, 0x7f,
    0xf0, 0x46, 0x75, 0x40, 0x27, 0xf5, 0x0, 0x88,
    0x0, 0xe0, 0x1f, 0xfc, 0x32, 0xac, 0x40, 0x0,
    0xb0, 0x4, 0xe0, 0x2, 0x0, 0xff, 0xe2, 0x9d,
    0xd8, 0x98, 0xc0, 0x22, 0x0, 0x70, 0x7, 0xfb,
    0xbf, 0xff, 0x59, 0x37, 0xfe, 0x10, 0x4, 0x7f,
    0xff, 0x50, 0x7, 0xff, 0xc3, 0x37, 0x7f, 0xf8,
    0x26, 0x1, 0x4e, 0xef, 0xfa, 0xc8, 0xbf, 0xf8,
    0x36, 0x60, 0x10, 0x99, 0x17, 0xf0, 0x80, 0x7f,
    0xc5, 0x8c, 0x1, 0xa3, 0xa8, 0xc0, 0x3f, 0xf8,
    0xa7, 0x5a, 0x60, 0x1f, 0x2e, 0x61, 0x40, 0x3f,
    0xf8, 0x7, 0x1b, 0x8a, 0x1, 0xe, 0x74, 0x8,
    0x4, 0x75, 0xce, 0x20, 0x18, 0x51, 0xef, 0xf1,
    0xc8, 0x3, 0x37, 0x18, 0xbf, 0x49, 0x0, 0x43,
    0x1d, 0x26, 0x9, 0xd7, 0x8, 0x1, 0xe6, 0xd9,
    0x0, 0xe6, 0xdb, 0x30, 0xc, 0xd8, 0x88, 0x10,
    0xf, 0x24, 0xf4, 0x90, 0x7, 0xe4, 0xcc, 0x20,
    0x4, 0x48, 0xe, 0x0, 0x26, 0xaf, 0xb6, 0x10,
    0xf, 0xfe, 0x1, 0xde, 0xa8, 0x40, 0x2, 0xed,
    0xdb, 0x2a, 0x1, 0xff, 0xc6, 0x2a, 0xe5, 0x0,

    /* U+5BF9 "对" */
    0x0, 0xff, 0xe6, 0x3e, 0x62, 0x40, 0x3f, 0xfa,
    0x1a, 0x66, 0x50, 0xf, 0xfe, 0xc9, 0xc4, 0x7f,
    0xce, 0x1, 0xff, 0xc7, 0x57, 0x7f, 0xfa, 0x0,
    0x3f, 0xfc, 0xe6, 0x45, 0xf8, 0x40, 0x32, 0xb3,
    0x7f, 0x0, 0x5, 0x9a, 0x0, 0x2e, 0xef, 0xe9,
    0x0, 0x10, 0x5c, 0xcf, 0xe3, 0x0, 0x14, 0xcc,
    0x40, 0x1f, 0xed, 0x0, 0x20, 0x7, 0xff, 0x20,
    0xb5, 0xc0, 0x39, 0x0, 0x1e, 0x1, 0xff, 0xc7,
    0x4d, 0x28, 0x30, 0x8, 0x84, 0x0, 0x81, 0xdf,
    0xff, 0x94, 0x0, 0x7f, 0xf1, 0x2, 0x88, 0x3,
    0x80, 0x24, 0x0, 0x9, 0x0, 0x7f, 0xf1, 0xc6,
    0xc0, 0x5, 0x40, 0xc, 0x0, 0x20, 0x5, 0xa,
    0x1, 0xff, 0xc4, 0x55, 0x0, 0x15, 0x40, 0xa0,
    0xc, 0x2, 0xc7, 0xa1, 0x0, 0xff, 0xe2, 0x51,
    0x0, 0x29, 0xc0, 0x27, 0x3, 0x20, 0x5, 0x0,
    0x7f, 0xf1, 0x78, 0x2, 0x80, 0x2, 0x8, 0xd,
    0x80, 0x11, 0x80, 0x3f, 0xf8, 0x86, 0xe0, 0x1d,
    0xc0, 0x12, 0xa0, 0x2, 0x44, 0x3, 0xff, 0x89,
    0x4, 0x1, 0xa, 0x80, 0x6a, 0x0, 0xa8, 0x3,
    0xff, 0x8b, 0x20, 0x11, 0x80, 0x70, 0xc8, 0x1,
    0x14, 0x3, 0xff, 0x89, 0xc0, 0x11, 0x48, 0x7,
    0x31, 0x80, 0x2c, 0x40, 0x3f, 0xf8, 0x46, 0xa0,
    0x19, 0x90, 0x3, 0xb8, 0x0, 0x80, 0x1f, 0xfc,
    0x3f, 0x0, 0xf5, 0x8, 0x6, 0x28, 0xba, 0x10,
    0xf, 0xfe, 0xb, 0x98, 0x1, 0xe0, 0x0, 0x36,
    0x1, 0xce, 0x80, 0x1f, 0xfc, 0x23, 0x80, 0x0,
    0xc3, 0x98, 0x1, 0x54, 0x1, 0xff, 0xc8, 0xe0,
    0xa, 0x80, 0x1c, 0x1, 0x58, 0x80, 0x7f, 0xf1,
    0xac, 0x80, 0xa, 0x80, 0x2, 0x80, 0x0, 0xc8,
    0x7, 0xff, 0x16, 0x10, 0x0, 0x54, 0x1, 0x9c,
    0xc1, 0xa0, 0x3, 0xf3, 0x0, 0x1c, 0x3, 0x23,
    0x80, 0x5c, 0x1, 0xef, 0x99, 0x0, 0x4c, 0xdd,
    0x26, 0x0, 0x10, 0xc, 0x84, 0x0, 0x93, 0x0,
    0xf1, 0xb0, 0x6, 0x89, 0x9c, 0xc0, 0x16, 0x80,
    0x77, 0x3, 0xb0, 0x7, 0xff, 0x5, 0x40, 0x3e,
    0x16, 0x0, 0xe3, 0xb8, 0x0, 0xff, 0xe1, 0x60,
    0x7, 0x13, 0x78, 0x80, 0x60,

    /* U+5C01 "封" */
    0x0, 0xf9, 0x62, 0x8, 0x1, 0xff, 0xc1, 0x18,
    0x88, 0x3, 0xfe, 0xe7, 0x76, 0x80, 0x7f, 0xf0,
    0x4d, 0xde, 0x10, 0xf, 0xff, 0xcb, 0xbf, 0x30,
    0x1, 0x5d, 0xf2, 0x80, 0x7f, 0xf1, 0xa2, 0x38,
    0x80, 0x7, 0x11, 0xb8, 0x3, 0xff, 0xaa, 0x68,
    0x9e, 0x70, 0x9, 0x12, 0x0, 0x9d, 0x9b, 0x10,
    0x0, 0xd9, 0xb6, 0x86, 0x5d, 0xfa, 0x80, 0x2a,
    0xbb, 0x10, 0x2, 0x26, 0x73, 0x0, 0x16, 0x67,
    0x30, 0x7, 0xff, 0x54, 0x40, 0x3f, 0xf8, 0x26,
    0x1, 0xff, 0xc5, 0xef, 0xff, 0x68, 0x5, 0xdf,
    0xe1, 0xe, 0xff, 0xe4, 0x0, 0x37, 0xff, 0x28,
    0x7, 0xff, 0x4c, 0xc0, 0x5c, 0x3, 0xff, 0xa2,
    0xfd, 0xa, 0x1, 0xff, 0xc0, 0xfe, 0xef, 0xfe,
    0x13, 0x10, 0x2, 0x40, 0x3f, 0xf8, 0x2, 0x3e,
    0x78, 0x82, 0x8, 0xf0, 0x28, 0x81, 0x98, 0x3,
    0xff, 0x8b, 0xac, 0xcc, 0x0, 0xfa, 0x40, 0x12,
    0x1, 0xff, 0xd0, 0x60, 0x2, 0x88, 0x7, 0xfc,
    0x45, 0xce, 0x0, 0x32, 0x2e, 0x0, 0xa, 0x80,
    0x24, 0x3, 0xfc, 0x3b, 0xbc, 0x60, 0x5, 0xdd,
    0xde, 0x1, 0x48, 0x1, 0x80, 0x3f, 0xfa, 0x6,
    0x40, 0x26, 0x1, 0xff, 0xcb, 0x10, 0xd, 0x6b,
    0xa6, 0x1, 0xfc, 0x3f, 0xfc, 0x80, 0x6, 0xff,
    0xd8, 0x1, 0x9a, 0x88, 0x3, 0xff, 0xfe, 0x1,
    0xfc, 0x48, 0xaf, 0x10, 0x0, 0xff, 0xe2, 0x12,
    0x2b, 0xcd, 0x28, 0x1, 0xb6, 0xea, 0x1d, 0x40,
    0x3f, 0xf8, 0x65, 0xb7, 0x50, 0xca, 0x20, 0x1f,
    0xf1, 0x16, 0x38, 0x0, 0x84, 0x2, 0x30, 0xf,
    0xfe, 0x0, 0x9a, 0x28, 0x3, 0x77, 0x62, 0x80,
    0x8, 0x3, 0x8, 0x0, 0x4d, 0x19, 0xe6, 0xf3,
    0xbf, 0xb2, 0xe0, 0x0, 0x60, 0x1f, 0x50, 0x7,
    0x77, 0xf6, 0x5c, 0xc3, 0x21, 0x88, 0x7, 0xc8,
    0x1, 0x84, 0xe5, 0xc0, 0x30,

    /* U+5C31 "就" */
    0x0, 0xfe, 0x31, 0x0, 0xff, 0xe8, 0x57, 0xe4,
    0x0, 0x7e, 0x7f, 0xf4, 0x0, 0x7f, 0xf1, 0x30,
    0x0, 0x80, 0x1f, 0xbc, 0x3, 0xaf, 0x0, 0x3f,
    0xf8, 0x8, 0x0, 0x21, 0x0, 0xff, 0xe0, 0x5a,
    0x1d, 0x80, 0x70, 0xa2, 0x73, 0x0, 0x4c, 0x89,
    0x8c, 0x3, 0xef, 0x0, 0x24, 0x80, 0x65, 0xbb,
    0xf0, 0x5, 0x17, 0x7b, 0x80, 0x3b, 0xc1, 0x28,
    0x0, 0xd2, 0x1, 0xff, 0xcf, 0x59, 0x0, 0x32,
    0x0, 0x1c, 0xcf, 0xff, 0x84, 0xe0, 0x1f, 0xcc,
    0xe1, 0x28, 0x0, 0x3c, 0xcf, 0xfe, 0x15, 0x0,
    0x7f, 0xa3, 0x18, 0x3, 0xff, 0x8c, 0x9d, 0xc7,
    0x0, 0x4f, 0x77, 0x6f, 0x70, 0xc0, 0x2a, 0xcc,
    0xff, 0x98, 0x46, 0x0, 0x84, 0x7f, 0x9c, 0x2,
    0x43, 0x3f, 0xfb, 0xc0, 0x3f, 0xfa, 0x8b, 0xfe,
    0x40, 0x4, 0x7f, 0xfe, 0x40, 0xf, 0x7f, 0xfa,
    0x40, 0x3f, 0x88, 0x3, 0xff, 0xa0, 0xe0, 0x16,
    0x6e, 0x84, 0x3, 0xff, 0x98, 0x20, 0x1, 0x22,
    0x80, 0x3f, 0xf8, 0x2, 0x3f, 0x0, 0x78, 0x80,
    0xc, 0x1, 0xff, 0xc3, 0xee, 0xf4, 0x0, 0x70,
    0x80, 0x46, 0x1, 0xff, 0xcf, 0x20, 0x8, 0x40,
    0x3f, 0xf8, 0xc, 0xdc, 0x20, 0x5, 0x66, 0xb0,
    0x0, 0xc0, 0x3, 0x0, 0xff, 0xe0, 0xc4, 0xce,
    0x30, 0x4, 0x4c, 0xa1, 0x40, 0x18, 0x0, 0x50,
    0xf, 0xfe, 0xa, 0x5a, 0x80, 0x79, 0x73, 0xc0,
    0x25, 0x0, 0x78, 0x7, 0xff, 0x7, 0x52, 0x98,
    0x3, 0xbc, 0xc5, 0x40, 0x4c, 0x0, 0x80, 0x1f,
    0x42, 0x0, 0x66, 0x0, 0x38, 0x7, 0x40, 0x2,
    0x1, 0xc0, 0x2, 0x40, 0x1e, 0x17, 0xb5, 0x0,
    0x28, 0x1, 0x44, 0x3, 0x88, 0xc0, 0x92, 0x80,
    0xe, 0x1, 0xff, 0xc1, 0x90, 0x7, 0x80, 0x7d,
    0x20, 0xd, 0x30, 0x5, 0x0, 0x7f, 0xf0, 0xc,
    0xc0, 0x2a, 0x1, 0xf2, 0xb7, 0x10, 0x0, 0x8c,
    0x3, 0xe3, 0x0, 0x8, 0x48, 0x2, 0x40, 0x3f,
    0xa4, 0x90, 0x1, 0x0, 0x1f, 0xfc, 0x15, 0x0,
    0x30, 0x89, 0x8, 0x3, 0xde, 0x0, 0x25, 0x0,
    0xf2, 0x83, 0x80, 0x1c, 0x39, 0xdd, 0x7d, 0xcb,
    0x0, 0x88, 0x0, 0xe6, 0x0, 0x80, 0xc, 0x40,
    0xb, 0xfa, 0x0, 0x10, 0xc, 0x43, 0x40, 0x38,
    0xc0, 0x2a, 0x0, 0x1a, 0x80, 0x6b, 0x0, 0xf1,
    0x88, 0x6, 0x30, 0x8, 0x53, 0x80, 0x2c, 0x40,
    0xf0, 0xe, 0x77, 0x8, 0x4, 0x9c, 0x1, 0xc9,
    0xff, 0x75, 0x90, 0x4, 0x37, 0x86, 0x1, 0xe8,
    0xef, 0xfa, 0xc8, 0x0,

    /* U+5C42 "层" */
    0x0, 0xff, 0xeb, 0xff, 0xff, 0xf3, 0x74, 0x3,
    0xff, 0xb6, 0x46, 0x7f, 0xfc, 0x61, 0x0, 0xff,
    0xa7, 0x33, 0xff, 0x8d, 0x20, 0x1f, 0xff, 0xd9,
    0xcc, 0xff, 0xe3, 0x48, 0x7, 0xfc, 0x46, 0x7f,
    0xfc, 0x61, 0x0, 0xff, 0xea, 0x88, 0x7, 0xeb,
    0xff, 0xff, 0xe4, 0xe0, 0x7, 0xff, 0x78, 0x47,
    0xff, 0x8e, 0x1, 0xff, 0x37, 0x77, 0xff, 0x1b,
    0xc0, 0x3f, 0xfb, 0xc4, 0xab, 0xff, 0xc6, 0x70,
    0xf, 0xe7, 0x4, 0xaa, 0xff, 0xe3, 0x48, 0x7,
    0x8, 0x4, 0x20, 0x1f, 0xfc, 0xe3, 0x0, 0x86,
    0xef, 0xff, 0x95, 0x20, 0x13, 0x0, 0x64, 0x4f,
    0xfe, 0x58, 0x4, 0x40, 0x10, 0x80, 0x7f, 0xf3,
    0xb8, 0x0, 0x65, 0xff, 0xd0, 0x1, 0x3f, 0xff,
    0x45, 0x7f, 0xf6, 0x80, 0x48, 0x0, 0x60, 0xe,
    0x58, 0x0, 0x2c, 0x0, 0x6a, 0x8a, 0x30, 0xf,
    0xc6, 0x0, 0xc0, 0xc, 0x94, 0x0, 0x3a, 0x0,
    0xc4, 0x80, 0xd, 0x20, 0xf, 0x28, 0x4, 0x80,
    0x12, 0xd8, 0x0, 0xb4, 0x3, 0x8b, 0x40, 0x3,
    0xe2, 0x1, 0xd2, 0x0, 0x22, 0x0, 0x1a, 0x80,
    0x5, 0x82, 0x1, 0xc2, 0x4e, 0x0, 0x2d, 0x0,
    0xc6, 0x60, 0x5, 0x0, 0x1a, 0x40, 0x36, 0xed,
    0xdf, 0xf7, 0x71, 0xc0, 0x23, 0x90, 0xb, 0xc0,
    0x26, 0x0, 0x18, 0x6, 0x23, 0x22, 0x8, 0x7,
    0xf9, 0x9c, 0x4, 0x40, 0x6, 0x10, 0x3, 0x80,
    0x7f, 0x9, 0x1a, 0x2b, 0x31, 0xc8, 0x1, 0x6,
    0x38, 0x81, 0x0, 0x11, 0x4c, 0xaa, 0xf3, 0x7b,
    0xfd, 0xdb, 0x97, 0x53, 0x28, 0xf1, 0x5, 0x30,
    0x1b, 0xb0, 0x80, 0x66, 0x62, 0xa1, 0x90, 0x80,
    0x7f, 0x8a, 0x9a, 0x80,

    /* U+5C4F "屏" */
    0x0, 0x87, 0x77, 0xff, 0x9b, 0x0, 0x1e, 0x22,
    0xff, 0xe7, 0x0, 0x7f, 0xf7, 0x6f, 0xff, 0xff,
    0x8c, 0x80, 0x1f, 0xfc, 0x7, 0x0, 0xff, 0xf9,
    0xef, 0x77, 0xff, 0x19, 0x0, 0x3f, 0xf8, 0x2,
    0x3f, 0xfc, 0x70, 0xf, 0xfe, 0xb9, 0x80, 0x7f,
    0x67, 0xff, 0x5a, 0xff, 0xfe, 0x59, 0xef, 0xfa,
    0x40, 0x3f, 0xf8, 0x59, 0x6b, 0x0, 0x1e, 0x85,
    0x9e, 0x20, 0xf, 0xfe, 0x2d, 0x0, 0x1c, 0x80,
    0x31, 0x38, 0x1, 0x88, 0x3, 0xff, 0x8a, 0xc6,
    0x0, 0xa0, 0xd, 0x20, 0x1, 0x90, 0xf, 0xe3,
    0x0, 0xc3, 0xdd, 0x88, 0x0, 0xdd, 0xd9, 0x0,
    0x3, 0xdd, 0xa8, 0x3, 0xfe, 0x11, 0xe0, 0x0,
    0x8f, 0x0, 0x61, 0x1c, 0xc0, 0x1c, 0x20, 0x10,
    0x80, 0x7f, 0xf3, 0xdc, 0x2, 0x31, 0xff, 0xb4,
    0x2, 0xdf, 0xfd, 0xa0, 0x16, 0x7f, 0xd8, 0x1,
    0xc2, 0x1, 0x8, 0x7, 0xe3, 0x0, 0xc6, 0x1,
    0x8, 0x7, 0xf1, 0x80, 0x7f, 0xf4, 0xf8, 0x0,
    0x40, 0x1f, 0xc6, 0x1, 0x8c, 0x2, 0x10, 0xf,
    0xe3, 0x0, 0x33, 0x3f, 0xf6, 0x80, 0x5b, 0xff,
    0xb4, 0x2, 0xcf, 0xfe, 0x20, 0x9, 0x80, 0x6,
    0x1, 0xff, 0xcf, 0x12, 0x0, 0x69, 0x88, 0xf0,
    0x4, 0x23, 0xe0, 0x8, 0x47, 0xc0, 0x12, 0x0,
    0x48, 0xbd, 0xda, 0x40, 0x9, 0xdd, 0xde, 0x1,
    0x67, 0x77, 0x10, 0x3, 0xc0, 0x6, 0x20, 0x1d,
    0x60, 0x3, 0x0, 0xff, 0xe2, 0x8a, 0x80, 0x10,
    0x3, 0x94, 0xc0, 0x16, 0x1, 0xff, 0xc5, 0x90,
    0xa, 0xc0, 0x32, 0x50, 0x1, 0xc, 0x3, 0xff,
    0x88, 0x2e, 0x0, 0x33, 0x0, 0x4d, 0x60, 0x14,
    0x80, 0x7f, 0xf1, 0x45, 0x40, 0x12, 0x1, 0x2c,
    0x80, 0x58, 0x40, 0x1f, 0xfc, 0x6a, 0x82, 0x50,
    0x9, 0x64, 0xb, 0x4c, 0x3, 0xff, 0x90, 0xfa,
    0x1, 0xcd, 0x7a, 0x40, 0x1f, 0x87, 0xfe, 0x20,
    0xf, 0x0,

    /* U+5DE6 "左" */
    0x0, 0xff, 0xe0, 0x45, 0xcb, 0x80, 0x7f, 0xf3,
    0xd5, 0x1a, 0xc0, 0x3f, 0xf9, 0xe4, 0x0, 0x40,
    0xf, 0xfe, 0x72, 0x0, 0x5a, 0x1, 0xff, 0xc5,
    0x22, 0xfe, 0xd0, 0x8, 0x48, 0xbf, 0xf8, 0x60,
    0x5b, 0xbf, 0xcc, 0x1, 0x5e, 0xef, 0xff, 0xc,
    0x3, 0xff, 0xe6, 0x57, 0x7f, 0x8c, 0x2, 0xbb,
    0xff, 0xe2, 0x80, 0x11, 0x3f, 0x18, 0x0, 0xd1,
    0x3f, 0xf8, 0xa0, 0x1f, 0xcc, 0x1, 0x58, 0x7,
    0xff, 0x3a, 0x80, 0x25, 0x0, 0xff, 0xe6, 0x91,
    0x80, 0x10, 0x80, 0x3f, 0xf9, 0xb6, 0x1, 0x70,
    0x7, 0xff, 0x34, 0x58, 0x2, 0x27, 0x7f, 0xfe,
    0x20, 0x80, 0x7e, 0x80, 0xd, 0x11, 0xff, 0xc5,
    0x30, 0xf, 0x89, 0x80, 0x3f, 0xfa, 0x30, 0x1,
    0xff, 0xd1, 0x55, 0x0, 0xb, 0xff, 0xdc, 0x1,
    0x4f, 0xff, 0xe2, 0x0, 0xe1, 0xb0, 0xa, 0x40,
    0x3f, 0xf9, 0xb4, 0x20, 0x5, 0x40, 0xf, 0xfe,
    0x63, 0xa0, 0x0, 0x6c, 0x3, 0xff, 0x98, 0x70,
    0x1, 0x50, 0x80, 0x7f, 0xf2, 0xcb, 0x40, 0x28,
    0x40, 0xf, 0xfe, 0x58, 0xf8, 0x80, 0x15, 0xc0,
    0x3f, 0xf9, 0x84, 0x40, 0x1, 0x50, 0x7, 0xff,
    0x34, 0xdc, 0x7, 0x9, 0x13, 0xfe, 0x0, 0xb9,
    0x13, 0xf8, 0xc2, 0xb, 0x6, 0x2e, 0xff, 0xd4,
    0x1, 0x3d, 0xdf, 0xf7, 0x0, 0x34, 0x80, 0x3f,
    0xfa, 0x86, 0x1, 0xff, 0xcc, 0x10,

    /* U+5DF2 "已" */
    0x0, 0xff, 0xe8, 0x9f, 0xff, 0xff, 0x32, 0x80,
    0x3f, 0xfe, 0x25, 0x33, 0xff, 0xc9, 0x0, 0xf8,
    0x59, 0xbf, 0xf9, 0x22, 0x1, 0xff, 0xd9, 0x11,
    0x80, 0x3f, 0xf9, 0xb3, 0xdd, 0x8, 0x7, 0xff,
    0xfc, 0x3, 0xfe, 0x53, 0x3f, 0xfe, 0x20, 0x80,
    0x7f, 0xd7, 0x99, 0xff, 0xc4, 0x0, 0xff, 0xfd,
    0x5e, 0x67, 0xff, 0x1e, 0x0, 0x3f, 0x29, 0x9f,
    0xff, 0x1c, 0x80, 0x3f, 0xff, 0xe0, 0x1f, 0xe3,
    0xfc, 0x82, 0x0, 0xff, 0xe6, 0x38, 0x1b, 0xb8,
    0x3, 0xff, 0xa0, 0x20, 0x1f, 0xfc, 0xc1, 0x0,
    0x9c, 0x3, 0xff, 0x98, 0x60, 0x10, 0x80, 0x80,
    0x4a, 0x1, 0xff, 0xc6, 0xe0, 0x8, 0xc3, 0xc0,
    0x28, 0x30, 0xf, 0xfe, 0x18, 0xa3, 0x0, 0x42,
    0x8, 0x1, 0x1e, 0x7f, 0xff, 0xf0, 0xfa, 0xc4,
    0x0, 0x80, 0x3, 0x30, 0x7, 0xff, 0x33, 0x80,
    0x2d, 0x30, 0xf, 0xfe, 0x53, 0xa8, 0x4, 0x39,
    0xb5, 0x31, 0x1f, 0xfc, 0x49, 0xbe, 0x80, 0x0,

    /* U+5E76 "并" */
    0x0, 0xff, 0xee, 0x27, 0x20, 0x7, 0xf8, 0xba,
    0x4, 0x3, 0xff, 0x85, 0x36, 0x36, 0x40, 0x1f,
    0xd2, 0x2f, 0xc8, 0x1, 0xff, 0xc1, 0xf0, 0xb,
    0xc4, 0x3, 0xe5, 0x40, 0x1, 0x20, 0x7, 0xff,
    0x5, 0x94, 0x0, 0x54, 0x1, 0xf5, 0x80, 0x5c,
    0x1, 0xff, 0xc3, 0xa2, 0x0, 0x24, 0x0, 0x74,
    0x88, 0x1, 0xcc, 0x3, 0xff, 0x89, 0xe0, 0x3,
    0xa0, 0xc, 0x8c, 0x0, 0x28, 0x0, 0xff, 0x6f,
    0xff, 0xb4, 0x0, 0x7b, 0xff, 0xac, 0x2, 0x2f,
    0xff, 0x80, 0x31, 0x80, 0x7f, 0xfc, 0xf6, 0xef,
    0x98, 0x2, 0xbb, 0xfc, 0xc0, 0x15, 0x5d, 0xf0,
    0x6, 0x34, 0x4e, 0xe0, 0x9, 0x13, 0xf7, 0x80,
    0x48, 0x9e, 0x0, 0xff, 0xff, 0x80, 0x7f, 0xff,
    0xc0, 0x3f, 0xf8, 0x2, 0xcd, 0xf6, 0x80, 0x4c,
    0xdf, 0xb0, 0x2, 0x66, 0xf8, 0x4a, 0x67, 0xe5,
    0x0, 0xa6, 0x7f, 0x28, 0x5, 0x13, 0x3e, 0x20,
    0xf, 0xff, 0xa1, 0xff, 0xfc, 0x80, 0x4, 0xff,
    0xfd, 0x20, 0x17, 0x7f, 0xf8, 0xc0, 0x3f, 0x28,
    0x0, 0x80, 0x3f, 0xf9, 0xe4, 0x20, 0xf, 0x0,
    0xff, 0xe7, 0xd0, 0x4, 0x80, 0x1f, 0xfc, 0xe1,
    0x70, 0x1, 0x10, 0x3, 0xff, 0x9d, 0xa0, 0x15,
    0x80, 0x7f, 0xf3, 0xa8, 0xc0, 0x4, 0xc0, 0x1f,
    0xfc, 0xc1, 0xc5, 0x0, 0xbc, 0x3, 0xff, 0x98,
    0x9e, 0x60, 0x15, 0x10, 0x7, 0xff, 0x30, 0x44,
    0x1, 0x52, 0x80, 0x7f, 0xf3, 0x56, 0x80, 0xb1,
    0x40, 0x3f, 0xf9, 0xeb, 0x9a, 0x60, 0x1f, 0xfc,
    0x16, 0xff, 0x84, 0x3, 0xe0,

    /* U+5E94 "应" */
    0x0, 0xff, 0xe3, 0x10, 0x7, 0xff, 0x42, 0x33,
    0xf0, 0x3, 0xff, 0xa0, 0x66, 0x1, 0x30, 0xf,
    0xfe, 0x7e, 0x80, 0x56, 0x1, 0xff, 0xc4, 0x22,
    0xff, 0x94, 0x2, 0x52, 0x2f, 0xf0, 0x80, 0x63,
    0xdd, 0xff, 0xb0, 0x2, 0x2d, 0xdf, 0xf6, 0x0,
    0x7f, 0xff, 0x33, 0x77, 0xff, 0x95, 0x80, 0x1f,
    0x88, 0xbf, 0xf9, 0x62, 0x1, 0xff, 0xc5, 0x69,
    0xd3, 0x0, 0xff, 0xe4, 0x93, 0x90, 0x6, 0x86,
    0x24, 0x0, 0xf5, 0x5b, 0x8, 0x7, 0xfa, 0xb6,
    0x28, 0x3, 0x20, 0x3, 0x0, 0x3c, 0x88, 0x99,
    0x0, 0x7f, 0xb4, 0x0, 0xa0, 0x1b, 0x0, 0x8,
    0x1, 0xc6, 0x20, 0xc, 0x0, 0xff, 0x28, 0x0,
    0x8c, 0x2, 0x40, 0x8, 0x80, 0x32, 0x0, 0x48,
    0x1, 0xfe, 0x23, 0x0, 0x58, 0x4, 0x42, 0x0,
    0x40, 0xd, 0x60, 0x5, 0x0, 0xff, 0xe0, 0x58,
    0x1, 0x80, 0x32, 0x80, 0x30, 0x2, 0x13, 0x0,
    0x60, 0x7, 0x9c, 0x3, 0x94, 0x0, 0x26, 0x1,
    0x60, 0x1, 0xc0, 0x27, 0x0, 0x9c, 0x3, 0xfc,
    0x20, 0x44, 0x0, 0x58, 0x4, 0x60, 0x2, 0x10,
    0x6, 0x80, 0x10, 0x40, 0x3c, 0x20, 0x1e, 0x50,
    0x2, 0x80, 0x4a, 0x1, 0x28, 0x1, 0x0, 0x1a,
    0x1, 0xf1, 0x80, 0x7a, 0xc0, 0x4, 0x40, 0x0,
    0x88, 0x0, 0x60, 0xa0, 0x13, 0x80, 0x7c, 0x20,
    0x1, 0x0, 0x8c, 0x40, 0xa, 0x1, 0x28, 0x3,
    0x43, 0xc0, 0x8, 0x20, 0x1f, 0x70, 0x0, 0x80,
    0x33, 0x80, 0x2c, 0x2, 0x30, 0x0, 0x82, 0x80,
    0x34, 0x3, 0xf2, 0x80, 0x18, 0x3, 0x60, 0x0,
    0xc4, 0x1, 0x54, 0xeb, 0x50, 0x9, 0xc0, 0x3f,
    0x18, 0x0, 0x80, 0x32, 0x0, 0xc, 0xc0, 0x2,
    0x51, 0xe, 0x0, 0x28, 0x80, 0x7c, 0x60, 0x16,
    0x80, 0x61, 0xae, 0xc2, 0x0, 0xe1, 0x40, 0x7,
    0x80, 0x7e, 0xb0, 0x9, 0x0, 0x39, 0x44, 0x3,
    0xe6, 0x0, 0xa, 0x80, 0x7e, 0x60, 0x1, 0xa,
    0x27, 0xff, 0xa, 0x80, 0xa, 0x89, 0xe0, 0x3,
    0x8, 0x1, 0x42, 0xae, 0xff, 0xf8, 0x24, 0x0,
    0x4b, 0xbf, 0x10, 0x58, 0x5, 0x40, 0x1f, 0xfc,
    0xe1, 0x0, 0x8c, 0x80, 0xc0, 0x3f, 0xf9, 0x83,
    0x88, 0x10, 0x0, 0xdf, 0xff, 0xfe, 0x59, 0x0,
    0xdc, 0x20, 0x7, 0xff, 0x3c,

    /* U+5EFA "建" */
    0x0, 0xff, 0xe2, 0x8e, 0x64, 0x1, 0xff, 0xd0,
    0x33, 0xc0, 0x1f, 0xfc, 0xb, 0xcc, 0xfc, 0x43,
    0x11, 0xd6, 0x1, 0x44, 0x7c, 0x80, 0x19, 0x4c,
    0xff, 0x9, 0x3b, 0xf3, 0x0, 0x4e, 0xff, 0x60,
    0x7, 0xff, 0x63, 0xbb, 0x90, 0x0, 0x46, 0x6f,
    0xfe, 0xd0, 0xb, 0xff, 0x30, 0x7, 0xe1, 0x19,
    0x90, 0x1, 0xe0, 0x1f, 0xfc, 0xe3, 0x80, 0x5,
    0x12, 0x5d, 0xfa, 0x40, 0x2b, 0xbc, 0xe0, 0x5,
    0xbb, 0x0, 0x61, 0xd0, 0x3, 0x28, 0x12, 0x27,
    0xc0, 0x12, 0x26, 0x10, 0x1, 0x22, 0x0, 0x36,
    0x88, 0x1c, 0x80, 0x7f, 0xf3, 0xa4, 0xc0, 0x74,
    0x2, 0x6f, 0xff, 0x68, 0x5, 0xff, 0x98, 0x0,
    0xff, 0xe0, 0x2, 0xb0, 0x1, 0x91, 0x56, 0x0,
    0xff, 0xe5, 0xe8, 0x4, 0xf5, 0x58, 0x4f, 0xff,
    0xb4, 0x2, 0xff, 0xcc, 0x1, 0xff, 0xc5, 0x70,
    0xf, 0xfe, 0x4e, 0x3b, 0xf0, 0x80, 0x4c, 0xdf,
    0x0, 0x4c, 0xdf, 0x60, 0x6, 0x48, 0x8e, 0x10,
    0x11, 0x14, 0xcf, 0x58, 0x5, 0x33, 0xf2, 0x0,
    0x61, 0x76, 0x0, 0x10, 0x0, 0x80, 0x3f, 0xf9,
    0x7f, 0x16, 0x0, 0x40, 0x2, 0x83, 0x7f, 0xf6,
    0x80, 0x5f, 0xff, 0x84, 0x2, 0x40, 0x23, 0xf,
    0x0, 0x60, 0x7, 0xff, 0x2f, 0x80, 0x12, 0xe,
    0x0, 0x70, 0x57, 0x7e, 0x60, 0x9, 0xdf, 0xf0,
    0x80, 0x48, 0x40, 0xaa, 0x10, 0x22, 0x1, 0xc4,
    0x75, 0x80, 0x51, 0x1f, 0x80, 0x3a, 0xc0, 0x14,
    0x0, 0x50, 0x68, 0x8f, 0x58, 0x5, 0x11, 0xfc,
    0x20, 0x13, 0x8, 0x6, 0xa0, 0xa7, 0x7f, 0x30,
    0x4, 0xef, 0xfc, 0x60, 0x1a, 0xc0, 0x23, 0x20,
    0xf, 0xfe, 0x73, 0x80, 0x44, 0x40, 0xcf, 0xff,
    0x68, 0x5, 0xff, 0xfc, 0x40, 0x1b, 0xc0, 0x21,
    0xd6, 0x0, 0xff, 0xe6, 0x49, 0x0, 0x4, 0x1,
    0x3d, 0x2a, 0x42, 0x0, 0x2c, 0xc8, 0x3, 0xff,
    0x80, 0xec, 0x0, 0x7f, 0x30, 0x0, 0xb5, 0x6f,
    0x7f, 0xd9, 0x97, 0xff, 0xf6, 0x82, 0x40, 0x0,
    0xe0, 0x72, 0x44, 0x3, 0xff, 0x90, 0xc0, 0x86,
    0x3, 0xc0, 0x13, 0x75, 0xba, 0x8, 0x7, 0xff,
    0x10, 0x80, 0x1a, 0x54, 0x40, 0x1c, 0x91, 0x7d,
    0xfe, 0xee, 0xff, 0xe1, 0x48, 0x0, 0x75, 0x0,
    0x3f, 0xf8, 0x2, 0x3f, 0xfc, 0x20, 0x0,

    /* U+5F00 "开" */
    0x0, 0x57, 0xff, 0xff, 0x3b, 0x0, 0x30, 0x80,
    0x7f, 0xf3, 0x84, 0x3, 0xff, 0xb1, 0x15, 0x5c,
    0x80, 0x15, 0x57, 0xe7, 0x0, 0x9e, 0xab, 0x48,
    0x6, 0x35, 0x5e, 0x20, 0x9, 0x57, 0xf6, 0x0,
    0x58, 0xab, 0x90, 0x3, 0xff, 0xfe, 0x1, 0xff,
    0xff, 0x0, 0xff, 0xf0, 0x88, 0xfc, 0x1, 0x84,
    0x7f, 0x80, 0x21, 0x1f, 0x80, 0xbb, 0xbe, 0x60,
    0xb, 0xbb, 0xf5, 0x0, 0x55, 0xdd, 0xe3, 0x0,
    0xff, 0xfa, 0x15, 0x57, 0xc6, 0x0, 0x1a, 0xaf,
    0xce, 0x1, 0x3d, 0x57, 0x88, 0x15, 0x7e, 0x0,
    0x8d, 0x57, 0xf6, 0x0, 0x58, 0xab, 0xe1, 0x0,
    0xfc, 0x40, 0x6, 0x0, 0xff, 0xe7, 0x88, 0x80,
    0x4, 0x1, 0xff, 0xcf, 0x40, 0xb, 0xc0, 0x3f,
    0xf9, 0xfc, 0x1, 0x20, 0x7, 0xff, 0x38, 0x90,
    0x0, 0x64, 0x1, 0xff, 0xce, 0xe0, 0xa, 0x40,
    0x3f, 0xf9, 0xd0, 0x60, 0x2, 0x50, 0xf, 0xfe,
    0x6b, 0xb8, 0x2, 0xe0, 0xf, 0xfe, 0x6c, 0x40,
    0x2, 0x73, 0x0, 0xff, 0xe6, 0x53, 0x80, 0x4b,
    0x0, 0x1f, 0xfc, 0xd1, 0x0, 0x96, 0x80, 0x3f,
    0xf9, 0xd6, 0xa0, 0xb4, 0x1, 0xff, 0xd0, 0xaa,
    0x80, 0x3f, 0xf8, 0x49, 0xff, 0x20, 0x7, 0xc0,

    /* U+5F39 "弹" */
    0x0, 0xff, 0xe1, 0x88, 0x80, 0x3e, 0x10, 0xf,
    0xfe, 0x38, 0xc7, 0x58, 0x7, 0x9f, 0xa9, 0x0,
    0x3f, 0xf8, 0xae, 0xe0, 0x54, 0x0, 0xc3, 0x0,
    0xa4, 0x1, 0x9b, 0xff, 0xf4, 0x0, 0x4c, 0x60,
    0xa, 0x0, 0xd6, 0x0, 0x36, 0x0, 0xff, 0xe3,
    0x70, 0x0, 0x64, 0x0, 0x8a, 0x0, 0xf0, 0xf,
    0xfe, 0x39, 0x38, 0x1e, 0x80, 0xc8, 0x1, 0x8c,
    0x3, 0x9b, 0xbb, 0xa0, 0x3, 0x37, 0xfc, 0xe0,
    0x77, 0xfc, 0x40, 0x6, 0xff, 0x98, 0x2, 0x11,
    0xe0, 0xf, 0xfe, 0xd8, 0x91, 0x42, 0x0, 0x12,
    0x28, 0x40, 0x3f, 0xf8, 0xed, 0xbb, 0x30, 0x1,
    0xb7, 0x67, 0x0, 0xf2, 0x3b, 0xec, 0x0, 0xff,
    0xe6, 0xf4, 0x46, 0x40, 0xf, 0xfe, 0x68, 0x80,
    0x7f, 0xf0, 0x1f, 0xfe, 0x70, 0x3, 0xff, 0xcc,
    0x1, 0xe7, 0x0, 0x2b, 0x36, 0xd0, 0xf, 0xfe,
    0x50, 0x80, 0x2a, 0x67, 0x28, 0x6, 0x24, 0x48,
    0x80, 0x4, 0x89, 0x8, 0x7, 0x8c, 0x3, 0xff,
    0x80, 0xb7, 0x72, 0x80, 0x16, 0xee, 0x70, 0xf,
    0x8, 0x8, 0x7, 0xff, 0x48, 0xc0, 0x3f, 0xf9,
    0xe2, 0x0, 0x2f, 0xfe, 0x40, 0xc, 0xff, 0xf3,
    0x80, 0x1f, 0xfe, 0x60, 0xe, 0x30, 0xf, 0xce,
    0x1, 0xff, 0xc9, 0x10, 0xf, 0xfe, 0x91, 0xff,
    0xf2, 0x0, 0x4, 0x1b, 0xff, 0xce, 0x0, 0x7f,
    0xff, 0x30, 0x7, 0xe7, 0x0, 0xff, 0xe9, 0x8,
    0x0, 0xc8, 0xbf, 0x8, 0x0, 0x48, 0xbf, 0x0,
    0x7c, 0x60, 0x16, 0x6e, 0xfc, 0xc0, 0x6, 0xdd,
    0xfc, 0x20, 0x1e, 0x10, 0x0, 0x80, 0x7f, 0xfb,
    0x48, 0x3, 0x77, 0xff, 0xce, 0x0, 0x7f, 0xff,
    0xc2, 0x2, 0x31, 0xc8, 0x0, 0x80, 0x3f, 0xf9,
    0x4d, 0xdd, 0x62, 0x0, 0x1c, 0x3, 0xff, 0x94,
    0xa0, 0x1f, 0x48, 0x7, 0xff, 0x28, 0xc0, 0x30,
    0xa5, 0x98, 0x7, 0xff, 0x28,

    /* U+5F53 "当" */
    0x0, 0xff, 0xe0, 0xd5, 0xd9, 0xc0, 0x3f, 0xf8,
    0x47, 0x60, 0x1f, 0x91, 0x2d, 0x0, 0xf8, 0xac,
    0x40, 0x24, 0xc4, 0xb0, 0xf, 0xfe, 0x28, 0xfa,
    0x79, 0x80, 0x20, 0x0, 0x94, 0x1, 0xff, 0xc4,
    0xd2, 0x1, 0xa0, 0x6, 0x90, 0x1, 0x64, 0x3,
    0xff, 0x85, 0x46, 0x0, 0x49, 0x0, 0xf, 0x88,
    0x1, 0xa0, 0x3, 0xff, 0x81, 0xa, 0x0, 0x2a,
    0x0, 0xc5, 0xa0, 0x13, 0xb0, 0x7, 0xf9, 0xdc,
    0x0, 0x1f, 0x10, 0xe, 0x3b, 0x0, 0xa4, 0xc0,
    0x3f, 0x34, 0x0, 0x5a, 0x40, 0x1f, 0x24, 0x0,
    0x18, 0xc0, 0x3f, 0x10, 0x5, 0x66, 0x1, 0xfc,
    0xeb, 0x12, 0x1, 0xfc, 0x98, 0x34, 0x80, 0x1c,
    0x24, 0x5d, 0xa, 0x45, 0x80, 0x31, 0x14, 0x38,
    0xe4, 0x58, 0x42, 0xf7, 0x7f, 0xe1, 0x0, 0x2e,
    0xef, 0xfa, 0x80, 0x3f, 0xfd, 0xb7, 0xbb, 0xff,
    0xca, 0x10, 0xc, 0x24, 0x5f, 0xfc, 0xa0, 0xf,
    0xff, 0x91, 0xaa, 0xff, 0xf2, 0x44, 0x3, 0xa6,
    0xab, 0xff, 0x92, 0x1, 0xff, 0xf2, 0xaf, 0xff,
    0xfe, 0x48, 0x80, 0x7f, 0xff, 0xc0, 0x3f, 0xf8,
    0x9, 0xbb, 0xff, 0xcb, 0x10, 0x8, 0x48, 0xbf,
    0xf9, 0x60, 0x1f, 0xfd, 0x47, 0x99, 0xff, 0xe5,
    0x80, 0x62, 0x66, 0xff, 0xe5, 0x88, 0x4,

    /* U+5F55 "录" */
    0x0, 0x93, 0x33, 0xff, 0x95, 0x20, 0x1f, 0x84,
    0xcf, 0xff, 0x94, 0xa0, 0x1f, 0xfd, 0xc5, 0xdd,
    0xff, 0xe3, 0xa8, 0x7, 0xff, 0x0, 0x8b, 0xff,
    0x8e, 0x60, 0x1f, 0xfe, 0x6, 0xee, 0xff, 0xe3,
    0x30, 0x7, 0xff, 0x4, 0x47, 0xff, 0x8c, 0x1,
    0xff, 0xe1, 0x6f, 0xff, 0xfe, 0x33, 0x0, 0x7f,
    0xf7, 0x84, 0x7f, 0xf9, 0x20, 0x18, 0x47, 0x0,
    0x3b, 0xbf, 0xf9, 0x4c, 0x0, 0x3e, 0xec, 0x20,
    0x1f, 0xfd, 0x53, 0x11, 0xff, 0xe0, 0x0, 0x61,
    0x1f, 0xfe, 0x8, 0x3, 0x7b, 0x8c, 0x59, 0xdd,
    0xf4, 0x0, 0x5d, 0xdf, 0xa2, 0xfb, 0xa1, 0x0,
    0x95, 0xcf, 0x58, 0x3, 0xfc, 0xa0, 0x1e, 0xa9,
    0xa3, 0x0, 0xf1, 0x80, 0x53, 0x42, 0x1, 0xfa,
    0xc4, 0x2, 0x3d, 0x50, 0x7, 0x0, 0x79, 0xb4,
    0x80, 0xb, 0xe6, 0x1, 0x70, 0x4, 0x34, 0x0,
    0x8c, 0x20, 0x1, 0xf8, 0x7, 0xc5, 0xac, 0x1,
    0x10, 0xbf, 0x30, 0x6, 0x4a, 0xd7, 0x0, 0xa3,
    0x8, 0x3, 0xfa, 0x68, 0x6a, 0x7a, 0x4, 0x3,
    0xca, 0x40, 0x3, 0xd7, 0x0, 0xff, 0xe0, 0x3a,
    0x5b, 0x80, 0x7d, 0x0, 0x19, 0xb0, 0x80, 0x3f,
    0xe3, 0xbd, 0x50, 0xc, 0xee, 0x0, 0x9d, 0xc0,
    0x13, 0x40, 0x7, 0xf9, 0x73, 0x8, 0x1, 0x9f,
    0xa3, 0xc0, 0x34, 0x40, 0x2, 0x7e, 0x70, 0xf,
    0x36, 0xd1, 0x80, 0x42, 0xfd, 0x2, 0x1, 0xf3,
    0xd8, 0x80, 0x6, 0x3e, 0x48, 0x0, 0x32, 0x40,
    0x10, 0xc7, 0x40, 0x80, 0x5e, 0x1, 0xe4, 0xf5,
    0x0, 0xcd, 0xba, 0x11, 0x38, 0x0, 0x63, 0x9c,
    0x8, 0xb2, 0xb0, 0x0, 0x40, 0x30, 0xd6, 0x18,
    0x6, 0x61, 0x9, 0x29, 0xe7, 0x0, 0xbb, 0x76,
    0xa1, 0x0, 0x10, 0x7, 0x8f, 0x2c, 0xc0, 0x1e,
    0x0, 0x1d, 0x60, 0xe, 0x40, 0xf, 0xa8, 0x3,
    0xf2, 0x66, 0x1d, 0x0, 0x3f, 0xda, 0x1, 0x84,
    0xe5, 0x80, 0x3f, 0xc7, 0x0, 0x0,

    /* U+5F85 "待" */
    0x0, 0xff, 0xed, 0xa7, 0x18, 0x7, 0xe4, 0xcc,
    0x80, 0x3f, 0xf8, 0x83, 0x43, 0x8c, 0x1, 0xf0,
    0x99, 0xc2, 0x1, 0xff, 0xc3, 0xd1, 0x0, 0x8,
    0x7, 0xff, 0x3a, 0x8c, 0x0, 0x8e, 0x1, 0xff,
    0xcd, 0x85, 0x0, 0x15, 0x0, 0x3f, 0xfd, 0x40,
    0x17, 0x7f, 0xf9, 0xc0, 0x39, 0xdc, 0x0, 0x1f,
    0x10, 0xf, 0xfe, 0x3f, 0x80, 0x67, 0x80, 0xb,
    0x48, 0x3, 0xff, 0x99, 0x10, 0x0, 0xac, 0xc0,
    0x36, 0x67, 0xa0, 0x2, 0xbc, 0xcf, 0x48, 0x4,
    0xc0, 0x15, 0x20, 0xa0, 0x4, 0x67, 0xe2, 0x0,
    0x94, 0xcf, 0xc2, 0x1, 0x48, 0x2, 0x54, 0x2e,
    0xd2, 0x1, 0xff, 0xcb, 0x60, 0xa6, 0x4, 0x50,
    0x68, 0x22, 0xf8, 0xc0, 0x22, 0x2f, 0xe0, 0x0,
    0xea, 0x80, 0x24, 0x0, 0x47, 0xbb, 0xf4, 0x80,
    0x59, 0xbb, 0xf8, 0x40, 0x4, 0x0, 0x92, 0x0,
    0x48, 0x7, 0xff, 0x39, 0x18, 0x0, 0xa8, 0x1,
    0xff, 0xcd, 0x1a, 0x0, 0xac, 0x2f, 0xff, 0xff,
    0x80, 0x40, 0x6, 0xff, 0xc2, 0x1, 0x68, 0x80,
    0x42, 0x1, 0xff, 0xcd, 0xa3, 0x0, 0xff, 0xe8,
    0xca, 0x80, 0x7c, 0x5f, 0xff, 0xfc, 0x2, 0x0,
    0x37, 0xfd, 0x20, 0x6c, 0x1, 0xff, 0xd0, 0x30,
    0x31, 0x0, 0x48, 0x7, 0xff, 0x41, 0xc3, 0x8,
    0x3, 0x8b, 0x75, 0x6f, 0xbb, 0xf8, 0x80, 0xb,
    0xbb, 0x58, 0x3, 0x6c, 0xc0, 0x3e, 0x20, 0x97,
    0x42, 0x2f, 0x80, 0x23, 0x22, 0x84, 0x0, 0x88,
    0x0, 0xfe, 0xf2, 0x9, 0x50, 0xf, 0xfe, 0x7c,
    0x80, 0x54, 0x80, 0x1f, 0xfc, 0xe4, 0xa0, 0xa,
    0xcc, 0x3, 0xff, 0x9c, 0xb2, 0x1, 0x38, 0x7,
    0xff, 0x3d, 0x9c, 0x2d, 0x0, 0x31, 0x80, 0x7f,
    0xf2, 0xe3, 0x1, 0x57, 0x48, 0x80, 0x4, 0x3,
    0xff, 0x92, 0x7f, 0x55, 0x98, 0x2, 0xe0, 0xf,
    0xfe, 0x51, 0x80, 0x7c, 0x2e, 0x1, 0xff, 0xca,
    0xd0, 0xe, 0x26, 0xc1, 0x0, 0xe0,

    /* U+6001 "态" */
    0x0, 0xff, 0xe1, 0x3e, 0x62, 0xc0, 0x3f, 0xfa,
    0x18, 0x66, 0x60, 0xf, 0xfe, 0x83, 0x80, 0x18,
    0x3, 0xff, 0xa0, 0x40, 0x1, 0x0, 0xff, 0xe1,
    0x8f, 0xff, 0xff, 0x0, 0x40, 0xb, 0xff, 0xff,
    0xc0, 0x70, 0xf, 0xff, 0xb0, 0xee, 0xff, 0xac,
    0x3, 0xd9, 0xbb, 0xfe, 0x60, 0x8, 0x8b, 0xfd,
    0xe0, 0x1e, 0xf2, 0x2f, 0xf0, 0x80, 0x7f, 0xf0,
    0x1d, 0x0, 0x7, 0x0, 0x3, 0xb0, 0xf, 0xfe,
    0x4b, 0x40, 0x5, 0xee, 0x80, 0x4, 0xc1, 0x0,
    0xff, 0xe3, 0x44, 0x80, 0x4e, 0x61, 0x66, 0x0,
    0x3f, 0x40, 0xf, 0xfe, 0x19, 0xe3, 0x80, 0x66,
    0x20, 0x6, 0x98, 0x0, 0x6e, 0x84, 0x3, 0xfe,
    0x3b, 0xc3, 0x0, 0xe1, 0xd4, 0x1, 0xc4, 0x0,
    0x97, 0xa4, 0x80, 0x3c, 0x2d, 0x98, 0x40, 0x8,
    0x6a, 0x0, 0x2b, 0x60, 0x5, 0xb8, 0x6, 0x6d,
    0xb5, 0x10, 0x5, 0x74, 0x98, 0x6, 0x4f, 0x57,
    0xb0, 0xa, 0x44, 0x1, 0x18, 0x40, 0x19, 0x2b,
    0x8c, 0x8, 0x3, 0x8a, 0xec, 0x20, 0x4, 0xd1,
    0xb, 0x10, 0x8, 0xf6, 0x44, 0x3, 0x9, 0x84,
    0x80, 0x47, 0x7a, 0x80, 0x1c, 0x5f, 0x28, 0x1,
    0xe6, 0xe9, 0x20, 0x3, 0x0, 0x5, 0x99, 0x98,
    0x40, 0xf, 0xcb, 0xe0, 0x1f, 0xcd, 0xb8, 0xd4,
    0x1, 0x4c, 0x88, 0x2, 0x2a, 0xa8, 0x1, 0x36,
    0xcc, 0x0, 0xf8, 0xa0, 0xe, 0x48, 0x3, 0xbb,
    0x18, 0x19, 0x56, 0x10, 0xe0, 0x4, 0x98, 0x7,
    0x4e, 0xbb, 0x0, 0x7c, 0xa0, 0x72, 0x1, 0xf3,
    0xa0, 0x3, 0x44, 0x3, 0x10, 0x2, 0x4, 0x3,
    0xdc, 0x0, 0x50, 0xf, 0xd4, 0x20, 0x34, 0x1,
    0xa8, 0x0, 0x36, 0x1, 0xc2, 0x80, 0xf, 0x0,
    0xfc, 0x36, 0x0, 0x42, 0x99, 0x28, 0x40, 0x1,
    0x4c, 0x3, 0x30, 0x0, 0x54, 0x3, 0xf9, 0x54,
    0x7a, 0x4a, 0xd4, 0x8e, 0x40, 0xf, 0x0, 0xd2,
    0x0, 0x70, 0xf, 0xfa, 0xb0, 0x80, 0x40, 0x2,
    0x10, 0x0, 0x36, 0x0, 0x28, 0x80, 0x2c, 0x3,
    0xc6, 0x1, 0xf8, 0xc0, 0xc, 0xa, 0x60, 0x8,
    0x0, 0x48, 0x0, 0xc8, 0x3, 0xd6, 0x42, 0x3c,
    0x4e, 0x20, 0x3, 0x0, 0x78, 0x4, 0x60, 0x80,
    0x8, 0x0, 0x98, 0x2, 0x6d, 0xee, 0xed, 0x80,
    0x0, 0x88, 0x0, 0x68, 0xbe, 0x61, 0x1d, 0x8,
    0x1, 0x11, 0x80, 0x7f, 0xf0, 0x58, 0x3, 0x5d,
    0x8, 0x4, 0x2e, 0x1, 0xda, 0xc2, 0x1, 0xfc,
    0x4f, 0x0, 0x1f, 0x80,

    /* U+6027 "性" */
    0x0, 0xff, 0xec, 0xf7, 0xf9, 0x80, 0x3f, 0xee,
    0xe9, 0x40, 0x3f, 0xfa, 0x2, 0x31, 0x80, 0x7f,
    0xf2, 0x47, 0xf6, 0xc0, 0x3f, 0xfa, 0xa, 0x4,
    0x80, 0x1f, 0xfd, 0x3, 0x0, 0x18, 0x7, 0xff,
    0x14, 0xc4, 0x3, 0x50, 0x80, 0x5a, 0x0, 0x50,
    0xf, 0xfe, 0x22, 0x67, 0x30, 0x4, 0x7e, 0x80,
    0x7, 0x0, 0x8c, 0xe0, 0xb, 0x8c, 0xfc, 0x20,
    0x1, 0x0, 0x10, 0x6, 0x1b, 0x81, 0x20, 0x3,
    0x66, 0x40, 0x13, 0xe6, 0x79, 0x80, 0x6, 0x0,
    0x70, 0xf, 0x2a, 0x0, 0x7f, 0xf2, 0x38, 0x0,
    0x40, 0x13, 0x10, 0x46, 0x0, 0x7f, 0xf2, 0x4,
    0x0, 0x20, 0x17, 0xe3, 0xab, 0x80, 0x1b, 0x32,
    0xb0, 0x9, 0xf3, 0x3c, 0xc0, 0x2, 0x1, 0x0,
    0xe1, 0x83, 0x10, 0x5, 0x19, 0xc8, 0x1, 0x71,
    0x9f, 0x84, 0x0, 0xe0, 0x40, 0x1f, 0x58, 0x0,
    0x4c, 0x3, 0xff, 0x8a, 0x60, 0xc0, 0x1f, 0x30,
    0x1, 0x80, 0x3f, 0xf8, 0xa2, 0x0, 0x20, 0xf,
    0xa9, 0x86, 0xc0, 0x3f, 0xf8, 0xa4, 0x0, 0xe0,
    0xf, 0x92, 0x78, 0xc0, 0x3f, 0xf8, 0xaa, 0x0,
    0x20, 0xf, 0xc9, 0xdd, 0xf0, 0x5, 0x3d, 0xdd,
    0xa0, 0x4, 0x75, 0x50, 0x7, 0xe1, 0x1f, 0xc0,
    0x18, 0x47, 0x8c, 0x0, 0x51, 0x42, 0x1, 0xff,
    0xdc, 0x49, 0x9f, 0x80, 0x25, 0x99, 0xeb, 0x0,
    0xff, 0xe1, 0xb, 0x37, 0xc0, 0x16, 0x33, 0x72,
    0x80, 0x7f, 0xff, 0xc0, 0x3f, 0xff, 0xe0, 0x1f,
    0xfc, 0xb5, 0x5f, 0xe0, 0xb, 0xd5, 0x7e, 0x0,
    0xff, 0x86, 0xab, 0xf8, 0x2, 0x6a, 0xaf, 0x84,
    0x3, 0xff, 0xfc, 0x3f, 0xff, 0xfc, 0x81,

    /* U+603B "总" */
    0x0, 0xff, 0x8, 0x7, 0xff, 0x45, 0xfb, 0x40,
    0x3f, 0x9b, 0xa0, 0x40, 0x3f, 0xf8, 0x73, 0x2,
    0x6e, 0x1, 0xf0, 0xc8, 0xbf, 0x80, 0x7f, 0xf0,
    0xe4, 0x40, 0x10, 0x60, 0x1e, 0xa0, 0xa, 0x0,
    0x3f, 0xf8, 0x94, 0x1, 0x70, 0x7, 0x32, 0x0,
    0x11, 0x80, 0x3f, 0xf8, 0x88, 0xa0, 0x7, 0x10,
    0x8, 0x64, 0x0, 0x34, 0x1, 0xff, 0xc1, 0xef,
    0xfc, 0xa0, 0x5, 0xef, 0xfb, 0x80, 0x21, 0xef,
    0xfc, 0xa0, 0x1f, 0xff, 0xf5, 0xcc, 0xff, 0xe1,
    0xd0, 0x7, 0xff, 0xc, 0x8c, 0xff, 0xf8, 0x6e,
    0x1, 0xff, 0xff, 0x0, 0xff, 0xfc, 0x3f, 0xff,
    0xff, 0xf, 0x40, 0x3f, 0xff, 0xe1, 0x99, 0xff,
    0x45, 0xe6, 0x7f, 0x90, 0x3, 0xf1, 0x19, 0xff,
    0x24, 0x71, 0x9f, 0xf8, 0x40, 0x3e, 0x12, 0x0,
    0xfc, 0xf0, 0xa, 0xc0, 0x1f, 0x12, 0x0, 0x7e,
    0x8d, 0xd2, 0x86, 0x7f, 0xa0, 0x18, 0x40, 0x12,
    0x40, 0x1c, 0xfb, 0x42, 0x1, 0xf3, 0x81, 0x18,
    0x8, 0x0, 0x40, 0x74, 0x2, 0xf0, 0xc, 0x30,
    0x3, 0x0, 0x1e, 0x31, 0x0, 0x38, 0x7, 0xc6,
    0xe0, 0x2, 0x80, 0x8, 0x60, 0x0, 0xc6, 0x1,
    0xd6, 0x0, 0x31, 0x0, 0xfd, 0x6, 0x7, 0x41,
    0xb6, 0xea, 0x20, 0xf, 0x0, 0xe6, 0x0, 0x58,
    0x7, 0xfb, 0x9f, 0x8, 0x9, 0x20, 0x6c, 0x0,
    0x6c, 0x1, 0x20, 0x80, 0x14, 0x3, 0xfc, 0x50,
    0x1, 0xe1, 0x53, 0x0, 0x40, 0x5, 0xe0, 0x3,
    0x20, 0x0, 0x80, 0xc, 0x3, 0xf0, 0x80, 0x46,
    0x1e, 0x0, 0x18, 0x2, 0x40, 0x5, 0x0, 0x79,
    0x54, 0x67, 0xf4, 0x0, 0x42, 0x6, 0xa0, 0x4,
    0x0, 0x18, 0xb, 0x0, 0x4c, 0x1, 0x56, 0x67,
    0xcc, 0x0, 0x30, 0xa, 0xa, 0xb0, 0xb, 0x31,
    0x60, 0x1b, 0x80, 0x3f, 0xf8, 0x54, 0x1, 0x16,
    0xa8, 0x6, 0x35, 0x0, 0xc9, 0x26, 0x1, 0xfe,
    0x39, 0x60, 0xf, 0xc0,

    /* U+6062 "恢" */
    0x0, 0xff, 0xe1, 0x88, 0xc0, 0x1f, 0xfc, 0x7f,
    0xf8, 0x40, 0x3a, 0x3b, 0x94, 0x1, 0xff, 0xd3,
    0x10, 0xf, 0xfe, 0x80, 0x80, 0xc, 0x3, 0xff,
    0x9a, 0x23, 0x18, 0x4, 0x23, 0xff, 0xc1, 0x0,
    0xff, 0xe0, 0x77, 0x4a, 0x0, 0x6e, 0xef, 0xfe,
    0x8, 0x4, 0x86, 0x20, 0x11, 0x0, 0x7f, 0xf3,
    0x6f, 0x10, 0x2, 0xd5, 0x0, 0xff, 0xe5, 0x88,
    0x1, 0x80, 0x21, 0xa8, 0xff, 0x88, 0x1, 0x7f,
    0xff, 0xfc, 0x10, 0x1, 0x0, 0x8, 0x3, 0x9f,
    0x4, 0x8, 0x0, 0xe0, 0x1, 0x77, 0x30, 0x7,
    0xf3, 0x0, 0x4, 0x2, 0x50, 0x0, 0x8c, 0x1,
    0x8, 0x0, 0xa2, 0x16, 0x1, 0xfc, 0x40, 0x20,
    0x1a, 0xe4, 0x20, 0x8, 0x2, 0x20, 0xf, 0xfe,
    0x1f, 0x1, 0x0, 0x73, 0x62, 0x83, 0x0, 0x8,
    0x3, 0xfc, 0x48, 0x1, 0x88, 0x18, 0x3, 0xc6,
    0x0, 0xd0, 0x1, 0xc0, 0x7, 0xf4, 0x5e, 0x98,
    0x1, 0x80, 0x80, 0x3f, 0x90, 0x0, 0x2e, 0x40,
    0x1f, 0x12, 0x81, 0x10, 0x0, 0x41, 0xc0, 0x1f,
    0xc6, 0x1, 0xac, 0x1c, 0x0, 0x20, 0xb, 0x0,
    0x30, 0x81, 0x0, 0x8, 0x3, 0xf2, 0x80, 0x42,
    0xc, 0x20, 0x1c, 0x2c, 0x0, 0x80, 0x3, 0x0,
    0x14, 0x3, 0xf7, 0x80, 0x15, 0x80, 0x12, 0x40,
    0x1, 0xb, 0x0, 0x30, 0x80, 0x1d, 0x4c, 0x40,
    0x3e, 0x15, 0x0, 0x7c, 0x80, 0x1b, 0xc0, 0x4,
    0x6a, 0x0, 0x80, 0x8, 0xeb, 0x0, 0x3f, 0x38,
    0x4, 0xa2, 0xa0, 0x2c, 0x1, 0x40, 0x1, 0xc4,
    0x3, 0xff, 0x85, 0x60, 0x6, 0x0, 0x4a, 0xe0,
    0x6, 0x2c, 0x58, 0x0, 0xff, 0xe1, 0x31, 0x0,
    0x2c, 0x0, 0x74, 0xa0, 0x19, 0x8e, 0x80, 0x3f,
    0xf8, 0x70, 0x0, 0x42, 0x0, 0xd6, 0x1, 0xcc,
    0x1, 0xff, 0xc3, 0x71, 0x0, 0x48, 0x6, 0x62,
    0x0, 0x50, 0x2, 0x4, 0x3, 0xff, 0x82, 0xb0,
    0x0, 0x52, 0x0, 0x8a, 0x40, 0xe, 0xa4, 0x3,
    0x60, 0x1f, 0xfc, 0x19, 0x0, 0xa0, 0x2, 0x1f,
    0x0, 0xc, 0x4, 0x0, 0x15, 0x80, 0x3f, 0xf8,
    0x8, 0x0, 0x82, 0x0, 0xe, 0x90, 0x3, 0x40,
    0xa, 0x80, 0x9, 0x40, 0xf, 0xfa, 0x2c, 0xdc,
    0x0, 0x78, 0x60, 0x9, 0x30, 0xa, 0x40, 0x2b,
    0x50, 0xf, 0xf9, 0x30, 0x0, 0xd8, 0x40, 0x7,
    0x60, 0xc, 0x54, 0x1, 0x54, 0x0, 0x7f, 0xf0,
    0x6e, 0x40, 0x28, 0x80, 0x7, 0x96, 0x40, 0x27,
    0x20, 0xf, 0xfe, 0x7, 0x0, 0x54, 0xe0, 0x1f,
    0x9a, 0x40, 0x14, 0x40, 0x1f, 0xfc, 0x5, 0x72,
    0xc5, 0x0, 0xff, 0x35, 0xba, 0x80, 0x7b, 0xfe,
    0x10, 0xd, 0x1a, 0x60, 0x1f, 0xfc, 0x4, 0x80,
    0x0,

    /* U+610F "意" */
    0x0, 0xff, 0xf0, 0x95, 0x6f, 0xd0, 0x7, 0xff,
    0x3c, 0x90, 0x81, 0x44, 0x3, 0xff, 0x86, 0x2a,
    0xbf, 0xfc, 0x0, 0xa, 0x15, 0x7f, 0xc2, 0x1,
    0x8a, 0xab, 0xfe, 0x40, 0x9, 0xaa, 0xbf, 0xca,
    0x1, 0xff, 0xd8, 0x3e, 0xee, 0x90, 0xb, 0x7b,
    0xbd, 0x60, 0x15, 0xf7, 0x72, 0x0, 0x70, 0x8f,
    0x30, 0x4, 0xe2, 0x3e, 0xc0, 0x1, 0x20, 0x8f,
    0x0, 0x62, 0x33, 0xfc, 0x0, 0xe3, 0x3f, 0x28,
    0x1, 0xc, 0xfe, 0x20, 0x6, 0xe6, 0x7c, 0x60,
    0x4, 0xcc, 0xf1, 0x0, 0x1b, 0x33, 0xed, 0x0,
    0xff, 0xeb, 0x5d, 0xff, 0xf4, 0x80, 0x8, 0x92,
    0xb3, 0x7f, 0xf2, 0x91, 0x30, 0x7, 0x36, 0xef,
    0xff, 0x29, 0x80, 0x3f, 0xfb, 0xe5, 0xdd, 0xff,
    0xc4, 0x20, 0xf, 0xfe, 0x18, 0x8f, 0xff, 0x10,
    0x3, 0xff, 0x86, 0x5f, 0xff, 0xfc, 0x42, 0x0,
    0xff, 0xf1, 0x17, 0xff, 0xff, 0x10, 0x80, 0x3f,
    0xf8, 0x6a, 0xbf, 0xfc, 0x43, 0x0, 0xff, 0xe1,
    0x15, 0x57, 0xff, 0x10, 0x40, 0x3f, 0xfb, 0xe7,
    0x9f, 0xff, 0xb4, 0x45, 0xbf, 0xff, 0xb9, 0x0,
    0x3f, 0x56, 0x60, 0xdb, 0x75, 0x80, 0xe, 0x11,
    0x61, 0x0, 0x79, 0xfb, 0xc0, 0x3e, 0x71, 0x3,
    0x1, 0x22, 0x80, 0x1a, 0x40, 0x38, 0x41, 0x90,
    0x85, 0x0, 0x52, 0x1, 0xc3, 0x0, 0x4, 0x30,
    0xf, 0xf, 0x88, 0x11, 0x81, 0xbd, 0x9c, 0x0,
    0x19, 0x0, 0x35, 0x0, 0x52, 0x1, 0xf8, 0xb5,
    0x30, 0x40, 0x30, 0xb9, 0x80, 0x28, 0x2, 0x64,
    0x0, 0x41, 0x0, 0x80, 0x4, 0x3, 0x1d, 0x80,
    0xc, 0x0, 0x20, 0xe, 0x0, 0xc, 0x80, 0x20,
    0x0, 0x6e, 0x0, 0x30, 0xb, 0x6a, 0xbe, 0xd0,
    0x1, 0x0, 0x9, 0xc0, 0xc, 0x21, 0xa4, 0x1c,
    0x1, 0x20, 0x4, 0x4a, 0xbf, 0x8, 0x2, 0x80,
    0x28, 0x22, 0x60, 0x81, 0xee, 0x10, 0x4, 0x36,
    0x60, 0x1f, 0xe2, 0x86, 0x0, 0xdf, 0xa6, 0x0,

    /* U+6210 "成" */
    0x0, 0xff, 0xf2, 0xc, 0x44, 0x1, 0x16, 0x98,
    0x7, 0xff, 0x28, 0xdd, 0xe1, 0x2, 0xc2, 0xc3,
    0x0, 0xff, 0xe4, 0x98, 0x4, 0x60, 0x22, 0x0,
    0x61, 0x80, 0x7f, 0xf2, 0x4, 0x2, 0x10, 0x3c,
    0x10, 0x6, 0x18, 0x7, 0xff, 0x20, 0x40, 0xe,
    0x0, 0x3d, 0x0, 0x8, 0x7, 0xc2, 0xab, 0xff,
    0xc1, 0x0, 0xb5, 0x56, 0x67, 0x6, 0x62, 0xa0,
    0x6, 0x4a, 0xaf, 0xfe, 0x8, 0x80, 0x1a, 0xab,
    0x38, 0x3d, 0x54, 0x1, 0xff, 0xdc, 0x11, 0xff,
    0x0, 0x61, 0x1f, 0xe3, 0x0, 0xf8, 0x7b, 0xbf,
    0xd0, 0x0, 0x4e, 0xef, 0xed, 0x0, 0xff, 0xe3,
    0x8, 0x1, 0x80, 0x38, 0xc0, 0x3f, 0xf9, 0x44,
    0x0, 0x30, 0xc, 0x59, 0xae, 0x1, 0xff, 0xc8,
    0x60, 0x0, 0x80, 0x6a, 0x2, 0x90, 0xf, 0xe1,
    0xff, 0xfc, 0x80, 0x40, 0x11, 0x0, 0x4c, 0x0,
    0x90, 0xf, 0xfe, 0x48, 0x80, 0x18, 0x0, 0xa2,
    0x0, 0x60, 0xf, 0xfe, 0x33, 0x80, 0x14, 0x0,
    0x60, 0x9, 0x0, 0x20, 0x80, 0x7f, 0xe, 0xee,
    0xc0, 0xf, 0x10, 0x3, 0x41, 0xc, 0x1, 0x0,
    0x1f, 0x18, 0x4, 0x45, 0xc0, 0x10, 0x80, 0x3c,
    0x0, 0xe1, 0x0, 0x3, 0x30, 0x7, 0xf8, 0xc0,
    0x31, 0x80, 0x46, 0x0, 0x50, 0x1, 0x31, 0x80,
    0x20, 0x3, 0xf0, 0x80, 0x4, 0x3, 0xf0, 0x80,
    0xc, 0x2, 0x90, 0x1, 0xa0, 0x7, 0xee, 0x0,
    0x38, 0x6, 0x10, 0xf, 0x8c, 0x3, 0xbc, 0x3,
    0xf8, 0xc0, 0x4, 0x1, 0x9c, 0x3, 0xe4, 0x0,
    0xcc, 0x60, 0x2, 0x50, 0xe, 0x70, 0x7, 0x0,
    0x61, 0x0, 0x8, 0x6, 0xe0, 0x8, 0xa4, 0x2,
    0x4a, 0xf6, 0x0, 0x88, 0x0, 0x40, 0x18, 0x80,
    0x4, 0x1, 0x1c, 0x80, 0x4a, 0x1, 0xbc, 0x0,
    0x60, 0x3, 0x0, 0x99, 0xb4, 0x40, 0x0, 0xc0,
    0x3, 0xd0, 0xc, 0xe2, 0x1, 0x28, 0x1, 0xc0,
    0x16, 0x0, 0x12, 0x99, 0x9c, 0x2, 0xf0, 0x4c,
    0x10, 0xe, 0x80, 0x8, 0xc0, 0x4, 0x0, 0x50,
    0x2, 0x8, 0x80, 0x38, 0xd5, 0x56, 0x1, 0x43,
    0x0, 0x19, 0x80, 0xa0, 0x4, 0x0, 0x19, 0x0,
    0x3c, 0x1c, 0x88, 0x69, 0x19, 0x14, 0x1, 0x4b,
    0xc0, 0x80, 0x26, 0xec, 0x0, 0xc0, 0x4, 0x0,
    0x4a, 0x13, 0xba, 0xcb, 0x73, 0x70, 0xa, 0x98,
    0x7, 0x40, 0x24, 0x10, 0x3, 0x1, 0x20, 0x1,
    0x80, 0x3f, 0x1e, 0x0, 0xe2, 0x80, 0x47, 0x20,
    0x1c, 0xe2, 0x5, 0x8c, 0x16, 0x1, 0xfc, 0x79,
    0xe6, 0x1, 0xcd, 0x66, 0x5, 0x10, 0x0, 0x8e,
    0x7c, 0x80, 0x3f, 0xc6, 0x20, 0x1f, 0x26, 0x7e,
    0xb8, 0x4,

    /* U+6240 "所" */
    0x0, 0xff, 0xe0, 0x98, 0x7, 0xff, 0x4, 0x54,
    0x3, 0xfc, 0x28, 0xf5, 0xd8, 0x80, 0x1f, 0xc8,
    0xf7, 0xd4, 0x40, 0x19, 0x5e, 0x6f, 0xb9, 0x70,
    0xa2, 0x6, 0x1, 0x12, 0x3d, 0x6f, 0xdc, 0x20,
    0x1, 0x0, 0x35, 0xc3, 0x20, 0x80, 0x7b, 0x3,
    0x7f, 0x6e, 0x14, 0x80, 0x3d, 0xa0, 0x1f, 0xfc,
    0x1, 0x59, 0x90, 0x18, 0x7, 0xf1, 0x35, 0xd8,
    0x3, 0xe3, 0x68, 0xbe, 0xe5, 0x31, 0x0, 0x78,
    0x51, 0xeb, 0xb6, 0x50, 0x3, 0xf4, 0x4b, 0xa0,
    0x80, 0x7e, 0xaf, 0xeb, 0x85, 0x10, 0xf, 0xfe,
    0x63, 0x0, 0x7f, 0xf9, 0x3e, 0xab, 0xc4, 0x1,
    0xff, 0xcb, 0x45, 0x5f, 0x8, 0x7, 0xff, 0x61,
    0x15, 0x7f, 0xc8, 0x1, 0xe5, 0x77, 0x80, 0x3f,
    0xa2, 0xab, 0xfe, 0x0, 0xf7, 0x44, 0x42, 0x1,
    0xff, 0xd8, 0x10, 0xf, 0xfe, 0x9, 0x80, 0x7f,
    0xf1, 0xf3, 0xfe, 0xa0, 0xb, 0xfe, 0xd0, 0xf,
    0xfe, 0x38, 0x80, 0x7f, 0xf0, 0x84, 0x0, 0x24,
    0x50, 0x7, 0xff, 0x3e, 0xb7, 0x61, 0x0, 0xc4,
    0x1, 0x18, 0x7, 0xff, 0x38, 0x40, 0x21, 0x0,
    0xff, 0xe7, 0x28, 0x0, 0x80, 0x3f, 0xf8, 0x44,
    0x1, 0x67, 0x77, 0x8c, 0x3c, 0x0, 0xc0, 0x1f,
    0xfc, 0x26, 0x0, 0x8c, 0x47, 0xc0, 0x4, 0x0,
    0x18, 0x7, 0xff, 0x8, 0x80, 0x2, 0x1, 0xf8,
    0x88, 0x0, 0xc0, 0xf, 0xfe, 0x17, 0x80, 0x8,
    0x3, 0xf5, 0x0, 0x48, 0x1, 0xff, 0xc2, 0x40,
    0x2, 0x80, 0x7c, 0x2e, 0x0, 0x50, 0xf, 0xfe,
    0x11, 0x90, 0x3, 0x0, 0x3e, 0x80, 0xb, 0x80,
    0x3f, 0xf8, 0x54, 0x1, 0x20, 0x7, 0x8d, 0x80,
    0x6, 0x80, 0x1f, 0xfc, 0x11, 0x60, 0x2, 0x8,
    0x7, 0xb8, 0x2, 0x80, 0xf, 0xfe, 0x13, 0x0,
    0x5e, 0x1, 0xe2, 0x30, 0x2, 0x20, 0x3, 0xff,
    0x84, 0xf0, 0x24, 0x80, 0x1e, 0x2c, 0x20, 0xa0,
    0xf, 0xfe, 0x23, 0xff, 0x0, 0x7e, 0x2c, 0xb1,
    0x0, 0xf9, 0x7f, 0xe0, 0xc,

    /* U+624B "手" */
    0x0, 0xff, 0xe3, 0x89, 0x22, 0xbc, 0x56, 0x30,
    0x7, 0xe1, 0x23, 0x45, 0x67, 0x89, 0xac, 0xde,
    0xfe, 0xdb, 0xa8, 0x75, 0x3f, 0x0, 0xef, 0xfb,
    0xb7, 0x2e, 0xa6, 0x1d, 0x94, 0xc8, 0x40, 0x3f,
    0x94, 0x3, 0xff, 0x9c, 0x24, 0x8d, 0x60, 0x1c,
    0x20, 0x1f, 0x9, 0x19, 0x0, 0x4d, 0x57, 0x9d,
    0xfd, 0xb7, 0x2e, 0x1, 0xd5, 0x76, 0xcd, 0xef,
    0xf7, 0x6e, 0x40, 0x5, 0xaa, 0x86, 0x20, 0x1f,
    0xf2, 0x24, 0x64, 0x20, 0x1f, 0xff, 0xf0, 0xf,
    0xfe, 0x2, 0x33, 0x7f, 0xb0, 0x2, 0xd6, 0x6f,
    0xe5, 0x0, 0xee, 0x99, 0xff, 0x30, 0x4, 0xd3,
    0x3f, 0xd0, 0x1, 0xff, 0xf1, 0x10, 0xe, 0xaf,
    0xff, 0xf5, 0x0, 0x57, 0xff, 0xfd, 0x80, 0x1f,
    0xff, 0xf0, 0xf, 0xfe, 0x4b, 0x37, 0xff, 0x7,
    0x0, 0x2c, 0x66, 0xff, 0xe0, 0x4, 0xcf, 0xff,
    0x5, 0x80, 0x27, 0x99, 0xff, 0xe0, 0x10, 0x7,
    0xff, 0xcb, 0xff, 0xff, 0x83, 0x40, 0x15, 0xff,
    0xff, 0xf0, 0x8, 0x3, 0xff, 0xfe, 0x1, 0xff,
    0xd3, 0x20, 0xf, 0xfe, 0x63, 0xbf, 0x44, 0x80,
    0x4e, 0x1, 0xff, 0xc8, 0x98, 0x8c, 0xe2, 0x1,
    0x10, 0x7, 0xff, 0x21, 0x40, 0x3f, 0x20, 0x80,
    0x7f, 0xf2, 0x30, 0x3, 0xc4, 0xf4, 0x1, 0xff,
    0xc2,

    /* U+624D "才" */
    0x0, 0xff, 0xe3, 0x96, 0xec, 0xa0, 0x1f, 0xfc,
    0xe1, 0x22, 0x8c, 0x3, 0xff, 0xfe, 0x1, 0xff,
    0xee, 0xff, 0xff, 0xe2, 0xe0, 0x5, 0x3f, 0xfe,
    0x90, 0xf, 0xfe, 0x91, 0x80, 0x7f, 0xf5, 0x59,
    0xbf, 0xf8, 0x60, 0x1e, 0x46, 0x6f, 0x78, 0x2,
    0x67, 0xff, 0x84, 0x1, 0xf6, 0xcc, 0xf9, 0x40,
    0x3f, 0xf8, 0x66, 0xc0, 0x1, 0x0, 0xff, 0xe6,
    0x8f, 0x0, 0x50, 0x1, 0xff, 0xcd, 0xa2, 0x0,
    0x42, 0x80, 0x7f, 0xf3, 0x21, 0x0, 0x6, 0xe0,
    0x1f, 0xfc, 0xc6, 0x70, 0x0, 0xe8, 0x7, 0xff,
    0x31, 0x64, 0x2, 0xa1, 0x0, 0xff, 0xe5, 0xad,
    0x0, 0x52, 0x80, 0x1f, 0xfc, 0xb6, 0xa0, 0x9,
    0xd8, 0x3, 0xff, 0x97, 0x12, 0x1, 0x34, 0x0,
    0x7f, 0xf2, 0x86, 0xdc, 0x2, 0x69, 0x0, 0xff,
    0xe5, 0x1e, 0x20, 0x4, 0xf2, 0x1, 0xff, 0xca,
    0x7c, 0x20, 0xa, 0x20, 0x1, 0xff, 0xc9, 0x2c,
    0x80, 0xd, 0x6e, 0x1, 0xff, 0xc9, 0x8d, 0x30,
    0x8, 0xb5, 0x0, 0x3f, 0xf9, 0x4a, 0x1, 0x9b,
    0x48, 0x3, 0xfc, 0xe0, 0x1f, 0xfc, 0xe, 0x0,
    0xd, 0xc8, 0x7, 0xff, 0x0, 0xc0, 0x23, 0x0,
    0xfc, 0x6a, 0xdc, 0x80, 0x1e, 0xaa, 0xeb, 0xc8,
    0x0, 0x84, 0x3, 0xfa, 0xa4, 0x3, 0xf3, 0x2a,
    0xe4, 0x30, 0xc, 0xa0, 0x1f, 0xfc, 0x74, 0x0,
    0xfe, 0x61, 0x0, 0xff, 0xe3, 0xe8, 0x7, 0x84,
    0xe6, 0x40, 0x1f, 0x80,

    /* U+6253 "打" */
    0x0, 0xe4, 0xcc, 0x80, 0x3f, 0xf9, 0xe4, 0x67,
    0x8, 0x7, 0xff, 0x5e, 0xef, 0xff, 0x89, 0x40,
    0x1f, 0xfc, 0x24, 0x4f, 0xfe, 0x28, 0x7, 0xff,
    0x85, 0x13, 0xf0, 0x4, 0x48, 0x9c, 0x19, 0xff,
    0x48, 0x5, 0xdf, 0xf0, 0xdd, 0xfe, 0x0, 0x96,
    0xef, 0x50, 0x8, 0x7, 0xff, 0xc6, 0x67, 0x30,
    0x5, 0x33, 0x84, 0x3, 0xff, 0x8c, 0x8c, 0xd7,
    0x80, 0x4e, 0xcd, 0x0, 0x7f, 0xff, 0xc0, 0x3f,
    0xf8, 0xa8, 0x1, 0xff, 0xcf, 0x49, 0xeb, 0x30,
    0xf, 0xfe, 0x75, 0x30, 0x83, 0x80, 0x7f, 0xf1,
    0xce, 0x32, 0x40, 0x3e, 0x20, 0xf, 0xfe, 0x2a,
    0x7e, 0x39, 0x80, 0x71, 0x3e, 0x30, 0x7, 0xff,
    0x15, 0xc0, 0x3f, 0x6e, 0xa0, 0xc0, 0x3f, 0xf8,
    0xc6, 0x1, 0x22, 0x80, 0x46, 0x1, 0xff, 0xca,
    0x7a, 0xfb, 0xc0, 0xf, 0xfe, 0x74, 0x28, 0x7,
    0xff, 0xfc, 0x3, 0xff, 0xfe, 0x1, 0xff, 0xcb,
    0x30, 0xf, 0xf3, 0xbe, 0x80, 0x8, 0x40, 0x38,
    0x9d, 0xf4, 0x70, 0x5, 0xe0, 0x1e, 0x98, 0x88,
    0x40, 0x3f, 0x9a, 0x23, 0x39, 0x0, 0x46, 0x1,
    0xe5, 0x0, 0xf2, 0x80, 0x79, 0x40, 0x3f, 0x1a,
    0x0, 0x78, 0xc0, 0x31, 0x35, 0x80, 0x78, 0x48,
    0x3, 0x89, 0xf4, 0x3, 0xc0,

    /* U+6267 "执" */
    0x0, 0xc7, 0x32, 0x80, 0xf, 0x93, 0x31, 0x60,
    0x1f, 0xfc, 0x56, 0x6c, 0x1, 0xf0, 0x99, 0x90,
    0x3, 0xff, 0xa6, 0x20, 0x1f, 0xfd, 0x3, 0x0,
    0xff, 0xf2, 0x88, 0xc6, 0x1, 0x8, 0xc0, 0x1f,
    0xfc, 0xaf, 0xee, 0x48, 0x0, 0x7b, 0xa1, 0xaf,
    0xf4, 0x80, 0x7, 0xff, 0xe2, 0x0, 0xff, 0xe2,
    0x88, 0x7, 0xff, 0xa3, 0xfb, 0x92, 0x0, 0x1e,
    0xe8, 0x62, 0xa8, 0xc0, 0x1, 0xaa, 0xc0, 0x1f,
    0xe1, 0x18, 0xc0, 0x21, 0x18, 0xd, 0x55, 0xc0,
    0x2, 0x55, 0xc0, 0x1f, 0xfe, 0x61, 0x50, 0xd,
    0xe0, 0x7, 0x0, 0xff, 0xe4, 0xcf, 0x58, 0x8,
    0x0, 0x40, 0x3f, 0xf9, 0x62, 0xc0, 0x21, 0xba,
    0x43, 0x0, 0x8, 0x7, 0xff, 0xc, 0x5e, 0x0,
    0x3c, 0xe6, 0x56, 0xa0, 0x3, 0x0, 0xff, 0xe0,
    0x8d, 0x74, 0x10, 0x4, 0x2f, 0xba, 0x0, 0xf7,
    0x0, 0x61, 0x0, 0xfc, 0x4a, 0x1, 0xc3, 0xd0,
    0x55, 0x22, 0x1, 0xa1, 0xc0, 0x3f, 0xf8, 0x4,
    0x1, 0x8, 0x7, 0xcd, 0xcc, 0x1, 0xa3, 0x50,
    0x3, 0xfc, 0x22, 0x5c, 0xb0, 0xf, 0xee, 0x0,
    0xe2, 0xb9, 0x30, 0xf, 0xef, 0xa3, 0x0, 0xff,
    0x60, 0x0, 0x48, 0x3, 0xe1, 0x0, 0xf0, 0x80,
    0x7f, 0xf0, 0x10, 0x0, 0x9a, 0xe0, 0xb, 0x10,
    0xf, 0xfe, 0x4b, 0x0, 0x5e, 0x11, 0x8e, 0x40,
    0x13, 0x82, 0x41, 0x0, 0x7f, 0xf0, 0xac, 0x2,
    0x50, 0x1, 0xc0, 0x38, 0x0, 0x40, 0xdf, 0x0,
    0x3f, 0xf8, 0x2c, 0x40, 0x7, 0x0, 0xf0, 0x80,
    0xc, 0x34, 0x8, 0x3, 0xff, 0x80, 0x30, 0x1,
    0x48, 0x7, 0x88, 0x1, 0xc0, 0xc0, 0xa0, 0x1f,
    0xfc, 0xa, 0x10, 0x3, 0x88, 0x7, 0xb8, 0x0,
    0x60, 0x61, 0x80, 0x5, 0x53, 0x48, 0x0, 0xc0,
    0x10, 0x80, 0x2, 0x80, 0xf, 0x94, 0x0, 0x96,
    0x0, 0x40, 0x5, 0x52, 0x4c, 0x0, 0x20, 0xce,
    0x1, 0x70, 0x7, 0xe3, 0x10, 0x2, 0x1, 0x8,
    0x0, 0x80, 0x39, 0x42, 0xc0, 0x29, 0x30, 0xf,
    0xe9, 0x0, 0xd0, 0x1, 0x38, 0x4, 0x2d, 0x21,
    0xb0, 0xc, 0xc0, 0xf, 0xf3, 0xb0, 0xc, 0x28,
    0x5, 0x5f, 0xf7, 0x48, 0x4, 0xfd, 0x20, 0x1f,
    0xfc, 0x9, 0xfe, 0x70, 0x8,

    /* U+62A4 "护" */
    0x0, 0xc2, 0xef, 0x0, 0x7f, 0x89, 0xeb, 0x88,
    0x3, 0xfe, 0x28, 0x88, 0x40, 0x3f, 0x86, 0x14,
    0x6c, 0x3, 0xff, 0x9a, 0x64, 0x0, 0x70, 0xf,
    0xfe, 0x75, 0x0, 0x5, 0x40, 0x3f, 0xf8, 0xf3,
    0x3e, 0xd0, 0xa, 0x26, 0x7a, 0x0, 0x3f, 0xf8,
    0x2c, 0xde, 0x50, 0x8, 0x99, 0xbc, 0x1d, 0xfe,
    0xc0, 0xb, 0xbf, 0xce, 0x1, 0xff, 0xd1, 0xf0,
    0xc, 0x6a, 0xbf, 0xc6, 0x1, 0xff, 0xc7, 0x9a,
    0xaf, 0xeb, 0x0, 0xd5, 0x76, 0x90, 0xa, 0xae,
    0xd4, 0x1, 0xff, 0xc7, 0x44, 0x94, 0x2, 0x44,
    0x88, 0x3, 0xff, 0xfe, 0x1, 0xff, 0xc0, 0x3a,
    0x50, 0xf, 0xfe, 0x76, 0x61, 0x74, 0x3, 0x6a,
    0x27, 0xf7, 0x0, 0x7c, 0xa0, 0x11, 0x0, 0x8,
    0x3, 0x3d, 0xdf, 0xf3, 0x0, 0x64, 0x9e, 0x90,
    0xe, 0x1c, 0x0, 0xff, 0xe3, 0x35, 0xb0, 0x80,
    0x65, 0xbe, 0x60, 0xf, 0xfe, 0x29, 0xa8, 0x7,
    0xd6, 0x80, 0x1, 0x0, 0xb3, 0xff, 0xff, 0x81,
    0xa6, 0x5, 0x16, 0x1, 0xf1, 0x80, 0x44, 0x1,
    0xff, 0xc2, 0xdd, 0x3b, 0x80, 0x3e, 0x60, 0x8,
    0x40, 0x3f, 0xf8, 0x44, 0x1, 0xfe, 0x30, 0x0,
    0x80, 0x7f, 0xf3, 0xb8, 0x0, 0x40, 0x1f, 0xfc,
    0xe4, 0x0, 0x28, 0x7, 0xff, 0x34, 0xc8, 0x1,
    0x80, 0x1f, 0xfc, 0xda, 0x0, 0x90, 0x3, 0xff,
    0x98, 0x2c, 0x0, 0x41, 0x0, 0xff, 0xe1, 0xab,
    0x33, 0xc0, 0x3a, 0x0, 0x2f, 0x0, 0xff, 0xe2,
    0x74, 0xc8, 0xc0, 0x21, 0x46, 0x0, 0x1a, 0x0,
    0x7f, 0xf1, 0xc, 0x3, 0x8c, 0x3c, 0x2, 0x80,
    0xf, 0xfe, 0x2e, 0x80, 0x42, 0xbc, 0x16, 0xe0,
    0xa8, 0x1, 0xff, 0xc5, 0x5f, 0xfb, 0xa8, 0x80,
    0x11, 0x96, 0x1, 0xff, 0xc5,

    /* U+62D4 "拔" */
    0x0, 0xff, 0xec, 0xb, 0x34, 0x1, 0xf2, 0xcc,
    0x98, 0x3, 0x3d, 0x0, 0x7f, 0xc5, 0x32, 0x80,
    0xf, 0xb1, 0x99, 0x80, 0x14, 0xc2, 0xd0, 0x7,
    0xff, 0x24, 0xc0, 0x3d, 0x80, 0x5, 0xa0, 0xf,
    0xfe, 0x40, 0x80, 0xc, 0x2, 0x59, 0x0, 0x2c,
    0x80, 0x7f, 0xf1, 0xdc, 0x0, 0x20, 0x19, 0x9c,
    0x0, 0x20, 0x1e, 0x11, 0x38, 0x4, 0x23, 0x3,
    0xbc, 0x40, 0x3, 0x77, 0xef, 0x13, 0xf7, 0x78,
    0x0, 0xfd, 0xcb, 0x0, 0xf, 0x73, 0xc2, 0x22,
    0x10, 0x2, 0x44, 0x78, 0x4e, 0x23, 0x0, 0x7f,
    0xf8, 0x4c, 0xe0, 0x8, 0x8c, 0xff, 0xf8, 0x0,
    0x6, 0xdd, 0x50, 0x0, 0x77, 0x58, 0x19, 0x8e,
    0x0, 0xbf, 0x33, 0xff, 0x80, 0x0, 0x12, 0x23,
    0x0, 0x44, 0x50, 0x4, 0xc0, 0x11, 0x80, 0x7f,
    0xf3, 0xc8, 0x2, 0x10, 0xf, 0xfe, 0x7f, 0x0,
    0x5d, 0xdf, 0xec, 0x0, 0xff, 0x85, 0xf0, 0x2,
    0x30, 0x8, 0x47, 0xfe, 0x0, 0xff, 0xf, 0x41,
    0x80, 0x4c, 0x1, 0xff, 0xc8, 0x49, 0x0, 0xfc,
    0x24, 0x1, 0x2f, 0x77, 0x94, 0x0, 0x20, 0x10,
    0xc7, 0x5a, 0x80, 0x72, 0x80, 0x10, 0x3, 0x28,
    0x8, 0xf2, 0x80, 0x2c, 0x2, 0x37, 0x10, 0xe,
    0x8e, 0xa0, 0x6, 0x0, 0x74, 0x80, 0x66, 0x0,
    0x98, 0x2, 0x20, 0xf, 0xb, 0x88, 0x4, 0xe0,
    0x4, 0x0, 0x38, 0x80, 0x56, 0x0, 0x51, 0x0,
    0xc6, 0x95, 0x60, 0x1f, 0x18, 0x80, 0x21, 0x0,
    0x10, 0x0, 0x62, 0x0, 0x48, 0x7, 0x65, 0xab,
    0x80, 0x7d, 0x20, 0x2, 0x38, 0x0, 0x31, 0x8c,
    0x0, 0x10, 0xc0, 0x3f, 0xf8, 0x62, 0xa0, 0x5,
    0x3, 0x40, 0x6, 0xd0, 0x80, 0x24, 0x3, 0xff,
    0x89, 0x20, 0x14, 0x80, 0x28, 0x40, 0x50, 0x0,
    0xe4, 0x1, 0xff, 0xc3, 0x17, 0x0, 0x28, 0x80,
    0x6, 0x0, 0x31, 0xc0, 0x7, 0xff, 0x12, 0x0,
    0x29, 0x0, 0xdc, 0x1, 0x84, 0x80, 0x3f, 0xf8,
    0x64, 0xc0, 0x4, 0x30, 0x0, 0xdb, 0x80, 0x62,
    0xd6, 0x0, 0xfe, 0x70, 0xd, 0xc0, 0x14, 0x0,
    0x13, 0xd0, 0x0, 0x48, 0x1, 0x4e, 0x18, 0x6,
    0x55, 0x34, 0x0, 0xd, 0x8c, 0x0, 0xa6, 0x35,
    0x62, 0x0, 0x4c, 0xb7, 0x0, 0x8f, 0x28, 0x80,
    0x11, 0x52, 0x60, 0x6, 0x42, 0x1, 0x88, 0x72,
    0x80, 0x51, 0x62, 0x11, 0x62, 0x1, 0x2e, 0x88,
    0x38, 0x7, 0x71, 0x61, 0xc1, 0xb0, 0x4, 0x7a,
    0xe0, 0x19, 0x3d, 0x40, 0x26, 0x10, 0xd0, 0x8,
    0xa5, 0x40, 0x71, 0x86, 0xc0, 0x13, 0x84, 0x1,
    0xe1, 0xab, 0x30, 0x80, 0x3, 0xff, 0xda, 0xc0,
    0x1e, 0x59, 0xe6, 0x0, 0xff, 0x26, 0x68, 0x80,

    /* U+6301 "持" */
    0x0, 0xc7, 0x98, 0xb0, 0xf, 0xf9, 0xf3, 0x10,
    0x1, 0xff, 0xc1, 0x73, 0x32, 0x80, 0x7f, 0xdc,
    0x67, 0x0, 0x7f, 0xff, 0xc0, 0x3f, 0xc3, 0xdd,
    0xe6, 0x0, 0x27, 0x77, 0xa8, 0x3, 0xff, 0x86,
    0x23, 0xe0, 0xc, 0x23, 0xe6, 0x0, 0xaf, 0xfd,
    0x60, 0x1, 0xff, 0x84, 0x3, 0xff, 0xa8, 0x37,
    0x7e, 0x40, 0x1, 0xdd, 0xfb, 0xc0, 0x3f, 0xf8,
    0x68, 0x9e, 0x20, 0x3, 0xa2, 0x78, 0xc0, 0x2a,
    0xdd, 0x48, 0x0, 0x77, 0x61, 0x0, 0xff, 0xe4,
    0x89, 0x14, 0x1, 0x11, 0x48, 0x9f, 0x88, 0x0,
    0xe8, 0x9f, 0x84, 0x3, 0xfe, 0xbb, 0xfc, 0x80,
    0x3, 0xbb, 0xfc, 0x80, 0x1f, 0xfd, 0xe1, 0x0,
    0xff, 0xe4, 0x8, 0x7, 0xc3, 0x1d, 0x7f, 0xff,
    0xfc, 0xb, 0x0, 0xbf, 0xf2, 0x0, 0x63, 0x0,
    0x9c, 0x58, 0x3, 0xff, 0x92, 0x2d, 0x5f, 0x0,
    0x1c, 0x40, 0x1f, 0xfc, 0x99, 0x92, 0x80, 0x71,
    0x3e, 0xc7, 0xff, 0xfd, 0x60, 0x17, 0xfe, 0xd,
    0x0, 0xf0, 0xec, 0x18, 0x7, 0xff, 0x25, 0xc0,
    0x9e, 0x0, 0x3f, 0xf9, 0xe5, 0x9b, 0x6, 0x1,
    0xe9, 0xcc, 0x3b, 0xb3, 0x3e, 0x80, 0xa, 0xf3,
    0x20, 0x1, 0x80, 0x7f, 0x9, 0xb3, 0xbc, 0x67,
    0xf0, 0x4, 0x86, 0x70, 0x7, 0xff, 0x4, 0x68,
    0x1, 0x66, 0x1, 0xff, 0xce, 0x1b, 0x0, 0xb0,
    0xc0, 0x3f, 0xf9, 0xc9, 0x20, 0x16, 0x90, 0x7,
    0xff, 0x39, 0x9c, 0x0, 0x66, 0x0, 0xff, 0xe2,
    0x8, 0x7, 0xfa, 0x18, 0xb0, 0x40, 0x22, 0x0,
    0xfe, 0x33, 0x27, 0x0, 0x7f, 0xd3, 0xea, 0x89,
    0x2d, 0x80, 0x7f, 0x76, 0x5a, 0x0, 0xc, 0x3,
    0xfd, 0x77, 0xa8, 0x80, 0x4, 0x1, 0xe7, 0x0,
    0xe5, 0x0, 0xfe, 0x20, 0xf, 0xca, 0x1, 0xed,
    0x0, 0x85, 0xa0, 0x3, 0xfc, 0x60, 0x1c, 0x4f,
    0x0, 0x1e, 0x7f, 0xfb, 0xa4, 0x3, 0xfe, 0xce,
    0xeb, 0xfd, 0xb0, 0x1, 0xe0,

    /* U+6307 "指" */
    0x0, 0xc7, 0x54, 0x80, 0xc, 0x51, 0x7, 0x0,
    0xff, 0xe3, 0xb2, 0xac, 0x1, 0x9d, 0xe9, 0x0,
    0xff, 0xb, 0x10, 0x7, 0xff, 0x34, 0x9f, 0x3a,
    0x54, 0x3, 0xff, 0x94, 0x91, 0xba, 0x83, 0x0,
    0x58, 0x7, 0xff, 0x19, 0x22, 0xfe, 0xdc, 0x80,
    0x39, 0x80, 0x3f, 0xf8, 0xa3, 0x6e, 0x80, 0x1c,
    0x4d, 0x7f, 0x40, 0x16, 0x7f, 0xa8, 0x0, 0x5f,
    0xf0, 0x80, 0x7e, 0x26, 0xae, 0xd9, 0x47, 0x85,
    0x10, 0xf, 0xfe, 0x21, 0xbd, 0x76, 0xca, 0x88,
    0x5, 0x6f, 0x4e, 0x1, 0xff, 0xc3, 0x1c, 0x85,
    0x10, 0xf, 0xf1, 0x87, 0x6e, 0xa0, 0x0, 0x3b,
    0xb0, 0x80, 0x42, 0x20, 0xf, 0xe1, 0x30, 0x0,
    0x81, 0x16, 0x0, 0x19, 0x14, 0xc, 0x1, 0x76,
    0x67, 0xed, 0xe0, 0x9, 0x40, 0x3f, 0xf8, 0x6,
    0x20, 0x11, 0x9f, 0xe2, 0x0, 0x88, 0x40, 0x3f,
    0xf8, 0x38, 0x60, 0x1f, 0xfc, 0x13, 0xe0, 0xf,
    0xf2, 0xa8, 0x0, 0x59, 0xfd, 0xdf, 0xf7, 0xe1,
    0x80, 0x7e, 0x2f, 0xaf, 0x0, 0xe1, 0x1f, 0xf8,
    0x3, 0xe2, 0xf0, 0xe, 0x70, 0x4b, 0xbf, 0xfe,
    0x20, 0x0, 0x5f, 0x35, 0x40, 0x38, 0xc0, 0x91,
    0x3f, 0xf8, 0x80, 0x4, 0x83, 0x0, 0xe5, 0xbe,
    0x0, 0xff, 0xe4, 0x38, 0x7, 0x8a, 0x90, 0x3,
    0x8b, 0xbb, 0xfa, 0xc0, 0x38, 0x80, 0xa2, 0x0,
    0x1f, 0xf0, 0x8f, 0xf0, 0x7, 0xd9, 0xae, 0x40,
    0x1f, 0xfc, 0xf3, 0x0, 0xff, 0xe0, 0x96, 0xef,
    0xf4, 0x80, 0x7f, 0xf2, 0x48, 0xbf, 0xc0, 0x1f,
    0xfe, 0x72, 0xff, 0xfe, 0xb0, 0xf, 0xfe, 0xe1,
    0x80, 0x7f, 0xf3, 0xcc, 0xc9, 0xa0, 0x1f, 0xe2,
    0xff, 0xfe, 0xb0, 0xf, 0x66, 0x2d, 0x0, 0x2,
    0x1, 0xff, 0xcc, 0x20, 0xe, 0xb0, 0xf, 0xfe,
    0x63, 0x80, 0x44, 0xee, 0x0, 0xf8, 0xbf, 0xff,
    0xb0, 0x3, 0x80,

    /* U+6309 "按" */
    0x0, 0xff, 0xec, 0xb3, 0x40, 0x1f, 0xe3, 0x9c,
    0xf1, 0x0, 0xff, 0xe0, 0x94, 0xcc, 0x1, 0xfe,
    0x66, 0x18, 0x30, 0x7, 0xff, 0x3d, 0x44, 0x1,
    0x40, 0x1f, 0xfc, 0x94, 0x4f, 0x94, 0x0, 0x4c,
    0x89, 0xe1, 0x0, 0xff, 0xe0, 0xd, 0xdf, 0xc8,
    0x1, 0x4d, 0xdf, 0x90, 0x3, 0xff, 0xac, 0xdf,
    0xed, 0x0, 0xbf, 0xdc, 0x1, 0x8c, 0xff, 0xf8,
    0x0, 0x1f, 0xfc, 0x8c, 0xcf, 0xfe, 0x1, 0x0,
    0x7f, 0xf2, 0x52, 0x14, 0x40, 0x3f, 0xf8, 0x9,
    0x54, 0x90, 0xa, 0xa9, 0x60, 0x1e, 0xe7, 0xac,
    0x0, 0xff, 0xe0, 0x12, 0xa9, 0x0, 0x25, 0x58,
    0x66, 0x60, 0x2, 0x0, 0x14, 0x3, 0xd1, 0x32,
    0x70, 0xf, 0xfe, 0xb, 0x34, 0x8, 0x20, 0xa,
    0x0, 0xf2, 0xb3, 0x8, 0x3, 0xff, 0x8b, 0xc0,
    0x3, 0x20, 0xf, 0xfe, 0x39, 0x42, 0xc7, 0xfe,
    0x50, 0x1, 0xff, 0xff, 0xc0, 0x1f, 0xda, 0xfa,
    0x20, 0x1f, 0xfc, 0xb1, 0x50, 0xe, 0x30, 0xf,
    0xfe, 0x52, 0x57, 0x40, 0x7, 0x15, 0xdd, 0x20,
    0x14, 0xdd, 0xf0, 0x80, 0x12, 0xee, 0x0, 0x5a,
    0x80, 0x73, 0xf4, 0x92, 0x23, 0x0, 0x6, 0xc8,
    0x99, 0x84, 0x1, 0xc8, 0x90, 0x0, 0xc0, 0x3d,
    0x2, 0x1, 0xa, 0x80, 0x24, 0x3, 0xa8, 0x2,
    0x40, 0xe, 0x40, 0x6a, 0x0, 0xfd, 0x20, 0x1,
    0x50, 0xc, 0x2e, 0x0, 0x51, 0x0, 0xea, 0xe9,
    0x70, 0xf, 0x85, 0xc0, 0x3, 0x66, 0x1, 0x40,
    0x5, 0xc0, 0x1e, 0x21, 0x0, 0xff, 0x28, 0x4,
    0x99, 0x42, 0x8c, 0x0, 0x34, 0x0, 0xff, 0xe2,
    0x8d, 0x61, 0x80, 0x4b, 0xd6, 0x1, 0x78, 0x7,
    0xff, 0x20, 0xf2, 0x84, 0x3, 0xce, 0x60, 0x1f,
    0xfc, 0xa5, 0xf1, 0x0, 0xe4, 0x20, 0xf, 0xfe,
    0x53, 0x78, 0x80, 0x71, 0xec, 0x0, 0x7f, 0xf1,
    0x8a, 0x3a, 0x44, 0x2, 0x61, 0x0, 0x9f, 0x94,
    0x3, 0x22, 0xb4, 0x80, 0x70, 0xb6, 0x6b, 0x88,
    0x4, 0x59, 0x3e, 0xa0, 0x10, 0xd5, 0x88, 0x3,
    0xaa, 0x50, 0x3, 0x27, 0x49, 0x80, 0x61, 0x9d,
    0x30, 0x1a, 0xb2, 0x0, 0x92, 0x80, 0x1a, 0x1,
    0xca, 0x8, 0x20, 0x18, 0xa7, 0x98, 0x3, 0x93,
    0x58, 0x2, 0x90, 0x1, 0x80, 0x42, 0xb6, 0x0,
    0x90, 0x2, 0xde, 0xb0, 0x7, 0xf4, 0xd8, 0xc1,
    0x0, 0x13, 0xfe, 0xea, 0x10, 0x3, 0x4f, 0x52,
    0x0, 0x7f, 0xf0, 0x13, 0x9c, 0x0,

    /* U+6362 "换" */
    0x0, 0xc8, 0xaa, 0x20, 0xf, 0xd4, 0xe4, 0x1,
    0xff, 0xc5, 0xfa, 0xa2, 0x0, 0x7c, 0xaa, 0x8d,
    0x20, 0xf, 0xfe, 0x7c, 0x0, 0x10, 0x80, 0x3f,
    0xf9, 0xcc, 0x40, 0x4, 0xff, 0xfc, 0x60, 0x1f,
    0xfc, 0x51, 0x80, 0xf, 0xfe, 0x95, 0x88, 0x7,
    0xff, 0x0, 0x40, 0x3b, 0x76, 0x40, 0x4, 0x6e,
    0x94, 0x19, 0x40, 0xf, 0xff, 0xdc, 0x20, 0x5,
    0x20, 0xe, 0x22, 0x80, 0x21, 0x22, 0x19, 0xa4,
    0x0, 0x50, 0x1, 0xda, 0x20, 0x36, 0x1, 0xff,
    0xc3, 0xed, 0x0, 0xf, 0x80, 0x74, 0x18, 0x3,
    0x44, 0x3, 0xce, 0xf1, 0x0, 0x11, 0xd5, 0xc4,
    0x1, 0x64, 0x1, 0x95, 0xc0, 0xe, 0x60, 0x1f,
    0x44, 0x4c, 0x0, 0xd8, 0x90, 0xd, 0x5f, 0xfd,
    0x40, 0x13, 0xff, 0xe1, 0x0, 0xff, 0x8e, 0x40,
    0x3f, 0xfa, 0x6d, 0x80, 0x10, 0x8e, 0x0, 0x84,
    0x70, 0x7, 0xff, 0xc, 0x40, 0xc0, 0x2e, 0xeb,
    0x0, 0x3, 0xdd, 0x84, 0x3, 0xff, 0x81, 0x97,
    0xe0, 0x1f, 0xfc, 0xe7, 0x0, 0x2a, 0x8, 0x80,
    0x3f, 0xf9, 0x45, 0x1a, 0x60, 0x1c, 0xa0, 0x1f,
    0xfc, 0x93, 0xd7, 0x20, 0xe, 0x56, 0x0, 0xff,
    0xe4, 0x98, 0x7, 0x9f, 0xe8, 0xc4, 0x2, 0x11,
    0xc0, 0x10, 0x8e, 0x0, 0x8c, 0x40, 0x6, 0x4,
    0x20, 0xe, 0x6, 0xee, 0x0, 0x5d, 0xd6, 0x0,
    0x7, 0xbb, 0x8, 0x3, 0x78, 0x42, 0x6f, 0x54,
    0x3, 0xff, 0xa0, 0xa8, 0x1, 0xe3, 0x0, 0xff,
    0xe9, 0xaf, 0xff, 0xdc, 0x1, 0x93, 0xff, 0xf0,
    0x80, 0x7f, 0xf1, 0x6c, 0x3, 0x23, 0x80, 0x7f,
    0xf3, 0x25, 0x40, 0x4, 0x0, 0x86, 0x0, 0xff,
    0xe4, 0x9e, 0x30, 0x0, 0x71, 0x40, 0x13, 0x20,
    0xf, 0xf3, 0x80, 0x7c, 0x75, 0x86, 0x0, 0x1d,
    0x1a, 0x20, 0x3, 0x73, 0x0, 0x61, 0x66, 0x41,
    0x80, 0x62, 0x7d, 0xc5, 0x0, 0x8b, 0xc, 0x1,
    0x86, 0x0, 0x19, 0xe8, 0x30, 0x4, 0xc9, 0xc0,
    0x23, 0x1d, 0x82, 0x0, 0xcf, 0xa4, 0x1, 0xe,
    0x30, 0x4, 0x2f, 0x80, 0x22, 0x0, 0xe4, 0x17,
    0x0, 0xcd, 0xb0, 0x1, 0xf4, 0xe1, 0x80, 0x4c,
    0x0, 0x50, 0x8, 0xec, 0x42, 0x44, 0xa3, 0xa4,
    0x80, 0x3f, 0x8f, 0x2d, 0x2, 0xc0, 0x17, 0xff,
    0x62, 0x0, 0x7, 0xf5, 0xc4, 0x3, 0xff, 0x82,
    0x97, 0xc4, 0x0,

    /* U+636E "据" */
    0x0, 0xc2, 0x66, 0x20, 0xf, 0xfe, 0x7c, 0xe6,
    0x2c, 0x3, 0xff, 0xac, 0x7f, 0xff, 0xfc, 0x5c,
    0x0, 0xff, 0xf1, 0x91, 0x7f, 0xc2, 0x1, 0xff,
    0xc6, 0x1d, 0xdf, 0xfa, 0x0, 0x3a, 0x26, 0x48,
    0x0, 0x49, 0x91, 0x0, 0x7f, 0xf2, 0x59, 0xa3,
    0x0, 0x13, 0x34, 0x1, 0xff, 0xd6, 0x1f, 0xff,
    0xfa, 0x40, 0x39, 0xd5, 0x44, 0x0, 0x25, 0x53,
    0x0, 0x7f, 0xf2, 0x66, 0xa8, 0xa0, 0x4, 0xaa,
    0x10, 0x6, 0x33, 0xf0, 0x4, 0x67, 0xca, 0x1,
    0xff, 0xc3, 0x1c, 0xce, 0xd0, 0xb, 0x33, 0xa4,
    0x3, 0xff, 0xb8, 0x96, 0xe, 0x1, 0xf8, 0xc0,
    0x3f, 0xf8, 0xad, 0x68, 0x60, 0x10, 0xff, 0xf6,
    0x80, 0x5f, 0xfe, 0xc0, 0x8, 0x48, 0x3, 0x94,
    0x3, 0xff, 0x92, 0x53, 0xca, 0x1, 0x84, 0x84,
    0x2, 0x22, 0xf0, 0x4, 0x45, 0xe6, 0x2d, 0x60,
    0xc, 0x55, 0xc8, 0x60, 0x5, 0xdd, 0xec, 0x0,
    0xb7, 0x7d, 0x44, 0x1, 0xe4, 0x50, 0x7, 0x0,
    0xc, 0x3, 0xff, 0x8a, 0x60, 0xca, 0x1, 0xe2,
    0x0, 0x8, 0x7, 0x18, 0x7, 0xfd, 0x1d, 0x24,
    0x1, 0xe6, 0x0, 0x72, 0xff, 0xed, 0x0, 0xbf,
    0xf8, 0x80, 0x8, 0x20, 0x1f, 0x8c, 0x0, 0x40,
    0x1f, 0xfc, 0xe3, 0x0, 0x94, 0x2, 0x12, 0x2f,
    0x80, 0x3f, 0xf8, 0x76, 0x0, 0x21, 0x0, 0x9f,
    0x77, 0xe1, 0x0, 0xff, 0xe1, 0x28, 0x1, 0x0,
    0x3f, 0xf9, 0xc8, 0x40, 0xd, 0x0, 0xff, 0xe7,
    0x78, 0x0, 0x50, 0x3, 0xff, 0x8c, 0x44, 0x35,
    0x0, 0x8d, 0x0, 0x12, 0x1, 0xcd, 0xff, 0xf0,
    0x80, 0x61, 0xdd, 0x61, 0x0, 0x3b, 0x80, 0x1,
    0x70, 0xf, 0xfe, 0x30, 0x88, 0x3, 0x84, 0xc0,
    0x12, 0x1, 0xe1, 0x33, 0xf8, 0x3, 0xc4, 0x1,
    0x1c, 0xb7, 0x41, 0xb8, 0x7, 0x9f, 0x33, 0xe1,
    0x0, 0xec, 0xff, 0xb1, 0x80, 0xf, 0x80, 0x19,
    0x7f, 0xd2, 0x1, 0xf7, 0x7f, 0x88, 0x0,

    /* U+63A5 "接" */
    0x0, 0xc8, 0xcc, 0x30, 0xf, 0xf2, 0xd6, 0x70,
    0x80, 0x7f, 0xf0, 0x3a, 0x65, 0x60, 0x1f, 0xe3,
    0x53, 0x16, 0x0, 0xff, 0xe7, 0x38, 0x5, 0x40,
    0x1f, 0xfc, 0x75, 0xaa, 0xf5, 0x88, 0x0, 0xae,
    0xab, 0xa4, 0x3, 0xff, 0x80, 0x4a, 0xbf, 0x8,
    0x4, 0x8a, 0xbc, 0xe0, 0x1f, 0xfd, 0x5e, 0xff,
    0x28, 0x1, 0xff, 0xca, 0xdb, 0xa8, 0x0, 0x26,
    0xef, 0x48, 0x0, 0x77, 0x58, 0x1, 0xff, 0xc0,
    0x12, 0x22, 0x80, 0x14, 0x8b, 0x84, 0x0, 0xe4,
    0x50, 0x7, 0xff, 0xc, 0x80, 0x2, 0x20, 0xd,
    0x80, 0xc, 0x0, 0xec, 0xc9, 0x0, 0xb, 0x98,
    0x50, 0xc, 0x80, 0x4, 0x0, 0xc8, 0x0, 0x40,
    0xe, 0x23, 0x30, 0x80, 0x8, 0xcc, 0x2, 0x38,
    0x80, 0x1a, 0x23, 0x20, 0x0, 0x80, 0x46, 0x0,
    0xff, 0xa7, 0xbb, 0x30, 0x1, 0xfb, 0xab, 0x0,
    0x17, 0x76, 0xc0, 0xf, 0xfe, 0xe1, 0x71, 0x17,
    0xff, 0x1d, 0x80, 0x3e, 0x3b, 0xd7, 0xdd, 0xe9,
    0x4b, 0xfd, 0xdf, 0xf5, 0x0, 0x61, 0x0, 0x22,
    0x0, 0x40, 0x3b, 0xda, 0x78, 0x3, 0xff, 0x80,
    0x71, 0xc8, 0x1, 0xc6, 0x1, 0x89, 0x0, 0x10,
    0x1, 0xff, 0x46, 0x38, 0x80, 0x65, 0xb9, 0xdd,
    0xd8, 0x1, 0x4e, 0xef, 0xfb, 0x38, 0x3, 0xcf,
    0x48, 0xc4, 0x58, 0x40, 0x22, 0x2f, 0xfe, 0x8,
    0x14, 0x20, 0x7, 0xff, 0x34, 0xd3, 0x35, 0xc4,
    0x3, 0xb7, 0xfd, 0xc0, 0x15, 0x7f, 0xf5, 0x0,
    0x5b, 0xfe, 0xd0, 0x30, 0xf, 0xfa, 0x0, 0x6,
    0xa0, 0x1d, 0x0, 0x4, 0x20, 0xf, 0xfe, 0x19,
    0x30, 0x0, 0x9c, 0x40, 0x27, 0x20, 0x4, 0x0,
    0x7f, 0xf1, 0x14, 0x2, 0x18, 0xe9, 0x24, 0x80,
    0x3, 0x18, 0x7, 0xff, 0x11, 0xfa, 0x8, 0x2,
    0x6d, 0xb0, 0x1, 0xc8, 0x7, 0xff, 0x18, 0x5f,
    0x69, 0x0, 0x3d, 0x60, 0x1f, 0xfc, 0x92, 0x23,
    0x0, 0x7a, 0x35, 0x80, 0x30, 0x99, 0x91, 0x0,
    0x1e, 0x25, 0x9d, 0xd4, 0x10, 0x4, 0x80, 0x11,
    0x4f, 0x30, 0x1, 0x73, 0x16, 0x20, 0xf, 0x7,
    0xed, 0xa6, 0x20, 0xc, 0xbb, 0x7c, 0xe0, 0x10,
    0xcf, 0x2a, 0x80, 0x3c, 0x80, 0x42, 0x1, 0xc5,
    0x1d, 0x44, 0x3, 0x1c, 0xe0, 0x10, 0x8e, 0x0,
    0x8e, 0x8c, 0x14, 0x2, 0x49, 0xdd, 0x38, 0x80,
    0x70, 0xc7, 0x30, 0x22, 0x3, 0xbf, 0xec, 0x50,
    0xa, 0xf3, 0xed, 0x88, 0x3, 0xfc, 0x33, 0xb2,
    0x0,

    /* U+63D0 "提" */
    0x0, 0xe1, 0x10, 0x7, 0xff, 0x46, 0xbb, 0x90,
    0x1, 0x9a, 0x23, 0xff, 0x86, 0xc0, 0x1f, 0xfc,
    0x3b, 0x77, 0xff, 0xe1, 0xd8, 0x7, 0xff, 0x9a,
    0xbf, 0xff, 0xa4, 0x3, 0xff, 0x92, 0x20, 0x1f,
    0xc6, 0x1, 0xf3, 0xc4, 0x1c, 0x0, 0x91, 0x3,
    0x0, 0xda, 0xcd, 0xfd, 0xe0, 0x1f, 0x4b, 0xb8,
    0x80, 0x6, 0xee, 0x40, 0xc, 0xd3, 0x3f, 0xca,
    0x1, 0xff, 0xdb, 0x44, 0x84, 0x0, 0x28, 0x82,
    0x0, 0xd7, 0xff, 0xfd, 0x40, 0x1f, 0x55, 0xd9,
    0x0, 0xd, 0x76, 0x50, 0xf, 0xfe, 0xc5, 0xff,
    0xff, 0x50, 0x7, 0xff, 0x84, 0x5f, 0x84, 0x15,
    0x7f, 0xf8, 0xa0, 0x1f, 0xe6, 0x81, 0x30, 0x8a,
    0xaf, 0xfe, 0x1c, 0x0, 0x70, 0xba, 0x0, 0x73,
    0x0, 0x7f, 0xf2, 0x4a, 0xfa, 0x4, 0x3, 0x1d,
    0x7f, 0xff, 0xf1, 0xe8, 0x19, 0x0, 0x39, 0x37,
    0x8, 0x3, 0xff, 0x92, 0xc0, 0x10, 0x80, 0xc,
    0x81, 0x4c, 0xff, 0x0, 0x44, 0x67, 0xf1, 0x1,
    0x1c, 0xf2, 0x0, 0x74, 0xe4, 0x43, 0xf3, 0x30,
    0x80, 0x3b, 0x33, 0xe8, 0x0, 0x63, 0x8, 0x7,
    0xeb, 0xb6, 0x8, 0x7, 0xff, 0x3c, 0x40, 0x2,
    0x20, 0xf, 0x45, 0x57, 0x90, 0x3, 0xff, 0x82,
    0xa0, 0x5, 0x0, 0xf9, 0x15, 0x7c, 0x60, 0x1f,
    0xfc, 0x1c, 0x0, 0x30, 0x7, 0xff, 0x41, 0x40,
    0x4, 0xc0, 0x1e, 0xad, 0xdf, 0x30, 0x7, 0xff,
    0x1, 0x8, 0x2, 0x92, 0x0, 0xe6, 0x22, 0xf0,
    0x80, 0x7f, 0xf0, 0x20, 0x0, 0x40, 0xf, 0x30,
    0xf, 0xfe, 0x29, 0x38, 0x6, 0x63, 0x0, 0x62,
    0x1, 0x65, 0x8, 0x7, 0xff, 0x7, 0xfd, 0xa4,
    0x0, 0xf2, 0x90, 0x4, 0xd, 0x10, 0x1, 0x40,
    0x2c, 0xff, 0xfb, 0x80, 0x6, 0x1, 0xc7, 0x80,
    0x3, 0x70, 0x1c, 0x50, 0xf, 0xfe, 0xa, 0x80,
    0x14, 0x2, 0x29, 0x4b, 0x11, 0x70, 0x4, 0x35,
    0x8e, 0x62, 0x1, 0xfc, 0x60, 0x9, 0xff, 0xb5,
    0x81, 0x7f, 0x48, 0x3, 0x8e, 0x33, 0xbf, 0xff,
    0xa0, 0x0,

    /* U+63E1 "握" */
    0x0, 0xd1, 0x7, 0x0, 0xff, 0xe8, 0xbb, 0xa0,
    0x2, 0x18, 0x8f, 0xfe, 0x33, 0x80, 0x7f, 0xf0,
    0x9, 0xdf, 0xff, 0x8d, 0x40, 0x1f, 0xfe, 0x33,
    0xee, 0xff, 0xe0, 0x60, 0x7, 0xff, 0x1c, 0x47,
    0xff, 0x82, 0x1, 0xee, 0xff, 0x0, 0x5f, 0xe6,
    0x0, 0xff, 0xeb, 0x9f, 0xff, 0xff, 0x3, 0x40,
    0x3f, 0xfb, 0x57, 0x54, 0x0, 0xaa, 0x88, 0x1,
    0x14, 0xcf, 0xff, 0xe, 0x0, 0x25, 0x58, 0x2,
    0x55, 0x10, 0x4, 0x2c, 0xdf, 0xfc, 0x35, 0x0,
    0xff, 0xe2, 0x24, 0xcf, 0xff, 0xc, 0xc0, 0x3f,
    0xf8, 0x66, 0xcd, 0xff, 0xc3, 0x50, 0xf, 0xe2,
    0x0, 0xce, 0x1, 0xff, 0xcd, 0xbd, 0x20, 0xc,
    0xff, 0xec, 0x0, 0xe, 0xff, 0xb4, 0xb3, 0xfe,
    0x60, 0xc, 0x20, 0x12, 0x3, 0x80, 0x78, 0x74,
    0x1, 0x44, 0x7, 0xa5, 0xa4, 0x1, 0xcb, 0x7c,
    0x1, 0xda, 0xe0, 0x1d, 0x82, 0x10, 0x80, 0x3,
    0x40, 0x1f, 0x0, 0xc9, 0x48, 0x1, 0xcd, 0x42,
    0x0, 0x10, 0xc2, 0x5, 0x43, 0x45, 0x56, 0x0,
    0xa, 0xc0, 0x25, 0x0, 0xf7, 0xc9, 0x0, 0x46,
    0x86, 0x0, 0x5c, 0xc5, 0xd5, 0x20, 0x2, 0x48,
    0x0, 0x8, 0xce, 0x1, 0xe2, 0x0, 0xa, 0x80,
    0x7f, 0x84, 0x80, 0xe, 0x80, 0xa, 0xe8, 0x0,
    0xf7, 0x80, 0x38, 0x6a, 0x97, 0x9a, 0x20, 0xd,
    0xfe, 0xdb, 0x6, 0x40, 0x2, 0x0, 0x7e, 0x30,
    0x1, 0x2, 0xa9, 0xc, 0x80, 0x3e, 0x4d, 0x90,
    0xf, 0xfe, 0x2, 0x80, 0x19, 0x22, 0x38, 0x40,
    0x17, 0x11, 0xa9, 0x40, 0x3f, 0xe2, 0x10, 0x12,
    0x37, 0x7e, 0x0, 0x99, 0xdf, 0xbc, 0x3, 0xfe,
    0x40, 0x2, 0x80, 0x7f, 0xf4, 0x2c, 0x1, 0x80,
    0xff, 0xfc, 0x20, 0xd, 0xff, 0xea, 0x0, 0xff,
    0x19, 0x0, 0x18, 0x3, 0xff, 0x90, 0x22, 0x40,
    0xd, 0x0, 0x4, 0x38, 0x8f, 0x84, 0x1, 0x71,
    0x1f, 0x8, 0xbb, 0x96, 0x0, 0x14, 0x40, 0x3,
    0x99, 0xdf, 0xe0, 0x9, 0x9d, 0xfe, 0x21, 0x10,
    0x6, 0x5c, 0x0, 0x12, 0x80, 0x7f, 0xf2, 0x54,
    0x0, 0x29, 0x51, 0x65, 0x0, 0x9f, 0xff, 0xfc,
    0x63, 0xb, 0xff, 0x75, 0x88, 0x26, 0xa8, 0x7,
    0xff, 0x24,

    /* U+64AD "播" */
    0x0, 0xd3, 0x30, 0x7, 0xff, 0x1c, 0x4d, 0x48,
    0x3, 0xcc, 0xd0, 0x7, 0x84, 0x8d, 0x15, 0x9e,
    0x2a, 0xf3, 0xbf, 0xb2, 0x90, 0x3, 0xff, 0x81,
    0x5f, 0xee, 0xdc, 0xba, 0x98, 0x75, 0x43, 0x10,
    0xd, 0xe0, 0x1f, 0xfc, 0xe2, 0x34, 0x68, 0xd0,
    0xf, 0xfe, 0x6, 0x19, 0x81, 0x5e, 0x24, 0x2,
    0xdf, 0xf6, 0xdb, 0xd3, 0xa0, 0x7, 0xff, 0x1,
    0xbc, 0x80, 0x10, 0xec, 0x20, 0x3, 0x0, 0x1c,
    0x1e, 0x10, 0x6, 0xce, 0xe0, 0x5, 0xdc, 0x60,
    0x20, 0x2, 0xb0, 0x7, 0xc3, 0xa0, 0x6, 0x20,
    0xc, 0x42, 0x20, 0x8, 0x46, 0x1, 0xc0, 0x4,
    0x90, 0x7, 0xa8, 0x40, 0xa4, 0x3, 0xff, 0x88,
    0x52, 0x12, 0x40, 0x1e, 0x83, 0xe, 0x0, 0xf5,
    0xcc, 0x80, 0x29, 0x90, 0x7f, 0xd2, 0x13, 0xfe,
    0x10, 0x7, 0x7e, 0x18, 0x67, 0xfd, 0x0, 0x5,
    0x66, 0x0, 0x4c, 0xc2, 0x0, 0xff, 0xe9, 0xb2,
    0xaf, 0x8, 0x7, 0xe3, 0x55, 0xed, 0x0, 0xff,
    0x1d, 0x56, 0xc1, 0x0, 0xfc, 0x7d, 0x55, 0x94,
    0x3, 0xf3, 0xf1, 0x80, 0x53, 0x20, 0x4, 0x8,
    0x2, 0x40, 0x2b, 0x70, 0xf, 0xfe, 0x4, 0xa,
    0x82, 0x6b, 0x0, 0x1d, 0xc0, 0x13, 0xd8, 0x5,
    0x18, 0x60, 0x1c, 0xb6, 0x1, 0xdb, 0x76, 0x20,
    0x4, 0x40, 0x3, 0x93, 0x48, 0x0, 0x79, 0x44,
    0xb, 0xd4, 0x80, 0x18, 0x51, 0x0, 0x15, 0x38,
    0x2, 0x5d, 0xc2, 0x5, 0xac, 0x1, 0x2e, 0x91,
    0x88, 0x7, 0x57, 0x18, 0x4, 0xbb, 0x11, 0x78,
    0x2, 0x23, 0xa, 0x0, 0x46, 0x4a, 0x1, 0xe5,
    0xf, 0x10, 0x2, 0xbb, 0xff, 0xf0, 0x10, 0x4,
    0xa0, 0xc, 0xa3, 0x80, 0x38, 0xf8, 0x3, 0xff,
    0x8a, 0x7a, 0x80, 0xd, 0x71, 0x0, 0xfe, 0x1f,
    0xfc, 0x40, 0xf, 0xfd, 0xa0, 0x1f, 0xfe, 0x85,
    0x5c, 0x60, 0x5, 0x5c, 0x80, 0x1f, 0xfc, 0x71,
    0xaa, 0xc2, 0x0, 0xaa, 0xd2, 0x1, 0xff, 0xe7,
    0x1f, 0xfc, 0x40, 0xf, 0xfd, 0xa0, 0x1f, 0xfd,
    0xa1, 0x55, 0x48, 0x7, 0xf0, 0xbb, 0xe3, 0x0,
    0x3b, 0xea, 0x0, 0xf1, 0xd5, 0x18, 0x0, 0x20,
    0x1f, 0x44, 0x61, 0x0, 0x44, 0x67, 0x0, 0xf1,
    0x0, 0x72, 0x0, 0x7f, 0xf3, 0x8c, 0x0, 0x29,
    0x60, 0x1e, 0x1f, 0xff, 0xfb, 0x40, 0x3c,

    /* U+653E "放" */
    0x0, 0xfe, 0x10, 0xf, 0xfe, 0x83, 0x67, 0xe0,
    0x7, 0xf3, 0x75, 0xc0, 0x7, 0xff, 0x10, 0xc0,
    0x88, 0x1, 0xfb, 0x45, 0x10, 0x1, 0xff, 0xc3,
    0x70, 0x9, 0x40, 0x3f, 0x20, 0x2, 0xc0, 0x3f,
    0xf8, 0x62, 0x40, 0xc, 0x0, 0xf9, 0x0, 0x25,
    0x0, 0xff, 0x9, 0x9f, 0x38, 0x1, 0xc, 0xf1,
    0x0, 0x38, 0x0, 0x44, 0x0, 0xff, 0x36, 0x67,
    0x28, 0x5, 0x99, 0xc0, 0x2a, 0x0, 0x2f, 0xff,
    0xe3, 0x0, 0xff, 0xe2, 0xb8, 0x7, 0xff, 0x5,
    0xc0, 0x3f, 0xf8, 0xb6, 0x1, 0xff, 0xc3, 0x7e,
    0xe2, 0x0, 0x1f, 0xbb, 0xef, 0x42, 0x0, 0x34,
    0x46, 0x50, 0x0, 0xc4, 0x14, 0x0, 0x23, 0x0,
    0x38, 0x47, 0xf4, 0x0, 0x52, 0xef, 0xb0, 0x0,
    0xae, 0xe1, 0x0, 0xc2, 0x1, 0xfe, 0x53, 0x0,
    0x84, 0x3, 0x70, 0x0, 0x80, 0x3e, 0x70, 0x1,
    0x80, 0x7d, 0x60, 0x19, 0x40, 0x31, 0x80, 0x38,
    0x3, 0xfc, 0x45, 0xf4, 0x88, 0x6, 0x30, 0xc,
    0xa0, 0x3, 0x0, 0xf8, 0x40, 0x11, 0xbb, 0xe4,
    0x0, 0xec, 0x0, 0x84, 0x40, 0x5, 0x0, 0xff,
    0xe2, 0xaa, 0x82, 0x40, 0x8, 0x1, 0x20, 0x0,
    0x84, 0x3, 0xe3, 0x0, 0xfe, 0xfb, 0x76, 0x10,
    0x2, 0x0, 0x30, 0x0, 0x80, 0x1f, 0x84, 0x1,
    0x5b, 0xb1, 0x80, 0x43, 0x0, 0xe0, 0xe, 0x0,
    0x38, 0x3, 0x0, 0x3f, 0xe7, 0x22, 0x80, 0x21,
    0x0, 0xa8, 0x0, 0xa2, 0x82, 0x0, 0x50, 0xf,
    0x84, 0x2, 0x30, 0xf, 0x18, 0x4, 0x64, 0x0,
    0x9f, 0x0, 0x30, 0x7, 0xe3, 0x0, 0x84, 0x2,
    0x10, 0x0, 0x80, 0x6a, 0x0, 0x3a, 0x0, 0x28,
    0x3, 0xf3, 0x80, 0x4, 0x3, 0x18, 0x7, 0xcc,
    0x1, 0xc6, 0x60, 0xf, 0xc4, 0x0, 0x20, 0xc,
    0x20, 0x7, 0x0, 0xc3, 0x0, 0x1a, 0x0, 0x3f,
    0xb4, 0x0, 0xa0, 0x1f, 0x8, 0x7, 0x18, 0x6,
    0x60, 0xf, 0xe4, 0x0, 0x78, 0x7, 0xff, 0x0,
    0xac, 0x3, 0x78, 0x80, 0x7c, 0x62, 0x0, 0x50,
    0x8, 0x80, 0x23, 0x0, 0x8f, 0x0, 0x38, 0xb0,
    0x40, 0x3d, 0x40, 0x1, 0x30, 0x9, 0x80, 0x21,
    0x0, 0x26, 0x8, 0x1, 0x8c, 0x0, 0x58, 0x20,
    0x1c, 0xc0, 0x7, 0x11, 0x8e, 0x0, 0x2, 0x0,
    0x8b, 0x0, 0x96, 0x74, 0x40, 0x5, 0xe6, 0x1,
    0x38, 0x5, 0x75, 0xdc, 0xc3, 0x0, 0x11, 0x31,
    0xc0, 0x25, 0xa0, 0x1c, 0x10, 0x0, 0xe3, 0x80,
    0xc0, 0x1, 0x8, 0xc0, 0x3c, 0xda, 0x60, 0x13,
    0x50, 0x4, 0x58, 0x40, 0x14, 0x20, 0x18, 0x2,
    0x3, 0x40, 0x39, 0xa9, 0x0, 0x28, 0x90, 0xe,
    0x2c, 0x30, 0x2, 0xa0, 0xe2, 0x29, 0x82, 0x5d,
    0xd9, 0xd2, 0x14, 0x22, 0xb7, 0x0, 0xf8, 0x71,
    0x86, 0xc0, 0x2b, 0xb0, 0x0, 0x51, 0x23, 0x10,
    0x0, 0xef, 0xa0, 0x7, 0xfa, 0x7c, 0x40,

    /* U+6570 "数" */
    0x0, 0xfc, 0xaa, 0x40, 0xf, 0xe2, 0x52, 0x0,
    0xff, 0xe0, 0x30, 0x4, 0x35, 0x50, 0x4, 0x68,
    0x1, 0x96, 0xb6, 0x80, 0x3f, 0xd7, 0x34, 0x1,
    0xfd, 0xd7, 0x20, 0x16, 0x0, 0x30, 0x3, 0xff,
    0x80, 0xaa, 0x0, 0xfa, 0x48, 0xc, 0x2, 0x40,
    0x2, 0x0, 0x7f, 0xa8, 0x42, 0xc4, 0x3, 0x91,
    0x80, 0x68, 0x0, 0xa0, 0x2, 0x20, 0x7, 0xf8,
    0x6c, 0x6, 0x0, 0x3a, 0x80, 0x14, 0x1, 0x78,
    0x1, 0x95, 0x7f, 0x0, 0x65, 0x53, 0xc8, 0x7,
    0x69, 0x3a, 0x0, 0x4a, 0x0, 0x4a, 0xaf, 0xc4,
    0xa, 0xee, 0xdf, 0x79, 0x0, 0x9d, 0x14, 0x1d,
    0xc0, 0xc0, 0x1f, 0xfc, 0x29, 0x88, 0xe7, 0x0,
    0xc, 0x41, 0xdd, 0x10, 0x1a, 0x0, 0xff, 0xe9,
    0x21, 0x80, 0x3b, 0xfe, 0xb0, 0x1, 0xff, 0x88,
    0x3e, 0xef, 0x20, 0x6, 0xab, 0xbe, 0x90, 0x8,
    0xc0, 0x22, 0x0, 0x30, 0x6, 0x34, 0x4b, 0x50,
    0x3, 0x59, 0xa2, 0x4e, 0x60, 0x13, 0x0, 0x5c,
    0x0, 0x20, 0xf, 0x16, 0xb0, 0x7, 0xc, 0x73,
    0x7, 0x80, 0x62, 0x0, 0x8c, 0x1, 0xc0, 0x18,
    0x63, 0x48, 0x7, 0x0, 0x22, 0x1, 0x9c, 0x70,
    0xd, 0x80, 0x12, 0x80, 0x14, 0x2, 0x1f, 0x70,
    0x1, 0xf9, 0x0, 0x7, 0x60, 0x0, 0x7a, 0x2a,
    0x0, 0x70, 0x0, 0x88, 0x0, 0x60, 0x10, 0xa8,
    0x1, 0xf0, 0x40, 0x23, 0x7, 0xd4, 0x26, 0xbb,
    0x10, 0x10, 0x82, 0x0, 0x8, 0x3, 0xa0, 0xf2,
    0x2, 0xf5, 0xfb, 0x40, 0x5, 0x78, 0xa, 0x2e,
    0x0, 0x70, 0xf0, 0x2, 0x0, 0x71, 0xe1, 0x81,
    0xa1, 0xb8, 0x7, 0x84, 0x2, 0xf0, 0x6, 0x82,
    0x80, 0x34, 0x3, 0xaa, 0xb7, 0x0, 0x57, 0x55,
    0xe1, 0x0, 0x20, 0x1, 0x20, 0x2, 0x40, 0xe,
    0x55, 0xc4, 0x1, 0x2a, 0xfc, 0x1, 0xa, 0x0,
    0x1c, 0x0, 0xa0, 0x1f, 0xfc, 0xdf, 0x0, 0xe9,
    0x0, 0xf7, 0xfb, 0x40, 0x2a, 0xff, 0xd0, 0x0,
    0x31, 0x0, 0x90, 0x80, 0x24, 0x30, 0xf, 0xd2,
    0x0, 0x25, 0x0, 0x86, 0x0, 0x10, 0x1, 0xc8,
    0x1, 0x60, 0x7, 0xe4, 0x40, 0x0, 0xb1, 0x40,
    0x1a, 0x0, 0x44, 0x0, 0x64, 0x60, 0xa, 0x8,
    0x3, 0xe4, 0x92, 0x0, 0x1d, 0x76, 0x18, 0xd,
    0x0, 0x62, 0xa0, 0xe, 0xc2, 0x0, 0xf9, 0xb6,
    0x8c, 0x0, 0x26, 0x0, 0xa1, 0x0, 0x8b, 0x4,
    0x0, 0xa0, 0x1, 0xc2, 0x0, 0xfc, 0xb2, 0x20,
    0x1d, 0x70, 0x20, 0x78, 0x20, 0x9, 0xa4, 0x0,
    0xe, 0x18, 0x7, 0x1c, 0x75, 0x8, 0x7, 0x9e,
    0x57, 0x4, 0x0, 0xec, 0x16, 0x40, 0x1, 0xc6,
    0x1, 0x9d, 0xc7, 0x10, 0x0, 0xd7, 0xc8, 0x80,
    0x6, 0x80, 0x27, 0x80, 0xb, 0x8, 0x2, 0x91,
    0x13, 0x90, 0x4, 0x53, 0xca, 0xd, 0xce, 0xee,
    0x0, 0xa2, 0x0, 0x18, 0x70, 0x80, 0x10, 0x21,
    0x20, 0x5, 0xbd, 0x60, 0xe, 0x88, 0x3a, 0x4,
    0xb8, 0x7, 0x87, 0xc, 0x5c, 0x0, 0xd5, 0xf4,
    0x80, 0x1f, 0xea, 0xb6, 0x0, 0xfc, 0x39, 0xa0,
    0x0,

    /* U+6574 "整" */
    0x0, 0xff, 0xed, 0x9e, 0xe9, 0xc0, 0x3f, 0xab,
    0xf1, 0x0, 0x3f, 0xf8, 0x6e, 0x44, 0xf0, 0xf,
    0xe5, 0x3, 0x60, 0xf, 0xeb, 0xff, 0xeb, 0x0,
    0x3f, 0xff, 0x80, 0xe, 0x0, 0x32, 0x0, 0xfe,
    0x70, 0xf, 0xfe, 0x2c, 0x80, 0xf, 0xff, 0xf1,
    0x4, 0xcf, 0x98, 0x0, 0x93, 0x3e, 0x8, 0x10,
    0xf, 0xfe, 0xa, 0xb3, 0x76, 0x80, 0xd, 0x9b,
    0xc4, 0xe0, 0x5, 0x66, 0xc2, 0x0, 0x66, 0x18,
    0x3, 0x3f, 0xf5, 0x80, 0x1f, 0xff, 0x87, 0x80,
    0x29, 0x9d, 0x62, 0x5, 0x32, 0x10, 0xf, 0xfe,
    0x25, 0x18, 0x5, 0x0, 0x15, 0x0, 0x14, 0x3,
    0xe3, 0xee, 0x50, 0x1, 0xbb, 0x8e, 0x0, 0x10,
    0x1, 0x2, 0x28, 0x13, 0x80, 0x24, 0x3, 0xf0,
    0x8c, 0x0, 0x11, 0xbc, 0x1, 0x65, 0x3e, 0x0,
    0xa3, 0xe0, 0x3, 0x8, 0x7, 0xc7, 0xdc, 0xb0,
    0x3, 0xf7, 0x20, 0x2, 0xd6, 0x27, 0x0, 0x61,
    0x80, 0xc0, 0x7, 0xf0, 0x88, 0x3, 0x8, 0x80,
    0x3e, 0x84, 0x0, 0xda, 0x20, 0x1e, 0xdd, 0xac,
    0x40, 0x22, 0xad, 0xdc, 0x20, 0x11, 0xb0, 0x6,
    0x82, 0x0, 0xf0, 0x93, 0xd0, 0x80, 0x45, 0x5c,
    0xe4, 0x40, 0x0, 0xc6, 0x10, 0x6, 0x4d, 0x81,
    0x0, 0xc3, 0x54, 0x11, 0x40, 0x6, 0x3a, 0xd5,
    0x18, 0xe7, 0x0, 0xd, 0xb0, 0x4, 0xfd, 0x42,
    0x11, 0xca, 0x5, 0x86, 0x0, 0x7a, 0x20, 0x2e,
    0x77, 0x0, 0x4b, 0xe9, 0x36, 0x20, 0x12, 0x8,
    0x98, 0x0, 0x98, 0x40, 0x19, 0x76, 0x47, 0x98,
    0x80, 0xae, 0x84, 0x0, 0x9d, 0x0, 0x8, 0x1,
    0xa0, 0x8b, 0x10, 0x66, 0xb4, 0x0, 0xde, 0xa1,
    0x32, 0xd4, 0x0, 0xf3, 0xf4, 0x30, 0x1, 0x37,
    0x55, 0x54, 0x19, 0xbe, 0xaa, 0xba, 0xa7, 0x65,
    0x57, 0xf5, 0xb8, 0x6, 0x35, 0x5f, 0xfe, 0x70,
    0x7, 0xff, 0x64, 0x7f, 0xff, 0xe9, 0x0, 0xf,
    0xff, 0xfc, 0x1, 0xf8, 0x5d, 0xe0, 0xf, 0xfe,
    0x81, 0x44, 0x40, 0x1f, 0x87, 0xff, 0xfa, 0x40,
    0x3f, 0xfa, 0x66, 0x1, 0xff, 0xca, 0x88, 0xfe,
    0xe0, 0xf, 0xfe, 0x48, 0xbb, 0xff, 0x20, 0x7,
    0xf3, 0x80, 0x7f, 0xf3, 0xfb, 0xfe, 0xb0, 0xb,
    0xff, 0xa4, 0x0, 0x3f, 0xff, 0xfc, 0xc, 0x0,
    0xff, 0xeb, 0x4b, 0xbf, 0xff, 0x42, 0x80,

    /* U+65AD "断" */
    0x0, 0xff, 0xed, 0x5f, 0xf8, 0x40, 0x3f, 0xf8,
    0x27, 0x12, 0x0, 0xef, 0xf1, 0x80, 0x7f, 0xf1,
    0x4d, 0xab, 0xb1, 0xd8, 0x3, 0x9e, 0x28, 0x3,
    0xe1, 0xe8, 0x27, 0xac, 0xfc, 0x95, 0x10, 0x9,
    0x40, 0x36, 0xba, 0x88, 0x7, 0xa4, 0x58, 0x61,
    0x4c, 0x3, 0xe3, 0x10, 0xd, 0x42, 0x12, 0x1,
    0xe7, 0x6, 0x0, 0xf8, 0x9a, 0xbb, 0x10, 0x3,
    0xa4, 0x1c, 0x3, 0x9c, 0x1, 0x20, 0x1a, 0x2f,
    0xb6, 0x54, 0x40, 0x3e, 0x60, 0x3, 0x0, 0x47,
    0x20, 0xc2, 0x1, 0x9d, 0x4, 0x3, 0xfe, 0x16,
    0xb, 0x0, 0xa8, 0x42, 0xc0, 0x3f, 0xf9, 0x16,
    0x34, 0x1, 0x6a, 0x29, 0x0, 0x7f, 0xf2, 0xb,
    0x9c, 0x2, 0x4b, 0xa0, 0xf, 0xfe, 0x44, 0xce,
    0x50, 0x5, 0xcc, 0xc6, 0x1, 0xa2, 0x3f, 0x88,
    0x3, 0x33, 0x61, 0x0, 0x2b, 0x36, 0x0, 0xce,
    0xff, 0xe0, 0xf, 0xfe, 0xb3, 0xbc, 0xa0, 0x13,
    0x3b, 0xe0, 0xc, 0x67, 0x0, 0x44, 0x66, 0x10,
    0xd, 0x11, 0x0, 0x68, 0x8c, 0x40, 0x1b, 0x32,
    0x10, 0x7, 0xe6, 0x10, 0x3, 0xc4, 0xa0, 0x13,
    0x0, 0x7f, 0xf3, 0x38, 0x3, 0x45, 0x0, 0x78,
    0x40, 0x3f, 0xf8, 0x6e, 0x60, 0x1c, 0xba, 0x40,
    0xe0, 0x1f, 0xfc, 0x53, 0x80, 0x14, 0x0, 0x8,
    0x16, 0x18, 0x80, 0xc, 0x3, 0xff, 0x82, 0xba,
    0x0, 0xb0, 0xb, 0xc, 0x6, 0x4c, 0x0, 0xc0,
    0x1f, 0xfc, 0x18, 0x10, 0x35, 0x0, 0x8f, 0x10,
    0x6f, 0x80, 0x2, 0x1, 0xff, 0xc1, 0x90, 0x1d,
    0x0, 0xf5, 0xe8, 0x98, 0x3, 0x40, 0x3f, 0xf8,
    0x28, 0x8a, 0x10, 0xf, 0x8c, 0x18, 0x0, 0x40,
    0x1f, 0xfc, 0x2b, 0x40, 0xf, 0xe1, 0x20, 0x3,
    0x80, 0x7f, 0xf1, 0x84, 0x3, 0xce, 0x0, 0x22,
    0x0, 0x7f, 0xf0, 0x54, 0xcf, 0x4e, 0x60, 0x8c,
    0x82, 0x80, 0x8, 0x1, 0xff, 0xc2, 0x9c, 0xcf,
    0xe9, 0x23, 0x0, 0x50, 0x7, 0xff, 0x36, 0x0,
    0x4, 0x60, 0x1f, 0xfc, 0xc7, 0x50, 0x5, 0x80,
    0x7f, 0xf0, 0x3b, 0xff, 0xff, 0x81, 0xae, 0x22,
    0x60, 0xf, 0xfe, 0x68, 0xc7, 0x60, 0x7, 0xbb,
    0xfc, 0x40, 0x10,

    /* U+65B0 "新" */
    0x0, 0xfe, 0x20, 0xf, 0xfe, 0x81, 0x6f, 0xea,
    0x0, 0x7f, 0xf3, 0xc8, 0xc0, 0x1a, 0x1, 0xff,
    0xc3, 0x48, 0xdc, 0x0, 0xfe, 0x40, 0x3, 0x80,
    0x7f, 0x9, 0xb4, 0xe7, 0xdb, 0x91, 0x88, 0x0,
    0xb7, 0x79, 0x0, 0x3, 0xbb, 0xc6, 0x19, 0xfd,
    0x92, 0xc6, 0x1, 0xce, 0x1, 0x11, 0x70, 0x80,
    0x44, 0x5c, 0x0, 0x20, 0xf, 0xc2, 0xb4, 0xc0,
    0x1f, 0xfc, 0xc2, 0x59, 0xce, 0xa5, 0x0, 0x8b,
    0xf4, 0x0, 0x9f, 0xfa, 0x0, 0x11, 0xe6, 0x1,
    0xa7, 0xf6, 0x98, 0xc0, 0x3f, 0x10, 0x82, 0x80,
    0x6d, 0x0, 0x20, 0x7, 0x8c, 0x3, 0xff, 0x84,
    0x80, 0x24, 0x1, 0x20, 0x0, 0xc0, 0x3f, 0xf9,
    0x3a, 0x0, 0x40, 0x1, 0x88, 0x20, 0x7, 0xff,
    0x29, 0x0, 0x1e, 0x0, 0x40, 0x6, 0x0, 0x7f,
    0xf1, 0x87, 0xba, 0xd0, 0x3, 0x77, 0x20, 0x1,
    0x3d, 0xcd, 0x0, 0xc4, 0x67, 0xfc, 0x0, 0x11,
    0xc0, 0x10, 0x88, 0x2, 0x11, 0x88, 0x3, 0x46,
    0x67, 0xf1, 0x80, 0x7f, 0xf5, 0x7, 0xff, 0xd4,
    0x0, 0x4f, 0xff, 0x0, 0x7f, 0xf2, 0x84, 0x3,
    0xfc, 0x20, 0xa, 0xff, 0x68, 0x0, 0x7f, 0xe3,
    0x0, 0xf8, 0x40, 0x3f, 0xf9, 0xaf, 0xff, 0xd4,
    0x0, 0x4f, 0xfe, 0x60, 0xc, 0x20, 0x1f, 0xfd,
    0xf1, 0x1f, 0x80, 0x21, 0x1e, 0x31, 0x0, 0x9c,
    0x3, 0xfe, 0x6e, 0xee, 0xa0, 0x2, 0x77, 0x3f,
    0xb8, 0xa6, 0x1, 0x8, 0x7, 0xff, 0x5, 0xfa,
    0x4, 0x3, 0xa3, 0xc4, 0x0, 0xc0, 0x11, 0x80,
    0x7f, 0xf0, 0x68, 0x5c, 0xc0, 0x33, 0x38, 0xd0,
    0x0, 0xc0, 0x21, 0x0, 0xff, 0xe0, 0x21, 0x2,
    0x10, 0x6, 0x62, 0x4, 0x70, 0xd0, 0x1, 0x80,
    0x7f, 0xf0, 0x7c, 0x1, 0xe0, 0x1e, 0xf0, 0x4,
    0x1a, 0x0, 0x18, 0x3, 0xff, 0x80, 0x88, 0x2,
    0x40, 0xf, 0x14, 0x0, 0x2c, 0x40, 0x18, 0x1,
    0xff, 0xc0, 0x90, 0x4, 0x0, 0x7e, 0x75, 0xd1,
    0x0, 0x9c, 0x3, 0xfe, 0x32, 0x3, 0x42, 0x26,
    0x80, 0x7a, 0x8d, 0x80, 0x8, 0x20, 0x1f, 0xf1,
    0xf2, 0xfd, 0x6e, 0x98, 0x0, 0x20, 0x1a, 0x0,
    0x2e, 0x0, 0xff, 0xe0, 0x8d, 0x19, 0x80, 0x3b,
    0x0, 0x22, 0x60, 0x1, 0x28, 0x7, 0xff, 0x13,
    0x40, 0x22, 0x76, 0x0, 0x8a, 0xcc, 0x20, 0x3,
    0xff, 0x8a, 0xbf, 0xf6, 0xc0, 0x7, 0x26, 0x5a,
    0x80, 0x71, 0x77, 0x3c, 0x3, 0x0,

    /* U+65E0 "无" */
    0x0, 0x84, 0x7f, 0xf9, 0x80, 0x1d, 0x3d, 0xdf,
    0xfc, 0xd0, 0xf, 0xff, 0xa5, 0xdf, 0xf9, 0x80,
    0x29, 0xbb, 0xff, 0x68, 0x6, 0x24, 0x4f, 0xee,
    0x0, 0x95, 0x13, 0xfc, 0x60, 0x1f, 0xfc, 0x61,
    0x0, 0xff, 0xe6, 0xf8, 0x7, 0xff, 0x44, 0x40,
    0x23, 0x0, 0xff, 0xe6, 0x98, 0x4, 0x20, 0x1f,
    0xfc, 0x13, 0x77, 0xff, 0xe0, 0x0, 0x4e, 0xff,
    0xfc, 0x16, 0xb8, 0x8f, 0xf8, 0x80, 0x28, 0x8f,
    0xfe, 0x10, 0x7, 0xff, 0xc2, 0x3f, 0xff, 0xce,
    0x1, 0x5f, 0xff, 0xff, 0x7, 0x80, 0x3f, 0xe5,
    0x0, 0x94, 0x3, 0xff, 0x98, 0x64, 0x0, 0x4d,
    0xff, 0x60, 0x7, 0xff, 0x26, 0x40, 0x2e, 0x0,
    0xff, 0xe6, 0x12, 0x80, 0x5, 0x40, 0x3f, 0xf9,
    0x92, 0x1, 0x48, 0x7, 0xff, 0x1, 0x50, 0x40,
    0x3f, 0x9d, 0x0, 0x2, 0xe0, 0x1f, 0xfc, 0x9,
    0xbe, 0xb0, 0xf, 0x92, 0x0, 0x2b, 0x0, 0xff,
    0xe5, 0x9d, 0x80, 0x4a, 0xa0, 0xf, 0xfe, 0x52,
    0xe0, 0x4, 0x54, 0x1, 0xff, 0xc5, 0x10, 0xc,
    0xf4, 0x1, 0xe, 0x0, 0x7c, 0x20, 0x1f, 0x10,
    0x7, 0xd, 0xc0, 0x4, 0x58, 0x20, 0x19, 0xc0,
    0x4, 0xa0, 0x1c, 0xc2, 0x0, 0x30, 0x6e, 0x40,
    0x8, 0xb0, 0x80, 0x38, 0x80, 0x2a, 0xff, 0xe9,
    0x0, 0xba, 0x64, 0x1, 0x97, 0x44, 0x3, 0xd8,
    0x1, 0xff, 0xc1, 0x58, 0x10, 0xa, 0x68, 0x3,
    0xf2, 0xb0, 0x7, 0xfd, 0x24, 0x3a, 0x7, 0xac,
    0x1, 0xfe, 0x9d, 0xa8, 0x8f, 0x4d, 0xf3, 0x0,
    0xf, 0x30, 0x40, 0x1f, 0xfc, 0x2, 0x57, 0x7f,
    0x32, 0x8, 0x0,

    /* U+65F6 "时" */
    0x0, 0xff, 0xe5, 0x4d, 0xd9, 0xc0, 0x3f, 0xf9,
    0xca, 0x88, 0xd0, 0xd, 0x11, 0xff, 0x8, 0x7,
    0xff, 0x19, 0x9d, 0xff, 0xc6, 0x1, 0xff, 0xe7,
    0x22, 0xe0, 0xf, 0xfe, 0x6c, 0xee, 0xe0, 0xc,
    0x48, 0x9f, 0xc2, 0x0, 0x14, 0x48, 0x3, 0xff,
    0x83, 0x17, 0x7f, 0xc4, 0x0, 0x4b, 0xb8, 0x40,
    0x3f, 0xff, 0x91, 0x99, 0xfc, 0x40, 0x4, 0xcc,
    0x84, 0x3, 0xff, 0x80, 0x46, 0x7f, 0xc2, 0x0,
    0x13, 0x38, 0x3, 0xff, 0x86, 0x30, 0x1, 0xff,
    0xc5, 0xc5, 0x59, 0x80, 0x39, 0xf9, 0xd8, 0x3,
    0xff, 0x88, 0xf5, 0x54, 0x80, 0x76, 0x0, 0x20,
    0x40, 0x3f, 0xf9, 0xb2, 0x0, 0x18, 0x0, 0xff,
    0xe1, 0x91, 0x70, 0x7, 0x13, 0x80, 0x18, 0x80,
    0x3f, 0xf8, 0x53, 0xbb, 0x80, 0x3d, 0x2, 0x0,
    0x90, 0xf, 0xfe, 0x74, 0x0, 0x11, 0x0, 0x1f,
    0xfc, 0xd6, 0x20, 0x4, 0x80, 0x7f, 0xf3, 0xa0,
    0x6, 0xc0, 0x3f, 0xf9, 0xcb, 0x3c, 0xc0, 0x1f,
    0xfc, 0xf6, 0x0, 0xff, 0xf0, 0xdf, 0xfe, 0x0,
    0xff, 0xff, 0x10, 0x0, 0xc0, 0x3e, 0x79, 0x9f,
    0x88, 0x2, 0x48, 0x8d, 0x38, 0x20, 0x1, 0x0,
    0xfb, 0x19, 0xbe, 0x0, 0xc4, 0xef, 0x98, 0xc0,
    0x2d, 0x0, 0xff, 0xe3, 0xa8, 0x7, 0xe2, 0x50,
    0xd, 0xdf, 0xe4, 0x0, 0xff, 0x8c, 0x3, 0xc4,
    0xd8, 0x1, 0xc0,

    /* U+660E "明" */
    0x0, 0xff, 0xe1, 0x44, 0x7f, 0xf0, 0x4b, 0x3f,
    0xff, 0xb4, 0x2, 0x77, 0xff, 0xe1, 0x8, 0x7,
    0xf1, 0x80, 0x7f, 0xf5, 0x88, 0xcf, 0xc0, 0x1f,
    0x45, 0x55, 0x20, 0x1f, 0xd1, 0x99, 0xe0, 0xf,
    0x91, 0x56, 0x40, 0xf, 0xff, 0xf8, 0x7, 0xff,
    0x18, 0xc8, 0xbc, 0x1, 0xff, 0xc9, 0x9d, 0xdf,
    0x0, 0x7f, 0xf5, 0xf7, 0x77, 0x80, 0x7f, 0xf2,
    0xc4, 0x8b, 0x0, 0x7f, 0x57, 0xff, 0x80, 0x3f,
    0xfa, 0xef, 0x33, 0x40, 0x7, 0xff, 0x2e, 0xd9,
    0xa5, 0x0, 0xe1, 0x0, 0xff, 0xe9, 0x88, 0x7,
    0xff, 0x2c, 0xc0, 0x2b, 0xff, 0xf0, 0x7, 0xff,
    0x14, 0x40, 0x3f, 0xf9, 0xec, 0x1, 0xff, 0xcf,
    0xd0, 0x1, 0x6e, 0xfc, 0x1, 0xff, 0xc5, 0x30,
    0x3, 0x91, 0x7c, 0x1, 0xf6, 0x7f, 0xda, 0x1,
    0x85, 0x0, 0x18, 0x1, 0xff, 0xcb, 0x60, 0x9,
    0x0, 0x3f, 0xf9, 0x43, 0x20, 0x4, 0x20, 0xf,
    0xfe, 0x14, 0xe6, 0x7b, 0x68, 0x40, 0x1c, 0x1,
    0xf0, 0x80, 0x7c, 0xa6, 0x7e, 0xb4, 0x0, 0x1a,
    0x80, 0x9, 0xdf, 0x68, 0x4, 0x28, 0xaa, 0x10,
    0xe, 0x77, 0x0, 0x5e, 0x1, 0x34, 0x46, 0x30,
    0x9, 0xa6, 0xa8, 0x40, 0x18, 0xa0, 0x2, 0x83,
    0x0, 0x94, 0x3, 0xe3, 0x20, 0xf, 0xc5, 0x62,
    0xc, 0xe0, 0x18, 0x44, 0x1, 0x89, 0xb4, 0x3,
    0xfc, 0x98, 0xf2, 0x1, 0xee, 0xff, 0xdb, 0x22,
    0x0,

    /* U+663E "显" */
    0x0, 0xb3, 0xbb, 0xff, 0x95, 0xa0, 0x1e, 0x11,
    0xff, 0xe5, 0x90, 0x7, 0xff, 0x6d, 0xff, 0xff,
    0xf8, 0x90, 0x1, 0xff, 0xdf, 0x11, 0xff, 0xe2,
    0x78, 0x7, 0xff, 0x1, 0xfb, 0xbf, 0xf8, 0x8e,
    0x1, 0xff, 0xde, 0x49, 0x9f, 0xfe, 0x22, 0x0,
    0x7f, 0xf0, 0xd, 0x9b, 0xff, 0x89, 0x80, 0x1f,
    0xfd, 0xe7, 0xee, 0xff, 0xe2, 0x40, 0x7, 0xff,
    0x4, 0x47, 0xff, 0x88, 0x1, 0xff, 0xd5, 0x10,
    0xf, 0x6f, 0xff, 0x58, 0x5, 0xdf, 0xf0, 0x5,
    0x3f, 0xfd, 0xc0, 0x1e, 0x41, 0x0, 0xff, 0xe4,
    0x23, 0x80, 0x74, 0xdd, 0x0, 0x7f, 0xf2, 0x22,
    0x1c, 0xa0, 0x8, 0x60, 0x46, 0x0, 0xff, 0xe3,
    0x29, 0x80, 0x80, 0x50, 0x60, 0x9, 0x20, 0xf,
    0xfe, 0x2d, 0x80, 0xd, 0x40, 0x2e, 0x0, 0xb8,
    0x3, 0xff, 0x89, 0x2, 0x0, 0xf0, 0xc, 0x50,
    0x0, 0x36, 0x0, 0xff, 0xe1, 0x13, 0x80, 0x18,
    0xc0, 0x39, 0xc8, 0x1, 0x22, 0x1, 0xff, 0xc1,
    0xe0, 0x0, 0xc0, 0x7, 0xdc, 0x1, 0x20, 0x7,
    0xff, 0x1, 0xcc, 0x1, 0x62, 0x1, 0xf1, 0xa8,
    0xda, 0x80, 0x7f, 0xf0, 0x1d, 0xc0, 0x8a, 0x1,
    0xfd, 0x7e, 0x80, 0x1f, 0xfc, 0x28, 0xea, 0x0,
    0xff, 0x8, 0x80, 0x3f, 0xf8, 0x82, 0x20, 0xe,
    0xdf, 0xff, 0xd6, 0x1, 0x77, 0xfc, 0x1, 0x4f,
    0xff, 0xf1, 0x80, 0x7f, 0xfb, 0xf3, 0x77, 0xff,
    0xa2,

    /* U+666F "景" */
    0x0, 0xc8, 0xab, 0xff, 0xca, 0x40, 0xf, 0xd7,
    0x55, 0xff, 0xca, 0xb0, 0xf, 0xfe, 0xfd, 0xff,
    0xff, 0xf1, 0x2c, 0x3, 0xff, 0x85, 0x39, 0x9f,
    0xfc, 0x49, 0x0, 0xff, 0xe1, 0x11, 0x9f, 0xff,
    0x10, 0x80, 0x3f, 0xf8, 0x53, 0x99, 0xff, 0xc4,
    0x90, 0xf, 0xfe, 0x11, 0x19, 0xff, 0xf1, 0x8,
    0x3, 0xff, 0x85, 0x7f, 0xff, 0xfc, 0x4b, 0x0,
    0xff, 0xef, 0xdd, 0xff, 0x80, 0x23, 0xbb, 0xff,
    0x0, 0x7e, 0x44, 0xff, 0x28, 0x0, 0xd5, 0x13,
    0xf8, 0x3, 0xbf, 0xff, 0xf8, 0x2a, 0x1, 0x77,
    0xff, 0xff, 0x0, 0x3, 0xff, 0xac, 0xef, 0xff,
    0xd2, 0x0, 0x44, 0x7f, 0xf4, 0x80, 0x38, 0x77,
    0x7f, 0xf9, 0x42, 0x1, 0xf8, 0xc8, 0xbf, 0xf9,
    0x46, 0x1, 0xff, 0xc0, 0x8a, 0xaf, 0xfe, 0x14,
    0x0, 0x7f, 0xf1, 0x15, 0x7f, 0xf8, 0x80, 0x1f,
    0xfc, 0x46, 0x22, 0xff, 0xe1, 0x38, 0x7, 0xff,
    0x12, 0xf7, 0x7f, 0xf8, 0x54, 0x1, 0xff, 0xe0,
    0x2d, 0xda, 0x8a, 0xb7, 0x6b, 0x0, 0xa7, 0x75,
    0xd, 0x9b, 0xb1, 0x0, 0x7f, 0x11, 0xdd, 0x14,
    0x91, 0x4c, 0x1, 0x11, 0x54, 0xd9, 0x40, 0x40,
    0x1f, 0xc5, 0x3c, 0xc0, 0x3, 0x20, 0x0, 0x80,
    0x72, 0x90, 0x1, 0xf6, 0x8c, 0x3, 0xcb, 0x7a,
    0xc0, 0x13, 0x71, 0x0, 0xd0, 0x7, 0x2e, 0x28,
    0x4, 0xb9, 0x68, 0x1, 0x65, 0x20, 0x4, 0xbb,
    0x9d, 0xfe, 0xe6, 0x0, 0x98, 0x0, 0x75, 0xce,
    0x1, 0x25, 0xb8, 0x2, 0x80, 0x26, 0xda, 0x27,
    0x0, 0xf8, 0x88, 0x1, 0x86, 0x39, 0xc4, 0x0,
    0xc0, 0x6, 0x48, 0xe9, 0x20, 0x1, 0x8, 0x6,
    0x26, 0xc0, 0xf, 0x86, 0x3d, 0xe0, 0x40,

    /* U+6682 "暂" */
    0x0, 0xf1, 0x0, 0x7f, 0xf4, 0xf, 0x7f, 0x0,
    0x3f, 0xf8, 0xa2, 0x80, 0x1f, 0x48, 0x1, 0x40,
    0x3f, 0xf8, 0x4, 0x8f, 0x5b, 0xd6, 0xa0, 0x71,
    0x19, 0x40, 0x7, 0x11, 0xe0, 0x8b, 0xce, 0xfd,
    0xb8, 0x52, 0x0, 0x78, 0x23, 0xbe, 0x0, 0x95,
    0xdf, 0xc0, 0xa8, 0x62, 0x1, 0xf2, 0x68, 0x7,
    0xff, 0x28, 0x91, 0xa7, 0x7e, 0xdc, 0x1f, 0xfc,
    0x60, 0x8, 0xdc, 0xc7, 0x7f, 0xe0, 0xd, 0x7f,
    0xb7, 0x2c, 0x40, 0x1e, 0x63, 0x3, 0x7b, 0xcc,
    0x20, 0x7, 0xe6, 0x0, 0xff, 0x8a, 0x40, 0x1c,
    0x1, 0xff, 0xc1, 0x45, 0x5f, 0xf0, 0x40, 0x5,
    0xbe, 0xc0, 0xa, 0xff, 0x94, 0x3, 0x4d, 0x57,
    0xf8, 0x4, 0x3, 0xff, 0xa3, 0xd1, 0x1c, 0x40,
    0x6, 0x88, 0x9c, 0x3, 0x44, 0xcc, 0x60, 0x5,
    0x99, 0x81, 0x5d, 0xf8, 0x40, 0x18, 0xef, 0x10,
    0x18, 0x1, 0xd9, 0xb0, 0x3, 0x59, 0xa0, 0xc,
    0x24, 0x60, 0x17, 0xcd, 0x5b, 0x0, 0x80, 0x80,
    0x7f, 0xd9, 0xdf, 0xee, 0xdc, 0x30, 0x2, 0xb2,
    0xa7, 0xa8, 0x1, 0x40, 0x3f, 0xe1, 0x10, 0x7,
    0xfc, 0x3d, 0x20, 0xd, 0x0, 0xff, 0x91, 0xc,
    0xf1, 0x34, 0x40, 0xa, 0xff, 0x70, 0x18, 0x13,
    0x0, 0x7f, 0xd3, 0x73, 0xe, 0xca, 0x20, 0x1f,
    0xd2, 0x1, 0xc6, 0x0, 0x10, 0xf, 0xf6, 0x7f,
    0x94, 0x2, 0x7d, 0x94, 0x0, 0xe9, 0xff, 0x30,
    0x7, 0xd3, 0x55, 0xfe, 0x8c, 0xaa, 0xfe, 0x0,
    0xfc, 0xca, 0xbf, 0xfc, 0x91, 0x0, 0xff, 0xee,
    0x57, 0xff, 0xff, 0xa, 0xc0, 0x3f, 0xfc, 0x15,
    0xff, 0xff, 0xc2, 0xb0, 0xf, 0xff, 0x4, 0x5d,
    0xff, 0xf0, 0xa0, 0x3, 0xff, 0x84, 0x48, 0x9f,
    0xfc, 0x23, 0x0, 0xff, 0xe1, 0x6a, 0xaf, 0xff,
    0x8, 0xc0, 0x3f, 0xf8, 0x4f, 0x55, 0xff, 0xc2,
    0x80, 0xf, 0xff, 0x5, 0x7f, 0xff, 0xf0, 0xac,
    0x3, 0xe0,

    /* U+66F4 "更" */
    0x2b, 0xbf, 0xfe, 0x84, 0x80, 0xa2, 0x7f, 0xf4,
    0x14, 0x3, 0xff, 0xa8, 0x79, 0x9f, 0xfc, 0x7,
    0x0, 0xb3, 0x3f, 0xf8, 0x1c, 0x0, 0x33, 0xff,
    0xe0, 0x70, 0x4, 0x67, 0xff, 0xc0, 0x20, 0xf,
    0xfe, 0xbe, 0xff, 0xff, 0x48, 0x5, 0xff, 0xfe,
    0x60, 0xf, 0xfe, 0xe0, 0x91, 0x78, 0x40, 0x22,
    0x2f, 0x80, 0x3f, 0xf8, 0x33, 0xbb, 0xe8, 0x0,
    0xb7, 0x7e, 0x10, 0xf, 0xfe, 0xfd, 0xcc, 0xfa,
    0x80, 0x29, 0x9f, 0x84, 0x3, 0xff, 0x80, 0x6c,
    0xde, 0x30, 0x9, 0x9b, 0xe0, 0xf, 0xff, 0x3,
    0xff, 0xfa, 0x0, 0x2f, 0xff, 0x84, 0x3, 0xff,
    0x81, 0xe0, 0x1e, 0x10, 0xf, 0xfe, 0x5f, 0x80,
    0x78, 0x40, 0x3f, 0xf9, 0x6f, 0xff, 0xe8, 0x0,
    0xbf, 0xfe, 0x10, 0xf, 0xfe, 0xe3, 0x11, 0x4,
    0x8b, 0xc0, 0x18, 0x8b, 0xfc, 0x60, 0x1e, 0xbd,
    0x91, 0xad, 0xde, 0x20, 0x2, 0xee, 0xff, 0x94,
    0x3, 0xe4, 0xb0, 0x89, 0x0, 0x88, 0x80, 0xd,
    0x0, 0xff, 0xe3, 0x29, 0x0, 0x1b, 0x4, 0x24,
    0x2, 0x50, 0xf, 0xfe, 0x30, 0xe9, 0x80, 0xf,
    0xa9, 0x0, 0x8, 0x40, 0x1f, 0xfc, 0x8c, 0x70,
    0x9, 0x40, 0x29, 0x0, 0xff, 0xe5, 0x51, 0x80,
    0x7b, 0xe1, 0x48, 0x3, 0xff, 0x88, 0x6f, 0x9a,
    0x60, 0x1e, 0x27, 0xad, 0xfd, 0xb9, 0x87, 0x55,
    0x21, 0x90, 0x13, 0xdf, 0x64, 0x18, 0x6, 0x58,
    0x30, 0xf, 0x12, 0x33, 0xc5, 0x52, 0xf3, 0x41,
    0x21, 0x4, 0x3, 0xb, 0x6d, 0x3e, 0x74, 0xa9,
    0x0, 0x7f, 0xc4, 0xc, 0x1, 0x85, 0xab, 0xa4,
    0x80, 0x21, 0x6a, 0xde, 0xb9, 0x76, 0x42, 0x10,
    0x9, 0x0, 0xe, 0xb3, 0xbd, 0x2a, 0x1, 0xfe,
    0x14, 0x68, 0x9b, 0xde, 0xff, 0x74, 0x0,

    /* U+6700 "最" */
    0x0, 0x8b, 0xff, 0xff, 0x94, 0x60, 0x1f, 0xfd,
    0xe7, 0x88, 0xff, 0xe1, 0x80, 0x7f, 0xf0, 0xe5,
    0xdf, 0xff, 0x84, 0xc0, 0x1f, 0xfc, 0x3e, 0xff,
    0xff, 0xe1, 0x70, 0x7, 0xff, 0x8a, 0xf3, 0x3f,
    0xf8, 0x56, 0x1, 0xff, 0xc3, 0x10, 0xf, 0xfe,
    0x95, 0x66, 0x7f, 0xf0, 0xac, 0x3, 0xff, 0xbc,
    0x5d, 0xdf, 0xfc, 0xa3, 0x0, 0xfc, 0x23, 0xff,
    0xca, 0x0, 0xef, 0xff, 0xfe, 0x90, 0x7, 0xff,
    0x51, 0x98, 0xa0, 0x1, 0x66, 0xe3, 0x0, 0x1b,
    0x37, 0xff, 0xc, 0x26, 0x5c, 0x0, 0x59, 0x9e,
    0x40, 0x5, 0xcc, 0xff, 0xf0, 0xc0, 0x3c, 0xd1,
    0x1c, 0x80, 0x1a, 0xff, 0xff, 0xe4, 0x0, 0xf8,
    0x9d, 0xf8, 0xc0, 0x3f, 0xf9, 0x82, 0xcd, 0xc6,
    0x1, 0xf1, 0x2a, 0xe4, 0x0, 0xff, 0x96, 0x67,
    0x90, 0x3, 0x70, 0x5, 0x55, 0xb0, 0x0, 0x48,
    0x1, 0xf8, 0x47, 0x80, 0x39, 0x48, 0x9, 0x80,
    0x29, 0x0, 0x40, 0x7, 0xe4, 0xee, 0xe7, 0x0,
    0xee, 0x0, 0x41, 0x4, 0x88, 0x1a, 0x80, 0x7f,
    0xf2, 0xd, 0x80, 0x7d, 0x98, 0x0, 0xe0, 0xf,
    0xe4, 0xff, 0xe7, 0x0, 0xf4, 0x90, 0x14, 0x80,
    0x28, 0x80, 0x3f, 0xf8, 0x44, 0x40, 0x5, 0x63,
    0x80, 0x3c, 0x3, 0x22, 0x80, 0x78, 0x8c, 0x0,
    0xb7, 0xbd, 0xfa, 0xa0, 0x2, 0x3e, 0x3, 0xe0,
    0xc, 0x98, 0x80, 0x1b, 0xb6, 0x0, 0x2, 0x84,
    0x20, 0x1c, 0x26, 0x6b, 0xc3, 0x0, 0x18, 0x0,
    0xef, 0x5c, 0x40, 0x80, 0x30, 0x9a, 0x34, 0x52,
    0x80, 0x25, 0xd5, 0x0, 0x9, 0xd9, 0x22, 0x0,
    0x28, 0xe0, 0x99, 0x5e, 0xff, 0x65, 0xcb, 0xa9,
    0x0, 0x5c, 0x0, 0x2a, 0xb1, 0x6, 0xf7, 0x0,
    0x98, 0x15, 0x90, 0x80, 0x3f, 0xe5, 0x6a, 0xd5,
    0x0, 0xc3, 0x1f, 0x5, 0x60, 0x1f, 0xfc, 0x8,
    0xff, 0x38, 0x4a, 0x80, 0x7f, 0x3e, 0x90, 0x0,

    /* U+6709 "有" */
    0x0, 0xff, 0xe0, 0x65, 0x42, 0x80, 0x7f, 0xf3,
    0xd0, 0xd5, 0xf4, 0x3, 0xff, 0x9f, 0xe0, 0x15,
    0x0, 0x7f, 0xf1, 0x48, 0xcf, 0xf2, 0x20, 0x0,
    0x62, 0x67, 0xff, 0xc3, 0x0, 0x46, 0x67, 0xeb,
    0x0, 0x8f, 0x33, 0xff, 0x88, 0x20, 0x1f, 0xff,
    0x5a, 0xff, 0xf6, 0x0, 0x47, 0xff, 0xff, 0xc6,
    0x10, 0xf, 0xdc, 0x1, 0x78, 0x7, 0xff, 0x3a,
    0x8, 0x0, 0xc6, 0x1, 0xff, 0xcd, 0x47, 0x0,
    0x9b, 0xff, 0xff, 0x87, 0x20, 0x1f, 0xc3, 0x40,
    0x1f, 0xfd, 0x2d, 0x10, 0xf, 0xfe, 0x8d, 0x18,
    0x4, 0x7f, 0xff, 0xfc, 0x23, 0x0, 0xff, 0x4a,
    0x80, 0x7f, 0xf4, 0x65, 0x80, 0x3f, 0xfa, 0x34,
    0xc0, 0x10, 0x80, 0xf, 0xff, 0xff, 0x84, 0x60,
    0x1f, 0x22, 0x80, 0x52, 0x80, 0x1f, 0xfc, 0xd4,
    0x10, 0x4, 0x30, 0x6, 0x33, 0xff, 0xe1, 0x0,
    0x7f, 0x30, 0x4b, 0x80, 0x63, 0xcc, 0xff, 0xe1,
    0x18, 0x7, 0xea, 0xa3, 0x0, 0x7f, 0xf4, 0x49,
    0x40, 0x3f, 0xfb, 0x47, 0xff, 0xff, 0xc2, 0x30,
    0xf, 0xff, 0x29, 0x17, 0xff, 0x8, 0x3, 0xff,
    0x8a, 0x7b, 0xbf, 0xfc, 0x23, 0x0, 0xff, 0xe9,
    0x88, 0x7, 0xff, 0x49, 0x8, 0x3, 0xff, 0x98,
    0x3f, 0xfd, 0x60, 0x17, 0x0, 0x7f, 0xf2, 0x44,
    0x40, 0x1f, 0x98, 0x3, 0xff, 0x94, 0xa0, 0x1c,
    0x29, 0x82, 0x1, 0x80,

    /* U+671F "期" */
    0x0, 0x96, 0x64, 0x80, 0x1d, 0x33, 0x0, 0x7f,
    0xf1, 0xb1, 0x98, 0x60, 0x1c, 0xcd, 0x0, 0x42,
    0xab, 0xfe, 0x40, 0xf, 0xfe, 0x32, 0xd5, 0x7f,
    0xc0, 0xd6, 0xe0, 0xa, 0xbb, 0xe0, 0xa, 0xec,
    0x1, 0xff, 0xc2, 0xe4, 0x10, 0x1, 0x22, 0x70,
    0x4, 0x88, 0x0, 0xe1, 0x1e, 0x0, 0xff, 0xe6,
    0x1f, 0x76, 0xc0, 0xd, 0x3a, 0xa0, 0x6, 0xdd,
    0xd8, 0x1, 0x6e, 0x80, 0x3f, 0xf8, 0x42, 0x46,
    0x0, 0xe2, 0x2c, 0x60, 0x11, 0x10, 0x3, 0xff,
    0xcb, 0x57, 0x7c, 0x1, 0xff, 0xcc, 0x24, 0x4e,
    0x0, 0xfe, 0x3f, 0xfd, 0xa0, 0x1f, 0xfd, 0xb7,
    0xff, 0xdc, 0x1, 0xff, 0xcc, 0xf0, 0xc, 0x20,
    0x1f, 0xc7, 0xff, 0xb4, 0x3, 0xfb, 0xc0, 0x30,
    0x80, 0x7f, 0xf3, 0x1f, 0xff, 0x70, 0x7, 0x84,
    0x3, 0xff, 0xc6, 0x4a, 0xbc, 0x1, 0xfc, 0xe0,
    0x1f, 0xfc, 0x2a, 0xaf, 0x0, 0x78, 0xc0, 0x9,
    0xdd, 0xb0, 0x3, 0xff, 0x92, 0x20, 0x10, 0x8f,
    0x0, 0x43, 0xba, 0x70, 0x4, 0xee, 0xf0, 0x5,
    0xba, 0x1f, 0x0, 0xff, 0x8c, 0x88, 0x20, 0x1,
    0x22, 0xe0, 0x8, 0x88, 0x64, 0x0, 0x7f, 0xfd,
    0xa0, 0x1f, 0xfc, 0x96, 0x0, 0x70, 0x7, 0xe2,
    0xff, 0xd3, 0x2f, 0xfc, 0xcf, 0xff, 0x88, 0xc0,
    0x4, 0x1, 0xff, 0xc0, 0x29, 0x98, 0x1, 0xc,
    0xf0, 0x1, 0x28, 0x4, 0xa0, 0x1f, 0xfc, 0xe,
    0x0, 0x31, 0x81, 0x80, 0x1e, 0x0, 0x1c, 0x0,
    0x21, 0x0, 0xff, 0xa8, 0xc0, 0x10, 0x61, 0x68,
    0x0, 0x77, 0x1a, 0x0, 0x14, 0x3, 0x84, 0x3,
    0xa9, 0x40, 0xa, 0xe0, 0x15, 0xa0, 0x0, 0xfc,
    0x2, 0xa0, 0x12, 0x2a, 0x40, 0x6, 0x16, 0xa0,
    0x3, 0xa0, 0xe, 0xb3, 0xa3, 0x30, 0x1, 0x48,
    0x27, 0x76, 0x50, 0x0, 0x89, 0x80, 0x7, 0x80,
    0x1f, 0x63, 0x40, 0x5, 0x0, 0xd, 0x0, 0xf5,
    0xf, 0x89, 0x68, 0x7, 0xf1, 0xb8, 0x1, 0xc8,
    0x0, 0x80, 0x18, 0xa1, 0x80, 0xb3, 0x2, 0x1,
    0xfe, 0x8d, 0x58, 0x0, 0x87, 0xff, 0x6b, 0x80,

    /* U+672A "未" */
    0x0, 0xff, 0xe1, 0x77, 0xfa, 0x0, 0x3f, 0xff,
    0xe0, 0x1f, 0xfd, 0x61, 0x22, 0xff, 0x0, 0x42,
    0x45, 0xfe, 0x0, 0xf5, 0x6e, 0xff, 0x84, 0x0,
    0xdb, 0xbf, 0xe5, 0x0, 0xff, 0xfb, 0xd6, 0xef,
    0xf8, 0x40, 0xd, 0xbb, 0xfe, 0x50, 0xe, 0x12,
    0x2f, 0xf0, 0x4, 0x24, 0x5f, 0xe0, 0xf, 0xff,
    0xf8, 0x7, 0xff, 0x2b, 0x3f, 0xff, 0xf8, 0x2,
    0x0, 0x7f, 0xff, 0xfe, 0x2, 0x80, 0x80, 0x7f,
    0xfc, 0x7a, 0xef, 0xfc, 0xa0, 0x1e, 0x8b, 0xbf,
    0xf2, 0x1, 0xa2, 0x7f, 0x2, 0x80, 0x7a, 0x55,
    0x13, 0xf8, 0x40, 0x3f, 0xc7, 0x60, 0x1f, 0xe,
    0x8, 0x7, 0xff, 0x18, 0xf4, 0x3, 0xc4, 0x0,
    0x2d, 0x10, 0xf, 0xfe, 0x21, 0xe0, 0x80, 0x28,
    0x40, 0xa, 0xe0, 0x3, 0xc2, 0x0, 0xff, 0xe1,
    0x2e, 0x0, 0x50, 0xa0, 0x1a, 0x14, 0x0, 0x58,
    0x60, 0x1f, 0xfc, 0x8, 0xa0, 0x9, 0xdc, 0x1,
    0xea, 0x40, 0x0, 0xe3, 0x80, 0x7f, 0x16, 0x38,
    0x5, 0x10, 0x0, 0xfd, 0x6a, 0x1, 0x45, 0x88,
    0x7, 0xa3, 0x4c, 0x2, 0x97, 0x0, 0xff, 0x52,
    0x80, 0x49, 0xee, 0x1, 0x2f, 0x38, 0x4, 0x36,
    0xc0, 0x1f, 0xfc, 0xa, 0x80, 0x8, 0x63, 0x50,
    0xe8, 0x40, 0x23, 0xf4, 0x0, 0xff, 0xe1, 0x3e,
    0x8, 0x4, 0x5a, 0x6c, 0x1, 0x46, 0x8, 0x7,
    0xff, 0x10, 0xfd, 0x40, 0x3, 0x21, 0x22, 0x78,
    0xe0, 0x1f, 0xfc, 0x71, 0xab, 0x2b, 0x0, 0xb3,
    0x6, 0x1, 0xff, 0xca, 0x4d, 0x50, 0x8, 0x80,
    0x3f, 0xfa, 0x0,

    /* U+672C "本" */
    0x0, 0xff, 0xe1, 0x88, 0x80, 0x3f, 0xfa, 0x37,
    0xdc, 0xb0, 0xf, 0xff, 0xf8, 0x7, 0xff, 0xe5,
    0xdf, 0xff, 0x80, 0xc0, 0x6, 0x77, 0xff, 0xe0,
    0x8, 0x0, 0xa2, 0x3f, 0xf8, 0x4, 0x0, 0x28,
    0x8f, 0xfe, 0x1, 0x80, 0x7f, 0xfd, 0x8b, 0xff,
    0xfc, 0x20, 0x1e, 0x2f, 0xff, 0xf1, 0x0, 0x7f,
    0xf0, 0x1c, 0x40, 0x3c, 0x4e, 0x1, 0xff, 0xc9,
    0x18, 0x0, 0x8, 0x7, 0x48, 0x7, 0xff, 0x26,
    0x0, 0x8, 0xa0, 0x4, 0x20, 0x18, 0x0, 0xff,
    0xe3, 0x9b, 0x0, 0x24, 0x3, 0x48, 0x1, 0xc8,
    0x3, 0xff, 0x8d, 0xc0, 0x5, 0x20, 0xc, 0x86,
    0x0, 0xe0, 0xf, 0xfe, 0x2d, 0x10, 0x2, 0x0,
    0x3d, 0xe0, 0x3, 0x90, 0xf, 0xfe, 0x1a, 0xa8,
    0x1, 0x4, 0x1, 0xe3, 0x60, 0x3, 0x20, 0x7,
    0xff, 0x4, 0xe8, 0x0, 0x6e, 0x1, 0xfa, 0x48,
    0x1, 0x66, 0x1, 0xff, 0x16, 0x80, 0x5c, 0x1,
    0xfe, 0xe0, 0xb, 0x48, 0x3, 0xf8, 0xb0, 0x40,
    0x14, 0x40, 0x1f, 0xe3, 0x80, 0x0, 0xe1, 0x0,
    0x7c, 0x58, 0x20, 0x7, 0x50, 0xf, 0xfe, 0x3,
    0xb0, 0x0, 0x70, 0xc0, 0x38, 0xb0, 0x40, 0xb,
    0x0, 0x1f, 0xfc, 0x29, 0x40, 0x0, 0xe2, 0x80,
    0x49, 0xa2, 0x0, 0x3b, 0x44, 0xf3, 0x0, 0x19,
    0x13, 0xd4, 0x60, 0x15, 0x40, 0x1d, 0x80, 0x47,
    0xa7, 0x77, 0xe2, 0x0, 0x15, 0xdf, 0x8f, 0x48,
    0x2, 0x72, 0x32, 0x0, 0x16, 0x88, 0x7, 0xff,
    0x18, 0x74, 0xc0, 0xc, 0x41, 0x20, 0x78, 0x20,
    0x60, 0x1f, 0xfc, 0x7c, 0x41, 0x80, 0x2, 0x46,
    0x8, 0x0, 0x7f, 0xfc, 0x80, 0x4, 0xff, 0xf1,
    0x0, 0x57, 0xa2, 0x1, 0x38, 0x7, 0xff, 0x38,
    0xc0, 0x3f, 0xff, 0xe0, 0x1f, 0xfc, 0xb0,

    /* U+673A "机" */
    0x0, 0xe1, 0x18, 0x3, 0xff, 0xa1, 0xdd, 0x18,
    0x7, 0xff, 0x60, 0x47, 0xfe, 0x0, 0xff, 0xe3,
    0x97, 0x77, 0xfc, 0xc0, 0x1f, 0xff, 0xf0, 0xf,
    0xe7, 0x88, 0xc2, 0x1, 0xfd, 0x9d, 0xd0, 0x5,
    0xbd, 0xd1, 0x0, 0x6a, 0x77, 0xc0, 0x1f, 0xe2,
    0x11, 0x80, 0x21, 0x1c, 0x1, 0xff, 0xe7, 0xdb,
    0xb8, 0x2, 0x8b, 0xb8, 0x80, 0x3f, 0xf8, 0xe6,
    0x88, 0x10, 0x9, 0x13, 0x0, 0x7f, 0xf2, 0xf8,
    0x3, 0xff, 0xa2, 0x28, 0x1, 0x20, 0x7, 0xff,
    0x36, 0x40, 0x34, 0x50, 0x7, 0xff, 0x31, 0x80,
    0x39, 0x74, 0x80, 0x3f, 0xf9, 0x2c, 0x20, 0x1e,
    0x2d, 0x50, 0xc, 0x60, 0x1f, 0xfc, 0x38, 0x0,
    0xe5, 0x0, 0xa9, 0xc0, 0x3f, 0xf8, 0xd0, 0x20,
    0x60, 0x14, 0xd8, 0x82, 0x30, 0x7, 0xff, 0x14,
    0x9c, 0x1, 0x0, 0x19, 0x30, 0xa1, 0xc0, 0x21,
    0x0, 0xff, 0xe0, 0xd0, 0x0, 0xd0, 0x3, 0x8b,
    0x4c, 0x40, 0x3f, 0xf8, 0x46, 0x0, 0xd0, 0x4,
    0x0, 0x7f, 0x18, 0x0, 0x80, 0x3f, 0xec, 0xf9,
    0x70, 0x54, 0x0, 0xfe, 0xf0, 0x3, 0x0, 0x7f,
    0xf0, 0x54, 0x86, 0xc0, 0x3f, 0xca, 0x0, 0x30,
    0xf, 0xfe, 0x1d, 0x8, 0x7, 0xf0, 0x98, 0x3,
    0x40, 0x3f, 0xf8, 0x2e, 0x8, 0x1, 0xfe, 0x60,
    0x9, 0x0, 0x3f, 0xc2, 0x1, 0xff, 0xc3, 0x90,
    0x2, 0x88, 0x7, 0xff, 0x36, 0x4, 0x1, 0xc0,
    0x1e, 0x30, 0x0, 0x81, 0x0, 0x4, 0x3, 0xfc,
    0x8e, 0x0, 0x44, 0x0, 0x7f, 0x46, 0xe0, 0x0,
    0xc0, 0x3f, 0x8e, 0xc0, 0x2a, 0x0, 0xf9, 0xc0,
    0x22, 0x0, 0xbc, 0x3, 0xf9, 0x40, 0x2a, 0x10,
    0xf, 0xa4, 0x40, 0x38, 0xd8, 0x3, 0xf9, 0xb5,
    0x21, 0x40, 0x3f, 0x1f, 0x5d, 0x55, 0x98, 0x0,
    0xf7, 0xfc, 0x60, 0x56, 0xe0, 0x1f, 0xf2, 0x2a,
    0xc6, 0x0,

    /* U+6750 "材" */
    0x0, 0xff, 0xec, 0x2f, 0xfc, 0x1, 0xff, 0xc2,
    0x2f, 0xf8, 0xc0, 0x3f, 0xf9, 0xc2, 0x1, 0xff,
    0xff, 0x0, 0xff, 0xf6, 0xe7, 0xfd, 0x40, 0x17,
    0xfe, 0x45, 0xff, 0xfd, 0x80, 0x16, 0x7f, 0xb8,
    0x4, 0x3, 0xff, 0xe3, 0x35, 0x52, 0x0, 0x55,
    0x59, 0x5e, 0x23, 0xe1, 0x0, 0xcd, 0x10, 0x90,
    0x45, 0x5c, 0x1, 0x2a, 0xe1, 0x27, 0x7f, 0x20,
    0x80, 0x6a, 0x77, 0x80, 0x32, 0x8, 0x7, 0xff,
    0xe, 0x0, 0x3f, 0xf8, 0x3c, 0x1, 0xb0, 0x40,
    0x3f, 0x91, 0x0, 0x1f, 0xfc, 0x2, 0x50, 0xc,
    0x7e, 0x60, 0x1f, 0xa4, 0x0, 0x20, 0x1f, 0xeb,
    0x0, 0xf0, 0xe3, 0x0, 0x79, 0xc8, 0x1, 0x0,
    0x1f, 0xc2, 0xc0, 0x1f, 0xa6, 0x0, 0x31, 0xc0,
    0x1, 0x94, 0x3, 0xfa, 0x0, 0x4, 0x1, 0x48,
    0x4, 0xc2, 0x1, 0x70, 0x5, 0x0, 0x1f, 0xc4,
    0xc0, 0xb, 0x0, 0x9a, 0xc0, 0x16, 0x20, 0x9,
    0x20, 0x4, 0x88, 0x7, 0xf4, 0x80, 0x18, 0xc0,
    0x32, 0x63, 0xa8, 0x1, 0xd8, 0x0, 0x8c, 0x1,
    0xfc, 0xa8, 0x0, 0x80, 0xf, 0x1c, 0x0, 0x16,
    0x0, 0x3, 0x40, 0x1f, 0xe1, 0x0, 0x30, 0x80,
    0x7f, 0x25, 0x0, 0x54, 0x20, 0x1f, 0xe5, 0x1,
    0x80, 0xf, 0xe4, 0xb0, 0xa, 0x50, 0x3, 0xfe,
    0x11, 0x40, 0x80, 0x7e, 0x6b, 0x0, 0x9d, 0x80,
    0x3f, 0xf8, 0x2c, 0xc0, 0xf, 0xcf, 0x20, 0x12,
    0xc0, 0x7, 0xff, 0xa, 0x0, 0x3f, 0x14, 0x0,
    0x4b, 0x40, 0x1f, 0xfc, 0xc2, 0x90, 0x3, 0xd0,
    0x7, 0xff, 0x39, 0xa2, 0x60, 0x3, 0xf3, 0x80,
    0x7f, 0xf1, 0xdd, 0x80, 0x23, 0x44, 0xcd, 0x20,
    0x10, 0x80, 0x7f, 0xf2, 0x2a, 0xef, 0x49, 0x0,
    0x44, 0x1, 0xff, 0xc8, 0xf0, 0xf, 0xcc, 0x1,
    0xff, 0xc9, 0x50, 0xf, 0x13, 0xc8, 0x6,

    /* U+675F "束" */
    0x0, 0xff, 0xf0, 0xf7, 0xf9, 0xc0, 0x3f, 0xff,
    0xe1, 0x9f, 0xff, 0xfc, 0x1, 0x0, 0x47, 0xff,
    0xff, 0x1, 0x40, 0x40, 0x3f, 0xfe, 0x3d, 0x99,
    0xff, 0xc0, 0x0, 0x9b, 0x33, 0xff, 0x80, 0x80,
    0x67, 0xff, 0xc1, 0x10, 0x7, 0x19, 0xff, 0xf0,
    0x4, 0x3, 0xff, 0xac, 0x24, 0x5f, 0xe0, 0xb,
    0xc8, 0xbf, 0xc0, 0x1e, 0x9d, 0xdf, 0xf0, 0x80,
    0x1f, 0x77, 0xfc, 0x1, 0xff, 0xdd, 0x11, 0xf8,
    0x3, 0x8, 0xfc, 0x1, 0xff, 0xc0, 0x3e, 0xef,
    0x84, 0x1, 0x1d, 0xde, 0xa0, 0xf, 0xff, 0xf8,
    0x7, 0xff, 0x48, 0xff, 0xfe, 0x10, 0x4, 0x7f,
    0xfa, 0xc0, 0x3f, 0xff, 0x71, 0xff, 0xf6, 0x8,
    0x7, 0x97, 0xff, 0xf0, 0x7, 0xff, 0x5, 0x70,
    0x40, 0x3c, 0xb8, 0x20, 0x1f, 0xfc, 0x68, 0xa0,
    0xf, 0x8, 0x0, 0xfd, 0x0, 0x3f, 0xf8, 0x67,
    0xae, 0x0, 0x1c, 0x10, 0x4, 0xb8, 0x0, 0x6e,
    0x40, 0x3f, 0xf8, 0x3, 0x38, 0x40, 0x2, 0xc3,
    0x0, 0xd1, 0x20, 0x13, 0x73, 0x0, 0x7e, 0x18,
    0xe6, 0x0, 0x9b, 0x48, 0x3, 0xcd, 0x84, 0x0,
    0x19, 0xe6, 0x0, 0xc7, 0x5c, 0xe0, 0x10, 0xdc,
    0x80, 0x7f, 0x1e, 0xb0, 0x4, 0x33, 0xf2, 0x66,
    0xc5, 0x0, 0xcf, 0xc8, 0x1, 0xff, 0xc0, 0x9d,
    0x40, 0xc, 0xd2, 0x66, 0x0, 0x9b, 0xa0, 0x3,
    0xff, 0x86, 0x57, 0x64, 0x0, 0xa0, 0x20, 0x1f,
    0xa4, 0x40, 0x3f, 0xf8, 0xc9, 0x7a, 0xca, 0x40,
    0x9f, 0x2, 0x1, 0xff, 0xca, 0x29, 0xa0,

    /* U+6765 "来" */
    0x0, 0xff, 0xe1, 0x11, 0x98, 0x40, 0x3f, 0xf9,
    0xf9, 0x94, 0x80, 0x7f, 0xff, 0xc0, 0x23, 0x3f,
    0xf8, 0x2, 0x13, 0x3f, 0xf8, 0x3, 0x1e, 0x67,
    0xfc, 0x20, 0x6, 0xcc, 0xff, 0x70, 0x7, 0xff,
    0xd8, 0xff, 0xea, 0xcf, 0xff, 0x8, 0x1, 0xff,
    0xfd, 0x39, 0xfe, 0xd0, 0xf, 0x9e, 0xb4, 0x40,
    0x3f, 0xf8, 0x47, 0x38, 0x80, 0x1f, 0x92, 0x0,
    0x74, 0x3, 0xff, 0x82, 0x3a, 0x0, 0xb1, 0x0,
    0xf9, 0x14, 0x0, 0x74, 0x1, 0xff, 0xc0, 0xd1,
    0x0, 0x50, 0x80, 0x7e, 0xa3, 0x0, 0x2b, 0x80,
    0x7f, 0xac, 0xc0, 0xe, 0xa0, 0x1f, 0xed, 0x10,
    0x4, 0x10, 0x7, 0xe9, 0x40, 0x2, 0xc0, 0x7,
    0xfc, 0x3a, 0x0, 0x92, 0x0, 0xfd, 0x62, 0x7,
    0x40, 0x1f, 0x8, 0xf8, 0xa2, 0x5c, 0x46, 0x0,
    0xc2, 0x23, 0xd3, 0xe1, 0x1f, 0x0, 0x3f, 0xbb,
    0xd1, 0x3d, 0xd8, 0x40, 0xf, 0xdd, 0x61, 0xef,
    0x77, 0xa4, 0x3, 0xff, 0xe7, 0xfd, 0xdf, 0xe4,
    0x0, 0xf4, 0xf7, 0x7f, 0xa4, 0x4, 0x7f, 0xd4,
    0x80, 0x1e, 0x97, 0x11, 0xfe, 0x0, 0xff, 0xe,
    0x20, 0x7, 0xe9, 0x80, 0xf, 0xfe, 0x2a, 0x79,
    0x80, 0x14, 0x40, 0xc, 0x40, 0x7, 0xc1, 0x0,
    0xff, 0xe1, 0x45, 0x88, 0x1, 0x68, 0x2, 0x1c,
    0x30, 0x1, 0xfa, 0x80, 0x7f, 0xcb, 0xce, 0x1,
    0x35, 0x0, 0x70, 0xea, 0x0, 0x6, 0xb0, 0xc0,
    0x3e, 0x3b, 0xa1, 0x0, 0xaa, 0x40, 0x3e, 0x1b,
    0x80, 0x8, 0xf2, 0x88, 0x2, 0x4c, 0xc2, 0x0,
    0x45, 0xaa, 0x1, 0xfe, 0x7b, 0x20, 0x9, 0x76,
    0xd0, 0xec, 0xc0, 0x34, 0x69, 0x0, 0x7f, 0xf0,
    0x13, 0x5c, 0x3, 0x27, 0x9a, 0x0, 0x49, 0xae,
    0x1, 0xff, 0xc4, 0x8d, 0x40, 0xa, 0x2, 0x41,
    0x32, 0xc8, 0x3, 0xff, 0x8c, 0x57, 0x8a, 0x86,
    0x5, 0xb6, 0x60, 0x1f, 0xfc, 0xa3, 0xab, 0x0,
    0x88, 0x3, 0xff, 0xa0,

    /* U+677E "松" */
    0x0, 0xe3, 0x38, 0x3, 0xff, 0xa3, 0x99, 0x18,
    0x7, 0xff, 0x6, 0x33, 0xc4, 0x3, 0xff, 0x94,
    0xfd, 0x4a, 0x0, 0x73, 0x4, 0x0, 0xff, 0xe5,
    0x58, 0xae, 0x0, 0x10, 0x1, 0xe0, 0x1f, 0xfc,
    0x91, 0x30, 0x6, 0x80, 0x34, 0x0, 0x80, 0x1f,
    0xfc, 0x97, 0x0, 0xa, 0x0, 0x1c, 0x0, 0x28,
    0x1, 0xff, 0xc8, 0xb0, 0x3, 0x80, 0x42, 0x60,
    0xe, 0x0, 0xf6, 0xff, 0xc0, 0x16, 0x7f, 0xc6,
    0x6, 0x40, 0xa, 0x0, 0xd4, 0x0, 0x52, 0x0,
    0xe3, 0x0, 0xff, 0xe0, 0x48, 0x0, 0xcc, 0x1,
    0x98, 0x2, 0xb0, 0xf, 0xfe, 0x29, 0xa8, 0x2,
    0x40, 0x3c, 0xc0, 0x6, 0x20, 0xd, 0xb7, 0x69,
    0x0, 0xa6, 0xee, 0x28, 0x0, 0x12, 0x80, 0x7a,
    0xc0, 0x29, 0x0, 0xc6, 0x88, 0x10, 0x9, 0x51,
    0x38, 0x1, 0x0, 0x1f, 0x12, 0x80, 0x11, 0x40,
    0x3d, 0x60, 0x1e, 0x1b, 0x0, 0x12, 0x80, 0x7e,
    0xb0, 0xa, 0x88, 0x3, 0x11, 0x80, 0x4e, 0x0,
    0xa1, 0x0, 0x48, 0x1, 0x36, 0x10, 0x2, 0x18,
    0x0, 0xbc, 0x3, 0x58, 0x6, 0xa3, 0x1, 0x0,
    0x32, 0x0, 0x38, 0x9e, 0xc4, 0x2, 0x73, 0x0,
    0x8, 0x6, 0x60, 0xc, 0x38, 0xb4, 0x83, 0x0,
    0x12, 0x80, 0x10, 0x40, 0x36, 0x88, 0x78, 0x5,
    0x0, 0x1f, 0x54, 0x5e, 0x88, 0x1, 0x80, 0x2e,
    0x0, 0xe1, 0xa6, 0x30, 0x0, 0xb8, 0x7, 0xe7,
    0xa3, 0x0, 0xa8, 0x0, 0x2a, 0x1, 0xe4, 0x90,
    0xa, 0x0, 0xc, 0x1, 0x59, 0x80, 0x18, 0x2,
    0x33, 0x0, 0x18, 0x3, 0xfe, 0x36, 0x0, 0x58,
    0x4, 0xf8, 0x61, 0xa0, 0x15, 0x0, 0x52, 0x0,
    0x39, 0x20, 0xf, 0x28, 0x1, 0x48, 0x3, 0xb2,
    0xc4, 0x0, 0x2c, 0x0, 0x51, 0xa, 0xc6, 0xb0,
    0xf, 0x28, 0x2, 0x0, 0x3e, 0x40, 0xa, 0x40,
    0x29, 0x0, 0x60, 0x1, 0x84, 0x3, 0x8c, 0x18,
    0x80, 0x3f, 0xc2, 0xe0, 0x3, 0x30, 0x1, 0x84,
    0x1, 0x20, 0x1e, 0x39, 0x0, 0xff, 0xa0, 0x2,
    0x80, 0xc, 0xc0, 0x7, 0x0, 0xf6, 0x80, 0x7f,
    0xc2, 0xc0, 0x3, 0x40, 0xd, 0x20, 0x13, 0x80,
    0x70, 0x80, 0x7f, 0xd4, 0x1, 0x78, 0x7, 0xa,
    0x80, 0x24, 0x3, 0xff, 0x88, 0xa8, 0x0, 0x42,
    0x21, 0xab, 0x3c, 0xb0, 0x0, 0x54, 0x3, 0xff,
    0x87, 0x0, 0x12, 0x76, 0xe5, 0x4c, 0x31, 0x80,
    0x52, 0x1, 0xff, 0xc3, 0x40, 0xf, 0xfe, 0x19,
    0x98, 0x3, 0xff, 0x85, 0xa0, 0x1f, 0x88, 0xd5,
    0xa0, 0x40, 0x12, 0x1, 0xff, 0xc2, 0x46, 0x79,
    0xac, 0xdf, 0xf6, 0xe5, 0x4b, 0xb0, 0x1, 0x44,
    0x3, 0xff, 0x85, 0x30, 0xca, 0x64, 0x1, 0xf5,
    0x14, 0xf0, 0x80,

    /* U+6781 "极" */
    0x0, 0xe2, 0xff, 0x70, 0x7, 0xff, 0x50, 0x40,
    0x24, 0x55, 0xff, 0xe2, 0x0, 0x7f, 0xf1, 0x2a,
    0xbf, 0xf8, 0xa0, 0x1f, 0xfe, 0x53, 0x11, 0x0,
    0x42, 0x3f, 0x0, 0x7f, 0xf2, 0x37, 0xb8, 0x40,
    0xd, 0xee, 0xf1, 0x80, 0x14, 0x3, 0xdd, 0xfe,
    0xd0, 0xb, 0xfe, 0x80, 0xf, 0xf8, 0xcc, 0x0,
    0x90, 0xf, 0xfe, 0x20, 0x80, 0x7f, 0xd2, 0x0,
    0x33, 0x0, 0x7f, 0xf1, 0xcc, 0x3, 0xe1, 0x50,
    0x4, 0x0, 0x7d, 0xb9, 0x89, 0x0, 0xb3, 0x28,
    0x0, 0xe4, 0x0, 0xd2, 0x0, 0x24, 0x0, 0xf8,
    0xce, 0xe0, 0x8, 0xce, 0x10, 0x0, 0x80, 0x2c,
    0x3, 0x38, 0x1, 0x4c, 0xe2, 0x0, 0xf9, 0x40,
    0x3f, 0xf8, 0x6, 0x1, 0x20, 0x4, 0xf9, 0x98,
    0x3, 0xc6, 0x40, 0x10, 0x80, 0x61, 0x0, 0xca,
    0x1, 0xff, 0xc5, 0x90, 0xd, 0x86, 0x1, 0x10,
    0x6, 0x90, 0x3, 0x91, 0x61, 0x0, 0xfc, 0x2a,
    0x1, 0x8b, 0x14, 0x0, 0xc0, 0x18, 0xc8, 0xf,
    0x77, 0x28, 0x1, 0x0, 0x39, 0x80, 0x3e, 0xa8,
    0x2, 0x0, 0xeb, 0x0, 0xe1, 0x40, 0x4, 0x80,
    0x74, 0x80, 0x71, 0x0, 0x18, 0x38, 0x0, 0x60,
    0x6, 0x10, 0xd, 0x0, 0x2, 0x30, 0xc, 0xe2,
    0x8, 0x1, 0x61, 0x84, 0x2, 0x80, 0x24, 0xc0,
    0x10, 0x1, 0xb, 0x0, 0x20, 0x3, 0xc, 0x80,
    0x38, 0x2, 0x1c, 0x66, 0x1, 0x80, 0x1e, 0x0,
    0xc, 0x60, 0xb, 0x0, 0x12, 0x80, 0x68, 0x10,
    0x57, 0x0, 0xe9, 0x4, 0x0, 0x89, 0xc, 0x1,
    0xc0, 0xaa, 0x0, 0x40, 0x7, 0x38, 0x2, 0x0,
    0x3f, 0x68, 0x1, 0x0, 0x1e, 0x0, 0x2a, 0xb0,
    0x2, 0x28, 0x7, 0x40, 0x31, 0x0, 0x7e, 0x70,
    0x6, 0x80, 0xe, 0x0, 0xa, 0x20, 0x9, 0x0,
    0xf3, 0x14, 0x0, 0x7e, 0x51, 0x0, 0x38, 0x4,
    0xe6, 0x1, 0xa8, 0x80, 0x3e, 0xc1, 0x0, 0xfd,
    0x0, 0x4, 0x10, 0x8, 0x40, 0x38, 0xc0, 0x3f,
    0x8, 0x7, 0xe5, 0x20, 0x7, 0x80, 0x45, 0x86,
    0x1, 0xa5, 0xc0, 0x3f, 0xf8, 0x90, 0x0, 0x34,
    0x0, 0x36, 0x90, 0x0, 0xc0, 0x28, 0xb1, 0x0,
    0xff, 0xe0, 0xc1, 0x0, 0x20, 0x6, 0xe4, 0x2,
    0x6c, 0xc0, 0x4, 0x9e, 0x80, 0x1f, 0xf1, 0x38,
    0x1, 0x51, 0xbd, 0x0, 0x29, 0x90, 0x1e, 0x88,
    0x0, 0x6e, 0x84, 0x3, 0xf8, 0x8c, 0x1, 0x19,
    0x22, 0x0, 0x2c, 0x60, 0x8, 0xbc, 0xc0, 0x24,
    0x10, 0xf, 0xf6, 0x8c, 0x92, 0x0, 0x4d, 0xa6,
    0x1, 0xc3, 0x8e, 0x0, 0xb0, 0xf, 0xf8, 0x75,
    0x82, 0xc, 0xd9, 0x20, 0x1f, 0xd1, 0x6c, 0xa0,
    0x1e, 0x2f, 0xf8, 0x0, 0x60, 0x16, 0xe1, 0x80,
    0x7f, 0xc9, 0x20, 0x0,

    /* U+679C "果" */
    0x0, 0xc2, 0x45, 0xff, 0xcb, 0x0, 0xfd, 0x1b,
    0xbf, 0xfc, 0xb1, 0x0, 0xff, 0xef, 0x9, 0x9f,
    0x88, 0x2, 0x33, 0xf1, 0x0, 0x7f, 0xf0, 0x97,
    0x33, 0xd4, 0x0, 0x2c, 0xcf, 0x70, 0x7, 0xff,
    0x89, 0x6e, 0xfd, 0x40, 0x2, 0xbb, 0xf7, 0x80,
    0x7f, 0xf0, 0x85, 0x13, 0xc4, 0x1, 0x22, 0x78,
    0xc0, 0x3f, 0xfc, 0x49, 0xff, 0xe8, 0x0, 0x17,
    0xff, 0xb0, 0x3, 0xff, 0xc6, 0x23, 0xe0, 0xc,
    0x23, 0xe7, 0x0, 0xff, 0xe1, 0x27, 0x77, 0xa0,
    0x0, 0x5d, 0xde, 0xb0, 0xf, 0xfe, 0xff, 0x11,
    0x7f, 0x8, 0x4, 0x45, 0xfe, 0x10, 0xf, 0x9f,
    0x77, 0xfa, 0x40, 0x5, 0xbb, 0xfe, 0x0, 0xff,
    0xec, 0xb7, 0x77, 0xff, 0x2, 0x0, 0x5, 0xdd,
    0xff, 0xc0, 0xd0, 0x8, 0x47, 0xff, 0x80, 0x1,
    0x84, 0x7f, 0xf8, 0x6, 0x1, 0xff, 0xd6, 0x6e,
    0xef, 0xeb, 0x10, 0xf, 0x9b, 0xbb, 0xfb, 0xc0,
    0x21, 0x1f, 0xcf, 0x62, 0x1, 0xf3, 0x50, 0x8,
    0xfe, 0x0, 0xfe, 0x3c, 0x90, 0x1, 0x30, 0x0,
    0xa0, 0x0, 0x9e, 0xc0, 0x1f, 0xfc, 0x22, 0x9c,
    0x30, 0x2, 0x67, 0x0, 0x4f, 0x60, 0x1, 0x9c,
    0x40, 0xf, 0xf1, 0xd6, 0xb0, 0x5, 0x16, 0x20,
    0x1c, 0x9a, 0x60, 0x3, 0xbd, 0x60, 0xe, 0x17,
    0xdc, 0x50, 0x8, 0xf5, 0xc0, 0x3f, 0x16, 0x40,
    0x4, 0x53, 0xf4, 0xa0, 0xc, 0x82, 0x0, 0x86,
    0x70, 0x80, 0x3f, 0xe7, 0xd5, 0x0, 0xcb, 0x46,
    0x16, 0x1, 0xc, 0x73, 0x0, 0x7f, 0xf0, 0x8a,
    0xb1, 0x0, 0x24, 0x30, 0x61, 0x29, 0xe7, 0x0,
    0xff, 0xe3, 0x1d, 0xeb, 0x7, 0x80, 0x5f, 0xac,
    0x1, 0xff, 0xca, 0x29, 0xf4, 0x0,

    /* U+6838 "核" */
    0x0, 0xff, 0xe4, 0xa, 0xb8, 0x7, 0xff, 0x8,
    0xb7, 0x60, 0xf, 0xf4, 0x75, 0x40, 0x80, 0x7f,
    0xf0, 0x44, 0x8a, 0x0, 0xff, 0x60, 0x4, 0xe0,
    0x1f, 0xfc, 0xf4, 0x0, 0xb4, 0x3, 0xff, 0xa0,
    0x80, 0x4, 0x0, 0xff, 0xe4, 0x17, 0x77, 0xc8,
    0x1, 0x77, 0x7d, 0x80, 0x1f, 0xfc, 0x11, 0x1f,
    0x80, 0x30, 0x8f, 0xe0, 0x1, 0xa2, 0x40, 0x12,
    0x24, 0x20, 0x1f, 0xfc, 0x9f, 0xbb, 0x40, 0x5,
    0x77, 0xb, 0x37, 0x0, 0x42, 0xcd, 0xfd, 0x40,
    0x1f, 0xfc, 0x3, 0x99, 0xc6, 0x1, 0x6c, 0xcd,
    0x13, 0x3c, 0xe0, 0x7, 0x11, 0x80, 0x21, 0x18,
    0x3, 0x32, 0x80, 0x20, 0xc0, 0x2a, 0xe5, 0x0,
    0xf5, 0xf7, 0x24, 0x2, 0xee, 0x84, 0x0, 0x72,
    0x0, 0x47, 0x0, 0x99, 0x6, 0x90, 0x3, 0xf5,
    0x0, 0x7e, 0x2d, 0x0, 0x15, 0x0, 0x45, 0x20,
    0x5, 0x40, 0xf, 0x90, 0x80, 0x3e, 0x2c, 0x10,
    0x7, 0x19, 0x91, 0x1c, 0x0, 0x1b, 0x0, 0xfd,
    0xe0, 0x1b, 0x4, 0x1, 0xe2, 0x1, 0x66, 0xe5,
    0xd8, 0xc0, 0x16, 0x20, 0x1f, 0x12, 0x0, 0x63,
    0xf4, 0x7, 0x0, 0xff, 0x99, 0x40, 0x3f, 0x58,
    0x7, 0x86, 0xdf, 0xc0, 0x21, 0x23, 0x0, 0xc9,
    0x20, 0xc, 0x60, 0xc, 0x4c, 0x1, 0xc2, 0x0,
    0xc5, 0xef, 0xf7, 0x6a, 0x0, 0x47, 0x60, 0x9,
    0x39, 0xc0, 0xa, 0x0, 0x8, 0x1, 0x61, 0x5,
    0x0, 0x80, 0x54, 0xe0, 0x3, 0xd0, 0x2, 0xb0,
    0x1, 0x80, 0x6, 0xa0, 0xf, 0x0, 0x8b, 0x2c,
    0x40, 0x22, 0xd5, 0x0, 0x1e, 0x88, 0x1d, 0x0,
    0xa, 0x80, 0x1c, 0x0, 0x77, 0x0, 0x61, 0x40,
    0xa, 0x34, 0x80, 0xb, 0x82, 0x5, 0xa0, 0x17,
    0x0, 0x7a, 0x40, 0x3f, 0x2f, 0x38, 0x5, 0x14,
    0x0, 0x2c, 0x10, 0x5, 0x18, 0x5, 0x41, 0x2,
    0x1, 0xe4, 0xda, 0x10, 0x1, 0x63, 0x80, 0xb,
    0x4, 0x0, 0xea, 0x1, 0x98, 0x9c, 0x3, 0xe7,
    0x20, 0x9, 0xf4, 0xc0, 0x9, 0xa2, 0x0, 0x78,
    0x0, 0xe1, 0xf0, 0xf, 0xc6, 0xc0, 0x9b, 0x0,
    0x14, 0x58, 0x6, 0xa0, 0xf, 0x88, 0x3, 0xfa,
    0x72, 0xc8, 0x0, 0x7a, 0xe0, 0x1d, 0x88, 0x1,
    0xff, 0xc5, 0x30, 0x1, 0x56, 0x10, 0x0, 0x54,
    0x0, 0x36, 0xe0, 0x1f, 0xfc, 0x51, 0x9d, 0x50,
    0x9, 0x3e, 0xa0, 0x2, 0x89, 0x0, 0xff, 0xe1,
    0x1d, 0x73, 0x0, 0x43, 0x36, 0x20, 0xf6, 0x1,
    0x36, 0x8, 0x7, 0xfc, 0x78, 0xa0, 0x19, 0xbd,
    0x80, 0x32, 0x60, 0x80, 0xe, 0xc0, 0x3f, 0xe3,
    0x70, 0x9, 0x76, 0x44, 0x3, 0xc7, 0xe4, 0x5,
    0x60, 0x1f, 0xfc, 0x8, 0x35, 0xda, 0x20, 0xf,
    0xe1, 0xc4, 0xf1, 0x0, 0xe3, 0xff, 0x80, 0x36,
    0x51, 0x0, 0x7f, 0xf0, 0x6, 0xc8, 0x0,

    /* U+6B21 "次" */
    0x0, 0xff, 0xe1, 0x44, 0x14, 0x40, 0x3f, 0xf8,
    0x62, 0xc0, 0x1f, 0xc2, 0xee, 0xa9, 0x0, 0xff,
    0xe1, 0x47, 0x4a, 0x0, 0x7e, 0x70, 0xa, 0xc0,
    0x3f, 0xf8, 0x22, 0xc0, 0xa, 0x0, 0xfd, 0xa0,
    0x2, 0x30, 0xf, 0xfe, 0x8, 0xc0, 0x0, 0x60,
    0x3, 0xc4, 0x80, 0xa, 0x0, 0xff, 0xe1, 0xb1,
    0x80, 0x1c, 0x80, 0x3a, 0x80, 0x28, 0xff, 0xff,
    0xe0, 0x10, 0x5, 0x0, 0x14, 0x80, 0x73, 0x80,
    0x7f, 0xf2, 0x11, 0x0, 0x4, 0x50, 0x9, 0xc0,
    0x3f, 0xf9, 0x52, 0x1, 0x40, 0x5, 0x20, 0x3,
    0xaa, 0xff, 0x20, 0x4, 0x60, 0x18, 0x98, 0x0,
    0x4a, 0x10, 0x20, 0xf, 0x55, 0xff, 0x80, 0xe,
    0x20, 0x1d, 0x0, 0x56, 0xa2, 0xe0, 0x4, 0x30,
    0x6d, 0xd6, 0x0, 0x67, 0x10, 0x4, 0x80, 0x78,
    0x73, 0x50, 0x28, 0x2, 0x80, 0x0, 0x91, 0xc,
    0x2, 0x18, 0x0, 0x38, 0x80, 0x7c, 0x60, 0x5,
    0x40, 0x3, 0x18, 0x7, 0xf4, 0x80, 0x52, 0x1,
    0xff, 0x68, 0x0, 0x60, 0x2, 0xf0, 0xe, 0x17,
    0x0, 0x38, 0x80, 0x7f, 0xd1, 0x85, 0x2, 0x1,
    0xfc, 0x36, 0x81, 0x20, 0x1f, 0x85, 0x40, 0x23,
    0xd6, 0x0, 0xc4, 0x1, 0x18, 0x1, 0x2f, 0x84,
    0x3, 0xf3, 0xd7, 0xd8, 0x80, 0x7c, 0xc0, 0x12,
    0x0, 0x61, 0x0, 0xfe, 0xa0, 0x3, 0x8, 0x7,
    0xc6, 0x1, 0x60, 0x7, 0xff, 0x4, 0x4c, 0x0,
    0xa0, 0x1f, 0x20, 0x6, 0x41, 0x0, 0xff, 0xe0,
    0x30, 0x5, 0x40, 0x1f, 0x68, 0x7, 0x48, 0x7,
    0xff, 0x2, 0x80, 0x4, 0x40, 0xf, 0xb, 0x0,
    0x73, 0x88, 0x7, 0xf8, 0xc8, 0x1, 0x40, 0x1f,
    0x58, 0x5, 0x60, 0x15, 0x80, 0x7f, 0xac, 0x2,
    0x50, 0xf, 0x2a, 0x80, 0x8, 0x87, 0x0, 0x2a,
    0x80, 0x3f, 0x98, 0x0, 0x64, 0x1, 0xc7, 0x40,
    0x14, 0x84, 0x88, 0x2, 0x8c, 0x3, 0xe4, 0x10,
    0x5, 0x80, 0x71, 0xe0, 0x5, 0x24, 0x3, 0x40,
    0x16, 0x98, 0x7, 0xb8, 0x2, 0x60, 0xc, 0xb8,
    0x1, 0x2b, 0x0, 0x48, 0xc0, 0x1, 0xc4, 0x0,
    0xc2, 0xa0, 0x3, 0x10, 0xa, 0x68, 0x2, 0x4a,
    0x0, 0xe9, 0x40, 0xa, 0xdc, 0x2, 0x70, 0xa,
    0x80, 0x9, 0xac, 0x1, 0x25, 0x80, 0x7d, 0x66,
    0x1, 0x46, 0x18, 0x50, 0x4, 0xe1, 0x16, 0x40,
    0x12, 0xd8, 0x7, 0xf6, 0x20, 0x4, 0x7a, 0x1b,
    0x4, 0x82, 0x14, 0x1, 0xa6, 0x80, 0x3f, 0xeb,
    0x70, 0xa, 0xc0, 0x5f, 0x68, 0x0, 0x52, 0x7,
    0xac, 0x1, 0xff, 0xc1, 0x8a, 0x14, 0x50, 0xc,
    0x20, 0x13, 0x56, 0x10, 0x7, 0xff, 0xd, 0x7e,
    0x80, 0x0,

    /* U+6B63 "正" */
    0x1, 0x88, 0xff, 0xe7, 0x38, 0x0, 0xdd, 0xff,
    0xf9, 0xd2, 0x1, 0xff, 0xef, 0x30, 0x1, 0x7f,
    0xff, 0xf0, 0x38, 0x2, 0x8f, 0xff, 0xed, 0x0,
    0xff, 0xff, 0x80, 0x7f, 0xf2, 0xb, 0xfe, 0x50,
    0xf, 0xff, 0xf8, 0x7, 0xff, 0x33, 0x1d, 0xff,
    0x30, 0x7, 0xff, 0x21, 0x22, 0x3f, 0x48, 0x7,
    0xff, 0xfc, 0x3, 0x9f, 0xff, 0xf8, 0x3, 0xff,
    0x91, 0xe0, 0x1f, 0xff, 0xf0, 0xf, 0xff, 0xf8,
    0x7, 0xff, 0xee, 0xff, 0xed, 0x0, 0xab, 0xff,
    0xb8, 0x2, 0x8f, 0xff, 0xf7, 0x0, 0x7f, 0xfc,
    0x35, 0xdf, 0xff, 0xa1, 0x20,

    /* U+6C34 "水" */
    0x0, 0xff, 0xe1, 0x3d, 0xda, 0x80, 0x3f, 0xfa,
    0x1c, 0x89, 0x0, 0x7f, 0xff, 0xc0, 0x3f, 0xfa,
    0x42, 0x1, 0xff, 0xc9, 0x10, 0xf, 0xcd, 0xe4,
    0x1, 0xff, 0xc9, 0x40, 0xf, 0x2c, 0x8e, 0x10,
    0x4, 0x4c, 0xdf, 0xe0, 0xf, 0x68, 0x7, 0x2d,
    0x0, 0x6, 0x0, 0x24, 0x99, 0xff, 0x8, 0x7,
    0x38, 0x6, 0x5a, 0x0, 0x92, 0x80, 0x3f, 0xf9,
    0x2, 0xa0, 0x6, 0xa0, 0x9, 0x2c, 0x3, 0xff,
    0x95, 0xc1, 0x12, 0x1, 0x25, 0x80, 0x73, 0x77,
    0x7a, 0x80, 0x21, 0x0, 0xf2, 0x5b, 0x80, 0x4b,
    0x60, 0x1f, 0x8, 0xfb, 0x0, 0x8, 0x1, 0xf9,
    0x0, 0x27, 0xa0, 0xf, 0xfe, 0x13, 0x80, 0x30,
    0x3, 0xfe, 0x98, 0x0, 0xff, 0xe1, 0x18, 0x80,
    0x10, 0x3, 0x85, 0x80, 0x2c, 0x60, 0xf, 0xfe,
    0x1d, 0x0, 0x4, 0xc0, 0x3d, 0x0, 0x13, 0x80,
    0x7f, 0xf0, 0xc5, 0x80, 0xc, 0x1, 0xf0, 0xb0,
    0x2, 0x84, 0x3, 0xff, 0x85, 0x20, 0x15, 0x0,
    0x7e, 0xb0, 0x0, 0xd8, 0x7, 0xff, 0x4, 0x5c,
    0x0, 0x84, 0x1, 0xf8, 0xa0, 0x0, 0xae, 0x1,
    0xff, 0xc0, 0x80, 0xa, 0x0, 0x3f, 0xce, 0x60,
    0x8, 0x50, 0xf, 0xf1, 0xb0, 0x1, 0xc, 0x3,
    0xfe, 0xe0, 0xa, 0x90, 0x3, 0xf0, 0xe8, 0x5,
    0x20, 0x1f, 0xfc, 0x2, 0x80, 0xa, 0xd4, 0x3,
    0xea, 0x10, 0x3, 0x90, 0x7, 0xff, 0x5, 0xd8,
    0x2, 0xa6, 0x0, 0xe9, 0x40, 0x1, 0x40, 0x7,
    0xff, 0xe, 0x50, 0x2, 0x9a, 0x10, 0x4, 0xb0,
    0x5, 0xe0, 0x1f, 0xfc, 0x5b, 0x30, 0x9, 0x7c,
    0x85, 0x80, 0x2a, 0x20, 0xf, 0xfe, 0x36, 0x18,
    0x6, 0x31, 0x60, 0x4, 0x28, 0x7, 0xe5, 0x0,
    0xff, 0xb1, 0x0, 0x10, 0x21, 0x0, 0xee, 0x0,
    0x9a, 0x23, 0x59, 0x80, 0xc, 0x3, 0xfa, 0xd8,
    0x98, 0x0, 0x37, 0x0, 0x1b, 0xdd, 0xf2, 0x0,
    0x4c, 0x1, 0xfe, 0x9c, 0x0, 0xc8, 0x1, 0xde,
    0x1, 0xfb, 0x80, 0x3f, 0xe1, 0x0, 0xff, 0x28,
    0x7, 0x9, 0xd2, 0x80, 0x7f, 0xf0, 0x80,

    /* U+6CA1 "没" */
    0x0, 0xff, 0xec, 0x62, 0x0, 0x7c, 0x89, 0xff,
    0xc1, 0x10, 0xf, 0xd2, 0x77, 0x0, 0x1e, 0xab,
    0xbf, 0xfe, 0x3, 0x80, 0x7c, 0x4c, 0x0, 0x7c,
    0x10, 0xf, 0xfe, 0x69, 0x58, 0x80, 0xf, 0xd0,
    0x3, 0xc4, 0x67, 0xe0, 0xf, 0xfe, 0x2, 0x79,
    0x80, 0x6, 0xd0, 0x0, 0x20, 0xb, 0xcc, 0xf0,
    0x7, 0xff, 0x4, 0x71, 0x80, 0x4, 0x80, 0x1f,
    0xfc, 0xf9, 0x90, 0x48, 0x1, 0x40, 0x25, 0x0,
    0xff, 0xe5, 0x37, 0x20, 0x2, 0x0, 0x2, 0x60,
    0x1f, 0xda, 0x42, 0x30, 0x5, 0x92, 0x1, 0x84,
    0xb, 0x48, 0x1, 0x20, 0x1f, 0x8, 0x1, 0x37,
    0xb9, 0xa0, 0x7, 0x36, 0xd3, 0x0, 0x93, 0x48,
    0x0, 0x4e, 0x1, 0xf3, 0x80, 0x79, 0x80, 0x12,
    0x0, 0x2c, 0x80, 0x2, 0x20, 0x0, 0x58, 0x1,
    0xfa, 0x5c, 0x84, 0x2, 0xd0, 0x6, 0x18, 0x4,
    0xf8, 0x41, 0x68, 0xb8, 0x20, 0x1f, 0xd1, 0xbd,
    0xff, 0x38, 0x0, 0xb1, 0xc0, 0x23, 0xe0, 0x4,
    0xc1, 0x91, 0x7f, 0xf0, 0x84, 0x3, 0xd1, 0x62,
    0x0, 0xf0, 0x6, 0xef, 0xff, 0x15, 0xc0, 0x3e,
    0x4f, 0x46, 0x30, 0xf, 0xfe, 0x80, 0xdc, 0x80,
    0x7f, 0xf2, 0xc, 0x3, 0xff, 0x84, 0x80, 0x16,
    0x7f, 0xfe, 0x20, 0x9, 0x0, 0x3f, 0x8c, 0x3,
    0x48, 0x5, 0xe0, 0x1f, 0x39, 0x0, 0x1c, 0x40,
    0x3f, 0x1e, 0x6b, 0x80, 0x9, 0xc0, 0x7, 0x0,
    0x1c, 0x70, 0x0, 0x18, 0x0, 0xfe, 0xa0, 0x28,
    0x10, 0x4, 0x18, 0x1, 0xd4, 0x2, 0x2d, 0x0,
    0xa8, 0x3, 0xf8, 0x58, 0x0, 0x82, 0x1, 0x70,
    0x80, 0x29, 0x0, 0xbc, 0x40, 0xe, 0x80, 0x1f,
    0xcc, 0x1, 0x78, 0x6, 0x2a, 0x0, 0xad, 0xf0,
    0x80, 0xb, 0x0, 0x1f, 0xea, 0x0, 0xa, 0x0,
    0x72, 0x50, 0x5, 0x2, 0x0, 0x4a, 0x0, 0xff,
    0x21, 0x0, 0x24, 0x3, 0xe5, 0x70, 0xe, 0x3b,
    0x0, 0xff, 0xbc, 0x2, 0x60, 0xf, 0x1d, 0xb8,
    0x7, 0x1d, 0x98, 0x7, 0xf0, 0xa0, 0x1, 0x44,
    0x3, 0x25, 0xe2, 0x0, 0x42, 0x1, 0x26, 0x5a,
    0x80, 0x7d, 0x20, 0x17, 0x0, 0xa, 0x3a, 0xd0,
    0x3, 0x4f, 0x50, 0x80, 0x49, 0x5d, 0x26, 0x1,
    0x98, 0x0, 0x48, 0x59, 0xae, 0x20, 0x19, 0xf9,
    0x81, 0x79, 0xc0, 0x30, 0xb6, 0x68, 0x1, 0x44,
    0x1, 0x40, 0x42, 0x1, 0x85, 0xfa, 0x4, 0x3,
    0x47, 0x40, 0x80, 0x65, 0x0, 0x2d, 0xa8, 0x30,
    0x2, 0x0, 0x7, 0x3d, 0x2, 0x1, 0xf0, 0xbf,
    0x52, 0x0, 0x24, 0x2, 0x4a, 0xf1, 0x0, 0x2c,
    0x6e, 0x30, 0x7, 0xff, 0x5, 0x6f, 0xac, 0x40,

    /* U+6CE2 "波" */
    0x0, 0x84, 0x3, 0xff, 0x84, 0x3f, 0xf1, 0x0,
    0x7f, 0xd9, 0x62, 0x1, 0xff, 0xc0, 0x30, 0xf,
    0xfe, 0x14, 0x92, 0x79, 0x80, 0x7f, 0xf3, 0x88,
    0x0, 0x38, 0xc0, 0x1f, 0xfc, 0xdb, 0x60, 0xa,
    0x64, 0x1b, 0xff, 0xf6, 0x80, 0x5b, 0xff, 0xf0,
    0x80, 0x53, 0x40, 0x13, 0x88, 0x7, 0xff, 0x35,
    0x70, 0x42, 0x84, 0x3, 0xff, 0x9c, 0x7f, 0x8,
    0x1, 0xa3, 0x33, 0x58, 0x5, 0x59, 0x93, 0x80,
    0x4, 0x40, 0x4, 0x0, 0x85, 0xc0, 0x38, 0xcf,
    0x98, 0x2, 0x73, 0x39, 0x0, 0xc, 0x0, 0x6b,
    0x90, 0xf, 0xfe, 0x49, 0x98, 0x1, 0x40, 0x30,
    0xd, 0x82, 0x1, 0xff, 0xc7, 0x74, 0x4, 0x20,
    0x20, 0x8, 0xfd, 0x0, 0x3f, 0xf8, 0xc9, 0x7f,
    0x40, 0x3, 0xc2, 0x0, 0xd, 0xc0, 0x7, 0xff,
    0x20, 0x40, 0x22, 0xd5, 0x0, 0x94, 0x3, 0xaf,
    0xff, 0x68, 0x5, 0xbf, 0xfc, 0xc0, 0x1d, 0x50,
    0x0, 0xe0, 0x1, 0x80, 0x7f, 0xf3, 0x1e, 0xe0,
    0xc0, 0x3f, 0xfa, 0x8, 0xe0, 0x1e, 0xa2, 0x0,
    0x2f, 0x77, 0xa4, 0x2, 0x50, 0xf, 0xfe, 0x0,
    0x80, 0x1a, 0x80, 0x8, 0x23, 0xed, 0x0, 0x11,
    0x80, 0x79, 0xed, 0x44, 0x3, 0x85, 0x80, 0x2,
    0xe0, 0x18, 0xd0, 0x1, 0x60, 0x1f, 0x5a, 0x54,
    0x1, 0x0, 0x46, 0x2c, 0x0, 0x91, 0x0, 0xbc,
    0x0, 0x2c, 0x1, 0xe1, 0x30, 0x6, 0x3, 0x0,
    0x42, 0x16, 0x0, 0x1b, 0x0, 0x39, 0x80, 0x20,
    0x3, 0xe7, 0x0, 0x94, 0xc, 0x0, 0x40, 0x2,
    0x80, 0x2, 0xb2, 0x40, 0x0, 0xd8, 0x3, 0xed,
    0x0, 0x20, 0x3, 0x40, 0xe, 0x1, 0x39, 0x0,
    0x26, 0xc0, 0x2e, 0x0, 0xfc, 0x80, 0xd, 0x0,
    0x20, 0x3, 0x40, 0x37, 0x88, 0x7, 0x59, 0x0,
    0x7c, 0xa0, 0x13, 0x82, 0x8, 0x1, 0x40, 0x31,
    0x28, 0x6, 0x35, 0x0, 0xfd, 0xe0, 0x3, 0x10,
    0xe0, 0x1, 0x10, 0x2, 0x4d, 0x40, 0xc, 0x7e,
    0xc0, 0x1f, 0x20, 0x2, 0xc0, 0x94, 0x1, 0x40,
    0x3, 0xbb, 0x10, 0x0, 0x48, 0x0, 0x33, 0xac,
    0x1, 0x90, 0x40, 0xa, 0x10, 0x1, 0x39, 0xde,
    0x20, 0x4, 0x9f, 0xaa, 0x1, 0x14, 0xf4, 0x8,
    0x68, 0x0, 0x88, 0x6a, 0x0, 0x79, 0xc4, 0x0,
    0x86, 0xac, 0x42, 0xac, 0x80, 0x21, 0x7b, 0x7,
    0x0, 0x28, 0x58, 0x5, 0x3a, 0x1, 0x9b, 0xd4,
    0x3, 0x26, 0xc0, 0x80, 0x50, 0x1f, 0x2b, 0x61,
    0x12, 0x10, 0x28, 0x60, 0xbb, 0x22, 0x1, 0xf3,
    0xf4, 0xa, 0x90, 0xb, 0x51, 0x80, 0x1b, 0x5c,
    0x1, 0xdb, 0x44, 0x1, 0xff, 0x3f, 0x58, 0x0,

    /* U+6D88 "消" */
    0x0, 0x88, 0x3, 0xff, 0x85, 0xdf, 0xe7, 0x0,
    0xff, 0xe0, 0x7e, 0x10, 0x7, 0x54, 0x80, 0x7f,
    0xf0, 0xae, 0x0, 0x34, 0x91, 0xeb, 0x80, 0x56,
    0xac, 0xe0, 0x1f, 0xfc, 0x8, 0x47, 0xa0, 0x8,
    0xc0, 0x28, 0xb1, 0x1, 0x0, 0x42, 0x80, 0x7f,
    0x9d, 0xc0, 0x1e, 0xa9, 0x0, 0x93, 0xce, 0x8c,
    0x1, 0x48, 0x1, 0xf9, 0x60, 0x0, 0x74, 0x1,
    0x9b, 0x48, 0x0, 0x20, 0xd, 0x20, 0x5, 0x90,
    0x7, 0x96, 0x80, 0x5, 0xa0, 0x1e, 0x2d, 0x50,
    0x73, 0x1, 0xf0, 0x2, 0x10, 0x7, 0x88, 0x0,
    0x3e, 0x20, 0x1f, 0xaa, 0x90, 0x1, 0x15, 0xad,
    0x80, 0x7c, 0xf4, 0x3a, 0x40, 0x1c, 0xc2, 0x1,
    0x28, 0x7, 0x25, 0x0, 0x7f, 0x2f, 0x18, 0x7,
    0x24, 0xfa, 0x0, 0x72, 0x7f, 0xfc, 0x20, 0x8,
    0xff, 0xf9, 0x0, 0x14, 0x3, 0x70, 0x1, 0xff,
    0xce, 0x70, 0x9, 0xf0, 0x40, 0x3f, 0xf9, 0x93,
    0x40, 0x11, 0xf9, 0x0, 0x76, 0xef, 0xff, 0x0,
    0x3, 0xe5, 0xc2, 0x0, 0x19, 0x0, 0x71, 0x17,
    0xff, 0x0, 0x3, 0xf1, 0xe1, 0x84, 0x80, 0x7f,
    0xf3, 0xc7, 0x29, 0x0, 0x3d, 0xbb, 0xff, 0xc0,
    0x0, 0xff, 0x94, 0x3, 0xe2, 0x2f, 0xfe, 0x0,
    0x7, 0xff, 0x76, 0xf1, 0xc8, 0x3, 0xb7, 0x7f,
    0xf8, 0x0, 0x1f, 0xe4, 0x38, 0xb0, 0xe, 0x22,
    0xff, 0xe0, 0x0, 0x7f, 0x18, 0x5, 0x40, 0x1f,
    0xfc, 0xeb, 0x0, 0x9, 0x80, 0x75, 0xdf, 0xff,
    0x0, 0x3, 0xf9, 0x40, 0xe, 0x1, 0xe4, 0x4f,
    0xfe, 0x0, 0x7, 0xe2, 0x20, 0x3, 0x40, 0x3f,
    0xf9, 0xca, 0x0, 0x14, 0x0, 0xf5, 0xdf, 0xff,
    0x0, 0x3, 0xf5, 0x80, 0x10, 0x3, 0xe4, 0x4f,
    0xfe, 0x0, 0x7, 0xc2, 0x60, 0xf, 0x0, 0xff,
    0xe7, 0x38, 0x4, 0xa0, 0x1f, 0xfc, 0x13, 0x3e,
    0x90, 0xf, 0xa8, 0x0, 0x80, 0x1f, 0xfc, 0x2d,
    0xcc, 0xcc, 0x1, 0x30, 0x0, 0x8c, 0x1, 0xa0,
    0x1f, 0xfc, 0x24, 0x0, 0xf8, 0x88, 0x0, 0x39,
    0x51, 0x70, 0xf, 0xfe, 0x16, 0x80, 0x71, 0x36,
    0x0, 0x0,

    /* U+6DFB "添" */
    0x0, 0xff, 0xeb, 0xd6, 0x10, 0x7, 0xff, 0x41,
    0x54, 0x7a, 0x80, 0x14, 0xff, 0xff, 0xf1, 0x84,
    0x3, 0x48, 0x5, 0x70, 0x1, 0xff, 0xce, 0xc6,
    0x0, 0x9e, 0x80, 0x40, 0x3f, 0xf9, 0x93, 0x40,
    0x12, 0xaa, 0x3f, 0xfc, 0xa0, 0x5, 0xff, 0xfc,
    0x20, 0x1e, 0x5c, 0x10, 0x45, 0x0, 0xf9, 0x0,
    0x18, 0x1, 0xff, 0xc4, 0x3c, 0x3a, 0x0, 0xf8,
    0x84, 0x0, 0x80, 0x1f, 0xfc, 0x52, 0xc1, 0x0,
    0xf9, 0x40, 0x4, 0x40, 0xf, 0xfe, 0xd, 0x48,
    0x6, 0x1f, 0xff, 0xa0, 0x0, 0x5f, 0xff, 0xeb,
    0x0, 0x2a, 0x9b, 0x4, 0x3, 0xff, 0x98, 0xe0,
    0x8, 0x0, 0x1f, 0x98, 0x7, 0xff, 0x3b, 0xc,
    0x0, 0x38, 0xa3, 0xdd, 0xca, 0x1, 0x6f, 0x68,
    0x80, 0x23, 0xbb, 0xb0, 0x0, 0x38, 0xa0, 0x15,
    0x10, 0x8e, 0x65, 0x0, 0x49, 0x9, 0x40, 0x2,
    0x8, 0x47, 0x0, 0x75, 0x38, 0x1, 0x88, 0x2,
    0x88, 0x0, 0x11, 0x80, 0x26, 0x40, 0x6, 0xa0,
    0x7, 0xf4, 0x49, 0x48, 0x0, 0x69, 0xc0, 0x7,
    0x48, 0x83, 0x0, 0x59, 0x80, 0xdc, 0x0, 0x7f,
    0x36, 0x80, 0x13, 0xd4, 0x0, 0x5a, 0xb7, 0x6e,
    0x0, 0xb4, 0x80, 0xf, 0xce, 0x20, 0x1f, 0x86,
    0xac, 0x40, 0x9, 0xa2, 0x1, 0xf0, 0xea, 0x80,
    0x6, 0x38, 0x80, 0x34, 0x53, 0x3a, 0x80, 0x4f,
    0x60, 0x1f, 0xf5, 0x48, 0x80, 0x10, 0x80, 0x33,
    0x2c, 0xf3, 0x80, 0xd6, 0x88, 0x7, 0xe2, 0x0,
    0x8a, 0x18, 0x20, 0x3, 0x10, 0x80, 0x32, 0x1f,
    0xc6, 0xba, 0x0, 0x38, 0xf7, 0x48, 0x19, 0x71,
    0x3c, 0x60, 0x19, 0x0, 0x24, 0x8, 0x1e, 0x0,
    0x68, 0x7, 0x11, 0x3, 0x41, 0x0, 0x58, 0x40,
    0x3b, 0x40, 0x6, 0x1, 0x12, 0x80, 0xa8, 0x7,
    0xa, 0x3, 0x84, 0x80, 0x2c, 0x3, 0xc8, 0x0,
    0xb0, 0xa, 0xc0, 0x12, 0x1, 0xf6, 0x80, 0xa0,
    0xa8, 0x12, 0x0, 0x63, 0x0, 0x90, 0x0, 0x4c,
    0x0, 0x60, 0xf, 0x9c, 0x1, 0xc1, 0x20, 0xf,
    0x0, 0xd6, 0x1, 0x18, 0x2, 0x0, 0xe, 0x20,
    0x1f, 0x9, 0x82, 0x1, 0x98, 0x10, 0x80, 0x24,
    0x0, 0x20, 0x1, 0x14, 0x1, 0x20, 0x1f, 0xd6,
    0x2, 0x81, 0x20, 0xb, 0x0, 0x8c, 0x1, 0xa0,
    0x8, 0x0, 0x38, 0x80, 0x5a, 0x0, 0x10, 0x2,
    0x80, 0x34, 0x14, 0x41, 0x80, 0xa, 0x1, 0x20,
    0x3, 0x1c, 0xa1, 0x3f, 0xe6, 0x0, 0x38, 0x0,
    0x9e, 0xa0, 0x1, 0x2f, 0xc0, 0xc, 0x0, 0x9,
    0x0, 0x51, 0xa0, 0xc0, 0x1e, 0xc0, 0xa, 0x14,
    0x40, 0xf, 0x2, 0x0, 0x89, 0x56, 0x0, 0xf8,
    0x80, 0x31, 0x3b, 0x80, 0x3f, 0xf8, 0x0,

    /* U+6E05 "清" */
    0x0, 0xff, 0xe3, 0x55, 0x46, 0x1, 0xff, 0xc1,
    0xa9, 0x0, 0xff, 0xe0, 0xaa, 0xce, 0x1, 0xff,
    0xc0, 0x65, 0x6c, 0x20, 0x0, 0x99, 0xfe, 0x0,
    0x8c, 0xff, 0x80, 0x35, 0x80, 0xf, 0x10, 0x17,
    0x33, 0xf0, 0x5, 0x19, 0x9f, 0x88, 0x2, 0xc3,
    0x0, 0xd, 0xb8, 0x7, 0xff, 0x34, 0x71, 0x80,
    0x28, 0x6d, 0xdf, 0xc0, 0x14, 0xee, 0xfe, 0x20,
    0xe, 0x9a, 0x0, 0x51, 0x17, 0xf0, 0x4, 0x64,
    0x5f, 0x80, 0x3e, 0x5c, 0x85, 0x6, 0xff, 0xf8,
    0x2, 0xaf, 0xff, 0x94, 0x3, 0xf1, 0xb8, 0x7,
    0xff, 0x3b, 0x5c, 0x3, 0xcf, 0x99, 0xf0, 0x5,
    0x19, 0x9f, 0x20, 0x5, 0x25, 0x16, 0x20, 0x18,
    0x4c, 0xfe, 0x0, 0x8c, 0xff, 0x8, 0x0, 0x58,
    0x0, 0x98, 0x60, 0x9f, 0xff, 0xc0, 0x15, 0xff,
    0xff, 0x8, 0xb0, 0x40, 0x5, 0x8c, 0x1, 0xff,
    0xcb, 0x30, 0x3f, 0x40, 0xa, 0x42, 0x23, 0xff,
    0x94, 0x40, 0x1, 0xb6, 0x0, 0x42, 0x3b, 0xff,
    0xf2, 0x80, 0x3a, 0x64, 0x8e, 0x0, 0x4f, 0xff,
    0xfe, 0x2d, 0x0, 0x7e, 0x6b, 0x0, 0xff, 0xed,
    0xc4, 0x7f, 0xc8, 0x1, 0xff, 0x41, 0x80, 0x78,
    0x5d, 0xff, 0xec, 0x0, 0xff, 0x1b, 0xe6, 0x88,
    0x7, 0x2a, 0xff, 0xda, 0x1, 0xfe, 0xb0, 0x1,
    0x88, 0x6, 0x1a, 0xaf, 0xf9, 0x40, 0x3f, 0xca,
    0x0, 0x40, 0xf, 0xfe, 0x79, 0x10, 0x1, 0xe0,
    0x1c, 0x3f, 0xff, 0xf4, 0x0, 0x7f, 0x28, 0x4,
    0xa0, 0x1e, 0x33, 0xff, 0xb8, 0x3, 0xfa, 0xc0,
    0x8, 0x1, 0xe1, 0xcc, 0xff, 0x98, 0x3, 0xf0,
    0x98, 0x3, 0x40, 0x3f, 0xf9, 0xee, 0x1, 0x38,
    0x7, 0x87, 0xbb, 0xfe, 0x70, 0xf, 0xda, 0x0,
    0x31, 0x0, 0xf8, 0x47, 0xfe, 0x0, 0xfe, 0x40,
    0x5, 0x80, 0x7f, 0xf0, 0x9e, 0x22, 0xa7, 0x0,
    0x18, 0x6, 0x50, 0x9, 0x40, 0x3f, 0xf8, 0x58,
    0xef, 0x28, 0x5, 0xa0, 0x19, 0x20, 0xc8, 0x80,
    0x1f, 0xfc, 0x23, 0x0, 0xe2, 0x94, 0x0, 0xc2,
    0xf9, 0xa0, 0x1c, 0x9b, 0xac, 0x0, 0xf4, 0x7f,
    0xf6, 0xb0, 0x6,

    /* U+6E10 "渐" */
    0x0, 0xff, 0x97, 0x2d, 0x40, 0x3f, 0xf8, 0xe7,
    0xc6, 0x1, 0xec, 0x34, 0x30, 0xf, 0xfe, 0x1,
    0xbe, 0x28, 0x0, 0xf0, 0x71, 0x0, 0x39, 0x0,
    0x8, 0x1, 0xf1, 0x2c, 0x5f, 0xe4, 0x1f, 0x80,
    0x42, 0x0, 0xb4, 0x0, 0xc4, 0x2, 0x40, 0x18,
    0x7b, 0xf6, 0x9d, 0x0, 0x32, 0x80, 0xf, 0x44,
    0x1, 0x69, 0xff, 0x0, 0x7, 0xff, 0x48, 0x8,
    0x7, 0xc2, 0xd6, 0x1, 0x1e, 0x88, 0x3, 0x0,
    0x3f, 0xf8, 0x86, 0xd3, 0xbd, 0x28, 0x1, 0x8f,
    0x41, 0x60, 0x3, 0xff, 0x87, 0xf9, 0x2c, 0x40,
    0x1f, 0x8f, 0x28, 0x3b, 0x40, 0x5, 0xdd, 0xd0,
    0x1, 0xff, 0xc6, 0x30, 0x0, 0xb8, 0x1, 0x4,
    0x7c, 0x1, 0xff, 0xc2, 0x1d, 0x60, 0xe, 0xc0,
    0x6, 0xf7, 0xc8, 0x7, 0xff, 0x16, 0x8a, 0x5c,
    0x3, 0x38, 0x1, 0x0, 0x3f, 0xf8, 0xe2, 0xc0,
    0x8, 0x70, 0x2, 0x8, 0x28, 0x7, 0xfd, 0x77,
    0xf9, 0x7, 0x8, 0x1, 0x10, 0xd, 0x0, 0x78,
    0x7, 0xfc, 0x89, 0xf8, 0x80, 0x70, 0x80, 0xe,
    0x4c, 0x2, 0xa0, 0x1f, 0xfc, 0xa1, 0xc1, 0xb,
    0x10, 0x0, 0xff, 0x84, 0x1b, 0xfc, 0x60, 0x1a,
    0x65, 0x0, 0x1, 0x99, 0x20, 0x4, 0x39, 0x28,
    0x1, 0xff, 0x38, 0x4, 0x2c, 0xc5, 0x0, 0x1b,
    0x30, 0x80, 0x31, 0x30, 0x7, 0xff, 0x4, 0xc0,
    0x3f, 0xf8, 0x82, 0x0, 0x3b, 0xbc, 0xc0, 0x5,
    0xbb, 0x28, 0x7, 0xff, 0x10, 0x7b, 0x94, 0x8,
    0x9b, 0x80, 0x6, 0x88, 0x10, 0x8, 0xc0, 0x3f,
    0xf8, 0xa, 0x2, 0xc0, 0x1f, 0xfc, 0x1, 0x0,
    0x8, 0x7, 0xff, 0x3, 0x0, 0x16, 0x1, 0xf8,
    0x9e, 0x89, 0xc0, 0xe, 0x1, 0xff, 0xc0, 0x40,
    0x2, 0x1, 0xac, 0x54, 0x80, 0x12, 0x14, 0x44,
    0x0, 0x10, 0xf, 0xfe, 0x1, 0x80, 0xf, 0x31,
    0x4e, 0xa2, 0x1, 0xe2, 0x0, 0x68, 0x7, 0xfc,
    0x80, 0x4, 0x7, 0x0, 0xfc, 0x6c, 0x5c, 0x0,
    0x20, 0xf, 0xfb, 0x40, 0x18, 0x2, 0x2, 0x8c,
    0x80, 0x6, 0xc9, 0x14, 0x0, 0x38, 0x7, 0xfc,
    0x80, 0x4, 0x8, 0xee, 0x5c, 0xe0, 0x7, 0x9,
    0x0, 0x90, 0x7, 0xf8, 0x48, 0x0, 0x60, 0x42,
    0x1, 0xfd, 0x20, 0x4, 0x0, 0xff, 0x9c, 0x0,
    0x80, 0x1f, 0xfc, 0x16, 0x0, 0x70, 0x7, 0xfd,
    0x80, 0x3, 0x0, 0xff, 0xe0, 0x38, 0x81, 0x20,
    0x7, 0xfc, 0x80, 0xc, 0x0, 0xff, 0x86, 0x0,
    0x16, 0x1, 0xff, 0xc0, 0xd8, 0x34, 0x0, 0xff,
    0x86, 0x8c, 0x98, 0x3, 0xff, 0x80, 0x6f, 0x80,
    0x1f, 0x9f, 0xfd, 0x20, 0xb9, 0x80, 0xe, 0x2f,
    0xf6, 0x80, 0x40,

    /* U+6ED1 "滑" */
    0x0, 0xff, 0xea, 0x97, 0x28, 0x7, 0x1c, 0xcf,
    0xff, 0x14, 0x3, 0xbc, 0x6a, 0x40, 0x33, 0x37,
    0xff, 0x18, 0x3, 0x21, 0x0, 0x1b, 0x4, 0x3,
    0xff, 0x98, 0x98, 0x40, 0x3, 0xf4, 0x0, 0xef,
    0xff, 0xf5, 0x80, 0x7e, 0x3c, 0x40, 0x0, 0xd8,
    0x80, 0x7f, 0xf3, 0x6, 0xdc, 0x1, 0x2, 0x1,
    0xbf, 0xfe, 0xa0, 0xf, 0xfe, 0x14, 0x4a, 0x38,
    0x7, 0xff, 0x0, 0x40, 0x3f, 0xf8, 0x6d, 0x60,
    0x1e, 0xbb, 0xd4, 0x1, 0xff, 0xc1, 0x1e, 0x50,
    0xf, 0xf2, 0x27, 0x0, 0x7f, 0xf0, 0x68, 0x6a,
    0x40, 0x27, 0x77, 0x80, 0x50, 0xef, 0x48, 0x1,
    0x9d, 0xda, 0x1, 0x3b, 0x90, 0xd0, 0x0, 0xd8,
    0x21, 0x30, 0xa0, 0x13, 0xc4, 0x4e, 0x0, 0x28,
    0x83, 0x0, 0x51, 0xd, 0x3b, 0x10, 0x1, 0xfa,
    0x0, 0x7f, 0xf3, 0x13, 0x8, 0x0, 0x30, 0x1,
    0x67, 0xff, 0xff, 0xd, 0x80, 0x38, 0xb5, 0x40,
    0x1c, 0x1, 0x8, 0x7, 0xff, 0x2e, 0x9e, 0x48,
    0x2, 0xdf, 0xff, 0xfe, 0x1b, 0x0, 0x7e, 0x86,
    0x2, 0x28, 0x3, 0xff, 0x8a, 0x44, 0xe0, 0xf,
    0xd9, 0xbe, 0x1, 0x3c, 0x47, 0xf2, 0x80, 0x7,
    0x74, 0xe0, 0x19, 0x60, 0xc0, 0x3e, 0xa7, 0x7f,
    0xec, 0x0, 0xff, 0x73, 0xe5, 0x80, 0x79, 0xd1,
    0x3f, 0xbc, 0x3, 0xfc, 0x80, 0xc, 0x0, 0xf5,
    0x5d, 0xff, 0x30, 0x7, 0xf1, 0x80, 0x48, 0x1,
    0xff, 0xce, 0x40, 0x8, 0xc0, 0x3d, 0xbf, 0xff,
    0xd2, 0x1, 0xfd, 0x80, 0x5, 0x0, 0xf9, 0xd1,
    0x3f, 0xbc, 0x3, 0xf9, 0x0, 0x18, 0x1, 0xf5,
    0x5d, 0xff, 0x30, 0x7, 0xe4, 0x0, 0x90, 0x3,
    0xff, 0x9d, 0xa0, 0x1, 0x20, 0xf, 0xb7, 0xff,
    0xfa, 0x40, 0x3f, 0x20, 0x1, 0x0, 0x3f, 0xf8,
    0xde, 0x1, 0xf1, 0x10, 0x1, 0x80, 0x1f, 0xfc,
    0x12, 0xcc, 0xb5, 0x80, 0x4, 0x1, 0x94, 0x2,
    0x70, 0xf, 0xfe, 0x9, 0x10, 0xcc, 0x40, 0x15,
    0x80, 0x64, 0x62, 0x20, 0x80, 0x7f, 0xf0, 0x90,
    0x3, 0x13, 0xb8, 0x3, 0x1c, 0xee, 0x0, 0x71,
    0x66, 0x44, 0x1, 0xd5, 0xff, 0xb6, 0x0, 0x30,

    /* U+6EE1 "满" */
    0x0, 0xff, 0xe0, 0x9e, 0x62, 0x80, 0x3a, 0x73,
    0x8, 0x1, 0xf0, 0xea, 0x80, 0x7e, 0x63, 0x32,
    0x0, 0x72, 0x99, 0x88, 0x3, 0xed, 0x2a, 0x80,
    0xf, 0xfe, 0x71, 0x10, 0x0, 0xf4, 0xd, 0x77,
    0xa0, 0x0, 0x37, 0x7c, 0x60, 0xb, 0xbe, 0xa0,
    0x2f, 0x20, 0x2, 0xe7, 0xa2, 0x62, 0x0, 0x91,
    0x38, 0x2, 0x24, 0x4e, 0x0, 0xe, 0x98, 0x0,
    0xd0, 0x3, 0xff, 0x9d, 0x88, 0xf, 0xbd, 0xda,
    0x80, 0x3, 0xdd, 0xc6, 0x0, 0x9e, 0xee, 0x0,
    0xeb, 0x98, 0x1, 0x1c, 0x1, 0x84, 0x78, 0x3,
    0x8, 0xe0, 0xf, 0x98, 0x3, 0xc9, 0x99, 0x0,
    0x76, 0xec, 0xe0, 0x1f, 0x53, 0x80, 0x67, 0xff,
    0xdd, 0x98, 0xdf, 0xfe, 0xed, 0xd7, 0x7f, 0xf0,
    0x3a, 0xc4, 0x80, 0x7f, 0xf3, 0xec, 0x0, 0xd6,
    0x20, 0x48, 0x9c, 0x60, 0x1, 0x44, 0x84, 0x0,
    0x48, 0x9e, 0xd, 0x30, 0x2, 0x61, 0x2d, 0xdf,
    0x78, 0x1, 0x2e, 0xe7, 0x0, 0x45, 0xdf, 0x80,
    0x71, 0x0, 0x5, 0x82, 0x1, 0xff, 0xcd, 0xb5,
    0x0, 0x20, 0x8f, 0x98, 0x2, 0x11, 0x8c, 0x0,
    0x62, 0x3c, 0x1, 0xd4, 0xa5, 0x41, 0xfd, 0xda,
    0x80, 0xb, 0xdd, 0x28, 0x2, 0x7b, 0xb8, 0x3,
    0xd5, 0x80, 0x1f, 0xfd, 0x21, 0x0, 0xe5, 0x52,
    0x0, 0x9, 0x56, 0x10, 0x2, 0xac, 0x1, 0xfa,
    0x6d, 0x88, 0x3, 0x55, 0x20, 0x1, 0x75, 0x51,
    0x1, 0xd5, 0x40, 0x1f, 0x9d, 0x25, 0x0, 0x3c,
    0xc0, 0x8, 0x10, 0x1, 0x0, 0x7f, 0xf0, 0x8,
    0x40, 0x8, 0x1, 0xed, 0x0, 0xe, 0x80, 0x88,
    0xe, 0x0, 0x3f, 0x94, 0x0, 0x24, 0x1, 0xe5,
    0x0, 0x8e, 0x90, 0x2, 0x75, 0x0, 0xfd, 0x80,
    0x4, 0x0, 0xf1, 0x10, 0x1d, 0x41, 0x60, 0x0,
    0x21, 0x46, 0x1, 0xf2, 0x0, 0x30, 0x3, 0xd0,
    0x0, 0xba, 0x38, 0x20, 0x5a, 0x0, 0x68, 0x7,
    0x90, 0x2, 0x40, 0xe, 0x45, 0x3, 0x30, 0x66,
    0x0, 0x1c, 0x90, 0xa, 0x1, 0xec, 0x0, 0x9,
    0x0, 0x75, 0x0, 0x20, 0x0, 0xc8, 0x6, 0x80,
    0xf3, 0x60, 0x1e, 0x40, 0x2, 0x0, 0x79, 0xc1,
    0x50, 0xa, 0x40, 0x10, 0x1, 0x30, 0x7, 0x84,
    0xc0, 0x18, 0x1, 0xe9, 0x95, 0x80, 0xa, 0x1,
    0x50, 0x3, 0x18, 0x0, 0x40, 0x8, 0x1, 0x20,
    0x7, 0xcc, 0x20, 0x13, 0xed, 0x80, 0xee, 0xbb,
    0x0, 0x6, 0x0, 0xc0, 0x0, 0x90, 0x7, 0xff,
    0x4, 0x84, 0x4, 0xc8, 0x40, 0x24, 0x0, 0x53,
    0xa, 0x0, 0x7f, 0xf1, 0x94, 0x2, 0x16, 0x90,
    0x1, 0xcf, 0x58, 0x6, 0xcd, 0xd0, 0x7, 0xfd,
    0x7f, 0xf7, 0x48, 0x0,

    /* U+6F14 "演" */
    0x0, 0xff, 0xe3, 0x88, 0x7, 0xff, 0x3d, 0xf7,
    0xf0, 0x3, 0xff, 0x83, 0x50, 0x1, 0xff, 0xc0,
    0x12, 0x2, 0x20, 0x7, 0xfc, 0xca, 0xf6, 0x20,
    0x1f, 0xe7, 0x0, 0x94, 0x3, 0xfe, 0xa0, 0x2,
    0x79, 0x8e, 0x67, 0xed, 0x0, 0xa7, 0x33, 0xf3,
    0x80, 0x35, 0x0, 0x3, 0x8c, 0x67, 0xfc, 0x1,
    0x9, 0x9f, 0xee, 0x0, 0xd, 0xb0, 0x4, 0x20,
    0x1f, 0xfc, 0xe9, 0x90, 0x33, 0x80, 0x7, 0xff,
    0xff, 0x87, 0x0, 0x1f, 0x9a, 0xe4, 0x3, 0xff,
    0xa2, 0x80, 0x18, 0x6e, 0xff, 0xf8, 0x74, 0x1,
    0xcd, 0x0, 0x1c, 0x44, 0x14, 0x4f, 0xfe, 0x19,
    0x14, 0x20, 0x72, 0xf8, 0x20, 0x1, 0xdd, 0x60,
    0x7, 0xff, 0xd, 0xf7, 0x50, 0x10, 0x0, 0x3f,
    0x30, 0xc, 0x5f, 0xfe, 0x10, 0x7, 0x7f, 0xf4,
    0x0, 0x6a, 0x30, 0x0, 0xe2, 0x80, 0x7f, 0xf3,
    0x7, 0x18, 0x2, 0xa6, 0xb, 0xff, 0xf8, 0x40,
    0x1d, 0xff, 0xf0, 0x80, 0x69, 0x80, 0x9, 0x0,
    0x3f, 0xf9, 0xcf, 0x41, 0x44, 0x1, 0x91, 0x9b,
    0x0, 0x4c, 0xdc, 0x1, 0xfe, 0x5d, 0x50, 0xe,
    0xf9, 0x9c, 0x20, 0x8, 0x99, 0xc2, 0x1, 0xfe,
    0x20, 0xf, 0x11, 0x70, 0x4, 0x45, 0xc0, 0x1f,
    0xec, 0xa6, 0x10, 0xd, 0x3b, 0xb8, 0x40, 0x19,
    0xbb, 0x84, 0x3, 0xf1, 0x1a, 0xc9, 0x0, 0x7f,
    0xf3, 0x90, 0x0, 0x26, 0x1, 0xa3, 0x33, 0x0,
    0x55, 0x99, 0x80, 0x3f, 0xb4, 0x0, 0xe0, 0x1c,
    0x67, 0xc2, 0x0, 0x43, 0x3c, 0x20, 0x1f, 0x90,
    0x1, 0xa0, 0x1d, 0xd1, 0x18, 0x40, 0x11, 0x1c,
    0x20, 0x1f, 0x28, 0x4, 0x80, 0x1c, 0xae, 0xf8,
    0x2, 0x67, 0x7c, 0x1, 0xfb, 0xc0, 0xa, 0x1,
    0xff, 0xcf, 0x50, 0x7, 0x80, 0x57, 0xff, 0xb1,
    0x7f, 0xf9, 0xa7, 0xbf, 0xf0, 0x80, 0x48, 0x1,
    0x20, 0x7, 0x97, 0x30, 0xa8, 0x1, 0xb, 0x4f,
    0x49, 0x80, 0x7b, 0x40, 0x6, 0x20, 0x11, 0xcf,
    0x51, 0x80, 0x38, 0x2, 0x60, 0x9, 0xb3, 0xc,
    0x1, 0x98, 0x1, 0x60, 0x31, 0xb8, 0xc2, 0x0,
    0x18, 0xb0, 0x9, 0xed, 0x40, 0x23, 0x9f, 0x91,
    0x50, 0x9, 0x40, 0xdc, 0x80, 0x22, 0x9e, 0x71,
    0x0, 0xc9, 0x5c, 0xe2, 0x1, 0x30, 0x24, 0xa1,
    0x10, 0x8, 0xc0, 0xb, 0x7a, 0xc0, 0x1f, 0xc3,
    0x1d, 0x24, 0xa, 0x22, 0x6b, 0xd0, 0xa, 0x27,
    0xa9, 0x0, 0x3f, 0xf8, 0x4d, 0xb7, 0x20,

    /* U+70B9 "点" */
    0x0, 0xff, 0xe0, 0xa4, 0xca, 0x0, 0x3f, 0xfa,
    0x18, 0xcc, 0x70, 0xf, 0xff, 0xa7, 0xff, 0xff,
    0x5, 0xc0, 0x3f, 0xff, 0xe0, 0x1f, 0x4c, 0xff,
    0xf0, 0x54, 0x3, 0xff, 0x8c, 0xcd, 0xff, 0xc1,
    0x20, 0xf, 0xfe, 0xc9, 0x2a, 0xfe, 0x30, 0x9,
    0x57, 0xfc, 0x80, 0x1f, 0xaa, 0xbf, 0x90, 0x2,
    0xaa, 0xff, 0x80, 0x3f, 0xff, 0xe3, 0xff, 0xff,
    0xc4, 0x70, 0xf, 0xff, 0xf8, 0x7, 0xff, 0xdc,
    0x7f, 0xff, 0xf8, 0x8e, 0x1, 0xff, 0xff, 0xba,
    0xaf, 0xfe, 0x55, 0x80, 0x7e, 0x5f, 0x65, 0x5f,
    0xfe, 0x2, 0x2a, 0xf3, 0xf8, 0x80, 0x7e, 0xa5,
    0xc8, 0x1, 0x6a, 0xc0, 0xc, 0xf9, 0xca, 0x1,
    0x3e, 0xac, 0x80, 0x7c, 0x66, 0x0, 0x58, 0x2,
    0x54, 0xc8, 0x2, 0xd3, 0x9, 0x0, 0x90, 0x0,
    0x4e, 0x1, 0xe8, 0x0, 0x11, 0x80, 0x90, 0x1,
    0x0, 0x29, 0x0, 0x19, 0x0, 0xd, 0x40, 0x10,
    0x20, 0x18, 0xd0, 0x1, 0x60, 0x13, 0x80, 0x30,
    0x2, 0x32, 0x0, 0x50, 0x5, 0x60, 0x14, 0x0,
    0x68, 0x0, 0xb, 0x0, 0x5a, 0x0, 0x70, 0xd,
    0x40, 0x6, 0x0, 0x85, 0xc0, 0xc, 0x40, 0x5,
    0x40, 0x4, 0x0, 0x63, 0x0, 0x10, 0x80, 0x4a,
    0x0, 0x13, 0x0, 0xa4, 0x40, 0x12, 0x0, 0x80,
    0x0, 0xb0, 0x6, 0x50, 0x9, 0x40, 0x22, 0x20,
    0x1, 0x0, 0x21, 0x90, 0x2, 0x88, 0x7a, 0x4,
    0x0, 0x70, 0x9a, 0x43, 0x0, 0x68, 0x9e, 0x70,
    0xc, 0xe2, 0xde, 0x20, 0x57, 0x66, 0x0, 0xf6,
    0x5b, 0x90, 0x6, 0x56, 0x10, 0xf, 0x74, 0x88,
    0x0,

    /* U+70ED "热" */
    0x0, 0xe4, 0x55, 0x8, 0x7, 0xca, 0xb0, 0x7,
    0xff, 0x17, 0xea, 0x88, 0x1, 0xf5, 0x54, 0x40,
    0x1f, 0xff, 0xe2, 0x2c, 0x1, 0x19, 0x10, 0x41,
    0x56, 0x0, 0x91, 0x57, 0xc0, 0x1c, 0x3b, 0xb9,
    0x0, 0x13, 0xba, 0xa2, 0xaa, 0x80, 0x29, 0xaa,
    0xf0, 0x80, 0x7f, 0xf8, 0x84, 0xcf, 0x0, 0x46,
    0x78, 0x3, 0xf0, 0xff, 0xe4, 0x0, 0x57, 0xfa,
    0x87, 0x32, 0x0, 0xb7, 0x32, 0x0, 0xff, 0xf1,
    0x9a, 0xc9, 0x80, 0x42, 0x1, 0x8, 0x7, 0xff,
    0x11, 0xc0, 0x13, 0x4c, 0xc4, 0xe7, 0x50, 0x0,
    0x80, 0x7f, 0xf0, 0x4d, 0xef, 0xcc, 0x3, 0x8a,
    0x6, 0x2c, 0x0, 0x40, 0x1f, 0xfc, 0x6, 0xc8,
    0x40, 0xe, 0x27, 0x31, 0x0, 0xe7, 0x0, 0xff,
    0xe0, 0x10, 0x7, 0xd5, 0xb0, 0x9b, 0x22, 0x1,
    0x26, 0xa0, 0x0, 0x40, 0x6, 0x17, 0x88, 0xe0,
    0x4f, 0x88, 0x1, 0xf3, 0x58, 0x6, 0x2b, 0xb1,
    0x0, 0x42, 0xa, 0x78, 0x7b, 0xa8, 0x30, 0xf,
    0xe8, 0x0, 0xf2, 0x39, 0x80, 0x1c, 0x44, 0x1a,
    0x4, 0x1, 0xff, 0x49, 0x0, 0x2e, 0x84, 0x9,
    0x58, 0x0, 0x4a, 0x0, 0x70, 0xf, 0xc2, 0x1,
    0x43, 0x0, 0x11, 0xb, 0xed, 0x0, 0x40, 0xd,
    0xe0, 0x12, 0x15, 0x59, 0xd0, 0x3, 0xa1, 0xc0,
    0x3, 0x40, 0x1, 0x95, 0xd, 0x0, 0x22, 0x82,
    0x0, 0x2a, 0xa8, 0x0, 0x98, 0x2d, 0xc0, 0x2d,
    0x10, 0xf, 0x20, 0x80, 0x6e, 0x1, 0x10, 0x7,
    0x19, 0x6, 0x0, 0x56, 0x60, 0x1f, 0xa8, 0x2,
    0x54, 0x0, 0x31, 0x9c, 0xb1, 0x80, 0x7, 0xa1,
    0xb4, 0x0, 0xfe, 0x4b, 0x69, 0xa0, 0xa, 0x33,
    0xe6, 0x9c, 0x3, 0x2f, 0x20, 0x4, 0x50, 0x80,
    0x19, 0xef, 0xd8, 0x3, 0xd1, 0x5e, 0xe0, 0x8,
    0xdf, 0x50, 0x9, 0xf5, 0xfc, 0x2, 0x98, 0x8,
    0x10, 0xe, 0x14, 0x0, 0x10, 0x0, 0x88, 0x18,
    0x1, 0x28, 0x1, 0x4, 0x1, 0x60, 0x1, 0x80,
    0xe, 0x90, 0x9, 0x40, 0x18, 0x0, 0x40, 0x8,
    0x8c, 0x0, 0xc0, 0x2, 0x70, 0x3, 0x10, 0x6,
    0x60, 0x3, 0x0, 0x4a, 0x0, 0x20, 0xd, 0x60,
    0xb, 0x0, 0xa0, 0x40, 0x12, 0x1, 0x40, 0x80,
    0x2c, 0x2, 0x30, 0x8, 0xc0, 0x26, 0x0, 0x19,
    0x0, 0x50, 0x0, 0x44, 0x1, 0x38, 0x1, 0x48,
    0x3, 0x10, 0x1, 0x40, 0x21, 0x30, 0x2, 0x80,
    0x4c, 0x40, 0x9, 0x7, 0x10, 0x4, 0x0, 0x73,
    0x80, 0x3c, 0x3, 0x58, 0x29, 0x0, 0x68, 0x2,
    0x90, 0x5e, 0x98, 0x20, 0xe, 0xe8, 0xb8, 0x0,
    0xcf, 0xf4, 0xa0, 0x19, 0x67, 0x50, 0x0,

    /* U+7259 "牙" */
    0x2, 0x2f, 0xfe, 0x80, 0x80, 0xee, 0xff, 0xf4,
    0x40, 0x3f, 0xfe, 0x63, 0xdd, 0xff, 0xc6, 0x20,
    0x1, 0xf7, 0x7b, 0x40, 0x2, 0x30, 0x39, 0x8,
    0xff, 0xf0, 0x0, 0x30, 0x8f, 0xc0, 0x1c, 0xf3,
    0x9e, 0x80, 0x1f, 0xfc, 0xed, 0x0, 0x90, 0x3,
    0xff, 0x9c, 0x80, 0x4, 0x0, 0xff, 0xe7, 0x20,
    0x5, 0xa0, 0x1f, 0xfc, 0xed, 0x0, 0x9c, 0x3,
    0xff, 0x9c, 0xe0, 0x2, 0x45, 0x5f, 0xf8, 0xc0,
    0x2, 0xab, 0xf0, 0x6, 0x10, 0x1, 0x55, 0x7f,
    0xf0, 0x4, 0x0, 0x55, 0x5f, 0x8, 0x7, 0xff,
    0x58, 0x40, 0x3f, 0xf9, 0xc2, 0x1, 0x77, 0xff,
    0xf5, 0x80, 0x45, 0xe4, 0x0, 0x3f, 0xff, 0x80,
    0x3f, 0xf8, 0x25, 0x60, 0x17, 0x80, 0x7f, 0xf3,
    0xb, 0x0, 0x2a, 0x20, 0xf, 0xfe, 0x59, 0xe0,
    0x80, 0x1d, 0x40, 0x3f, 0xf9, 0x69, 0x82, 0x0,
    0x68, 0x0, 0xff, 0xe5, 0xbd, 0x80, 0x4d, 0x20,
    0x1f, 0xfc, 0xa1, 0xb8, 0x0, 0x9e, 0x40, 0x3f,
    0xf9, 0x4b, 0xe8, 0x1, 0x4c, 0x0, 0x7f, 0xf2,
    0x4a, 0xe8, 0x40, 0x3, 0x6c, 0x1, 0xff, 0xc8,
    0x19, 0xd4, 0x0, 0x8f, 0xd0, 0x3, 0xf1, 0x80,
    0x7f, 0xd1, 0xcc, 0x1, 0xa3, 0x4, 0x3, 0xf8,
    0x40, 0xe, 0x1, 0xff, 0xc1, 0x3d, 0x70, 0xc,
    0xab, 0xcf, 0x80, 0x10, 0x80, 0x7e, 0x81, 0x1,
    0x9c, 0x20, 0xe, 0x9a, 0xad, 0x6, 0x1, 0x68,
    0x7, 0xf5, 0xc7, 0x30, 0x7, 0xc8, 0x1, 0xf8,
    0x58, 0x3, 0xf9, 0x5c, 0x3, 0xfb, 0x40, 0x3c,
    0x4b, 0x82, 0x1, 0xf8,

    /* U+725B "牛" */
    0x0, 0xff, 0xe1, 0x11, 0x40, 0x1f, 0xfc, 0xf2,
    0xdd, 0x98, 0x3, 0xff, 0x8f, 0x92, 0x80, 0x1f,
    0xfc, 0xf2, 0x36, 0xb7, 0x0, 0xff, 0xe7, 0x28,
    0x4, 0x80, 0x1f, 0xfc, 0xeb, 0x0, 0x8c, 0x3,
    0xff, 0x9a, 0x26, 0x0, 0x50, 0xf, 0xfe, 0x73,
    0x0, 0x44, 0x67, 0x9c, 0x2, 0xe3, 0x3f, 0xf0,
    0x7, 0xd6, 0x1, 0x3e, 0x66, 0xa0, 0x9, 0xf3,
    0x3f, 0xc0, 0x1e, 0x33, 0x0, 0x7f, 0xf4, 0x68,
    0x3, 0xff, 0xa2, 0x2c, 0x0, 0x1c, 0xcf, 0x50,
    0x4, 0xf9, 0x9f, 0xe0, 0xe, 0x60, 0x9, 0x8c,
    0xfc, 0xe0, 0x17, 0x19, 0xff, 0x80, 0x3a, 0x40,
    0x29, 0x0, 0xff, 0xe6, 0xc0, 0x80, 0x14, 0x40,
    0x3f, 0xf9, 0xb8, 0x20, 0x8, 0x0, 0xff, 0xe7,
    0x27, 0x3a, 0x90, 0x7, 0xff, 0x42, 0x28, 0x3,
    0xff, 0x9c, 0xef, 0xff, 0xc1, 0xb0, 0xb, 0x5d,
    0xff, 0xf8, 0x1, 0x11, 0xff, 0xc1, 0x60, 0x9,
    0x22, 0x3f, 0xf8, 0x0, 0x1f, 0xff, 0x3f, 0xff,
    0xfe, 0xe, 0x80, 0x53, 0xff, 0xff, 0xc0, 0x0,
    0xff, 0xff, 0x80, 0x7f, 0xff, 0xc0, 0x3f, 0xff,
    0xe0, 0x1f, 0xfe, 0xb0,

    /* U+7269 "物" */
    0x0, 0xf0, 0x8c, 0x1, 0xf1, 0x0, 0x7f, 0xf2,
    0x3f, 0xb8, 0x80, 0x1c, 0x3b, 0xf6, 0x20, 0x1f,
    0xfc, 0xe4, 0x0, 0x28, 0x80, 0x7f, 0xf0, 0x51,
    0x4, 0x1, 0xfe, 0xe0, 0x3, 0x0, 0x7f, 0xf0,
    0xa6, 0xe4, 0x3, 0xf8, 0x50, 0x1, 0x40, 0x1f,
    0xfc, 0x22, 0x2, 0x0, 0xfe, 0x90, 0x1, 0x90,
    0x7, 0xff, 0x10, 0x40, 0x3f, 0x98, 0x0, 0x7d,
    0xdf, 0xfc, 0x0, 0x1, 0x0, 0x44, 0x1, 0x11,
    0x4, 0x1c, 0x40, 0x21, 0x1f, 0xfe, 0x0, 0x0,
    0x40, 0xf, 0xa2, 0x0, 0x9d, 0xc0, 0x90, 0xf,
    0xfe, 0x33, 0x0, 0x7f, 0xa0, 0x40, 0x6a, 0x0,
    0xd, 0x4c, 0x0, 0x89, 0x0, 0xe2, 0x0, 0xfe,
    0x37, 0x0, 0x42, 0x88, 0x2, 0x94, 0x40, 0xe,
    0xe0, 0x0, 0x80, 0x34, 0x1, 0xdc, 0x10, 0x5,
    0x71, 0x0, 0xd, 0x83, 0x40, 0x6, 0x6, 0x2,
    0x6, 0x0, 0x30, 0x3, 0x1, 0x8, 0x80, 0x21,
    0x73, 0x0, 0x78, 0x1, 0x0, 0xc0, 0xa, 0x4,
    0x2, 0x1, 0xc6, 0xc, 0x1, 0xe6, 0x50, 0x73,
    0x5, 0x0, 0x20, 0x8, 0x81, 0x40, 0x30, 0x81,
    0x0, 0xc, 0x3, 0xea, 0x98, 0x0, 0x48, 0x2,
    0xc1, 0x0, 0x1e, 0xe, 0x1, 0x98, 0x1, 0xa0,
    0x1f, 0x98, 0x0, 0x66, 0x2, 0x30, 0xf0, 0x2,
    0x80, 0x80, 0x1c, 0x16, 0x59, 0xc0, 0x38, 0xa3,
    0x84, 0x1, 0x0, 0xa, 0x0, 0x20, 0x0, 0xc0,
    0x3c, 0x2d, 0x24, 0x1, 0xd2, 0xe2, 0x40, 0xa8,
    0x0, 0x60, 0x41, 0x4, 0x0, 0x18, 0x0, 0x40,
    0x39, 0x28, 0x40, 0x39, 0xc6, 0xc0, 0xe, 0x21,
    0xe0, 0xd, 0x0, 0x8, 0x0, 0xc0, 0x5, 0x1d,
    0x6a, 0x1, 0x85, 0xdb, 0x44, 0x6, 0x0, 0x50,
    0x0, 0xe0, 0x1f, 0x26, 0xb8, 0x80, 0x73, 0xf4,
    0x40, 0xc0, 0x14, 0x0, 0x80, 0x2, 0x8, 0x3,
    0xc0, 0x2, 0xa, 0x1, 0x84, 0x2, 0xc0, 0x95,
    0x0, 0x32, 0x1, 0x30, 0x3, 0x80, 0x21, 0x0,
    0xc2, 0x40, 0x95, 0xc2, 0x1, 0x33, 0x0, 0x7,
    0x20, 0x9, 0x0, 0x12, 0x80, 0x46, 0x0, 0xf0,
    0x4, 0x6d, 0xa8, 0x7, 0x32, 0x1, 0x68, 0x1,
    0x50, 0x1, 0x0, 0x1f, 0x8, 0x1, 0x48, 0x3,
    0xf5, 0xae, 0x8, 0xd, 0x80, 0xd, 0x40, 0x30,
    0x80, 0xc, 0x3, 0xff, 0x83, 0x42, 0x0, 0xd1,
    0x0, 0x70, 0x7, 0x30, 0x7, 0xff, 0x1e, 0xcc,
    0x1, 0x24, 0x1, 0xc4, 0x0, 0x60, 0xf, 0xfe,
    0x1d, 0x20, 0x1, 0x98, 0x1, 0x86, 0x40, 0x21,
    0x0, 0xff, 0xe1, 0x5a, 0x80, 0xe, 0x4b, 0xff,
    0x73, 0x0, 0x4, 0x80, 0x3f, 0xf8, 0x26, 0x80,
    0x3, 0xc0, 0x20, 0xf, 0xd0, 0x1, 0xff, 0xc2,
    0x3a, 0x3, 0xd0, 0x8, 0xc0, 0x38, 0x61, 0x80,
    0x3f, 0xf8, 0x6b, 0x78, 0x20, 0x17, 0x5d, 0xd9,
    0xbc, 0xe0, 0x10,

    /* U+72B6 "状" */
    0x0, 0xf9, 0x7b, 0xa0, 0xf, 0xd7, 0xfe, 0x80,
    0xf, 0xfe, 0x28, 0x8c, 0x1, 0xf9, 0xc0, 0x2,
    0x5, 0xae, 0x1, 0xff, 0xd0, 0x2c, 0x28, 0x50,
    0xf, 0xfe, 0x79, 0x10, 0x1, 0x44, 0x1, 0xcd,
    0x60, 0x1f, 0xfc, 0x8d, 0x10, 0x7, 0x88, 0x5,
    0x92, 0x8a, 0x1, 0xff, 0xc7, 0x1a, 0x0, 0x15,
    0x0, 0x56, 0x0, 0x90, 0xf, 0xfe, 0x42, 0x40,
    0x3, 0x0, 0x26, 0x0, 0x19, 0x80, 0x3f, 0xf9,
    0xe, 0xb2, 0xe0, 0x10, 0xa8, 0x2, 0x40, 0x3f,
    0xf9, 0x34, 0xc0, 0x1d, 0x20, 0x5, 0x10, 0xe,
    0x8f, 0xff, 0x18, 0x1, 0xbf, 0xfe, 0xe0, 0x8,
    0xcc, 0x0, 0x60, 0xf, 0xfe, 0x85, 0x0, 0x28,
    0x3, 0xff, 0xa0, 0xc0, 0x2, 0xf0, 0xd, 0x73,
    0x3e, 0x0, 0x92, 0x67, 0xeb, 0x0, 0xe6, 0x2,
    0x0, 0xe3, 0x66, 0xf0, 0x4, 0x2c, 0xdf, 0x28,
    0x7, 0x5d, 0xb7, 0xc0, 0x3f, 0xc2, 0x1, 0x30,
    0x7, 0xff, 0x4, 0x90, 0xc, 0x3, 0xfc, 0xa0,
    0x11, 0x88, 0x7, 0xff, 0x9, 0xa4, 0x3, 0xfd,
    0x80, 0x19, 0x0, 0x3f, 0xf8, 0x33, 0x20, 0xf,
    0xf9, 0x0, 0x37, 0x80, 0x7f, 0xc3, 0x8c, 0x1,
    0xff, 0x9, 0x80, 0x65, 0x10, 0xf, 0xe3, 0xf3,
    0x0, 0xff, 0xe0, 0x48, 0x7, 0xa4, 0x3, 0xf3,
    0xe0, 0x80, 0xa, 0x0, 0x3f, 0x98, 0x0, 0xcc,
    0x0, 0x38, 0x80, 0x79, 0x60, 0x2, 0x4d, 0x20,
    0xf, 0xd0, 0x20, 0xb, 0x80, 0xa, 0xc0, 0x3c,
    0xa0, 0x13, 0xd8, 0x7, 0xf1, 0xb8, 0x0, 0xc8,
    0x54, 0x0, 0xa8, 0x1, 0xe6, 0x9, 0x80, 0xf,
    0xe1, 0xe0, 0xb, 0xc0, 0x16, 0x1, 0x50, 0x80,
    0x75, 0x5b, 0x0, 0x7f, 0xa8, 0x80, 0xa, 0x60,
    0x1, 0x80, 0x0, 0xe0, 0x7, 0x1a, 0x0, 0x7f,
    0xa9, 0x0, 0x2b, 0x0, 0xce, 0x60, 0x2, 0xc0,
    0xf, 0xfe, 0x1d, 0x28, 0x5, 0x62, 0x1, 0xdc,
    0x20, 0x3, 0xc1, 0x0, 0xff, 0xe0, 0x5a, 0x80,
    0x4e, 0x80, 0x1e, 0x2a, 0x0, 0x8f, 0x8, 0x3,
    0xfe, 0x40, 0x9, 0x20, 0x3, 0xf2, 0x48, 0x4,
    0x42, 0x1, 0xff, 0x58, 0x1, 0x2c, 0x3, 0xfc,
    0xd2, 0x0, 0x93, 0x0, 0xff, 0x92, 0x16, 0xc0,
    0x3f, 0xf8, 0xd, 0x4a, 0xc0, 0x1f, 0x97, 0xfe,
    0x7, 0xa0, 0xf, 0xfe, 0x12, 0xd0, 0x0,

    /* U+7528 "用" */
    0x0, 0xc2, 0x3f, 0xfc, 0xd0, 0xc, 0x7d, 0xdf,
    0xfc, 0xd3, 0x0, 0xff, 0xfb, 0xc5, 0xdf, 0x9c,
    0x2, 0xab, 0xbf, 0x40, 0x7, 0xfc, 0x68, 0x9e,
    0xd0, 0x9, 0x13, 0xf0, 0x7, 0xff, 0xfc, 0x3,
    0xff, 0x9d, 0xac, 0xde, 0xc0, 0x9, 0x9b, 0xeb,
    0x0, 0xff, 0x9a, 0x67, 0xcc, 0x1, 0x44, 0xcf,
    0x9c, 0x3, 0xff, 0xba, 0x23, 0xf8, 0x2, 0x11,
    0xfc, 0x1, 0xff, 0x57, 0x77, 0xac, 0x2, 0xfe,
    0xef, 0x68, 0x7, 0xff, 0xfc, 0x3, 0xff, 0x9d,
    0x8a, 0xbe, 0xc0, 0x9, 0xd5, 0x7c, 0x80, 0x1f,
    0x38, 0x4, 0xf5, 0x5e, 0x60, 0xa, 0x6a, 0xbd,
    0x0, 0x1f, 0xfd, 0x91, 0x0, 0xff, 0xe8, 0x98,
    0x5, 0xff, 0xf5, 0x0, 0x5d, 0xff, 0xec, 0x0,
    0xfb, 0xc0, 0x2, 0x1, 0xff, 0xce, 0x50, 0x2,
    0x80, 0x7f, 0xf3, 0x8c, 0x1, 0x80, 0x1f, 0xfc,
    0xd6, 0x0, 0x90, 0x3, 0xff, 0x8c, 0xe0, 0x10,
    0x80, 0x2c, 0x0, 0x26, 0x1, 0xff, 0xc1, 0x26,
    0x6d, 0x0, 0x1c, 0xa4, 0x0, 0x90, 0xf, 0xfe,
    0x13, 0x4c, 0xe3, 0x0, 0x88, 0x20, 0x2, 0x60,
    0xf, 0xfe, 0x13, 0x0, 0x7c, 0xa0, 0x5, 0x10,
    0x71, 0x0, 0xff, 0xe1, 0x10, 0x7, 0x13, 0xd0,
    0x2, 0x3a, 0x60, 0x3, 0xf9, 0x7f, 0xe1, 0x0,
    0x7f, 0xf6, 0xc0, 0x0,

    /* U+7535 "电" */
    0x0, 0xff, 0x96, 0x65, 0x0, 0x1f, 0xfc, 0xec,
    0x66, 0x80, 0x3f, 0xff, 0xe5, 0xff, 0xfe, 0x60,
    0x0, 0xff, 0xff, 0x9c, 0x3, 0x8, 0x7, 0xff,
    0x33, 0xc0, 0x3f, 0xfb, 0x51, 0x99, 0xe5, 0x0,
    0xb3, 0x3e, 0x0, 0xff, 0xe0, 0x19, 0xfe, 0x0,
    0x9, 0x9f, 0xc2, 0x1, 0xff, 0xfb, 0x22, 0xf8,
    0xc0, 0x22, 0x2f, 0x80, 0x3f, 0xf8, 0x13, 0xbb,
    0xe5, 0x0, 0xe, 0xef, 0xc2, 0x1, 0xff, 0xfb,
    0xae, 0xef, 0x30, 0x0, 0x7b, 0xbe, 0x10, 0xf,
    0xf8, 0x47, 0xe0, 0xc, 0x23, 0xf0, 0x7, 0xff,
    0xf0, 0xcf, 0xf0, 0x0, 0x4c, 0xfe, 0x10, 0xf,
    0xfa, 0x33, 0x3c, 0xa0, 0x16, 0x67, 0xc0, 0x1f,
    0xfd, 0x6a, 0x62, 0x1, 0x0, 0xff, 0xe6, 0xa,
    0xce, 0x99, 0x7f, 0xff, 0x98, 0x0, 0x3f, 0xff,
    0xeb, 0x0, 0xff, 0xea, 0x88, 0x7, 0xff, 0x8,
    0x40, 0x3f, 0xc2, 0x1, 0x18, 0x7, 0xfc, 0x20,
    0x10, 0x80, 0x7f, 0x20, 0x4, 0x20, 0x1f, 0xf7,
    0x80, 0x54, 0x86, 0x7f, 0x34, 0x80, 0x4, 0x3,
    0xff, 0x80, 0x60, 0x12, 0x5e, 0x67, 0xd2, 0x20,
    0x4, 0x0, 0xff, 0xe0, 0x21, 0x80, 0x7f, 0xf0,
    0xe4, 0x3, 0xff, 0x83, 0xae, 0x40, 0x1f, 0xe2,
    0x5c, 0x30,

    /* U+753B "画" */
    0x12, 0x2f, 0xfe, 0x80, 0xfe, 0xef, 0xff, 0x43,
    0x80, 0x3f, 0xfe, 0x1d, 0xff, 0xff, 0xd1, 0x0,
    0xff, 0xe9, 0x9b, 0xb9, 0x0, 0xf, 0x55, 0xff,
    0xc2, 0x70, 0x2, 0x44, 0x10, 0x1, 0x71, 0xe,
    0x0, 0x62, 0xaf, 0xff, 0xb, 0x0, 0x1a, 0xee,
    0xd0, 0xf, 0xfe, 0xed, 0x7f, 0xa4, 0x1, 0x3f,
    0xea, 0x0, 0xff, 0xe4, 0x8, 0x0, 0xc0, 0x38,
    0x40, 0x3f, 0xff, 0xe0, 0x1d, 0xf5, 0x49, 0x0,
    0x55, 0x5e, 0x1, 0xff, 0xc8, 0x45, 0x51, 0x80,
    0xd, 0x54, 0x80, 0x1f, 0xfe, 0x6b, 0xff, 0x50,
    0x2, 0x7f, 0xd6, 0x1, 0xff, 0xff, 0x0, 0xff,
    0xeb, 0xdf, 0xfa, 0x80, 0x13, 0xfe, 0xb0, 0xf,
    0xff, 0x19, 0xa2, 0x7f, 0xf0, 0x8c, 0x3, 0xff,
    0x85, 0x17, 0x7f, 0xfc, 0x28, 0x0, 0xff, 0xee,
    0xb2, 0x27, 0xff, 0x20, 0x80, 0x3f, 0x1d, 0xdf,
    0xff, 0x21, 0x0, 0x3f, 0xfa, 0xfe, 0x45, 0xff,
    0xcb, 0x0, 0xf3, 0xee, 0xff, 0xf2, 0xd8, 0x3,
    0x0,

    /* U+754C "界" */
    0x0, 0x8b, 0x77, 0xff, 0x98, 0x60, 0x1f, 0x11,
    0x7f, 0xf3, 0x0, 0x3f, 0xfb, 0xf9, 0xff, 0xea,
    0x0, 0x17, 0xff, 0xb4, 0x3, 0xff, 0x84, 0x20,
    0x1f, 0xfc, 0x43, 0x0, 0xff, 0xf1, 0x6f, 0xff,
    0xa8, 0x0, 0x5f, 0xfe, 0xe0, 0xf, 0xff, 0x12,
    0xb3, 0x79, 0x0, 0x2, 0xcd, 0xe5, 0x0, 0xff,
    0xe1, 0x44, 0xcf, 0xb8, 0x0, 0x73, 0x3e, 0xb0,
    0xf, 0xff, 0x13, 0x11, 0x78, 0xc0, 0x22, 0x2f,
    0x80, 0x3f, 0xf8, 0x57, 0xbb, 0xe9, 0x0, 0x16,
    0xef, 0xb0, 0x3, 0xff, 0xbc, 0x68, 0x9f, 0x84,
    0x3, 0xc4, 0x89, 0xf8, 0x40, 0x3c, 0x37, 0x7e,
    0xa1, 0x10, 0x4, 0x40, 0x2, 0x3b, 0xbf, 0x88,
    0x3, 0xff, 0x80, 0xde, 0xa0, 0x1, 0xbd, 0x50,
    0x3, 0xea, 0x80, 0x7f, 0xf1, 0x1b, 0xa4, 0x40,
    0xb, 0xe8, 0x15, 0x0, 0x2, 0xad, 0x60, 0xf,
    0xf8, 0xa3, 0xa4, 0x40, 0x7, 0x94, 0x20, 0x13,
    0xe9, 0x80, 0xa, 0x7e, 0x4c, 0x3, 0x89, 0xf3,
    0x5c, 0x40, 0x21, 0x56, 0x0, 0xf1, 0xa8, 0x80,
    0x66, 0xce, 0xa5, 0x2, 0xd8, 0x30, 0x8, 0xa8,
    0xc5, 0xb4, 0x3, 0xc4, 0xc2, 0xc, 0x40, 0x10,
    0xad, 0x9, 0x28, 0x4, 0x55, 0xaa, 0x20, 0x1f,
    0xfc, 0x1a, 0xda, 0x30, 0x9, 0x84, 0x24, 0x1b,
    0x35, 0x40, 0x4, 0x0, 0xe0, 0xf, 0xfe, 0x2,
    0xe6, 0xb9, 0x58, 0x0, 0xfe, 0x4c, 0x2, 0x40,
    0x9, 0x0, 0x3f, 0xf8, 0x45, 0x1a, 0x40, 0x1f,
    0xd0, 0x0, 0x22, 0x0, 0x7f, 0xf3, 0xa8, 0xc0,
    0x16, 0x1, 0xff, 0xcd, 0x3d, 0x50, 0x2, 0x30,
    0x7, 0xff, 0x2c, 0x6f, 0x8, 0x0, 0x54, 0x1,
    0xff, 0xcc, 0x17, 0x0, 0x93, 0x4, 0x3, 0xff,
    0x9b, 0xa2, 0x11, 0x62, 0x1, 0xff, 0xce, 0x1d,
    0xe7, 0x0, 0xff, 0x8f, 0xfe, 0x30, 0xf, 0xc0,

    /* U+767D "白" */
    0x0, 0xff, 0x65, 0xc2, 0x80, 0x7f, 0xf2, 0x4c,
    0xc8, 0xfc, 0x1, 0xff, 0xc9, 0xb0, 0xb, 0x80,
    0x3f, 0xf9, 0x2c, 0x1, 0x28, 0x7, 0xff, 0x1,
    0x19, 0xbe, 0x91, 0x0, 0x13, 0x37, 0xff, 0x0,
    0xf6, 0x67, 0xe6, 0x0, 0x8a, 0x67, 0xff, 0x81,
    0x60, 0x1f, 0xfe, 0xb1, 0xff, 0xff, 0xe3, 0x8,
    0x7, 0xff, 0xfc, 0x3, 0xff, 0xfe, 0x1, 0xff,
    0xc0, 0x1f, 0xff, 0xfe, 0x30, 0x80, 0x7f, 0xfb,
    0xea, 0xbf, 0xf8, 0xc0, 0x1f, 0xa, 0xaf, 0xff,
    0x18, 0x40, 0x3f, 0xff, 0xe0, 0x1f, 0xff, 0x11,
    0x55, 0xff, 0xe3, 0x8, 0x7, 0xd5, 0x5f, 0xfc,
    0x60, 0xf, 0xff, 0x78, 0xff, 0xff, 0xf1, 0x84,
    0x3, 0xff, 0xa3, 0x3d, 0xd0, 0x7, 0xff, 0x1b,
    0xbf, 0xd0,

    /* U+7684 "的" */
    0x0, 0xe2, 0x0, 0xff, 0x98, 0x80, 0x3f, 0xf8,
    0x27, 0xbf, 0xa6, 0x1, 0xf1, 0xce, 0xf1, 0x80,
    0x7f, 0xca, 0x0, 0x22, 0x0, 0x7d, 0x60, 0x1,
    0x30, 0xf, 0xfb, 0x0, 0x2, 0x20, 0xf, 0x90,
    0x0, 0x80, 0x1f, 0xfc, 0x4, 0x0, 0x38, 0x7,
    0xc4, 0x60, 0xd, 0x0, 0xff, 0x88, 0x40, 0x18,
    0x1, 0xf5, 0x0, 0x4e, 0x1, 0xfb, 0xbf, 0xda,
    0x1, 0x57, 0xfe, 0x50, 0x3, 0x0, 0x5f, 0xdd,
    0xf5, 0x0, 0x7f, 0xf0, 0x94, 0x40, 0x21, 0x1f,
    0xe0, 0xf, 0xfe, 0x14, 0x80, 0x7f, 0xf1, 0x1a,
    0x67, 0x80, 0x31, 0x98, 0x0, 0x91, 0x1e, 0x30,
    0x0, 0x80, 0x58, 0xcd, 0xc2, 0x1, 0x78, 0x5,
    0x4e, 0xfe, 0x60, 0xf, 0xfe, 0x1f, 0x98, 0x1,
    0xc4, 0x3, 0xc2, 0x0, 0x30, 0xf, 0xfe, 0x0,
    0x80, 0x52, 0x1, 0xff, 0xcb, 0xed, 0x36, 0x10,
    0xf, 0x9c, 0x0, 0x20, 0x1f, 0xfc, 0x12, 0xc8,
    0x54, 0x0, 0xff, 0xe6, 0xcd, 0x50, 0x40, 0x38,
    0x40, 0x1e, 0x1, 0x7b, 0xbf, 0x8, 0x6, 0x37,
    0x1, 0xd0, 0xf, 0xfe, 0x2, 0xc4, 0x70, 0x7,
    0x1b, 0x80, 0xe, 0x0, 0x31, 0x80, 0x4, 0x3,
    0xff, 0x87, 0x6, 0x0, 0x74, 0x0, 0xff, 0xe5,
    0xf0, 0x5, 0x42, 0x0, 0x10, 0x1, 0x80, 0x55,
    0xff, 0xc2, 0x1, 0xe2, 0x80, 0x0, 0xd8, 0x7,
    0xff, 0x2d, 0xcc, 0x0, 0x40, 0x1c, 0x20, 0x1f,
    0xfc, 0x6e, 0x3c, 0x80, 0xf, 0xfe, 0x61, 0x61,
    0x80, 0x79, 0xc0, 0x3f, 0xf9, 0x62, 0x1, 0xff,
    0xcf, 0x30, 0x8, 0x40, 0x2d, 0x44, 0xe1, 0x0,
    0xff, 0xe0, 0x88, 0x4, 0x60, 0x13, 0xdd, 0xf0,
    0x7, 0xff, 0x9, 0x0, 0x3f, 0xf9, 0x2c, 0xdd,
    0x30, 0x1, 0x8, 0x7, 0xff, 0x16, 0x67, 0x98,
    0x2, 0x40, 0xd, 0x3d, 0xdf, 0x94, 0x3, 0x18,
    0x7, 0xe8, 0x0, 0xc6, 0x23, 0xf8, 0x3, 0x94,
    0x3, 0x85, 0x70, 0xc0,

    /* U+76AE "皮" */
    0x0, 0xff, 0xe1, 0x9d, 0xdc, 0x1, 0xff, 0xcf,
    0x64, 0x48, 0x40, 0x3f, 0xfc, 0x46, 0x7f, 0xf1,
    0x0, 0x4a, 0x67, 0xfe, 0x0, 0xed, 0xcc, 0xff,
    0x40, 0x5, 0x79, 0x9f, 0xdc, 0x1, 0xff, 0xf1,
    0x10, 0xf, 0xd3, 0xff, 0xf5, 0x0, 0x5d, 0xff,
    0xe1, 0x0, 0x20, 0x7, 0xff, 0x39, 0x84, 0x1,
    0x20, 0x1f, 0xfc, 0xeb, 0x0, 0x28, 0x80, 0x7f,
    0xf3, 0x94, 0x82, 0x40, 0x3f, 0xf9, 0xf1, 0xb8,
    0x60, 0x1f, 0xde, 0x89, 0xf6, 0x80, 0x48, 0x9f,
    0x84, 0x3, 0xfc, 0xd7, 0x7f, 0x38, 0x5, 0x57,
    0x7f, 0x28, 0x7, 0xc2, 0x1, 0xff, 0xf4, 0x9d,
    0x0, 0x8f, 0xff, 0xfc, 0x60, 0x13, 0x0, 0x7f,
    0x8c, 0x9c, 0x0, 0x6c, 0x1, 0xf9, 0x8c, 0x1,
    0x2, 0x1, 0xe1, 0x0, 0x84, 0x24, 0x40, 0x12,
    0x40, 0x1e, 0x29, 0x0, 0x13, 0x80, 0x7c, 0x60,
    0x13, 0x80, 0xd8, 0x5, 0xc0, 0x1c, 0x3e, 0x1,
    0x78, 0x7, 0xe6, 0x0, 0x88, 0x0, 0xaa, 0x0,
    0x1d, 0x0, 0x43, 0x84, 0x0, 0x92, 0x0, 0xfc,
    0x40, 0x10, 0x80, 0x54, 0x40, 0x5, 0xa0, 0x1c,
    0x20, 0x3, 0xb0, 0x7, 0xf6, 0x0, 0xc, 0x3,
    0xb0, 0x40, 0xb, 0x7e, 0x40, 0x6, 0x80, 0xf,
    0xf2, 0x0, 0x10, 0x3, 0x87, 0x4, 0x0, 0x82,
    0x0, 0x79, 0x0, 0xff, 0x18, 0x80, 0x30, 0x3,
    0xc5, 0x20, 0x1c, 0x34, 0x1, 0xff, 0x48, 0x4,
    0x80, 0x1c, 0xbb, 0x0, 0x1c, 0x3b, 0x68, 0x1,
    0xf8, 0x94, 0x0, 0xa0, 0x11, 0x47, 0x51, 0x0,
    0x4a, 0x20, 0x12, 0x5f, 0x4a, 0x0, 0x74, 0x0,
    0x52, 0x2d, 0x9a, 0xe2, 0x1, 0x1e, 0x57, 0x38,
    0x6, 0x16, 0xbf, 0xb7, 0x32, 0x50, 0x1, 0xc7,
    0x49, 0x80, 0x62, 0xac, 0x30, 0x4, 0x74, 0x8,
    0x7, 0x24, 0x40, 0x8c, 0x1, 0xe6, 0x1, 0xc7,
    0x5a, 0xa0, 0x1c, 0x2f, 0xd6, 0xa0, 0x1d, 0xc1,
    0x86, 0x87, 0x22, 0x2, 0xdb, 0x8a, 0x1, 0xfe,
    0x4a, 0xea, 0x50, 0x15, 0x0, 0x6c, 0x80, 0xdd,
    0x74, 0x90, 0x7, 0xff, 0x8, 0x56, 0xbf, 0x0,

    /* U+76F4 "直" */
    0x0, 0xff, 0xe1, 0x3d, 0x51, 0x80, 0x3f, 0xfa,
    0x18, 0xaa, 0xc0, 0xf, 0xfe, 0x21, 0x17, 0xff,
    0x1, 0xc0, 0x2, 0x45, 0xff, 0xc0, 0x0, 0x8b,
    0x77, 0xff, 0x80, 0x60, 0x4, 0xdd, 0xff, 0xe0,
    0x18, 0x7, 0xff, 0x58, 0xd5, 0x7f, 0xf8, 0x2,
    0x0, 0x15, 0x5f, 0xfe, 0x0, 0x80, 0x6, 0xab,
    0xff, 0x80, 0xa0, 0x4, 0xaa, 0xff, 0xe0, 0x10,
    0x7, 0xff, 0x6b, 0xff, 0xf9, 0x0, 0xb, 0xff,
    0xfc, 0x40, 0x1f, 0xfe, 0x2, 0x44, 0xff, 0xe1,
    0x18, 0x7, 0xff, 0x12, 0xae, 0xff, 0xf8, 0x50,
    0x1, 0xff, 0xd3, 0x10, 0xf, 0xfe, 0x24, 0x7f,
    0xff, 0xf0, 0xa8, 0x3, 0xff, 0xc8, 0x91, 0x1f,
    0xfc, 0x26, 0x0, 0xff, 0xe2, 0x63, 0xbf, 0xff,
    0xb, 0x40, 0x3f, 0xf8, 0x99, 0x11, 0xff, 0xc2,
    0xe0, 0xf, 0xfe, 0x22, 0x3b, 0xff, 0xf0, 0x94,
    0x3, 0xff, 0xc9, 0x1f, 0xff, 0xfc, 0x2a, 0x0,
    0xff, 0xe9, 0x88, 0x7, 0xff, 0x12, 0xe6, 0x7f,
    0xf8, 0x5e, 0x1, 0xff, 0xc4, 0x36, 0x6f, 0xfe,
    0x12, 0x0, 0x7f, 0xf9, 0x23, 0xff, 0xff, 0x85,
    0x40, 0x1f, 0xfd, 0x31, 0x0, 0xfc, 0x3d, 0xd8,
    0x2, 0x9e, 0xef, 0xfe, 0x15, 0x0, 0x59, 0xdd,
    0x8, 0x8, 0xe0, 0x8, 0x47, 0xff, 0x88, 0x1,
    0x8, 0xe3, 0x0, 0xff, 0xea, 0xf, 0xff, 0xff,
    0x48, 0x80,

    /* U+771F "真" */
    0x0, 0xff, 0xe1, 0x4e, 0xe9, 0xc0, 0x3f, 0xfa,
    0x4, 0x57, 0x0, 0x7f, 0xf0, 0xce, 0x67, 0xff,
    0x80, 0xa0, 0x4, 0x99, 0xff, 0xe0, 0x18, 0x1,
    0x59, 0xbf, 0xf8, 0x2, 0x0, 0x26, 0x6f, 0xfe,
    0x2, 0x80, 0x7f, 0xf5, 0x9b, 0xff, 0xff, 0x80,
    0x80, 0x6, 0xff, 0xff, 0xe0, 0x30, 0x7, 0xff,
    0x6b, 0x3f, 0xff, 0x20, 0x1, 0xbf, 0xff, 0x70,
    0x7, 0xf8, 0x40, 0x3f, 0xfa, 0xcb, 0x55, 0xff,
    0xc2, 0x50, 0xf, 0xfe, 0x26, 0xaa, 0xff, 0xf0,
    0xb4, 0x3, 0xff, 0x89, 0x1f, 0xff, 0xfc, 0x28,
    0x0, 0xff, 0xf2, 0x3e, 0xef, 0xff, 0x9, 0xc0,
    0x3f, 0xf8, 0x9e, 0x45, 0xff, 0xc2, 0xf0, 0xf,
    0xfe, 0x24, 0x7f, 0xff, 0xf0, 0xa0, 0x3, 0xff,
    0xc8, 0xfb, 0xbf, 0xfc, 0x27, 0x0, 0xff, 0xe2,
    0x91, 0x7f, 0xf0, 0xbc, 0x3, 0xff, 0x88, 0xff,
    0xff, 0xfc, 0x28, 0x0, 0xff, 0xf2, 0x3f, 0xff,
    0xff, 0xa, 0x0, 0x3f, 0xfb, 0x83, 0xff, 0x88,
    0x0, 0xff, 0xff, 0xfc, 0x28, 0x0, 0xf, 0xfe,
    0x10, 0xf, 0xfe, 0xa0, 0xbb, 0xff, 0x10, 0x23,
    0xbf, 0x8c, 0x15, 0xdf, 0xf8, 0x42, 0x23, 0xd3,
    0xec, 0x40, 0xf1, 0x1e, 0x20, 0x54, 0xf9, 0x88,
    0xf0, 0x7, 0x92, 0xba, 0x4, 0x0, 0x64, 0x1,
    0x94, 0x40, 0x7, 0x1d, 0x8c, 0x20, 0x1e, 0x48,
    0xeb, 0x50, 0x8, 0x5f, 0x88, 0x3, 0x2e, 0x38,
    0x80, 0x47, 0x3d, 0x6a, 0x1, 0x4d, 0xb8, 0x80,
    0x47, 0x3d, 0x2, 0x1, 0xe3, 0x8e, 0xb6, 0x0,
    0xc9, 0x48, 0x0, 0xa0, 0xc, 0xd9, 0x86, 0x0,
    0xff, 0xe0, 0x24, 0xfc, 0x98, 0x0, 0xd0, 0x0,
    0x66, 0x4a, 0xf9, 0x30, 0xf, 0xfe, 0x2b, 0x66,
    0xb4, 0x0, 0x6c, 0xb5, 0x0, 0xff, 0xe5, 0x14,
    0xa0, 0x0,

    /* U+7720 "眠" */
    0x0, 0xff, 0xe0, 0x44, 0x7f, 0xf0, 0xdc, 0x1,
    0x9f, 0xff, 0xa8, 0x5, 0xdf, 0xff, 0x87, 0x20,
    0x1, 0x0, 0xfc, 0x20, 0x1f, 0xfd, 0x74, 0x4f,
    0xe3, 0x0, 0xfd, 0x79, 0x8a, 0x0, 0xf8, 0x6e,
    0xff, 0xb4, 0x3, 0xf2, 0x99, 0x9c, 0x3, 0xff,
    0xfe, 0x1, 0xff, 0x18, 0x8c, 0x1, 0xf0, 0xff,
    0xff, 0x70, 0x7, 0xed, 0xee, 0x60, 0x7, 0xff,
    0xe3, 0x33, 0x40, 0x0, 0xf3, 0x36, 0x80, 0x77,
    0x7f, 0xb4, 0x3, 0xe1, 0x33, 0xc8, 0x0, 0x73,
    0x3e, 0x0, 0xff, 0xe6, 0x38, 0x7, 0xff, 0x38,
    0x40, 0x2, 0x1, 0xff, 0xc9, 0x1f, 0xfd, 0xa0,
    0x2, 0xff, 0xf1, 0x0, 0x5f, 0xdc, 0xc0, 0xf,
    0xfe, 0x70, 0x8e, 0x0, 0xff, 0xec, 0x8f, 0x77,
    0x18, 0x3, 0x3b, 0xb8, 0x80, 0x2d, 0xee, 0x60,
    0x7, 0xe1, 0x1e, 0x60, 0x3, 0x88, 0xf0, 0x6,
    0x31, 0x18, 0x3, 0xff, 0x83, 0xa0, 0x3, 0x0,
    0xff, 0xe7, 0x18, 0x3, 0x40, 0x24, 0x0, 0xff,
    0xe5, 0x28, 0x1, 0xc0, 0x2b, 0xe5, 0x0, 0x88,
    0xa6, 0x0, 0xff, 0x84, 0xc4, 0x40, 0x44, 0x2,
    0x1, 0x30, 0xb, 0x37, 0x56, 0x1, 0xfc, 0x31,
    0xd2, 0x8, 0x0, 0x50, 0x70, 0x2, 0x80, 0x7f,
    0xf0, 0x86, 0x79, 0xc1, 0xc3, 0xc0, 0x12, 0x18,
    0x0, 0x30, 0xf, 0xf9, 0x40, 0x26, 0x0, 0x84,
    0x14, 0x0, 0x3a, 0xc0, 0x40, 0x1b, 0xbf, 0xfa,
    0xc2, 0x0, 0x38, 0xef, 0x0, 0xe, 0x0, 0x20,
    0x5, 0x0, 0x7f, 0xf0, 0x10, 0x2, 0x4b, 0xc4,
    0x0, 0xa0, 0x80, 0x21, 0x60, 0xfc, 0xc0, 0x80,
    0x7d, 0x20, 0xb9, 0x68, 0x1, 0xec, 0x50, 0x2d,
    0x10, 0x23, 0x30, 0x7, 0xe1, 0xea, 0x30, 0xf,
    0xc3, 0x5f, 0xa6, 0x0,

    /* U+77ED "短" */
    0x0, 0xd7, 0x4c, 0x1, 0xff, 0xd0, 0x14, 0x59,
    0x10, 0xe, 0x11, 0xff, 0xe2, 0x80, 0x72, 0x0,
    0x8, 0x40, 0x3a, 0xbb, 0xbf, 0xf8, 0x94, 0x1,
    0xbc, 0x0, 0xa0, 0x1f, 0xfd, 0x5, 0x0, 0x1c,
    0xcf, 0x20, 0x7, 0xff, 0x25, 0x40, 0x24, 0x66,
    0xe3, 0xad, 0xdf, 0xfe, 0x25, 0x80, 0x5c, 0x1,
    0xfe, 0x12, 0x2f, 0xfe, 0x20, 0x80, 0x9, 0x0,
    0xe, 0x40, 0x5, 0x77, 0x20, 0x7, 0xff, 0x22,
    0xc0, 0x7, 0xe, 0x0, 0xf8, 0x81, 0x85, 0xf7,
    0x7f, 0xf0, 0x90, 0x0, 0x4c, 0x0, 0xa0, 0xf,
    0xe6, 0x11, 0xff, 0xe1, 0x0, 0x62, 0x1, 0x60,
    0xf, 0xfe, 0x79, 0x6a, 0xc0, 0x7, 0xff, 0x6,
    0x7f, 0xff, 0x8, 0x7, 0xd4, 0xc0, 0x1c, 0x20,
    0x1f, 0xfc, 0xb6, 0x6f, 0x0, 0x31, 0x98, 0xa0,
    0x1f, 0xfc, 0x89, 0x9e, 0x30, 0x3, 0xcc, 0xac,
    0x3, 0xff, 0xd0, 0x23, 0xc0, 0x10, 0x8c, 0x40,
    0x1a, 0x7f, 0xff, 0x8, 0x7, 0xbb, 0xb8, 0x80,
    0x1b, 0xdc, 0xc0, 0xf, 0xfe, 0x69, 0x0, 0x8,
    0x3, 0xff, 0x9e, 0x40, 0x1f, 0xb7, 0xfa, 0xbf,
    0xfe, 0xac, 0xff, 0x20, 0x7, 0xc8, 0x1, 0x50,
    0x7, 0x37, 0xd1, 0x80, 0x7a, 0xf3, 0x8, 0x1,
    0xfb, 0x0, 0x24, 0xa0, 0x8, 0x64, 0x42, 0x0,
    0x39, 0x84, 0xc, 0x3, 0xf0, 0xa8, 0x6, 0x58,
    0x0, 0xc, 0x0, 0x11, 0x0, 0x1a, 0xc0, 0x4,
    0x80, 0x1f, 0x48, 0x4, 0x80, 0x7, 0x60, 0x3,
    0x88, 0x2, 0x40, 0x25, 0x20, 0x5, 0x80, 0x7c,
    0x2e, 0x0, 0x6b, 0x20, 0x4, 0xa0, 0x2, 0x0,
    0x4, 0xc0, 0x9, 0x0, 0x13, 0x0, 0x7d, 0x40,
    0x15, 0x86, 0x8, 0xa, 0x80, 0x18, 0x41, 0x10,
    0x8, 0x60, 0xb, 0x0, 0xf9, 0x50, 0x0, 0xa4,
    0x3, 0xa1, 0x60, 0x23, 0x45, 0x50, 0xc6, 0x0,
    0x2, 0xe2, 0x38, 0x0, 0x54, 0x1, 0x58, 0x4,
    0x7b, 0x3d, 0xda, 0x6b, 0xba, 0x30, 0x0, 0xf7,
    0x70, 0x87, 0x80, 0x50, 0x20, 0x18, 0x80, 0x3f,
    0xf9, 0x2c, 0x0, 0x37, 0x0, 0xff, 0xe7, 0xd9,
    0x8e, 0x80, 0x7d, 0xbb, 0xff, 0xc7, 0x10, 0x6,
    0xe8, 0x40, 0x3e, 0x12, 0x2f, 0xfe, 0x30, 0x0,

    /* U+786E "确" */
    0x0, 0xff, 0xe2, 0xed, 0xb9, 0x0, 0x7f, 0xf3,
    0x58, 0x92, 0x18, 0x3, 0xfc, 0x6a, 0xbf, 0xe0,
    0xd, 0x0, 0x2, 0x73, 0x3f, 0x8, 0x5, 0x15,
    0x5f, 0xe2, 0x0, 0x48, 0x80, 0xb, 0x33, 0xe9,
    0x0, 0xff, 0xe2, 0x1b, 0x0, 0x7f, 0xf0, 0xf1,
    0x10, 0x60, 0x12, 0x26, 0x30, 0xe0, 0x0, 0xa2,
    0x71, 0x0, 0x5c, 0x1, 0x3d, 0xda, 0x80, 0xb,
    0x77, 0x86, 0x88, 0x1, 0x57, 0x7a, 0x8c, 0x0,
    0x8c, 0x1, 0xec, 0x0, 0x60, 0x6, 0x65, 0x0,
    0x42, 0x0, 0x6c, 0x10, 0x2b, 0x0, 0xf9, 0x0,
    0x8, 0x1, 0x2c, 0x80, 0x8, 0xd1, 0x35, 0x90,
    0x2, 0x11, 0x23, 0x0, 0x90, 0x40, 0x88, 0x0,
    0x2a, 0x0, 0x8a, 0xef, 0x90, 0x2, 0xab, 0xbb,
    0x80, 0x2e, 0x0, 0x28, 0x4, 0x4a, 0x1, 0xff,
    0xc9, 0x50, 0x6, 0x8, 0xc1, 0x4a, 0x20, 0x4,
    0x4c, 0x1, 0x22, 0x60, 0xe, 0x60, 0xa, 0xfb,
    0xb0, 0x51, 0x80, 0x2a, 0xee, 0x0, 0xd, 0xdd,
    0x40, 0x1d, 0x60, 0x1f, 0xfd, 0x4, 0x20, 0x8,
    0x44, 0x1, 0xff, 0xcb, 0x90, 0x8, 0xfb, 0x8a,
    0x1, 0xf7, 0x7f, 0xc0, 0x1, 0xff, 0xb8, 0x2,
    0x72, 0x0, 0xff, 0xe8, 0x78, 0x7, 0xff, 0xc,
    0x47, 0x0, 0x42, 0x38, 0x2, 0xb0, 0x30, 0xf,
    0xfe, 0xf, 0xf7, 0x40, 0x1, 0xee, 0xbc, 0x2,
    0x32, 0xe0, 0xf, 0xfe, 0x87, 0x90, 0x7, 0xf8,
    0xc0, 0x3f, 0xf8, 0xa4, 0x1, 0xff, 0xc2, 0xef,
    0xf8, 0x0, 0x3f, 0xf7, 0x0, 0x7f, 0xf1, 0x4,
    0x3, 0xff, 0xa0, 0x20, 0x11, 0x16, 0x0, 0x88,
    0xb0, 0x7, 0xf0, 0x88, 0x3, 0x28, 0x0, 0xf7,
    0x70, 0x0, 0x77, 0x6c, 0x0, 0xfc, 0x7d, 0xc5,
    0x0, 0x8c, 0x0, 0xa0, 0x1f, 0xfc, 0xeb, 0x0,
    0x60, 0x7, 0xff, 0x34, 0xcc, 0x0, 0x40, 0xf,
    0xe1, 0x70, 0x0, 0x80, 0x71, 0xff, 0xee, 0x90,
    0x2, 0x88, 0x7, 0xc7, 0xfd, 0x20, 0x7, 0x0,
    0xff, 0x1a, 0x80, 0x24, 0x3, 0xf1, 0x80, 0x76,
    0x0, 0x57, 0x5e, 0x1, 0x8e, 0x1, 0x8c, 0x3,
    0xf8, 0xc0, 0x2, 0xee, 0x0, 0x91, 0x4c, 0x3,
    0x9f, 0xa0, 0x3, 0xdf, 0xee, 0xc, 0xff, 0x74,
    0x0,

    /* U+78B3 "碳" */
    0x0, 0xff, 0xe4, 0x44, 0x1c, 0x3, 0xff, 0x94,
    0x45, 0x0, 0x42, 0xee, 0x90, 0xc, 0x45, 0x0,
    0x7f, 0xf0, 0x87, 0x75, 0xe0, 0x1f, 0xe1, 0xdd,
    0x78, 0x5, 0xdf, 0xff, 0xd0, 0x1, 0xff, 0xff,
    0x0, 0xff, 0x77, 0xf9, 0x80, 0xf, 0xff, 0x40,
    0x4, 0x5f, 0xf7, 0x0, 0x7, 0xfe, 0xe0, 0xf,
    0xe5, 0x0, 0x60, 0x7, 0xff, 0x3c, 0x4c, 0x0,
    0x80, 0x1c, 0x22, 0x0, 0x84, 0x7f, 0xf8, 0x0,
    0x1c, 0x80, 0x3, 0x0, 0xe1, 0xed, 0x0, 0x1f,
    0x77, 0xfd, 0x80, 0x1d, 0xc0, 0xa, 0x0, 0xff,
    0xe8, 0x20, 0x1, 0x4, 0x60, 0x49, 0x94, 0x0,
    0xa, 0x67, 0xff, 0x81, 0x0, 0x13, 0x0, 0x5b,
    0xdd, 0x51, 0xb3, 0x10, 0x0, 0x2c, 0xdf, 0xfc,
    0x7, 0x0, 0xa8, 0x3, 0xff, 0xa4, 0x66, 0x0,
    0xfc, 0xd9, 0x86, 0x0, 0x36, 0x67, 0xff, 0x4,
    0x1, 0x0, 0x13, 0xff, 0x84, 0x0, 0x26, 0x70,
    0x3, 0xcc, 0xea, 0xff, 0x19, 0xfc, 0x8, 0x80,
    0xf, 0xfe, 0x3, 0x0, 0x30, 0x2, 0x23, 0x30,
    0x4, 0xb6, 0x20, 0x7, 0x0, 0xff, 0xe0, 0x90,
    0x1, 0x50, 0x3, 0xf4, 0x27, 0x8, 0x18, 0x7,
    0xff, 0x0, 0x84, 0x2, 0x90, 0x3, 0x80, 0x68,
    0x20, 0x51, 0x0, 0x24, 0x80, 0x7f, 0x90, 0x3,
    0x13, 0x81, 0x0, 0x8, 0x8e, 0x3, 0x60, 0x15,
    0x20, 0x7, 0xfb, 0x40, 0xe, 0x21, 0x2, 0x20,
    0x2, 0x70, 0x2, 0xc4, 0x2, 0x10, 0xf, 0xf0,
    0xa0, 0x2, 0xe0, 0x1, 0x20, 0x16, 0xb8, 0x22,
    0x80, 0x7f, 0xf0, 0xe4, 0x0, 0x46, 0xcb, 0x9e,
    0x1, 0x25, 0x4d, 0x0, 0x7f, 0xf0, 0xc5, 0xc0,
    0x14, 0x0, 0xa3, 0x90, 0xc, 0xcc, 0x10, 0xf,
    0xfe, 0x1d, 0x0, 0x4e, 0x1, 0x40, 0x82, 0x0,
    0x20, 0x80, 0x3f, 0xcf, 0xdc, 0x10, 0x44, 0x0,
    0x1c, 0x2, 0x77, 0x0, 0x25, 0xc0, 0x1e, 0x20,
    0x1f, 0xe1, 0x10, 0x0, 0x40, 0x5, 0x0, 0x9,
    0x80, 0x4, 0x94, 0x8, 0x17, 0x98, 0x7, 0xff,
    0x12, 0x41, 0x79, 0x80, 0xe, 0xc0, 0xd, 0x0,
    0xe, 0x40, 0x7, 0xcf, 0xfe, 0xe2, 0x0, 0x33,
    0xed, 0x8, 0x1, 0xe0, 0x2, 0x3b, 0x0, 0x9f,
    0x40, 0x3f, 0x87, 0x4, 0xa4, 0xc0, 0x35, 0x40,
    0x7, 0x26, 0x8, 0x2, 0x0, 0x22, 0x99, 0x58,
    0x4, 0x39, 0xe0, 0xe, 0x4, 0xe5, 0x0, 0xf8,
    0xfd, 0x51, 0x40, 0x33, 0x30, 0xc0, 0x31, 0x10,
    0x0, 0x7b, 0x62, 0x1, 0xfc, 0x35, 0x60, 0x0,

    /* U+793A "示" */
    0x0, 0xff, 0xec, 0x7f, 0xff, 0xf3, 0x10, 0x3,
    0xff, 0xf7, 0x31, 0x1f, 0xfc, 0xb6, 0x0, 0xf9,
    0x9d, 0xff, 0xf9, 0x64, 0x1, 0xff, 0xff, 0x0,
    0xff, 0xf6, 0xf7, 0xff, 0xff, 0x44, 0x40, 0x3f,
    0xfe, 0xb1, 0x1f, 0xfc, 0x14, 0x0, 0x9a, 0x23,
    0xff, 0x80, 0x20, 0xce, 0xff, 0xfc, 0xc, 0x0,
    0xb5, 0xdf, 0xff, 0x80, 0x1, 0xf9, 0x4, 0x3,
    0xff, 0x84, 0x44, 0x0, 0xff, 0xe0, 0x8d, 0xf3,
    0x80, 0x7f, 0xf0, 0x1f, 0x7c, 0x3, 0xff, 0x83,
    0x20, 0x8, 0x50, 0xf, 0xf4, 0x40, 0xa, 0x40,
    0x3f, 0xe2, 0x70, 0x1, 0x28, 0x7, 0xfa, 0x44,
    0x0, 0xca, 0x1, 0xfe, 0xe0, 0xa, 0x40, 0x3f,
    0xe1, 0xa0, 0xa, 0xc4, 0x3, 0xf3, 0x18, 0x1,
    0x10, 0x1, 0xff, 0xc0, 0x46, 0x0, 0xe, 0x80,
    0x7c, 0x52, 0x1, 0x48, 0x7, 0xff, 0xa, 0x48,
    0x0, 0x6e, 0x1, 0xef, 0x0, 0xa0, 0x80, 0x3f,
    0xf8, 0x7c, 0x1, 0x41, 0x80, 0x69, 0x20, 0x1,
    0xb8, 0x7, 0xff, 0x10, 0xdc, 0x2, 0xe0, 0x9,
    0x58, 0x2, 0xe0, 0xf, 0xbc, 0x3, 0xfd, 0x4,
    0x0, 0x28, 0x1, 0xa0, 0xa, 0x48, 0x3, 0xe2,
    0x0, 0xff, 0xb8, 0x2, 0x71, 0x15, 0x0, 0x15,
    0x80, 0x9, 0x33, 0xad, 0x40, 0x27, 0x0, 0xf8,
    0xd8, 0xb, 0x44, 0x17, 0x56, 0x80, 0x21, 0x66,
    0xc8, 0x1, 0x8c, 0x3, 0xf4, 0xbe, 0x90, 0x4,
    0x54, 0x1, 0x9c, 0x3, 0xf3, 0x0, 0x7f, 0xa0,
    0x3, 0xfe, 0x21, 0x0, 0xc2, 0x71, 0x20, 0x1f,
    0xfc, 0x20,

    /* U+79D2 "秒" */
    0x0, 0xff, 0xe3, 0x9e, 0xec, 0x1, 0xff, 0xc6,
    0x14, 0x89, 0x0, 0xf3, 0x91, 0x40, 0x1f, 0xfc,
    0x11, 0x47, 0xae, 0xe5, 0xbb, 0x0, 0x7f, 0xf2,
    0x23, 0x3f, 0xae, 0x14, 0x40, 0x31, 0x0, 0x7f,
    0xf1, 0xc8, 0xc0, 0x3e, 0x14, 0x83, 0x0, 0xff,
    0x96, 0x0, 0x3c, 0x40, 0x1e, 0x3d, 0xeb, 0x71,
    0x2, 0xfb, 0x70, 0xc, 0x5b, 0x4e, 0x40, 0x1d,
    0x75, 0x9f, 0x20, 0x7, 0x20, 0xe, 0x50, 0x4a,
    0x0, 0xc4, 0x1, 0x40, 0x7, 0x1a, 0x98, 0x7,
    0xfd, 0x80, 0x5, 0x0, 0xeb, 0x0, 0x29, 0x0,
    0x7f, 0xf1, 0x45, 0x0, 0x16, 0x1, 0xcc, 0x20,
    0xb, 0x0, 0xca, 0xbb, 0xc0, 0xe, 0xab, 0x81,
    0xc0, 0x2, 0x60, 0x1e, 0x90, 0x3, 0x8, 0x5,
    0x75, 0x53, 0x0, 0xe, 0xab, 0x6, 0x80, 0x1c,
    0x3, 0xe7, 0x0, 0xa0, 0x3, 0xff, 0x86, 0x28,
    0x0, 0xa0, 0xf, 0xce, 0x0, 0x61, 0x0, 0xff,
    0xe0, 0x8b, 0x0, 0x4, 0xc0, 0x3f, 0x48, 0x4,
    0xc0, 0xe, 0xff, 0x88, 0x0, 0x9f, 0xf7, 0x48,
    0x1, 0x80, 0x3f, 0x85, 0x40, 0x12, 0x1, 0xc8,
    0x40, 0x1e, 0x51, 0x0, 0x50, 0x7, 0xfa, 0x40,
    0x6, 0x40, 0x1b, 0xc0, 0x3e, 0x90, 0x1, 0x90,
    0x7, 0xf1, 0x1a, 0xce, 0x90, 0x4, 0x68, 0x1,
    0x25, 0x8, 0x28, 0x2, 0x80, 0x3f, 0xd9, 0x88,
    0x60, 0xe, 0x80, 0xe, 0x5f, 0x49, 0xe8, 0x60,
    0xf, 0xe9, 0x13, 0xd1, 0x0, 0xc8, 0x80, 0xf,
    0xd, 0xc8, 0xb8, 0x7, 0xf2, 0xb0, 0x1, 0x84,
    0x3, 0x48, 0x0, 0xc0, 0x6, 0x40, 0x6, 0x90,
    0xf, 0xe3, 0xa0, 0x0, 0xc8, 0x6, 0x72, 0x2,
    0xa0, 0x3, 0xea, 0x80, 0x2c, 0x3, 0x93, 0xfd,
    0xba, 0x0, 0xb4, 0x3, 0x14, 0x0, 0x24, 0x3,
    0xaa, 0x5c, 0x80, 0x3e, 0x2c, 0x10, 0x4, 0x98,
    0x6, 0x60, 0x1, 0xa0, 0x7, 0x9a, 0x0, 0x3e,
    0x4c, 0x10, 0x3, 0x30, 0x3, 0x90, 0x1, 0xc0,
    0x1f, 0xfc, 0x38, 0xb1, 0x0, 0x2c, 0x80, 0x7c,
    0x90, 0x40, 0x1f, 0xfc, 0x12, 0xc7, 0x0, 0x9a,
    0x80, 0x3f, 0x43, 0x80, 0x7f, 0xf0, 0x6, 0x74,
    0xc0, 0x28, 0x90, 0xf, 0xe3, 0x0, 0xff, 0x86,
    0x39, 0x80, 0x21, 0xc7, 0x0, 0xff, 0xe4, 0x14,
    0xf3, 0x80, 0x66, 0xf3, 0x0, 0xff, 0xe4, 0xe3,
    0x0, 0x63, 0xc9, 0x10, 0xf, 0xfe, 0x55, 0x80,
    0x45, 0x58, 0x60, 0x1f, 0xfc, 0xc5, 0x33, 0x56,
    0xa8, 0x7, 0xff, 0x21, 0xbf, 0xd6, 0x1, 0x66,
    0x14, 0x3, 0xff, 0x8a,

    /* U+79E4 "秤" */
    0x0, 0xfc, 0x4b, 0x3a, 0x0, 0x11, 0xff, 0xe2,
    0x0, 0x61, 0x36, 0x9c, 0xed, 0xa6, 0x22, 0x57,
    0x77, 0xff, 0x11, 0x0, 0x13, 0xd9, 0x2c, 0x62,
    0x1, 0x9c, 0x3, 0xff, 0xa0, 0x6f, 0x48, 0x1,
    0xff, 0xc8, 0xe0, 0x14, 0x20, 0x4, 0x64, 0x28,
    0xd7, 0x77, 0x68, 0x5, 0x5d, 0xde, 0x40, 0x3,
    0x7f, 0x5a, 0x0, 0x7e, 0x11, 0xe3, 0x0, 0x84,
    0x7e, 0x0, 0x84, 0x3, 0xff, 0x80, 0xb0, 0x1,
    0xff, 0x3a, 0x80, 0x7f, 0xf1, 0x36, 0x9c, 0xc0,
    0x3f, 0x86, 0x2b, 0x80, 0x22, 0x33, 0x88, 0x1,
    0xc6, 0x70, 0xb8, 0x2, 0x40, 0x3f, 0x98, 0x0,
    0xa0, 0x16, 0x66, 0x40, 0x3, 0x66, 0x53, 0x0,
    0x5, 0x20, 0xf, 0xd2, 0x0, 0xf0, 0xf, 0xfe,
    0x19, 0x20, 0x2, 0xc0, 0x3e, 0x61, 0x2, 0x40,
    0xf, 0xfe, 0x17, 0x84, 0x0, 0x18, 0x40, 0x3d,
    0x60, 0xb, 0x0, 0xdd, 0xff, 0x0, 0x51, 0xff,
    0x38, 0x19, 0x80, 0xc, 0x1, 0xca, 0x40, 0x2c,
    0x1, 0xf3, 0x0, 0x7f, 0xa4, 0x4, 0x40, 0x1e,
    0x10, 0x90, 0xf, 0xd6, 0x1, 0x78, 0x7, 0x96,
    0xb9, 0x80, 0x39, 0x7a, 0x98, 0x3, 0xe5, 0x20,
    0x9, 0xd8, 0x3, 0xca, 0x1, 0xfc, 0xa2, 0x1,
    0xf4, 0x0, 0x74, 0xc8, 0x27, 0xbb, 0xde, 0x1,
    0x5f, 0x77, 0xc0, 0x13, 0x10, 0x7, 0x9a, 0xc8,
    0x47, 0xe0, 0xc, 0x23, 0xf8, 0x6, 0x0, 0x8,
    0x0, 0x10, 0x2, 0x20, 0x3, 0xff, 0x91, 0x62,
    0xc, 0x40, 0x9, 0x70, 0x1a, 0x99, 0xf8, 0x2,
    0x79, 0x9f, 0x85, 0x54, 0x0, 0x80, 0xd, 0x10,
    0xb5, 0x66, 0xf3, 0x80, 0x58, 0xcd, 0xf0, 0x38,
    0x1, 0xc4, 0x3, 0x9d, 0x40, 0x3f, 0xf9, 0x4,
    0x41, 0x80, 0xf, 0xfe, 0x8d, 0x50, 0x3, 0xff,
    0xa4, 0xe8, 0x1, 0xff, 0xff, 0x0, 0xff, 0xff,
    0x80, 0x7f, 0xf6, 0xc0,

    /* U+79F0 "称" */
    0x0, 0xff, 0xe2, 0x21, 0x0, 0x7f, 0xf3, 0x8,
    0xc0, 0x22, 0xbd, 0xf4, 0x0, 0xff, 0xe2, 0xa,
    0x34, 0xe7, 0xef, 0x80, 0x4a, 0x1, 0x20, 0x7,
    0xff, 0x5, 0xf7, 0xfa, 0xe5, 0x8c, 0x0, 0x60,
    0x15, 0x80, 0x14, 0x3, 0xff, 0x85, 0xc4, 0x1,
    0xf8, 0xc0, 0x4, 0x60, 0x3, 0x55, 0xff, 0x8c,
    0x1, 0xc0, 0x1e, 0x8d, 0xfc, 0x0, 0x50, 0x4,
    0xd5, 0x5f, 0xfc, 0x0, 0x2, 0xe7, 0x78, 0x4,
    0xa4, 0x1, 0xb, 0x80, 0x7f, 0xf1, 0x88, 0xc4,
    0x3, 0xfa, 0x40, 0x22, 0x2f, 0xf0, 0x7, 0xff,
    0x14, 0x5c, 0x0, 0xbb, 0xbf, 0xde, 0x1, 0x68,
    0x1, 0x13, 0x0, 0x48, 0x91, 0xd8, 0x5, 0x0,
    0x1f, 0xd0, 0x0, 0x34, 0x0, 0x55, 0xdc, 0x1,
    0x4d, 0xdb, 0x54, 0x0, 0xa4, 0x0, 0x4c, 0xc5,
    0x0, 0x9, 0x40, 0x10, 0x1, 0xff, 0xc1, 0x32,
    0x0, 0x58, 0x4, 0x46, 0x67, 0x0, 0x40, 0x0,
    0xd0, 0x3, 0xff, 0x82, 0xf8, 0x50, 0x20, 0x1f,
    0xde, 0x81, 0x0, 0x1b, 0xbf, 0xd8, 0x1, 0x6f,
    0xfa, 0x87, 0x5c, 0x3, 0xfc, 0xb7, 0xc8, 0x1,
    0xf4, 0x80, 0x7f, 0xf2, 0x48, 0x40, 0x3e, 0x15,
    0x0, 0xb8, 0x40, 0x33, 0xf5, 0x18, 0x7, 0x8e,
    0xb4, 0xc0, 0x3e, 0x60, 0xc, 0x7e, 0x60, 0x15,
    0xa, 0xb8, 0x7, 0xad, 0x42, 0x40, 0x3e, 0x90,
    0xe, 0x1c, 0x50, 0x22, 0x0, 0x10, 0x3, 0xd4,
    0x0, 0x51, 0x0, 0xe7, 0x10, 0xc, 0x20, 0xa,
    0x2a, 0x0, 0x28, 0x7, 0xc4, 0x60, 0x6, 0x0,
    0xe9, 0x0, 0xed, 0x30, 0x52, 0x60, 0x7, 0x80,
    0x7e, 0x90, 0x5, 0x0, 0x68, 0x10, 0x60, 0x8,
    0x71, 0xad, 0x44, 0x5, 0x40, 0x3f, 0x28, 0x81,
    0x18, 0x0, 0x9c, 0x1, 0x60, 0x1d, 0x23, 0xc0,
    0x7, 0x0, 0xff, 0x30, 0x2, 0x40, 0xc, 0x0,
    0x62, 0x0, 0xf1, 0x20, 0x2, 0x80, 0x3f, 0xd4,
    0x0, 0x50, 0x2, 0x10, 0x40, 0x7, 0xd0, 0x0,
    0x33, 0x0, 0x7f, 0x88, 0xc0, 0xc, 0x0, 0xb8,
    0x10, 0xf, 0x12, 0x80, 0x24, 0x3, 0xff, 0x81,
    0x40, 0xa, 0x0, 0x33, 0x80, 0x7d, 0x0, 0x2,
    0x50, 0xf, 0xfe, 0x3, 0x80, 0xc, 0x80, 0x3f,
    0xc2, 0x0, 0x80, 0xe, 0x10, 0xf, 0x85, 0x40,
    0x58, 0x3, 0xfd, 0x7a, 0xea, 0x8, 0x92, 0xd0,
    0x7, 0xe9, 0x97, 0x20, 0x7, 0xfc, 0x50, 0x0,
    0x9b, 0xb5, 0x10, 0x0, 0x40, 0x38, 0xd8, 0x3,
    0xff, 0x8a, 0xe0, 0x1e, 0xa0, 0xf, 0xfe, 0x66,
    0x80, 0x62, 0x86, 0x0, 0xfe,

    /* U+7A33 "稳" */
    0x0, 0xff, 0xf2, 0x4d, 0xb0, 0x80, 0x7f, 0xf2,
    0x4d, 0xcc, 0x2, 0x36, 0x49, 0x50, 0xf, 0xfe,
    0x21, 0xb4, 0xe7, 0xe4, 0x58, 0x5, 0xc0, 0x3,
    0x51, 0x1f, 0x80, 0x3d, 0x3d, 0xf9, 0x2c, 0x60,
    0x11, 0x80, 0x24, 0x80, 0x7, 0xdd, 0xf9, 0xc0,
    0x38, 0x84, 0x3, 0xc2, 0x9a, 0xa, 0xc0, 0x1f,
    0xfc, 0x62, 0x0, 0x10, 0x0, 0x7b, 0x96, 0xc7,
    0x40, 0x3, 0x66, 0xf1, 0x80, 0x46, 0x1, 0xd1,
    0xdf, 0x80, 0x10, 0x80, 0xb, 0x40, 0x5, 0xb3,
    0x3d, 0x46, 0x0, 0x94, 0x0, 0xe1, 0x10, 0x7,
    0xc5, 0x82, 0x3, 0x82, 0x1, 0x8f, 0x0, 0x10,
    0xc0, 0x1f, 0xfc, 0x33, 0x30, 0x0, 0xae, 0xab,
    0xb0, 0x0, 0x3b, 0x55, 0x18, 0x4, 0xef, 0x48,
    0x4, 0xee, 0x69, 0x40, 0x35, 0x5f, 0x0, 0x42,
    0xab, 0x98, 0x2, 0x98, 0x83, 0x80, 0x6, 0x22,
    0x3b, 0x0, 0xff, 0xea, 0x7f, 0xff, 0xf0, 0x50,
    0x3, 0xff, 0xb5, 0xdf, 0xe8, 0x0, 0xf, 0xfc,
    0xe0, 0xcd, 0xff, 0xc2, 0x0, 0xfe, 0xb0, 0xf,
    0x86, 0x67, 0xff, 0x82, 0x40, 0x1f, 0x88, 0xc0,
    0x2, 0x40, 0x18, 0x47, 0xff, 0x82, 0x1, 0xfd,
    0x60, 0x1b, 0x5c, 0x0, 0x3d, 0xdf, 0xfc, 0x14,
    0x0, 0xfc, 0xc0, 0x1d, 0x16, 0x20, 0x1f, 0xfc,
    0xa7, 0x0, 0xf9, 0x37, 0x3f, 0xff, 0xf8, 0x28,
    0x1, 0xe1, 0x90, 0x10, 0x0, 0xe0, 0x84, 0x80,
    0x7f, 0xf2, 0x60, 0x42, 0x40, 0x23, 0xf7, 0x54,
    0x55, 0xf2, 0x0, 0xaa, 0xfc, 0xc0, 0x3, 0x60,
    0x15, 0x0, 0xc3, 0x1, 0x15, 0x5e, 0x70, 0x1b,
    0xaa, 0xf1, 0x80, 0x2c, 0x1, 0x26, 0x1, 0xe7,
    0xb5, 0x2b, 0xb5, 0x5, 0x80, 0x24, 0x2, 0x4b,
    0xd0, 0xa, 0x80, 0x5c, 0x3, 0xea, 0x4a, 0x4,
    0x48, 0x1c, 0x41, 0xc4, 0x41, 0xa8, 0x48, 0x0,
    0x24, 0xb0, 0xf, 0x8c, 0x81, 0x40, 0x3d, 0x20,
    0x9, 0xed, 0x10, 0x4, 0x0, 0x52, 0xa0, 0x1f,
    0x48, 0x3, 0x80, 0x3c, 0xe5, 0x12, 0x4, 0xa,
    0x6, 0x60, 0x1, 0x0, 0x7c, 0x2a, 0x2, 0x80,
    0x1f, 0x6b, 0x80, 0x5f, 0x20, 0x9, 0x0, 0xff,
    0x48, 0x2, 0x40, 0x30, 0x88, 0x3, 0x10, 0x0,
    0x4c, 0xc0, 0xa2, 0x1, 0xfc, 0xc0, 0x7, 0x2,
    0x0, 0xbe, 0xef, 0x68, 0x0, 0x82, 0x40, 0x8,
    0x1, 0xfd, 0x8a, 0xe0, 0x12, 0x0, 0x5, 0x13,
    0x8, 0x1, 0x41, 0x5f, 0x54, 0x3, 0xf8, 0xaa,
    0x0, 0x2a, 0x61, 0x0, 0xf1, 0xd8, 0x80, 0x20,
    0x80,

    /* U+7A7A "空" */
    0x0, 0xff, 0xe0, 0xb4, 0xe5, 0x0, 0x7f, 0xf3,
    0xed, 0x8d, 0x40, 0x3f, 0xf9, 0xea, 0x1, 0x28,
    0x7, 0xff, 0x8, 0x91, 0x3f, 0xe0, 0xd, 0xc8,
    0x9f, 0xf0, 0x5, 0x77, 0xff, 0xc0, 0x70, 0x9,
    0x2e, 0xff, 0xe1, 0x0, 0xff, 0xfb, 0x9f, 0xff,
    0xff, 0x22, 0x80, 0x3f, 0xf8, 0x84, 0x1, 0xe2,
    0x0, 0xff, 0xe4, 0x8d, 0x69, 0x0, 0x77, 0xf3,
    0x0, 0x7f, 0xdc, 0x66, 0x50, 0x9, 0x7d, 0x42,
    0x40, 0x33, 0x10, 0xce, 0xa8, 0x0, 0x4c, 0xe1,
    0x0, 0x3e, 0x62, 0x40, 0xb2, 0x84, 0x0, 0xa4,
    0x1, 0x60, 0x4, 0x55, 0xaa, 0x99, 0x90, 0x7,
    0x86, 0x74, 0xc0, 0x25, 0xf2, 0x0, 0xab, 0x10,
    0x2, 0x2a, 0xc4, 0x0, 0xf0, 0xcf, 0x30, 0x4,
    0x57, 0x42, 0x1, 0xc7, 0x78, 0x60, 0x11, 0xdd,
    0x88, 0x0, 0x53, 0xcc, 0x1, 0xc, 0xea, 0x0,
    0x7f, 0x1e, 0x59, 0x80, 0x49, 0xb2, 0x34, 0xc0,
    0x19, 0xfd, 0x80, 0x3f, 0xf8, 0x29, 0x94, 0x40,
    0x13, 0x8c, 0x80, 0x4d, 0xd0, 0x20, 0x1f, 0xfc,
    0x45, 0xd9, 0x10, 0xb0, 0x17, 0x5d, 0x1f, 0xee,
    0xff, 0xe4, 0x3f, 0xca, 0x80, 0x22, 0x88, 0x47,
    0xff, 0x94, 0x62, 0xc0, 0x1f, 0xfd, 0x9b, 0xaa,
    0xfc, 0x80, 0x15, 0x57, 0xf1, 0x0, 0x7e, 0x25,
    0x5f, 0xc4, 0x1, 0x2a, 0xff, 0x0, 0x7f, 0xff,
    0xc0, 0x3f, 0xfd, 0x64, 0x5f, 0xfc, 0x3, 0x0,
    0x8c, 0x8b, 0xfe, 0x10, 0x2d, 0xdf, 0xfe, 0x2,
    0x80, 0x59, 0xbb, 0xff, 0x40, 0x7, 0xff, 0xcc,
    0xbb, 0xbf, 0xfa, 0x12, 0x0,

    /* U+7ACB "立" */
    0x0, 0xff, 0xe0, 0x1c, 0x5f, 0x18, 0x7, 0xff,
    0x35, 0x5d, 0x5, 0x0, 0x3f, 0xf9, 0xae, 0x1,
    0x58, 0x7, 0xff, 0x34, 0x4c, 0x0, 0x62, 0x1,
    0xff, 0xcd, 0xb0, 0x9, 0x0, 0x3f, 0xf8, 0x2c,
    0xef, 0xff, 0x70, 0x5, 0x2e, 0xff, 0xf0, 0x2,
    0xe2, 0x3f, 0xe6, 0x0, 0x8e, 0x23, 0xfe, 0x0,
    0xff, 0xea, 0x8, 0x7, 0xff, 0x47, 0x3f, 0xff,
    0xf9, 0xe0, 0x1f, 0xb, 0x80, 0x7f, 0xf0, 0x4e,
    0xd4, 0x3, 0xfc, 0x37, 0xd0, 0x80, 0x1f, 0xfc,
    0xb, 0x4a, 0xe3, 0x0, 0xfc, 0x28, 0x0, 0xf0,
    0xf, 0xfe, 0x2, 0x80, 0x4, 0x80, 0x3f, 0x98,
    0x0, 0x82, 0x1, 0xfe, 0x32, 0x0, 0x20, 0x80,
    0x7f, 0x50, 0x4, 0xc0, 0x1f, 0xeb, 0x0, 0xb8,
    0x3, 0xfc, 0x64, 0x0, 0xa0, 0xf, 0xf3, 0x0,
    0x4a, 0x1, 0xff, 0x50, 0x0, 0x8c, 0x3, 0xf2,
    0x8, 0x1, 0x80, 0x3f, 0xf8, 0xc, 0x1, 0x50,
    0x7, 0xed, 0x0, 0xa8, 0x3, 0xff, 0x80, 0x28,
    0x0, 0x70, 0xf, 0xcc, 0x0, 0x23, 0x0, 0xff,
    0xe0, 0xe8, 0x0, 0x54, 0x3, 0xca, 0x1, 0x50,
    0x7, 0xff, 0x9, 0x80, 0x2e, 0x0, 0xf7, 0x0,
    0x4c, 0x1, 0xff, 0xc3, 0x50, 0x2, 0x8, 0x6,
    0x14, 0x0, 0x20, 0x80, 0x7f, 0xf0, 0xfc, 0x2,
    0x60, 0xc, 0xc0, 0x17, 0x80, 0x7f, 0xf1, 0x14,
    0x0, 0x22, 0x0, 0xd4, 0x0, 0x14, 0x0, 0xff,
    0xe2, 0xc5, 0xf3, 0x0, 0x48, 0x40, 0x6, 0x0,
    0xff, 0xe3, 0x3a, 0x0, 0x77, 0x0, 0x54, 0x1,
    0xfc, 0xce, 0xff, 0xfc, 0x35, 0x0, 0xa, 0xbb,
    0xfe, 0x6b, 0x88, 0xff, 0xe1, 0x80, 0x43, 0x11,
    0xfe, 0x0, 0xff, 0xe9, 0x8, 0x7, 0xff, 0x44,

    /* U+7B49 "等" */
    0x0, 0xe3, 0xeb, 0x71, 0x0, 0xfe, 0xdb, 0x82,
    0x0, 0xff, 0xe0, 0xc0, 0xa4, 0x88, 0x7, 0xe7,
    0x24, 0x73, 0x0, 0xff, 0xe0, 0x22, 0x0, 0x12,
    0x1, 0xfd, 0x20, 0x6, 0x10, 0xf, 0xfe, 0x5,
    0x0, 0x51, 0xff, 0xf1, 0x38, 0x80, 0x1b, 0xff,
    0xf6, 0x0, 0x54, 0x20, 0x1f, 0xf3, 0x40, 0x7,
    0xff, 0xd, 0x94, 0x0, 0x66, 0x0, 0x91, 0x3a,
    0x40, 0x2, 0x88, 0x0, 0x8d, 0x13, 0x81, 0x24,
    0x0, 0x59, 0x82, 0x0, 0x15, 0xdd, 0x84, 0x0,
    0xdb, 0xb2, 0x80, 0x57, 0x7a, 0x2, 0x40, 0x2f,
    0x0, 0x48, 0x1, 0x94, 0x0, 0xf2, 0x70, 0x60,
    0xb, 0x10, 0x39, 0x0, 0xec, 0x20, 0xb2, 0x0,
    0x23, 0x2, 0x38, 0x5e, 0xdd, 0x9c, 0x2, 0x1b,
    0x4, 0xb0, 0xe, 0x1c, 0xb4, 0x0, 0xd1, 0x76,
    0x20, 0x52, 0x27, 0x0, 0x72, 0xe5, 0x90, 0x7,
    0x84, 0xee, 0xfa, 0xbe, 0xee, 0x10, 0x2, 0x5d,
    0xfa, 0x2e, 0xe4, 0x0, 0xec, 0x44, 0xff, 0x0,
    0x44, 0x89, 0xfe, 0x20, 0xe, 0x10, 0xf, 0xfe,
    0x61, 0x80, 0x75, 0x7f, 0xff, 0x84, 0x0, 0xdf,
    0xff, 0xe5, 0x0, 0xff, 0xeb, 0x5d, 0xff, 0xf0,
    0x44, 0x0, 0xf7, 0x7f, 0xfc, 0x9, 0x4, 0x4f,
    0xfe, 0x8, 0x4, 0x28, 0x9f, 0xfc, 0x10, 0xf,
    0xfe, 0xa7, 0xff, 0xff, 0x1f, 0x40, 0x2b, 0xff,
    0xed, 0x0, 0xff, 0xfa, 0x7f, 0xff, 0xf1, 0xb4,
    0x2, 0xbf, 0xfd, 0xc0, 0x1f, 0xfd, 0x63, 0x3e,
    0x11, 0x19, 0xff, 0xf0, 0x0, 0x22, 0x33, 0xc8,
    0x1, 0x66, 0x6f, 0x11, 0x5e, 0x67, 0xfb, 0x80,
    0x29, 0xcc, 0xd4, 0x1, 0xf7, 0x80, 0x23, 0x8,
    0x3, 0xff, 0x9b, 0xa8, 0x0, 0x3d, 0x60, 0xf,
    0xfe, 0x60, 0xdc, 0x80, 0x5a, 0x1, 0xf5, 0x0,
    0x4e, 0x1, 0xff, 0xc2, 0x6c, 0x23, 0xb0, 0x8e,
    0xed, 0xee, 0x1, 0x10, 0x7, 0xff, 0xc, 0xf7,
    0x40, 0xf, 0x11, 0xc0, 0x19, 0x44, 0x3, 0xff,
    0x8a, 0x20, 0x3, 0x0, 0xe1, 0x38, 0xa0, 0xf,
    0x80,

    /* U+7D2B "紫" */
    0x0, 0xfe, 0xbc, 0xc1, 0x0, 0x65, 0xdd, 0x48,
    0x7, 0xff, 0x8, 0x44, 0x1, 0x29, 0x98, 0x40,
    0x31, 0x91, 0x40, 0x1e, 0x63, 0x0, 0xee, 0xe8,
    0x40, 0x3f, 0xf8, 0xcf, 0xd3, 0x0, 0x1f, 0xfc,
    0x2c, 0xff, 0x88, 0x3, 0x8e, 0x7e, 0x4, 0x10,
    0x80, 0x3f, 0xf9, 0x2d, 0x98, 0x60, 0x9, 0x30,
    0x80, 0x3f, 0xf8, 0x28, 0xab, 0x18, 0x4, 0x46,
    0x1, 0x36, 0xf3, 0x8, 0x7, 0xff, 0x6, 0x2a,
    0xa1, 0x0, 0xe2, 0x9f, 0x92, 0xfa, 0xe4, 0x0,
    0xff, 0xe4, 0x16, 0x6b, 0x0, 0x42, 0x0, 0x70,
    0xf, 0xfe, 0x3, 0x23, 0xc8, 0x80, 0x42, 0x60,
    0x1c, 0xe0, 0x1, 0x0, 0xf3, 0xba, 0x44, 0x1,
    0x57, 0xc, 0x46, 0x0, 0x34, 0x10, 0x0, 0xa9,
    0x80, 0xc, 0x2f, 0x44, 0x1, 0x30, 0xc0, 0x1f,
    0x3b, 0x0, 0x57, 0xdf, 0xee, 0xa0, 0x0, 0x88,
    0x10, 0x80, 0x3e, 0x24, 0x61, 0x6c, 0x43, 0x20,
    0xf, 0xf4, 0x80, 0x4, 0xd, 0x5e, 0x6f, 0xbf,
    0x61, 0x5, 0xbc, 0x43, 0x21, 0x51, 0x39, 0x5a,
    0x9c, 0x1, 0xfe, 0xca, 0x86, 0x41, 0x2b, 0xc2,
    0x2, 0x81, 0x1, 0x7a, 0xf6, 0x3b, 0xb5, 0x4a,
    0x80, 0x42, 0x1, 0xc9, 0x7a, 0x80, 0x55, 0xa8,
    0x1, 0x1e, 0x59, 0x3c, 0x0, 0x7f, 0x8a, 0x3a,
    0xd0, 0x5, 0xe4, 0x19, 0x8f, 0x17, 0x86, 0x0,
    0x2d, 0x0, 0xff, 0x53, 0x88, 0x4, 0x2f, 0x75,
    0x32, 0x87, 0x40, 0x1, 0xd6, 0xa8, 0x7, 0xfb,
    0x40, 0x30, 0x91, 0x90, 0x7, 0x97, 0x3e, 0x14,
    0x3, 0xfe, 0x5d, 0xef, 0xf7, 0x43, 0x90, 0x4,
    0x2f, 0xd4, 0x18, 0x55, 0x20, 0x1f, 0xf1, 0xa,
    0x4f, 0xd2, 0x0, 0x12, 0xfa, 0x4, 0xd, 0xc0,
    0xd, 0x82, 0x1, 0xf9, 0x6b, 0xed, 0x80, 0x2,
    0xd7, 0x0, 0xac, 0xf1, 0x22, 0x20, 0x1, 0xf9,
    0x80, 0x7a, 0xa8, 0xa0, 0x1c, 0x2d, 0x79, 0x75,
    0x30, 0xec, 0xc1, 0x0, 0x87, 0x18, 0x3, 0x88,
    0x3, 0xff, 0x8e, 0x24, 0x20, 0x9, 0x40, 0xd,
    0x88, 0x85, 0x67, 0x68, 0x99, 0x53, 0x80, 0x5d,
    0xcf, 0xdf, 0xed, 0xe4, 0x6, 0x40, 0xc, 0x97,
    0x6a, 0xb2, 0x63, 0x66, 0x2e, 0x80, 0x42, 0x24,
    0xdb, 0x30, 0x5, 0xcc, 0x80, 0x3e, 0x2a, 0xd5,
    0x9, 0x0, 0xfe, 0xf0, 0x4c, 0xc2, 0x83, 0x0,
    0x79, 0x73, 0x54, 0x0, 0x36, 0x1, 0x18, 0x7,
    0x18, 0x4, 0x75, 0xac, 0x1, 0xc, 0xf5, 0x18,
    0x0, 0x63, 0x98, 0x2, 0xc0, 0xe, 0x8e, 0x81,
    0x0, 0x14, 0xf4, 0x8, 0x30, 0x80, 0x6, 0x39,
    0xcb, 0xff, 0x28, 0x0, 0x40, 0x21, 0x7e, 0x92,
    0x0, 0xb, 0xb0, 0xa8, 0x1d, 0x73, 0x80, 0x8,
    0x3, 0xe7, 0x0, 0xf3, 0x6d, 0x10, 0xb, 0x84,
    0x66, 0x14, 0x3, 0x8c, 0x3, 0x13, 0xc8, 0x7,
    0xe5, 0xda, 0x80,

    /* U+7EBF "线" */
    0x0, 0xf9, 0x0, 0x3f, 0xfa, 0x2b, 0x78, 0x80,
    0x1e, 0xdf, 0xf3, 0x80, 0x17, 0x8c, 0x3, 0xff,
    0x81, 0x0, 0x78, 0x1, 0xfd, 0xe0, 0x94, 0x3a,
    0x60, 0x1f, 0xe5, 0x20, 0x4, 0x80, 0x78, 0x40,
    0x2, 0x8, 0x80, 0x1c, 0x30, 0xf, 0xe8, 0x0,
    0x38, 0x80, 0x7f, 0xf0, 0x2d, 0x0, 0x18, 0x60,
    0x1f, 0x31, 0x0, 0x24, 0x3, 0xe7, 0x0, 0x18,
    0x5, 0x66, 0x4, 0x20, 0x1f, 0x40, 0x2, 0x4,
    0x4, 0x3, 0x84, 0x0, 0x20, 0x1b, 0x17, 0x99,
    0xa0, 0xd, 0x22, 0x2, 0xe0, 0x5d, 0x2, 0x1,
    0x18, 0x1, 0x9e, 0x6f, 0x79, 0x72, 0xe6, 0x0,
    0x23, 0x60, 0x5, 0x80, 0x20, 0x1f, 0x67, 0x39,
    0x80, 0x5, 0xc, 0x84, 0x20, 0x18, 0x40, 0x2e,
    0x0, 0x22, 0x81, 0xa8, 0x2, 0x54, 0xc4, 0x3,
    0xfc, 0x48, 0xd0, 0x0, 0xa2, 0x0, 0x14, 0xd6,
    0x80, 0x11, 0x5c, 0x3, 0xcf, 0x37, 0xbd, 0xfb,
    0x72, 0xe0, 0x1e, 0x66, 0x28, 0x80, 0x24, 0x27,
    0x3b, 0x0, 0x29, 0x64, 0x21, 0x0, 0xfb, 0x40,
    0x3f, 0x31, 0x1, 0x18, 0x90, 0x4, 0x40, 0x1f,
    0x88, 0x80, 0x86, 0xaf, 0x26, 0x1, 0x40, 0x7,
    0x8, 0x4, 0xc6, 0xaf, 0x37, 0x9d, 0xfb, 0x0,
    0x79, 0x50, 0x46, 0x0, 0x91, 0x1, 0x35, 0x79,
    0x0, 0xab, 0x2a, 0x19, 0xc, 0x40, 0x2, 0x1,
    0x86, 0x80, 0x6, 0xc0, 0x9, 0xca, 0x86, 0x0,
    0xff, 0xe0, 0x8, 0x80, 0x35, 0x88, 0x3, 0x80,
    0x2f, 0x0, 0xfc, 0x26, 0xaf, 0x37, 0x1f, 0xd4,
    0x1, 0x3a, 0x80, 0x24, 0x80, 0x22, 0x13, 0x57,
    0x50, 0x1, 0x76, 0x54, 0x31, 0xc4, 0x0, 0x32,
    0x40, 0x1, 0x51, 0xd, 0x34, 0xbd, 0x95, 0x1c,
    0x0, 0x20, 0xc, 0xd0, 0xe, 0x80, 0x1, 0xb0,
    0x9, 0x76, 0xe5, 0x90, 0x3, 0x94, 0x2, 0x30,
    0x3, 0x48, 0x1, 0x50, 0x0, 0x20, 0x1f, 0xfc,
    0x31, 0x10, 0x1, 0x42, 0x24, 0x0, 0xb4, 0x1,
    0x8c, 0x3, 0x89, 0x1a, 0x0, 0x3c, 0x80, 0xd,
    0xb7, 0x0, 0x25, 0x0, 0x75, 0x34, 0xde, 0xfe,
    0xdc, 0xb0, 0x7, 0xb0, 0x0, 0x88, 0x0, 0x2d,
    0x94, 0x8, 0x4, 0xd2, 0xc8, 0x40, 0x1f, 0xf2,
    0x0, 0x73, 0xd0, 0x3b, 0xb9, 0xc0, 0x3f, 0xc6,
    0xc0, 0x1c, 0x9e, 0x1, 0xa6, 0x0, 0x1a, 0x0,
    0xf0, 0xe, 0x47, 0xad, 0xfc, 0x90, 0x8, 0xae,
    0xc4, 0x1, 0x98, 0x2, 0x30, 0x6, 0x3, 0xd6,
    0xfd, 0xc2, 0x90, 0x6, 0x3b, 0xd4, 0x0, 0xf4,
    0x0, 0x48, 0x0, 0x50, 0x85, 0x20, 0xf, 0x86,
    0xf1, 0x0, 0x22, 0xb6, 0x0, 0x3a, 0x2, 0x80,
    0x8, 0x40, 0x80, 0x30, 0xa4, 0x5f, 0x74, 0x1,
    0xa3, 0x52, 0x4, 0x1, 0x77, 0x0, 0x14, 0x0,
    0x8b, 0x17, 0xdc, 0xb7, 0x41, 0x5, 0x11, 0x3f,
    0x38, 0x0, 0x6c, 0x2, 0x41, 0x0, 0x50, 0x2,
    0x69, 0xd0, 0x40, 0x3e, 0xde, 0x81, 0x0, 0xcb,
    0x0, 0x1c, 0xe4, 0x1, 0xff, 0xc2, 0x30, 0xf,
    0xcf, 0x66, 0x3, 0x10, 0x0, 0x0,

    /* U+7ED3 "结" */
    0x0, 0xf1, 0xd2, 0x0, 0x7f, 0x8a, 0x66, 0x0,
    0xff, 0xe1, 0x42, 0xdc, 0x0, 0x7f, 0x33, 0x60,
    0xf, 0xfe, 0x9, 0x20, 0x2, 0x80, 0x3f, 0xf9,
    0xd0, 0x0, 0x52, 0x0, 0xff, 0xe6, 0x9a, 0x80,
    0x20, 0x2, 0x33, 0xfc, 0x1, 0x21, 0x9f, 0xc0,
    0x1a, 0x0, 0xa, 0x40, 0x17, 0x66, 0x7a, 0x0,
    0x2b, 0xcc, 0xf8, 0x2, 0x44, 0x0, 0x20, 0x3,
    0xff, 0x9d, 0x20, 0x6, 0x20, 0x49, 0x16, 0x11,
    0xf8, 0x2, 0x11, 0xf8, 0x80, 0xe, 0x40, 0x8,
    0x0, 0x4b, 0x76, 0xf7, 0x7a, 0x80, 0x2e, 0xef,
    0xb4, 0xe, 0x0, 0x12, 0x20, 0xc4, 0x0, 0x40,
    0xf, 0xfe, 0x3f, 0x80, 0x55, 0xdf, 0x20, 0x7,
    0x20, 0xf, 0xfe, 0x3b, 0x0, 0x46, 0x20, 0x10,
    0xc8, 0x8, 0xfc, 0x1, 0x8, 0xfc, 0x0, 0xc0,
    0xf, 0xd6, 0x22, 0xee, 0xf5, 0x0, 0x5d, 0xdf,
    0x0, 0x1e, 0x73, 0xb8, 0x40, 0x4, 0x50, 0xf,
    0xfe, 0x48, 0xb1, 0x8c, 0x10, 0x2, 0x40, 0x3f,
    0xf9, 0xaa, 0xc0, 0x9, 0x20, 0x0, 0xf7, 0x7f,
    0xf1, 0x40, 0x31, 0x50, 0x1, 0x18, 0x3, 0x8,
    0xff, 0xf1, 0x40, 0x37, 0x80, 0x6, 0x80, 0x4,
    0x20, 0x1f, 0xfc, 0x9a, 0x20, 0x2, 0xde, 0xfe,
    0xa0, 0x37, 0xff, 0xff, 0xc, 0x80, 0x2, 0xa0,
    0x12, 0x29, 0x0, 0xc, 0x3, 0xff, 0x8a, 0x20,
    0x1, 0x20, 0xf, 0xc6, 0x1, 0xff, 0xc9, 0x70,
    0x14, 0x69, 0xbe, 0xf5, 0x0, 0xc5, 0xbb, 0xfb,
    0x0, 0x3e, 0xbf, 0xeb, 0x96, 0x41, 0x0, 0xf8,
    0x8b, 0xf8, 0x3, 0xe1, 0x0, 0xff, 0xeb, 0x8a,
    0x3c, 0xc0, 0x7, 0xff, 0x20, 0x51, 0xe7, 0x3f,
    0xae, 0x19, 0x0, 0x3f, 0xf9, 0x1d, 0x70, 0xc6,
    0x1, 0xfe, 0x2c, 0xcf, 0xe0, 0xf, 0x10, 0x7,
    0xc4, 0xb6, 0x1, 0xc6, 0x7f, 0x88, 0x3, 0xcc,
    0x4, 0x8f, 0x59, 0xfb, 0x4e, 0x1, 0xff, 0xc8,
    0xaf, 0xdb, 0x85, 0x30, 0xf, 0xc3, 0x99, 0xfa,
    0xc0, 0x3c, 0x20, 0x1f, 0xfc, 0x23, 0x3f, 0xe5,
    0x0, 0xe0,

    /* U+7EEA "绪" */
    0x0, 0xff, 0xed, 0x65, 0x98, 0x7, 0xe9, 0xff,
    0x50, 0x7, 0xff, 0x11, 0xd, 0x30, 0x3, 0xff,
    0xa1, 0xe0, 0x8, 0x0, 0xff, 0xe3, 0x33, 0x80,
    0x7c, 0x68, 0x2, 0xe0, 0x18, 0x47, 0x18, 0x0,
    0x47, 0x80, 0x11, 0xe, 0x40, 0xe, 0x80, 0x4,
    0x80, 0x76, 0xf7, 0x4a, 0x0, 0x4e, 0xec, 0x6e,
    0x20, 0x2c, 0x1, 0x8d, 0x0, 0x5c, 0x3, 0xff,
    0x8a, 0xd0, 0x0, 0x62, 0x0, 0xde, 0x0, 0x80,
    0x1, 0x8, 0x1, 0x88, 0xa1, 0x0, 0x88, 0xb4,
    0x0, 0x6, 0x0, 0x33, 0x18, 0x13, 0x0, 0x3f,
    0xa4, 0x6b, 0x76, 0x70, 0x2, 0xee, 0xd6, 0x40,
    0xb, 0x10, 0x8, 0x60, 0x1, 0x20, 0x6, 0x20,
    0x60, 0xf, 0xf9, 0x24, 0x0, 0xaa, 0x0, 0xd4,
    0x20, 0x8a, 0x6b, 0x0, 0x8, 0x10, 0xf, 0xe3,
    0xb0, 0x1, 0x50, 0x6, 0x24, 0x0, 0x27, 0x65,
    0x8, 0x8, 0x77, 0x73, 0x0, 0x17, 0xb0, 0x2,
    0x3e, 0xec, 0x24, 0x1, 0xfd, 0x60, 0x23, 0xc0,
    0x18, 0x40, 0x30, 0x8f, 0x0, 0xc, 0x2, 0x20,
    0x9, 0x14, 0x3, 0xff, 0x95, 0xf9, 0xde, 0xa0,
    0x14, 0x83, 0xff, 0xf7, 0x28, 0x6, 0xbf, 0xff,
    0x84, 0xc, 0xc2, 0x6e, 0x0, 0x82, 0x0, 0xf1,
    0x62, 0x80, 0x7, 0x50, 0x3, 0xff, 0x81, 0xc0,
    0x3, 0x70, 0xf, 0x3e, 0x90, 0x0, 0xb0, 0x80,
    0x3f, 0xf8, 0x14, 0x40, 0xe, 0x0, 0xe3, 0xd8,
    0x0, 0xc5, 0xbf, 0xfe, 0x90, 0xe, 0x65, 0x0,
    0x41, 0x1, 0x10, 0x67, 0x8, 0x3, 0xff, 0x8c,
    0x72, 0x1, 0x76, 0x7e, 0xcf, 0xb0, 0x6, 0x22,
    0xfc, 0x20, 0x1f, 0x20, 0x6, 0x63, 0x0, 0xa,
    0x0, 0x77, 0x6e, 0xfc, 0xc0, 0x1f, 0x18, 0x7,
    0xe3, 0x91, 0x91, 0x0, 0xff, 0xe3, 0x20, 0x0,
    0xd6, 0x2f, 0x7e, 0x4f, 0x98, 0x2, 0x99, 0xfc,
    0x80, 0x1f, 0xbb, 0xf2, 0x9d, 0x8, 0x3, 0xf2,
    0xb3, 0x7c, 0x60, 0x1f, 0x84, 0x3, 0xff, 0xae,
    0x6d, 0x3b, 0xe2, 0x1, 0xd9, 0xff, 0xf3, 0x80,
    0x7c, 0x6f, 0x5b, 0xf9, 0x2c, 0x40, 0x60, 0x1f,
    0xfc, 0x81, 0xc8, 0x52, 0x0, 0xf0, 0x80, 0x7f,
    0xf2, 0x4, 0x3, 0xe1, 0x47, 0x20, 0xe, 0xcf,
    0xff, 0x9c, 0x3, 0xe3, 0x3, 0x69, 0xbe, 0xe5,
    0xc0, 0x80, 0x7f, 0xf2, 0x77, 0xf2, 0x59, 0x4,
    0x3, 0xf8, 0xd1, 0x3e, 0x20, 0xf, 0x84, 0x3,
    0xff, 0x87, 0xf7, 0x7f, 0x28, 0x7, 0x80,

    /* U+7EED "续" */
    0x0, 0xf1, 0x0, 0x7f, 0xf0, 0x4, 0x88, 0x20,
    0x1f, 0xfc, 0x2f, 0xe7, 0x0, 0xff, 0x46, 0xea,
    0x80, 0x3f, 0xf8, 0x2a, 0x43, 0x20, 0x1f, 0xfc,
    0xf9, 0x0, 0x40, 0x7, 0xff, 0x38, 0xcc, 0x2,
    0xc0, 0x13, 0xff, 0xf9, 0x80, 0x9, 0xff, 0xea,
    0x0, 0xe8, 0x0, 0x40, 0x6, 0xf0, 0xf, 0xfe,
    0x20, 0x80, 0x63, 0x40, 0x16, 0x0, 0xdc, 0x67,
    0xe1, 0x0, 0x9, 0x9f, 0xc0, 0x1a, 0x0, 0x10,
    0x0, 0x41, 0x6, 0xcc, 0xf3, 0x80, 0x17, 0x33,
    0xd0, 0x1, 0x2a, 0x1, 0x30, 0xd, 0xf4, 0x0,
    0x7f, 0xf2, 0x60, 0x1, 0x0, 0x8, 0x0, 0x2d,
    0xdf, 0xce, 0x0, 0x5b, 0xbf, 0x98, 0x20, 0x81,
    0x1c, 0xd9, 0x80, 0x8, 0x44, 0xf8, 0x40, 0x2,
    0x89, 0xf7, 0x93, 0x80, 0x13, 0x72, 0x40, 0x8,
    0x80, 0xf, 0xfe, 0x30, 0x98, 0x7, 0xf4, 0x8f,
    0x73, 0x3b, 0xbf, 0xf8, 0x8, 0x0, 0xd1, 0x10,
    0x7, 0xce, 0x40, 0x25, 0x94, 0x42, 0x30, 0x44,
    0x42, 0x32, 0x0, 0x14, 0x25, 0xe6, 0xdc, 0x0,
    0x32, 0x1, 0x50, 0x26, 0x51, 0x1, 0x33, 0x40,
    0x6, 0x0, 0x28, 0x1, 0xe1, 0x95, 0x80, 0x16,
    0x20, 0x14, 0xc0, 0x82, 0xec, 0x0, 0x7b, 0x40,
    0x1e, 0x1, 0xd4, 0x20, 0x8a, 0x1, 0x10, 0xbf,
    0x40, 0x87, 0x80, 0x78, 0x88, 0xa, 0x1, 0x99,
    0x0, 0x12, 0x1, 0xa7, 0xa0, 0x5f, 0xa1, 0x9c,
    0x3, 0xa7, 0x7c, 0x3, 0x1c, 0x80, 0x20, 0x80,
    0x21, 0x50, 0x7f, 0x70, 0x71, 0x0, 0x84, 0x3,
    0xf0, 0xe8, 0x0, 0x88, 0xf5, 0xb2, 0x3d, 0x2,
    0x28, 0xe5, 0x1, 0x0, 0x18, 0x7, 0xe8, 0x10,
    0x1, 0x54, 0x29, 0x0, 0x4f, 0xee, 0x2, 0xc0,
    0x60, 0x1, 0x0, 0xfc, 0x20, 0x1f, 0xfc, 0x1,
    0x8d, 0x83, 0xf, 0x0, 0x30, 0x7, 0xec, 0x0,
    0x84, 0xda, 0x6e, 0x37, 0xff, 0x6c, 0x7f, 0x98,
    0x0, 0xbf, 0xff, 0x2, 0xc5, 0xf7, 0x32, 0x59,
    0x4, 0x3, 0xff, 0x92, 0x2e, 0x82, 0x1, 0xe7,
    0x22, 0xf8, 0x40, 0x22, 0x2f, 0xc0, 0x1f, 0xa,
    0x3b, 0xab, 0x77, 0xde, 0x20, 0x2, 0xfd, 0xdf,
    0x80, 0x6, 0xb1, 0x7d, 0xcb, 0x8b, 0x0, 0xf1,
    0x60, 0x4, 0x5b, 0x22, 0x1, 0xef, 0xca, 0x74,
    0x10, 0x8, 0x40, 0x30, 0xc6, 0x88, 0x0, 0x40,
    0xd, 0xd0, 0x20, 0x1f, 0xfc, 0x1, 0x70, 0x2,
    0x4f, 0x38, 0x5, 0x7e, 0xe0, 0x13, 0xf4, 0x0,
    0x44, 0x0, 0x35, 0x8b, 0xee, 0x65, 0x7d, 0xb0,
    0x4, 0x7a, 0x83, 0x1a, 0xa0, 0x13, 0xf3, 0x4,
    0xef, 0xe5, 0x3a, 0x8, 0x7a, 0x80, 0x62, 0xac,
    0x20, 0x8, 0xaa, 0xc8, 0x0, 0x3c, 0x8, 0x40,
    0x1f, 0x58, 0x0, 0x56, 0xf5, 0x40, 0x3e, 0x4d,
    0x90, 0x18, 0x0, 0xff, 0x14, 0xdf, 0x52, 0x0,
    0x7f, 0xcd, 0xda, 0x0,

    /* U+7F6E "置" */
    0x0, 0xf, 0x77, 0xff, 0x38, 0x40, 0x38, 0x47,
    0xff, 0x9c, 0x1, 0xfd, 0x37, 0x73, 0x80, 0xa,
    0xef, 0x10, 0x1, 0xee, 0xe9, 0x0, 0xff, 0xe0,
    0x2a, 0x25, 0xa0, 0x1, 0x44, 0xc2, 0x0, 0xe4,
    0x49, 0x40, 0x3f, 0xf8, 0xe, 0x23, 0x18, 0x4,
    0x23, 0xc0, 0x10, 0x8c, 0xe0, 0x1f, 0xfc, 0xb,
    0xee, 0xa4, 0x0, 0x7d, 0xd8, 0x80, 0x13, 0xdd,
    0x58, 0x7, 0xff, 0x70, 0x7b, 0xbf, 0xe4, 0x0,
    0x27, 0x77, 0xfc, 0x20, 0x18, 0xc8, 0xbf, 0xe0,
    0x9, 0xc8, 0xbf, 0xe3, 0x0, 0x87, 0x33, 0xff,
    0x80, 0x80, 0x3, 0xcc, 0xff, 0xe0, 0x10, 0x7,
    0xff, 0x58, 0x7f, 0xff, 0xf8, 0xa, 0x0, 0x4f,
    0xff, 0xfe, 0x1, 0x0, 0x79, 0x13, 0xf9, 0x80,
    0xe, 0x89, 0xfc, 0x1, 0xfe, 0xbb, 0xfe, 0x30,
    0x1, 0xdd, 0xff, 0x8, 0x7, 0xff, 0x82, 0xbf,
    0xff, 0xf8, 0x56, 0x1, 0xff, 0xc4, 0x9a, 0xaf,
    0xfe, 0x14, 0x0, 0x7f, 0xf1, 0xd, 0x57, 0xff,
    0x84, 0x60, 0x1f, 0xfc, 0x48, 0xcc, 0xff, 0xe1,
    0x40, 0x7, 0xff, 0x10, 0x8c, 0xff, 0xf8, 0x60,
    0x1f, 0xfc, 0x4a, 0xff, 0xff, 0xe1, 0x58, 0x7,
    0xff, 0x92, 0xbf, 0xff, 0xf8, 0x56, 0x1, 0xff,
    0xc4, 0x23, 0x3f, 0xfe, 0x11, 0x0, 0x7f, 0xf1,
    0x23, 0x33, 0xff, 0x85, 0x20, 0x1f, 0xfc, 0x42,
    0x44, 0xff, 0xe1, 0x18, 0x7, 0xff, 0x12, 0x2e,
    0xff, 0xf8, 0x50, 0x1, 0xfc, 0xcd, 0x80, 0x2c,
    0x66, 0xff, 0xe1, 0x60, 0x4, 0xcd, 0x80, 0x66,
    0x70, 0x4, 0xd3, 0x3f, 0xfc, 0x27, 0x0, 0xa2,
    0x66, 0x20, 0xf, 0xfe, 0xa0,

    /* U+8089 "肉" */
    0x0, 0xff, 0xe0, 0x23, 0x31, 0x40, 0x3f, 0xf9,
    0x9b, 0x33, 0x0, 0x7f, 0xfe, 0x5, 0x9b, 0xfe,
    0x20, 0x0, 0xb3, 0x7f, 0xc2, 0xb3, 0x3f, 0xf2,
    0x0, 0xa, 0x67, 0xfe, 0x50, 0xf, 0xff, 0x86,
    0xff, 0xfc, 0x20, 0x8, 0xff, 0xfb, 0x0, 0x3f,
    0xf8, 0x6c, 0x20, 0xd, 0x10, 0xf, 0xfe, 0x49,
    0x40, 0x4, 0xbe, 0xa0, 0x1f, 0xfc, 0x73, 0xc1,
    0x0, 0xc3, 0x58, 0x40, 0x1f, 0xfc, 0x48, 0xc1,
    0x0, 0x55, 0x4, 0x0, 0x7b, 0x0, 0x1f, 0xfc,
    0x17, 0xe7, 0x0, 0xa9, 0x55, 0xec, 0x1, 0x3e,
    0xa0, 0x7, 0xf0, 0xf4, 0x8, 0x0, 0xb0, 0x2a,
    0x8d, 0x36, 0x20, 0x2, 0xa0, 0xf, 0xe1, 0x40,
    0xa, 0x34, 0xf1, 0x55, 0x80, 0x9c, 0xc0, 0xb,
    0x0, 0xff, 0x58, 0x37, 0x38, 0x0, 0x80, 0x4,
    0x1, 0x4d, 0xaa, 0x80, 0x3f, 0xc3, 0xd2, 0x20,
    0x12, 0x0, 0x3c, 0x3, 0x25, 0x0, 0x7f, 0xf0,
    0x4, 0x3, 0x28, 0x5, 0x66, 0x1, 0xff, 0xc9,
    0x2b, 0x0, 0x8b, 0x24, 0x3, 0xff, 0x8e, 0x78,
    0x20, 0x1c, 0xda, 0x80, 0x1f, 0xfc, 0x31, 0x9c,
    0x10, 0x5, 0x69, 0x80, 0xa, 0xe4, 0x40, 0x3f,
    0xe1, 0x8e, 0x60, 0xa, 0x94, 0xb2, 0x0, 0x26,
    0xf5, 0x0, 0xfe, 0x6e, 0x70, 0x8, 0xb5, 0x40,
    0x27, 0xc2, 0x0, 0x9, 0x0, 0x7f, 0x33, 0x0,
    0x28, 0xd2, 0x0, 0xe3, 0xd5, 0x2, 0x70, 0xf,
    0xf4, 0xb, 0x73, 0x80, 0x7f, 0x54, 0xf0, 0x7,
    0xfc, 0x3d, 0x22, 0x1, 0xff, 0x31, 0x83, 0x80,
    0x7f, 0xf2, 0x48, 0xcf, 0x2c, 0x80, 0x4e, 0x1,
    0xff, 0xc5, 0x5c, 0xcd, 0x44, 0x1, 0x18, 0x7,
    0xff, 0x14, 0xc0, 0x3f, 0x28, 0x7, 0xff, 0x19,
    0x0, 0x3c, 0x4f, 0x40, 0x99, 0x91, 0x0, 0x7f,
    0xf0, 0x7f, 0xfd, 0xb0, 0x0,

    /* U+80AA "肪" */
    0x0, 0xff, 0xf3, 0x8d, 0x67, 0xb8, 0x7, 0xfc,
    0x89, 0xfc, 0x60, 0x1e, 0x14, 0x30, 0xa0, 0xf,
    0xfa, 0xef, 0xfb, 0x40, 0x3e, 0x70, 0x1, 0x10,
    0x3, 0xff, 0x9f, 0xa0, 0x15, 0x0, 0x7f, 0xf2,
    0x51, 0x57, 0x84, 0x2, 0x55, 0xf8, 0x40, 0x3d,
    0xbd, 0xcd, 0x0, 0xd5, 0x5f, 0x0, 0x45, 0x55,
    0xe4, 0x0, 0xf1, 0x8, 0x8c, 0x3, 0xff, 0xf1,
    0xdd, 0x10, 0x2, 0x3b, 0xbf, 0xca, 0x1, 0xe2,
    0x11, 0x18, 0x7, 0x8, 0x80, 0x21, 0x1f, 0xf8,
    0x3, 0xed, 0xee, 0x68, 0x7, 0xff, 0x6c, 0xc0,
    0x6, 0x1, 0xff, 0xd0, 0x10, 0x1, 0x22, 0x7e,
    0x20, 0xf, 0xdd, 0xfe, 0xe0, 0xf, 0xf4, 0x5d,
    0xfe, 0xa0, 0xf, 0xc2, 0x1, 0xff, 0xdd, 0x10,
    0xf, 0xfe, 0x7, 0x80, 0x7f, 0xf1, 0x8c, 0x2,
    0xce, 0xee, 0x0, 0x84, 0x3, 0xf2, 0x19, 0x94,
    0x3, 0xcc, 0x1, 0x18, 0x8f, 0x0, 0x46, 0x1,
    0xfa, 0xf3, 0x16, 0x1, 0xe1, 0x0, 0xff, 0xe9,
    0x90, 0x0, 0x80, 0x3f, 0x84, 0x3, 0x8, 0x7,
    0xff, 0x7, 0x40, 0xc, 0x1, 0xc2, 0x1, 0x38,
    0x6, 0x30, 0xb, 0xfe, 0xe0, 0xf, 0x30, 0x0,
    0xc0, 0x38, 0xc0, 0x3f, 0x8, 0x0, 0x80, 0x3f,
    0xc6, 0x0, 0xd0, 0xf, 0xe1, 0x0, 0xce, 0x0,
    0x10, 0xf, 0xe4, 0x0, 0x90, 0x3, 0x84, 0x2,
    0x30, 0xc, 0x40, 0x7, 0x0, 0xfe, 0xd0, 0x1,
    0x8, 0x7, 0x38, 0x7, 0xef, 0x0, 0x18, 0x7,
    0xe1, 0x60, 0x5, 0x0, 0x78, 0x80, 0x21, 0x0,
    0xca, 0x0, 0xe0, 0xf, 0xd2, 0x1, 0x30, 0x7,
    0xbc, 0x3, 0xe1, 0x30, 0x2, 0x19, 0xd2, 0x1,
    0x13, 0x80, 0x18, 0x41, 0xdf, 0x53, 0x0, 0x8,
    0x3, 0x30, 0x0, 0x4f, 0x32, 0x70, 0x1, 0xc8,
    0x5, 0x0, 0x9, 0x88, 0x94, 0x2, 0x70, 0xd,
    0x40, 0x7, 0x12, 0x0, 0xe3, 0x40, 0x4, 0x8,
    0x1, 0x40, 0x3e, 0xe0, 0xd, 0xc6, 0x1a, 0xe,
    0x1, 0xb, 0x7c, 0x81, 0x38, 0x4, 0x60, 0x18,
    0x52, 0xd0, 0x3, 0x1e, 0x52, 0x5, 0x7f, 0xdd,
    0x22, 0xdb, 0xc0, 0x1a, 0x3f, 0xf7, 0x5a, 0x0,
    0x60,

    /* U+80F8 "胸" */
    0x0, 0xff, 0xe1, 0xe3, 0x0, 0x7f, 0xf3, 0xd4,
    0xe7, 0x0, 0x3f, 0xf8, 0x53, 0xff, 0xf4, 0x0,
    0x52, 0x0, 0xb0, 0xf, 0xfe, 0x6a, 0x18, 0x0,
    0xcf, 0xff, 0x82, 0x1, 0xff, 0xc1, 0x90, 0xa,
    0xf3, 0x3f, 0xee, 0x0, 0xec, 0xfe, 0x0, 0xce,
    0x40, 0x1f, 0xfc, 0xf1, 0x80, 0x1, 0x17, 0xff,
    0x0, 0x3, 0xff, 0x82, 0x3a, 0x0, 0x4d, 0xdf,
    0xfe, 0x0, 0x7, 0xff, 0x5, 0x8c, 0x1, 0x2a,
    0x20, 0x17, 0x40, 0x80, 0x7f, 0xf1, 0x4c, 0x1,
    0x31, 0x50, 0x0, 0x51, 0x72, 0x0, 0xff, 0xe0,
    0x67, 0xf0, 0x1, 0x19, 0xaf, 0x6, 0x20, 0x90,
    0x33, 0x0, 0x42, 0x1, 0xff, 0xc2, 0x99, 0x2,
    0x98, 0x41, 0x18, 0x51, 0x10, 0x40, 0x3f, 0xf8,
    0xbb, 0xcd, 0xe0, 0xb2, 0x0, 0x7c, 0xd7, 0x0,
    0xc2, 0x1, 0xd9, 0xfc, 0x1, 0x8c, 0x40, 0xd0,
    0x10, 0x18, 0x40, 0x3f, 0xf9, 0x90, 0x1, 0x58,
    0x7, 0xff, 0x34, 0xc0, 0x2, 0x40, 0x1c, 0x60,
    0x1f, 0xfc, 0x77, 0x0, 0xa, 0x0, 0x7f, 0xc6,
    0x1, 0xff, 0xc1, 0x90, 0xa, 0x0, 0x3f, 0xf8,
    0x59, 0xfc, 0x1, 0xf4, 0x88, 0x28, 0x1a, 0x0,
    0x7f, 0xf2, 0xbd, 0x80, 0xe8, 0x83, 0xc0, 0x3f,
    0xc2, 0x1, 0xff, 0x30, 0x3, 0xc2, 0x81, 0x4,
    0x2, 0x10, 0x3, 0x80, 0x1c, 0x1, 0xbf, 0xc0,
    0x1e, 0x30, 0x53, 0x7, 0x19, 0x10, 0xf, 0xe1,
    0x0, 0x18, 0x7, 0xea, 0xa5, 0x80, 0x5c, 0xc0,
    0x1f, 0xe2, 0x0, 0x8, 0x7, 0xe1, 0x40, 0x11,
    0xe0, 0xf, 0xe1, 0x0, 0x8, 0x7, 0xf4, 0x77,
    0x7c, 0x20, 0x1f, 0x94, 0x0, 0xa0, 0x1f, 0xfc,
    0x97, 0x0, 0x8, 0x18, 0x0, 0xc0, 0x3e, 0x75,
    0x5f, 0xf8, 0x80, 0x80, 0x35, 0x80, 0x30, 0x0,
    0x80, 0x1a, 0x6a, 0xbf, 0xe4, 0x1b, 0x0, 0x10,
    0x98, 0x1, 0xff, 0xd4, 0x0, 0xf0, 0xf, 0xc5,
    0x99, 0xb7, 0x88, 0x1, 0x68, 0x0, 0x53, 0x0,
    0xe2, 0x0, 0xfc, 0x46, 0x78, 0x80, 0x25, 0x35,
    0x80, 0xe0, 0x20, 0x0, 0xb2, 0x80, 0x7f, 0x18,
    0x6, 0x13, 0x9a, 0x0, 0x3d, 0xa0, 0x6f, 0xfb,
    0xa4, 0x3, 0xfd, 0x9f, 0xfb, 0xb1, 0x80, 0x0,

    /* U+80FD "能" */
    0x0, 0xff, 0xec, 0xe5, 0xb0, 0x80, 0x7d, 0x35,
    0x42, 0x0, 0xff, 0xe1, 0xb1, 0xa4, 0xc0, 0x7,
    0xce, 0xaa, 0x10, 0xf, 0x10, 0x7, 0xc5, 0x20,
    0x2, 0x90, 0x20, 0xf, 0xfe, 0x9, 0x56, 0xb8,
    0x7, 0xbc, 0x0, 0x3e, 0xf, 0xa8, 0x1, 0xfe,
    0x4b, 0xd5, 0x9, 0x0, 0xea, 0x20, 0x5, 0x12,
    0x40, 0x51, 0x0, 0x79, 0x9f, 0x6d, 0x0, 0x23,
    0x20, 0x9, 0xd4, 0x1, 0x28, 0x8, 0xc0, 0x3c,
    0x1, 0xea, 0x82, 0x0, 0x8e, 0xf4, 0x80, 0xb,
    0x0, 0x8, 0x60, 0xa, 0x8, 0xe, 0x40, 0x3f,
    0x9b, 0x71, 0x0, 0x23, 0xa0, 0xb, 0x31, 0xbd,
    0xfc, 0x40, 0x6, 0x40, 0xe, 0x29, 0xe9, 0x20,
    0xda, 0x50, 0xf, 0x21, 0x90, 0x80, 0x7a, 0x84,
    0x2, 0xad, 0x61, 0x0, 0x8d, 0x68, 0xc, 0x3,
    0xf0, 0x91, 0xa9, 0x0, 0xb0, 0x4, 0xc0, 0x1e,
    0x10, 0xd, 0x54, 0xbc, 0xde, 0xff, 0x76, 0xe5,
    0x60, 0xb3, 0x80, 0x4e, 0x1, 0xc2, 0x0, 0x10,
    0x2, 0xa9, 0xc, 0x84, 0x3, 0xc3, 0x92, 0x1,
    0xbd, 0x13, 0xac, 0x0, 0x60, 0x1, 0xbb, 0xff,
    0xe0, 0x40, 0x0, 0x80, 0x9, 0x77, 0xca, 0x0,
    0x70, 0x1, 0xa2, 0x7f, 0xf0, 0x40, 0x14, 0x1,
    0xff, 0x48, 0x7, 0xff, 0x19, 0xa9, 0x50, 0xcf,
    0x22, 0x1b, 0xc, 0x3, 0x87, 0xff, 0xda, 0x1,
    0xe5, 0xab, 0xcc, 0xd7, 0x69, 0x30, 0xf, 0xfe,
    0x3b, 0x3b, 0x88, 0x3, 0xff, 0x84, 0x35, 0x5e,
    0x80, 0xe, 0x88, 0x98, 0x3, 0x97, 0x5c, 0x3,
    0xe5, 0x5f, 0x80, 0x3f, 0xf8, 0xb, 0xb4, 0x50,
    0x40, 0x1f, 0xfc, 0xa1, 0x7e, 0xa2, 0x0, 0x9c,
    0x3, 0x87, 0xff, 0xda, 0x1, 0xfa, 0x3a, 0x4,
    0x2, 0x7e, 0x50, 0xf, 0xfe, 0x49, 0x80, 0x42,
    0xfd, 0x2, 0x1, 0xe1, 0x99, 0xf4, 0x0, 0x7f,
    0x8e, 0x7a, 0x5, 0x4c, 0x3, 0xe6, 0x6f, 0x28,
    0x7, 0xe4, 0xcc, 0x30, 0x5, 0x39, 0xc4, 0x1,
    0xff, 0xc8, 0xf3, 0x0, 0xe1, 0x1, 0x0, 0xe1,
    0xff, 0xf6, 0x80, 0x7f, 0xf0, 0xcc, 0x0, 0x60,
    0x1f, 0xfc, 0x81, 0x0, 0xf0, 0x80, 0x4, 0x3,
    0xf8, 0x44, 0x80, 0x1c, 0x60, 0xf, 0x0, 0xe6,
    0x0, 0x8, 0x7, 0xf7, 0x75, 0x20, 0x3, 0x0,
    0x8, 0x1, 0x7f, 0xba, 0xf9, 0x0, 0x28, 0x7,
    0xf2, 0x0, 0x73, 0x80, 0x2c, 0x3, 0x8, 0xc0,
    0x1b, 0x80, 0x3f, 0xb4, 0x2, 0x15, 0xb0, 0x3,
    0xb8, 0x40, 0x3e, 0x39, 0x50, 0x1, 0x6e, 0xb0,
    0x2, 0x7f, 0xfb, 0xa8, 0x40, 0x28, 0xef, 0xff,
    0xb1, 0x80, 0x0,

    /* U+8102 "脂" */
    0x0, 0xff, 0xe1, 0x33, 0x42, 0x1, 0xff, 0xc3,
    0x35, 0x5f, 0xc6, 0x0, 0x89, 0x91, 0x0, 0x7f,
    0x24, 0x80, 0x6b, 0xaa, 0xfd, 0x0, 0x1f, 0xfc,
    0x4, 0x9e, 0xb6, 0x30, 0xf, 0xfe, 0x48, 0xb5,
    0x7d, 0xb0, 0x80, 0x28, 0x3, 0xff, 0x8c, 0x91,
    0xbd, 0x2a, 0x1, 0xc9, 0x80, 0x1e, 0xaf, 0xf7,
    0x0, 0x7e, 0x87, 0x20, 0xc, 0x2b, 0x57, 0xce,
    0x1, 0xff, 0xca, 0x48, 0xde, 0xa5, 0xca, 0xd9,
    0x0, 0xff, 0xe2, 0xa4, 0xef, 0xdb, 0x90, 0x7,
    0x84, 0x3, 0xff, 0x8b, 0xec, 0x40, 0x1f, 0x8,
    0x3, 0xc0, 0x38, 0x8c, 0xca, 0x1, 0xf8, 0xc0,
    0x3f, 0x90, 0x0, 0x20, 0x1d, 0x19, 0x8b, 0x0,
    0xe2, 0x0, 0x47, 0x77, 0xef, 0x20, 0x1, 0x0,
    0x7f, 0xf0, 0xa8, 0x2, 0x11, 0xfc, 0x1, 0xa,
    0x0, 0x78, 0x46, 0x0, 0xe6, 0x82, 0x0, 0xff,
    0xa, 0x68, 0x7, 0xab, 0xb9, 0xe0, 0x1e, 0x7d,
    0xff, 0xff, 0x75, 0x98, 0x7, 0xff, 0x8a, 0x3b,
    0xbf, 0xf8, 0x44, 0x1, 0xff, 0xc3, 0x11, 0xff,
    0xe1, 0x80, 0x61, 0x0, 0x74, 0xca, 0x0, 0x3f,
    0xf9, 0xe8, 0xcd, 0x0, 0x7e, 0x8f, 0xff, 0xc0,
    0x1f, 0xfd, 0xa3, 0x0, 0x1a, 0x24, 0x1, 0xff,
    0xcc, 0x10, 0x7, 0xdd, 0xa8, 0x3, 0xf4, 0x7f,
    0xfe, 0x0, 0xf9, 0xc0, 0x2, 0x1, 0xff, 0xcf,
    0x20, 0x1, 0x80, 0x7f, 0xc2, 0x45, 0xf8, 0x3,
    0xe1, 0x0, 0x8, 0x7, 0xfd, 0x3b, 0xbf, 0x80,
    0x3c, 0x60, 0x3, 0x0, 0xff, 0xe7, 0xd8, 0x1,
    0x40, 0x3f, 0xf9, 0xea, 0x0, 0xc3, 0x44, 0x40,
    0x0, 0x40, 0x3a, 0x3f, 0xff, 0x0, 0x72, 0x10,
    0x1, 0x66, 0xec, 0xc0, 0x1f, 0xfc, 0xa3, 0x0,
    0x28, 0x68, 0x7, 0x60, 0x7, 0x9, 0x17, 0xe0,
    0xe, 0x7a, 0x9, 0x2, 0x0, 0x85, 0x98, 0x1,
    0xd3, 0xbb, 0xf8, 0x40, 0x39, 0x78, 0xc1, 0x7f,
    0xee, 0x90, 0xa, 0x7f, 0xce, 0x1, 0xfb, 0xbf,
    0xc4, 0x0,

    /* U+819C "膜" */
    0x0, 0xff, 0xe2, 0x2f, 0xf9, 0xc0, 0x25, 0xff,
    0x40, 0x7, 0xc6, 0xcd, 0xf8, 0x3, 0xf7, 0x80,
    0x7f, 0xf0, 0xae, 0x67, 0xf1, 0x1, 0x16, 0x0,
    0x9, 0x14, 0x60, 0x1, 0x22, 0x84, 0x3, 0xff,
    0x82, 0xdb, 0xb4, 0x0, 0x1b, 0x76, 0x90, 0x3,
    0x6e, 0xd8, 0x1, 0xe4, 0x55, 0x10, 0x7, 0xff,
    0x43, 0xea, 0x88, 0x1, 0x2a, 0xe3, 0x0, 0x12,
    0xac, 0x60, 0x2, 0x55, 0xc0, 0x1f, 0xfc, 0x13,
    0xaa, 0xa4, 0x0, 0xb5, 0x54, 0x80, 0x16, 0xaa,
    0x80, 0xf, 0xfe, 0x2a, 0x5d, 0xa8, 0x2, 0x4b,
    0xb5, 0x0, 0x7f, 0xf1, 0x85, 0xdc, 0xc6, 0x65,
    0x77, 0x98, 0xcc, 0xae, 0xe2, 0x0, 0xff, 0xe1,
    0x9c, 0x47, 0xff, 0xd, 0xc0, 0x3e, 0xbf, 0xf3,
    0x0, 0x7f, 0xf6, 0xd3, 0xff, 0xf9, 0xc0, 0x3f,
    0xe1, 0x10, 0x7, 0xe7, 0x33, 0xfe, 0x10, 0xf,
    0xf5, 0xf7, 0x18, 0x3, 0xe3, 0xcc, 0xfe, 0x60,
    0xf, 0xff, 0x4a, 0x7f, 0xff, 0x38, 0x7, 0xff,
    0x28, 0x47, 0xf8, 0x3, 0xfe, 0x33, 0x88, 0x3,
    0xe4, 0xee, 0xfe, 0x70, 0xf, 0xf4, 0x66, 0x10,
    0x3, 0xff, 0x9a, 0x20, 0x1f, 0xe3, 0x99, 0xf0,
    0x5, 0x33, 0xe7, 0x0, 0xf9, 0x12, 0x10, 0xc,
    0x2c, 0xde, 0x0, 0x99, 0xbc, 0x40, 0x18, 0xc0,
    0x15, 0x76, 0x70, 0xa, 0x2e, 0xfe, 0x0, 0xae,
    0xff, 0x0, 0x42, 0x0, 0x10, 0xf, 0x1a, 0x27,
    0xc0, 0x12, 0x27, 0xe0, 0x9, 0x80, 0x3f, 0xfa,
    0x66, 0x4, 0x1, 0xf5, 0xff, 0xf7, 0x8, 0x4,
    0x5d, 0xff, 0xe0, 0x1, 0x8, 0x30, 0x7, 0xff,
    0x6, 0x84, 0x2, 0x28, 0x0, 0xfc, 0xe0, 0x3,
    0x0, 0xff, 0x8b, 0x10, 0x0, 0xc0, 0x6, 0xa0,
    0xf, 0xb8, 0x1, 0x80, 0x12, 0x80, 0x70, 0xc6,
    0x98, 0x1, 0xe6, 0x0, 0xb, 0xaa, 0x1, 0x85,
    0x0, 0x9, 0xdc, 0xf3, 0x0, 0x96, 0xb9, 0xc0,
    0x28, 0x80, 0x3c, 0x0, 0xa, 0xb6, 0xc, 0x18,
    0x0, 0x80, 0x42, 0x1, 0x16, 0x52, 0x80, 0x45,
    0x8e, 0x1, 0x3d, 0x88, 0x0, 0x9f, 0xd, 0x90,
    0x3c, 0x14, 0x2, 0x3e, 0x60, 0x8, 0xab, 0x4c,
    0x3, 0x93, 0xa0, 0x40, 0x2, 0x63, 0x72, 0x81,
    0x3f, 0xf6, 0x1c, 0x93, 0xe6, 0xa8, 0x7, 0xf3,
    0xf5, 0xab, 0x0,

    /* U+8272 "色" */
    0x0, 0xff, 0xee, 0x1f, 0xd2, 0x80, 0x7f, 0xf3,
    0xf8, 0x16, 0x84, 0x3, 0xff, 0x9a, 0xe4, 0x0,
    0x63, 0x22, 0xff, 0x8, 0x7, 0xff, 0x4, 0xe0,
    0x2, 0x6d, 0xdf, 0xfa, 0xc0, 0x3f, 0xf8, 0x3,
    0xa0, 0x1f, 0xfd, 0x1d, 0x10, 0x0, 0x8f, 0xf8,
    0x3, 0x18, 0x7, 0xfd, 0x66, 0x0, 0x4e, 0xef,
    0xe8, 0x0, 0x8e, 0x40, 0x3f, 0xd4, 0x80, 0x2,
    0xa0, 0xf, 0xcd, 0x20, 0x2, 0xd0, 0xf, 0xf5,
    0x28, 0x0, 0x7c, 0x40, 0x3e, 0x69, 0x0, 0xe,
    0x8, 0x7, 0xe1, 0xc5, 0x0, 0xa5, 0x91, 0x3e,
    0x79, 0x0, 0xa1, 0x51, 0x38, 0x3, 0x61, 0x80,
    0x68, 0xbb, 0xfd, 0x0, 0x1a, 0x6e, 0xfc, 0x20,
    0x17, 0x0, 0x7f, 0xf4, 0x8e, 0xc4, 0x2, 0x12,
    0x2f, 0x0, 0x42, 0x45, 0xe1, 0x0, 0xfc, 0x9c,
    0x1, 0x5e, 0xef, 0x84, 0x1, 0x1b, 0xbe, 0xa0,
    0xf, 0xff, 0xf8, 0x7, 0xff, 0x4c, 0xc0, 0x3f,
    0xfa, 0x53, 0xff, 0xe1, 0x0, 0x4f, 0xff, 0xac,
    0x3, 0xff, 0xea, 0x20, 0x1f, 0xd5, 0xff, 0xff,
    0xc8, 0x0, 0xff, 0xe9, 0x3d, 0x31, 0x0, 0x7f,
    0xf3, 0xf9, 0x66, 0xc0, 0x3f, 0xfa, 0x42, 0x1,
    0xf1, 0x80, 0x7f, 0xf1, 0xcc, 0x1, 0xe0, 0x1f,
    0x78, 0x7, 0xff, 0x1d, 0xc0, 0x3e, 0x20, 0x3,
    0x39, 0x91, 0x7f, 0xf0, 0xce, 0x8, 0x0, 0x40,
    0x19, 0x0, 0x28, 0xcd, 0xdf, 0xfe, 0x1e, 0x38,
    0x4, 0xe0, 0x1a, 0x4, 0x3, 0xff, 0x96, 0xa4,
    0x1, 0x87, 0xd8, 0x80, 0x3f, 0xf8, 0xc2, 0x71,
    0x40,

    /* U+82F9 "苹" */
    0x0, 0xfd, 0x77, 0x10, 0x7, 0x86, 0xee, 0x20,
    0xf, 0xfe, 0x1a, 0x24, 0xc0, 0x1e, 0x34, 0x48,
    0x3, 0xff, 0xb5, 0xbf, 0xff, 0x0, 0x57, 0xff,
    0xed, 0x0, 0xb7, 0xff, 0xdc, 0x1, 0xff, 0xd1,
    0x10, 0xf, 0xfe, 0x96, 0xff, 0xfb, 0x80, 0x2b,
    0xff, 0xf6, 0x0, 0x59, 0xff, 0xf0, 0x7, 0xc2,
    0x1, 0xfe, 0x10, 0x8, 0x40, 0x3f, 0xf8, 0x7b,
    0xb2, 0x0, 0x78, 0xbb, 0xa2, 0x0, 0xfc, 0x7d,
    0xde, 0xcc, 0xbb, 0xbf, 0x7f, 0xdd, 0xde, 0x50,
    0x3, 0x88, 0xff, 0xf3, 0x8c, 0x3, 0xff, 0xa8,
    0xb7, 0x74, 0xdd, 0xfc, 0x80, 0x3, 0xbb, 0xf9,
    0xee, 0xe7, 0x0, 0xa, 0x20, 0xa7, 0x11, 0x3c,
    0x20, 0x7, 0x44, 0xf6, 0xbe, 0x22, 0x4, 0x3,
    0x34, 0x83, 0xb8, 0x3, 0xff, 0x84, 0xec, 0xf,
    0x0, 0x1e, 0x63, 0x0, 0x42, 0x80, 0x7f, 0xf0,
    0x16, 0x0, 0x3, 0x20, 0x1f, 0x68, 0x80, 0x28,
    0xc0, 0x3f, 0xc7, 0x40, 0x1, 0xc1, 0x0, 0xf8,
    0x70, 0x2, 0xd2, 0x0, 0xfc, 0x5a, 0x1, 0x69,
    0x0, 0x7f, 0x15, 0x80, 0x6, 0xc0, 0x3f, 0x48,
    0x80, 0x2c, 0xc0, 0x3f, 0xe4, 0x80, 0x69, 0x0,
    0xfd, 0x66, 0x14, 0x80, 0x1f, 0xfc, 0x17, 0xa9,
    0x0, 0xff, 0x6d, 0x28, 0x7, 0xdb, 0xff, 0xf5,
    0x7f, 0xe5, 0x0, 0x27, 0xfd, 0xd5, 0xff, 0xf7,
    0x0, 0x7f, 0xfc, 0x37, 0xbb, 0xff, 0x80, 0xa0,
    0x3, 0xee, 0xff, 0xe0, 0x80, 0x8f, 0xff, 0x0,
    0x2, 0x71, 0x1f, 0xfe, 0x0, 0x7, 0xff, 0xfc,
    0x3, 0xff, 0xfe, 0x0,

    /* U+8425 "营" */
    0x0, 0xfe, 0x44, 0x84, 0x3, 0xc4, 0x88, 0x30,
    0xf, 0xfe, 0x2d, 0xdc, 0x80, 0x1e, 0xbb, 0xa0,
    0x3, 0xff, 0xb6, 0x3b, 0xbf, 0x80, 0x2b, 0xdd,
    0xf3, 0x80, 0x13, 0x77, 0xec, 0x32, 0x2f, 0xc0,
    0x10, 0x91, 0x78, 0x40, 0x22, 0x2f, 0x8c, 0x3,
    0xff, 0xa6, 0x5f, 0xff, 0x80, 0x2a, 0xff, 0xf3,
    0x0, 0x13, 0xff, 0xf0, 0x7, 0xf3, 0xb3, 0x40,
    0x1e, 0xc6, 0x66, 0x80, 0x7f, 0xa2, 0x3e, 0x1,
    0x15, 0xc4, 0x7b, 0x44, 0x5d, 0x11, 0xe7, 0x0,
    0xb, 0xbf, 0xff, 0x3e, 0x40, 0x3f, 0xfb, 0x3b,
    0xff, 0xff, 0xc8, 0x90, 0xf, 0xfe, 0xee, 0x7f,
    0xff, 0xf1, 0xb0, 0x3, 0xe6, 0x68, 0xc4, 0x3,
    0xff, 0x8e, 0xac, 0xd0, 0x0, 0x66, 0x61, 0x0,
    0x96, 0x23, 0xff, 0x80, 0x60, 0x11, 0xcc, 0xa0,
    0x3, 0xfd, 0x8e, 0xff, 0xfc, 0x4, 0x0, 0xff,
    0xe2, 0x88, 0xff, 0xf0, 0x80, 0x3f, 0xf8, 0xb1,
    0xdd, 0xff, 0xc0, 0x60, 0xf, 0xff, 0xf, 0x5d,
    0xff, 0xf1, 0xbc, 0x3, 0xfe, 0x34, 0x4f, 0xfe,
    0x31, 0x80, 0x7e, 0x19, 0x9f, 0xfe, 0x60, 0x7,
    0x89, 0x9b, 0xff, 0x98, 0x1, 0xff, 0xdd, 0xcf,
    0xff, 0xfe, 0x24, 0x80, 0x7f, 0xf0, 0x44, 0x3,
    0xff, 0xe3, 0xbf, 0xff, 0xfc, 0x49, 0x0, 0xff,
    0xf0, 0x22, 0xaf, 0xff, 0x10, 0xc0, 0x3f, 0xf8,
    0x33, 0x55, 0xff, 0xc5, 0x0, 0xf0,

    /* U+84DD "蓝" */
    0x0, 0xfd, 0x35, 0x44, 0x0, 0xf1, 0xd5, 0x40,
    0x1f, 0xfc, 0x57, 0x55, 0x10, 0x7, 0x9d, 0x56,
    0x0, 0xfe, 0xaa, 0xfc, 0x20, 0xa, 0xaf, 0xa0,
    0x2, 0xaa, 0xfc, 0xa, 0xbf, 0x80, 0x23, 0x55,
    0xf1, 0x80, 0x4a, 0xbf, 0x80, 0x3f, 0xfa, 0x97,
    0x7f, 0x84, 0x0, 0xd7, 0x7e, 0x70, 0xa, 0xef,
    0xf0, 0x22, 0x7e, 0x0, 0xbd, 0x13, 0xd8, 0x1,
    0x22, 0x7e, 0x0, 0xfe, 0xfe, 0xe3, 0x0, 0x71,
    0xb7, 0x74, 0x1, 0xff, 0x23, 0x30, 0xc0, 0x7,
    0xdc, 0xf2, 0x0, 0x87, 0x37, 0x88, 0x40, 0x3f,
    0xef, 0x99, 0x20, 0x7, 0xf9, 0xc0, 0x22, 0x0,
    0xff, 0xe7, 0x50, 0x5, 0xdf, 0xff, 0xa8, 0x3,
    0xff, 0x88, 0x86, 0x1, 0xff, 0xd1, 0xf0, 0x0,
    0x99, 0xff, 0x88, 0x3, 0xff, 0x86, 0x88, 0x0,
    0x5e, 0x70, 0xce, 0x67, 0xa0, 0x3, 0xff, 0x87,
    0x20, 0x2, 0x50, 0xe2, 0xaa, 0x8, 0x7, 0xff,
    0x1e, 0x48, 0x1, 0x0, 0x42, 0x0, 0x5f, 0x50,
    0xf, 0xfe, 0x2b, 0x30, 0x0, 0x8a, 0x5, 0xae,
    0x0, 0x1a, 0xa0, 0x7, 0xff, 0x11, 0xb4, 0xc6,
    0x80, 0x34, 0x61, 0x0, 0x4, 0x3, 0xd7, 0xfe,
    0x70, 0x1, 0x5d, 0xc4, 0x4c, 0xc0, 0x80, 0x71,
    0xeb, 0x8d, 0x0, 0x7f, 0xf0, 0x51, 0x20, 0x8,
    0x80, 0x3f, 0x47, 0x88, 0x7, 0xdf, 0xff, 0xfc,
    0xae, 0xf2, 0x0, 0xff, 0xee, 0x11, 0x9c, 0x1,
    0x11, 0x9c, 0x1, 0x19, 0xc4, 0x1, 0xff, 0xc1,
    0x8c, 0xc8, 0x80, 0x1d, 0x98, 0xe0, 0x1, 0x66,
    0x52, 0x1, 0xff, 0xff, 0x0, 0xff, 0xe6, 0xe6,
    0x40, 0x14, 0x66, 0x44, 0x0, 0xec, 0xc7, 0x0,
    0xb, 0x32, 0x90, 0xb, 0xb3, 0x2, 0x67, 0x0,
    0x44, 0x67, 0x0, 0x44, 0x67, 0x0, 0x46, 0x71,
    0x0, 0x46, 0x70, 0x7, 0xff, 0x53, 0x33, 0xff,
    0xa4, 0x20,

    /* U+8549 "蕉" */
    0x0, 0xfe, 0x89, 0x92, 0x0, 0x7d, 0x13, 0x24,
    0x0, 0xff, 0xe2, 0xb3, 0x46, 0x1, 0xf3, 0x34,
    0x60, 0x1f, 0xcd, 0x11, 0xf0, 0x80, 0x32, 0x23,
    0xe1, 0x0, 0x64, 0x47, 0xc0, 0xb, 0x77, 0xf8,
    0x2, 0x47, 0x7f, 0x80, 0x24, 0x77, 0xf8, 0x40,
    0x3f, 0xfa, 0xbd, 0x77, 0xf0, 0x80, 0x1a, 0xef,
    0xe1, 0x0, 0x35, 0xdf, 0xc2, 0x6, 0x89, 0xc0,
    0xa4, 0x57, 0xa2, 0x7, 0xa3, 0xd0, 0xc0, 0x1c,
    0x89, 0xf0, 0x7, 0xcf, 0x7c, 0x1b, 0xa6, 0x0,
    0x1a, 0x9a, 0x16, 0xff, 0x9c, 0x3, 0xff, 0x82,
    0x32, 0x0, 0x52, 0x2e, 0x50, 0xa, 0x88, 0xbf,
    0x84, 0x3, 0xeb, 0x10, 0x3, 0x6e, 0xf6, 0x0,
    0x4f, 0xbb, 0xfd, 0x40, 0x1e, 0x65, 0x0, 0xff,
    0xe8, 0xa4, 0x80, 0x57, 0x7f, 0x94, 0x0, 0x57,
    0x7f, 0xd2, 0x1, 0x8a, 0xc0, 0x32, 0xa2, 0x7c,
    0x40, 0x1, 0x44, 0xfe, 0x20, 0x8, 0xf0, 0x3,
    0xbb, 0xff, 0xe7, 0x0, 0x1f, 0xff, 0xea, 0x0,
    0x87, 0x4, 0x3, 0xff, 0x9a, 0x20, 0x10, 0x90,
    0x1, 0x80, 0x29, 0xaa, 0xf9, 0x0, 0x5, 0x55,
    0xfb, 0xc0, 0x35, 0x3, 0xd0, 0x4, 0xea, 0xbf,
    0x18, 0x0, 0x55, 0x7f, 0x20, 0x6, 0x55, 0x40,
    0x6, 0x66, 0xfc, 0x60, 0x1, 0x66, 0xfc, 0x80,
    0x18, 0xa8, 0x3, 0xa2, 0x67, 0xe4, 0x0, 0x14,
    0xcf, 0xef, 0x0, 0xff, 0x84, 0x7f, 0x0, 0x61,
    0x1f, 0xe0, 0xf, 0xfb, 0xfb, 0xbe, 0x70, 0x1,
    0xf7, 0x7e, 0xa0, 0xf, 0xfa, 0x5d, 0xfe, 0x40,
    0x0, 0xbb, 0xff, 0x8c, 0x3, 0xf9, 0xe2, 0x3e,
    0x30, 0x1, 0x44, 0x7f, 0x90, 0x3, 0xff, 0xb2,
    0x3d, 0xff, 0xff, 0xc2, 0xef, 0xfe, 0xdc, 0xff,
    0x38, 0x7, 0x67, 0x59, 0x80, 0x1a, 0x74, 0xc0,
    0x24, 0xae, 0x80, 0x8, 0xf3, 0x78, 0x3, 0xe7,
    0x10, 0x42, 0x0, 0x53, 0x15, 0x80, 0x42, 0xa2,
    0xc2, 0x0, 0x23, 0x2, 0x80, 0xf, 0x48, 0x1,
    0x84, 0x1, 0x60, 0x4, 0x0, 0x94, 0x40, 0xc,
    0x0, 0x18, 0x0, 0x39, 0x0, 0x68, 0x10, 0x5,
    0x80, 0x48, 0x0, 0x30, 0xc, 0xc0, 0xa, 0x0,
    0x9c, 0x40, 0x10, 0x1, 0x13, 0x80, 0x18, 0x80,
    0x23, 0x0, 0x90, 0x2, 0xa0, 0x1, 0x20, 0x5,
    0x0, 0x5, 0x30, 0x2, 0x0, 0x50, 0x1, 0xc4,
    0x4, 0x40, 0x8, 0x8c, 0xce, 0xe0, 0x9, 0x84,
    0x10, 0x2, 0x6f, 0x99, 0x8, 0x7, 0x7f, 0x6b,
    0x0, 0x6c, 0xc4, 0x18, 0x6, 0xde, 0xb3, 0x0,

    /* U+86CB "蛋" */
    0x1, 0x33, 0xff, 0xe8, 0x0, 0x4f, 0x99, 0xff,
    0xd0, 0x0, 0xff, 0xeb, 0x92, 0xaf, 0xff, 0x0,
    0x40, 0x4, 0xab, 0xf8, 0x80, 0x3c, 0x95, 0x58,
    0xb3, 0xaa, 0xb8, 0x80, 0x15, 0x5f, 0xc6, 0x0,
    0x80, 0xf, 0x8d, 0xe6, 0x80, 0x3f, 0xf8, 0x84,
    0x82, 0x27, 0x0, 0xf9, 0x0, 0xa, 0x1, 0xfa,
    0x3f, 0xfe, 0xd1, 0xef, 0x0, 0xfd, 0x60, 0x3,
    0x0, 0xff, 0xe2, 0xb8, 0x8, 0x7, 0xc4, 0x60,
    0x7, 0x60, 0xf, 0x9a, 0xef, 0xf7, 0x80, 0x7f,
    0x40, 0x6, 0x9c, 0x50, 0xe, 0xe4, 0x4f, 0xc6,
    0x1, 0xf9, 0x54, 0x0, 0x91, 0x3, 0xaf, 0xd3,
    0x0, 0x5d, 0x57, 0xff, 0x2, 0x40, 0x23, 0xa0,
    0x3, 0xb6, 0x20, 0x4, 0x40, 0x11, 0xaa, 0xff,
    0xf0, 0x40, 0x9, 0x80, 0x2, 0x80, 0x2b, 0xd7,
    0x41, 0x0, 0xff, 0xe2, 0x20, 0xd, 0x80, 0x7,
    0xc0, 0x31, 0x45, 0xf7, 0xf7, 0x5b, 0xbf, 0xfc,
    0x8, 0x1, 0xc0, 0x6, 0x90, 0x7, 0xe6, 0xaa,
    0x31, 0x17, 0xff, 0x0, 0x2, 0x3c, 0xc0, 0x91,
    0x7f, 0x62, 0x23, 0x8, 0xbf, 0xc0, 0x1e, 0x33,
    0x66, 0xef, 0xf2, 0x80, 0x13, 0x77, 0xfc, 0x1,
    0xff, 0xdf, 0x7a, 0xaf, 0x20, 0x0, 0xea, 0xbc,
    0xe0, 0x1f, 0xfc, 0x2d, 0x55, 0xf1, 0x0, 0x1d,
    0x57, 0xd8, 0x1, 0xff, 0xe2, 0xaf, 0xff, 0x30,
    0x1, 0x3f, 0xfd, 0x60, 0x1f, 0xfd, 0xf9, 0x77,
    0xfe, 0x30, 0x1, 0x3b, 0xf9, 0x81, 0x5c, 0x3,
    0xf3, 0xc4, 0x7f, 0x28, 0x1, 0xa2, 0x3a, 0xdc,
    0x1e, 0x40, 0x3f, 0xf9, 0xe4, 0x60, 0x58, 0x20,
    0x18, 0xdd, 0xe8, 0x8a, 0x66, 0xaa, 0x5b, 0x80,
    0x13, 0x75, 0xdd, 0x88, 0x0, 0x5a, 0x1, 0x96,
    0x22, 0x77, 0x99, 0xa5, 0x52, 0x8, 0x4, 0x44,
    0x11, 0x80, 0x38, 0xec, 0x3, 0xff, 0x8e, 0x22,
    0x22, 0x19, 0x91, 0xa, 0xa0, 0x2, 0x40, 0x1,
    0x26, 0x55, 0x4b, 0xcc, 0x6e, 0xbb, 0x9f, 0xfb,
    0xb9, 0xba, 0xcc, 0x5d, 0xaa, 0xa0, 0x49, 0x0,
    0x13, 0x31, 0x54, 0x86, 0x62, 0x20, 0x88, 0x3,
    0xff, 0x84, 0xb7, 0x61, 0x0,

    /* U+884C "行" */
    0x0, 0xfc, 0xea, 0x1, 0xff, 0xd0, 0x58, 0xa6,
    0x0, 0xff, 0xe7, 0x25, 0x0, 0x24, 0x80, 0xff,
    0xff, 0xf8, 0x76, 0x1, 0xe3, 0xb0, 0xa, 0x48,
    0x3, 0xff, 0x96, 0x78, 0x1, 0x3b, 0x0, 0x7f,
    0xf2, 0xd3, 0x0, 0x26, 0x80, 0x8, 0xa6, 0x7f,
    0xf8, 0x7e, 0x1, 0x2d, 0x80, 0x4d, 0x20, 0x18,
    0x59, 0xbf, 0xf8, 0x68, 0x0, 0x8a, 0x0, 0x9a,
    0x40, 0x3f, 0xf9, 0x8c, 0x1, 0x3c, 0x80, 0x7f,
    0xf3, 0x60, 0x1, 0x10, 0x0, 0x45, 0x88, 0x7,
    0xff, 0x25, 0x8a, 0x9c, 0x0, 0x8e, 0x9e, 0x60,
    0x1f, 0xfc, 0x9d, 0x50, 0x0, 0xd0, 0x0, 0x44,
    0x1, 0xff, 0xcd, 0xd1, 0x0, 0x51, 0x4f, 0xff,
    0xff, 0x18, 0x3, 0xa8, 0xc0, 0xc, 0xa0, 0x1f,
    0xfc, 0xc8, 0x50, 0x1, 0xc8, 0x7, 0xff, 0x31,
    0xdc, 0x1, 0x50, 0x5, 0x55, 0xfe, 0x40, 0xa,
    0xab, 0x80, 0xd, 0x0, 0x1f, 0x8d, 0x57, 0xf8,
    0x80, 0x2, 0xab, 0xc0, 0xd2, 0x1, 0xff, 0xd0,
    0x59, 0x0, 0xff, 0xe8, 0xb8, 0x5, 0x42, 0x1,
    0xff, 0xcd, 0x23, 0xa, 0x50, 0xf, 0xfe, 0x7c,
    0xda, 0x80, 0x7f, 0xf4, 0x15, 0x0, 0x3f, 0xff,
    0xe0, 0x1f, 0xff, 0x85, 0x0, 0xff, 0xe5, 0x9b,
    0x36, 0x7a, 0x30, 0x1, 0x80, 0x7f, 0xf2, 0x16,
    0x67, 0x42, 0x80, 0x4e, 0x1, 0xff, 0xc8, 0x50,
    0xf, 0xe9, 0x0, 0xff, 0xe4, 0x18, 0x7, 0x85,
    0x70, 0xc0, 0x38,

    /* U+88C5 "装" */
    0x0, 0xfe, 0xaf, 0xf2, 0x80, 0x7c, 0xbf, 0xeb,
    0x0, 0xff, 0xa7, 0x0, 0x30, 0x80, 0xc, 0x3,
    0xfc, 0xe0, 0x1f, 0xe9, 0x63, 0xc0, 0xf, 0xfe,
    0x85, 0x8, 0x1e, 0x0, 0x78, 0xdd, 0xfd, 0xe0,
    0x1, 0x77, 0xf8, 0x2, 0x3d, 0x0, 0x1e, 0x0,
    0x72, 0x44, 0x79, 0x40, 0x5, 0x11, 0xf0, 0x6,
    0x3b, 0x0, 0x1a, 0x0, 0x7f, 0xf3, 0xd2, 0x82,
    0xd0, 0x3, 0x2d, 0x57, 0x98, 0x0, 0x55, 0x5f,
    0x0, 0x79, 0x78, 0x31, 0x0, 0x22, 0x55, 0xf6,
    0x0, 0x5, 0x57, 0xe0, 0xf, 0x2e, 0x59, 0x80,
    0x7f, 0xf3, 0x9b, 0xa8, 0x80, 0x3e, 0x35, 0x5e,
    0xd0, 0x0, 0xaa, 0xf8, 0x2, 0x6e, 0x91, 0x0,
    0xb, 0x98, 0x6, 0x8a, 0xae, 0x70, 0x1, 0x55,
    0x78, 0x40, 0x6, 0x20, 0x1, 0x8e, 0x87, 0x0,
    0xff, 0xe5, 0xa8, 0x8a, 0x39, 0xc0, 0x3e, 0xf9,
    0x9f, 0xfe, 0x18, 0x80, 0x5b, 0xee, 0x1, 0xfe,
    0xf9, 0x56, 0x6f, 0xfe, 0x0, 0x6, 0x31, 0x0,
    0xe8, 0xaa, 0x20, 0x43, 0x4, 0x0, 0x7f, 0xf2,
    0xcd, 0x54, 0x41, 0x0, 0x4, 0x30, 0xf, 0xfe,
    0x14, 0xf7, 0x7f, 0xf0, 0x28, 0x2, 0xce, 0xef,
    0xfb, 0x40, 0x6, 0x23, 0xff, 0xc1, 0x0, 0xc2,
    0x3f, 0xf1, 0x80, 0x7f, 0xf5, 0xab, 0xff, 0xfa,
    0x0, 0x3c, 0xdf, 0xff, 0x55, 0x3f, 0xdc, 0x1,
    0xfe, 0x1b, 0x80, 0x0, 0xb8, 0x1, 0x90, 0x3,
    0x15, 0xd5, 0x88, 0x7, 0xfd, 0x1c, 0x80, 0x3,
    0xf8, 0x40, 0x5, 0x10, 0x2, 0x35, 0x0, 0x60,
    0x3, 0xf9, 0xf9, 0xc0, 0x26, 0xc1, 0xa, 0x10,
    0x1c, 0x7e, 0x70, 0x9, 0xe4, 0x3, 0xc3, 0x1d,
    0x2, 0x1, 0xb4, 0x2, 0x1a, 0x0, 0xc, 0x8,
    0x1, 0x76, 0x0, 0x39, 0x2f, 0x9c, 0x40, 0x2,
    0x1, 0xf9, 0x28, 0x3, 0xaa, 0x84, 0x1, 0xeb,
    0x40, 0xc, 0xfe, 0x40, 0x1f, 0x10, 0xd0, 0x6,
    0xa8, 0x20, 0xf, 0x30, 0x0, 0x5f, 0xa0, 0x40,
    0x38, 0x9f, 0x75, 0xb, 0x82, 0x1, 0x3e, 0xe3,
    0x10, 0x5, 0x65, 0x3d, 0x2, 0x1, 0xdd, 0xba,
    0x82, 0x1, 0x3, 0xe7, 0x0, 0xc7, 0x3b, 0xa0,
    0x1, 0x6b, 0x0, 0x63, 0x20, 0x2, 0x90, 0x4,
    0x2a, 0x1, 0x47, 0x30, 0x7, 0x30, 0x7, 0xf4,
    0x0, 0x71, 0x3e, 0x74, 0x0, 0x61, 0x9f, 0x93,
    0x0, 0x78, 0x7, 0xf7, 0x80, 0xa, 0x37, 0x50,
    0x60, 0x1f, 0xcd, 0x9d, 0x68, 0x1, 0xfc, 0x93,
    0xba, 0x72, 0x0, 0xff, 0xe1, 0xa, 0x0, 0x0,

    /* U+89C8 "览" */
    0x0, 0xff, 0xed, 0xa5, 0xdc, 0x1, 0xd1, 0x8e,
    0x40, 0x1f, 0xf1, 0xcc, 0xa0, 0x2, 0x24, 0x48,
    0x3, 0x94, 0xe3, 0x80, 0x3f, 0xe5, 0x66, 0x80,
    0x3f, 0xe4, 0x20, 0x5, 0x0, 0x7f, 0xf3, 0xbc,
    0x2, 0x9f, 0xff, 0xe0, 0xf, 0xfe, 0x21, 0x20,
    0x7, 0xff, 0x46, 0x40, 0x3f, 0xfa, 0x28, 0x80,
    0x3, 0x6d, 0xb6, 0xef, 0xe0, 0xf, 0xfe, 0x1c,
    0x80, 0x50, 0x50, 0xde, 0x24, 0x5e, 0x0, 0xff,
    0xe1, 0x41, 0x0, 0x20, 0x5c, 0xc0, 0xb2, 0x0,
    0x3f, 0xf8, 0xc6, 0xe0, 0x2, 0x70, 0x78, 0x0,
    0x9f, 0x4c, 0x3, 0xff, 0x88, 0x6c, 0x0, 0xe0,
    0x9, 0xf0, 0x80, 0x5, 0x8c, 0x1, 0x88, 0xcc,
    0xa0, 0x1f, 0xa6, 0xa0, 0xc0, 0x31, 0xea, 0x80,
    0x4a, 0x1, 0x93, 0x31, 0x60, 0x13, 0x7f, 0xc0,
    0x5, 0x70, 0xf, 0xaa, 0x81, 0x26, 0x1, 0xf2,
    0xaf, 0xff, 0x20, 0x21, 0x80, 0x3e, 0x1a, 0xaf,
    0xfe, 0x4c, 0x0, 0x7f, 0xf7, 0xc4, 0x8b, 0xff,
    0x84, 0x20, 0x1f, 0xfc, 0x38, 0xdd, 0xf6, 0x63,
    0x77, 0xcc, 0x1, 0xff, 0xc9, 0xce, 0xe4, 0x0,
    0x7f, 0xf3, 0xc8, 0x1, 0xc0, 0x1f, 0xfc, 0xe1,
    0x10, 0x0, 0x80, 0x3f, 0xf9, 0xc8, 0x1, 0x74,
    0x80, 0x7f, 0xf3, 0x64, 0x2, 0x56, 0x10, 0xf,
    0x95, 0xd0, 0x40, 0x3f, 0xf8, 0xa, 0x60, 0x1f,
    0xfc, 0x1f, 0x8b, 0xf0, 0xc, 0x2e, 0xf2, 0x80,
    0xe, 0x80, 0x3f, 0xd5, 0x77, 0x0, 0x46, 0x1,
    0xd1, 0x11, 0x83, 0xe0, 0x4, 0x80, 0x1f, 0x12,
    0x24, 0x20, 0x1, 0x0, 0xfc, 0xdb, 0x0, 0x12,
    0x40, 0x4, 0x60, 0x1f, 0x38, 0x1, 0xc0, 0x31,
    0x35, 0xfc, 0x90, 0x4, 0xd6, 0x20, 0x14, 0x19,
    0x16, 0x36, 0x30, 0x1, 0x3, 0x5f, 0x6c, 0xa0,
    0x6, 0x1a, 0x90, 0x20, 0x9, 0x73, 0x77, 0x64,
    0x80, 0x5e, 0x18, 0x82, 0x1, 0xc5, 0x3c, 0xa0,
    0x13, 0x0, 0x7f, 0xf0, 0x5, 0xc3, 0xc0, 0x31,
    0x3e, 0x6b, 0x0, 0x74, 0xb9, 0x0, 0x7e, 0x25,
    0xc1, 0x4, 0x14, 0x8d, 0xd4, 0x18, 0x7, 0xe8,
    0xdf, 0xff, 0xdb, 0x44, 0x0, 0x1e, 0xb7, 0x20,
    0xf, 0xfe, 0x70,

    /* U+89E3 "解" */
    0x0, 0xe1, 0xa6, 0x20, 0xf, 0xfe, 0x7c, 0x2c,
    0xc8, 0x3, 0xf0, 0x8f, 0xff, 0x4, 0x3, 0x85,
    0x80, 0x1c, 0x1, 0xf3, 0x77, 0x7f, 0xf0, 0x30,
    0x3, 0xa0, 0x2, 0xaf, 0xfe, 0x30, 0xf, 0xfe,
    0x13, 0x0, 0x63, 0x60, 0xf, 0xf8, 0x8c, 0xc4,
    0x0, 0x23, 0x38, 0x80, 0x2, 0x1, 0xbc, 0x0,
    0x48, 0x91, 0x0, 0x44, 0x9, 0x98, 0x40, 0x4,
    0x66, 0x56, 0x0, 0x30, 0xa, 0xc, 0x1, 0xf7,
    0x70, 0x5, 0x22, 0x1, 0x9c, 0x0, 0xe0, 0x10,
    0x80, 0x4, 0x0, 0x6e, 0x0, 0x82, 0x0, 0x51,
    0x2, 0xb0, 0x6, 0x51, 0x2, 0x20, 0x5, 0xc0,
    0xf, 0x2, 0xd0, 0x0, 0x9a, 0x22, 0x14, 0x1,
    0xe8, 0x80, 0x0, 0xd8, 0x2, 0x0, 0x23, 0x70,
    0x0, 0x83, 0x88, 0x0, 0x6e, 0xe7, 0x0, 0xaa,
    0xec, 0x22, 0xc1, 0x3, 0x5f, 0xfb, 0x4, 0x0,
    0xa0, 0xa8, 0x1, 0xff, 0xc1, 0x4f, 0x20, 0x1d,
    0x3, 0x0, 0xe3, 0x30, 0x2, 0x88, 0x1, 0x12,
    0x80, 0x8, 0x94, 0x0, 0x30, 0x0, 0xb0, 0x42,
    0xcc, 0xe4, 0x8d, 0x0, 0x85, 0xc0, 0xc, 0xc3,
    0x0, 0x33, 0xc, 0x0, 0x5a, 0x92, 0x40, 0x3,
    0x66, 0x4d, 0xb8, 0x80, 0x7f, 0xf1, 0x8e, 0xaf,
    0xdc, 0xd, 0x55, 0xa0, 0x1f, 0xe4, 0x52, 0x0,
    0x22, 0x98, 0x6, 0x50, 0xf, 0xfe, 0x35, 0x51,
    0x40, 0x15, 0x44, 0x0, 0xda, 0x0, 0x21, 0x0,
    0x84, 0x78, 0x3, 0xff, 0x8c, 0xe0, 0xa, 0xe8,
    0x0, 0x37, 0x76, 0x30, 0xe, 0x56, 0x30, 0x2,
    0xb1, 0x0, 0x46, 0x20, 0x1f, 0xfc, 0x6b, 0x94,
    0x0, 0x5c, 0xa8, 0x5, 0x40, 0x1, 0x22, 0x8,
    0x0, 0x48, 0xb0, 0x4, 0x20, 0x1f, 0xfc, 0x17,
    0x0, 0x7e, 0xea, 0x40, 0xd, 0xbb, 0x8c, 0x3,
    0x99, 0xcc, 0x0, 0xce, 0x60, 0x4, 0x10, 0x61,
    0x0, 0xff, 0xe2, 0x44, 0x10, 0x1, 0x10, 0x40,
    0x2, 0x7d, 0x58, 0x7, 0xff, 0x9, 0xc0, 0x3f,
    0xf8, 0x37, 0xd3, 0x77, 0x50, 0x1, 0x6e, 0xf5,
    0x0, 0x8, 0x7, 0xfc, 0xe0, 0xe, 0xf7, 0x0,
    0x91, 0x3c, 0x40, 0x2, 0x44, 0xe0, 0x0, 0x81,
    0x0, 0x7f, 0xf3, 0xcc, 0x0, 0xc0, 0x1f, 0xf6,
    0x5d, 0xf3, 0x0, 0x16, 0xef, 0x68, 0x28, 0x3,
    0x40, 0x3f, 0xe3, 0x44, 0xee, 0x0, 0x12, 0x26,
    0x30, 0xd0, 0x2, 0x0, 0x7c, 0x20, 0x1f, 0xfc,
    0x62, 0x40, 0x13, 0x0, 0x63, 0x1e, 0xe3, 0x0,
    0x4, 0x3, 0xff, 0x87, 0x40, 0x6, 0x0, 0x92,
    0x64, 0x66, 0x0, 0x8, 0x7, 0xff, 0x12, 0x5c,
    0x64, 0x3, 0x9c, 0x2, 0x2a, 0x0, 0xff, 0xe2,
    0xc, 0x70, 0x80, 0x71, 0x7f, 0xda, 0x80, 0x1f,
    0x3f, 0xfa, 0x0, 0x38,

    /* U+89E6 "触" */
    0x0, 0xff, 0xec, 0xaf, 0xec, 0x0, 0x7f, 0xf0,
    0x7b, 0x98, 0x1, 0xff, 0xc0, 0x90, 0x20, 0xf,
    0xfe, 0x10, 0x8c, 0x1, 0xff, 0x19, 0x80, 0x16,
    0x23, 0x80, 0x3f, 0xf9, 0x70, 0x1, 0x67, 0x76,
    0xf0, 0xf, 0xfe, 0x4a, 0x20, 0x3, 0xff, 0xa5,
    0x20, 0x3, 0x55, 0x88, 0x0, 0x20, 0x10, 0x8f,
    0x0, 0x42, 0x38, 0x3, 0xa0, 0x80, 0x76, 0xa9,
    0x66, 0x0, 0xb0, 0x0, 0xf7, 0x70, 0x0, 0xbb,
    0xb5, 0x80, 0x48, 0xe0, 0xb, 0x10, 0x6, 0x88,
    0x32, 0x80, 0x7f, 0xf1, 0x86, 0x80, 0x2f, 0xaa,
    0x61, 0x80, 0xa, 0xa4, 0x3, 0x9, 0x98, 0x2,
    0x33, 0x0, 0x70, 0x80, 0x65, 0x58, 0xc0, 0x24,
    0x57, 0x0, 0xcf, 0x98, 0x20, 0x4c, 0xc0, 0x7,
    0xac, 0x3, 0xff, 0xa6, 0xaa, 0x0, 0x6f, 0xb8,
    0xf, 0xf9, 0x80, 0x3f, 0xf9, 0x3a, 0x1, 0xff,
    0xf6, 0x89, 0x40, 0x19, 0x92, 0x0, 0x7f, 0xf3,
    0x15, 0x8c, 0x0, 0xcc, 0x20, 0xf, 0xfe, 0xd3,
    0xdd, 0x88, 0x16, 0xec, 0x1, 0xfe, 0xdf, 0x70,
    0x1f, 0xf3, 0x0, 0x78, 0x51, 0x0, 0x1, 0x44,
    0x0, 0x7f, 0xfa, 0x46, 0xab, 0x48, 0x0, 0x6a,
    0xb7, 0x80, 0x7d, 0x12, 0x80, 0x33, 0x24, 0x0,
    0xca, 0xb9, 0xc0, 0x6, 0xab, 0x90, 0x3, 0x78,
    0x1, 0x58, 0xc0, 0xc, 0xc2, 0x0, 0xff, 0xe0,
    0xae, 0x48, 0x7, 0x8, 0x7, 0xff, 0x2e, 0x4d,
    0xc0, 0x38, 0x80, 0x1f, 0xe7, 0x1, 0xff, 0x30,
    0x7, 0xff, 0x5, 0x0, 0x4c, 0x3, 0x38, 0x8,
    0x7, 0xff, 0x26, 0xc0, 0x16, 0x1, 0x8c, 0x8,
    0x3, 0xff, 0x90, 0x20, 0x12, 0x80, 0x46, 0x0,
    0x50, 0xf, 0xf9, 0x5a, 0x26, 0xb4, 0x0, 0x5d,
    0x80, 0x2, 0x30, 0x5, 0x80, 0x3c, 0x3, 0xe3,
    0x0, 0xae, 0x5d, 0x94, 0xc0, 0x3f, 0x58, 0x1,
    0x40, 0x8, 0x0, 0xc7, 0x2b, 0xb2, 0x80, 0x46,
    0x1, 0xfc, 0x26, 0x20, 0xa0, 0x64, 0x4, 0x40,
    0x2, 0x45, 0x22, 0x0, 0xa, 0xc, 0x26, 0xaf,
    0x15, 0x9d, 0xfd, 0x8e, 0x4, 0x43, 0x80, 0xa0,
    0xe, 0x50, 0x8, 0xe0, 0x2f, 0xb2, 0xa1, 0xd4,
    0xc4, 0x2, 0xd0, 0x2, 0x3, 0xe3, 0x0, 0x71,
    0xff, 0xd8, 0x60, 0x1f, 0xfc, 0x14, 0x7c, 0x60,

    /* U+8BA1 "计" */
    0x0, 0xff, 0xec, 0x1e, 0x98, 0x7, 0xff, 0x2,
    0x7f, 0xdc, 0x1, 0xff, 0xc0, 0x5c, 0x2d, 0x10,
    0xf, 0xfe, 0x7e, 0x0, 0x7, 0x40, 0x3f, 0xf9,
    0xf2, 0x60, 0x3, 0x80, 0xf, 0xfe, 0x7f, 0x8,
    0x1, 0xd4, 0x3, 0xff, 0x9c, 0x56, 0x1, 0x59,
    0x0, 0x7f, 0xf3, 0x95, 0x80, 0x3, 0x0, 0x1f,
    0xfc, 0xf9, 0x30, 0x4a, 0x0, 0xff, 0xe8, 0x74,
    0x58, 0x7, 0xff, 0x44, 0x9c, 0x3, 0xff, 0x98,
    0x45, 0xf0, 0x7, 0xff, 0x30, 0x77, 0x7e, 0x20,
    0x3, 0x3b, 0xfc, 0xa0, 0x1, 0x77, 0xfc, 0x1,
    0xff, 0xc0, 0x98, 0x8f, 0x8c, 0x2, 0x88, 0xfc,
    0x40, 0x1f, 0xfd, 0x41, 0xaa, 0x9c, 0x3, 0xc2,
    0x1, 0xff, 0xc7, 0x30, 0x55, 0xb4, 0x3, 0xdd,
    0xff, 0xf3, 0x0, 0x7, 0xff, 0xf0, 0x80, 0x7f,
    0xff, 0xc0, 0x3f, 0xff, 0xe0, 0x1f, 0xfc, 0x92,
    0xd1, 0x0, 0xff, 0xe8, 0x2e, 0x93, 0x80, 0x7f,
    0xf3, 0xe6, 0x80, 0x14, 0x1, 0xff, 0xce, 0xc6,
    0x0, 0xac, 0x3, 0xff, 0x9c, 0x20, 0x2, 0xc7,
    0x0, 0xff, 0xe5, 0x18, 0x7, 0x2e, 0x98, 0x7,
    0xff, 0x2e, 0x0, 0x34, 0xd0, 0x7, 0xff, 0x35,
    0xc0, 0x7, 0xac, 0x1, 0xff, 0xce, 0x93, 0x7c,
    0x20, 0xf, 0xfe, 0x86, 0x40, 0x7, 0xff, 0x34,

    /* U+8BA4 "认" */
    0x0, 0x89, 0x80, 0x3f, 0xf8, 0xb, 0x32, 0x70,
    0xf, 0xfe, 0x1, 0xe4, 0xa8, 0x7, 0xfd, 0x8c,
    0xc9, 0x0, 0xff, 0xe0, 0x68, 0x85, 0x18, 0x7,
    0xff, 0x3a, 0x80, 0x2d, 0x10, 0xf, 0xfe, 0x6a,
    0x40, 0x0, 0x70, 0x3, 0xff, 0x9c, 0xea, 0x0,
    0x2b, 0x0, 0xff, 0x8c, 0x3, 0xff, 0x85, 0x44,
    0x0, 0x45, 0x0, 0xff, 0xe7, 0x78, 0x84, 0x28,
    0x7, 0xc6, 0x0, 0x20, 0xf, 0xfe, 0x19, 0x55,
    0x1c, 0x3, 0xf0, 0x80, 0x7f, 0xf1, 0xd1, 0x40,
    0x3f, 0x9c, 0x2, 0x20, 0xf, 0xe2, 0x33, 0xe2,
    0x0, 0xff, 0x8, 0x4, 0xc0, 0x1f, 0xdb, 0x99,
    0xe0, 0xf, 0xf1, 0x0, 0x46, 0x1, 0xff, 0xcd,
    0x10, 0xd, 0xa0, 0x1f, 0xfc, 0xd5, 0x0, 0xce,
    0x1, 0xfd, 0x99, 0x38, 0x7, 0xff, 0x0, 0xc0,
    0x31, 0x8, 0x7, 0xe3, 0x3b, 0xc0, 0x3f, 0xf8,
    0x18, 0x1, 0xc8, 0x1, 0xff, 0xcc, 0x40, 0xe,
    0xf0, 0xf, 0xfe, 0x59, 0x80, 0x4e, 0x0, 0x51,
    0x0, 0xff, 0xe5, 0x50, 0x5, 0x22, 0x0, 0x70,
    0xf, 0xfe, 0x28, 0x80, 0x67, 0x0, 0x20, 0xb0,
    0x2, 0xc0, 0x3f, 0xf8, 0x93, 0x20, 0x9, 0x84,
    0x1, 0xc1, 0x60, 0x2, 0x50, 0xf, 0xfe, 0x14,
    0xb2, 0x80, 0x56, 0x0, 0x25, 0x3, 0x30, 0x2,
    0x0, 0x3f, 0xf8, 0x32, 0xc0, 0x46, 0xe, 0x40,
    0xb, 0x0, 0xa0, 0x0, 0x4e, 0x1, 0xff, 0xb,
    0x0, 0x8, 0xa8, 0x0, 0x13, 0x0, 0x48, 0x60,
    0x8, 0x20, 0xf, 0xfe, 0x9, 0xe0, 0xf0, 0x5,
    0x0, 0x1d, 0x0, 0x17, 0x80, 0x7d, 0xe0, 0x18,
    0xf0, 0x64, 0xc0, 0xa, 0xa0, 0xe, 0x44, 0x0,
    0xa, 0xc0, 0x3c, 0xa0, 0x12, 0x60, 0x3b, 0x0,
    0x6, 0xc0, 0x3e, 0xa1, 0x0, 0x24, 0x80, 0x70,
    0x80, 0x12, 0xc1, 0xe0, 0x2, 0xd1, 0x0, 0xf8,
    0x6c, 0x2, 0x6a, 0x0, 0xd8, 0x6b, 0x60, 0xd0,
    0x1, 0x49, 0x80, 0x7f, 0x2b, 0x80, 0x48, 0x1,
    0xd9, 0x40, 0x7, 0x10, 0x3, 0xb0, 0x7, 0xfd,
    0x8, 0x0, 0xd0, 0xf, 0xe1, 0xa0, 0x68, 0x0,
    0xff, 0xe0, 0xd9, 0xc1, 0x80, 0x7f, 0x92, 0xe4,
    0x3, 0xff, 0x87, 0x8e, 0x0,

    /* U+8BB0 "记" */
    0x0, 0xc6, 0x1, 0xff, 0xd0, 0x1b, 0xc3, 0x0,
    0xff, 0xe7, 0xf, 0xa0, 0x68, 0x80, 0x64, 0xff,
    0xff, 0xe2, 0x10, 0x4, 0x2c, 0x0, 0x1a, 0x0,
    0xff, 0xe7, 0x41, 0x80, 0x12, 0x0, 0x3f, 0xf9,
    0xda, 0x20, 0x7, 0x40, 0x3, 0x44, 0x7f, 0xf0,
    0x18, 0x3, 0xf8, 0x68, 0x2, 0xa0, 0x1, 0x3b,
    0xff, 0xf0, 0x2c, 0x3, 0xfc, 0x8e, 0x0, 0x90,
    0xf, 0xfe, 0x7c, 0x1d, 0x38, 0x7, 0xff, 0x43,
    0x14, 0x3, 0xff, 0x96, 0x24, 0x5e, 0x0, 0xff,
    0xe6, 0x66, 0xef, 0x60, 0x7, 0xff, 0x61, 0x15,
    0x7f, 0xe4, 0x0, 0xff, 0xe3, 0x55, 0x7f, 0xf0,
    0x24, 0x3, 0xdf, 0x98, 0x70, 0xf, 0xfe, 0x79,
    0x19, 0xb8, 0x3, 0xff, 0xbd, 0x5f, 0xff, 0xfc,
    0x2, 0x0, 0xff, 0xff, 0x80, 0x7f, 0xff, 0xc0,
    0x9, 0xf9, 0x0, 0x1f, 0xe5, 0x40, 0xf, 0xfe,
    0x18, 0x81, 0xb8, 0x7, 0xf3, 0x56, 0x0, 0x7f,
    0xf3, 0xde, 0x41, 0x0, 0x3f, 0xf8, 0x66, 0x1,
    0xfe, 0x18, 0x0, 0x18, 0x7, 0xff, 0xc, 0x40,
    0x2, 0x1, 0xfe, 0x1c, 0x0, 0xda, 0x1, 0xfe,
    0xe0, 0x1, 0x80, 0x6f, 0x0, 0xc5, 0x86, 0x6,
    0x0, 0x77, 0x2a, 0x27, 0x95, 0xd8, 0x0, 0xc0,
    0x19, 0xc0, 0x24, 0xc2, 0x0, 0x38, 0x5, 0x15,
    0x77, 0xea, 0x80, 0x8, 0xc0, 0x35, 0x0, 0x1a,
    0xc4, 0x2, 0xe0, 0xf, 0xfe, 0x25, 0x80, 0x64,
    0x98, 0x90, 0xe, 0x4b, 0x41, 0x0, 0xff, 0x9,
    0xd9, 0x80,

    /* U+8BC1 "证" */
    0x0, 0xc4, 0x1, 0xff, 0xd1, 0x7d, 0x80, 0xf,
    0xfe, 0x7c, 0xc0, 0x3a, 0x80, 0x6f, 0xff, 0xfe,
    0x3b, 0x0, 0x2c, 0x2, 0xa2, 0x0, 0x8, 0x7,
    0xff, 0x1c, 0x40, 0x5, 0x40, 0x17, 0x80, 0x7f,
    0xf3, 0x95, 0x80, 0x5, 0x40, 0x2e, 0xff, 0xc0,
    0x11, 0xbb, 0xf9, 0x0, 0x34, 0x90, 0x1, 0x4,
    0x22, 0x3f, 0x80, 0x24, 0x88, 0xf1, 0x80, 0x77,
    0x82, 0x78, 0x80, 0x7f, 0xf3, 0x8b, 0x2c, 0x40,
    0x3f, 0xfa, 0x6, 0x1, 0xff, 0xcd, 0x77, 0xf0,
    0x80, 0x67, 0xff, 0x60, 0x7, 0xff, 0xc, 0x62,
    0x3c, 0xa0, 0x1b, 0xc0, 0x2, 0x1, 0xff, 0xf9,
    0x24, 0x4e, 0x30, 0x1f, 0xf7, 0x0, 0x7f, 0xf1,
    0xd6, 0xef, 0xbc, 0x3, 0xff, 0xfe, 0x1, 0xff,
    0x2e, 0x67, 0x70, 0x7, 0xff, 0x30, 0x8c, 0xf8,
    0x80, 0x3f, 0xff, 0x8c, 0x20, 0x1f, 0xfd, 0x6,
    0x97, 0x0, 0xff, 0xe7, 0xfc, 0x86, 0x0, 0x7f,
    0xf3, 0xd0, 0x0, 0xe0, 0x1f, 0xfd, 0x11, 0xf0,
    0xf, 0xfe, 0x5b, 0x80, 0x62, 0x94, 0x63, 0x0,
    0x1b, 0x36, 0x0, 0x8d, 0x9b, 0xca, 0x1, 0x78,
    0x4, 0x79, 0x33, 0x20, 0x0, 0x66, 0x70, 0x4,
    0x93, 0x3e, 0xa0, 0xa, 0x4c, 0xf, 0x4, 0x3,
    0xff, 0x9d, 0xcb, 0x80, 0x3, 0x0, 0xff, 0xe4,
    0x8,

    /* U+8BC6 "识" */
    0x0, 0xff, 0xeb, 0xa6, 0x88, 0x7, 0xff, 0x41,
    0x6c, 0xa8, 0x3, 0xca, 0xcd, 0xff, 0xc3, 0x50,
    0xe, 0x20, 0x2, 0x48, 0x7, 0x5c, 0xcf, 0xff,
    0xe, 0xc0, 0x39, 0xd4, 0x0, 0xca, 0x1, 0xff,
    0xcf, 0xa2, 0x0, 0x51, 0x80, 0x78, 0x48, 0xbf,
    0x84, 0x3, 0xfd, 0xe0, 0x16, 0x80, 0x7a, 0xf7,
    0x7f, 0xac, 0x3, 0xfc, 0x54, 0x0, 0x60, 0xf,
    0xfe, 0x82, 0xb4, 0xc0, 0x7, 0xff, 0x46, 0x58,
    0x3, 0xff, 0xd8, 0x3d, 0xde, 0x40, 0xf, 0xfe,
    0x61, 0x88, 0xf8, 0x3, 0xff, 0xda, 0x57, 0x70,
    0x7, 0xff, 0x45, 0x12, 0x10, 0xf, 0xf5, 0x7f,
    0xff, 0x50, 0x7, 0xff, 0xfc, 0x3, 0xec, 0xdd,
    0xff, 0xe1, 0xe0, 0x7, 0xff, 0xc, 0x8a, 0x32,
    0x2f, 0xc0, 0x45, 0x80, 0x3f, 0xf8, 0xd5, 0xc8,
    0x1, 0xcf, 0xac, 0x1, 0xff, 0xc3, 0x57, 0x0,
    0x95, 0x6, 0xdc, 0x2, 0xa8, 0x9, 0x30, 0xf,
    0xfe, 0xb, 0x55, 0x80, 0x6, 0xc0, 0x24, 0x0,
    0xbc, 0x2, 0xe0, 0xf, 0xfe, 0x7, 0xc8, 0x18,
    0x85, 0x88, 0x1, 0x8c, 0x2, 0x55, 0x0, 0xa,
    0x80, 0x3f, 0xe4, 0x0, 0x10, 0x2a, 0x80, 0x5,
    0x20, 0x1d, 0x44, 0x0, 0x55, 0x0, 0x7c, 0x20,
    0x18, 0xf0, 0xa8, 0x2, 0xe0, 0xf, 0xb8, 0x2,
    0xa2, 0x0, 0xe3, 0x0, 0xc7, 0x81, 0xa0, 0x14,
    0x18, 0x7, 0xc7, 0x0, 0x17, 0x0, 0x75, 0x0,
    0x49, 0x81, 0xa2, 0x0, 0x47, 0x0, 0xfe, 0x73,
    0x0, 0x1c, 0x0, 0x69, 0x30, 0x5b, 0xc, 0x30,
    0x1, 0x50, 0x7, 0xfd, 0xc0, 0x13, 0x98, 0x6,
    0xd8, 0xa0, 0x11, 0x0, 0x5e, 0x20, 0x1f, 0xf1,
    0x40, 0x4, 0xe0, 0x18, 0x5c, 0x0, 0x38, 0x61,
    0x64, 0x1, 0xff, 0xc1, 0x72, 0x26, 0xa0, 0x7,
    0xf0, 0xe5, 0xa0, 0x7, 0xff, 0xf, 0xf4, 0x80,

    /* U+8BD5 "试" */
    0x0, 0xc2, 0x1, 0xff, 0xc3, 0x7c, 0xc4, 0x80,
    0x10, 0x3, 0xf5, 0x78, 0x80, 0x7f, 0xf0, 0xb8,
    0xcc, 0xa0, 0xd7, 0x20, 0x1e, 0xc5, 0x1d, 0x0,
    0xff, 0xe3, 0xc, 0x83, 0x48, 0x7, 0x30, 0x0,
    0xe8, 0x3, 0xff, 0x8a, 0x34, 0x0, 0x6a, 0x0,
    0xd4, 0x40, 0x5, 0x70, 0xf, 0xfe, 0x0, 0x80,
    0x4, 0x16, 0xc0, 0xa, 0x60, 0x1b, 0xc4, 0x1,
    0x8, 0x1, 0xff, 0xc5, 0x4b, 0xa, 0x30, 0xc,
    0x54, 0x1, 0x40, 0x33, 0x7f, 0x8c, 0x0, 0x6c,
    0xd1, 0x39, 0xa8, 0x7, 0x23, 0x82, 0x68, 0xcc,
    0xff, 0x90, 0x0, 0x33, 0x39, 0xe6, 0xc0, 0x3d,
    0x10, 0xb1, 0x0, 0xff, 0xe8, 0xb8, 0x4, 0x45,
    0xfe, 0x10, 0x8, 0x8b, 0xca, 0x1, 0xfe, 0x1d,
    0xdf, 0xf5, 0x0, 0x5b, 0xbe, 0xb0, 0x1f, 0xff,
    0x10, 0x7, 0xff, 0x1, 0xc0, 0x3f, 0xfa, 0x62,
    0x1, 0x8, 0x7, 0xff, 0x3c, 0xc0, 0x23, 0x0,
    0xf8, 0x73, 0x16, 0x1, 0xeb, 0xff, 0xfe, 0x10,
    0x8, 0x40, 0x3f, 0x19, 0x94, 0x3, 0xff, 0x90,
    0xe0, 0x1f, 0xfd, 0x1, 0x0, 0x8, 0x7, 0xff,
    0x16, 0xb7, 0x50, 0x0, 0x3d, 0xd8, 0x8, 0x0,
    0x60, 0x1f, 0xfc, 0x51, 0x22, 0x8, 0x4, 0x45,
    0x3, 0x0, 0x38, 0x3, 0xff, 0xa0, 0x60, 0x2,
    0x0, 0xff, 0xe8, 0x70, 0x1, 0x80, 0x3f, 0xf8,
    0x63, 0x82, 0x1, 0xfe, 0x30, 0x1, 0x0, 0x42,
    0x80, 0x1f, 0xed, 0x39, 0x0, 0xff, 0x30, 0x0,
    0x48, 0x0, 0x97, 0xc6, 0x1, 0xf4, 0x98, 0x38,
    0x7, 0xf8, 0x80, 0x27, 0x0, 0x10, 0xb, 0x80,
    0x7c, 0x80, 0x9, 0x0, 0xf1, 0x2c, 0x48, 0x20,
    0x3, 0xc0, 0x1c, 0x0, 0x50, 0x8, 0xc0, 0x3a,
    0x18, 0x4f, 0x0, 0x7, 0xb4, 0xe8, 0x18, 0x0,
    0x51, 0x5, 0x1, 0x10, 0x4, 0xc0, 0x19, 0x93,
    0xb9, 0x8a, 0x1, 0xe3, 0x5, 0x0, 0xa0, 0xcc,
    0x8, 0x1, 0xbc, 0x2, 0x59, 0x11, 0x0, 0x7c,
    0x4b, 0x20, 0x46, 0x0, 0x6c, 0x0, 0x60, 0x6,
    0xe0, 0x2, 0x50, 0x10, 0x4, 0x6d, 0x39, 0xfb,
    0x4e, 0x0, 0xf0, 0xf, 0x38, 0x6, 0x57, 0x3b,
    0x0, 0xab, 0x7f, 0x25, 0x8c, 0x3, 0xc6, 0xe0,
    0x19, 0x44, 0x3, 0xa3, 0x0, 0x32, 0x90, 0x7,
    0xff, 0x2, 0x20, 0x20, 0xb6, 0x0,

    /* U+8BEF "误" */
    0x0, 0xff, 0xeb, 0x96, 0xb0, 0x7, 0x88, 0xbf,
    0xf8, 0xa0, 0x1c, 0x78, 0x52, 0x80, 0x19, 0xb7,
    0x7f, 0xf8, 0xa0, 0x1c, 0xe2, 0x0, 0xb3, 0x0,
    0xff, 0xe7, 0x25, 0x0, 0x5a, 0x40, 0x1e, 0x22,
    0xff, 0x8, 0x7, 0xf2, 0xc0, 0x0, 0x7c, 0x40,
    0x31, 0x6e, 0xff, 0xa4, 0x3, 0xfc, 0xea, 0x0,
    0x61, 0x0, 0xff, 0xe7, 0xd1, 0x25, 0x80, 0x7f,
    0xf4, 0x72, 0xc0, 0x3c, 0x5d, 0xdf, 0xe9, 0x0,
    0xff, 0xe0, 0x8, 0x7, 0xe1, 0x1f, 0xf8, 0x3,
    0xc2, 0x89, 0xe0, 0xf, 0xfe, 0x6a, 0xdd, 0xf8,
    0x40, 0x26, 0xff, 0xff, 0xe2, 0x80, 0x7f, 0xf8,
    0x44, 0xcf, 0xff, 0x8c, 0x40, 0x5, 0xbb, 0x80,
    0x3d, 0x39, 0x9f, 0xfc, 0x6d, 0x0, 0xa, 0x21,
    0x40, 0x3f, 0xfb, 0x5c, 0x67, 0xf0, 0x80, 0x4,
    0xcf, 0xf0, 0x7, 0xff, 0x1, 0xb3, 0x3e, 0x60,
    0x2, 0x66, 0x7e, 0x0, 0xff, 0xe4, 0x8, 0x7,
    0xff, 0x2c, 0xcf, 0xf1, 0x0, 0x4, 0xcf, 0xf1,
    0x0, 0x7f, 0x93, 0x33, 0xf2, 0x0, 0x13, 0x33,
    0xf8, 0x3, 0xff, 0xbc, 0xe6, 0x7f, 0x10, 0x6,
    0x13, 0x3f, 0x94, 0x3, 0xf8, 0xfb, 0x73, 0x3c,
    0xc0, 0x1d, 0xb9, 0x9e, 0xb0, 0xf, 0xcd, 0x84,
    0xe0, 0x1c, 0xa8, 0x1, 0x87, 0x40, 0x3f, 0xf8,
    0x70, 0x0, 0xc0, 0xc, 0xd4, 0x0, 0x17, 0x0,
    0x1e, 0x8, 0x7, 0xf1, 0x80, 0x71, 0x40, 0x0,
    0xaa, 0x40, 0x2a, 0x85, 0x0, 0x1f, 0xb0, 0x7,
    0xea, 0x0, 0xc9, 0xa4, 0x95, 0xaa, 0x1, 0x52,
    0x5, 0x20, 0x0, 0x67, 0x9c, 0x80, 0x38, 0x40,
    0x27, 0xb9, 0xeb, 0x50, 0x8, 0xb1, 0x40, 0x2b,
    0x70, 0x8, 0x63, 0x78, 0x40, 0x29, 0x30, 0xb8,
    0x0, 0x8, 0x6, 0x8d, 0x30, 0xe, 0x8c, 0x30,
    0xc, 0xa2, 0x1, 0xb7, 0x48, 0x0, 0xb0, 0x0,
    0xc7, 0x38, 0x7, 0xe3, 0xcb, 0x40, 0x7, 0x80,
    0x70, 0x90, 0x4, 0x51, 0x7c, 0xe2, 0x1, 0xff,
    0x25, 0xf5, 0x20, 0x0,

    /* U+8BF4 "说" */
    0x0, 0xff, 0xec, 0x18, 0x7, 0xe6, 0xe2, 0x0,
    0xfc, 0xf0, 0x20, 0x1f, 0xa7, 0x20, 0x3, 0xd9,
    0x23, 0xc0, 0x1f, 0x14, 0x3f, 0x38, 0x7, 0xad,
    0x81, 0xd0, 0x3, 0xa4, 0x0, 0x6e, 0x1, 0xe9,
    0x0, 0x8c, 0x3, 0xd0, 0x1, 0x50, 0x80, 0x65,
    0x40, 0x4, 0x18, 0x6, 0x54, 0x0, 0x32, 0x0,
    0x78, 0xe0, 0x0, 0x3a, 0x1, 0xd4, 0x1, 0x70,
    0x6, 0xb0, 0x0, 0xc8, 0x7, 0xe7, 0x40, 0x1,
    0xc0, 0x6, 0x18, 0x0, 0x88, 0x1, 0x22, 0x0,
    0xa0, 0xf, 0xf5, 0x8, 0x1, 0x40, 0x4, 0x66,
    0x41, 0x6e, 0x13, 0x56, 0x0, 0x23, 0x99, 0x88,
    0x3, 0xe1, 0xa0, 0x5d, 0x0, 0x66, 0x61, 0x6c,
    0xca, 0x80, 0x24, 0xcc, 0xc0, 0x1f, 0x93, 0x28,
    0x3, 0xff, 0xa4, 0x60, 0x1f, 0x84, 0x7f, 0xc0,
    0x1f, 0x8c, 0xfc, 0x1, 0xf5, 0x77, 0x7f, 0xa8,
    0x3, 0xc5, 0x99, 0xe4, 0x0, 0xff, 0xff, 0x80,
    0x7f, 0xf0, 0x4b, 0x32, 0x0, 0xff, 0xe8, 0x99,
    0xc0, 0x1f, 0xfd, 0xea, 0xff, 0xff, 0x50, 0x7,
    0xff, 0xfc, 0x3, 0xdf, 0xdc, 0x80, 0x0, 0xf7,
    0x42, 0x0, 0x8e, 0xeb, 0xc0, 0x3f, 0xf8, 0x42,
    0x37, 0x80, 0x8, 0x46, 0x0, 0x84, 0x78, 0x3,
    0xff, 0x80, 0x48, 0x1, 0x10, 0x1, 0x80, 0x3f,
    0xf9, 0x47, 0x9a, 0x1, 0x38, 0x0, 0x80, 0x3f,
    0xcd, 0x90, 0x40, 0x1f, 0x66, 0x5, 0x0, 0x2,
    0x40, 0xc, 0x0, 0xff, 0x9, 0xbb, 0x80, 0x3e,
    0x70, 0x1, 0x0, 0x18, 0x2, 0x40, 0xf, 0xfe,
    0x65, 0x0, 0xc0, 0x1, 0x40, 0x3f, 0xf8, 0x42,
    0x1, 0x18, 0x6, 0x1c, 0x50, 0xc0, 0xa, 0x0,
    0x3e, 0x10, 0xb, 0xc0, 0x3d, 0x20, 0x11, 0x61,
    0x8e, 0x10, 0x1, 0xc8, 0x3, 0xec, 0x33, 0x22,
    0x80, 0x1c, 0x2, 0xb1, 0x3, 0xc2, 0x5f, 0x30,
    0x2, 0x40, 0x7, 0x18, 0x1, 0x33, 0x16, 0x40,
    0x1, 0x0, 0x87, 0x1b, 0x5, 0x28, 0x40, 0x9,
    0x60, 0x1e, 0x40, 0xf, 0xc4, 0x40, 0xc, 0x52,
    0x0, 0x45, 0x0, 0x35, 0x80, 0x7d, 0x2a, 0x20,
    0x18, 0x53, 0xc0, 0x3f, 0xd4, 0x75, 0x20, 0x1f,
    0xd5, 0xdf, 0xfb, 0xac, 0x80, 0x3f, 0xec, 0x50,
    0xf, 0xfe, 0x40,

    /* U+8BF7 "请" */
    0x0, 0xff, 0xe3, 0x3d, 0x51, 0x40, 0x3f, 0xf8,
    0x25, 0x8e, 0x1, 0xff, 0xc0, 0xd5, 0x56, 0x0,
    0x7f, 0xf0, 0x13, 0x4e, 0x8, 0x2, 0x77, 0xfe,
    0x0, 0x2b, 0xbf, 0xe2, 0x0, 0x94, 0x40, 0x1c,
    0x1, 0x44, 0x7e, 0x20, 0x1, 0xc4, 0x7e, 0x60,
    0x8, 0x6c, 0x0, 0x6e, 0x1, 0xff, 0xcf, 0x55,
    0x0, 0x20, 0x83, 0xff, 0xf2, 0x80, 0x1b, 0xff,
    0xf2, 0x0, 0x75, 0x88, 0x2, 0x40, 0x4, 0x5f,
    0x8, 0x0, 0xc8, 0xbe, 0x10, 0xf, 0xc, 0x2,
    0x50, 0x16, 0xef, 0xc8, 0x0, 0x5d, 0xdf, 0x98,
    0x3, 0xe6, 0xab, 0x10, 0xf, 0xfe, 0x8a, 0x80,
    0x45, 0xdd, 0xf2, 0x0, 0x1b, 0xbb, 0xe7, 0x0,
    0x84, 0x7c, 0x1, 0x84, 0x7f, 0x0, 0x42, 0x3f,
    0x0, 0x43, 0xdd, 0xe0, 0x7, 0x7f, 0xfe, 0x50,
    0x3, 0x7f, 0xff, 0x8, 0x7, 0xff, 0x76, 0xe6,
    0x7f, 0xf9, 0x22, 0x2d, 0xd5, 0x80, 0x72, 0xb3,
    0x7f, 0xf2, 0x40, 0x4, 0x46, 0x0, 0xf9, 0xa2,
    0x3f, 0xf8, 0x8c, 0x1, 0xff, 0xc2, 0xb7, 0x7f,
    0xfe, 0x25, 0x0, 0x7f, 0xf9, 0x67, 0xff, 0xfd,
    0x20, 0x1f, 0xfc, 0x8c, 0x55, 0xff, 0x78, 0x7,
    0xff, 0x21, 0x6a, 0xbf, 0xcc, 0x1, 0xff, 0xe3,
    0x40, 0xd, 0x3f, 0xff, 0xe9, 0x0, 0xff, 0xe0,
    0x8e, 0x70, 0x6, 0xf4, 0x4f, 0xf7, 0x80, 0x7f,
    0xf0, 0x74, 0xdc, 0x3, 0x35, 0xdf, 0xf9, 0x80,
    0x3f, 0xf8, 0x26, 0x4, 0x1, 0xff, 0xcd, 0x10,
    0xe, 0x90, 0xd, 0x1d, 0xdf, 0xe8, 0x0, 0xfe,
    0xa0, 0xd, 0x4c, 0x1, 0x84, 0x7f, 0xf8, 0x0,
    0x1f, 0xc6, 0x1, 0x5a, 0x80, 0x7f, 0xc2, 0xef,
    0xa0, 0x0, 0xe0, 0x1e, 0xa2, 0x1c, 0x40, 0xf,
    0xfe, 0x0, 0xc4, 0x61, 0x0, 0x60, 0x7, 0xdd,
    0x86, 0x1, 0xff, 0xc2, 0x20, 0xc, 0x4e, 0xe0,
    0xf, 0x8c, 0x80, 0x3b, 0x37, 0x4c, 0x1, 0xed,
    0xff, 0xdb, 0x0, 0x18,

    /* U+8C03 "调" */
    0x0, 0x84, 0x3, 0xff, 0xa0, 0x9f, 0x20, 0x1c,
    0x45, 0xff, 0xc7, 0x0, 0x35, 0x8b, 0x30, 0x2,
    0x1d, 0xdf, 0xfe, 0x38, 0x1, 0xc4, 0x1, 0x26,
    0x1, 0xff, 0xcc, 0x1d, 0x0, 0xb8, 0x3, 0xc8,
    0x9f, 0xfc, 0x3, 0x0, 0xf1, 0xc0, 0x0, 0xac,
    0x3, 0xd, 0xde, 0x82, 0x27, 0x5d, 0xed, 0x0,
    0xf9, 0xd0, 0x0, 0x84, 0x1, 0xf9, 0x9a, 0xc0,
    0xf, 0xfe, 0xd, 0x1, 0x69, 0x0, 0x7e, 0x30,
    0xf, 0xfe, 0x20, 0xe6, 0x90, 0x7, 0xbb, 0xfd,
    0x20, 0x6, 0xff, 0x8c, 0x3, 0xfc, 0x60, 0x1f,
    0xfc, 0xc7, 0x88, 0xce, 0x1, 0xfa, 0x5d, 0xc8,
    0x0, 0x37, 0x78, 0x80, 0x3a, 0x1d, 0xf5, 0x0,
    0x7e, 0x78, 0x87, 0x0, 0x16, 0x22, 0x10, 0xf,
    0xfe, 0xba, 0x20, 0xc0, 0x3f, 0xcb, 0xbb, 0x58,
    0x1, 0xf7, 0x6c, 0x0, 0xeb, 0xb7, 0x80, 0x7f,
    0x8c, 0x8a, 0x10, 0x0, 0x91, 0x46, 0x1, 0xff,
    0xc6, 0x30, 0xf, 0xfe, 0x69, 0x80, 0x4b, 0xff,
    0xff, 0x0, 0x7f, 0xf9, 0x5b, 0xff, 0xf5, 0x0,
    0x7f, 0xf0, 0xc4, 0x0, 0x60, 0x1f, 0xfc, 0xc1,
    0x7, 0x0, 0x8, 0x6, 0x46, 0x62, 0x80, 0x7f,
    0xf0, 0xc7, 0x8, 0x40, 0x3e, 0xe9, 0x95, 0x80,
    0x7f, 0xf0, 0xf4, 0x90, 0x80, 0xc, 0x1, 0xff,
    0xca, 0x23, 0xf, 0xe0, 0x1, 0x80, 0x7f, 0xf3,
    0x6, 0xd0, 0x1, 0xc0, 0x1b, 0xa6, 0x56, 0x1,
    0xff, 0x30, 0x6, 0xd3, 0x20, 0x1, 0x80, 0x64,
    0x66, 0x28, 0x7, 0xfd, 0x20, 0x15, 0x9b, 0x80,
    0x4a, 0x6, 0x1, 0xfe, 0x30, 0xf, 0x48, 0x2,
    0x90, 0x2c, 0x0, 0x62, 0xb, 0xff, 0xee, 0xe5,
    0x94, 0x0, 0x79, 0x6a, 0x54, 0x10, 0x80, 0x16,
    0x1, 0xf8, 0xbb, 0xad, 0x50, 0x1, 0x0, 0x65,
    0x60, 0x4, 0x0, 0x4a, 0x1, 0xf8, 0x80, 0x3e,
    0xa0, 0xf, 0xd2, 0x40, 0xa4, 0x1, 0xfc, 0x60,
    0x18, 0xe5, 0xc0, 0x3f, 0x2e, 0xd4, 0x80, 0x7f,
    0xb3, 0xff, 0x63, 0x0, 0x0,

    /* U+8D26 "账" */
    0x0, 0xff, 0xe2, 0x13, 0xb9, 0x80, 0x3f, 0xf8,
    0x46, 0x7f, 0xf1, 0x0, 0x1e, 0x22, 0x0, 0xf8,
    0x4c, 0x3, 0xb3, 0x3f, 0xe8, 0x0, 0xff, 0xe0,
    0xe, 0x69, 0x0, 0x7f, 0xf3, 0xc7, 0x8, 0x70,
    0x40, 0x3c, 0x45, 0xe0, 0xf, 0xfe, 0x9, 0x79,
    0x0, 0x10, 0x40, 0x39, 0x77, 0x7b, 0x0, 0x3f,
    0xf8, 0x9, 0xa2, 0x0, 0x6a, 0x0, 0xfc, 0x48,
    0x80, 0xf, 0xfe, 0xb, 0xd8, 0x5, 0x12, 0x1,
    0xfd, 0x17, 0x60, 0xf, 0xf8, 0x6e, 0x0, 0x2a,
    0x70, 0xf, 0xfe, 0x65, 0x20, 0x0, 0x71, 0x40,
    0x3f, 0xf9, 0xb2, 0x0, 0x4f, 0x30, 0xf, 0xfe,
    0x71, 0x54, 0x58, 0x80, 0x7f, 0xf4, 0x15, 0xc0,
    0x3f, 0xfd, 0x6f, 0xf4, 0x0, 0x1f, 0xff, 0xf6,
    0x80, 0x7f, 0xff, 0xc0, 0x33, 0xf4, 0x80, 0x7,
    0xb4, 0x2, 0xee, 0xec, 0x0, 0xff, 0xe2, 0x9,
    0x80, 0x42, 0x42, 0x0, 0x51, 0x1e, 0x0, 0xf8,
    0x40, 0x3f, 0xf8, 0x68, 0x0, 0xc0, 0xf, 0xfe,
    0x87, 0x80, 0x14, 0x3, 0xff, 0x80, 0xc0, 0x20,
    0x1f, 0xfc, 0x14, 0x0, 0x12, 0x0, 0x7c, 0x22,
    0x30, 0x20, 0x20, 0x13, 0x36, 0x80, 0x7e, 0x14,
    0x0, 0x78, 0x7, 0xdd, 0xc9, 0x50, 0x1, 0xb0,
    0x66, 0x1c, 0x3, 0xfb, 0x80, 0x8, 0x60, 0x1f,
    0xdc, 0x1, 0x4b, 0x80, 0x7f, 0xf0, 0x14, 0x40,
    0x1e, 0x1, 0xf9, 0x10, 0x1, 0xa1, 0xc0, 0x3f,
    0xe3, 0x80, 0x1, 0xc0, 0x7, 0x86, 0x80, 0x10,
    0xc0, 0x8, 0x80, 0x7, 0xe5, 0xe9, 0x62, 0x0,
    0x3a, 0x80, 0x61, 0xc1, 0x1, 0x79, 0x50, 0x3,
    0xc0, 0x7, 0xe, 0xd0, 0x88, 0x24, 0x2, 0xa4,
    0x0, 0x16, 0x10, 0x3, 0x40, 0x14, 0xa0, 0x7,
    0x60, 0xd0, 0x8, 0x80, 0xc, 0x8, 0xc0, 0x15,
    0x91, 0x34, 0x80, 0x12, 0x60, 0x15, 0x18, 0xb,
    0x8b, 0x80, 0x72, 0x70, 0x2, 0x4c, 0x0, 0x84,
    0x43, 0x0, 0x43, 0x0, 0x76, 0x1e, 0x88, 0x8c,
    0x2, 0x4c, 0xb3, 0x0, 0xb4, 0x89, 0x60, 0xe,
    0x8, 0x70, 0xf, 0xb0, 0xc0, 0x12, 0x9, 0x96,
    0x60, 0x1c, 0x39, 0xe0, 0x11, 0x6b, 0x80, 0x7f,
    0xf0, 0x17, 0x2c, 0xc0, 0x3f, 0x9, 0x0, 0x0,

    /* U+8D28 "质" */
    0x0, 0xff, 0xe8, 0x10, 0x7, 0xff, 0x18, 0x48,
    0xd1, 0x5e, 0x26, 0xb3, 0x7f, 0xda, 0xc0, 0x1e,
    0x89, 0x95, 0x5d, 0xb3, 0x7b, 0xfd, 0xdb, 0x97,
    0x50, 0xec, 0xa6, 0x40, 0x17, 0x80, 0x70, 0xbb,
    0x31, 0x51, 0x6, 0x42, 0x1, 0xff, 0xc4, 0x50,
    0xf, 0xfe, 0x40, 0x9a, 0x2b, 0x3c, 0xd5, 0xef,
    0x60, 0x7, 0xf2, 0xcc, 0xaa, 0xf3, 0x1b, 0xdf,
    0x68, 0xc7, 0x53, 0xc, 0xa8, 0x42, 0x1, 0xfe,
    0xf6, 0x62, 0xa1, 0x98, 0x84, 0x9, 0x54, 0xc0,
    0x1f, 0xfe, 0x78, 0xee, 0xfd, 0x0, 0x1, 0xee,
    0xfe, 0xc0, 0xf, 0xe1, 0x1f, 0xf0, 0x4, 0x23,
    0xfc, 0x40, 0x1f, 0xfd, 0xd9, 0xff, 0xfd, 0x0,
    0x1, 0xff, 0xfe, 0xe0, 0xf, 0xfe, 0x30, 0x80,
    0x7f, 0xf4, 0xc4, 0x3, 0xff, 0x96, 0x5f, 0xff,
    0x40, 0x0, 0x7f, 0xfe, 0xb0, 0xf, 0xf0, 0x80,
    0x7f, 0xf6, 0x44, 0x7f, 0xf8, 0x0, 0x1f, 0xe3,
    0x0, 0x9c, 0x3, 0xb3, 0xba, 0xfc, 0xcb, 0xbb,
    0x38, 0x7, 0xf0, 0x80, 0x42, 0x1, 0xfc, 0xdb,
    0xae, 0x0, 0xff, 0xe1, 0x38, 0x4, 0x60, 0x1f,
    0xde, 0x0, 0x60, 0xf, 0xfe, 0x10, 0x80, 0x42,
    0x1, 0xfc, 0x40, 0x3, 0x0, 0xff, 0xe1, 0x68,
    0x0, 0x40, 0x3f, 0xce, 0x0, 0xe0, 0xf, 0xfe,
    0x11, 0x80, 0x14, 0x3, 0xf8, 0x48, 0x0, 0x60,
    0x1f, 0xfc, 0x25, 0x0, 0x10, 0x7, 0xf4, 0x80,
    0x42, 0x1, 0xff, 0xc1, 0x31, 0x0, 0x60, 0x0,
    0xa2, 0x23, 0x4, 0x70, 0xa, 0xb5, 0x80, 0x17,
    0x32, 0xf0, 0xe, 0x90, 0x9, 0x0, 0x27, 0x78,
    0x5e, 0xc0, 0x38, 0xa7, 0xa0, 0x99, 0x88, 0x1,
    0x85, 0x40, 0x8, 0x20, 0x18, 0x5f, 0xa0, 0x2,
    0x97, 0x0, 0x85, 0xfa, 0x48, 0x3, 0xa4, 0x2,
    0xe0, 0x1, 0x3e, 0x74, 0x8, 0x0, 0x6d, 0xa3,
    0xa0, 0x40, 0x26, 0xdb, 0x40, 0x0, 0xb8, 0x0,
    0x54, 0xfb, 0x60, 0xc0, 0x33, 0x7a, 0x0, 0x5,
    0xfa, 0x44, 0x2, 0x4b, 0xc0, 0x21, 0x0, 0x40,
    0x18, 0x7, 0xb, 0xf4, 0x88, 0x7, 0x9b, 0xa8,
    0x80, 0x25, 0x3, 0xf4, 0x26, 0x0, 0x30, 0xb,
    0x5f, 0x40, 0x80, 0x7f, 0x97, 0x68, 0xc2, 0x0,
    0x3, 0x78, 0x1, 0x4e, 0x74, 0xa0, 0x7, 0xff,
    0xd, 0x73, 0x44, 0x0,

    /* U+8D85 "超" */
    0x0, 0xf1, 0xd5, 0x20, 0x3, 0xff, 0x9e, 0xea,
    0xa4, 0x0, 0xe6, 0x77, 0xff, 0xe0, 0x98, 0x7,
    0xff, 0x12, 0xe2, 0x3f, 0xf8, 0x2a, 0x1, 0xff,
    0xd6, 0xef, 0xfa, 0xc0, 0x7, 0xff, 0x70, 0x44,
    0xc9, 0xc0, 0x7, 0x33, 0x88, 0x0, 0x60, 0x10,
    0x80, 0x7f, 0x84, 0x15, 0x99, 0xc0, 0x4, 0x66,
    0xc2, 0x0, 0x10, 0xf, 0xfe, 0x3e, 0x80, 0x34,
    0x3, 0x8, 0x1, 0xc0, 0x2f, 0xfd, 0x40, 0x3,
    0xff, 0xc0, 0x11, 0x20, 0x1, 0x40, 0x31, 0x80,
    0x4, 0x3, 0xe1, 0x0, 0xff, 0x40, 0x1, 0x40,
    0x30, 0x88, 0x0, 0x60, 0x1f, 0xfc, 0x56, 0x50,
    0x4, 0x89, 0x11, 0x28, 0x2, 0x10, 0xf, 0xfe,
    0x23, 0x48, 0x1, 0x4e, 0x37, 0x56, 0x80, 0x2,
    0x0, 0x95, 0x9b, 0x60, 0x0, 0x59, 0xba, 0x40,
    0x5, 0x41, 0x80, 0x1e, 0xb0, 0xa, 0xa6, 0x73,
    0x80, 0xa, 0x67, 0x3, 0x80, 0xf8, 0x1, 0xcc,
    0xf2, 0xd3, 0x0, 0x7f, 0xf1, 0x61, 0xf0, 0x80,
    0x5, 0x99, 0xa9, 0x40, 0x33, 0x37, 0x94, 0x0,
    0x2c, 0xd2, 0x84, 0x18, 0x8f, 0xfc, 0x1, 0x4c,
    0xfa, 0x0, 0x5, 0x33, 0x18, 0x77, 0x7f, 0xf0,
    0x40, 0x3a, 0x64, 0xc0, 0x1f, 0xfc, 0xf1, 0x66,
    0x68, 0x7, 0xff, 0x4, 0x8b, 0xe0, 0xf, 0xfe,
    0x66, 0x6e, 0xf8, 0x3, 0xff, 0x86, 0x7f, 0xf2,
    0x80, 0x7f, 0xf1, 0x8c, 0x0, 0x20, 0x1f, 0x8c,
    0x3, 0xff, 0x8c, 0x20, 0x1, 0x0, 0xe1, 0x18,
    0xc0, 0x3f, 0xf8, 0xcc, 0x0, 0x40, 0xc, 0x7d,
    0xd2, 0x80, 0x6f, 0xee, 0xf0, 0x7, 0xc4, 0x1,
    0x30, 0x7, 0xff, 0x0, 0x47, 0xe0, 0xf, 0xb4,
    0x2, 0x81, 0x0, 0xfc, 0x60, 0x1f, 0xfc, 0x44,
    0x0, 0x87, 0x80, 0x3f, 0x6f, 0xff, 0xff, 0x0,
    0x2, 0x21, 0x1, 0x0, 0x10, 0x7, 0xff, 0x32,
    0x80, 0xf, 0x20, 0x18, 0x9d, 0x8, 0x47, 0xff,
    0x8a, 0xc, 0x0, 0xd6, 0x60, 0x4, 0x31, 0x7b,
    0xdd, 0xff, 0xc4, 0xc4, 0x10, 0x2, 0x4, 0xc8,
    0x40, 0x3f, 0xf9, 0x28, 0x8a, 0x5, 0x0, 0x9b,
    0xa9, 0x8c, 0x40, 0x3f, 0xf8, 0xbe, 0xb, 0x92,
    0x1, 0xcb, 0x39, 0xdf, 0xff, 0xfc, 0x56,

    /* U+8DEF "路" */
    0x0, 0xff, 0xe3, 0x8, 0x7, 0xff, 0x4f, 0x7e,
    0xd0, 0x3, 0xff, 0x80, 0x4a, 0xbf, 0xc6, 0x1,
    0x90, 0xc1, 0x1c, 0x3, 0xff, 0x80, 0xb5, 0x5f,
    0xd0, 0x1, 0xa4, 0x0, 0x86, 0x1, 0xff, 0xce,
    0x72, 0x0, 0x27, 0xff, 0xe8, 0x0, 0xf8, 0xd5,
    0x64, 0x0, 0xe2, 0x80, 0xf, 0xfe, 0x45, 0x56,
    0x80, 0xe, 0xf0, 0x8, 0x8b, 0xe0, 0xf, 0xfe,
    0x45, 0x90, 0x1, 0x37, 0x7d, 0x20, 0x15, 0x0,
    0x7f, 0xf0, 0xe5, 0x0, 0x24, 0x70, 0xc, 0x54,
    0x0, 0x82, 0x0, 0xff, 0xe1, 0x3b, 0x0, 0x14,
    0x1, 0x8, 0x0, 0x1f, 0x10, 0x37, 0x0, 0xfd,
    0x77, 0xbc, 0x0, 0xf6, 0xf, 0x4e, 0x0, 0xb4,
    0x3f, 0x20, 0x1d, 0x0, 0xfe, 0x24, 0x48, 0xc0,
    0x24, 0xb8, 0x8, 0x40, 0x5, 0xe0, 0x80, 0x30,
    0x40, 0x3f, 0xf8, 0xc8, 0x1, 0x59, 0x80, 0x61,
    0xc2, 0x0, 0xf9, 0xae, 0xf0, 0x0, 0x6e, 0xd2,
    0x1, 0xce, 0x60, 0x18, 0x6c, 0x40, 0x3e, 0x14,
    0x49, 0x40, 0x6, 0x88, 0x20, 0x0, 0xc7, 0x40,
    0x7, 0x9f, 0xa5, 0x0, 0x38, 0xd1, 0x0, 0x1f,
    0x92, 0xb9, 0xc4, 0x0, 0x57, 0x62, 0x0, 0x9a,
    0xfa, 0x40, 0x2f, 0xba, 0x0, 0xfd, 0x2a, 0x1,
    0xc, 0x6a, 0x23, 0x64, 0x40, 0x21, 0x40, 0xf,
    0xf1, 0xa2, 0x54, 0x0, 0x29, 0xe7, 0x0, 0xcd,
    0xd4, 0x80, 0xa, 0x0, 0xff, 0xd, 0xdc, 0x8d,
    0x7a, 0xc0, 0x1f, 0x96, 0xfa, 0x58, 0x3, 0xff,
    0x84, 0x53, 0x1b, 0xbf, 0xfc, 0xc, 0x71, 0x0,
    0xff, 0x91, 0x20, 0x1, 0x91, 0x7f, 0xf0, 0x4c,
    0x3, 0xfe, 0x2b, 0xb8, 0x40, 0x3f, 0xfb, 0x15,
    0xbb, 0xf0, 0x7, 0xff, 0x30, 0x48, 0xbe, 0x0,
    0xff, 0xf2, 0x8a, 0x10, 0x7, 0xff, 0x2c, 0x54,
    0x0, 0x5d, 0xcb, 0x70, 0xf, 0xfe, 0x3b, 0x90,
    0xf, 0x58, 0x4, 0x20, 0x3, 0x0, 0xd3, 0x99,
    0xf0, 0x7, 0xd0, 0x20, 0x1f, 0xfc, 0x32, 0x33,
    0xf8, 0x3, 0xe1, 0x0, 0xe2, 0x47, 0x9b, 0xe6,
    0x0, 0xff, 0xe3, 0xa2, 0xc5, 0x6f, 0xed, 0xc3,
    0x20, 0x80, 0x75, 0x77, 0x7c, 0x1, 0xf5, 0x51,
    0xd4, 0x80, 0x3f, 0xf8, 0x2, 0x3f, 0x80, 0x3c,

    /* U+8DF3 "跳" */
    0x0, 0xff, 0xe2, 0x91, 0x4, 0x0, 0x68, 0x80,
    0xf, 0xf0, 0x8f, 0xf0, 0x7, 0x6e, 0xbc, 0x1,
    0xb7, 0x61, 0x0, 0xfd, 0x5d, 0xdf, 0xc0, 0x1f,
    0xfe, 0xd4, 0x4c, 0x20, 0x18, 0x40, 0x3f, 0xf8,
    0x28, 0x1, 0xfa, 0xef, 0x10, 0x1, 0xfa, 0x0,
    0x3f, 0xf8, 0x5, 0x7c, 0xc0, 0x1f, 0xfc, 0x1f,
    0x17, 0x0, 0xff, 0xe0, 0x58, 0x8, 0x7, 0xff,
    0xa, 0x80, 0x58, 0x3, 0xfc, 0x2c, 0x2, 0xc0,
    0x1f, 0xfc, 0x12, 0x30, 0xa0, 0xf, 0xf4, 0x0,
    0x20, 0x3, 0xe4, 0x33, 0x80, 0x34, 0x81, 0x98,
    0x3, 0xf1, 0x30, 0x13, 0x0, 0x7d, 0x79, 0x91,
    0x80, 0x4a, 0x0, 0xa0, 0xf, 0xde, 0x0, 0x80,
    0xf, 0xfe, 0x2b, 0x3, 0x80, 0x7e, 0x30, 0x25,
    0x0, 0xed, 0x44, 0xc0, 0x1, 0x45, 0x0, 0x50,
    0xb0, 0x7, 0xe7, 0x9, 0x0, 0xf3, 0xdd, 0xd2,
    0x0, 0x4b, 0xa0, 0x1, 0xf4, 0x0, 0x7e, 0x9f,
    0x40, 0xf, 0x3b, 0x90, 0x3, 0xff, 0x91, 0x20,
    0x1f, 0xa2, 0x1c, 0x1, 0xfe, 0x2c, 0x0, 0x18,
    0x7, 0x3e, 0x98, 0x7, 0xff, 0x5, 0x33, 0x8,
    0xb, 0xa6, 0x1, 0xfc, 0x58, 0xe0, 0x1f, 0xfc,
    0x1, 0x33, 0x15, 0x50, 0x3, 0xfc, 0x60, 0x8,
    0xc1, 0x0, 0xff, 0xe0, 0xca, 0x80, 0x10, 0x0,
    0x20, 0x1d, 0xae, 0x0, 0x3c, 0x0, 0xff, 0x26,
    0x60, 0x2, 0x8f, 0x0, 0x38, 0x7, 0xa2, 0x80,
    0x16, 0x1, 0xfe, 0x13, 0x33, 0x5, 0xb9, 0x0,
    0x4, 0x3, 0xe5, 0xd4, 0x60, 0xf, 0xfe, 0xc,
    0x6a, 0x7, 0x80, 0x8, 0x3, 0xf1, 0x58, 0x7,
    0xff, 0x8, 0x48, 0x0, 0x80, 0xd, 0x0, 0xfc,
    0x28, 0x1, 0xff, 0xc5, 0x32, 0x0, 0x20, 0x7,
    0xe2, 0xbf, 0x20, 0xf, 0xfe, 0x1d, 0x0, 0xc,
    0x40, 0x3f, 0xf9, 0x2f, 0x9e, 0xc0, 0x6c, 0x0,
    0xa0, 0xf, 0xe7, 0x0, 0x18, 0x8, 0x1, 0x33,
    0x40, 0x4, 0x60, 0x17, 0x0, 0x5, 0x80, 0x3f,
    0x84, 0x0, 0x25, 0xc0, 0x1, 0x30, 0xf, 0xd,
    0x90, 0x2, 0x0, 0x3e, 0x50, 0x1f, 0x0, 0x8c,
    0x3, 0xe1, 0x47, 0x9b, 0x40, 0x2, 0x30, 0x6,
    0x20, 0x5, 0xff, 0x28, 0x10, 0x8, 0x0, 0xda,
    0x73, 0xb9, 0x71, 0xc6, 0x0, 0x2a, 0x0, 0xeb,
    0x0, 0xf9, 0x40, 0x1d, 0xf9, 0x2c, 0x62, 0x1,
    0x49, 0x0, 0xe0, 0x80, 0x73, 0xb8, 0x40, 0x21,
    0x58, 0x0, 0x8, 0x7, 0xf0, 0xe2, 0x60, 0x80,
    0x7d, 0x1d, 0xff, 0x75, 0x0, 0x0,

    /* U+8FC7 "过" */
    0x0, 0xff, 0xe5, 0xd5, 0xd9, 0x0, 0x3f, 0xe,
    0x48, 0x7, 0xff, 0x15, 0x51, 0x4, 0x1, 0xf1,
    0x79, 0xb3, 0x0, 0x3f, 0xf9, 0xe4, 0x60, 0x9,
    0x30, 0xf, 0xfe, 0x7f, 0x0, 0x5c, 0x20, 0x1f,
    0xfc, 0xe3, 0x90, 0x1, 0x50, 0x1, 0x13, 0xff,
    0x80, 0x1, 0x72, 0x24, 0x60, 0x1c, 0xca, 0x0,
    0x48, 0xb, 0xbf, 0xfe, 0x0, 0x4, 0xf7, 0x77,
    0x0, 0x7a, 0x88, 0x1, 0xa0, 0x1f, 0xfd, 0xe,
    0x2c, 0x50, 0xf, 0xfe, 0x40, 0x80, 0x7c, 0x7a,
    0x60, 0xf, 0xff, 0xfe, 0x0, 0x5, 0x3f, 0xf6,
    0x0, 0x7f, 0xf0, 0x89, 0x80, 0x3f, 0xf8, 0xcc,
    0xdf, 0x10, 0x4, 0xdb, 0x28, 0x1, 0xff, 0xc5,
    0x99, 0xf9, 0xc0, 0x2b, 0x0, 0x50, 0x80, 0x7f,
    0xf3, 0xfc, 0x0, 0x3a, 0x1, 0xff, 0xc4, 0x10,
    0xf, 0xf1, 0x48, 0x0, 0xe4, 0x3, 0xff, 0x87,
    0xdf, 0xf0, 0x7, 0xe6, 0x50, 0x3, 0x28, 0x7,
    0xff, 0x3e, 0xc4, 0x1, 0x44, 0x1, 0xff, 0xce,
    0x1a, 0x0, 0x21, 0x80, 0x7f, 0xf3, 0xd1, 0xe6,
    0xc4, 0x3, 0xff, 0xa1, 0xc, 0x1, 0xff, 0xd8,
    0x10, 0xf, 0xfe, 0x6a, 0x27, 0x2d, 0x0, 0x46,
    0x1, 0xff, 0xc9, 0xbb, 0xea, 0x40, 0x9, 0x80,
    0x3f, 0x90, 0x2, 0x20, 0xf, 0x8c, 0x3, 0xf1,
    0x98, 0x3, 0xf2, 0xd8, 0x5, 0x6, 0x1, 0xe4,
    0x0, 0xf1, 0x36, 0x80, 0x7e, 0x7a, 0x0, 0xec,
    0x40, 0xe, 0x8f, 0xff, 0x6c, 0x88, 0x7, 0xd1,
    0x0, 0x9, 0xc0, 0x2b, 0xb2, 0x90, 0x7, 0xff,
    0x18, 0x9c, 0x2, 0xa8, 0xa0, 0x9, 0x2b, 0x7f,
    0xff, 0xf8, 0xa4, 0x43, 0x0, 0x52, 0x82, 0xd8,
    0x80, 0x7f, 0xf2, 0x48, 0x2c, 0x25, 0x40, 0x24,
    0xe8, 0x30, 0xf, 0xfe, 0x32, 0x0, 0x1a, 0x58,
    0x3, 0xcf, 0x9f, 0xb9, 0x77, 0xff, 0xc3, 0x90,

    /* U+8FDB "进" */
    0x0, 0xff, 0xe1, 0x11, 0x98, 0x40, 0x38, 0xce,
    0x0, 0xfe, 0x5d, 0x10, 0xf, 0xdf, 0x98, 0x70,
    0xe, 0xcc, 0x8c, 0x3, 0xe8, 0xa2, 0xd0, 0xf,
    0xfe, 0x99, 0xc8, 0x7, 0xff, 0x3e, 0x10, 0x0,
    0xcc, 0x0, 0xff, 0xe7, 0xd0, 0x80, 0x24, 0xc0,
    0x51, 0x23, 0x0, 0x72, 0x27, 0x0, 0x4a, 0x89,
    0x0, 0x70, 0xe8, 0x5, 0xa2, 0xb7, 0x70, 0x80,
    0x1e, 0xef, 0x80, 0x29, 0xbb, 0x50, 0x7, 0x8e,
    0x0, 0x4, 0x1, 0xff, 0xd0, 0x73, 0x4c, 0x17,
    0x11, 0x80, 0x30, 0x8f, 0x0, 0x42, 0x31, 0x80,
    0x7e, 0xdb, 0x0, 0x1f, 0x74, 0x40, 0x9, 0xee,
    0xe0, 0xb, 0x7b, 0x9a, 0x1, 0xf8, 0x40, 0x3f,
    0xf9, 0xc8, 0x9f, 0x0, 0x7f, 0xf3, 0x6e, 0xfe,
    0x0, 0xff, 0xfb, 0x11, 0x60, 0x8, 0x48, 0xb8,
    0x2, 0x72, 0x28, 0x40, 0x1d, 0xd4, 0x0, 0x65,
    0xdd, 0xc4, 0x0, 0x8d, 0xde, 0x0, 0xaf, 0x76,
    0xe0, 0x0, 0x8e, 0x0, 0xff, 0xfc, 0x2f, 0x76,
    0x0, 0xb3, 0xbb, 0x80, 0x2c, 0xee, 0xbc, 0x3,
    0xfe, 0x11, 0x88, 0x2, 0x21, 0x1e, 0x0, 0xc2,
    0x30, 0x7, 0xff, 0xe, 0xc0, 0x2, 0x20, 0xf,
    0xfe, 0x7a, 0x80, 0x10, 0x3, 0xff, 0x9e, 0xe4,
    0x0, 0xf0, 0xf, 0xfe, 0x38, 0x80, 0x78, 0xe0,
    0x0, 0x4a, 0x1, 0xff, 0xc6, 0x48, 0x0, 0xa0,
    0x7, 0x40, 0x29, 0x0, 0xff, 0xe3, 0x15, 0x80,
    0x67, 0x61, 0xb0, 0x3, 0x20, 0x7, 0xf8, 0x40,
    0x3c, 0x38, 0x1, 0xe9, 0x85, 0xd6, 0x90, 0xf,
    0xdf, 0xf1, 0x0, 0x70, 0xe0, 0x80, 0xb, 0x4,
    0x0, 0xff, 0x2, 0xca, 0xbf, 0xfc, 0x41, 0x32,
    0x0, 0xe, 0x1e, 0x88, 0x4, 0xaf, 0x35, 0x5f,
    0xfc, 0x41, 0x27, 0x1, 0xc1, 0x3, 0xc3, 0x0,
    0xff, 0xe4, 0x18, 0x2, 0x47, 0x48, 0x2, 0x2c,
    0xb6, 0x31, 0x0, 0xff, 0xe2, 0x20, 0x0, 0x7c,
    0xc0, 0x3c, 0x93, 0x9d, 0xff, 0xff, 0xc4, 0x80,

    /* U+8FDE "连" */
    0x0, 0xc4, 0x1, 0xff, 0xe, 0xdc, 0x90, 0x7,
    0xff, 0x9, 0xf5, 0x80, 0x3f, 0xce, 0x48, 0xc6,
    0x1, 0xff, 0xc1, 0x98, 0x9, 0x30, 0xf, 0xea,
    0x0, 0x20, 0x80, 0x7f, 0xf0, 0x68, 0x2, 0xe0,
    0x8, 0x47, 0x90, 0xc0, 0x1a, 0x23, 0xff, 0x0,
    0x47, 0x0, 0x2, 0x90, 0x6, 0x77, 0x6b, 0x0,
    0xa7, 0xbb, 0xfd, 0x0, 0x19, 0xcc, 0x0, 0xc8,
    0x1, 0xff, 0xcf, 0xe0, 0xa, 0x80, 0x40, 0x3f,
    0xf9, 0xa5, 0x0, 0x3a, 0x19, 0xff, 0x8, 0x1,
    0xbf, 0xff, 0xf8, 0x12, 0x1, 0xe7, 0x6f, 0x30,
    0xc, 0xe2, 0x0, 0xb0, 0x6b, 0xb4, 0x80, 0x7f,
    0xf0, 0xe4, 0x40, 0x30, 0xc0, 0x1, 0x88, 0x3d,
    0x10, 0xa0, 0x1f, 0xfc, 0x98, 0x0, 0xa0, 0x3,
    0xff, 0x89, 0x79, 0x9d, 0x60, 0x11, 0xb0, 0x1,
    0xc4, 0x3, 0xff, 0x88, 0x86, 0x7c, 0xa0, 0x14,
    0x0, 0x43, 0x11, 0x28, 0x0, 0xa2, 0x3c, 0xa0,
    0x1f, 0xfc, 0x17, 0x0, 0x99, 0xde, 0x30, 0x0,
    0xbb, 0xfb, 0xc0, 0x26, 0x68, 0xc0, 0x3f, 0xfa,
    0x13, 0x35, 0x80, 0x7a, 0x62, 0x3e, 0x30, 0x0,
    0xc4, 0x7b, 0x80, 0x3f, 0xf8, 0x2a, 0xef, 0xf2,
    0x80, 0x9, 0xdf, 0xc8, 0x1, 0xff, 0xff, 0x5b,
    0xbf, 0xe7, 0x0, 0x1d, 0xdf, 0xd4, 0x1, 0xfe,
    0x24, 0x4f, 0xe1, 0x0, 0x91, 0x3f, 0x0, 0x7f,
    0xf7, 0x96, 0xab, 0xf9, 0x0, 0x5, 0x55, 0xf5,
    0x80, 0x77, 0x80, 0x4, 0x9, 0x57, 0xf8, 0x80,
    0x2, 0xab, 0xf8, 0x3, 0x23, 0x80, 0x4c, 0x1,
    0xff, 0xcd, 0x2b, 0x0, 0xd2, 0x80, 0x1f, 0xfc,
    0xb1, 0xc0, 0xf, 0x5c, 0x8, 0x7, 0xd3, 0xfe,
    0xc0, 0xf, 0xf6, 0x8, 0x0, 0x90, 0x2, 0x7e,
    0xb7, 0x54, 0x4f, 0xfe, 0x20, 0x81, 0x80, 0x7,
    0x2d, 0x40, 0x32, 0x45, 0x5d, 0xff, 0xf1, 0xc,
    0x24, 0x1, 0x82, 0x15, 0x22, 0x1, 0xff, 0xc8,
    0x12, 0x6, 0xb, 0x20, 0x9, 0xba, 0x98, 0xc4,
    0x3, 0xff, 0x88, 0xa0, 0x1, 0xd4, 0x0, 0xf2,
    0xce, 0x77, 0xff, 0xff, 0x12, 0xc0,

    /* U+9009 "选" */
    0x0, 0xff, 0xe3, 0xd6, 0x61, 0x0, 0x3f, 0xf8,
    0x9, 0x82, 0x1, 0xf3, 0x42, 0x88, 0x1, 0xcc,
    0xc2, 0x1, 0xff, 0x2d, 0x9d, 0x0, 0x7d, 0x6f,
    0x48, 0x1, 0xff, 0xc5, 0xc0, 0x2, 0x48, 0x7,
    0x11, 0x0, 0x8, 0x1, 0xff, 0xc5, 0x93, 0x0,
    0x33, 0x80, 0x65, 0x0, 0x18, 0x80, 0x7f, 0xf1,
    0xb4, 0x40, 0x10, 0x80, 0x15, 0x0, 0xf, 0xfe,
    0x20, 0x5, 0x7f, 0xfa, 0xc0, 0x38, 0x74, 0x2,
    0xa2, 0x3, 0x20, 0xf, 0xfe, 0x23, 0x80, 0x78,
    0xe4, 0x0, 0xa4, 0x12, 0x1, 0xff, 0xcd, 0x65,
    0x55, 0x81, 0x28, 0x2, 0x7b, 0xb1, 0x0, 0x27,
    0xbb, 0xda, 0x1, 0xfa, 0xa8, 0x0, 0x80, 0x1,
    0x30, 0x8e, 0x0, 0x8c, 0x47, 0xe0, 0xf, 0xfe,
    0x7, 0x98, 0x58, 0x7, 0xff, 0x1d, 0xea, 0xba,
    0x40, 0xb, 0x9a, 0xc0, 0x1f, 0xfc, 0x7b, 0x55,
    0xe7, 0x2, 0xcc, 0x76, 0x67, 0x88, 0x1, 0x19,
    0x9f, 0x58, 0x7, 0xf8, 0x4c, 0xff, 0x80, 0x22,
    0x33, 0xf9, 0x40, 0x16, 0xcc, 0x40, 0xf, 0xfe,
    0x83, 0xcc, 0xb4, 0x3, 0x1d, 0xdf, 0x0, 0x53,
    0x76, 0x30, 0x3, 0x5d, 0xf5, 0x0, 0x7f, 0xc8,
    0x9c, 0x1, 0x22, 0x4e, 0x0, 0xf4, 0x4f, 0x0,
    0x7f, 0xf0, 0xc4, 0x2, 0x30, 0xf, 0xe5, 0x40,
    0xf, 0xfe, 0x22, 0x80, 0x4, 0x40, 0x1f, 0xd3,
    0x7e, 0x1, 0xff, 0xc3, 0xe0, 0x2, 0x0, 0x7f,
    0xf0, 0x4, 0x3, 0xff, 0x84, 0xaa, 0x0, 0x70,
    0x7, 0xf8, 0x40, 0x3f, 0xf8, 0x6b, 0x40, 0x4,
    0x40, 0x7, 0xbc, 0x2, 0x20, 0xf, 0xfe, 0x14,
    0x50, 0x0, 0x68, 0x3, 0x10, 0x1, 0xb7, 0x38,
    0x0, 0x40, 0x1d, 0xe0, 0x1, 0x30, 0x97, 0x0,
    0xe, 0x88, 0x6, 0xf0, 0x8, 0x8c, 0x40, 0x8,
    0x1, 0xa1, 0x80, 0x2d, 0x29, 0x20, 0x2c, 0x30,
    0xe, 0x66, 0x0, 0x70, 0xac, 0x0, 0x4e, 0xe0,
    0xc, 0x38, 0x78, 0xd8, 0x40, 0x1f, 0x4f, 0xff,
    0x75, 0x0, 0x4d, 0x0, 0x12, 0x80, 0x7, 0x2f,
    0xc, 0x3, 0xff, 0x8f, 0x0, 0x15, 0xd2, 0x80,
    0x4b, 0x5b, 0xfe, 0xee, 0xff, 0xe1, 0xa8, 0x30,
    0x2, 0x50, 0x29, 0xc0, 0x3e, 0x11, 0xff, 0xe1,
    0xb0, 0x58, 0x33, 0x0, 0x28, 0xd7, 0x20, 0xf,
    0xfe, 0x39, 0x81, 0xb4, 0x80, 0x71, 0x46, 0xff,
    0x6e, 0x67, 0xff, 0xf, 0x40,

    /* U+900F "透" */
    0x0, 0xc2, 0x1, 0xff, 0xd0, 0x1b, 0xc0, 0xf,
    0xfe, 0x0, 0x91, 0xa2, 0xbc, 0x55, 0xef, 0xa8,
    0x4, 0x7c, 0x85, 0x0, 0x19, 0xb3, 0x1b, 0xdf,
    0xee, 0xdc, 0xba, 0x87, 0x54, 0x20, 0x20, 0x8,
    0xcc, 0x0, 0x72, 0x0, 0x84, 0xcc, 0x42, 0x1,
    0xff, 0x12, 0x10, 0x6, 0xe0, 0xb, 0x80, 0x21,
    0x1, 0x11, 0x1a, 0x20, 0x2, 0x9b, 0xde, 0xfd,
    0xb5, 0x0, 0xc5, 0x0, 0x3, 0x70, 0x3, 0x7f,
    0x73, 0x72, 0xec, 0x1, 0x32, 0x10, 0x80, 0x7f,
    0x39, 0x0, 0x20, 0x55, 0xdf, 0xf0, 0x4, 0xef,
    0xfc, 0x20, 0x1b, 0x80, 0xc, 0x33, 0x11, 0xf8,
    0x2, 0x88, 0xfe, 0x30, 0xc, 0x71, 0x92, 0x1,
    0xff, 0xd0, 0x73, 0x0, 0x67, 0xfe, 0xc2, 0x0,
    0xfd, 0x5f, 0xfc, 0x40, 0x1f, 0xfc, 0x16, 0xc2,
    0x6, 0x0, 0x90, 0x1, 0x50, 0x1, 0xc2, 0xab,
    0xe0, 0xc, 0xbb, 0x20, 0x7, 0x90, 0xa, 0xd4,
    0x0, 0xfa, 0x80, 0x11, 0x55, 0x78, 0x85, 0xf6,
    0x88, 0x1, 0x50, 0x1, 0xd5, 0x0, 0x2, 0xbc,
    0x50, 0xf, 0xcf, 0xd0, 0x40, 0x3, 0xd5, 0x0,
    0xf9, 0xf0, 0xc0, 0x7, 0x58, 0x1, 0xf3, 0x90,
    0x0, 0x63, 0x4c, 0x46, 0x99, 0x84, 0x62, 0xc9,
    0x10, 0x5, 0x1f, 0x74, 0x20, 0x15, 0x94, 0xe4,
    0x77, 0x74, 0xcd, 0xdd, 0x91, 0xba, 0x4d, 0x80,
    0x46, 0x0, 0xcd, 0xac, 0x1, 0xff, 0xc2, 0x50,
    0x3, 0x60, 0x7, 0xff, 0x0, 0xd9, 0x88, 0x0,
    0x26, 0x6c, 0x20, 0x1, 0x0, 0xff, 0xe2, 0xc,
    0xcb, 0x0, 0x9, 0x33, 0x84, 0x6, 0x23, 0x8,
    0x7, 0xff, 0xe, 0xc0, 0x1e, 0x1, 0x18, 0x0,
    0x5d, 0xf0, 0x80, 0x7f, 0xf0, 0x90, 0xc0, 0xe,
    0x1, 0x28, 0x7, 0x84, 0x3, 0xff, 0x84, 0x54,
    0x0, 0x51, 0x0, 0x9b, 0xff, 0x0, 0x8, 0x3,
    0xff, 0x82, 0xb8, 0x20, 0x8, 0x0, 0xfc, 0x80,
    0x5, 0x0, 0xff, 0x93, 0x28, 0x40, 0x16, 0x40,
    0x7, 0x99, 0xd5, 0x60, 0xc, 0x0, 0xe6, 0x10,
    0x2, 0x86, 0x18, 0x5, 0x68, 0x1, 0x73, 0x36,
    0x50, 0x1, 0x28, 0x6, 0x59, 0x0, 0xa0, 0xe1,
    0x1, 0x39, 0x0, 0x37, 0x80, 0x70, 0xae, 0x0,
    0x64, 0xa0, 0xe, 0xc5, 0xbb, 0x84, 0x3, 0x9b,
    0xff, 0xba, 0x84, 0x2, 0x3b, 0x0, 0x90, 0x2,
    0xac, 0x34, 0x22, 0xff, 0xe2, 0x8b, 0x0, 0x49,
    0x74, 0x1, 0x1c, 0x5e, 0xef, 0xff, 0x16, 0x94,
    0x40, 0xec, 0x17, 0x8, 0x3, 0xff, 0x93, 0x81,
    0x25, 0xa0, 0x11, 0xed, 0xb1, 0x88, 0x7, 0xff,
    0x14, 0xc1, 0xbc, 0x40, 0x39, 0x27, 0x3b, 0xff,
    0xff, 0x8a, 0x80,

    /* U+9192 "醒" */
    0x0, 0xff, 0xe2, 0x9, 0x17, 0xff, 0x0, 0x40,
    0x5, 0xff, 0xff, 0xc2, 0xa, 0xdd, 0xff, 0xe0,
    0x80, 0x7f, 0xf5, 0x8c, 0x8b, 0x0, 0x4, 0x40,
    0x2, 0x2c, 0x1, 0xa2, 0x67, 0xd0, 0x1, 0xc3,
    0xbb, 0x60, 0x2, 0x2c, 0x1, 0x9b, 0xb0, 0x6,
    0x66, 0xfc, 0x1, 0xff, 0xcc, 0x75, 0x5f, 0x38,
    0x7, 0xff, 0x32, 0x6a, 0xbd, 0x20, 0x1e, 0x38,
    0x88, 0x1, 0xbc, 0x0, 0x88, 0x88, 0x3, 0x8,
    0xfe, 0x0, 0xf2, 0x3b, 0x98, 0x0, 0x88, 0x0,
    0x33, 0xb9, 0x80, 0x37, 0xf7, 0x7b, 0xc0, 0x3f,
    0xfb, 0x83, 0xca, 0x13, 0x20, 0x6d, 0x0, 0xfb,
    0xbf, 0xfd, 0xc0, 0x1f, 0xc2, 0x0, 0x33, 0x0,
    0x90, 0x7, 0xff, 0x34, 0x40, 0x3f, 0xdd, 0x11,
    0xff, 0xc0, 0x90, 0xf, 0x98, 0x4, 0x3, 0xf2,
    0xcd, 0x93, 0xba, 0xea, 0xdd, 0xf2, 0x80, 0x78,
    0x48, 0x18, 0x3, 0xf1, 0x89, 0x88, 0x0, 0xc8,
    0x80, 0x1f, 0xf3, 0x0, 0x90, 0x1, 0x9c, 0x3,
    0x50, 0x2, 0x2e, 0xc0, 0x1, 0xbb, 0xe4, 0x0,
    0xc3, 0x0, 0xe0, 0xc0, 0x30, 0x1, 0x9c, 0x0,
    0x68, 0x80, 0x9, 0x13, 0x84, 0x3, 0xeb, 0x3,
    0x72, 0x10, 0x9, 0x84, 0x3, 0xff, 0x8e, 0x8e,
    0x40, 0x8, 0xda, 0x0, 0xac, 0x17, 0xbb, 0x0,
    0x7, 0xbb, 0x94, 0x3, 0xa6, 0x0, 0x3f, 0x69,
    0x4, 0x88, 0xe0, 0x8, 0x47, 0x80, 0x3d, 0x13,
    0x3e, 0xe0, 0xc, 0x66, 0x0, 0xff, 0xe3, 0x2b,
    0x37, 0x94, 0x1, 0xba, 0x5f, 0xfe, 0x0, 0xf,
    0xff, 0x0, 0x7f, 0xf1, 0x4b, 0x0, 0x3f, 0xf8,
    0xf7, 0xbb, 0xea, 0x0, 0xc2, 0x89, 0xc0, 0x12,
    0x27, 0x0, 0x79, 0x88, 0xbc, 0x20, 0x19, 0x2e,
    0xf8, 0x0, 0x37, 0x7c, 0x1, 0xe6, 0x22, 0xf8,
    0x3, 0xff, 0x99, 0x7b, 0xbe, 0x90, 0xa, 0xb7,
    0x7c, 0x0, 0x1d, 0xdf, 0x0, 0x7f, 0xf1, 0x18,
    0x8b, 0xc0, 0x11, 0x17, 0x84, 0x3, 0x33, 0xbf,
    0xf3, 0x0, 0x7f, 0xf2, 0x6e, 0x23, 0xf8, 0xb3,
    0xff, 0xff, 0x86, 0x20,

    /* U+91CA "释" */
    0x0, 0xf8, 0x4d, 0x62, 0xa8, 0x0, 0x11, 0xff,
    0xe1, 0x0, 0x66, 0x89, 0xbd, 0xfe, 0xca, 0x75,
    0x40, 0x5e, 0xef, 0xfe, 0x14, 0x80, 0x5a, 0xec,
    0x84, 0x1, 0xe1, 0x0, 0xff, 0xe4, 0x8, 0x7,
    0xc6, 0xd1, 0x60, 0x1c, 0x45, 0xf8, 0x3, 0xef,
    0x68, 0xab, 0x0, 0x16, 0x4b, 0x20, 0x29, 0x80,
    0x1f, 0x77, 0xca, 0x1, 0x50, 0x4, 0xe0, 0x2a,
    0xa0, 0xe, 0xad, 0x50, 0xe0, 0x2, 0xb8, 0x6,
    0x57, 0x0, 0x39, 0x80, 0x54, 0xd6, 0x1, 0xe1,
    0x42, 0x0, 0x15, 0x0, 0x21, 0xc0, 0xd, 0x40,
    0x4, 0x80, 0xd, 0x20, 0x48, 0x1, 0xd2, 0x2,
    0xa0, 0x5, 0x80, 0x4, 0x54, 0xc8, 0x0, 0x76,
    0x1, 0xc2, 0xa1, 0xe0, 0x1c, 0xc1, 0x20, 0x19,
    0xe0, 0x0, 0xac, 0x0, 0x5c, 0x0, 0xfa, 0x41,
    0x8, 0x2, 0x61, 0x6, 0x0, 0xe2, 0x10, 0xe,
    0xc1, 0x0, 0xf8, 0xcc, 0x80, 0x18, 0x8d, 0x84,
    0x0, 0x71, 0xd4, 0x20, 0x1d, 0x3d, 0x6c, 0x20,
    0x1d, 0x96, 0x40, 0x12, 0x64, 0x84, 0xf6, 0x38,
    0x80, 0xf, 0x2c, 0xc0, 0x24, 0x9e, 0xd1, 0xa,
    0xff, 0xb8, 0x0, 0x5f, 0xf5, 0xf0, 0x80, 0x4b,
    0x98, 0x34, 0xcc, 0x30, 0x80, 0x42, 0x20, 0xf,
    0xfe, 0xb, 0x1, 0x47, 0x51, 0xc7, 0x72, 0xe,
    0x7a, 0xd8, 0x6c, 0x3, 0xff, 0x84, 0x3d, 0xae,
    0x20, 0x1, 0x1c, 0x1, 0x24, 0xf3, 0x80, 0x2b,
    0xfe, 0x0, 0x8b, 0xfe, 0xb0, 0x10, 0xf, 0xfe,
    0x4b, 0x80, 0x46, 0x1, 0xdd, 0xde, 0x60, 0x3,
    0x77, 0x78, 0x80, 0x3a, 0x40, 0x21, 0xc3, 0x0,
    0x84, 0x7c, 0x1, 0x84, 0x7c, 0x1, 0xcc, 0x20,
    0x18, 0xf2, 0x0, 0x3f, 0xf9, 0x43, 0x0, 0x1f,
    0x3e, 0x87, 0xff, 0x98, 0x0, 0xbf, 0xfe, 0x20,
    0xa, 0x4, 0x1c, 0x0, 0x2e, 0x0, 0x10, 0xf,
    0xf1, 0x80, 0x7f, 0x23, 0x1, 0x48, 0x0, 0xe3,
    0xa, 0x40, 0x3f, 0xf9, 0x14, 0x0, 0x80, 0xe,
    0x3d, 0x7d, 0xdf, 0x9c, 0x0, 0xfb, 0xbf, 0x10,
    0x18, 0x2a, 0x80, 0x3e, 0x12, 0x2f, 0x84, 0x0,
    0x24, 0x5f, 0x8, 0x20, 0xd8, 0x7, 0xff, 0x47,
    0x68, 0x40, 0x3f, 0x1e, 0xef, 0xca, 0x0, 0x5d,
    0xdf, 0x8c, 0x11, 0x0, 0x1f, 0xe2, 0x2f, 0x8c,
    0x0, 0x64, 0x5f, 0x0, 0x7f, 0xff, 0xc0, 0x3f,
    0xf9, 0xe3, 0xfe, 0xd0, 0xf, 0xfa, 0x7b, 0x92,
    0x1, 0xf8,

    /* U+91CC "里" */
    0x0, 0x9, 0x9f, 0xff, 0x30, 0x40, 0x32, 0x66,
    0x7f, 0xf3, 0x1c, 0x3, 0xff, 0xb4, 0x45, 0xf0,
    0x6, 0x22, 0xf8, 0x3, 0xff, 0x81, 0xbb, 0xf2,
    0x0, 0x13, 0x77, 0xe0, 0xf, 0xff, 0xe6, 0x67,
    0xc8, 0x0, 0x5c, 0xcf, 0x80, 0x3f, 0xf8, 0x6,
    0x7f, 0x0, 0x42, 0x67, 0xf0, 0x7, 0xff, 0x7b,
    0xff, 0xe4, 0x0, 0x27, 0xff, 0xc0, 0x1f, 0xff,
    0xc2, 0x2f, 0x9c, 0x2, 0x22, 0xf8, 0x3, 0xff,
    0x81, 0xbb, 0xf1, 0x80, 0x13, 0x77, 0xe0, 0xf,
    0xfe, 0xd0, 0x8f, 0xfc, 0x1, 0x84, 0x7f, 0xc6,
    0x1, 0x93, 0xbb, 0xfc, 0x80, 0x4, 0xee, 0xff,
    0x28, 0x7, 0xff, 0xd3, 0xff, 0xfe, 0x40, 0x2,
    0x7f, 0xff, 0xc0, 0x1f, 0xfd, 0x61, 0x0, 0xff,
    0xe8, 0xf7, 0xff, 0xf9, 0x0, 0x9, 0xff, 0xff,
    0x0, 0x7f, 0xfc, 0xbf, 0xff, 0xf8, 0x28, 0x0,
    0x4f, 0xff, 0xfe, 0x8, 0x7, 0xff, 0xc3, 0xff,
    0xff, 0xa4,

    /* U+91CD "重" */
    0x0, 0xff, 0xe7, 0x8, 0x7, 0x84, 0x8c, 0xe4,
    0x42, 0xac, 0xce, 0xe8, 0x84, 0xd5, 0xdb, 0x37,
    0xbf, 0xdc, 0xc0, 0x1d, 0x1b, 0x99, 0x5d, 0xaa,
    0xa9, 0x88, 0x3b, 0x99, 0x51, 0x6, 0x42, 0x1,
    0x70, 0x7, 0xff, 0x2c, 0x44, 0x46, 0x8a, 0xda,
    0x1, 0xda, 0xf1, 0x14, 0xca, 0xa9, 0x76, 0x40,
    0x2, 0x7f, 0xdd, 0xcd, 0xcb, 0xa9, 0x50, 0xe,
    0x48, 0x77, 0x99, 0x8a, 0xa4, 0x40, 0x80, 0x7f,
    0xf1, 0x5e, 0x23, 0xff, 0x80, 0xe0, 0x6, 0x88,
    0xff, 0xe0, 0x84, 0xbb, 0xff, 0xf0, 0x8, 0x0,
    0x4e, 0xff, 0xfc, 0x10, 0xf, 0xfe, 0xa7, 0x7f,
    0xff, 0xf0, 0x14, 0x0, 0x9f, 0xff, 0xfc, 0x10,
    0xc, 0x6a, 0xbf, 0xcc, 0x0, 0x75, 0x5f, 0xe4,
    0x0, 0xfb, 0xea, 0xbf, 0x8c, 0x0, 0x75, 0x5f,
    0xd2, 0x1, 0xff, 0xdd, 0x7f, 0xff, 0x28, 0x1,
    0x3f, 0xfd, 0x20, 0x1f, 0xfe, 0x7, 0xff, 0xf2,
    0x80, 0x13, 0xff, 0xd2, 0x1, 0xff, 0xe0, 0x6d,
    0xdf, 0x20, 0x0, 0xf7, 0x7d, 0x0, 0x1f, 0xfc,
    0x11, 0x22, 0xf0, 0x80, 0x1c, 0x8b, 0xc2, 0x1,
    0xff, 0xc1, 0x7f, 0xff, 0x28, 0x1, 0x3f, 0xfd,
    0x20, 0x1f, 0xfd, 0xdf, 0xaa, 0xfe, 0x30, 0x1,
    0xd5, 0x7f, 0x48, 0x7, 0xc6, 0xab, 0xfc, 0xc0,
    0x7, 0x55, 0xfe, 0x40, 0xf, 0x22, 0xaf, 0xf9,
    0x80, 0xe, 0xab, 0xff, 0x0, 0x74, 0xd5, 0x7f,
    0x8c, 0x0, 0x75, 0x5f, 0xf0, 0x7, 0x8, 0x7,
    0xff, 0x30, 0x40, 0x3b, 0x3f, 0xff, 0xca, 0x0,
    0x4f, 0xff, 0xf7, 0x0, 0x46, 0x7f, 0xfc, 0x11,
    0x0, 0x39, 0x9f, 0xff, 0x4, 0x33, 0x3f, 0xf8,
    0x28, 0x0, 0x3c, 0xcf, 0xfe, 0x8, 0x80, 0x7f,
    0xf4, 0xf2, 0xef, 0xff, 0xa2, 0x20,

    /* U+91CF "量" */
    0x0, 0xdd, 0xff, 0xff, 0xca, 0xe0, 0xf, 0xc2,
    0x1, 0xff, 0xd6, 0x9f, 0xff, 0xfe, 0x24, 0x80,
    0x7f, 0xf0, 0xae, 0xff, 0xf8, 0xc0, 0x1f, 0xfc,
    0x22, 0x44, 0xff, 0xe2, 0x10, 0x7, 0xff, 0xa,
    0x7f, 0xff, 0xf8, 0x92, 0x1, 0xff, 0xc2, 0xbb,
    0xff, 0xe3, 0x0, 0x7f, 0xf0, 0x89, 0x13, 0xff,
    0x88, 0x40, 0x1f, 0xf6, 0x67, 0xff, 0x30, 0x3,
    0xf1, 0x9f, 0xff, 0x2c, 0x80, 0x31, 0xff, 0xff,
    0xf4, 0x88, 0x3, 0xff, 0xa8, 0x7f, 0xff, 0xfd,
    0x22, 0x0, 0xc2, 0x45, 0xff, 0xca, 0x10, 0xf,
    0xdf, 0xbb, 0xff, 0xca, 0xf0, 0xf, 0xf8, 0x8c,
    0xfc, 0x20, 0x1, 0x33, 0xf1, 0x0, 0x7f, 0xf0,
    0xa3, 0x33, 0xc8, 0x0, 0x4c, 0xcf, 0x58, 0x7,
    0xff, 0xa, 0xbf, 0xfc, 0xa0, 0x5, 0xff, 0xf4,
    0x80, 0x7f, 0xf0, 0x84, 0x7e, 0x0, 0xc2, 0x3f,
    0x0, 0x7f, 0xf0, 0xaf, 0xbb, 0xca, 0x0, 0x5e,
    0xef, 0x40, 0x7, 0xff, 0xa, 0xfb, 0xbc, 0xa0,
    0x5, 0xee, 0xf4, 0x0, 0x7f, 0xf0, 0x84, 0x7e,
    0x0, 0xc2, 0x3f, 0x0, 0x7f, 0xd9, 0xbb, 0xfc,
    0x80, 0x4, 0xdd, 0xfe, 0xc0, 0xf, 0x84, 0xcf,
    0xfc, 0x20, 0x1, 0x33, 0xff, 0x8, 0x7, 0xb3,
    0xbb, 0xfc, 0xa0, 0x5, 0xee, 0xff, 0x60, 0x7,
    0x84, 0x3, 0xff, 0x98, 0x20, 0x1e, 0xcf, 0xff,
    0xf2, 0x80, 0x17, 0xff, 0xfd, 0x80, 0x18, 0x8b,
    0xff, 0x82, 0x20, 0x1, 0x22, 0xff, 0xe0, 0x80,
    0x37, 0x7f, 0xf8, 0x28, 0x0, 0x4d, 0xdf, 0xfe,
    0x6, 0x0, 0x7f, 0xf5, 0x40,

    /* U+949F "钟" */
    0x0, 0xc2, 0x1, 0xff, 0xd2, 0xaf, 0xd5, 0x0,
    0xff, 0xe0, 0x7f, 0xc6, 0x1, 0xff, 0x20, 0x10,
    0x80, 0x7f, 0xf3, 0x94, 0x2, 0x40, 0xf, 0xfe,
    0x77, 0x80, 0x10, 0x3, 0xff, 0x9e, 0x80, 0x4,
    0xee, 0xe0, 0xf, 0xfe, 0x4a, 0x88, 0x4, 0x23,
    0xe0, 0xf, 0xfe, 0x47, 0x0, 0x7f, 0xbf, 0xfe,
    0x0, 0xb3, 0xff, 0xc2, 0x4, 0x80, 0xa, 0xcc,
    0xf0, 0x80, 0x7f, 0xf1, 0xe0, 0x0, 0x6a, 0x67,
    0xe0, 0xf, 0xfe, 0x39, 0xa8, 0x2, 0x40, 0x3f,
    0xed, 0xee, 0x80, 0x2b, 0xee, 0x84, 0x2, 0x60,
    0x8, 0x51, 0x3c, 0x1, 0xc6, 0x23, 0x0, 0x4e,
    0x23, 0x0, 0x65, 0x50, 0x2, 0xef, 0xe3, 0x0,
    0xff, 0xe4, 0x50, 0x80, 0x7f, 0xf4, 0xa0, 0xc8,
    0x2, 0x33, 0x84, 0x3, 0xff, 0x92, 0xd9, 0x0,
    0x2, 0xcc, 0x88, 0x3, 0xff, 0xfe, 0x1, 0xf6,
    0xf7, 0x28, 0x0, 0x5d, 0xd5, 0x0, 0x7f, 0xf2,
    0xc, 0x44, 0x1, 0x84, 0x70, 0x6, 0xfe, 0xe8,
    0x2, 0xce, 0xe8, 0x40, 0x3f, 0xf8, 0xe2, 0x38,
    0x3, 0x8, 0xc0, 0x1d, 0x9b, 0xa8, 0x0, 0x16,
    0xed, 0x40, 0x1f, 0xfc, 0x82, 0x2c, 0x1, 0x11,
    0x42, 0x19, 0x9f, 0x0, 0x53, 0x99, 0xe1, 0x0,
    0xff, 0xe0, 0x99, 0xfc, 0x1, 0x29, 0x9f, 0x80,
    0x3f, 0xf8, 0x2, 0x1, 0xff, 0xd0, 0x19, 0xc0,
    0xf, 0xfe, 0x7b, 0x73, 0x10, 0x7, 0xff, 0x2c,
    0xc0, 0x5, 0x20, 0x11, 0x80, 0x7f, 0xf2, 0x46,
    0xc0, 0x38, 0xf0, 0xc0, 0x3f, 0xf9, 0x2a, 0x40,
    0x11, 0x56, 0x18, 0x7, 0xff, 0x29, 0x8, 0x6,
    0x75, 0x40, 0x3f, 0xf9, 0xb0, 0xfc, 0xc0, 0x1f,
    0xfc, 0xb0,

    /* U+94A0 "钠" */
    0x0, 0xff, 0xeb, 0x3f, 0xec, 0x0, 0x7f, 0xc9,
    0x98, 0x90, 0xf, 0xfa, 0xc0, 0x80, 0x3f, 0xf8,
    0x4, 0x66, 0x50, 0xf, 0xf1, 0x18, 0x2, 0xc0,
    0x3f, 0xf9, 0xb4, 0x0, 0x13, 0x0, 0xff, 0xe6,
    0xb0, 0x0, 0x7f, 0xf4, 0x0, 0x7f, 0xf2, 0x14,
    0x40, 0x3f, 0x46, 0xef, 0xa0, 0x0, 0x7b, 0xbe,
    0xc0, 0x4, 0x80, 0x7f, 0x11, 0x7c, 0x20, 0x11,
    0x17, 0xc0, 0x66, 0x0, 0x67, 0xff, 0x40, 0x7,
    0xff, 0x1e, 0x0, 0x8, 0x60, 0x1f, 0xcb, 0x77,
    0x30, 0x0, 0xae, 0xe9, 0x0, 0x85, 0x0, 0x10,
    0x1, 0xfe, 0x24, 0x4b, 0x80, 0xc, 0x89, 0x28,
    0x4, 0x2c, 0x0, 0xde, 0xee, 0xb0, 0xf, 0xde,
    0x0, 0x10, 0xf, 0xd2, 0x40, 0x23, 0xe7, 0x0,
    0xfc, 0x20, 0x3, 0x0, 0xfe, 0x40, 0xf, 0xfe,
    0x21, 0x0, 0x38, 0x3, 0xfa, 0x35, 0x80, 0xd,
    0xbb, 0x0, 0x7e, 0x60, 0x7, 0x80, 0x7f, 0x9,
    0x0, 0x62, 0x20, 0x80, 0x7c, 0x24, 0x0, 0x72,
    0x0, 0xff, 0xe6, 0x38, 0x6, 0xe0, 0xf, 0xfe,
    0x65, 0x80, 0x63, 0x70, 0xf, 0x77, 0xf9, 0x80,
    0xd, 0xff, 0x28, 0x7, 0x21, 0x0, 0x18, 0x1,
    0x4, 0x1, 0xff, 0xc3, 0x30, 0xe, 0x90, 0x1,
    0xca, 0x0, 0x38, 0x3, 0xff, 0x91, 0x24, 0x0,
    0x80, 0x90, 0x1, 0xc8, 0x6, 0xfe, 0xe3, 0x0,
    0x1b, 0xba, 0x60, 0x9, 0x18, 0x0, 0x88, 0x2,
    0x70, 0x2, 0x80, 0x61, 0x18, 0x3, 0x8, 0xc0,
    0x18, 0xc0, 0x2a, 0x0, 0xa0, 0x80, 0x3f, 0xf9,
    0xe, 0xa1, 0x42, 0x1, 0xa0, 0x5c, 0x3, 0xff,
    0x8f, 0x52, 0xa0, 0x1c, 0xbf, 0x60, 0x1f, 0xfc,
    0x3, 0xd0, 0xf, 0x30, 0x7, 0xc2, 0x1, 0xff,
    0xc0, 0x8c, 0x22, 0x0, 0x7f, 0xf3, 0x59, 0xc0,
    0xc, 0x1, 0xff, 0xc2, 0x60, 0xf, 0x8c, 0x3,
    0x95, 0x40, 0x1f, 0xc4, 0x89, 0x2c, 0x80, 0x78,
    0x94, 0x2, 0x2b, 0xa1, 0x0, 0xfe, 0xab, 0xba,
    0x8c, 0x0, 0x40, 0x11, 0x20, 0x1, 0xf5, 0x0,
    0x3f, 0xed, 0x0, 0xfa, 0xc0, 0x34, 0x26, 0xc0,
    0x7, 0xff, 0x5, 0xc0, 0x38, 0x9d, 0xc0,

    /* U+94AE "钮" */
    0x0, 0xcb, 0x2c, 0x40, 0x1f, 0xfd, 0xe, 0x69,
    0xa0, 0xe, 0x12, 0x2f, 0xfe, 0x18, 0x7, 0x85,
    0x0, 0x14, 0x1, 0xd7, 0xbb, 0xff, 0xc3, 0x60,
    0xe, 0x60, 0x1, 0x90, 0x7, 0xff, 0x24, 0xc0,
    0x3a, 0x80, 0x7, 0xff, 0xc8, 0x1, 0xff, 0xc4,
    0x10, 0xc, 0x64, 0x1, 0xfd, 0x7b, 0xb0, 0x5,
    0x7b, 0xbc, 0x1, 0xfa, 0x40, 0x3f, 0xc2, 0x44,
    0x30, 0x9, 0x88, 0xb8, 0x2, 0x70, 0x8, 0x94,
    0x1, 0x9f, 0xfe, 0x40, 0x8, 0xc0, 0x23, 0x0,
    0xfc, 0x20, 0x14, 0x0, 0x14, 0xc0, 0x3f, 0xc2,
    0x1, 0x8, 0x6, 0x10, 0xf, 0x94, 0x1, 0x0,
    0x1f, 0xf3, 0x80, 0x7e, 0x30, 0x8, 0xc0, 0x29,
    0x0, 0x76, 0x67, 0xa0, 0x3, 0x8, 0x0, 0x40,
    0x3f, 0x84, 0x2, 0x63, 0x3, 0x3f, 0x88, 0x3,
    0x18, 0x0, 0x80, 0x38, 0x40, 0x3f, 0x38, 0x7,
    0xff, 0x4, 0x40, 0xe, 0x1, 0xce, 0x1, 0xfa,
    0x72, 0x40, 0x5, 0x99, 0x40, 0x22, 0x5a, 0x0,
    0x74, 0x4e, 0xc0, 0x0, 0x80, 0x71, 0x19, 0x0,
    0x4, 0xce, 0x22, 0x5d, 0xca, 0x0, 0x3b, 0xbe,
    0x70, 0xf, 0xfe, 0xb1, 0x80, 0x7f, 0xf4, 0xc4,
    0x2, 0x1f, 0xfa, 0xc0, 0x7, 0xff, 0x8b, 0xba,
    0x20, 0x4, 0x77, 0x73, 0x80, 0x7f, 0xf1, 0xc4,
    0x60, 0x8, 0x84, 0x7c, 0x0, 0x70, 0xf, 0xfe,
    0x39, 0x80, 0x4, 0x3, 0xff, 0x80, 0x3f, 0xf5,
    0x0, 0xf, 0xff, 0x0, 0x61, 0x0, 0x38, 0x7,
    0x18, 0x0, 0x40, 0x3e, 0x10, 0xf, 0xfe, 0x10,
    0x80, 0x70, 0x80, 0xc, 0x3, 0xff, 0x8c, 0x20,
    0x11, 0x80, 0x7f, 0xf3, 0xc8, 0x2, 0x10, 0xe,
    0x70, 0x0, 0x80, 0x7f, 0xf0, 0xa, 0xe0, 0x2,
    0x70, 0xf, 0xe1, 0x0, 0x78, 0x7, 0xfd, 0x1a,
    0x84, 0x1, 0x8, 0x0, 0x40, 0x3c, 0x60, 0x1f,
    0xfc, 0x13, 0x70, 0x3, 0x91, 0x60, 0x8, 0x8b,
    0xc0, 0x17, 0x91, 0x0, 0x3b, 0x40, 0x38, 0x9f,
    0x76, 0x80, 0x0, 0xee, 0xf8, 0x40, 0xf, 0xba,
    0x50, 0x8, 0x98, 0x2, 0x19, 0xdc, 0x0, 0xff,
    0xe5, 0x92, 0x80, 0x1b, 0xd8, 0x3, 0xff, 0x9d,
    0x6b, 0xb2, 0x20, 0x6, 0xff, 0xff, 0xe3, 0xa8,

    /* U+94FE "链" */
    0x0, 0xc2, 0x20, 0xf, 0xfe, 0x95, 0xf7, 0x10,
    0x3, 0xa, 0x0, 0x7d, 0x19, 0x48, 0x1, 0xff,
    0x28, 0xa, 0x80, 0x53, 0xd6, 0x20, 0x1e, 0x43,
    0x57, 0x0, 0xff, 0x28, 0x1, 0x4, 0x2, 0x10,
    0x3, 0x0, 0x70, 0x98, 0x0, 0xc0, 0x3f, 0xdc,
    0x0, 0xe0, 0xd, 0x40, 0xa, 0x0, 0x19, 0xcc,
    0x0, 0x23, 0x3f, 0x8, 0x4, 0x48, 0x0, 0xaf,
    0xfa, 0x48, 0x80, 0x44, 0x1c, 0xca, 0x0, 0x5,
    0x99, 0xe9, 0x0, 0xac, 0x3, 0xfa, 0x80, 0x14,
    0x1, 0xff, 0xc5, 0x16, 0x0, 0xfe, 0x50, 0x3,
    0x0, 0x8c, 0x1, 0x8, 0xfd, 0xe0, 0x9, 0x0,
    0x2f, 0x77, 0x48, 0x11, 0x81, 0x7, 0x71, 0x80,
    0xf, 0xdd, 0xf3, 0x80, 0xb8, 0x2, 0x4, 0x78,
    0x2, 0xfe, 0xc1, 0x0, 0x28, 0x2, 0xd1, 0x98,
    0x1, 0xe6, 0x0, 0x29, 0x0, 0x7e, 0x31, 0x0,
    0x88, 0x80, 0x47, 0xd3, 0x21, 0x0, 0xe6, 0x10,
    0x6a, 0xae, 0x70, 0xf, 0xca, 0x0, 0x50, 0xf,
    0xf0, 0xd8, 0x1a, 0xaf, 0x60, 0xb3, 0x65, 0x0,
    0x50, 0x2, 0x80, 0x3f, 0xe5, 0x10, 0xf, 0x8a,
    0x67, 0x58, 0x19, 0x1, 0x10, 0x3, 0x18, 0x7,
    0xd1, 0x0, 0xa, 0x21, 0xc0, 0x1f, 0x20, 0x0,
    0xbf, 0xca, 0x0, 0xdf, 0xf8, 0xc0, 0x26, 0x71,
    0x0, 0x3b, 0x94, 0x48, 0x80, 0x1f, 0xfd, 0x12,
    0xdc, 0x0, 0xc2, 0x3e, 0x0, 0x84, 0x78, 0x3,
    0xff, 0x8c, 0xdd, 0xdc, 0x1, 0x7f, 0x74, 0x40,
    0xa, 0xbb, 0x8, 0x2, 0xee, 0x60, 0xf, 0xfe,
    0x52, 0x24, 0x1, 0x22, 0x5c, 0x1, 0xff, 0xda,
    0x44, 0xf0, 0x4, 0x89, 0xc0, 0x9, 0x88, 0x0,
    0x51, 0x16, 0x0, 0x7a, 0xef, 0xc0, 0x15, 0x5d,
    0xe0, 0x3, 0xbc, 0x20, 0x7, 0x79, 0x0, 0x3f,
    0xfb, 0x46, 0x7e, 0x0, 0x8c, 0xf2, 0x0, 0x7f,
    0xf1, 0xb3, 0x3c, 0x1, 0x6e, 0x65, 0x60, 0x1f,
    0xc5, 0x40, 0x4, 0x0, 0x9, 0x0, 0x7f, 0xf2,
    0x9b, 0x54, 0xe, 0x80, 0x29, 0x0, 0xff, 0xe5,
    0x48, 0x1, 0x34, 0x3, 0x24, 0x80, 0x71, 0x9c,
    0x1, 0xfe, 0x10, 0xc, 0xb2, 0x20, 0x9, 0x0,
    0x36, 0xc2, 0x11, 0x3b, 0xa3, 0x22, 0xc0, 0x19,
    0x40, 0x35, 0x1, 0x0, 0x25, 0xa4, 0x0, 0x4f,
    0x7b, 0xbf, 0xe2, 0x0, 0xf1, 0x62, 0xe0, 0x1,
    0x58, 0x1a, 0x40, 0x3f, 0xf8, 0x44, 0x1, 0x2a,
    0x23, 0xc, 0x19, 0x4a, 0x80, 0x26, 0xe8, 0x31,
    0x0, 0xfe, 0x30, 0xe, 0xab, 0x10, 0xa, 0xfc,
    0x3, 0x85, 0xf3, 0xbf, 0xff, 0xb0, 0x0,

    /* U+9501 "锁" */
    0x0, 0xc3, 0xd2, 0xa0, 0x1f, 0xf1, 0xee, 0xb0,
    0x3, 0xff, 0x82, 0xc2, 0xd2, 0x1, 0xca, 0xa0,
    0xc, 0xe4, 0x50, 0x7, 0x41, 0x0, 0x7a, 0x80,
    0x16, 0x1, 0x9a, 0xa8, 0x80, 0x1f, 0xf3, 0xbb,
    0x10, 0x3, 0x21, 0x0, 0x18, 0x3, 0x58, 0x2,
    0xc8, 0x3, 0xf9, 0x20, 0x7, 0x0, 0x37, 0x80,
    0x5d, 0xff, 0x2e, 0x8, 0x3, 0x4, 0x3, 0xe2,
    0xb0, 0x2, 0x40, 0x4, 0x48, 0x1, 0xf8, 0x74,
    0x0, 0x3a, 0x1, 0xe1, 0xc0, 0x0, 0xd0, 0x6,
    0x80, 0xf, 0xf1, 0xd0, 0x0, 0xd0, 0x3, 0xa0,
    0x40, 0x18, 0x20, 0x11, 0xa8, 0x2, 0xff, 0xf9,
    0x40, 0xa, 0xe1, 0x68, 0x1, 0xd2, 0xc1, 0x64,
    0x1, 0xbc, 0x0, 0x88, 0x0, 0xfe, 0x8c, 0x40,
    0xf, 0xa7, 0x50, 0x3, 0x21, 0x80, 0x24, 0x3,
    0xe2, 0xaa, 0xa6, 0xa9, 0x0, 0x1, 0xaa, 0xa2,
    0xa9, 0x20, 0x4, 0x10, 0x6, 0xff, 0xf5, 0x80,
    0xaa, 0xf8, 0xc0, 0x25, 0x5f, 0x38, 0x5, 0x60,
    0x1f, 0x9c, 0x3, 0xff, 0x94, 0xa6, 0x1, 0xff,
    0xc1, 0xaa, 0xff, 0x40, 0x7, 0xdb, 0xc8, 0x0,
    0x8e, 0xe6, 0x80, 0x72, 0xaf, 0xf9, 0x0, 0x3e,
    0x11, 0x80, 0x21, 0x18, 0x3, 0xf1, 0x7f, 0xc0,
    0x1f, 0xfd, 0xf1, 0x10, 0x6, 0x11, 0x80, 0x3f,
    0xf9, 0x5d, 0xd2, 0x80, 0x23, 0xba, 0x40, 0xf,
    0x84, 0x3, 0xff, 0xa6, 0xe0, 0x1f, 0xfd, 0x32,
    0x0, 0x8, 0x7, 0xfb, 0xbf, 0xca, 0x0, 0x8f,
    0xf9, 0x0, 0x3e, 0xf0, 0x1, 0x80, 0x7f, 0xf4,
    0x10, 0x0, 0xe0, 0x1f, 0xfc, 0xf3, 0x20, 0x2,
    0x18, 0x7, 0xff, 0x18, 0xc0, 0xa2, 0x20, 0x4,
    0x0, 0x43, 0x90, 0x7, 0x76, 0xd0, 0xf, 0xf0,
    0xe7, 0x0, 0xbb, 0xc0, 0xe8, 0x1, 0xcf, 0x84,
    0x88, 0x30, 0xf, 0xec, 0xf3, 0x22, 0x0, 0x68,
    0x80, 0x5, 0x0, 0x11, 0xeb, 0x0, 0x7f, 0xc8,
    0x20, 0x22, 0x0, 0x26, 0xb8, 0x5, 0x2f, 0xa6,
    0x1, 0x4d, 0x88, 0x7, 0x90, 0x3, 0x27, 0x9a,
    0xe5, 0x90, 0x5, 0x2c, 0x5, 0x8c, 0x1, 0x27,
    0xa0, 0x6, 0x61, 0x0, 0xa6, 0xdf, 0xa8, 0xc0,
    0x21, 0xb6, 0x0, 0xd3, 0x62, 0x0, 0x1b, 0x70,
    0x9, 0x88, 0x13, 0x98, 0xc, 0x40, 0x33, 0xf2,
    0x0, 0x79, 0x3c, 0xc0, 0x24, 0x0, 0xdd, 0x36,
    0x20, 0x5, 0x20, 0x3, 0x74, 0x0, 0x7f, 0xe,
    0x38, 0x39, 0x80, 0x63, 0x60, 0xe, 0x99, 0x7c,
    0x88, 0x7, 0xff, 0x2, 0x2e, 0x0,

    /* U+957F "长" */
    0x0, 0xe8, 0x99, 0x18, 0x7, 0xff, 0x39, 0xd9,
    0xa0, 0xf, 0xfe, 0x11, 0xe3, 0x80, 0x7f, 0xf3,
    0x46, 0x70, 0xe4, 0x3, 0xff, 0x98, 0xfe, 0xc0,
    0x1, 0x60, 0xf, 0xfe, 0x4b, 0x74, 0x8, 0x4,
    0x6a, 0x1, 0xff, 0xc7, 0x6d, 0x91, 0x0, 0x86,
    0x70, 0xc0, 0x3f, 0xf8, 0x82, 0xfd, 0x24, 0x1,
    0x9f, 0xd8, 0x3, 0xff, 0x88, 0x95, 0xd0, 0x20,
    0x19, 0xba, 0x4, 0x3, 0xff, 0x89, 0x16, 0xa0,
    0x18, 0x5f, 0xa4, 0x40, 0x3f, 0xf8, 0xd6, 0x1,
    0x8a, 0x7a, 0x4, 0x3, 0xff, 0x90, 0x64, 0xb,
    0x7a, 0xc0, 0x1f, 0xfc, 0xce, 0xe5, 0x20, 0x7,
    0xff, 0x38, 0xc4, 0x3, 0xff, 0x8b, 0xdf, 0xf8,
    0x2, 0xaf, 0xff, 0xfe, 0x44, 0x0, 0x7f, 0xfc,
    0x2e, 0x67, 0x0, 0x4d, 0x33, 0x98, 0x2, 0x79,
    0x9f, 0xfa, 0xd5, 0x9b, 0x0, 0x58, 0xcd, 0xa4,
    0x40, 0x2, 0xcd, 0xff, 0x18, 0x7, 0xff, 0xa,
    0x40, 0xc, 0x60, 0x1f, 0xfc, 0xd7, 0x10, 0x7,
    0x0, 0x7f, 0xf3, 0xac, 0x0, 0x52, 0x1, 0xff,
    0xcd, 0x55, 0x0, 0x19, 0xc0, 0x3f, 0xf9, 0xb6,
    0x20, 0x8, 0x70, 0xf, 0xfe, 0x58, 0x8b, 0x40,
    0x28, 0xa0, 0xf, 0xfe, 0x42, 0xde, 0x1, 0xd8,
    0x4, 0xbc, 0xa0, 0x1f, 0xfc, 0x31, 0x8e, 0xa4,
    0x30, 0x2, 0x60, 0x80, 0x6, 0xb1, 0x40, 0x3f,
    0xec, 0xae, 0x71, 0x0, 0x8, 0x4, 0x78, 0x60,
    0x11, 0xd6, 0xb8, 0x80, 0x63, 0x0, 0x99, 0x40,
    0x32, 0x50, 0x6, 0x2c, 0x80, 0xc, 0x51, 0x20,
    0x1b, 0x0, 0x3c, 0x2f, 0xb6, 0xa0, 0x1e, 0x7d,
    0x50, 0x8, 0x64, 0x3, 0x28, 0x6, 0x39, 0xe8,
    0x20, 0xf, 0xe2, 0xad, 0x50, 0x91, 0x0, 0xd2,
    0x0, 0x6c, 0xc3, 0x0, 0x7f, 0xf0, 0x8a, 0xb9,
    0xc0, 0x38, 0xeb, 0xa4, 0xc0, 0x3f, 0xf8, 0xc2,
    0x0,

    /* U+95ED "闭" */
    0x0, 0xff, 0xe9, 0x17, 0x20, 0x7, 0xff, 0x30,
    0xb0, 0x6d, 0x40, 0x31, 0x9f, 0xff, 0x14, 0x81,
    0xc4, 0x1, 0x4c, 0x1, 0x66, 0x7f, 0xf1, 0x81,
    0x68, 0x2, 0x96, 0x0, 0xff, 0xe5, 0x2d, 0x0,
    0x52, 0xc0, 0x1f, 0xfc, 0xa5, 0x90, 0x8, 0x43,
    0xbb, 0xff, 0x85, 0x0, 0x1f, 0x34, 0x83, 0xb8,
    0x4, 0x7d, 0x79, 0x87, 0x11, 0xe0, 0x9, 0xbf,
    0xda, 0xd, 0x70, 0x1, 0xf9, 0x88, 0x82, 0x1,
    0xff, 0x18, 0x1, 0x0, 0x3f, 0xfd, 0x7f, 0xff,
    0xe3, 0x0, 0x47, 0xfc, 0x20, 0x1f, 0xfc, 0xf3,
    0x0, 0xff, 0xed, 0x77, 0x7e, 0x10, 0xc, 0xfd,
    0xd1, 0x0, 0x7f, 0x84, 0x7e, 0x81, 0x0, 0xde,
    0x23, 0x0, 0x7f, 0xf1, 0x55, 0x80, 0x2, 0x1,
    0xff, 0xca, 0x3a, 0x0, 0x39, 0x0, 0x7f, 0xf2,
    0x4b, 0x0, 0x7, 0x0, 0x1f, 0xfc, 0x92, 0xc0,
    0x0, 0xf0, 0x7, 0xff, 0x25, 0x34, 0x40, 0x1a,
    0x40, 0x1f, 0xfc, 0x86, 0xb0, 0xa, 0x8c, 0x3,
    0xff, 0x8e, 0x35, 0x20, 0x15, 0x28, 0x7, 0xff,
    0x1c, 0xfd, 0x40, 0x2b, 0x50, 0xf, 0xfe, 0x41,
    0x0, 0x43, 0x88, 0x1, 0xff, 0xc9, 0x1a, 0x5,
    0xf3, 0x0, 0xe1, 0x30, 0xf, 0xfe, 0x22, 0x65,
    0x8, 0xe, 0xed, 0xdc, 0x0, 0x88, 0x3, 0xff,
    0x84, 0x60, 0x10, 0x99, 0x10, 0x40, 0x32, 0x0,
    0x6e, 0x0, 0xff, 0xe1, 0x28, 0x7, 0x15, 0x2a,
    0x21, 0x5d, 0x80, 0x6, 0x1, 0xff, 0x56, 0xee,
    0xed, 0x5a, 0xbb, 0x54, 0x8, 0x1, 0xc0, 0x3f,
    0xe1, 0x22, 0xc2, 0x0, 0x50, 0xf, 0xb8, 0x3,
    0xff, 0x8f, 0x80, 0x18, 0x52, 0x90,

    /* U+95F4 "间" */
    0x0, 0xff, 0xe9, 0x16, 0x18, 0x7, 0xff, 0x30,
    0xb0, 0xf0, 0xc0, 0x32, 0x27, 0xff, 0x14, 0xc2,
    0x84, 0x1, 0x88, 0x0, 0x3b, 0xbf, 0xfe, 0x2e,
    0x84, 0x38, 0x5, 0x68, 0x1, 0xff, 0xca, 0x87,
    0x0, 0xad, 0x0, 0x3f, 0xf9, 0x50, 0xe0, 0x16,
    0x1f, 0xff, 0xff, 0xa, 0x0, 0x3e, 0x86, 0x8,
    0x80, 0x7, 0xff, 0xc, 0x40, 0x23, 0x88, 0x38,
    0x4d, 0xb8, 0x7, 0xff, 0x21, 0x5d, 0xd2, 0x0,
    0x41, 0x33, 0xff, 0xe0, 0x10, 0x7, 0xff, 0x9,
    0x33, 0x3f, 0xf8, 0x1a, 0x1, 0xff, 0xe2, 0x22,
    0xf8, 0x3, 0xff, 0x90, 0x3b, 0xbe, 0xe0, 0xf,
    0xff, 0xf8, 0x1, 0x13, 0xca, 0x1, 0xff, 0xc8,
    0x1b, 0xbf, 0x48, 0x7, 0xff, 0x95, 0x13, 0xc6,
    0x1, 0xff, 0xc8, 0x1b, 0xbf, 0x78, 0x7, 0xff,
    0xfc, 0x0, 0x89, 0xe5, 0x0, 0xff, 0xe4, 0xd,
    0xdf, 0xa4, 0x3, 0xff, 0xc2, 0x24, 0x5f, 0xfc,
    0x10, 0x8, 0x40, 0x3f, 0xc9, 0xbb, 0xff, 0xc1,
    0x0, 0xb8, 0x3, 0xff, 0x92, 0x46, 0x72, 0x3b,
    0x0, 0xc, 0x3, 0xff, 0x8d, 0x19, 0x95, 0xc0,
    0x4, 0xe0, 0x1f, 0xfc, 0x6d, 0x0, 0xfd, 0x20,
    0x1f, 0xfc, 0x63, 0x0, 0xe1, 0x4b, 0x30,

    /* U+9664 "除" */
    0x0, 0xff, 0xe2, 0xc6, 0x62, 0x0, 0x3f, 0xf9,
    0xa4, 0xe6, 0x67, 0x30, 0xf, 0xdd, 0xff, 0xf9,
    0xc0, 0x3d, 0xc0, 0x1b, 0x80, 0x3f, 0xf8, 0xbe,
    0x1, 0xcc, 0x60, 0x1, 0x2, 0x90, 0xf, 0xfe,
    0x49, 0xc8, 0x1, 0x68, 0x0, 0xcc, 0x0, 0xfe,
    0xbc, 0xc2, 0x80, 0x38, 0x2, 0x1d, 0x0, 0xd,
    0xa2, 0x80, 0x25, 0x0, 0x3f, 0x29, 0x99, 0x80,
    0x8, 0x0, 0x1c, 0x10, 0x5, 0x8, 0x51, 0x0,
    0x2d, 0x40, 0x3f, 0xc6, 0x4, 0x40, 0x1c, 0x20,
    0x4, 0x20, 0x5, 0xe0, 0x15, 0x28, 0x7, 0xe4,
    0x0, 0x28, 0x16, 0x10, 0x1, 0x9c, 0x3, 0x15,
    0x80, 0x55, 0x20, 0x1f, 0x60, 0x2, 0xd7, 0x48,
    0x0, 0xb2, 0x1, 0xe4, 0xa0, 0x9, 0xb0, 0x40,
    0x39, 0x0, 0x45, 0x40, 0x19, 0x7f, 0xff, 0x50,
    0x6, 0x33, 0x0, 0x71, 0x82, 0x12, 0x80, 0x1c,
    0x3, 0xfe, 0x1d, 0x20, 0x62, 0x0, 0xc8, 0x0,
    0xf0, 0xb1, 0xa8, 0x0, 0xff, 0xe0, 0x16, 0xb4,
    0x0, 0x71, 0x80, 0x8, 0x7, 0xd4, 0x3f, 0xf4,
    0x0, 0x1b, 0xfe, 0xe0, 0x4, 0x88, 0x7, 0x38,
    0x84, 0x80, 0x4, 0x3, 0xc2, 0x1, 0xff, 0xc5,
    0x80, 0x17, 0x0, 0xff, 0xe7, 0x30, 0x2, 0x80,
    0xd5, 0x7d, 0x80, 0x2, 0x55, 0xf8, 0x3, 0xf2,
    0x81, 0x1c, 0xd5, 0x79, 0x40, 0x9, 0x55, 0xf0,
    0x80, 0x7d, 0xe0, 0x5, 0x0, 0xff, 0xe7, 0x30,
    0x3, 0xc8, 0xbe, 0x10, 0x0, 0x91, 0x7c, 0x20,
    0x1f, 0x8, 0x0, 0xe3, 0x73, 0x77, 0x40, 0x1,
    0xf7, 0x5f, 0x9b, 0xb0, 0x7, 0xe6, 0x0, 0x18,
    0x2, 0xb9, 0xc0, 0x3e, 0x5d, 0xa0, 0xf, 0xc6,
    0x27, 0x0, 0x1, 0x4, 0x40, 0xc8, 0x7, 0xd6,
    0x8, 0xe0, 0x1f, 0x57, 0x61, 0x80, 0x30, 0x24,
    0x1, 0x0, 0x1f, 0x50, 0x2, 0xc, 0x3, 0xda,
    0x1, 0x8d, 0x20, 0x80, 0xd8, 0x3, 0xe4, 0x70,
    0x7, 0x0, 0x79, 0xc8, 0x86, 0xf8, 0x6e, 0x0,
    0xf0, 0xf, 0xe8, 0x20, 0x29, 0x0, 0xe3, 0xdd,
    0x64, 0xf, 0x0, 0x1c, 0xc0, 0x21, 0x0, 0xf7,
    0x80, 0x19, 0x40, 0x3f, 0xa8, 0x80, 0xa0, 0x4,
    0x45, 0x80, 0x1e, 0x28, 0x0, 0x58, 0x80, 0x7e,
    0xc0, 0x7, 0x85, 0x77, 0x35, 0x0, 0x2, 0x1,
    0x9c, 0xc2, 0x4, 0x3, 0xf3, 0xdd, 0x10, 0x60,
    0x7, 0xac, 0x3, 0xbb, 0x58, 0x3, 0xfc, 0x8a,
    0x0, 0x50, 0xc, 0x52, 0x60, 0x1c, 0x44, 0x0,
    0x0,

    /* U+9690 "隐" */
    0x0, 0xff, 0xe1, 0x3d, 0xc2, 0x0, 0x7f, 0xf0,
    0x8, 0xbf, 0x84, 0x2, 0x18, 0x47, 0xc0, 0xf,
    0xfe, 0x7, 0xee, 0xfe, 0x70, 0xa, 0xc0, 0x3,
    0x20, 0x1f, 0xfc, 0xc6, 0x50, 0x0, 0xf7, 0xff,
    0xc6, 0x1, 0xf1, 0x9c, 0x20, 0x18, 0xa4, 0x3,
    0xff, 0x91, 0x99, 0x20, 0x1, 0x47, 0x0, 0x4,
    0xcd, 0xe4, 0x0, 0x84, 0x3, 0xfc, 0x80, 0x25,
    0xa2, 0x3, 0x93, 0x3d, 0x4a, 0x0, 0xa2, 0x0,
    0xfe, 0x31, 0x5, 0xd3, 0x1, 0xc1, 0x0, 0xc7,
    0xa2, 0x12, 0xa0, 0x1f, 0xeb, 0x0, 0x8c, 0x0,
    0x71, 0x55, 0xda, 0x20, 0xc, 0xaa, 0x8c, 0x3,
    0xe4, 0x0, 0x52, 0x80, 0x9, 0x57, 0xc2, 0x1,
    0x2a, 0xe7, 0x0, 0xf0, 0x98, 0x18, 0xd6, 0x8,
    0x7, 0xff, 0x29, 0x0, 0x16, 0x0, 0x3e, 0xff,
    0xff, 0xe0, 0x30, 0x7, 0xf7, 0x80, 0x10, 0x3,
    0xff, 0x9c, 0x40, 0xa, 0x0, 0xb, 0x37, 0xff,
    0x5, 0x40, 0x3f, 0xa0, 0x81, 0x84, 0xe, 0x67,
    0xff, 0x82, 0x60, 0x1f, 0xeb, 0x0, 0x48, 0x0,
    0x47, 0xff, 0x82, 0x1, 0xff, 0x30, 0x83, 0x1,
    0x77, 0x7f, 0xf0, 0x58, 0x3, 0xfe, 0x70, 0x12,
    0x0, 0xff, 0xe7, 0x60, 0x1, 0xdb, 0xff, 0xff,
    0x82, 0xc0, 0x1f, 0xf0, 0x80, 0xc, 0x3, 0xff,
    0xa2, 0x24, 0xab, 0xe4, 0x2, 0x55, 0xf9, 0xc0,
    0x3f, 0x68, 0x0, 0x52, 0xab, 0xcc, 0x0, 0xaa,
    0xf5, 0x98, 0x7, 0x35, 0xeb, 0x0, 0x56, 0xc1,
    0x9d, 0xc1, 0xb0, 0x28, 0x0, 0x93, 0x70, 0x3,
    0xe4, 0x20, 0x1, 0x72, 0x48, 0x90, 0x88, 0x18,
    0x81, 0xc4, 0x40, 0x64, 0x44, 0x0, 0xe5, 0x0,
    0x93, 0xd4, 0xc, 0x40, 0x3a, 0x40, 0x89, 0xda,
    0x1, 0x78, 0x7, 0x1e, 0xf7, 0xd8, 0x90, 0x58,
    0x7, 0x92, 0xb4, 0x80, 0xbd, 0x41, 0x8, 0x3,
    0x88, 0x40, 0x14, 0x0, 0x50, 0xf, 0x94, 0x3,
    0x7c, 0x80, 0x2c, 0x3, 0xf0, 0xb0, 0x19, 0x1,
    0x80, 0x8, 0x3, 0x28, 0x0, 0x4c, 0x81, 0xc0,
    0x3f, 0x30, 0x2, 0x80, 0x2, 0x0, 0xdc, 0xcd,
    0x60, 0x2, 0xa, 0x1, 0x50, 0xf, 0x8d, 0x1,
    0x80, 0x16, 0x0, 0x13, 0x3c, 0x1, 0x20, 0x31,
    0x4a, 0x80, 0x7c, 0x97, 0xc0, 0x13, 0xb8, 0x40,
    0x38, 0x53, 0x0, 0x3, 0xac, 0x0,

    /* U+9762 "面" */
    0x33, 0xff, 0xe8, 0x8e, 0xe6, 0x7f, 0xf4, 0x24,
    0x3, 0xff, 0xa4, 0xa4, 0x5f, 0xf0, 0x80, 0x44,
    0x5f, 0xfc, 0x1e, 0xbd, 0xdf, 0xf9, 0x40, 0x3,
    0xbb, 0xff, 0xc1, 0x60, 0xf, 0xf8, 0x50, 0x0,
    0xc0, 0x1f, 0xfc, 0xd6, 0x0, 0xa8, 0x3, 0xff,
    0x86, 0x9f, 0xff, 0xd0, 0x1, 0x6f, 0xff, 0xfd,
    0xc0, 0x1f, 0xfd, 0x11, 0x0, 0xff, 0xec, 0xf,
    0x75, 0x40, 0x3, 0xee, 0xeb, 0x0, 0xf, 0x75,
    0x60, 0x1f, 0xe1, 0x18, 0x3, 0x8, 0xf3, 0x80,
    0x42, 0x30, 0x7, 0xff, 0x8c, 0xaa, 0xba, 0x0,
    0x3f, 0xf9, 0x62, 0xab, 0xc8, 0x1, 0xff, 0xe9,
    0x3f, 0xfe, 0xc0, 0xf, 0xff, 0xf8, 0x7, 0xe3,
    0xbb, 0xef, 0x0, 0xff, 0xe6, 0x22, 0x71, 0x80,
    0x7f, 0xfa, 0x4f, 0xff, 0xb0, 0x3, 0xff, 0xfe,
    0x3, 0xbb, 0x58, 0x0, 0xf7, 0x7c, 0x0, 0x1d,
    0xda, 0x80, 0x3f, 0xc4, 0x50, 0x80, 0x44, 0x5c,
    0x20, 0x11, 0x14, 0x20, 0x1f, 0xfd, 0xb1, 0xff,
    0xff, 0xe3, 0xd8, 0x7, 0xff, 0x5c,

    /* U+9879 "项" */
    0x0, 0xff, 0xe0, 0x11, 0x9f, 0xff, 0x14, 0x41,
    0x15, 0x7f, 0x83, 0x33, 0xff, 0x8c, 0xc1, 0x55,
    0xfe, 0x10, 0xf, 0xfe, 0x99, 0x88, 0xf8, 0x3,
    0x8, 0xfc, 0x0, 0x30, 0xf, 0xf6, 0xf7, 0x78,
    0x40, 0xf, 0xdd, 0xf3, 0x86, 0xff, 0x98, 0x0,
    0xbf, 0xf0, 0x80, 0x78, 0x84, 0x1, 0xa0, 0x1f,
    0xfc, 0xe7, 0x0, 0x9c, 0x3, 0xff, 0x92, 0x23,
    0xd8, 0x1, 0x18, 0x8f, 0x80, 0x3f, 0xf8, 0x51,
    0xdd, 0xcc, 0x1, 0x77, 0x7c, 0x80, 0x1f, 0xfe,
    0x31, 0x33, 0xff, 0x0, 0x7f, 0xf2, 0x13, 0x33,
    0xfc, 0x20, 0x1f, 0xfc, 0xb8, 0xbb, 0x28, 0x7,
    0xff, 0x3d, 0x12, 0x20, 0xf, 0xff, 0xf8, 0x7,
    0xff, 0xfc, 0x4, 0x0, 0x20, 0x1f, 0xfc, 0xf2,
    0x0, 0x18, 0x7, 0xff, 0xc, 0x52, 0x30, 0x3,
    0xe2, 0x0, 0x9c, 0x3, 0xff, 0x80, 0x60, 0x4,
    0xb7, 0x32, 0x0, 0xf2, 0x80, 0x56, 0x1, 0xf8,
    0xa3, 0x3d, 0x40, 0x3c, 0xd8, 0xee, 0xf0, 0x19,
    0x0, 0x9b, 0x48, 0x25, 0xdc, 0xc0, 0x2e, 0x60,
    0x1e, 0x15, 0x74, 0x88, 0x28, 0x68, 0x80, 0x62,
    0xd6, 0x78, 0x81, 0x1, 0x80, 0x61, 0x59, 0xde,
    0xa3, 0x0, 0x8b, 0x4c, 0x0, 0xf0, 0x1, 0x4d,
    0x0, 0x71, 0xa4, 0xef, 0x53, 0x10, 0x6, 0x18,
    0xd2, 0x0, 0x2c, 0x3d, 0x88, 0x1, 0x74, 0xc0,
    0x2c, 0xb6, 0x20, 0xf, 0x14, 0x73, 0x80, 0x4d,
    0x40, 0x4, 0xf3, 0x0, 0x16, 0x38, 0x7, 0xf8,
    0xef, 0x5c, 0x2, 0x1a, 0x90, 0xc, 0x38, 0xc0,
    0x14, 0x48, 0x7, 0xf1, 0x20, 0x6, 0x6f, 0x50,
    0xf, 0xa6, 0x40, 0x16, 0x80, 0x7f, 0xc, 0x80,
    0x1b, 0x64, 0x40, 0x3f, 0x9b, 0x5, 0x90, 0x3,
    0xfc, 0xd1, 0xd2, 0x40, 0x1f, 0xfc, 0x3, 0xf9,
    0x0,

    /* U+9884 "预" */
    0x0, 0xff, 0xea, 0xe7, 0xff, 0xfc, 0x57, 0xff,
    0xff, 0xc4, 0x20, 0xf, 0xfe, 0xab, 0x88, 0xfe,
    0x0, 0xc2, 0x1, 0xff, 0xc4, 0x30, 0xbe, 0xef,
    0x94, 0x0, 0x44, 0xaf, 0xfe, 0x90, 0x1, 0xff,
    0xfc, 0x20, 0x12, 0xd8, 0x4, 0xc8, 0x0, 0xf0,
    0xf, 0xb0, 0x0, 0x80, 0x1f, 0xe4, 0xa4, 0xb0,
    0x39, 0x0, 0x49, 0x0, 0x7c, 0x80, 0xc, 0x0,
    0xff, 0x22, 0x1, 0x27, 0x40, 0xa, 0xc0, 0x16,
    0xef, 0x8, 0x2, 0x77, 0x7a, 0x40, 0x3a, 0x88,
    0x18, 0x40, 0xa8, 0x3, 0x11, 0x70, 0x4, 0x45,
    0xf0, 0x7, 0xf, 0x80, 0x6f, 0x0, 0xff, 0xe7,
    0x15, 0x0, 0x8, 0xc0, 0x3e, 0x2f, 0xff, 0xd6,
    0x1, 0xc3, 0xff, 0xa8, 0x0, 0x5d, 0xff, 0x38,
    0x7, 0x86, 0x65, 0x0, 0x7, 0x0, 0xff, 0xe3,
    0x78, 0x7, 0x8d, 0x9a, 0x0, 0xff, 0xee, 0xe,
    0xee, 0x30, 0x5, 0x6d, 0x0, 0x38, 0x3, 0xff,
    0x8e, 0x45, 0x9c, 0x0, 0xc4, 0x60, 0x5, 0x0,
    0xff, 0xe8, 0x60, 0x0, 0xc0, 0x3f, 0xfa, 0xe,
    0x4, 0x1, 0xf0, 0x80, 0x7f, 0xf2, 0x48, 0x1c,
    0x3, 0xe7, 0x0, 0x18, 0x7, 0xff, 0x1a, 0xf,
    0x0, 0x3e, 0x10, 0x0, 0x80, 0x7f, 0xf1, 0x9f,
    0x18, 0x3, 0xec, 0x0, 0x30, 0x7, 0xff, 0x41,
    0x0, 0xc, 0x20, 0x1f, 0xfc, 0xa6, 0x65, 0x2,
    0x90, 0x0, 0xf0, 0x85, 0x99, 0xa0, 0x1f, 0xfc,
    0x59, 0x93, 0x95, 0x80, 0x62, 0xd7, 0x99, 0x30,
    0x7, 0xff, 0x1c, 0xf0, 0x40, 0x10, 0x1, 0x54,
    0x0, 0x7f, 0x38, 0x7, 0xf9, 0xf0, 0x40, 0x14,
    0xf8, 0x20, 0x7, 0xa0, 0xc, 0x68, 0x86, 0x30,
    0xf, 0xcd, 0xb0, 0x1, 0x42, 0x81, 0xe1, 0x0,
    0x17, 0x48, 0x1, 0x37, 0x69, 0x0, 0x84, 0x2,
    0x7e, 0x92, 0x0, 0xa9, 0xc0, 0x22, 0xc3, 0x0,
    0x16, 0x18, 0x68, 0x7, 0x11, 0x0, 0x2b, 0x10,
    0x9, 0x35, 0x40, 0x38, 0x71, 0x40, 0x2, 0x40,
    0x60, 0x10, 0xa7, 0x80, 0x6e, 0x0, 0x15, 0x59,
    0x0, 0x7e, 0xa7, 0x9, 0x10, 0x4f, 0xfb, 0xac,
    0x80, 0x31, 0x55, 0x35, 0x40, 0x3f, 0xe8, 0xa6,
    0x0,

    /* U+98DF "食" */
    0x0, 0xff, 0xe1, 0x9, 0x98, 0x3, 0xff, 0xa0,
    0x7d, 0x99, 0x0, 0x7f, 0xf3, 0x8b, 0x40, 0x23,
    0xb0, 0xf, 0xfe, 0x61, 0xe0, 0x80, 0x64, 0xb1,
    0x0, 0xff, 0xe4, 0xb6, 0x8, 0x2, 0x9c, 0x0,
    0x98, 0x40, 0x1f, 0xfc, 0x61, 0xa9, 0x0, 0xa5,
    0x61, 0xc0, 0x5, 0xac, 0x1, 0xff, 0xc4, 0x6f,
    0x50, 0xa, 0xd8, 0x6, 0x24, 0x2, 0x9c, 0x20,
    0xf, 0xfe, 0x1, 0xe4, 0x88, 0x0, 0xf5, 0xef,
    0xb0, 0x1a, 0xc4, 0x0, 0x7b, 0x22, 0x1, 0xf8,
    0xeb, 0xc, 0x2, 0x7c, 0x22, 0x20, 0x91, 0x82,
    0x7a, 0x80, 0x4d, 0xd2, 0x40, 0x19, 0x73, 0xa,
    0x1, 0x1e, 0x40, 0x0, 0x50, 0x1, 0x40, 0x1,
    0xaa, 0x8, 0x4, 0xdb, 0x6a, 0xd, 0x46, 0x1,
    0x85, 0x2e, 0x23, 0x0, 0x4d, 0x11, 0xb5, 0xc0,
    0x39, 0x24, 0x18, 0x2, 0x10, 0x0, 0xbb, 0xf9,
    0x0, 0x27, 0x7e, 0x60, 0x3, 0x0, 0x54, 0x0,
    0x61, 0x8e, 0x10, 0xf, 0xfe, 0x45, 0xfc, 0x9b,
    0x0, 0x27, 0x9c, 0x3, 0x4f, 0xff, 0xff, 0x7,
    0x40, 0x39, 0xb0, 0x3, 0xff, 0xbd, 0xec, 0xdf,
    0xfc, 0x15, 0x0, 0xff, 0xe2, 0xb4, 0xcf, 0xff,
    0x6, 0x0, 0x3f, 0xfc, 0xb3, 0xff, 0xff, 0xc1,
    0xd0, 0xf, 0xff, 0x2d, 0x57, 0xff, 0xa, 0x40,
    0x3f, 0xf8, 0xa6, 0xab, 0xff, 0xc1, 0x40, 0x8,
    0x40, 0x3f, 0xfa, 0x78, 0x80, 0x1f, 0xfc, 0x9,
    0xff, 0xa1, 0xaf, 0xff, 0xf5, 0x90, 0x2, 0x84,
    0x3, 0xff, 0x87, 0xd, 0x7d, 0x4, 0x1, 0x15,
    0xd8, 0x80, 0x60, 0x40, 0x3f, 0xf8, 0x46, 0x20,
    0x1, 0x7d, 0xc6, 0x9d, 0x40, 0x3, 0x7b, 0x0,
    0x7f, 0xf0, 0xcf, 0xa9, 0x0, 0x23, 0x96, 0x0,
    0x26, 0xc8, 0x80, 0x7f, 0xf1, 0x53, 0x5d, 0xd0,
    0x40, 0x1c, 0xb4, 0x40, 0x1f, 0xf0, 0x80, 0x3a,
    0x33, 0xed, 0xcc, 0x1f, 0x71, 0x80, 0x21, 0x7d,
    0xc6, 0x0, 0xfc, 0xe0, 0x13, 0xb8, 0xc0, 0x30,
    0x80, 0xe, 0x7e, 0x4c, 0x2, 0x39, 0xf9, 0x0,
    0xf6, 0x80, 0x7c, 0x2b, 0x36, 0x1, 0xcd, 0x98,
    0x50, 0xc, 0x20, 0x1e, 0xe0, 0x8, 0x56, 0x77,
    0xa9, 0x88, 0x3, 0xe3, 0xae, 0x82, 0xa, 0x0,
    0xf2, 0x2c, 0xef, 0x53, 0x10, 0x7, 0xff, 0x4,
    0x5f, 0x70, 0x80, 0x0,

    /* U+9910 "餐" */
    0x0, 0xff, 0xee, 0x57, 0xf8, 0xc0, 0x3f, 0xfa,
    0x74, 0xef, 0x84, 0xe6, 0x7f, 0xe7, 0x0, 0xff,
    0xe0, 0xb4, 0x46, 0x36, 0x6f, 0xfe, 0x5, 0x0,
    0x7a, 0x36, 0x0, 0x32, 0xb3, 0x63, 0x0, 0xff,
    0xe3, 0x13, 0x90, 0x80, 0x69, 0x9e, 0x15, 0x9a,
    0xff, 0xee, 0x30, 0x2, 0x80, 0x74, 0x80, 0x1b,
    0xd4, 0x1, 0x9f, 0xf3, 0x82, 0x4d, 0x61, 0x80,
    0x7, 0x4c, 0x12, 0x0, 0x34, 0x20, 0x7, 0xff,
    0x8, 0x40, 0xf2, 0x97, 0xcc, 0xe, 0xc0, 0x33,
    0x38, 0x1, 0xb7, 0x79, 0xc0, 0x21, 0x4, 0xe7,
    0x0, 0x2d, 0x8, 0x26, 0x0, 0x62, 0x90, 0x9,
    0xb8, 0x8, 0x96, 0xe0, 0x6, 0x60, 0x5, 0x68,
    0x1, 0xde, 0x1, 0xc4, 0xc3, 0x8e, 0x7, 0xb3,
    0xac, 0x0, 0x99, 0x0, 0x59, 0x84, 0x0, 0xeb,
    0x91, 0x0, 0xd3, 0x87, 0x18, 0x0, 0x62, 0x2,
    0xc6, 0x9d, 0xc5, 0x50, 0x0, 0xa7, 0x4c, 0x0,
    0xde, 0xa0, 0x18, 0x85, 0xf8, 0x3, 0x46, 0x95,
    0xb1, 0x1d, 0x2, 0xde, 0xb1, 0x64, 0x80, 0x6,
    0xa4, 0x0, 0xb7, 0xd0, 0x40, 0x7, 0xe7, 0x4f,
    0x40, 0xc, 0xc2, 0xc0, 0x19, 0xb9, 0x0, 0x14,
    0x0, 0xe4, 0x0, 0x9b, 0xa0, 0x26, 0xc4, 0xf,
    0xa8, 0x0, 0x9a, 0xe0, 0x18, 0x6e, 0x54, 0xc0,
    0x1c, 0x7, 0x3f, 0x22, 0xfc, 0xc0, 0x7, 0xd5,
    0x2d, 0x40, 0x4, 0x73, 0x0, 0x66, 0xa0, 0x9,
    0x73, 0xc, 0x2f, 0xd0, 0x0, 0x2c, 0x89, 0xb8,
    0x6b, 0xa1, 0x1, 0x9e, 0x81, 0x0, 0xf8, 0xcd,
    0x3d, 0x2, 0x0, 0x8c, 0x30, 0xc0, 0x7, 0x82,
    0xfb, 0x80, 0x5, 0xfa, 0xd4, 0x2, 0x17, 0xdc,
    0x60, 0xe, 0x8e, 0xff, 0x58, 0x1, 0x3f, 0xdc,
    0xe0, 0x1c, 0x95, 0xf6, 0x41, 0x4, 0x1, 0xe2,
    0x2f, 0xfe, 0x10, 0x0, 0x48, 0x2, 0x42, 0x15,
    0x3, 0x98, 0x0, 0xe, 0xef, 0xff, 0x6, 0x0,
    0x5, 0xb6, 0xa0, 0xc0, 0x8, 0xdc, 0x61, 0x0,
    0xf, 0xff, 0xff, 0x6, 0x80, 0x32, 0x57, 0x40,
    0x0, 0x88, 0x1, 0xe6, 0x6f, 0xfe, 0xa, 0x0,
    0x78, 0x44, 0x1, 0xfc, 0x33, 0x3f, 0xfc, 0x1e,
    0x0, 0xff, 0xe2, 0x8f, 0xff, 0xff, 0x6, 0x80,
    0x31, 0x0, 0x7f, 0xf0, 0x4c, 0xe0, 0x1, 0x9f,
    0xfc, 0x5b, 0x80, 0x1f, 0xfc, 0x1, 0xcc, 0x80,
    0x4, 0xd5, 0xb9, 0x9d, 0x42, 0x22, 0x16, 0x0,
    0xff, 0xe1, 0x12, 0x80, 0xac, 0xf6, 0xca, 0x3f,
    0x49, 0x2, 0xeb, 0x0, 0x7f, 0xf0, 0x8f, 0xa0,
    0x80, 0x40, 0x9a, 0xe0, 0x40, 0xf6, 0x88, 0x3,
    0xfb, 0xc0, 0x3, 0x9f, 0xd7, 0x4, 0x7d, 0x90,
    0x60, 0x18, 0xf2, 0x94, 0x40, 0x3e, 0x26, 0x0,
    0x8c, 0x3, 0x94, 0xd, 0xf3, 0xa5, 0x0, 0x2,
    0xb5, 0xd0, 0x1, 0xe2, 0x20, 0x4, 0x28, 0xf5,
    0xbf, 0x20, 0x18, 0x5a, 0xfe, 0xd8, 0x40, 0x1a,
    0x1, 0xf4, 0xcb, 0x3f, 0xae, 0x14, 0x80, 0x3f,
    0xc9, 0x3d, 0x8e, 0xa0, 0x0,

    /* U+9970 "饰" */
    0x0, 0xe2, 0x10, 0xf, 0xe4, 0x30, 0xf, 0xfe,
    0x3e, 0x77, 0xc, 0x3, 0xeb, 0xcf, 0x70, 0xf,
    0xfe, 0x21, 0x8, 0x9, 0x80, 0x79, 0x0, 0x24,
    0x0, 0xff, 0xe2, 0x20, 0x0, 0xc0, 0x3e, 0xe0,
    0x1, 0x98, 0x3, 0xff, 0x89, 0x80, 0x4, 0x0,
    0xf0, 0xa8, 0x1, 0x9b, 0xff, 0x82, 0x1, 0xca,
    0x0, 0x5c, 0xcc, 0xa1, 0x20, 0x12, 0xcc, 0xff,
    0xf0, 0x8, 0x2, 0x40, 0x8, 0x8c, 0xf1, 0x3,
    0x0, 0x7f, 0xf2, 0x38, 0x3, 0xf9, 0xc4, 0x0,
    0x89, 0xff, 0xc2, 0x30, 0x9, 0x40, 0x13, 0x76,
    0x60, 0x0, 0xc8, 0x1, 0xee, 0xe8, 0xff, 0x5d,
    0xfe, 0x10, 0x3, 0x0, 0x9, 0x91, 0x4, 0x0,
    0xf1, 0x0, 0x48, 0x5, 0xb7, 0x62, 0x0, 0xff,
    0x58, 0x2, 0xc0, 0x2, 0x80, 0x8e, 0x0, 0x71,
    0x0, 0xff, 0xe2, 0x29, 0x0, 0x18, 0x0, 0x80,
    0xe, 0xf3, 0x18, 0x0, 0xff, 0xe2, 0xc0, 0x1,
    0x33, 0x17, 0xc0, 0x5, 0x1c, 0xd0, 0xf, 0xfe,
    0x2a, 0x10, 0x3, 0xcc, 0xca, 0x60, 0xa0, 0x11,
    0x80, 0x7f, 0xf1, 0x50, 0x81, 0x58, 0x2, 0x8f,
    0x80, 0x6, 0x7f, 0xf8, 0x40, 0x1b, 0xff, 0xe0,
    0xa, 0x2, 0x0, 0x3c, 0x40, 0x1f, 0xfc, 0xa5,
    0x92, 0x0, 0xff, 0xe0, 0x8, 0xe0, 0x8, 0x47,
    0x0, 0x7c, 0xc0, 0x1f, 0xfc, 0x1c, 0xee, 0x84,
    0x1, 0x9d, 0xd0, 0x7, 0xff, 0xfc, 0x3, 0xff,
    0xfe, 0x1, 0xff, 0xcd, 0x87, 0x0, 0xff, 0xe8,
    0xd3, 0xd8, 0x7, 0xff, 0x3c, 0x6d, 0x40, 0xc4,
    0x3, 0xfe, 0x11, 0x30, 0x7, 0xff, 0x5, 0x0,
    0xe, 0x20, 0x1f, 0xf7, 0x72, 0x40, 0x4, 0x1,
    0xe7, 0x0, 0xea, 0x80, 0xf, 0xfe, 0x1, 0x80,
    0x65, 0x0, 0xf4, 0x0, 0x45, 0xaa, 0x1, 0xff,
    0xc1, 0x41, 0x11, 0x3c, 0x0, 0x79, 0x0, 0xb,
    0xa4, 0x1, 0x67, 0x70, 0x80, 0x3e, 0x8e, 0xe6,
    0xc0, 0x7, 0xd2, 0x73, 0x40, 0x1e, 0x11, 0x0,
    0x7f, 0xf2, 0x71, 0x80, 0x3f, 0xf9, 0xa0,

    /* U+9988 "馈" */
    0x0, 0xd9, 0x89, 0x10, 0xf, 0xfb, 0x7b, 0x84,
    0x1, 0xff, 0x11, 0x99, 0x84, 0x3, 0xfe, 0x31,
    0x18, 0x3, 0xfe, 0x70, 0x1, 0x80, 0x73, 0x44,
    0x78, 0x40, 0x15, 0x11, 0xe1, 0x0, 0xd8, 0x0,
    0x40, 0xe, 0xa7, 0x7f, 0x0, 0x4c, 0xef, 0xe2,
    0x0, 0xce, 0x0, 0xf4, 0x4c, 0x1, 0xff, 0xca,
    0x21, 0x0, 0x45, 0xde, 0x10, 0xb, 0xbf, 0xe1,
    0x0, 0x67, 0xfc, 0xa0, 0x1e, 0x50, 0xf, 0xfe,
    0x0, 0x80, 0x7f, 0x8c, 0x3, 0xd6, 0x0, 0x23,
    0x30, 0x80, 0x78, 0xcf, 0x8, 0x1, 0x4c, 0xe2,
    0x0, 0xe2, 0x30, 0x6, 0xe6, 0x0, 0x4, 0x20,
    0x16, 0x66, 0x0, 0xa7, 0x32, 0x40, 0xe, 0xa0,
    0x3, 0x0, 0x10, 0x42, 0x80, 0x3f, 0xf9, 0x2c,
    0x0, 0xa0, 0x7, 0x0, 0x14, 0x3b, 0x33, 0xc0,
    0x14, 0xe6, 0x78, 0xc1, 0x4, 0xd, 0x9a, 0x50,
    0x42, 0x2, 0x33, 0xf0, 0x80, 0x14, 0xcf, 0xc0,
    0x4, 0x0, 0x4d, 0xcc, 0x90, 0x35, 0x2e, 0xff,
    0x8, 0x3, 0xee, 0xff, 0x3, 0x12, 0x80, 0x53,
    0xec, 0x48, 0x9f, 0x80, 0x23, 0x44, 0xfc, 0x1b,
    0x0, 0x1f, 0xfc, 0xf1, 0x4, 0x50, 0xf, 0x9b,
    0xff, 0xff, 0x8f, 0xc0, 0x1f, 0xfd, 0xf6, 0xff,
    0xff, 0xe1, 0xe8, 0x7, 0xff, 0x90, 0x99, 0xbf,
    0x90, 0x3, 0xff, 0x90, 0x93, 0x36, 0xe6, 0x26,
    0x68, 0x0, 0xff, 0xe6, 0x55, 0x44, 0x1, 0xff,
    0xc6, 0x10, 0xf, 0xc2, 0x0, 0x30, 0xf, 0xfe,
    0x20, 0xdc, 0x80, 0x7c, 0x60, 0x10, 0x80, 0x7f,
    0xf0, 0xdf, 0x11, 0x80, 0x3e, 0xa0, 0x0, 0x90,
    0x7, 0xff, 0xe, 0x88, 0x4, 0x95, 0xdd, 0xa0,
    0xcc, 0x0, 0xe, 0xda, 0x14, 0xca, 0x0, 0x3c,
    0x20, 0x18, 0x70, 0x8e, 0x20, 0xd5, 0x20, 0x1c,
    0x97, 0xa6, 0xca, 0x1, 0xd0, 0x1, 0x93, 0xcc,
    0x0, 0x95, 0xaa, 0x0, 0x2c, 0x60, 0x8, 0xeb,
    0x58, 0x3, 0xb8, 0x2, 0x7b, 0x16, 0xbf, 0xb5,
    0x0, 0x93, 0xe, 0x79, 0x80, 0x22, 0x9e, 0x60,
    0x9, 0x94, 0x2a, 0x0, 0x1e, 0x80, 0x18, 0xaa,
    0xc4, 0x0, 0x33, 0xcc, 0x1, 0x8, 0x80, 0x35,
    0xea, 0x80, 0x54, 0x1, 0x25, 0xea, 0x80, 0x78,
    0x67, 0x98, 0x5, 0xc0, 0x30, 0x90, 0x6, 0x37,
    0xaf, 0xb4, 0x0, 0xff, 0xc, 0xed, 0x0,

    /* U+9996 "首" */
    0x0, 0xfc, 0x46, 0x1, 0xfe, 0x31, 0x0, 0xff,
    0xe1, 0x25, 0xee, 0x8, 0x7, 0xe1, 0xde, 0xd6,
    0x0, 0xff, 0xe0, 0x3a, 0x0, 0x34, 0x3, 0xf4,
    0x8, 0x11, 0x0, 0x3f, 0xf8, 0x7, 0x0, 0x3,
    0x70, 0xf, 0x23, 0x0, 0x15, 0x0, 0x3f, 0xf8,
    0x2e, 0x60, 0xe, 0x0, 0xe1, 0xa0, 0x0, 0xd8,
    0x7, 0xdf, 0xff, 0x8c, 0x0, 0xdf, 0xfd, 0xc2,
    0x0, 0x1e, 0xff, 0xf8, 0x3, 0xff, 0xe1, 0xff,
    0xff, 0xc0, 0xc0, 0xa, 0xbf, 0xff, 0xf8, 0x20,
    0x1f, 0xfc, 0xb, 0x0, 0x90, 0x3, 0xff, 0x9a,
    0x80, 0x2, 0x10, 0xf, 0xfe, 0x23, 0x7f, 0xfe,
    0x30, 0x1, 0x7f, 0xff, 0x94, 0x3, 0xff, 0xb8,
    0x23, 0xff, 0xc4, 0x0, 0xff, 0xe1, 0x77, 0x7f,
    0xf1, 0x0, 0x3f, 0xfc, 0x17, 0x7f, 0xfc, 0x40,
    0xf, 0xfe, 0x12, 0x27, 0xff, 0x10, 0x3, 0xff,
    0xc1, 0xdd, 0xff, 0xc3, 0xd0, 0xf, 0xfe, 0x10,
    0x8f, 0xff, 0xc, 0x80, 0x3f, 0xfc, 0x1f, 0xff,
    0xfc, 0x40, 0xf, 0xff, 0x1, 0x17, 0xff, 0x10,
    0x3, 0xff, 0x85, 0xbb, 0xff, 0xc4, 0x0, 0xff,
    0xf0, 0x55, 0x7f, 0xf1, 0x0, 0x3f, 0xf8, 0x4a,
    0xbf, 0xfc, 0x40, 0xf, 0xff, 0x6, 0xef, 0xff,
    0xf, 0x0, 0x3f, 0xf8, 0x44, 0x5f, 0xfc, 0x33,
    0x0, 0xff, 0x37, 0x74, 0x1, 0xff, 0xc4, 0xff,
    0x94, 0x2,

    /* U+9999 "香" */
    0x0, 0xff, 0xe0, 0x89, 0x19, 0x91, 0x59, 0xe2,
    0x6b, 0x37, 0x90, 0x3, 0xe5, 0xcc, 0x6e, 0xbb,
    0x9f, 0xf7, 0x6e, 0x62, 0xea, 0x61, 0xd9, 0x4c,
    0x84, 0xc0, 0x3f, 0x19, 0x88, 0x82, 0x20, 0xf,
    0xfe, 0x2f, 0x0, 0x7c, 0xc0, 0x1f, 0x9, 0x18,
    0x4, 0x6f, 0x10, 0x9a, 0xbc, 0xef, 0x90, 0xf,
    0x8f, 0x7b, 0x9f, 0xfb, 0xb7, 0x4, 0x1, 0x50,
    0xee, 0x65, 0x43, 0x10, 0xf, 0xf1, 0x8, 0x80,
    0x3f, 0xf9, 0xcd, 0x55, 0xff, 0xc0, 0x10, 0x5,
    0x57, 0xff, 0x4, 0x2, 0xf5, 0x5f, 0xfe, 0x0,
    0x4, 0x6a, 0xbf, 0xfc, 0x1, 0x0, 0xff, 0xeb,
    0x47, 0x77, 0xea, 0x10, 0xf, 0xcd, 0xdd, 0xfc,
    0x20, 0x1, 0x1f, 0xd3, 0x42, 0x4, 0x20, 0x3,
    0x0, 0x36, 0x90, 0x8f, 0xc0, 0x1f, 0xcb, 0xce,
    0x0, 0x3c, 0x0, 0xaa, 0x80, 0x3, 0xca, 0x20,
    0xf, 0xfe, 0x2, 0xed, 0x8, 0x1, 0xf0, 0x40,
    0x32, 0xe9, 0x80, 0x17, 0x69, 0x0, 0x3e, 0x17,
    0xea, 0x20, 0x1, 0x5c, 0x0, 0x7c, 0x58, 0xe0,
    0x12, 0xde, 0xb8, 0x80, 0xa, 0xfa, 0x4, 0x2,
    0x7d, 0x40, 0x9, 0xc, 0xc4, 0x1, 0x46, 0xa0,
    0x4, 0x51, 0xd6, 0x0, 0x40, 0xc, 0x99, 0x22,
    0x3d, 0x7b, 0xa5, 0x11, 0xc7, 0x56, 0x60, 0x18,
    0x40, 0x88, 0x0, 0x40, 0x4c, 0xee, 0xff, 0xe2,
    0x59, 0xbb, 0x0, 0x38, 0x1, 0x71, 0xd2, 0x1,
    0xff, 0xc9, 0xe9, 0xf9, 0x40, 0x3, 0x38, 0x80,
    0x63, 0x44, 0xff, 0xe1, 0x0, 0x79, 0x80, 0x3f,
    0xd1, 0x77, 0xff, 0xc2, 0x0, 0xff, 0xf2, 0xdf,
    0xff, 0xff, 0x8, 0x3, 0xff, 0xca, 0xae, 0xff,
    0xfc, 0x20, 0xf, 0xfe, 0x2f, 0x44, 0x7f, 0xf0,
    0x80, 0x3f, 0xfc, 0xb1, 0x55, 0xff, 0xc2, 0x0,
    0xff, 0xe2, 0x9a, 0xaf, 0xff, 0x8, 0x3, 0xff,
    0xcb, 0x7f, 0xff, 0xfc, 0x20, 0xf, 0xfe, 0x9,
    0x7f, 0xc8, 0x1, 0xff, 0xc2, 0xff, 0x98, 0x3,
    0x80,

    /* U+9A8C "验" */
    0x0, 0xff, 0xe3, 0xb6, 0x61, 0xc0, 0x3f, 0xc2,
    0x45, 0xfc, 0x1, 0xf0, 0xc9, 0x9a, 0x4, 0x3,
    0xfa, 0xb7, 0x7f, 0x8c, 0x3, 0xd0, 0x1, 0xa0,
    0x3, 0xff, 0x8e, 0x20, 0x1c, 0x4c, 0x1, 0x98,
    0x80, 0x3f, 0x19, 0xfc, 0x1, 0x18, 0x7, 0x78,
    0x0, 0x94, 0x1, 0xc0, 0x1f, 0xa3, 0x33, 0xc6,
    0x0, 0x10, 0xd, 0x24, 0x0, 0xeb, 0x0, 0x1c,
    0x0, 0x7e, 0x4d, 0xd2, 0x0, 0x4, 0x3, 0xcc,
    0xc0, 0x3, 0x18, 0xc8, 0x1, 0xd4, 0x3, 0xe2,
    0x28, 0x2, 0x30, 0x10, 0x9, 0x64, 0x0, 0x52,
    0x0, 0x64, 0x0, 0x52, 0x0, 0x78, 0x40, 0xe,
    0x0, 0x10, 0x30, 0x2, 0x50, 0x0, 0x70, 0x3,
    0x51, 0x0, 0x2d, 0x40, 0x3b, 0x80, 0x2, 0x1,
    0x84, 0x1e, 0xc0, 0x2d, 0x10, 0xc, 0x3e, 0x20,
    0xa, 0x80, 0xc, 0x60, 0x3, 0x1, 0x0, 0x3d,
    0x40, 0x5, 0x86, 0x1, 0xe2, 0xd0, 0x9, 0xec,
    0x2, 0x10, 0x0, 0x81, 0x80, 0x5, 0x80, 0x36,
    0xf7, 0x7e, 0xd0, 0xf, 0xce, 0x1, 0x84, 0x0,
    0x7e, 0x3, 0x80, 0x23, 0xfe, 0xb, 0x20, 0x80,
    0x8, 0x40, 0x40, 0xc, 0x0, 0x13, 0x7f, 0x30,
    0xf, 0xfe, 0x3, 0x6c, 0x98, 0x4, 0x60, 0x62,
    0x23, 0x0, 0x78, 0x40, 0x86, 0x67, 0xff, 0x0,
    0x81, 0x80, 0x30, 0x81, 0x77, 0x24, 0x1, 0x1c,
    0x1, 0x9, 0x9c, 0xf6, 0x6, 0x79, 0x84, 0x3,
    0x84, 0x3, 0xf8, 0xc2, 0x3f, 0x80, 0x9, 0x6f,
    0x40, 0x10, 0xd7, 0x50, 0x7, 0x19, 0xfc, 0x1,
    0x84, 0xc, 0x41, 0x0, 0x8, 0x1, 0x38, 0x0,
    0x80, 0x30, 0xe6, 0x7b, 0x40, 0x2, 0x18, 0x0,
    0x70, 0x2, 0x1, 0x8, 0x3, 0x40, 0x16, 0x1,
    0xff, 0xc2, 0x70, 0x40, 0x6, 0x0, 0x30, 0x0,
    0xe0, 0x4, 0x1, 0x30, 0xf, 0xc4, 0xac, 0x60,
    0x18, 0x4c, 0x14, 0x0, 0xa0, 0xc, 0x5, 0x0,
    0x30, 0x6, 0x19, 0xbd, 0xfd, 0xab, 0x10, 0x0,
    0x80, 0x10, 0x0, 0x60, 0x42, 0x8, 0x1e, 0x0,
    0xb0, 0xc, 0x6c, 0x84, 0x1, 0xf1, 0x80, 0x2c,
    0x0, 0x80, 0x4, 0x1, 0x35, 0x1, 0x30, 0xc,
    0x60, 0x11, 0x2c, 0x4b, 0x80, 0x71, 0x80, 0x2c,
    0x1, 0xa0, 0x34, 0x0, 0x60, 0xe, 0x19, 0xcf,
    0xda, 0x74, 0x10, 0x0, 0x80, 0x48, 0x4, 0x0,
    0x6c, 0xe3, 0x0, 0x58, 0x7, 0x98, 0xc0, 0x3f,
    0x78, 0x5, 0xf9, 0xc0, 0x1, 0x30, 0x50, 0x13,
    0x0, 0xff, 0xe0, 0x98, 0x6, 0x11, 0x29, 0x8,
    0xf3, 0x0, 0x1c, 0x47, 0x0, 0x7f, 0xb4, 0x0,
    0x55, 0xdd, 0xfd, 0x20, 0x6, 0xee, 0xc2, 0x1,
    0xe, 0x66, 0xe4, 0x0, 0x30, 0x7, 0xff, 0x28,
    0x4c, 0xf0, 0x80, 0xc, 0xc0, 0x1f, 0xfc, 0xb3,
    0x0, 0xc4, 0xda, 0x15, 0xff, 0xff, 0xc5, 0x10,

    /* U+9E21 "鸡" */
    0x0, 0xff, 0xe3, 0x98, 0x80, 0x7f, 0xf4, 0x17,
    0x3b, 0x84, 0x1, 0xff, 0xce, 0xf0, 0x8, 0x80,
    0x3f, 0x84, 0x7f, 0xe0, 0xe, 0x15, 0x0, 0x38,
    0x7, 0xfa, 0xbb, 0xbf, 0xc0, 0x7f, 0xf7, 0x0,
    0x4d, 0xff, 0xea, 0x0, 0xff, 0xe9, 0x18, 0x7,
    0xff, 0x1d, 0x13, 0xf0, 0x80, 0x7a, 0x73, 0x3d,
    0x20, 0x1f, 0x15, 0xdb, 0x22, 0xef, 0x28, 0x0,
    0x40, 0x22, 0x33, 0xf0, 0x4, 0x40, 0x1e, 0x98,
    0xc3, 0x0, 0xf7, 0x80, 0x64, 0xd3, 0x0, 0xbc,
    0x0, 0xe0, 0x1e, 0xa0, 0x6, 0x90, 0x1, 0xc0,
    0x2, 0x1, 0x3d, 0x94, 0x0, 0x4a, 0x0, 0xd0,
    0xf, 0x1d, 0x80, 0xe0, 0x0, 0x40, 0x3c, 0x80,
    0x4, 0x40, 0x0, 0xc0, 0x6, 0x1, 0xf2, 0x48,
    0x40, 0x0, 0x80, 0x6, 0x1, 0x1a, 0x0, 0x24,
    0xc, 0x2, 0x50, 0xf, 0xcd, 0xcc, 0x10, 0x1,
    0x8, 0x6, 0x90, 0x1, 0x2d, 0x80, 0x8, 0x40,
    0x3f, 0x77, 0x3f, 0xce, 0x0, 0x14, 0x0, 0xc4,
    0xa0, 0xb, 0x40, 0x2, 0x0, 0x7f, 0x10, 0x7,
    0xac, 0x3, 0xd0, 0x0, 0x13, 0x0, 0x68, 0x7,
    0xf5, 0x2a, 0xcd, 0x3c, 0xa0, 0x1e, 0x26, 0x0,
    0xe4, 0x0, 0xfe, 0x6a, 0xaa, 0x58, 0x40, 0x3f,
    0x40, 0x6, 0x50, 0xf, 0x16, 0x67, 0xff, 0x4,
    0xc0, 0x30, 0xb0, 0x5, 0xe0, 0x1f, 0x19, 0xff,
    0xf0, 0x40, 0x3c, 0x20, 0x16, 0x80, 0x7f, 0xf3,
    0x98, 0x2, 0x71, 0x0, 0x1f, 0xff, 0xff, 0x4,
    0x2, 0x10, 0xc, 0xe2, 0x1, 0xa4, 0x3, 0xff,
    0x8e, 0x60, 0x1a, 0x40, 0x39, 0xc4, 0x3, 0xff,
    0x84, 0x20, 0x10, 0x80, 0x4e, 0x20, 0xa, 0x0,
    0xa4, 0x3b, 0xff, 0xfe, 0x13, 0x0, 0xf0, 0xc0,
    0x1, 0x15, 0x80, 0xe, 0x20, 0x1f, 0xfc, 0x11,
    0x0, 0x8, 0x5, 0x60, 0x14, 0x84, 0x0, 0x52,
    0xa6, 0x7f, 0xf0, 0xb8, 0x0, 0xc0, 0x8, 0xa0,
    0x6, 0x20, 0x16, 0x0, 0x35, 0xe6, 0x7f, 0xc0,
    0x20, 0x1, 0x1, 0xa0, 0x0, 0xc0, 0x5, 0x0,
    0x1, 0x60, 0xf, 0xfe, 0x6, 0x0, 0x1c, 0x14,
    0x40, 0x10, 0x20, 0x10, 0xb8, 0x3b, 0x0, 0x61,
    0x33, 0xe4, 0x86, 0x0, 0x18, 0x22, 0x1, 0x18,
    0x3, 0xa7, 0x20, 0x3, 0x9f, 0x33, 0xad, 0xc0,
    0x2b, 0x0, 0x50, 0xd0, 0x7, 0x84, 0xc0, 0x3c,
    0xa0, 0x1f, 0xcc, 0x60, 0x1, 0xf1, 0x0, 0xff,
    0xe1, 0x18, 0x7, 0x85, 0x6a, 0x40, 0x0,

    /* U+9ED1 "黑" */
    0x0, 0x35, 0xdf, 0xff, 0x31, 0x80, 0x3b, 0xd1,
    0x3f, 0xf9, 0x9e, 0x1, 0xff, 0xdb, 0x5d, 0xd5,
    0x66, 0xec, 0xa0, 0x5, 0xdd, 0xd5, 0xba, 0x50,
    0xf, 0xf8, 0xc9, 0x6a, 0x48, 0xa3, 0x0, 0x19,
    0x15, 0x55, 0x11, 0x80, 0x7f, 0xf0, 0x68, 0x15,
    0x40, 0x1f, 0x91, 0xc1, 0xc8, 0x3, 0xff, 0x85,
    0xc0, 0xb, 0x10, 0xf, 0xd, 0x0, 0x20, 0x80,
    0x3f, 0xf8, 0x46, 0xc0, 0x36, 0x1, 0xea, 0x10,
    0x37, 0x0, 0xff, 0xe2, 0x48, 0x86, 0x0, 0x78,
    0x80, 0x74, 0x3, 0xff, 0x8d, 0x5a, 0xc0, 0x1e,
    0x99, 0x50, 0x80, 0x7f, 0xf0, 0x9b, 0xba, 0xac,
    0xee, 0x30, 0x1, 0xbb, 0x91, 0x5d, 0xd3, 0x0,
    0x7f, 0xf0, 0x4, 0x7e, 0x0, 0xc2, 0x3f, 0x0,
    0x7f, 0x8, 0x7, 0xff, 0x30, 0x40, 0x3a, 0x3f,
    0xff, 0xcc, 0x0, 0x6f, 0xff, 0xf4, 0x0, 0x7f,
    0xf6, 0x2e, 0xff, 0xe7, 0x0, 0x3d, 0xdf, 0xfc,
    0x20, 0x10, 0xa2, 0x7f, 0xc2, 0x0, 0x14, 0x4f,
    0xf8, 0x3, 0xff, 0xae, 0x3f, 0xff, 0xf3, 0x0,
    0x1b, 0xff, 0xfe, 0x10, 0xf, 0xfe, 0xad, 0x5d,
    0xff, 0xf0, 0x1c, 0x0, 0xf7, 0x7f, 0xfc, 0x10,
    0x54, 0x4f, 0xfe, 0x0, 0x80, 0x5, 0x13, 0xff,
    0x82, 0x1, 0xff, 0xd4, 0xff, 0xa5, 0xf7, 0xff,
    0xbb, 0xff, 0xd7, 0xdf, 0xfb, 0xa3, 0x7f, 0xe0,
    0xd, 0x6f, 0xac, 0x0, 0x9d, 0xe3, 0x0, 0x9f,
    0xad, 0xc0, 0x26, 0xf8, 0xe0, 0xf, 0x31, 0x0,
    0x10, 0x0, 0xa4, 0x16, 0x1, 0x78, 0x84, 0x0,
    0x46, 0x20, 0x6e, 0x1, 0x86, 0x0, 0xa, 0x40,
    0x4, 0x0, 0x20, 0x5, 0x20, 0x1, 0x60, 0x2,
    0xa0, 0x2, 0x8, 0x2, 0xa1, 0x0, 0x40, 0x5,
    0x80, 0x3, 0x10, 0x0, 0xa8, 0x2, 0xc0, 0x2a,
    0x0, 0xa4, 0x0, 0xc8, 0x0, 0x62, 0x0, 0x90,
    0x2, 0x50, 0xa, 0x40, 0x4, 0x60, 0x1, 0x80,
    0x2, 0x28, 0x22, 0x0, 0x60, 0x3, 0x88, 0x50,
    0x3, 0x19, 0x24, 0x90, 0x4, 0xe4, 0x10, 0xa0,
    0x57, 0x6a, 0x10, 0xe, 0xde, 0xb4, 0x0, 0xdb,
    0x6c, 0x20, 0x1b, 0xb8, 0xe0, 0x0,

    /* U+FF0C "，" */
    0x5, 0x88, 0xc1, 0xee, 0xf3, 0x0, 0x7f, 0xf1,
    0xeb, 0xf0, 0xc, 0x2, 0x60, 0x60, 0xb, 0x83,
    0x0, 0x12, 0x80, 0xc1, 0xac, 0x14, 0x20, 0xe3,
    0x6a, 0x0, 0xbe, 0x40, 0x0,

    /* U+FF1A "：" */
    0x9a, 0xa9, 0xdc, 0xab, 0x60, 0x7, 0xff, 0x8,
    0x7b, 0xfe, 0xa0, 0xf, 0xfe, 0xe4, 0x46, 0x66,
    0x3b, 0xda, 0x1, 0xff, 0xc3, 0xef, 0xfa, 0xc0,

    /* U+FF1B "；" */
    0x9, 0xaa, 0x9c, 0x1d, 0x56, 0xc0, 0xf, 0xfe,
    0x28, 0x87, 0x7f, 0xd4, 0x1, 0xff, 0xe5, 0x88,
    0xcc, 0xc, 0xef, 0x68, 0x7, 0xff, 0x1f, 0xbe,
    0x0, 0x40, 0x2e, 0x2, 0x0, 0xb, 0x6, 0x0,
    0xe8, 0x12, 0x1f, 0x18, 0x78, 0x19, 0x13, 0x48,
    0x1, 0xfa, 0x40, 0x0,

    /* U+FF5C "｜" */
    0x89, 0x94, 0x33, 0x60, 0xf, 0xff, 0xf8, 0x7,
    0xff, 0x74
};


/*---------------------
 *  GLYPH DESCRIPTION
 *--------------------*/

static const lv_font_fmt_txt_glyph_dsc_t glyph_dsc[] = {
    {.bitmap_index = 0, .adv_w = 0, .box_w = 0, .box_h = 0, .ofs_x = 0, .ofs_y = 0} /* id = 0 reserved */,
    {.bitmap_index = 0, .adv_w = 159, .box_w = 0, .box_h = 0, .ofs_x = 0, .ofs_y = 0},
    {.bitmap_index = 0, .adv_w = 157, .box_w = 6, .box_h = 25, .ofs_x = 2, .ofs_y = 0},
    {.bitmap_index = 50, .adv_w = 208, .box_w = 11, .box_h = 10, .ofs_x = 1, .ofs_y = 20},
    {.bitmap_index = 102, .adv_w = 395, .box_w = 22, .box_h = 25, .ofs_x = 1, .ofs_y = 0},
    {.bitmap_index = 281, .adv_w = 325, .box_w = 20, .box_h = 32, .ofs_x = 0, .ofs_y = -3},
    {.bitmap_index = 494, .adv_w = 466, .box_w = 29, .box_h = 25, .ofs_x = 0, .ofs_y = 0},
    {.bitmap_index = 780, .adv_w = 403, .box_w = 24, .box_h = 25, .ofs_x = 1, .ofs_y = 0},
    {.bitmap_index = 1008, .adv_w = 113, .box_w = 5, .box_h = 10, .ofs_x = 1, .ofs_y = 19},
    {.bitmap_index = 1032, .adv_w = 183, .box_w = 9, .box_h = 31, .ofs_x = 2, .ofs_y = -2},
    {.bitmap_index = 1148, .adv_w = 183, .box_w = 8, .box_h = 31, .ofs_x = 1, .ofs_y = -2},
    {.bitmap_index = 1257, .adv_w = 244, .box_w = 12, .box_h = 11, .ofs_x = 2, .ofs_y = 14},
    {.bitmap_index = 1322, .adv_w = 342, .box_w = 17, .box_h = 17, .ofs_x = 2, .ofs_y = 5},
    {.bitmap_index = 1365, .adv_w = 150, .box_w = 6, .box_h = 12, .ofs_x = 2, .ofs_y = -7},
    {.bitmap_index = 1395, .adv_w = 255, .box_w = 14, .box_h = 4, .ofs_x = 1, .ofs_y = 11},
    {.bitmap_index = 1407, .adv_w = 144, .box_w = 5, .box_h = 5, .ofs_x = 2, .ofs_y = 0},
    {.bitmap_index = 1415, .adv_w = 231, .box_w = 13, .box_h = 25, .ofs_x = 1, .ofs_y = 0},
    {.bitmap_index = 1524, .adv_w = 354, .box_w = 20, .box_h = 25, .ofs_x = 1, .ofs_y = 0},
    {.bitmap_index = 1707, .adv_w = 242, .box_w = 11, .box_h = 25, .ofs_x = 1, .ofs_y = 0},
    {.bitmap_index = 1745, .adv_w = 321, .box_w = 18, .box_h = 25, .ofs_x = 1, .ofs_y = 0},
    {.bitmap_index = 1895, .adv_w = 331, .box_w = 19, .box_h = 25, .ofs_x = 1, .ofs_y = 0},
    {.bitmap_index = 2047, .adv_w = 335, .box_w = 20, .box_h = 25, .ofs_x = 0, .ofs_y = 0},
    {.bitmap_index = 2168, .adv_w = 332, .box_w = 19, .box_h = 25, .ofs_x = 1, .ofs_y = 0},
    {.bitmap_index = 2327, .adv_w = 336, .box_w = 19, .box_h = 25, .ofs_x = 1, .ofs_y = 0},
    {.bitmap_index = 2503, .adv_w = 299, .box_w = 18, .box_h = 25, .ofs_x = 0, .ofs_y = 0},
    {.bitmap_index = 2634, .adv_w = 354, .box_w = 20, .box_h = 25, .ofs_x = 1, .ofs_y = 0},
    {.bitmap_index = 2833, .adv_w = 339, .box_w = 19, .box_h = 25, .ofs_x = 1, .ofs_y = 0},
    {.bitmap_index = 3006, .adv_w = 144, .box_w = 5, .box_h = 19, .ofs_x = 2, .ofs_y = 0},
    {.bitmap_index = 3027, .adv_w = 150, .box_w = 6, .box_h = 26, .ofs_x = 2, .ofs_y = -7},
    {.bitmap_index = 3070, .adv_w = 342, .box_w = 17, .box_h = 21, .ofs_x = 2, .ofs_y = 2},
    {.bitmap_index = 3192, .adv_w = 342, .box_w = 17, .box_h = 12, .ofs_x = 2, .ofs_y = 7},
    {.bitmap_index = 3222, .adv_w = 342, .box_w = 17, .box_h = 21, .ofs_x = 2, .ofs_y = 2},
    {.bitmap_index = 3344, .adv_w = 281, .box_w = 17, .box_h = 25, .ofs_x = 0, .ofs_y = 0},
    {.bitmap_index = 3471, .adv_w = 461, .box_w = 27, .box_h = 25, .ofs_x = 1, .ofs_y = 0},
    {.bitmap_index = 3754, .adv_w = 384, .box_w = 24, .box_h = 25, .ofs_x = 0, .ofs_y = 0},
    {.bitmap_index = 3949, .adv_w = 372, .box_w = 20, .box_h = 25, .ofs_x = 2, .ofs_y = 0},
    {.bitmap_index = 4099, .adv_w = 388, .box_w = 22, .box_h = 25, .ofs_x = 1, .ofs_y = 0},
    {.bitmap_index = 4284, .adv_w = 414, .box_w = 23, .box_h = 25, .ofs_x = 2, .ofs_y = 0},
    {.bitmap_index = 4436, .adv_w = 330, .box_w = 18, .box_h = 25, .ofs_x = 2, .ofs_y = 0},
    {.bitmap_index = 4492, .adv_w = 317, .box_w = 17, .box_h = 25, .ofs_x = 2, .ofs_y = 0},
    {.bitmap_index = 4538, .adv_w = 409, .box_w = 23, .box_h = 25, .ofs_x = 1, .ofs_y = 0},
    {.bitmap_index = 4728, .adv_w = 409, .box_w = 22, .box_h = 25, .ofs_x = 2, .ofs_y = 0},
    {.bitmap_index = 4770, .adv_w = 146, .box_w = 5, .box_h = 25, .ofs_x = 2, .ofs_y = 0},
    {.bitmap_index = 4779, .adv_w = 277, .box_w = 15, .box_h = 25, .ofs_x = 0, .ofs_y = 0},
    {.bitmap_index = 4839, .adv_w = 371, .box_w = 22, .box_h = 25, .ofs_x = 2, .ofs_y = 0},
    {.bitmap_index = 5004, .adv_w = 318, .box_w = 18, .box_h = 25, .ofs_x = 2, .ofs_y = 0},
    {.bitmap_index = 5036, .adv_w = 495, .box_w = 27, .box_h = 25, .ofs_x = 2, .ofs_y = 0},
    {.bitmap_index = 5196, .adv_w = 410, .box_w = 22, .box_h = 25, .ofs_x = 2, .ofs_y = 0},
    {.bitmap_index = 5326, .adv_w = 430, .box_w = 25, .box_h = 25, .ofs_x = 1, .ofs_y = 0},
    {.bitmap_index = 5543, .adv_w = 353, .box_w = 20, .box_h = 25, .ofs_x = 2, .ofs_y = 0},
    {.bitmap_index = 5647, .adv_w = 432, .box_w = 25, .box_h = 28, .ofs_x = 1, .ofs_y = -3},
    {.bitmap_index = 5889, .adv_w = 360, .box_w = 20, .box_h = 25, .ofs_x = 2, .ofs_y = 0},
    {.bitmap_index = 6038, .adv_w = 337, .box_w = 21, .box_h = 25, .ofs_x = 0, .ofs_y = 0},
    {.bitmap_index = 6228, .adv_w = 340, .box_w = 21, .box_h = 25, .ofs_x = 0, .ofs_y = 0},
    {.bitmap_index = 6268, .adv_w = 397, .box_w = 21, .box_h = 25, .ofs_x = 2, .ofs_y = 0},
    {.bitmap_index = 6361, .adv_w = 386, .box_w = 24, .box_h = 25, .ofs_x = 0, .ofs_y = 0},
    {.bitmap_index = 6562, .adv_w = 562, .box_w = 35, .box_h = 25, .ofs_x = 0, .ofs_y = 0},
    {.bitmap_index = 6883, .adv_w = 378, .box_w = 24, .box_h = 25, .ofs_x = 0, .ofs_y = 0},
    {.bitmap_index = 7093, .adv_w = 363, .box_w = 23, .box_h = 25, .ofs_x = 0, .ofs_y = 0},
    {.bitmap_index = 7228, .adv_w = 342, .box_w = 20, .box_h = 25, .ofs_x = 1, .ofs_y = 0},
    {.bitmap_index = 7365, .adv_w = 196, .box_w = 9, .box_h = 31, .ofs_x = 3, .ofs_y = -2},
    {.bitmap_index = 7395, .adv_w = 198, .box_w = 13, .box_h = 25, .ofs_x = 0, .ofs_y = 0},
    {.bitmap_index = 7503, .adv_w = 196, .box_w = 9, .box_h = 31, .ofs_x = 0, .ofs_y = -2},
    {.bitmap_index = 7532, .adv_w = 252, .box_w = 16, .box_h = 10, .ofs_x = 0, .ofs_y = 19},
    {.bitmap_index = 7596, .adv_w = 253, .box_w = 16, .box_h = 4, .ofs_x = 0, .ofs_y = -6},
    {.bitmap_index = 7607, .adv_w = 158, .box_w = 8, .box_h = 8, .ofs_x = 0, .ofs_y = 20},
    {.bitmap_index = 7634, .adv_w = 305, .box_w = 16, .box_h = 19, .ofs_x = 1, .ofs_y = 0},
    {.bitmap_index = 7756, .adv_w = 336, .box_w = 18, .box_h = 25, .ofs_x = 2, .ofs_y = 0},
    {.bitmap_index = 7887, .adv_w = 299, .box_w = 17, .box_h = 19, .ofs_x = 1, .ofs_y = 0},
    {.bitmap_index = 8016, .adv_w = 336, .box_w = 18, .box_h = 25, .ofs_x = 1, .ofs_y = 0},
    {.bitmap_index = 8151, .adv_w = 314, .box_w = 18, .box_h = 19, .ofs_x = 1, .ofs_y = 0},
    {.bitmap_index = 8282, .adv_w = 201, .box_w = 13, .box_h = 25, .ofs_x = 0, .ofs_y = 0},
    {.bitmap_index = 8342, .adv_w = 335, .box_w = 18, .box_h = 26, .ofs_x = 1, .ofs_y = -7},
    {.bitmap_index = 8524, .adv_w = 327, .box_w = 17, .box_h = 25, .ofs_x = 2, .ofs_y = 0},
    {.bitmap_index = 8591, .adv_w = 145, .box_w = 5, .box_h = 25, .ofs_x = 2, .ofs_y = 0},
    {.bitmap_index = 8614, .adv_w = 146, .box_w = 11, .box_h = 32, .ofs_x = -3, .ofs_y = -7},
    {.bitmap_index = 8680, .adv_w = 299, .box_w = 17, .box_h = 25, .ofs_x = 2, .ofs_y = 0},
    {.bitmap_index = 8790, .adv_w = 148, .box_w = 7, .box_h = 25, .ofs_x = 2, .ofs_y = 0},
    {.bitmap_index = 8811, .adv_w = 494, .box_w = 27, .box_h = 19, .ofs_x = 2, .ofs_y = 0},
    {.bitmap_index = 8918, .adv_w = 327, .box_w = 17, .box_h = 19, .ofs_x = 2, .ofs_y = 0},
    {.bitmap_index = 8983, .adv_w = 325, .box_w = 18, .box_h = 19, .ofs_x = 1, .ofs_y = 0},
    {.bitmap_index = 9119, .adv_w = 336, .box_w = 18, .box_h = 26, .ofs_x = 2, .ofs_y = -7},
    {.bitmap_index = 9256, .adv_w = 336, .box_w = 18, .box_h = 26, .ofs_x = 1, .ofs_y = -7},
    {.bitmap_index = 9393, .adv_w = 224, .box_w = 12, .box_h = 19, .ofs_x = 2, .ofs_y = 0},
    {.bitmap_index = 9436, .adv_w = 270, .box_w = 16, .box_h = 19, .ofs_x = 0, .ofs_y = 0},
    {.bitmap_index = 9563, .adv_w = 211, .box_w = 13, .box_h = 25, .ofs_x = 0, .ofs_y = 0},
    {.bitmap_index = 9628, .adv_w = 327, .box_w = 17, .box_h = 19, .ofs_x = 2, .ofs_y = 0},
    {.bitmap_index = 9690, .adv_w = 293, .box_w = 20, .box_h = 19, .ofs_x = -1, .ofs_y = 0},
    {.bitmap_index = 9829, .adv_w = 453, .box_w = 30, .box_h = 19, .ofs_x = -1, .ofs_y = 0},
    {.bitmap_index = 10053, .adv_w = 287, .box_w = 20, .box_h = 19, .ofs_x = -1, .ofs_y = 0},
    {.bitmap_index = 10199, .adv_w = 299, .box_w = 20, .box_h = 26, .ofs_x = -1, .ofs_y = -7},
    {.bitmap_index = 10377, .adv_w = 270, .box_w = 16, .box_h = 19, .ofs_x = 0, .ofs_y = 0},
    {.bitmap_index = 10463, .adv_w = 202, .box_w = 12, .box_h = 31, .ofs_x = 0, .ofs_y = -2},
    {.bitmap_index = 10574, .adv_w = 131, .box_w = 4, .box_h = 31, .ofs_x = 2, .ofs_y = -2},
    {.bitmap_index = 10584, .adv_w = 202, .box_w = 12, .box_h = 31, .ofs_x = 0, .ofs_y = -2},
    {.bitmap_index = 10696, .adv_w = 308, .box_w = 18, .box_h = 8, .ofs_x = 1, .ofs_y = 9},
    {.bitmap_index = 10756, .adv_w = 272, .box_w = 5, .box_h = 5, .ofs_x = 6, .ofs_y = 11},
    {.bitmap_index = 10764, .adv_w = 272, .box_w = 17, .box_h = 4, .ofs_x = 0, .ofs_y = 11},
    {.bitmap_index = 10774, .adv_w = 544, .box_w = 11, .box_h = 10, .ofs_x = 3, .ofs_y = -2},
    {.bitmap_index = 10826, .adv_w = 544, .box_w = 30, .box_h = 5, .ofs_x = 2, .ofs_y = 12},
    {.bitmap_index = 10839, .adv_w = 544, .box_w = 30, .box_h = 30, .ofs_x = 2, .ofs_y = -1},
    {.bitmap_index = 10926, .adv_w = 544, .box_w = 32, .box_h = 29, .ofs_x = 1, .ofs_y = -2},
    {.bitmap_index = 11117, .adv_w = 544, .box_w = 31, .box_h = 31, .ofs_x = 1, .ofs_y = -2},
    {.bitmap_index = 11300, .adv_w = 544, .box_w = 32, .box_h = 32, .ofs_x = 1, .ofs_y = -2},
    {.bitmap_index = 11498, .adv_w = 544, .box_w = 28, .box_h = 32, .ofs_x = 3, .ofs_y = -2},
    {.bitmap_index = 11584, .adv_w = 544, .box_w = 31, .box_h = 31, .ofs_x = 1, .ofs_y = -2},
    {.bitmap_index = 11824, .adv_w = 544, .box_w = 32, .box_h = 32, .ofs_x = 1, .ofs_y = -2},
    {.bitmap_index = 12072, .adv_w = 544, .box_w = 31, .box_h = 33, .ofs_x = 1, .ofs_y = -3},
    {.bitmap_index = 12386, .adv_w = 544, .box_w = 32, .box_h = 32, .ofs_x = 1, .ofs_y = -3},
    {.bitmap_index = 12699, .adv_w = 544, .box_w = 31, .box_h = 32, .ofs_x = 1, .ofs_y = -3},
    {.bitmap_index = 13009, .adv_w = 544, .box_w = 32, .box_h = 32, .ofs_x = 1, .ofs_y = -3},
    {.bitmap_index = 13328, .adv_w = 544, .box_w = 32, .box_h = 34, .ofs_x = 1, .ofs_y = -4},
    {.bitmap_index = 13635, .adv_w = 544, .box_w = 32, .box_h = 33, .ofs_x = 1, .ofs_y = -3},
    {.bitmap_index = 13865, .adv_w = 544, .box_w = 31, .box_h = 31, .ofs_x = 1, .ofs_y = -2},
    {.bitmap_index = 14059, .adv_w = 544, .box_w = 32, .box_h = 32, .ofs_x = 1, .ofs_y = -2},
    {.bitmap_index = 14328, .adv_w = 544, .box_w = 32, .box_h = 32, .ofs_x = 1, .ofs_y = -3},
    {.bitmap_index = 14620, .adv_w = 544, .box_w = 32, .box_h = 32, .ofs_x = 1, .ofs_y = -3},
    {.bitmap_index = 14899, .adv_w = 544, .box_w = 32, .box_h = 31, .ofs_x = 1, .ofs_y = -2},
    {.bitmap_index = 15067, .adv_w = 544, .box_w = 32, .box_h = 31, .ofs_x = 1, .ofs_y = -2},
    {.bitmap_index = 15349, .adv_w = 544, .box_w = 32, .box_h = 31, .ofs_x = 1, .ofs_y = -2},
    {.bitmap_index = 15649, .adv_w = 544, .box_w = 32, .box_h = 32, .ofs_x = 1, .ofs_y = -2},
    {.bitmap_index = 15851, .adv_w = 544, .box_w = 32, .box_h = 32, .ofs_x = 1, .ofs_y = -2},
    {.bitmap_index = 16129, .adv_w = 544, .box_w = 30, .box_h = 31, .ofs_x = 1, .ofs_y = -2},
    {.bitmap_index = 16359, .adv_w = 544, .box_w = 32, .box_h = 32, .ofs_x = 1, .ofs_y = -3},
    {.bitmap_index = 16617, .adv_w = 544, .box_w = 32, .box_h = 33, .ofs_x = 1, .ofs_y = -3},
    {.bitmap_index = 16987, .adv_w = 544, .box_w = 32, .box_h = 32, .ofs_x = 1, .ofs_y = -3},
    {.bitmap_index = 17290, .adv_w = 544, .box_w = 31, .box_h = 34, .ofs_x = 1, .ofs_y = -4},
    {.bitmap_index = 17597, .adv_w = 544, .box_w = 32, .box_h = 31, .ofs_x = 1, .ofs_y = -3},
    {.bitmap_index = 17854, .adv_w = 544, .box_w = 32, .box_h = 31, .ofs_x = 1, .ofs_y = -1},
    {.bitmap_index = 18078, .adv_w = 544, .box_w = 31, .box_h = 33, .ofs_x = 1, .ofs_y = -3},
    {.bitmap_index = 18335, .adv_w = 544, .box_w = 32, .box_h = 33, .ofs_x = 1, .ofs_y = -3},
    {.bitmap_index = 18628, .adv_w = 544, .box_w = 26, .box_h = 31, .ofs_x = 4, .ofs_y = -2},
    {.bitmap_index = 18815, .adv_w = 544, .box_w = 29, .box_h = 30, .ofs_x = 2, .ofs_y = -2},
    {.bitmap_index = 18999, .adv_w = 544, .box_w = 31, .box_h = 33, .ofs_x = 2, .ofs_y = -3},
    {.bitmap_index = 19349, .adv_w = 544, .box_w = 28, .box_h = 32, .ofs_x = 3, .ofs_y = -2},
    {.bitmap_index = 19459, .adv_w = 544, .box_w = 30, .box_h = 32, .ofs_x = 2, .ofs_y = -2},
    {.bitmap_index = 19597, .adv_w = 544, .box_w = 32, .box_h = 34, .ofs_x = 1, .ofs_y = -4},
    {.bitmap_index = 19934, .adv_w = 544, .box_w = 30, .box_h = 32, .ofs_x = 1, .ofs_y = -3},
    {.bitmap_index = 20231, .adv_w = 544, .box_w = 29, .box_h = 32, .ofs_x = 2, .ofs_y = -3},
    {.bitmap_index = 20495, .adv_w = 544, .box_w = 30, .box_h = 32, .ofs_x = 1, .ofs_y = -3},
    {.bitmap_index = 20724, .adv_w = 544, .box_w = 32, .box_h = 33, .ofs_x = 1, .ofs_y = -3},
    {.bitmap_index = 20927, .adv_w = 544, .box_w = 30, .box_h = 33, .ofs_x = 1, .ofs_y = -4},
    {.bitmap_index = 21202, .adv_w = 544, .box_w = 30, .box_h = 32, .ofs_x = 1, .ofs_y = -3},
    {.bitmap_index = 21440, .adv_w = 544, .box_w = 31, .box_h = 32, .ofs_x = 1, .ofs_y = -3},
    {.bitmap_index = 21749, .adv_w = 544, .box_w = 31, .box_h = 31, .ofs_x = 1, .ofs_y = -2},
    {.bitmap_index = 22016, .adv_w = 544, .box_w = 28, .box_h = 30, .ofs_x = 4, .ofs_y = -2},
    {.bitmap_index = 22237, .adv_w = 544, .box_w = 30, .box_h = 32, .ofs_x = 2, .ofs_y = -2},
    {.bitmap_index = 22420, .adv_w = 544, .box_w = 32, .box_h = 32, .ofs_x = 1, .ofs_y = -2},
    {.bitmap_index = 22564, .adv_w = 544, .box_w = 31, .box_h = 30, .ofs_x = 1, .ofs_y = -3},
    {.bitmap_index = 22760, .adv_w = 544, .box_w = 30, .box_h = 33, .ofs_x = 2, .ofs_y = -3},
    {.bitmap_index = 22989, .adv_w = 544, .box_w = 32, .box_h = 33, .ofs_x = 1, .ofs_y = -3},
    {.bitmap_index = 23377, .adv_w = 544, .box_w = 33, .box_h = 30, .ofs_x = 0, .ofs_y = -3},
    {.bitmap_index = 23746, .adv_w = 544, .box_w = 32, .box_h = 31, .ofs_x = 1, .ofs_y = -3},
    {.bitmap_index = 24051, .adv_w = 544, .box_w = 31, .box_h = 33, .ofs_x = 1, .ofs_y = -3},
    {.bitmap_index = 24382, .adv_w = 544, .box_w = 32, .box_h = 30, .ofs_x = 1, .ofs_y = -2},
    {.bitmap_index = 24681, .adv_w = 544, .box_w = 32, .box_h = 30, .ofs_x = 1, .ofs_y = -3},
    {.bitmap_index = 24861, .adv_w = 544, .box_w = 32, .box_h = 29, .ofs_x = 1, .ofs_y = -2},
    {.bitmap_index = 24978, .adv_w = 544, .box_w = 31, .box_h = 31, .ofs_x = 1, .ofs_y = -2},
    {.bitmap_index = 25159, .adv_w = 544, .box_w = 32, .box_h = 32, .ofs_x = 1, .ofs_y = -3},
    {.bitmap_index = 25381, .adv_w = 544, .box_w = 31, .box_h = 30, .ofs_x = 1, .ofs_y = -2},
    {.bitmap_index = 25576, .adv_w = 544, .box_w = 28, .box_h = 33, .ofs_x = 3, .ofs_y = -3},
    {.bitmap_index = 25714, .adv_w = 544, .box_w = 30, .box_h = 32, .ofs_x = 1, .ofs_y = -2},
    {.bitmap_index = 25896, .adv_w = 544, .box_w = 31, .box_h = 32, .ofs_x = 1, .ofs_y = -2},
    {.bitmap_index = 26119, .adv_w = 544, .box_w = 29, .box_h = 32, .ofs_x = 2, .ofs_y = -2},
    {.bitmap_index = 26272, .adv_w = 544, .box_w = 30, .box_h = 32, .ofs_x = 3, .ofs_y = -3},
    {.bitmap_index = 26518, .adv_w = 544, .box_w = 28, .box_h = 29, .ofs_x = 3, .ofs_y = -2},
    {.bitmap_index = 26658, .adv_w = 544, .box_w = 28, .box_h = 30, .ofs_x = 3, .ofs_y = -2},
    {.bitmap_index = 26741, .adv_w = 544, .box_w = 28, .box_h = 30, .ofs_x = 3, .ofs_y = -2},
    {.bitmap_index = 26989, .adv_w = 544, .box_w = 31, .box_h = 32, .ofs_x = 1, .ofs_y = -2},
    {.bitmap_index = 27179, .adv_w = 544, .box_w = 31, .box_h = 31, .ofs_x = 1, .ofs_y = -2},
    {.bitmap_index = 27420, .adv_w = 544, .box_w = 30, .box_h = 33, .ofs_x = 1, .ofs_y = -4},
    {.bitmap_index = 27755, .adv_w = 544, .box_w = 32, .box_h = 31, .ofs_x = 1, .ofs_y = -2},
    {.bitmap_index = 28011, .adv_w = 544, .box_w = 31, .box_h = 33, .ofs_x = 1, .ofs_y = -3},
    {.bitmap_index = 28303, .adv_w = 544, .box_w = 31, .box_h = 33, .ofs_x = 1, .ofs_y = -4},
    {.bitmap_index = 28682, .adv_w = 544, .box_w = 30, .box_h = 32, .ofs_x = 2, .ofs_y = -2},
    {.bitmap_index = 28870, .adv_w = 544, .box_w = 32, .box_h = 31, .ofs_x = 1, .ofs_y = -2},
    {.bitmap_index = 29094, .adv_w = 544, .box_w = 30, .box_h = 33, .ofs_x = 2, .ofs_y = -3},
    {.bitmap_index = 29366, .adv_w = 544, .box_w = 30, .box_h = 32, .ofs_x = 2, .ofs_y = -3},
    {.bitmap_index = 29576, .adv_w = 544, .box_w = 32, .box_h = 32, .ofs_x = 1, .ofs_y = -3},
    {.bitmap_index = 29796, .adv_w = 544, .box_w = 30, .box_h = 32, .ofs_x = 2, .ofs_y = -3},
    {.bitmap_index = 30084, .adv_w = 544, .box_w = 32, .box_h = 31, .ofs_x = 1, .ofs_y = -2},
    {.bitmap_index = 30377, .adv_w = 544, .box_w = 32, .box_h = 31, .ofs_x = 1, .ofs_y = -2},
    {.bitmap_index = 30630, .adv_w = 544, .box_w = 32, .box_h = 33, .ofs_x = 1, .ofs_y = -3},
    {.bitmap_index = 30970, .adv_w = 544, .box_w = 31, .box_h = 31, .ofs_x = 1, .ofs_y = -3},
    {.bitmap_index = 31198, .adv_w = 544, .box_w = 32, .box_h = 31, .ofs_x = 1, .ofs_y = -3},
    {.bitmap_index = 31456, .adv_w = 544, .box_w = 31, .box_h = 30, .ofs_x = 1, .ofs_y = -1},
    {.bitmap_index = 31646, .adv_w = 544, .box_w = 29, .box_h = 30, .ofs_x = 3, .ofs_y = -2},
    {.bitmap_index = 31782, .adv_w = 544, .box_w = 32, .box_h = 33, .ofs_x = 1, .ofs_y = -3},
    {.bitmap_index = 31995, .adv_w = 544, .box_w = 32, .box_h = 33, .ofs_x = 1, .ofs_y = -3},
    {.bitmap_index = 32304, .adv_w = 544, .box_w = 32, .box_h = 32, .ofs_x = 1, .ofs_y = -3},
    {.bitmap_index = 32615, .adv_w = 544, .box_w = 32, .box_h = 30, .ofs_x = 1, .ofs_y = -3},
    {.bitmap_index = 32783, .adv_w = 544, .box_w = 31, .box_h = 32, .ofs_x = 2, .ofs_y = -2},
    {.bitmap_index = 33036, .adv_w = 544, .box_w = 28, .box_h = 31, .ofs_x = 2, .ofs_y = -2},
    {.bitmap_index = 33211, .adv_w = 544, .box_w = 32, .box_h = 30, .ofs_x = 1, .ofs_y = -2},
    {.bitmap_index = 33473, .adv_w = 544, .box_w = 32, .box_h = 32, .ofs_x = 1, .ofs_y = -2},
    {.bitmap_index = 33735, .adv_w = 544, .box_w = 32, .box_h = 31, .ofs_x = 1, .ofs_y = -2},
    {.bitmap_index = 34067, .adv_w = 544, .box_w = 32, .box_h = 32, .ofs_x = 1, .ofs_y = -2},
    {.bitmap_index = 34290, .adv_w = 544, .box_w = 32, .box_h = 32, .ofs_x = 1, .ofs_y = -2},
    {.bitmap_index = 34550, .adv_w = 544, .box_w = 32, .box_h = 33, .ofs_x = 1, .ofs_y = -3},
    {.bitmap_index = 34911, .adv_w = 544, .box_w = 32, .box_h = 32, .ofs_x = 1, .ofs_y = -2},
    {.bitmap_index = 35175, .adv_w = 544, .box_w = 32, .box_h = 33, .ofs_x = 1, .ofs_y = -3},
    {.bitmap_index = 35529, .adv_w = 544, .box_w = 31, .box_h = 32, .ofs_x = 1, .ofs_y = -3},
    {.bitmap_index = 35798, .adv_w = 544, .box_w = 31, .box_h = 30, .ofs_x = 2, .ofs_y = -2},
    {.bitmap_index = 35975, .adv_w = 544, .box_w = 31, .box_h = 31, .ofs_x = 1, .ofs_y = -2},
    {.bitmap_index = 36171, .adv_w = 544, .box_w = 31, .box_h = 31, .ofs_x = 1, .ofs_y = -2},
    {.bitmap_index = 36344, .adv_w = 544, .box_w = 32, .box_h = 32, .ofs_x = 1, .ofs_y = -3},
    {.bitmap_index = 36645, .adv_w = 544, .box_w = 30, .box_h = 32, .ofs_x = 1, .ofs_y = -3},
    {.bitmap_index = 36882, .adv_w = 544, .box_w = 32, .box_h = 33, .ofs_x = 1, .ofs_y = -3},
    {.bitmap_index = 37242, .adv_w = 544, .box_w = 32, .box_h = 32, .ofs_x = 1, .ofs_y = -3},
    {.bitmap_index = 37503, .adv_w = 544, .box_w = 31, .box_h = 31, .ofs_x = 1, .ofs_y = -2},
    {.bitmap_index = 37754, .adv_w = 544, .box_w = 32, .box_h = 33, .ofs_x = 1, .ofs_y = -3},
    {.bitmap_index = 38080, .adv_w = 544, .box_w = 32, .box_h = 32, .ofs_x = 1, .ofs_y = -3},
    {.bitmap_index = 38395, .adv_w = 544, .box_w = 31, .box_h = 32, .ofs_x = 1, .ofs_y = -3},
    {.bitmap_index = 38658, .adv_w = 544, .box_w = 31, .box_h = 32, .ofs_x = 1, .ofs_y = -3},
    {.bitmap_index = 38987, .adv_w = 544, .box_w = 32, .box_h = 32, .ofs_x = 1, .ofs_y = -3},
    {.bitmap_index = 39261, .adv_w = 544, .box_w = 32, .box_h = 32, .ofs_x = 1, .ofs_y = -3},
    {.bitmap_index = 39559, .adv_w = 544, .box_w = 32, .box_h = 31, .ofs_x = 1, .ofs_y = -2},
    {.bitmap_index = 39870, .adv_w = 544, .box_w = 32, .box_h = 33, .ofs_x = 1, .ofs_y = -3},
    {.bitmap_index = 40253, .adv_w = 544, .box_w = 32, .box_h = 32, .ofs_x = 1, .ofs_y = -3},
    {.bitmap_index = 40662, .adv_w = 544, .box_w = 32, .box_h = 32, .ofs_x = 1, .ofs_y = -2},
    {.bitmap_index = 40973, .adv_w = 544, .box_w = 30, .box_h = 32, .ofs_x = 3, .ofs_y = -3},
    {.bitmap_index = 41264, .adv_w = 544, .box_w = 32, .box_h = 33, .ofs_x = 1, .ofs_y = -3},
    {.bitmap_index = 41590, .adv_w = 544, .box_w = 30, .box_h = 31, .ofs_x = 2, .ofs_y = -3},
    {.bitmap_index = 41809, .adv_w = 544, .box_w = 30, .box_h = 31, .ofs_x = 3, .ofs_y = -2},
    {.bitmap_index = 41996, .adv_w = 544, .box_w = 28, .box_h = 31, .ofs_x = 3, .ofs_y = -3},
    {.bitmap_index = 42189, .adv_w = 544, .box_w = 30, .box_h = 30, .ofs_x = 2, .ofs_y = -2},
    {.bitmap_index = 42382, .adv_w = 544, .box_w = 32, .box_h = 30, .ofs_x = 1, .ofs_y = -2},
    {.bitmap_index = 42613, .adv_w = 544, .box_w = 30, .box_h = 32, .ofs_x = 2, .ofs_y = -2},
    {.bitmap_index = 42871, .adv_w = 544, .box_w = 31, .box_h = 31, .ofs_x = 2, .ofs_y = -3},
    {.bitmap_index = 43110, .adv_w = 544, .box_w = 31, .box_h = 31, .ofs_x = 2, .ofs_y = -3},
    {.bitmap_index = 43366, .adv_w = 544, .box_w = 32, .box_h = 31, .ofs_x = 1, .ofs_y = -2},
    {.bitmap_index = 43554, .adv_w = 544, .box_w = 30, .box_h = 32, .ofs_x = 1, .ofs_y = -3},
    {.bitmap_index = 43834, .adv_w = 544, .box_w = 31, .box_h = 31, .ofs_x = 1, .ofs_y = -2},
    {.bitmap_index = 44045, .adv_w = 544, .box_w = 32, .box_h = 32, .ofs_x = 1, .ofs_y = -2},
    {.bitmap_index = 44284, .adv_w = 544, .box_w = 31, .box_h = 33, .ofs_x = 1, .ofs_y = -3},
    {.bitmap_index = 44534, .adv_w = 544, .box_w = 31, .box_h = 32, .ofs_x = 1, .ofs_y = -2},
    {.bitmap_index = 44781, .adv_w = 544, .box_w = 31, .box_h = 32, .ofs_x = 1, .ofs_y = -2},
    {.bitmap_index = 44988, .adv_w = 544, .box_w = 31, .box_h = 32, .ofs_x = 1, .ofs_y = -2},
    {.bitmap_index = 45248, .adv_w = 544, .box_w = 32, .box_h = 32, .ofs_x = 1, .ofs_y = -2},
    {.bitmap_index = 45611, .adv_w = 544, .box_w = 33, .box_h = 32, .ofs_x = 0, .ofs_y = -3},
    {.bitmap_index = 45975, .adv_w = 544, .box_w = 32, .box_h = 30, .ofs_x = 1, .ofs_y = -2},
    {.bitmap_index = 46205, .adv_w = 544, .box_w = 32, .box_h = 33, .ofs_x = 0, .ofs_y = -3},
    {.bitmap_index = 46580, .adv_w = 544, .box_w = 31, .box_h = 32, .ofs_x = 2, .ofs_y = -3},
    {.bitmap_index = 46934, .adv_w = 544, .box_w = 30, .box_h = 28, .ofs_x = 2, .ofs_y = -1},
    {.bitmap_index = 47019, .adv_w = 544, .box_w = 32, .box_h = 31, .ofs_x = 1, .ofs_y = -2},
    {.bitmap_index = 47298, .adv_w = 544, .box_w = 32, .box_h = 32, .ofs_x = 1, .ofs_y = -3},
    {.bitmap_index = 47650, .adv_w = 544, .box_w = 31, .box_h = 32, .ofs_x = 1, .ofs_y = -3},
    {.bitmap_index = 48002, .adv_w = 544, .box_w = 31, .box_h = 31, .ofs_x = 1, .ofs_y = -2},
    {.bitmap_index = 48284, .adv_w = 544, .box_w = 32, .box_h = 31, .ofs_x = 1, .ofs_y = -2},
    {.bitmap_index = 48643, .adv_w = 544, .box_w = 32, .box_h = 32, .ofs_x = 1, .ofs_y = -3},
    {.bitmap_index = 48926, .adv_w = 544, .box_w = 32, .box_h = 32, .ofs_x = 1, .ofs_y = -3},
    {.bitmap_index = 49281, .adv_w = 544, .box_w = 31, .box_h = 32, .ofs_x = 1, .ofs_y = -3},
    {.bitmap_index = 49569, .adv_w = 544, .box_w = 31, .box_h = 32, .ofs_x = 1, .ofs_y = -3},
    {.bitmap_index = 49925, .adv_w = 544, .box_w = 31, .box_h = 33, .ofs_x = 2, .ofs_y = -3},
    {.bitmap_index = 50252, .adv_w = 544, .box_w = 32, .box_h = 32, .ofs_x = 1, .ofs_y = -3},
    {.bitmap_index = 50469, .adv_w = 544, .box_w = 31, .box_h = 32, .ofs_x = 2, .ofs_y = -3},
    {.bitmap_index = 50820, .adv_w = 544, .box_w = 31, .box_h = 30, .ofs_x = 2, .ofs_y = -2},
    {.bitmap_index = 51032, .adv_w = 544, .box_w = 31, .box_h = 32, .ofs_x = 2, .ofs_y = -2},
    {.bitmap_index = 51188, .adv_w = 544, .box_w = 31, .box_h = 32, .ofs_x = 1, .ofs_y = -2},
    {.bitmap_index = 51567, .adv_w = 544, .box_w = 32, .box_h = 32, .ofs_x = 1, .ofs_y = -3},
    {.bitmap_index = 51878, .adv_w = 544, .box_w = 30, .box_h = 31, .ofs_x = 1, .ofs_y = -3},
    {.bitmap_index = 52058, .adv_w = 544, .box_w = 30, .box_h = 31, .ofs_x = 3, .ofs_y = -2},
    {.bitmap_index = 52228, .adv_w = 544, .box_w = 30, .box_h = 30, .ofs_x = 2, .ofs_y = -2},
    {.bitmap_index = 52365, .adv_w = 544, .box_w = 32, .box_h = 31, .ofs_x = 1, .ofs_y = -3},
    {.bitmap_index = 52613, .adv_w = 544, .box_w = 26, .box_h = 32, .ofs_x = 4, .ofs_y = -3},
    {.bitmap_index = 52719, .adv_w = 544, .box_w = 28, .box_h = 32, .ofs_x = 3, .ofs_y = -2},
    {.bitmap_index = 52979, .adv_w = 544, .box_w = 31, .box_h = 32, .ofs_x = 1, .ofs_y = -3},
    {.bitmap_index = 53259, .adv_w = 544, .box_w = 32, .box_h = 31, .ofs_x = 1, .ofs_y = -2},
    {.bitmap_index = 53445, .adv_w = 544, .box_w = 32, .box_h = 33, .ofs_x = 1, .ofs_y = -4},
    {.bitmap_index = 53687, .adv_w = 544, .box_w = 30, .box_h = 31, .ofs_x = 3, .ofs_y = -3},
    {.bitmap_index = 53923, .adv_w = 544, .box_w = 32, .box_h = 32, .ofs_x = 1, .ofs_y = -3},
    {.bitmap_index = 54219, .adv_w = 544, .box_w = 30, .box_h = 32, .ofs_x = 1, .ofs_y = -3},
    {.bitmap_index = 54516, .adv_w = 544, .box_w = 32, .box_h = 32, .ofs_x = 1, .ofs_y = -3},
    {.bitmap_index = 54852, .adv_w = 544, .box_w = 32, .box_h = 30, .ofs_x = 1, .ofs_y = -2},
    {.bitmap_index = 55062, .adv_w = 544, .box_w = 32, .box_h = 32, .ofs_x = 1, .ofs_y = -3},
    {.bitmap_index = 55402, .adv_w = 544, .box_w = 32, .box_h = 30, .ofs_x = 1, .ofs_y = -2},
    {.bitmap_index = 55654, .adv_w = 544, .box_w = 32, .box_h = 31, .ofs_x = 1, .ofs_y = -2},
    {.bitmap_index = 55995, .adv_w = 544, .box_w = 32, .box_h = 32, .ofs_x = 1, .ofs_y = -2},
    {.bitmap_index = 56332, .adv_w = 544, .box_w = 31, .box_h = 31, .ofs_x = 2, .ofs_y = -2},
    {.bitmap_index = 56545, .adv_w = 544, .box_w = 30, .box_h = 30, .ofs_x = 2, .ofs_y = -1},
    {.bitmap_index = 56777, .adv_w = 544, .box_w = 31, .box_h = 31, .ofs_x = 1, .ofs_y = -2},
    {.bitmap_index = 57050, .adv_w = 544, .box_w = 31, .box_h = 31, .ofs_x = 1, .ofs_y = -2},
    {.bitmap_index = 57429, .adv_w = 544, .box_w = 31, .box_h = 32, .ofs_x = 1, .ofs_y = -2},
    {.bitmap_index = 57835, .adv_w = 544, .box_w = 31, .box_h = 31, .ofs_x = 1, .ofs_y = -2},
    {.bitmap_index = 58109, .adv_w = 544, .box_w = 32, .box_h = 32, .ofs_x = 1, .ofs_y = -2},
    {.bitmap_index = 58436, .adv_w = 544, .box_w = 31, .box_h = 33, .ofs_x = 1, .ofs_y = -3},
    {.bitmap_index = 58816, .adv_w = 544, .box_w = 32, .box_h = 30, .ofs_x = 1, .ofs_y = -2},
    {.bitmap_index = 59037, .adv_w = 544, .box_w = 28, .box_h = 32, .ofs_x = 3, .ofs_y = -3},
    {.bitmap_index = 59282, .adv_w = 544, .box_w = 32, .box_h = 33, .ofs_x = 1, .ofs_y = -3},
    {.bitmap_index = 59571, .adv_w = 544, .box_w = 30, .box_h = 32, .ofs_x = 1, .ofs_y = -3},
    {.bitmap_index = 59867, .adv_w = 544, .box_w = 31, .box_h = 33, .ofs_x = 2, .ofs_y = -3},
    {.bitmap_index = 60214, .adv_w = 544, .box_w = 31, .box_h = 32, .ofs_x = 1, .ofs_y = -3},
    {.bitmap_index = 60480, .adv_w = 544, .box_w = 32, .box_h = 32, .ofs_x = 1, .ofs_y = -3},
    {.bitmap_index = 60787, .adv_w = 544, .box_w = 31, .box_h = 32, .ofs_x = 1, .ofs_y = -2},
    {.bitmap_index = 60996, .adv_w = 544, .box_w = 30, .box_h = 31, .ofs_x = 2, .ofs_y = -2},
    {.bitmap_index = 61208, .adv_w = 544, .box_w = 31, .box_h = 32, .ofs_x = 1, .ofs_y = -2},
    {.bitmap_index = 61398, .adv_w = 544, .box_w = 31, .box_h = 31, .ofs_x = 2, .ofs_y = -2},
    {.bitmap_index = 61648, .adv_w = 544, .box_w = 32, .box_h = 32, .ofs_x = 1, .ofs_y = -3},
    {.bitmap_index = 61984, .adv_w = 544, .box_w = 32, .box_h = 31, .ofs_x = 1, .ofs_y = -3},
    {.bitmap_index = 62269, .adv_w = 544, .box_w = 31, .box_h = 31, .ofs_x = 1, .ofs_y = -2},
    {.bitmap_index = 62464, .adv_w = 544, .box_w = 32, .box_h = 32, .ofs_x = 1, .ofs_y = -3},
    {.bitmap_index = 62800, .adv_w = 544, .box_w = 31, .box_h = 34, .ofs_x = 2, .ofs_y = -4},
    {.bitmap_index = 63091, .adv_w = 544, .box_w = 31, .box_h = 32, .ofs_x = 1, .ofs_y = -3},
    {.bitmap_index = 63455, .adv_w = 544, .box_w = 32, .box_h = 33, .ofs_x = 1, .ofs_y = -3},
    {.bitmap_index = 63759, .adv_w = 544, .box_w = 32, .box_h = 32, .ofs_x = 1, .ofs_y = -2},
    {.bitmap_index = 63935, .adv_w = 544, .box_w = 31, .box_h = 32, .ofs_x = 2, .ofs_y = -3},
    {.bitmap_index = 64228, .adv_w = 544, .box_w = 31, .box_h = 31, .ofs_x = 2, .ofs_y = -2},
    {.bitmap_index = 64430, .adv_w = 544, .box_w = 31, .box_h = 30, .ofs_x = 1, .ofs_y = -1},
    {.bitmap_index = 64607, .adv_w = 544, .box_w = 32, .box_h = 32, .ofs_x = 1, .ofs_y = -3},
    {.bitmap_index = 64855, .adv_w = 544, .box_w = 32, .box_h = 31, .ofs_x = 1, .ofs_y = -2},
    {.bitmap_index = 65165, .adv_w = 544, .box_w = 32, .box_h = 32, .ofs_x = 1, .ofs_y = -3},
    {.bitmap_index = 65433, .adv_w = 544, .box_w = 32, .box_h = 34, .ofs_x = 1, .ofs_y = -4},
    {.bitmap_index = 65732, .adv_w = 544, .box_w = 32, .box_h = 32, .ofs_x = 1, .ofs_y = -3},
    {.bitmap_index = 65992, .adv_w = 544, .box_w = 30, .box_h = 32, .ofs_x = 2, .ofs_y = -3},
    {.bitmap_index = 66261, .adv_w = 544, .box_w = 32, .box_h = 32, .ofs_x = 1, .ofs_y = -3},
    {.bitmap_index = 66557, .adv_w = 544, .box_w = 32, .box_h = 32, .ofs_x = 1, .ofs_y = -3},
    {.bitmap_index = 66865, .adv_w = 544, .box_w = 31, .box_h = 32, .ofs_x = 1, .ofs_y = -3},
    {.bitmap_index = 67160, .adv_w = 544, .box_w = 32, .box_h = 32, .ofs_x = 1, .ofs_y = -2},
    {.bitmap_index = 67456, .adv_w = 544, .box_w = 32, .box_h = 32, .ofs_x = 1, .ofs_y = -3},
    {.bitmap_index = 67790, .adv_w = 544, .box_w = 32, .box_h = 31, .ofs_x = 1, .ofs_y = -2},
    {.bitmap_index = 68038, .adv_w = 544, .box_w = 32, .box_h = 32, .ofs_x = 1, .ofs_y = -3},
    {.bitmap_index = 68302, .adv_w = 544, .box_w = 32, .box_h = 32, .ofs_x = 1, .ofs_y = -3},
    {.bitmap_index = 68580, .adv_w = 544, .box_w = 32, .box_h = 31, .ofs_x = 1, .ofs_y = -2},
    {.bitmap_index = 68897, .adv_w = 544, .box_w = 31, .box_h = 32, .ofs_x = 1, .ofs_y = -3},
    {.bitmap_index = 69252, .adv_w = 544, .box_w = 32, .box_h = 30, .ofs_x = 1, .ofs_y = -2},
    {.bitmap_index = 69528, .adv_w = 544, .box_w = 32, .box_h = 31, .ofs_x = 1, .ofs_y = -3},
    {.bitmap_index = 69850, .adv_w = 544, .box_w = 30, .box_h = 30, .ofs_x = 2, .ofs_y = -2},
    {.bitmap_index = 69980, .adv_w = 544, .box_w = 31, .box_h = 31, .ofs_x = 2, .ofs_y = -2},
    {.bitmap_index = 70218, .adv_w = 544, .box_w = 32, .box_h = 30, .ofs_x = 1, .ofs_y = -2},
    {.bitmap_index = 70431, .adv_w = 544, .box_w = 31, .box_h = 32, .ofs_x = 1, .ofs_y = -2},
    {.bitmap_index = 70657, .adv_w = 544, .box_w = 30, .box_h = 32, .ofs_x = 1, .ofs_y = -2},
    {.bitmap_index = 70944, .adv_w = 544, .box_w = 32, .box_h = 31, .ofs_x = 1, .ofs_y = -2},
    {.bitmap_index = 71240, .adv_w = 544, .box_w = 32, .box_h = 33, .ofs_x = 1, .ofs_y = -3},
    {.bitmap_index = 71583, .adv_w = 544, .box_w = 32, .box_h = 32, .ofs_x = 1, .ofs_y = -3},
    {.bitmap_index = 71917, .adv_w = 544, .box_w = 30, .box_h = 32, .ofs_x = 2, .ofs_y = -3},
    {.bitmap_index = 72166, .adv_w = 544, .box_w = 28, .box_h = 32, .ofs_x = 3, .ofs_y = -2},
    {.bitmap_index = 72388, .adv_w = 544, .box_w = 28, .box_h = 32, .ofs_x = 3, .ofs_y = -2},
    {.bitmap_index = 72555, .adv_w = 544, .box_w = 30, .box_h = 31, .ofs_x = 3, .ofs_y = -2},
    {.bitmap_index = 72884, .adv_w = 544, .box_w = 30, .box_h = 31, .ofs_x = 3, .ofs_y = -2},
    {.bitmap_index = 73194, .adv_w = 544, .box_w = 30, .box_h = 30, .ofs_x = 2, .ofs_y = -2},
    {.bitmap_index = 73336, .adv_w = 544, .box_w = 31, .box_h = 31, .ofs_x = 1, .ofs_y = -3},
    {.bitmap_index = 73577, .adv_w = 544, .box_w = 32, .box_h = 31, .ofs_x = 1, .ofs_y = -3},
    {.bitmap_index = 73866, .adv_w = 544, .box_w = 32, .box_h = 33, .ofs_x = 1, .ofs_y = -3},
    {.bitmap_index = 74174, .adv_w = 544, .box_w = 32, .box_h = 33, .ofs_x = 1, .ofs_y = -3},
    {.bitmap_index = 74571, .adv_w = 544, .box_w = 32, .box_h = 32, .ofs_x = 1, .ofs_y = -2},
    {.bitmap_index = 74842, .adv_w = 544, .box_w = 31, .box_h = 32, .ofs_x = 1, .ofs_y = -3},
    {.bitmap_index = 75153, .adv_w = 544, .box_w = 30, .box_h = 33, .ofs_x = 2, .ofs_y = -3},
    {.bitmap_index = 75339, .adv_w = 544, .box_w = 32, .box_h = 31, .ofs_x = 1, .ofs_y = -3},
    {.bitmap_index = 75604, .adv_w = 544, .box_w = 32, .box_h = 31, .ofs_x = 1, .ofs_y = -2},
    {.bitmap_index = 75980, .adv_w = 544, .box_w = 31, .box_h = 32, .ofs_x = 1, .ofs_y = -2},
    {.bitmap_index = 76307, .adv_w = 544, .box_w = 31, .box_h = 31, .ofs_x = 2, .ofs_y = -3},
    {.bitmap_index = 76593, .adv_w = 544, .box_w = 6, .box_h = 12, .ofs_x = 5, .ofs_y = -7},
    {.bitmap_index = 76622, .adv_w = 544, .box_w = 5, .box_h = 20, .ofs_x = 6, .ofs_y = -1},
    {.bitmap_index = 76646, .adv_w = 544, .box_w = 6, .box_h = 26, .ofs_x = 5, .ofs_y = -7},
    {.bitmap_index = 76690, .adv_w = 544, .box_w = 4, .box_h = 31, .ofs_x = 15, .ofs_y = -2}
};

/*---------------------
 *  CHARACTER MAPPING
 *--------------------*/

static const uint16_t unicode_list_1[] = {
    0x0, 0x1f5c, 0x2f4b, 0x4d49, 0x4d53, 0x4d56, 0x4d57, 0x4d73,
    0x4d76, 0x4da8, 0x4dd4, 0x4ded, 0x4e0e, 0x4e16, 0x4e17, 0x4e2d,
    0x4e3f, 0x4e44, 0x4e5a, 0x4e63, 0x4e69, 0x4e8f, 0x4e96, 0x4e97,
    0x4e98, 0x4e9c, 0x4ef0, 0x4f26, 0x4f37, 0x4f62, 0x508e, 0x50ae,
    0x50b1, 0x50bc, 0x50c4, 0x50ce, 0x50e2, 0x5100, 0x5143, 0x5144,
    0x514f, 0x5150, 0x516d, 0x5174, 0x5196, 0x51e8, 0x51e9, 0x51f1,
    0x525f, 0x5283, 0x529e, 0x52aa, 0x52d4, 0x5304, 0x530b, 0x5315,
    0x5316, 0x531a, 0x531f, 0x5333, 0x5338, 0x533c, 0x5351, 0x5357,
    0x535a, 0x5378, 0x53c6, 0x5416, 0x546d, 0x5624, 0x5627, 0x5647,
    0x5671, 0x5679, 0x5683, 0x5743, 0x5856, 0x58bf, 0x5aa0, 0x5aa1,
    0x5ad2, 0x5ad5, 0x5ae3, 0x5ae7, 0x5b42, 0x5b4a, 0x5b7a, 0x5b8b,
    0x5b98, 0x5d2f, 0x5d3b, 0x5dbf, 0x5ddd, 0x5e43, 0x5e49, 0x5e82,
    0x5e9c, 0x5e9e, 0x5ece, 0x5f4a, 0x5f70, 0x5f84, 0x5fab, 0x6058,
    0x6159, 0x6189, 0x6194, 0x6196, 0x619c, 0x61b0, 0x61ed, 0x621d,
    0x624a, 0x6250, 0x6252, 0x62ab, 0x62b7, 0x62ee, 0x6319, 0x632a,
    0x63f6, 0x6487, 0x64b9, 0x64bd, 0x64f6, 0x64f9, 0x6529, 0x653f,
    0x6557, 0x6587, 0x65b8, 0x65cb, 0x663d, 0x6649, 0x6652, 0x6668,
    0x6673, 0x6675, 0x6683, 0x6699, 0x66a8, 0x66ae, 0x66c7, 0x66ca,
    0x66e5, 0x6781, 0x6a6a, 0x6aac, 0x6b7d, 0x6bea, 0x6c2b, 0x6cd1,
    0x6d44, 0x6d4e, 0x6d59, 0x6e1a, 0x6e2a, 0x6e5d, 0x7002, 0x7036,
    0x71a2, 0x71a4, 0x71b2, 0x71ff, 0x7471, 0x747e, 0x7484, 0x7495,
    0x75c6, 0x75cd, 0x75f7, 0x763d, 0x7668, 0x7669, 0x7736, 0x77b7,
    0x77fc, 0x7883, 0x791b, 0x792d, 0x7939, 0x797c, 0x79c3, 0x7a14,
    0x7a92, 0x7c74, 0x7e08, 0x7e1c, 0x7e33, 0x7e36, 0x7eb7, 0x7fd2,
    0x7ff3, 0x8041, 0x8046, 0x804b, 0x80e5, 0x81bb, 0x8242, 0x836e,
    0x8426, 0x8492, 0x8614, 0x8795, 0x880e, 0x8911, 0x892c, 0x892f,
    0x8aea, 0x8aed, 0x8af9, 0x8b0a, 0x8b0f, 0x8b1e, 0x8b38, 0x8b3d,
    0x8b40, 0x8b4c, 0x8c6f, 0x8c71, 0x8cce, 0x8d38, 0x8d3c, 0x8f10,
    0x8f24, 0x8f27, 0x8f52, 0x8f58, 0x90db, 0x9113, 0x9115, 0x9116,
    0x9118, 0x93e8, 0x93e9, 0x93f7, 0x9447, 0x944a, 0x94c8, 0x9536,
    0x953d, 0x95ad, 0x95d9, 0x96ab, 0x97c2, 0x97cd, 0x9828, 0x9859,
    0x98b9, 0x98d1, 0x98df, 0x98e2, 0x99d5, 0x9d6a, 0x9e1a, 0xfe55,
    0xfe63, 0xfe64, 0xfea5
};

/*Collect the unicode lists and glyph_id offsets*/
static const lv_font_fmt_txt_cmap_t cmaps[] =
{
    {
        .range_start = 32, .range_length = 95, .glyph_id_start = 1,
        .unicode_list = NULL, .glyph_id_ofs_list = NULL, .list_length = 0, .type = LV_FONT_FMT_TXT_CMAP_FORMAT0_TINY
    },
    {
        .range_start = 183, .range_length = 65190, .glyph_id_start = 96,
        .unicode_list = unicode_list_1, .glyph_id_ofs_list = NULL, .list_length = 259, .type = LV_FONT_FMT_TXT_CMAP_SPARSE_TINY
    }
};

/*-----------------
 *    KERNING
 *----------------*/


/*Map glyph_ids to kern left classes*/
static const uint8_t kern_left_class_mapping[] =
{
    0, 0, 0, 1, 0, 0, 0, 2,
    1, 3, 0, 0, 0, 4, 5, 4,
    6, 7, 0, 8, 9, 10, 11, 12,
    13, 14, 15, 0, 0, 0, 0, 0,
    16, 17, 18, 19, 20, 21, 22, 23,
    24, 0, 0, 25, 26, 27, 0, 0,
    21, 28, 29, 30, 31, 32, 33, 34,
    35, 36, 37, 38, 3, 0, 0, 0,
    39, 0, 40, 41, 42, 0, 41, 43,
    44, 40, 45, 45, 46, 47, 40, 40,
    41, 41, 44, 48, 49, 50, 51, 52,
    53, 54, 52, 55, 3, 0, 0, 0,
    0, 5, 0, 0, 0, 0, 0, 0,
    0, 0, 0, 0, 0, 0, 0, 0,
    0, 0, 0, 0, 0, 0, 0, 0,
    0, 0, 0, 0, 0, 0, 0, 0,
    0, 0, 0, 0, 0, 0, 0, 0,
    0, 0, 0, 0, 0, 0, 0, 0,
    0, 0, 0, 0, 0, 0, 0, 0,
    0, 0, 0, 0, 0, 0, 0, 0,
    0, 0, 0, 0, 0, 0, 0, 0,
    0, 0, 0, 0, 0, 0, 0, 0,
    0, 0, 0, 0, 0, 0, 0, 0,
    0, 0, 0, 0, 0, 0, 0, 0,
    0, 0, 0, 0, 0, 0, 0, 0,
    0, 0, 0, 0, 0, 0, 0, 0,
    0, 0, 0, 0, 0, 0, 0, 0,
    0, 0, 0, 0, 0, 0, 0, 0,
    0, 0, 0, 0, 0, 0, 0, 0,
    0, 0, 0, 0, 0, 0, 0, 0,
    0, 0, 0, 0, 0, 0, 0, 0,
    0, 0, 0, 0, 0, 0, 0, 0,
    0, 0, 0, 0, 0, 0, 0, 0,
    0, 0, 0, 0, 0, 0, 0, 0,
    0, 0, 0, 0, 0, 0, 0, 0,
    0, 0, 0, 0, 0, 0, 0, 0,
    0, 0, 0, 0, 0, 0, 0, 0,
    0, 0, 0, 0, 0, 0, 0, 0,
    0, 0, 0, 0, 0, 0, 0, 0,
    0, 0, 0, 0, 0, 0, 0, 0,
    0, 0, 0, 0, 0, 0, 0, 0,
    0, 0, 0, 0, 0, 0, 0, 0,
    0, 0, 0, 0, 0, 0, 0, 0,
    0, 0, 0, 0, 0, 0, 0, 4,
    0, 0, 0
};

/*Map glyph_ids to kern right classes*/
static const uint8_t kern_right_class_mapping[] =
{
    0, 0, 0, 1, 0, 0, 0, 2,
    1, 0, 0, 0, 0, 3, 4, 3,
    5, 6, 7, 8, 9, 10, 11, 12,
    13, 14, 15, 0, 0, 0, 0, 0,
    16, 17, 18, 0, 19, 0, 0, 0,
    19, 0, 0, 20, 0, 0, 0, 0,
    19, 0, 19, 0, 21, 22, 23, 24,
    25, 26, 27, 28, 0, 0, 29, 0,
    30, 0, 31, 32, 33, 33, 33, 34,
    35, 32, 36, 37, 32, 38, 39, 39,
    33, 39, 33, 39, 40, 41, 42, 43,
    44, 45, 43, 46, 0, 0, 0, 0,
    0, 4, 0, 0, 0, 0, 0, 0,
    0, 0, 0, 0, 0, 0, 0, 0,
    0, 0, 0, 0, 0, 0, 0, 0,
    0, 0, 0, 0, 0, 0, 0, 0,
    0, 0, 0, 0, 0, 0, 0, 0,
    0, 0, 0, 0, 0, 0, 0, 0,
    0, 0, 0, 0, 0, 0, 0, 0,
    0, 0, 0, 0, 0, 0, 0, 0,
    0, 0, 0, 0, 0, 0, 0, 0,
    0, 0, 0, 0, 0, 0, 0, 0,
    0, 0, 0, 0, 0, 0, 0, 0,
    0, 0, 0, 0, 0, 0, 0, 0,
    0, 0, 0, 0, 0, 0, 0, 0,
    0, 0, 0, 0, 0, 0, 0, 0,
    0, 0, 0, 0, 0, 0, 0, 0,
    0, 0, 0, 0, 0, 0, 0, 0,
    0, 0, 0, 0, 0, 0, 0, 0,
    0, 0, 0, 0, 0, 0, 0, 0,
    0, 0, 0, 0, 0, 0, 0, 0,
    0, 0, 0, 0, 0, 0, 0, 0,
    0, 0, 0, 0, 0, 0, 0, 0,
    0, 0, 0, 0, 0, 0, 0, 0,
    0, 0, 0, 0, 0, 0, 0, 0,
    0, 0, 0, 0, 0, 0, 0, 0,
    0, 0, 0, 0, 0, 0, 0, 0,
    0, 0, 0, 0, 0, 0, 0, 0,
    0, 0, 0, 0, 0, 0, 0, 0,
    0, 0, 0, 0, 0, 0, 0, 0,
    0, 0, 0, 0, 0, 0, 0, 0,
    0, 0, 0, 0, 0, 0, 0, 0,
    0, 0, 0, 0, 0, 0, 0, 0,
    0, 0, 0, 0, 0, 0, 0, 3,
    0, 0, 0
};

/*Kern values between classes*/
static const int8_t kern_class_values[] =
{
    0, 0, 0, 0, 0, 0, 0, 0,
    0, -51, 0, -32, 11, 0, 0, 0,
    0, 0, 0, 0, 0, 0, 0, 0,
    0, 0, 0, 0, 0, 0, 0, 0,
    0, 0, 0, 0, 0, 0, 0, 0,
    0, 0, 0, 0, 0, 0, 0, 0,
    0, 0, 0, 0, -33, 0, -25, -14,
    0, -22, -40, 0, -27, 0, 0, 0,
    0, 0, 0, 0, 0, 0, 0, 0,
    0, 0, 0, 0, 0, 0, 0, 0,
    0, 0, 0, 0, 0, 0, 0, 0,
    0, 0, 0, 0, 0, 0, 0, 0,
    0, 0, 0, 0, 0, 0, 0, 0,
    0, 0, 0, 0, 0, 0, 0, 0,
    0, 0, 0, 0, 0, 0, 0, 0,
    0, 0, 0, 0, 0, 0, 0, 0,
    22, 0, 0, 0, 0, 0, 0, 0,
    0, 0, 0, 0, 0, 0, 0, -16,
    -52, 0, -14, -17, -10, -9, -15, -4,
    -53, 0, 0, 0, 0, 0, 0, 0,
    0, 0, 0, 0, 0, 0, 0, 0,
    0, 0, 0, 0, 0, 0, 0, 0,
    0, 0, 0, 0, 0, 0, 0, 0,
    0, 0, 0, 0, 0, 0, 0, -11,
    -16, 0, 0, 0, -13, 0, 0, 0,
    0, 0, 0, 0, 0, 0, 0, 0,
    0, 0, 0, 0, 0, 0, 0, 0,
    0, 0, 0, 0, 0, 0, 0, 0,
    0, 0, 0, 0, 0, 0, 0, 0,
    0, 0, 0, 0, 0, 0, 0, -40,
    0, -27, 0, 0, 0, 0, 0, 0,
    0, 0, 0, 0, 0, 0, 0, 0,
    0, 0, 0, 0, 0, 0, 0, 0,
    0, 0, 0, 0, 0, 0, 0, 0,
    0, 0, 0, 0, 0, 0, -16, 0,
    0, 0, 0, -13, -11, 0, 0, 0,
    -8, 0, 0, 0, 0, -16, 0, -15,
    0, -17, 0, -16, -9, 0, -29, 0,
    0, 0, 0, 0, 0, 0, 0, 0,
    0, 0, 0, 0, 0, 0, 0, 0,
    0, 0, 0, 0, 0, -3, 0, -8,
    0, 0, -13, -17, 0, -11, 0, 0,
    0, 0, 0, 0, 0, 0, 0, 0,
    0, -8, 0, 0, -15, 0, 0, 0,
    0, 0, 0, 0, 0, 0, 0, 0,
    0, 0, 0, 0, 0, 0, 0, 0,
    0, 0, -9, 0, 0, 0, 0, -9,
    0, 0, 0, 0, 0, 0, -5, -14,
    0, 0, 0, 0, 0, 0, 0, 0,
    0, -7, -11, 0, 0, 0, 0, 0,
    0, 0, 0, 0, 0, 0, 0, 0,
    0, 0, 0, 0, 0, 0, -8, 0,
    0, 0, 0, 0, -12, 0, -10, 0,
    0, 0, -12, 0, -11, -17, 0, 0,
    0, 0, 0, -15, 0, -18, 0, 0,
    -22, 1, 0, 0, 0, 0, 0, 0,
    0, 0, 0, 0, 0, 0, 0, 0,
    0, 0, 0, 0, 0, 0, -9, 0,
    0, 0, -14, 0, 0, 0, 0, 0,
    -10, 0, 0, -21, 0, 0, 0, 0,
    0, 0, 0, -12, 0, -19, 0, 0,
    0, 0, 0, 0, 0, 0, 0, 0,
    0, 0, 0, 0, 0, 0, 0, 0,
    0, 0, -41, 0, -9, 0, 0, 0,
    -32, 0, 0, 0, 0, 0, -17, 0,
    -5, -32, 0, 0, 0, 0, 0, -52,
    0, -40, 0, -15, -56, 0, 0, 0,
    0, 0, 0, 0, 0, 0, 0, 0,
    0, 0, 0, 0, -20, 0, -16, -10,
    11, -40, -73, -9, -46, -13, 0, 0,
    0, -39, 0, -37, 7, -16, 0, 7,
    0, -56, 0, -63, 0, 0, 0, 0,
    0, 0, 0, 0, 0, 0, -42, 0,
    -40, -12, -36, 0, 0, 0, -22, -29,
    0, -18, 0, 0, -17, -17, 0, 0,
    -4, 0, 0, 0, 0, 0, 0, 0,
    0, 0, -9, 0, -12, -10, 0, 0,
    0, 0, 0, -13, 0, -13, 0, 0,
    -22, 0, 0, 0, 0, 0, 0, 0,
    0, 0, 0, 0, 0, 0, 0, 0,
    0, 0, -11, 0, 0, -31, -57, 0,
    -27, 0, 0, 0, 0, -16, 0, -14,
    0, -11, 0, 0, 0, -38, 0, -48,
    0, 0, 0, -6, 0, -27, -14, 0,
    0, 0, -20, 0, -15, 6, 0, 0,
    0, 0, 0, 0, 3, 0, 0, 0,
    0, 0, 0, 0, 0, 0, 0, 0,
    0, 0, -14, -31, -8, -19, 5, -9,
    0, 0, 0, 0, 0, 0, 0, 0,
    0, 0, 0, 0, 0, 0, 0, 0,
    0, 0, 0, 0, 0, 0, 0, 0,
    0, 0, 0, 0, 0, 0, 0, 0,
    0, 0, 0, 0, 0, 0, 0, 0,
    0, 0, 0, 0, 0, 0, 0, 0,
    0, -23, 0, 0, 0, 0, 0, 0,
    0, -25, 0, 0, 0, 0, 0, 0,
    0, 0, 0, 0, 0, 0, 0, 0,
    0, 0, 0, 0, 0, 0, -54, -4,
    0, -27, 0, -16, -36, 0, 0, 0,
    0, 0, 0, 0, -40, -44, 0, 0,
    -20, 0, 0, -45, -13, -49, -36, 0,
    -51, 0, 0, 0, 0, 0, -3, -8,
    -3, 0, 0, -5, 0, 0, -18, -12,
    -22, -20, 0, 0, -16, 0, -8, 0,
    0, 0, 0, 0, 0, 0, 0, 0,
    0, 0, 0, -13, 0, -7, 0, -6,
    0, -13, 0, -18, -7, -13, -19, -3,
    0, 0, 0, 0, 0, 0, 0, 0,
    0, 0, 0, 0, 0, 0, 0, 0,
    -3, -4, 0, 0, 0, -24, 0, 0,
    0, 0, 0, 0, 0, 0, 0, 0,
    0, 0, 0, -13, -10, 0, 0, -3,
    0, 0, 0, -14, -22, -5, 0, 0,
    -8, 0, -13, 0, -12, 0, 0, 0,
    0, 0, 0, 0, -7, -9, -5, 0,
    -11, 0, -24, 0, 0, 0, 0, 0,
    0, 0, 0, 0, 0, 0, 0, -14,
    0, -20, 0, -26, 0, -19, 0, -17,
    -8, -24, -25, -15, 0, 0, 0, 0,
    0, 0, 0, 0, 0, 0, 0, 0,
    0, 0, 0, 0, 0, -7, 0, -8,
    0, 0, 0, 0, 0, 0, 0, 0,
    0, 0, 0, 0, 0, 0, 0, 0,
    0, 0, 0, 0, 0, 0, 0, 0,
    0, 0, 0, 0, 0, 0, 0, 0,
    0, 0, 0, 0, 0, 0, 0, 0,
    -5, -2, 0, 0, 9, -13, -36, 0,
    0, 0, 0, 0, 0, -14, 0, -15,
    0, 0, 0, 0, 0, -31, 0, -52,
    -4, 0, 0, 0, 0, -7, 0, 0,
    0, 0, -24, 0, -18, 0, -15, 0,
    0, 0, -14, -10, 0, -11, -5, -5,
    -11, -5, 0, 0, -18, 0, 0, 0,
    0, 0, 0, 0, 0, 0, 0, 0,
    0, -13, 0, -12, 0, 0, 0, -16,
    0, -16, -7, -14, -26, -4, 0, 0,
    0, 0, 0, 0, 0, 0, 0, 0,
    0, -5, 0, 0, -5, -7, -11, 0,
    0, 0, -11, 0, 0, 0, 0, 0,
    0, 0, 0, 0, 0, 0, 0, 0,
    0, 0, 0, -15, 0, 0, 0, 0,
    0, -9, 0, 0, 0, 0, 0, 0,
    0, 0, 0, 0, 0, 0, 0, 0,
    0, 0, 0, 0, 0, 0, 0, -21,
    8, -52, 0, -26, -19, 0, 0, -16,
    0, 0, 0, 0, -30, -22, 0, 0,
    -14, -11, -13, 0, -5, 0, 0, 0,
    0, 0, 0, 0, -9, 0, -20, -16,
    -16, 0, 0, -9, -5, -4, -16, -16,
    -14, -27, 0, 0, -52, 0, 13, -51,
    0, 0, -45, 0, 0, 0, 0, 0,
    -12, 0, -60, -52, 0, 0, -11, 0,
    0, -67, -15, -53, -44, 0, -87, 0,
    0, 0, -5, 0, -9, -11, -7, 0,
    0, 0, 0, 0, -26, -9, -36, -27,
    0, 0, 0, -22, -53, 0, 0, 0,
    0, -7, 0, -16, 0, 0, 0, 0,
    0, 0, 0, -37, 0, -58, 0, -11,
    0, -15, -7, -22, -20, -11, 0, 0,
    -17, 0, -13, 10, -13, 0, 0, 0,
    0, -5, 10, 0, 5, 13, 0, 0,
    0, 0, 0, 0, 0, 0, 0, 0,
    0, 0, 0, 0, 0, 0, 0, 0,
    0, -12, 0, -20, 0, -16, 0, -12,
    -12, -21, -23, -5, 0, 0, 0, 0,
    0, 0, 0, 0, 0, 0, 0, 0,
    0, 0, 0, 0, 0, 0, 0, -8,
    0, 0, 0, 0, 0, 0, 0, 0,
    0, 0, 0, 0, 0, 0, 0, 0,
    0, -16, 0, -10, 0, -4, -4, 0,
    -14, 0, 0, 0, -4, 0, -4, 0,
    -3, 0, 0, 0, 0, 0, 0, -2,
    0, 0, 0, 0, 0, 0, 0, 0,
    0, 0, 0, 0, 0, 0, 0, 0,
    0, 0, 0, 0, 0, 0, 0, 0,
    0, -7, 0, -9, 0, -8, -14, 0,
    0, 0, 0, 0, 0, 0, 0, 0,
    0, 0, 0, 0, 0, 0, 0, -3,
    -4, -1, 12, -35, -58, -44, 0, -17,
    0, 0, 0, -53, 0, -41, 0, -13,
    0, 0, 0, -45, -17, -56, -9, 0,
    0, -9, 0, -13, 0, 0, 0, 0,
    -58, -33, -65, -22, -64, 0, 0, 0,
    -47, -57, -13, -37, -42, -44, -45, -41,
    0, 0, -18, 0, 0, 0, 0, 0,
    0, 0, 0, 0, 0, 0, 0, 0,
    0, -13, 0, -20, 0, 0, 0, 0,
    0, -7, 0, -2, 0, 0, 0, 0,
    0, 0, 0, 0, 0, 0, 0, 0,
    0, 0, 0, 0, 0, 0, 0, -38,
    -72, -25, 0, -16, 0, -13, 0, -38,
    -9, -30, 0, -13, 0, 0, 0, -49,
    -17, -59, -8, 0, 0, 0, 0, 0,
    0, 0, 0, 0, -45, -29, -44, -10,
    -41, 0, 0, 0, -27, -38, -7, -26,
    -18, -16, -23, -19, 0, -21, -47, -16,
    0, -9, 0, 0, 0, -30, 0, 0,
    0, 0, 0, 0, 0, -34, -8, -51,
    -2, 0, 0, 0, 0, 0, 0, 0,
    0, 0, -36, 0, -32, -7, -32, 0,
    0, 0, -22, -27, -2, -24, -5, -10,
    -18, -13, 0, -18, 4, -47, 0, 0,
    -11, 0, -7, -14, -14, -14, 0, 0,
    -26, -11, -14, 0, -24, -10, -9, -15,
    -7, 0, 0, 0, 0, 0, 0, 0,
    -13, 0, -21, -16, -20, 0, 0, -4,
    -3, -14, -17, -20, -23, -25, 0, 0,
    0, -45, -70, -39, 0, -29, -3, -11,
    -7, -59, 0, -51, 0, -22, -12, -2,
    -25, -51, -25, -65, -16, 0, 0, 0,
    0, 0, 0, 0, 0, 0, -56, -27,
    -60, -23, -60, 0, 0, 0, -43, -52,
    -19, -40, -26, -28, -33, -35, 0, -22,
    0, -26, 0, 0, 0, 0, 0, -16,
    0, 0, 0, 0, 0, 0, 0, 0,
    -16, 0, 0, 0, -5, 0, 0, 0,
    0, 0, 0, 0, 0, 0, -9, 0,
    0, 0, 0, 0, 0, 0, -10, -11,
    -8, -13, 0, 0, 0, 0, 0, 0,
    0, 0, 0, 0, 0, 0, 0, 0,
    0, 0, 0, 0, 0, 0, 0, 0,
    0, 0, 0, 0, 0, 0, 0, 0,
    0, 0, 0, 0, -26, 0, 0, 0,
    45, 0, 0, 0, 0, 0, 0, 0,
    0, 0, -15, 0, 0, 0, 0, 0,
    -16, 0, 0, 0, 0, 0, -18, 0,
    -10, -25, 0, 0, 0, 0, -7, -61,
    0, -45, -32, -12, -47, 0, 0, 0,
    0, 0, 0, 0, 0, 0, 0, 0,
    0, 0, 0, 0, 0, 0, 0, 0,
    -22, 0, -10, 0, 0, 0, 0, 0,
    0, 0, 0, 0, -27, 0, -14, -38,
    0, -9, 0, -5, -7, -62, 0, -43,
    -32, -23, -54, -6, 0, -3, 0, 0,
    0, 0, 0, 0, 0, 0, 0, 0,
    0, 0, -4, -6, -9, -3, -8, 0,
    0, 0, 0, 0, 0, 0, 0, 0,
    0, 0, 0, 0, 0, -14, 0, -9,
    0, 0, -7, -54, 0, -33, -24, -20,
    -60, 0, 0, 0, -9, 0, -4, 0,
    0, -5, 0, -4, 0, 0, 0, 0,
    -6, 0, -13, 0, 16, -10, -36, 11,
    0, 0, 0, 0, 0, -23, 0, 0,
    12, 0, 10, 0, 0, -27, 0, -36,
    2, 0, 0, 9, 9, 0, 0, 0,
    9, 0, -11, 0, -7, 0, -8, 0,
    0, 0, 0, -7, 3, 0, 0, 0,
    0, 0, 0, 0, 0, 0, 0, 0,
    0, 0, 0, 0, 0, 0, 0, 0,
    0, 0, 0, 0, 0, 0, 0, -46,
    0, -40, -27, 0, -34, 0, 0, 0,
    0, 0, 0, 0, 0, 0, 15, 0,
    0, 0, 0, 0, 0, 0, 0, 0,
    0, 0, 0, 0, 0, 0, 0, 0,
    0, 0, 0, 0, 0, 0, 0, 0,
    0, 0, 0, 0, 0, 0, 0, 0,
    0, 0, 0, 0, 0, 0, 0, 0,
    0, 0, 0, 0, 7, 0, 0, 0,
    0, 0, 0, 0, 0, 0, -13, -8,
    5, -18, 0, 0, 0, 0, 0, -18,
    0, -14, 0, -16, -6, -9, 0, 0,
    -8, 0, 0, -47, -7, -28, -14, 0,
    -34, 0, 0, 0, -5, 0, -10, 0,
    -3, 0, 0, -4, 0, -8, -3, -3,
    0, 0, 0, 0, 0, -2, 10, -7,
    0, 0, 0, 0, 0, 0, 0, 0,
    0, 0, 0, -13, 0, 0, -2, 0,
    0, -24, 0, 0, 0, 0, -26, 0,
    0, 0, 3, 0, 0, 0, 0, 0,
    0, -4, 0, 0, 0, 0, 0, 0,
    0, 0, 0, -24, -59, 0, 0, 0,
    0, -9, -24, -27, 0, -15, 0, 0,
    6, 0, 0, -34, 0, -36, 0, -36,
    0, -18, -11, -26, -22, -9, 0, 0,
    -14, 0, -9, 0, -9, 0, 0, 0,
    0, -3, 0, -7, 4, 7, 0, 0,
    -18, 0, 0, 0, 0, 0, -15, 0,
    0, 0, 0, 0, -14, 0, 0, -21,
    0, 0, 0, 0, 0, -55, 0, -35,
    -26, -17, -48, 0, 0, 0, 0, 0,
    0, 0, 0, 0, 0, 0, 0, 0,
    0, 0, -3, -2, -9, 0, 0, 0,
    0, 0, 0, 0, 0, 0, 0, -4,
    0, 0, 0, 0, 7, 0, 0, 0,
    0, 0, 4, -15, 0, -12, -5, 0,
    -25, 0, 0, 0, 0, 0, -3, 3,
    0, 0, 0, 0, 0, -2, 0, -1,
    0, 0, 0, 0, 0, 0, 0, 0,
    0, 0, 0, 0, 0, 0, 0, 0,
    -11, 0, 0, -13, 0, 0, 0, 0,
    0, -39, 0, -27, -20, -6, -38, 0,
    0, 0, 0, 0, 0, 0, 0, 0,
    5, 0, 0, 0, 0, 0, 0, 0,
    0, 0, 0, -22, -45, 0, 0, 0,
    0, 0, 0, -19, 0, -17, 0, 0,
    0, 0, 0, -27, 0, -51, 0, -53,
    0, -15, -5, -27, -26, -12, 0, 0,
    -12, 0, -4, 0, -4, 0, 0, 0,
    0, -5, 0, 0, 7, 0, 0, 0,
    0, -11, -42, 0, 0, 0, 0, 0,
    0, 0, 0, 0, 0, 0, 0, 0,
    0, -22, 0, -38, 0, -44, 0, -16,
    -10, -29, -27, -13, 0, 0, -12, 0,
    -7, 0, 0, 0, 0, 0, 0, -4,
    0, 0, 0, 5, 0, 0, 0, -7,
    0, -14, 0, 0, 0, 0, 0, -17,
    0, -16, -13, -11, 0, 0, 0, 0,
    -2, 0, 0, -45, 0, -23, -18, 0,
    -33, 0, 0, 0, -7, 0, -9, 0,
    0, 0, 0, -5, 0, -7, 0, -4,
    0, 0, 0, 0, 0, -14, 0, -8,
    0, 0, 0, 0, 0, -16, 0, -10,
    -8, 0, -3, 0, 0, 0, -7, 0,
    0, -40, 0, -23, -15, 0, -35, 0,
    0, 0, -1, 0, -5, 0, -4, 0,
    0, 0, 0, -5, 0, -3, 0, 0,
    0, 0
};


/*Collect the kern class' data in one place*/
static const lv_font_fmt_txt_kern_classes_t kern_classes =
{
    .class_pair_values   = kern_class_values,
    .left_class_mapping  = kern_left_class_mapping,
    .right_class_mapping = kern_right_class_mapping,
    .left_class_cnt      = 55,
    .right_class_cnt     = 46,
};

/*--------------------
 *  ALL CUSTOM DATA
 *--------------------*/

#if LVGL_VERSION_MAJOR == 8
/*Store all the custom data of the font*/
static  lv_font_fmt_txt_glyph_cache_t cache;
#endif

#if LVGL_VERSION_MAJOR >= 8
static const lv_font_fmt_txt_dsc_t font_dsc = {
#else
static lv_font_fmt_txt_dsc_t font_dsc = {
#endif
    .glyph_bitmap = glyph_bitmap,
    .glyph_dsc = glyph_dsc,
    .cmaps = cmaps,
    .kern_dsc = &kern_classes,
    .kern_scale = 16,
    .cmap_num = 2,
    .bpp = 4,
    .kern_classes = 1,
    .bitmap_format = 1,
#if LVGL_VERSION_MAJOR == 8
    .cache = &cache
#endif
};



/*-----------------
 *  PUBLIC FONT
 *----------------*/

/*Initialize a public general font descriptor*/
#if LVGL_VERSION_MAJOR >= 8
const lv_font_t font_ui_34 = {
#else
lv_font_t font_ui_34 = {
#endif
    .get_glyph_dsc = lv_font_get_glyph_dsc_fmt_txt,    /*Function pointer to get glyph's data*/
    .get_glyph_bitmap = lv_font_get_bitmap_fmt_txt,    /*Function pointer to get glyph's bitmap*/
    .line_height = 37,          /*The maximum line height required by the font*/
    .base_line = 7,             /*Baseline measured from the bottom of the line*/
#if !(LVGL_VERSION_MAJOR == 6 && LVGL_VERSION_MINOR == 0)
    .subpx = LV_FONT_SUBPX_NONE,
#endif
#if LV_VERSION_CHECK(7, 4, 0) || LVGL_VERSION_MAJOR >= 8
    .underline_position = -3,
    .underline_thickness = 2,
#endif
    .dsc = &font_dsc,          /*The custom font data. Will be accessed by `get_glyph_bitmap/dsc` */
#if LV_VERSION_CHECK(8, 2, 0) || LVGL_VERSION_MAJOR >= 9
    .fallback = NULL,
#endif
    .user_data = NULL,
};



#endif /*#if FONT_UI_34*/

