/*******************************************************************************
 * Size: 36 px
 * Bpp: 4
 * Opts: --size 36 --bpp 4 --format lvgl --font ..\calorie-scale-app\assets\fonts\MiSans-Demibold.ttf --range 0x20-0x7E --symbols –，；：。·｜安按拔白保本闭别并波播不才材参餐侧层场超称成秤持充出除触传次从存打待单但弹蛋当地的等低点电调定动短断对发反肪放分封复个更功关果过合核黑后候护滑化画唤换恢回会击机鸡基极计记加间件建渐交蕉接结解界仅进景就据卡开可空馈来蓝览冷里立连链量令录路满没眠面秒明命膜钠奶内能牛钮判皮苹屏期启前切清请区取去全确热认任仍肉入色上时识实食示事试饰释手首束数双水说四松所锁态碳提体添跳透图完未位稳握无物误显线香响向项消写新行醒性胸休修绪续选压牙演验养也一已意隐应营用有右与预在暂长账真整正证脂执直只指质置中钟重住装状紫字总最左 --lv-font-name font_ui_36 -o src\fonts\font_ui_36.c
 ******************************************************************************/

#ifdef LV_LVGL_H_INCLUDE_SIMPLE
#include "lvgl.h"
#else
#include "lvgl/lvgl.h"
#endif

#ifndef FONT_UI_36
#define FONT_UI_36 1
#endif

#if FONT_UI_36

/*-----------------
 *    BITMAPS
 *----------------*/

/*Store the image of the glyphs*/
static LV_ATTRIBUTE_LARGE_CONST const uint8_t glyph_bitmap[] = {
    /* U+0020 " " */

    /* U+0021 "!" */
    0x4f, 0xfd, 0x4e, 0x1, 0x8c, 0x40, 0x3f, 0xc2,
    0x60, 0x1f, 0xef, 0x10, 0xf, 0xf0, 0x80, 0x71,
    0x80, 0x80, 0x7f, 0x8, 0x18, 0x7, 0xf3, 0x80,
    0x80, 0x7f, 0x8, 0x38, 0x4, 0x60, 0x20, 0x1f,
    0xc2, 0x1d, 0x11, 0x0, 0x11, 0xde, 0x0, 0xff,
    0xe0, 0x9e, 0xee, 0x80, 0x22, 0xe0, 0xf, 0xfe,
    0x30,

    /* U+0022 "\"" */
    0x5f, 0xfc, 0x9, 0xff, 0x85, 0x80, 0x39, 0xc0,
    0x30, 0x88, 0x2, 0x20, 0x20, 0x8, 0x40, 0xc0,
    0x21, 0x1, 0x0, 0x8c, 0x4, 0x2, 0x60, 0x0,
    0x80, 0x18, 0x0, 0x20, 0x3, 0x0, 0x18, 0x0,
    0x40, 0x4, 0x0, 0xe0, 0x0, 0x80, 0x8, 0x0,
    0xe0, 0x1, 0x0, 0x30, 0x3, 0xc0, 0x4, 0x0,
    0x30, 0x1, 0x80, 0x8, 0x0, 0x20, 0x6, 0x0,
    0x70, 0x0, 0x40,

    /* U+0023 "#" */
    0x0, 0xfd, 0x3f, 0xf0, 0x7, 0x77, 0xfa, 0x40,
    0x3f, 0xe5, 0x0, 0x20, 0x6, 0x21, 0x0, 0x60,
    0x7, 0xfc, 0x60, 0x3, 0x0, 0xce, 0x1, 0x38,
    0x7, 0xf8, 0xc0, 0x2c, 0x0, 0xd8, 0x0, 0x12,
    0x0, 0xff, 0x20, 0x4, 0xa0, 0x19, 0x0, 0xa,
    0x1, 0xff, 0x68, 0x0, 0x84, 0x3, 0x10, 0x3,
    0x0, 0x3f, 0xe4, 0x0, 0x38, 0x6, 0x40, 0x8,
    0xc0, 0x39, 0x7f, 0xf8, 0x40, 0xb, 0xff, 0xac,
    0x2, 0xbf, 0xf8, 0x80, 0x3f, 0xfc, 0xa9, 0x99,
    0x8c, 0x0, 0x59, 0x9a, 0xc0, 0x27, 0xcc, 0xc4,
    0x2, 0x67, 0x88, 0x0, 0x86, 0x78, 0x3, 0x59,
    0x9e, 0x0, 0xf1, 0x8, 0x3, 0xc0, 0x31, 0x80,
    0x46, 0x1, 0xfe, 0x70, 0x9, 0x40, 0x36, 0x0,
    0x8, 0x3, 0xfe, 0xd0, 0x8, 0xc0, 0x32, 0x80,
    0x1c, 0x3, 0xfe, 0x30, 0x1, 0x80, 0x61, 0x10,
    0x3, 0x0, 0x3c, 0xff, 0xf9, 0x0, 0x7, 0xff,
    0xb8, 0x2, 0x9f, 0xfc, 0x1, 0xff, 0xe6, 0x6d,
    0xd9, 0x40, 0x2d, 0xde, 0x0, 0x97, 0x77, 0x80,
    0x2, 0x45, 0x30, 0x0, 0xc8, 0xb1, 0x80, 0x58,
    0x45, 0xc0, 0x1e, 0x30, 0x2, 0x80, 0x64, 0x0,
    0x94, 0x3, 0xfc, 0x40, 0x16, 0x0, 0x6d, 0x0,
    0x8c, 0x3, 0xfc, 0xe0, 0x13, 0x80, 0x63, 0x0,
    0x10, 0x7, 0xfd, 0xa0, 0x11, 0x0, 0x65, 0x0,
    0x20, 0x7, 0xfc, 0x60, 0x3, 0x0, 0xc2, 0x20,
    0x7, 0x80, 0x7f, 0xc8, 0x0, 0x50, 0xc, 0xa0,
    0x12, 0x80, 0x7e,

    /* U+0024 "$" */
    0x0, 0xfe, 0x55, 0xc0, 0x1f, 0xfc, 0x5a, 0xac,
    0x20, 0x1f, 0xfd, 0x81, 0x0, 0xc6, 0x1, 0xff,
    0xc0, 0x17, 0xde, 0x0, 0xdb, 0x8e, 0x1, 0xfc,
    0xbf, 0x4, 0x1, 0xe3, 0x8e, 0x50, 0xf, 0x3d,
    0x8, 0x7, 0xf8, 0x69, 0xc0, 0x32, 0x40, 0x6,
    0x10, 0xf, 0xe8, 0x50, 0xa, 0x40, 0x21, 0xae,
    0x20, 0xb, 0x9c, 0x3, 0x58, 0x81, 0x10, 0x2,
    0xd5, 0x0, 0xe1, 0x8b, 0x0, 0xa0, 0x41, 0xc0,
    0x25, 0x30, 0xf, 0xc9, 0x69, 0xac, 0x0, 0x30,
    0x8, 0xc0, 0x3f, 0xc9, 0x64, 0x1, 0xf2, 0x80,
    0x7f, 0xf1, 0x10, 0x2, 0x38, 0x0, 0xff, 0xe1,
    0x91, 0x80, 0x4f, 0x88, 0x1, 0xff, 0xc2, 0xf0,
    0xc, 0x76, 0x40, 0x1f, 0xfc, 0x13, 0xb1, 0x0,
    0xfd, 0x4a, 0x1, 0xfc, 0x9e, 0xa0, 0x1f, 0x2d,
    0x74, 0x0, 0x7e, 0x1a, 0xe8, 0x30, 0xf, 0xb,
    0xf1, 0x80, 0x7e, 0x17, 0xc2, 0x0, 0xf8, 0x70,
    0x80, 0x3f, 0xf8, 0x52, 0x40, 0x1b, 0xc0, 0x3f,
    0xf8, 0x4d, 0xaa, 0x1, 0x11, 0x80, 0x7f, 0xf0,
    0xe8, 0x80, 0x24, 0x0, 0xc2, 0x1, 0xff, 0x28,
    0x5, 0xe0, 0x2, 0xda, 0x0, 0xff, 0x84, 0x2,
    0xf0, 0x7d, 0x24, 0x80, 0xf, 0xe1, 0x70, 0x8,
    0x82, 0xc0, 0x27, 0xa1, 0x0, 0xf1, 0x68, 0x80,
    0x48, 0x1c, 0x1, 0x97, 0xa8, 0xc0, 0x2b, 0xd3,
    0x0, 0x98, 0x40, 0xb0, 0x40, 0x32, 0x88, 0x4,
    0x80, 0x18, 0xe4, 0x2, 0x3c, 0x20, 0xf, 0xfe,
    0x2, 0x60, 0x7, 0x16, 0xc9, 0x0, 0x7e, 0x3a,
    0xb0, 0xf, 0xcd, 0xba, 0xa0, 0xd, 0x5d, 0x8a,
    0x1, 0xff, 0x12, 0x80, 0x64, 0x10, 0xf, 0xfe,
    0x78,

    /* U+0025 "%" */
    0x0, 0x85, 0xf7, 0xfd, 0xb0, 0x20, 0x1f, 0xf2,
    0x7f, 0xe2, 0x0, 0xe4, 0xf8, 0x20, 0x1, 0x3f,
    0xa0, 0x7, 0xf0, 0xd0, 0x5, 0x24, 0x1, 0x8a,
    0xc4, 0x3, 0xc3, 0x66, 0x1, 0xfa, 0x84, 0x0,
    0xac, 0x1, 0xdc, 0x0, 0x1a, 0xff, 0x50, 0x80,
    0x3c, 0x3, 0xe7, 0x40, 0x1, 0x50, 0x7, 0x11,
    0x80, 0x2d, 0x40, 0xb, 0x40, 0x3, 0x20, 0xe,
    0x38, 0x0, 0xb8, 0x3, 0xce, 0x0, 0x15, 0x0,
    0xc8, 0x40, 0x7, 0x0, 0xee, 0x0, 0xa0, 0xc0,
    0x3c, 0x60, 0x2, 0x0, 0xf3, 0x0, 0x8, 0x3,
    0x51, 0x0, 0x11, 0xc0, 0x3e, 0x30, 0x1, 0x0,
    0x79, 0x80, 0x4, 0x1, 0x32, 0x80, 0x6, 0x80,
    0x3f, 0x38, 0x0, 0x54, 0x3, 0x29, 0x0, 0x1c,
    0x0, 0x52, 0x1, 0x50, 0x80, 0x7e, 0x24, 0x0,
    0x53, 0x8, 0x9a, 0x80, 0x6, 0x40, 0xf, 0x0,
    0x9d, 0x0, 0x3f, 0xd2, 0x1, 0x4f, 0x72, 0x40,
    0x2e, 0x0, 0x49, 0x0, 0xe, 0x0, 0x3f, 0xe2,
    0xc1, 0x0, 0xf0, 0xe1, 0x2, 0xb0, 0x5, 0xc0,
    0x1f, 0xfc, 0x13, 0xe9, 0x42, 0x22, 0x4f, 0x18,
    0xd, 0x80, 0x54, 0x40, 0x1f, 0xfc, 0x36, 0xbd,
    0xd5, 0xb0, 0x5, 0xa2, 0x0, 0x65, 0x0, 0xff,
    0xe6, 0x41, 0x80, 0xa, 0x40, 0x3f, 0xf9, 0x88,
    0xe0, 0x17, 0x80, 0x47, 0x3b, 0xfd, 0x8e, 0x20,
    0x1f, 0xfc, 0x11, 0xa0, 0xa, 0x48, 0x1, 0x18,
    0xc4, 0x2, 0x71, 0xe8, 0x1, 0xff, 0xc0, 0xa1,
    0x0, 0x2b, 0x0, 0x1d, 0xc0, 0x1f, 0xd, 0x90,
    0x7, 0xf9, 0xd0, 0x0, 0x54, 0x0, 0x18, 0x0,
    0x1e, 0x7f, 0xa8, 0x40, 0x12, 0x1, 0xfc, 0x70,
    0x1, 0x70, 0x4, 0xe0, 0x1, 0xc3, 0x0, 0x2d,
    0x80, 0x10, 0x40, 0x3f, 0x70, 0x5, 0x6, 0x1,
    0x78, 0x1, 0xc0, 0x39, 0x40, 0x22, 0x0, 0xfa,
    0x88, 0x0, 0x8e, 0x1, 0xff, 0xcc, 0x65, 0x0,
    0xd, 0x0, 0x77, 0x80, 0x1c, 0x3, 0x90, 0x2,
    0x20, 0xe, 0x29, 0x0, 0xa8, 0x40, 0x39, 0xc0,
    0x3, 0x64, 0x0, 0x5a, 0x0, 0x20, 0x80, 0x77,
    0x80, 0x4e, 0x80, 0x1e, 0x18, 0x0, 0x26, 0xff,
    0xa8, 0x40, 0x12, 0x1, 0xd2, 0x40, 0x3, 0x80,
    0xf, 0xce, 0xe0, 0xf, 0x86, 0xc8, 0x3, 0x2b,
    0x0, 0x5c, 0x1, 0xfe, 0x8c, 0x62, 0x1, 0x38,
    0xf4, 0x0, 0x0,

    /* U+0026 "&" */
    0x0, 0xfe, 0x46, 0x76, 0x40, 0xf, 0xfe, 0x3c,
    0xf5, 0xcc, 0x4d, 0xf3, 0x80, 0x7f, 0xf0, 0xcb,
    0x98, 0x40, 0x38, 0x62, 0xc0, 0x3f, 0xf8, 0x23,
    0xe2, 0x1, 0xfc, 0x90, 0x1, 0xff, 0xc0, 0x92,
    0x0, 0x8e, 0xf6, 0x84, 0x2, 0x71, 0x0, 0xff,
    0x98, 0x2, 0x4c, 0x42, 0x5c, 0x0, 0xce, 0x1,
    0xfe, 0x11, 0x0, 0x50, 0x1, 0x89, 0x0, 0x2e,
    0x0, 0xff, 0x10, 0x6, 0x20, 0xe, 0x10, 0xf,
    0xfe, 0x11, 0x0, 0x63, 0x0, 0xe4, 0x0, 0xb8,
    0x3, 0xfc, 0x22, 0x0, 0xac, 0x3, 0x50, 0x80,
    0x48, 0x1, 0xff, 0x30, 0x4, 0xc8, 0x7, 0xaa,
    0x1, 0x29, 0x0, 0x7f, 0xd2, 0x20, 0x15, 0x66,
    0x8, 0x2, 0x3a, 0x0, 0xff, 0xe0, 0xd, 0x0,
    0x42, 0x60, 0x19, 0x70, 0x3, 0xff, 0x84, 0x60,
    0x1f, 0x15, 0x50, 0x3, 0xff, 0x82, 0x7b, 0x0,
    0x1e, 0x1d, 0x50, 0xc, 0x24, 0x1, 0xf2, 0xe1,
    0x0, 0x7c, 0x36, 0x1, 0xd1, 0xba, 0x93, 0x0,
    0x8e, 0x80, 0x32, 0x62, 0x0, 0x49, 0x40, 0x19,
    0xc0, 0x99, 0x40, 0x2e, 0x0, 0xd1, 0x67, 0x66,
    0x1, 0x2c, 0x80, 0x14, 0x40, 0x27, 0x0, 0x19,
    0x0, 0x52, 0xe0, 0x16, 0x90, 0x4, 0xce, 0x10,
    0x1, 0x20, 0x80, 0x14, 0x2, 0x16, 0x0, 0xc3,
    0x82, 0x1, 0x45, 0x90, 0x5, 0xe0, 0x17, 0x0,
    0x4a, 0x1, 0xe1, 0xc1, 0x0, 0x90, 0x2, 0x44,
    0x0, 0x5e, 0x1, 0x30, 0x7, 0xc5, 0xa0, 0x1f,
    0x48, 0x6, 0x20, 0x8, 0x88, 0x1, 0xf1, 0xd0,
    0x7, 0x39, 0x0, 0x64, 0x0, 0xde, 0x20, 0x1e,
    0x4b, 0x0, 0xe6, 0x20, 0xc, 0x2c, 0x1, 0x17,
    0xb9, 0x9, 0xb5, 0xd8, 0x40, 0x38, 0x70, 0x40,
    0x34, 0x98, 0x4, 0x31, 0xbd, 0x92, 0x80, 0x18,
    0xc0, 0x21, 0xc1, 0x0, 0xda, 0x80, 0x1f, 0xf1,
    0x66, 0x18, 0x2, 0x2d, 0x0, 0xc3, 0x74, 0x60,
    0x1f, 0x1d, 0x69, 0x84, 0xa8, 0x4, 0x78, 0x1,
    0xcb, 0x9b, 0x53, 0x13, 0x7f, 0x8a, 0x1, 0xab,
    0xff, 0x60, 0x0,

    /* U+0027 "'" */
    0x7f, 0xfb, 0x84, 0x2, 0x32, 0x0, 0x99, 0xc0,
    0x21, 0x10, 0x4, 0x44, 0x0, 0xbc, 0x3, 0x10,
    0x10, 0x0, 0x40, 0x40, 0xc, 0xc, 0x0, 0x30,

    /* U+0028 "(" */
    0x0, 0xff, 0xe1, 0x1f, 0xfd, 0x80, 0x1d, 0x0,
    0x14, 0x0, 0x63, 0x40, 0x1, 0xa0, 0x6, 0x80,
    0xa, 0x0, 0x30, 0xa0, 0x0, 0x50, 0x3, 0x38,
    0x4, 0xc0, 0x1d, 0x40, 0x15, 0x80, 0x61, 0x30,
    0x0, 0x98, 0x6, 0x40, 0x9, 0xc0, 0x3b, 0x0,
    0x2f, 0x0, 0xe5, 0x0, 0x94, 0x3, 0x8c, 0x2,
    0x30, 0xc, 0x20, 0x10, 0x80, 0x71, 0x80, 0x44,
    0x1, 0xc2, 0x1, 0x38, 0x7, 0x38, 0x4, 0x20,
    0x1f, 0xfc, 0x37, 0x0, 0x84, 0x3, 0x84, 0x2,
    0x70, 0xe, 0x30, 0x8, 0x80, 0x38, 0x40, 0x21,
    0x0, 0xf1, 0x80, 0x46, 0x1, 0xca, 0x1, 0x28,
    0x7, 0x60, 0x5, 0x80, 0x1c, 0x80, 0x12, 0x0,
    0x70, 0x98, 0x0, 0x50, 0x3, 0xa8, 0x2, 0xd0,
    0xe, 0x70, 0x9, 0xc0, 0x38, 0x50, 0x0, 0x2a,
    0x1, 0xd0, 0x1, 0x48, 0x7, 0x1a, 0x0, 0xd,
    0x0, 0x3a, 0x0, 0x28, 0x0,

    /* U+0029 ")" */
    0x0, 0xfe, 0xaf, 0xf9, 0x40, 0x34, 0x0, 0x50,
    0x1, 0x89, 0x40, 0x4, 0xa0, 0x1a, 0x0, 0x28,
    0x0, 0xc4, 0x60, 0x2, 0x30, 0xd, 0x60, 0x15,
    0x80, 0x66, 0x0, 0x98, 0x3, 0x9, 0x80, 0x4,
    0xc0, 0x32, 0x0, 0x48, 0x1, 0xb0, 0x2, 0xc0,
    0xc, 0xa0, 0x12, 0x80, 0x61, 0x10, 0x0, 0x44,
    0x1, 0x88, 0x2, 0x20, 0xc, 0xc0, 0x13, 0x0,
    0x63, 0x0, 0x8c, 0x3, 0x8, 0x7, 0xff, 0x14,
    0x40, 0x3f, 0x18, 0x4, 0x60, 0x19, 0x80, 0x26,
    0x0, 0xc4, 0x1, 0x10, 0x4, 0x22, 0x0, 0x8,
    0x80, 0x25, 0x0, 0x94, 0x3, 0x60, 0x5, 0x80,
    0x19, 0x0, 0x24, 0x0, 0x88, 0xc0, 0x2, 0x60,
    0x12, 0x80, 0x4c, 0x1, 0xac, 0x2, 0xb0, 0x8,
    0x8c, 0x0, 0x46, 0x1, 0x40, 0x5, 0x0, 0x11,
    0x28, 0x0, 0x94, 0x2, 0x80, 0xa, 0x0, 0x30,

    /* U+002A "*" */
    0x0, 0xcd, 0xfe, 0x90, 0xe, 0x21, 0x2, 0x0,
    0x70, 0x0, 0xc0, 0x13, 0xe6, 0xc0, 0x3, 0x2d,
    0xe0, 0x44, 0xe, 0x28, 0x0, 0xf4, 0x88, 0xee,
    0x40, 0x4, 0x0, 0x20, 0x0, 0x64, 0x77, 0xac,
    0x1, 0x93, 0x30, 0xa0, 0x90, 0xc0, 0x19, 0x21,
    0x41, 0xed, 0x40, 0x80, 0x4, 0x9, 0x52, 0xe2,
    0xb, 0xe0, 0x9, 0x70, 0x5, 0x85, 0xcd, 0x8,
    0x0, 0xa2, 0xe0, 0x81, 0x58, 0x18, 0x1, 0xc0,
    0x8e, 0x1, 0xcd, 0x32, 0xc0, 0xc,

    /* U+002B "+" */
    0x0, 0xfb, 0x3f, 0xe5, 0x0, 0xff, 0xff, 0x80,
    0x7f, 0xf2, 0x53, 0x77, 0xc6, 0x1, 0x5e, 0xef,
    0x58, 0x91, 0x78, 0x3, 0x9, 0x17, 0x28, 0x7,
    0xff, 0x61, 0x7f, 0xfc, 0x60, 0x15, 0x7f, 0xf7,
    0x0, 0x7f, 0xff, 0xc0, 0x3f, 0xfa, 0xa0,

    /* U+002C "," */
    0x3d, 0xdc, 0xee, 0x22, 0xdc, 0x1, 0xff, 0xc6,
    0x4f, 0xf2, 0x80, 0x80, 0x4c, 0x1e, 0x0, 0x33,
    0x2, 0x81, 0x70, 0x21, 0x36, 0x90, 0xc8, 0x18,
    0x16, 0x10, 0x2d, 0x69, 0x0, 0x0,

    /* U+002D "-" */
    0x7d, 0xdf, 0xfe, 0xa, 0xf1, 0x17, 0xff, 0x4,
    0xc0, 0x3f, 0xfa, 0x40,

    /* U+002E "." */
    0x8d, 0xdc, 0x45, 0xe1, 0x0, 0xff, 0xe3, 0x0,

    /* U+002F "/" */
    0x0, 0xfc, 0xbf, 0xf6, 0x0, 0x7e, 0xf0, 0xa,
    0xc0, 0x3f, 0x28, 0x4, 0xa0, 0x1f, 0x20, 0x4,
    0x44, 0x0, 0xfb, 0x40, 0x25, 0x0, 0xfc, 0xe0,
    0x15, 0x80, 0x7c, 0x62, 0x0, 0x13, 0x0, 0xfa,
    0xc0, 0x27, 0x0, 0xfc, 0xa0, 0x16, 0x80, 0x7c,
    0x44, 0x0, 0x90, 0x3, 0xe5, 0x0, 0x94, 0x3,
    0xf5, 0x80, 0x5e, 0x1, 0xf0, 0x98, 0x4, 0xa0,
    0x1f, 0x38, 0x4, 0x80, 0x1f, 0xb4, 0x2, 0xd0,
    0xf, 0x85, 0x0, 0x27, 0x0, 0xf9, 0x0, 0x23,
    0x10, 0xf, 0xbc, 0x2, 0xb0, 0xf, 0xca, 0x1,
    0x28, 0x7, 0xca, 0x1, 0x11, 0x0, 0x3e, 0xf0,
    0x9, 0x40, 0x3f, 0x20, 0x5, 0x60, 0x1f, 0x20,
    0x80, 0x4, 0xc0, 0x3e, 0xd0, 0x9, 0xc0, 0x3f,
    0x38, 0x5, 0xa0, 0x1f, 0x18, 0x80, 0x5, 0x0,
    0x3e, 0xb0, 0x9, 0x0, 0x3f, 0x0,

    /* U+0030 "0" */
    0x0, 0xf8, 0xd5, 0xd9, 0x4, 0x3, 0xff, 0x81,
    0x1d, 0x95, 0x13, 0x7d, 0x64, 0x1, 0xf8, 0xb5,
    0xc4, 0x3, 0xc9, 0xac, 0x1, 0xe1, 0xf2, 0x0,
    0xff, 0x4b, 0x0, 0x75, 0x10, 0x6, 0x58, 0x72,
    0x0, 0xd2, 0x40, 0x12, 0x20, 0x2, 0x2d, 0xa7,
    0x8d, 0x70, 0xd, 0x0, 0x17, 0x80, 0x6f, 0x20,
    0xd, 0xa, 0x1, 0x29, 0x0, 0x10, 0x2, 0x72,
    0x0, 0xf4, 0x0, 0x65, 0x5, 0x0, 0xd4, 0x1,
    0xf1, 0x20, 0x5, 0x61, 0xa0, 0x10, 0x90, 0x7,
    0xec, 0x0, 0x8c, 0xc, 0x2, 0x40, 0xf, 0xe4,
    0x0, 0xc4, 0xc0, 0x11, 0x0, 0x7f, 0x10, 0x6,
    0x63, 0x0, 0xbc, 0x3, 0xf8, 0x40, 0x30, 0x88,
    0x2, 0x10, 0xf, 0xfe, 0xb1, 0x80, 0x7f, 0xf1,
    0xcc, 0x40, 0x21, 0x0, 0xff, 0xe1, 0x98, 0x5,
    0xe0, 0x1f, 0xc2, 0x1, 0x85, 0x80, 0x22, 0x0,
    0xfe, 0x20, 0xc, 0xc6, 0x1, 0x20, 0x7, 0xf2,
    0x0, 0x62, 0xd0, 0x8, 0x48, 0x3, 0xf6, 0x0,
    0x46, 0x8, 0x1, 0xa8, 0x3, 0xe2, 0x40, 0xa,
    0xc0, 0x50, 0x2, 0x72, 0x0, 0xf4, 0x0, 0x65,
    0x0, 0x78, 0x6, 0xf1, 0x0, 0xd0, 0xa0, 0x12,
    0x10, 0x1, 0x10, 0x1, 0x17, 0x4b, 0xc6, 0xb8,
    0x6, 0x90, 0xd, 0x44, 0x1, 0x9a, 0x1c, 0x80,
    0x34, 0x90, 0x6, 0x1f, 0x20, 0xf, 0xf4, 0x30,
    0x7, 0x8b, 0x5c, 0x40, 0x3c, 0x9a, 0xe0, 0x1f,
    0xd1, 0xd9, 0x31, 0x35, 0xd6, 0x40, 0x1c,

    /* U+0031 "1" */
    0x0, 0xe1, 0x9f, 0xfa, 0xc0, 0x21, 0x8e, 0x60,
    0xe, 0x18, 0xe7, 0x0, 0xf1, 0xf3, 0x80, 0x7e,
    0x70, 0xf, 0xfe, 0x11, 0x53, 0x0, 0x78, 0x67,
    0x54, 0x3, 0x9e, 0x79, 0x80, 0x3e, 0x36, 0x0,
    0xff, 0xff, 0x80, 0x7f, 0xff, 0xc0, 0x3f, 0xfd,
    0xa0,

    /* U+0032 "2" */
    0x0, 0xf0, 0xab, 0xb9, 0x90, 0x3, 0xfe, 0x4c,
    0xea, 0x88, 0x4d, 0xfd, 0x10, 0x7, 0xd3, 0x66,
    0x1, 0xf2, 0xeb, 0x0, 0x75, 0xb0, 0x7, 0xfd,
    0x2a, 0x1, 0x42, 0x0, 0x65, 0x9a, 0x82, 0x0,
    0xd4, 0x20, 0x2e, 0x1, 0xe, 0x53, 0x2b, 0xea,
    0x80, 0x66, 0x1, 0x70, 0xb, 0xc, 0x3, 0xa8,
    0x40, 0x2c, 0x0, 0x46, 0x14, 0x10, 0x7, 0xce,
    0x1, 0x28, 0x4, 0x7a, 0xe0, 0x1f, 0xb8, 0x3,
    0xff, 0x8d, 0xc0, 0x11, 0x80, 0x7f, 0xf0, 0x90,
    0x2, 0x70, 0xf, 0xfe, 0xa, 0x90, 0x5, 0xe0,
    0x1f, 0xfc, 0x1, 0xb0, 0x8, 0x94, 0x3, 0xff,
    0x81, 0xa2, 0x1, 0x48, 0x7, 0xff, 0x2, 0x8c,
    0x2, 0x64, 0x0, 0xff, 0xa5, 0x40, 0x24, 0x90,
    0xf, 0xfa, 0x18, 0x2, 0x2a, 0x0, 0xff, 0x9d,
    0xc0, 0x11, 0x60, 0x80, 0x7f, 0x9a, 0x0, 0x21,
    0xf1, 0x0, 0xff, 0x2c, 0x80, 0x43, 0x84, 0x1,
    0xfe, 0x4a, 0x0, 0xda, 0x40, 0x1f, 0xe3, 0xb0,
    0xd, 0x66, 0x1, 0xfe, 0x2d, 0x0, 0xd6, 0x80,
    0x1f, 0xe2, 0xc1, 0x0, 0xa9, 0x0, 0x3f, 0xc3,
    0xe2, 0x1, 0xaf, 0xbb, 0xfc, 0xc8, 0x40, 0x1c,
    0x23, 0xff, 0xc0, 0x0, 0xff, 0xed, 0x0,

    /* U+0033 "3" */
    0x6, 0xff, 0xff, 0xe1, 0xd8, 0x7, 0xff, 0xbc,
    0x80, 0x26, 0xff, 0xfe, 0x80, 0xc, 0x92, 0x1,
    0xff, 0xc0, 0x68, 0x0, 0x96, 0xc0, 0x3f, 0xf8,
    0xd, 0x20, 0x12, 0xd0, 0x7, 0xff, 0x1, 0x64,
    0x2, 0x5a, 0x0, 0xff, 0xe0, 0x25, 0x0, 0x4d,
    0x40, 0x1f, 0xfc, 0x4, 0xb0, 0x9, 0xa4, 0x3,
    0xff, 0x80, 0x76, 0x1, 0x1d, 0x8, 0x7, 0xfc,
    0x58, 0x1, 0x8f, 0x3b, 0x90, 0x20, 0x1f, 0x88,
    0x80, 0x1f, 0xb, 0xfa, 0x80, 0x7e, 0xf0, 0xf,
    0xe1, 0xa4, 0x0, 0xf8, 0xad, 0xb3, 0xfa, 0xd4,
    0x3, 0x50, 0x80, 0x7c, 0x92, 0x60, 0x29, 0x52,
    0x1, 0xc, 0x80, 0x7f, 0xf0, 0x99, 0x40, 0x25,
    0x0, 0xff, 0xe1, 0xf8, 0x4, 0x40, 0x1f, 0xfc,
    0x37, 0x0, 0xc4, 0x1, 0x8, 0x7, 0xf8, 0x40,
    0x31, 0x80, 0x13, 0xe0, 0x3, 0xf9, 0x40, 0x30,
    0x84, 0xd8, 0xba, 0x0, 0x7e, 0xb0, 0x8, 0xc0,
    0x58, 0x2, 0xb5, 0x0, 0xf5, 0x90, 0x5, 0x40,
    0x32, 0x1, 0xab, 0x61, 0x99, 0x3c, 0x80, 0x11,
    0x30, 0x1, 0x98, 0x1, 0x89, 0xe6, 0x4c, 0x20,
    0x10, 0xf8, 0x6, 0x98, 0x0, 0xff, 0x8b, 0x48,
    0x3, 0x9f, 0x54, 0x3, 0xe1, 0x7d, 0x30, 0xf,
    0x8a, 0xbf, 0x26, 0x21, 0x39, 0xd0, 0x1, 0xc0,

    /* U+0034 "4" */
    0x0, 0xff, 0xab, 0xff, 0xa8, 0x3, 0xff, 0x84,
    0x6a, 0x1, 0xff, 0xc8, 0xf0, 0xf, 0xfe, 0x42,
    0x98, 0x7, 0xff, 0x22, 0x0, 0x3f, 0xf9, 0xe,
    0x40, 0x1, 0x50, 0xf, 0xfe, 0x18, 0xc0, 0x5,
    0x6, 0x1, 0xff, 0xc3, 0x80, 0x8, 0x98, 0x3,
    0xff, 0x86, 0x4c, 0x1, 0x48, 0x7, 0xff, 0x12,
    0x40, 0x24, 0x40, 0x7, 0xff, 0xd, 0x10, 0x1,
    0x48, 0x7, 0xff, 0x12, 0x40, 0x26, 0x20, 0xf,
    0xfe, 0x1b, 0x10, 0x5, 0x0, 0x1f, 0xfc, 0x48,
    0x0, 0xa0, 0x40, 0x3f, 0xf8, 0x70, 0x20, 0x1,
    0x70, 0xf, 0xfe, 0x18, 0xb8, 0x5, 0x60, 0x1f,
    0xfc, 0x4b, 0x0, 0x8d, 0x40, 0x3f, 0xf8, 0x66,
    0xa0, 0x17, 0x80, 0x7f, 0xf1, 0x3c, 0x3, 0x67,
    0xff, 0x98, 0x2, 0x5f, 0xf8, 0x40, 0xc0, 0x3f,
    0xfb, 0xe2, 0x3f, 0xfc, 0x0, 0xe, 0x11, 0x80,
    0x1d, 0xdf, 0xfc, 0x6, 0x0, 0x97, 0xba, 0x10,
    0xf, 0xff, 0xf8, 0x7, 0xff, 0x4,

    /* U+0035 "5" */
    0x0, 0x2f, 0xff, 0xff, 0xb, 0x0, 0x31, 0x80,
    0x7f, 0xf1, 0xc4, 0x3, 0xff, 0x8f, 0xc0, 0x18,
    0x47, 0xfc, 0xe0, 0x18, 0xc0, 0x26, 0xee, 0xff,
    0x58, 0x6, 0x10, 0x8, 0x40, 0x3f, 0xf8, 0x6e,
    0x1, 0x78, 0x7, 0xff, 0xc, 0x40, 0x22, 0x0,
    0xff, 0xe1, 0x90, 0x4, 0x20, 0x1f, 0xfc, 0x77,
    0x0, 0xff, 0xe1, 0x8, 0x6, 0x16, 0xbe, 0xff,
    0x6c, 0xa0, 0x7, 0x8c, 0x3, 0x64, 0xa0, 0x80,
    0x9, 0xae, 0xc2, 0x1, 0x84, 0x3, 0x8, 0x7,
    0xe4, 0xf1, 0x0, 0x98, 0x3, 0xe1, 0x10, 0x7,
    0xe, 0x80, 0x42, 0x1, 0x86, 0xbf, 0xba, 0x80,
    0xc, 0x6c, 0x0, 0x4e, 0x71, 0x2f, 0x50, 0x8,
    0x5f, 0x0, 0x35, 0x0, 0x43, 0x1d, 0x82, 0x1,
    0xe3, 0x70, 0x8, 0xc0, 0x3c, 0x20, 0x1f, 0xac,
    0x3, 0x18, 0x7, 0xff, 0x8, 0x80, 0x33, 0x80,
    0x7f, 0xf1, 0xdc, 0x0, 0x37, 0x40, 0x1f, 0xc8,
    0x1, 0x88, 0x17, 0x91, 0x58, 0x3, 0xf4, 0x80,
    0x44, 0x21, 0x60, 0x14, 0xb8, 0x7, 0xa8, 0xc0,
    0x2a, 0x0, 0x40, 0x6, 0x8d, 0x86, 0x64, 0x72,
    0x80, 0x44, 0xe0, 0x6, 0x60, 0x6, 0x27, 0x99,
    0x38, 0x80, 0x6f, 0x0, 0xd3, 0x0, 0x1f, 0xf1,
    0x61, 0x0, 0x73, 0xea, 0x80, 0x7c, 0x2f, 0xa6,
    0x1, 0xf1, 0x57, 0xdc, 0xc4, 0x27, 0x3a, 0x0,
    0x38,

    /* U+0036 "6" */
    0x0, 0xfe, 0xdf, 0xfc, 0x60, 0x1f, 0xfc, 0x17,
    0x20, 0x9, 0x8c, 0x3, 0xff, 0x80, 0x32, 0x1,
    0xc, 0x0, 0x7f, 0xf0, 0x60, 0x40, 0x28, 0x10,
    0xf, 0xfe, 0x1, 0xb0, 0x4, 0x6c, 0x1, 0xff,
    0xc1, 0xf0, 0xd, 0xe0, 0x1f, 0xfc, 0x15, 0x30,
    0x9, 0x4c, 0x3, 0xff, 0x83, 0x60, 0x1a, 0xc0,
    0x3f, 0xf8, 0x30, 0x20, 0x14, 0x8, 0x7, 0xff,
    0x0, 0x9c, 0x2, 0x27, 0x0, 0xff, 0xe0, 0xc0,
    0x6, 0x6b, 0xef, 0xeb, 0x60, 0xf, 0x8d, 0x40,
    0x32, 0x20, 0x40, 0x52, 0x79, 0x0, 0x3b, 0xc0,
    0x3f, 0xf8, 0x3, 0x6c, 0x1, 0x19, 0x80, 0x3c,
    0x24, 0x1, 0xe9, 0x30, 0x4, 0x80, 0x73, 0xf7,
    0x37, 0xf0, 0xc0, 0x37, 0x0, 0x10, 0x3, 0x5c,
    0x8, 0x4, 0x78, 0xa0, 0x11, 0x21, 0x8, 0x4,
    0xe8, 0x1, 0xf5, 0x80, 0x6d, 0x60, 0xd, 0x60,
    0x1f, 0x85, 0x0, 0x22, 0x10, 0xc, 0x40, 0x1f,
    0xc4, 0x1, 0x38, 0x80, 0x7f, 0xf0, 0x8c, 0x3,
    0x30, 0x6, 0x40, 0xf, 0xe4, 0x0, 0x94, 0x88,
    0x1, 0x40, 0x7, 0xe6, 0x10, 0xb, 0x2, 0x80,
    0x22, 0xb1, 0x0, 0xe5, 0x90, 0x8, 0x54, 0x1c,
    0x80, 0x24, 0xe9, 0x65, 0x7c, 0xa0, 0xd, 0x60,
    0x17, 0x88, 0x6, 0x69, 0xa8, 0x30, 0xc, 0xea,
    0x1, 0x16, 0x18, 0x7, 0xfd, 0x10, 0x0, 0xe2,
    0xc8, 0x10, 0xf, 0x97, 0x5c, 0x3, 0xf3, 0xf6,
    0xd4, 0x42, 0x6f, 0xe8, 0x80, 0x30,

    /* U+0037 "7" */
    0xff, 0xff, 0xe2, 0xb0, 0x7, 0xff, 0xa5, 0x3f,
    0xff, 0xf8, 0x4, 0x1, 0x29, 0x0, 0x7f, 0xca,
    0x40, 0x14, 0x80, 0x7f, 0xf0, 0x24, 0x2, 0x33,
    0x0, 0x7f, 0xc6, 0x60, 0xa, 0x40, 0x3f, 0xf8,
    0x12, 0x1, 0xa, 0x80, 0x7f, 0xc4, 0xa0, 0x14,
    0x80, 0x7f, 0xf0, 0x2c, 0x3, 0x30, 0x7, 0xfc,
    0x2c, 0x1, 0x30, 0x80, 0x7f, 0xcc, 0x1, 0xac,
    0x3, 0xff, 0x81, 0x20, 0x12, 0x10, 0x7, 0xfc,
    0xc2, 0x1, 0x78, 0x7, 0xff, 0x2, 0xc0, 0x23,
    0x40, 0xf, 0xf9, 0x8, 0x2, 0x90, 0xf, 0xfe,
    0x7, 0x80, 0x42, 0xa0, 0x1f, 0xf1, 0x20, 0x5,
    0x20, 0x1f, 0xfc, 0x8, 0x0, 0xcc, 0x1, 0xff,
    0xa, 0x80, 0x4c, 0x20, 0x1f, 0xf4, 0x80, 0x6b,
    0x0, 0xff, 0xe0, 0x30, 0x4, 0x84, 0x1, 0xff,
    0x38, 0x80, 0x5e, 0x1, 0xff, 0xc0, 0xa0, 0x8,
    0x90, 0x3, 0xfe, 0x52, 0x0, 0xac, 0x3, 0xff,
    0x81, 0x20, 0x10, 0xb0, 0x7, 0xf8,

    /* U+0038 "8" */
    0x0, 0xf9, 0x19, 0xd9, 0x48, 0x3, 0xfe, 0x2a,
    0xfb, 0x98, 0x9a, 0xdc, 0x60, 0xf, 0xcf, 0xaa,
    0x1, 0xf1, 0xce, 0x8, 0x7, 0x34, 0x0, 0x7f,
    0xc7, 0xa0, 0x18, 0xa4, 0x3, 0x1c, 0x54, 0xa8,
    0x6, 0x39, 0x0, 0xac, 0x3, 0x46, 0x3a, 0xb5,
    0x68, 0x80, 0x4c, 0x1, 0x20, 0x4, 0x8e, 0x1,
    0xc5, 0x60, 0x19, 0x0, 0x4, 0x1, 0x68, 0x7,
    0xca, 0x1, 0x88, 0x0, 0x20, 0x11, 0x80, 0x7f,
    0xf0, 0xc, 0x0, 0xa0, 0x16, 0x0, 0x7c, 0x40,
    0x19, 0xc0, 0x1c, 0x1, 0x31, 0x80, 0x7a, 0x40,
    0x23, 0x20, 0x2, 0xa0, 0x5, 0x8e, 0x40, 0x29,
    0x88, 0x1, 0x78, 0x6, 0xb3, 0x0, 0xa3, 0x7f,
    0xac, 0xc0, 0x2a, 0x30, 0xe, 0xc8, 0x0, 0xfe,
    0x4d, 0x50, 0xf, 0x25, 0x0, 0x7f, 0x25, 0x0,
    0x7a, 0x2c, 0x80, 0x21, 0x22, 0x0, 0x67, 0xc1,
    0x0, 0x99, 0xc0, 0x25, 0xde, 0xdd, 0x7c, 0x88,
    0x0, 0xf4, 0x0, 0x52, 0x1, 0x45, 0x10, 0x6,
    0x6c, 0x10, 0x1, 0xc0, 0x50, 0x4, 0x6e, 0x1,
    0xf1, 0x40, 0x4, 0xe0, 0xa0, 0x15, 0x80, 0x7f,
    0x38, 0x6, 0x42, 0x0, 0x84, 0x3, 0xf8, 0x40,
    0x31, 0x0, 0x6f, 0x0, 0xfe, 0x30, 0xc, 0x66,
    0x0, 0x98, 0x40, 0x3f, 0x48, 0x6, 0x6b, 0x0,
    0xd8, 0x40, 0x1e, 0x95, 0x0, 0x88, 0xdc, 0x80,
    0x22, 0xdb, 0x75, 0x69, 0xe6, 0x0, 0xd0, 0x0,
    0xf1, 0x0, 0xc9, 0x15, 0x2c, 0x20, 0x1a, 0x14,
    0x0, 0x58, 0x60, 0x1f, 0xfc, 0x9, 0x70, 0xc,
    0x59, 0x26, 0x1, 0xf0, 0xb7, 0x30, 0x7, 0xcd,
    0x9d, 0x73, 0x13, 0x59, 0xd2, 0x20, 0x18,

    /* U+0039 "9" */
    0x0, 0xf8, 0xd5, 0xdc, 0xc8, 0x1, 0xff, 0xc0,
    0x8e, 0xca, 0x88, 0x4d, 0xfc, 0x88, 0x7, 0xc7,
    0xae, 0x20, 0x1f, 0x37, 0xa8, 0x7, 0x1e, 0x10,
    0x7, 0xf8, 0x69, 0x80, 0x21, 0xd0, 0xc, 0x2d,
    0x32, 0x72, 0x0, 0xd2, 0x60, 0x8, 0x10, 0x9,
    0x7a, 0x59, 0x91, 0xae, 0x1, 0xbc, 0x0, 0xc0,
    0x11, 0xd0, 0x7, 0xa1, 0x80, 0x23, 0x32, 0x0,
    0x68, 0x0, 0xfd, 0x20, 0x19, 0x8, 0x3, 0x20,
    0x7, 0xf1, 0x80, 0x5a, 0x20, 0x1f, 0xfc, 0x27,
    0x0, 0xc2, 0x1, 0x84, 0x3, 0xf9, 0x80, 0x32,
    0x80, 0x67, 0x0, 0xfc, 0x44, 0x0, 0x88, 0xc0,
    0x34, 0x10, 0x7, 0xdc, 0x1, 0xb4, 0x1c, 0x2,
    0x1c, 0x50, 0xc, 0xba, 0x60, 0x19, 0x42, 0x8,
    0x2, 0x1a, 0xfd, 0xd7, 0xd1, 0x0, 0x66, 0x0,
    0xbc, 0x40, 0x38, 0x88, 0x1, 0xf5, 0x80, 0x45,
    0xe6, 0x1, 0xff, 0xc0, 0x62, 0x0, 0xc3, 0x96,
    0xa4, 0x0, 0x26, 0x0, 0xe8, 0x0, 0xf9, 0x2b,
    0x7f, 0xdb, 0xc0, 0x1a, 0x4, 0x3, 0xff, 0x80,
    0x30, 0x1, 0x13, 0x80, 0x7f, 0xf0, 0x6c, 0x3,
    0x48, 0x7, 0xff, 0x5, 0x14, 0x2, 0x44, 0x0,
    0x7f, 0xf0, 0x64, 0x3, 0x48, 0x7, 0xff, 0x5,
    0xc8, 0x2, 0x72, 0x0, 0xff, 0xe0, 0xc, 0x0,
    0x43, 0x0, 0x1f, 0xfc, 0x1b, 0x0, 0xd6, 0x1,
    0xff, 0xc1, 0x35, 0x0, 0x8d, 0x40, 0x3f, 0xf8,
    0x3c, 0x1, 0xb8, 0x3, 0xf0,

    /* U+003A ":" */
    0xaf, 0xfc, 0x60, 0x1f, 0xfc, 0x62, 0x33, 0xc3,
    0x19, 0x98, 0x80, 0x3f, 0xfd, 0x51, 0xbb, 0x88,
    0xbc, 0x20, 0x1f, 0xfc, 0x60,

    /* U+003B ";" */
    0x4f, 0xfd, 0x20, 0x1f, 0xfc, 0x67, 0x33, 0xdc,
    0x79, 0x99, 0xc0, 0x3f, 0xfd, 0x47, 0xbb, 0x9d,
    0xc4, 0x5b, 0x80, 0x3f, 0xf8, 0xc9, 0xfe, 0x50,
    0x10, 0x9, 0x83, 0xc0, 0x6, 0x60, 0x50, 0x2e,
    0x4, 0x26, 0xd2, 0x19, 0x3, 0x2, 0xc2, 0x5,
    0xad, 0x20, 0x0,

    /* U+003C "<" */
    0x0, 0xff, 0xe2, 0x25, 0x0, 0x7f, 0xf0, 0x8e,
    0xec, 0x80, 0x1f, 0xfc, 0x2, 0xac, 0x40, 0xf,
    0xfe, 0x0, 0xce, 0xa8, 0x7, 0xff, 0x0, 0x63,
    0x98, 0x3, 0x98, 0x3, 0xe7, 0xe7, 0x0, 0xe6,
    0xe8, 0x0, 0xe7, 0xe8, 0x0, 0xe6, 0xd9, 0x10,
    0xc, 0xdd, 0x2, 0x1, 0x97, 0x64, 0x80, 0x32,
    0xec, 0x88, 0x6, 0x5d, 0xa2, 0x0, 0xe4, 0xa2,
    0x0, 0xcb, 0xb4, 0x40, 0x1f, 0xfc, 0x3, 0xda,
    0x20, 0xf, 0xfe, 0x11, 0xc1, 0x0, 0x7f, 0x98,
    0x80, 0x32, 0xec, 0x90, 0x7, 0xe2, 0xd9, 0x10,
    0xc, 0xdb, 0x22, 0x1, 0xf9, 0xba, 0x4, 0x3,
    0x37, 0x48, 0x80, 0x7e, 0x7e, 0x70, 0xe, 0x6e,
    0x91, 0x0, 0xfd, 0x1c, 0xe0, 0x1c, 0xdd, 0x22,
    0x1, 0xf0, 0xc7, 0x30, 0x7, 0x36, 0x0, 0x7f,
    0xc, 0xea, 0x80, 0x63, 0x0, 0xff, 0x8a, 0xb1,
    0x0, 0x3f, 0xf8, 0x87, 0x76, 0x30, 0xf, 0xfe,
    0x22, 0x66, 0x80,

    /* U+003D "=" */
    0x5f, 0xff, 0xfe, 0x27, 0x0, 0x7f, 0xf6, 0x4,
    0xcf, 0xff, 0x88, 0xa9, 0x99, 0xff, 0xc4, 0xb0,
    0xf, 0xff, 0x52, 0x66, 0x7f, 0xf1, 0x2c, 0x4c,
    0xff, 0xf8, 0x8a, 0x1, 0xff, 0xd8,

    /* U+003E ">" */
    0x48, 0x10, 0xf, 0xfe, 0x23, 0xf4, 0x0, 0x7f,
    0xf1, 0x5f, 0x9c, 0x3, 0xff, 0x88, 0x31, 0xcc,
    0x1, 0xfe, 0x63, 0x0, 0xc3, 0x3a, 0xa0, 0x1f,
    0x8b, 0x2c, 0xc0, 0x31, 0x56, 0x20, 0x7, 0xe4,
    0xca, 0x20, 0xc, 0x77, 0x63, 0x0, 0xfc, 0xbb,
    0x44, 0x1, 0x93, 0x2c, 0x80, 0x3f, 0x2e, 0xd1,
    0x0, 0x64, 0xda, 0x20, 0xf, 0xcb, 0xb4, 0x40,
    0x19, 0x7c, 0x3, 0xfc, 0xbb, 0x40, 0x18, 0xc0,
    0x3f, 0xe5, 0x80, 0xf, 0xfe, 0x12, 0xed, 0x10,
    0x6, 0x70, 0xf, 0x93, 0x28, 0x80, 0x32, 0x6c,
    0x80, 0x72, 0x65, 0x98, 0x6, 0x3c, 0xb2, 0x0,
    0xc9, 0x96, 0x60, 0x18, 0xef, 0xc, 0x3, 0x26,
    0x59, 0x80, 0x62, 0xac, 0x40, 0xe, 0x4b, 0x30,
    0xc, 0x33, 0xaa, 0x1, 0xff, 0xc0, 0x18, 0xe6,
    0x0, 0xff, 0xe0, 0xbf, 0x38, 0x7, 0xff, 0x5,
    0xba, 0x0, 0x3f, 0xf8, 0x2d, 0xd2, 0x20, 0x1f,
    0xfc, 0x20,

    /* U+003F "?" */
    0x0, 0xf0, 0xab, 0xb9, 0x90, 0x3, 0xfc, 0x99,
    0xd5, 0x10, 0x9b, 0xf9, 0x10, 0xf, 0x4d, 0x98,
    0x7, 0xcd, 0xe6, 0x1, 0xa9, 0x80, 0x3f, 0xc3,
    0xa2, 0x0, 0x75, 0x0, 0xcb, 0x12, 0xc0, 0x18,
    0x64, 0x6, 0x0, 0x22, 0xda, 0x76, 0x9e, 0x10,
    0x9, 0x80, 0x60, 0x0, 0x38, 0x40, 0x18, 0x6c,
    0x2, 0x11, 0x3, 0xe1, 0x50, 0x80, 0x79, 0xc0,
    0x31, 0x80, 0xf, 0x50, 0x3, 0xe7, 0x0, 0xc4,
    0x1, 0xff, 0xc0, 0x80, 0x8, 0xc0, 0x3f, 0xf8,
    0x16, 0x40, 0x14, 0x80, 0x7f, 0xd8, 0x80, 0x13,
    0x28, 0x7, 0xfb, 0xc, 0x2, 0x79, 0x0, 0xff,
    0x59, 0x80, 0x53, 0x0, 0x1f, 0xe4, 0x40, 0x5,
    0x4c, 0x1, 0xff, 0x68, 0x4, 0xca, 0x1, 0xff,
    0xc0, 0x50, 0xa, 0x80, 0x3f, 0xf8, 0xa4, 0x1,
    0xff, 0xc1, 0x70, 0x8, 0x40, 0x3f, 0xf8, 0x3c,
    0xef, 0x0, 0x7f, 0xf0, 0x96, 0x22, 0x0, 0xff,
    0xf2, 0x9e, 0xee, 0x70, 0xf, 0xfe, 0x3, 0x91,
    0x6e, 0x0, 0xff, 0xf8, 0x0,

    /* U+0040 "@" */
    0x0, 0xff, 0x89, 0x59, 0xdc, 0xc8, 0x20, 0x1f,
    0xfc, 0x64, 0xaf, 0xda, 0x98, 0x84, 0xdf, 0x63,
    0x88, 0x7, 0xff, 0x4, 0xf2, 0xd4, 0x3, 0xf8,
    0xe3, 0x9c, 0x3, 0xfe, 0x8c, 0x30, 0x8, 0x95,
    0xe2, 0xc, 0x60, 0x1a, 0x30, 0x80, 0x3f, 0x53,
    0x80, 0x4d, 0xba, 0xa8, 0x77, 0x4e, 0x7c, 0x90,
    0x0, 0xf0, 0x80, 0x3d, 0x2a, 0x0, 0x3d, 0x92,
    0x0, 0xfc, 0xda, 0xe0, 0x1, 0xf0, 0xe, 0x56,
    0x0, 0x26, 0x10, 0x7, 0xff, 0x2, 0x24, 0x0,
    0x52, 0x1, 0xac, 0x0, 0x76, 0x1, 0x89, 0x5d,
    0x88, 0x3, 0xcc, 0xc0, 0x3, 0x10, 0x1, 0xc4,
    0x1, 0xc0, 0x10, 0xd6, 0xd4, 0x4e, 0xd0, 0x4f,
    0xf9, 0x42, 0x44, 0x1, 0x60, 0x9, 0x0, 0x31,
    0x0, 0x7, 0xd4, 0x3, 0x96, 0xc0, 0x3d, 0x20,
    0x7, 0x3, 0x10, 0x5, 0x80, 0x5a, 0x20, 0x11,
    0xa0, 0x82, 0x30, 0x7, 0x28, 0x0, 0x49, 0x0,
    0x4, 0x40, 0x2, 0x18, 0x0, 0x73, 0x17, 0xd0,
    0x1, 0xf1, 0x8, 0x1, 0xb8, 0x0, 0xe0, 0x16,
    0x80, 0x56, 0x60, 0x13, 0xb0, 0x7, 0xc4, 0x0,
    0x12, 0x0, 0x68, 0x4, 0xa0, 0x12, 0x80, 0x75,
    0x0, 0x7f, 0x8d, 0xc0, 0x3c, 0x20, 0x2, 0x0,
    0xf1, 0x0, 0x7c, 0x20, 0x2, 0x70, 0xf, 0x30,
    0x0, 0x80, 0x3c, 0x40, 0x1f, 0x10, 0x1, 0x84,
    0x1, 0xe0, 0x11, 0x80, 0x4c, 0x1, 0xd2, 0x1,
    0x10, 0x1, 0x0, 0x2, 0x44, 0x0, 0x18, 0x5,
    0x40, 0x14, 0xb8, 0x81, 0x52, 0x80, 0x54, 0x22,
    0x90, 0x3, 0x6, 0x80, 0x10, 0x2, 0x28, 0x0,
    0xa3, 0xbf, 0x54, 0x28, 0x40, 0xbb, 0x84, 0x0,
    0x90, 0x50, 0x9, 0x80, 0x27, 0x70, 0x7, 0xce,
    0xb0, 0x1, 0xec, 0x10, 0x2, 0x80, 0x20, 0x3,
    0x46, 0x29, 0x0, 0xa5, 0xc0, 0x35, 0x18, 0xa,
    0xe9, 0x80, 0x50, 0x0, 0x19, 0x0, 0xc7, 0x5b,
    0xfd, 0x68, 0x1, 0x2e, 0x7f, 0x51, 0x0, 0x62,
    0x70, 0x3, 0x40, 0x7, 0xff, 0x32, 0xc, 0x0,
    0xf4, 0x20, 0x1f, 0xfc, 0x2, 0x0, 0xff, 0x69,
    0x0, 0x17, 0xdc, 0x40, 0x3f, 0x2e, 0x68, 0x80,
    0x7f, 0xe, 0xa0, 0x0, 0x63, 0xb2, 0x5d, 0x9e,
    0x73, 0xe8, 0xc2, 0x40, 0x3f, 0xeb, 0xa1, 0x0,
    0x8d, 0xa2, 0x61, 0x8c, 0x3, 0x78, 0x7, 0xff,
    0x1, 0x7a, 0x90, 0x3, 0xf8, 0xe3, 0x9c, 0x3,
    0xff, 0x84, 0xb7, 0xf9, 0x51, 0x14, 0xe7, 0xe3,
    0x88, 0x7, 0xc0,

    /* U+0041 "A" */
    0x0, 0xff, 0x5f, 0xfe, 0x10, 0xf, 0xfe, 0x38,
    0xa0, 0x6, 0x60, 0xf, 0xfe, 0x3b, 0x0, 0x75,
    0x0, 0x7f, 0xf1, 0xe8, 0x3, 0x88, 0xc0, 0x3f,
    0xf8, 0xa6, 0x40, 0x1e, 0xa0, 0xf, 0xfe, 0x2d,
    0x0, 0x7c, 0xc0, 0x1f, 0xfc, 0x56, 0x0, 0xa4,
    0x3, 0x28, 0x7, 0xff, 0xd, 0x40, 0x33, 0x28,
    0x5, 0xc0, 0x1f, 0xfc, 0x3e, 0x0, 0x94, 0x38,
    0x2, 0x41, 0x0, 0xff, 0xe0, 0x8a, 0x0, 0x5c,
    0x8, 0x20, 0x13, 0x0, 0x7f, 0xf0, 0x58, 0x2,
    0x14, 0x0, 0x30, 0x5, 0x40, 0x1f, 0xfc, 0x1a,
    0x0, 0x98, 0x2, 0xb0, 0x8, 0x8c, 0x3, 0xfe,
    0x32, 0x0, 0xa8, 0x2, 0x32, 0x0, 0xa8, 0x3,
    0xfe, 0xa0, 0x8, 0xc8, 0x3, 0x50, 0x4, 0xc0,
    0x1f, 0xf3, 0x0, 0x54, 0x1, 0xcc, 0x1, 0x94,
    0x3, 0xf9, 0x40, 0x34, 0xff, 0xf7, 0x0, 0x6e,
    0x0, 0xfe, 0xe0, 0xf, 0xfe, 0x1a, 0x8, 0x7,
    0xc2, 0x80, 0x1f, 0xfc, 0x46, 0x0, 0xf9, 0x80,
    0x3f, 0xf8, 0xb4, 0x1, 0xf5, 0x0, 0x4d, 0xff,
    0xfd, 0x60, 0x11, 0x18, 0x7, 0x19, 0x0, 0x5a,
    0x1, 0xfc, 0x84, 0x1, 0x50, 0x7, 0x50, 0x4,
    0x28, 0x1, 0xfe, 0x50, 0x9, 0x80, 0x39, 0x80,
    0x26, 0x0, 0xff, 0xa8, 0x3, 0x28, 0x4, 0xa0,
    0x1a, 0x80, 0x3f, 0xe2, 0x30, 0xb, 0x80, 0x2e,
    0x0, 0x8c, 0x80, 0x3f, 0xf8, 0x14, 0x1, 0x21,
    0x0, 0xa0, 0x5, 0x40, 0x1f, 0xfc, 0x17, 0x0,
    0xca, 0xc, 0x1, 0x9c, 0x3, 0xff, 0x82, 0x2a,
    0x1, 0x50, 0x0,

    /* U+0042 "B" */
    0x4f, 0xff, 0xfb, 0xb6, 0x90, 0x3, 0xff, 0x8c,
    0x24, 0xb7, 0xa6, 0x1, 0xff, 0xc8, 0x2c, 0x30,
    0xf, 0xc2, 0x3e, 0x0, 0xfb, 0x80, 0x3f, 0x77,
    0x7b, 0xfa, 0x0, 0x31, 0x28, 0x7, 0xff, 0x8,
    0x5f, 0x0, 0x36, 0x0, 0x7f, 0xf1, 0xc, 0xc0,
    0x11, 0x0, 0x7f, 0xf1, 0x5c, 0x3, 0xff, 0x92,
    0xc0, 0x11, 0x0, 0x7f, 0xf1, 0x14, 0x80, 0x2d,
    0x0, 0xff, 0xe1, 0x14, 0x50, 0x4, 0x88, 0x0,
    0xfb, 0xbb, 0xdf, 0xae, 0x1, 0x25, 0x80, 0x7e,
    0x11, 0xf0, 0x7, 0x4d, 0x80, 0x7f, 0xf2, 0x26,
    0xc8, 0x3, 0xff, 0x90, 0x9a, 0x80, 0x1f, 0x7f,
    0xfd, 0xd6, 0xc0, 0x1a, 0xc8, 0x3, 0xff, 0x82,
    0x29, 0x36, 0x1, 0xac, 0x3, 0xff, 0x88, 0x8c,
    0x1, 0x38, 0x7, 0xff, 0x17, 0x0, 0x21, 0x0,
    0xff, 0xe5, 0x8, 0x7, 0xff, 0x13, 0x0, 0x30,
    0x80, 0x7f, 0xf0, 0xcd, 0x80, 0x23, 0x0, 0xff,
    0xe1, 0x14, 0x60, 0x6, 0xb0, 0xf, 0x77, 0x7d,
    0xfa, 0xe0, 0x18, 0x5c, 0x3, 0xc2, 0x3f, 0x0,
    0x78, 0x70, 0x3, 0xff, 0x8e, 0x9e, 0x40, 0x1f,
    0xfc, 0x31, 0x47, 0xdb, 0x10, 0x8,

    /* U+0043 "C" */
    0x0, 0xff, 0x12, 0xbb, 0xca, 0x40, 0x1f, 0xfc,
    0x22, 0x9e, 0xda, 0x88, 0xab, 0x74, 0xe0, 0x1f,
    0xf4, 0xeb, 0x8, 0x7, 0xc5, 0x1c, 0x80, 0x1f,
    0x16, 0xb0, 0x7, 0xff, 0x0, 0x6d, 0xc0, 0x38,
    0x70, 0x80, 0x39, 0x1d, 0xcc, 0x60, 0x1d, 0xc,
    0x1, 0xb4, 0x40, 0x34, 0x7d, 0xc4, 0x27, 0x30,
    0x80, 0x1a, 0x44, 0x0, 0xc6, 0x1, 0xe, 0xb8,
    0x7, 0x8e, 0xe0, 0x0, 0x34, 0x20, 0x8, 0x0,
    0xd8, 0x40, 0x1f, 0xce, 0xe4, 0xf5, 0x0, 0x28,
    0x80, 0x50, 0x40, 0x1f, 0xf4, 0x58, 0x80, 0x5e,
    0x1, 0x9c, 0x3, 0xff, 0x8c, 0x80, 0x12, 0x0,
    0x7f, 0xf1, 0x84, 0x40, 0x16, 0x80, 0x7f, 0xf1,
    0x88, 0x3, 0x10, 0x7, 0xff, 0x19, 0xc0, 0x33,
    0x80, 0x7f, 0xf2, 0xc4, 0x3, 0xff, 0xbc, 0xe0,
    0x19, 0x80, 0x3f, 0xf8, 0xc6, 0x1, 0x8c, 0x3,
    0xff, 0x8e, 0x40, 0x16, 0x0, 0x7f, 0xf1, 0xd0,
    0x2, 0x41, 0x0, 0xff, 0xe3, 0x68, 0x6, 0x90,
    0xf, 0xfe, 0x32, 0x10, 0x4, 0xe6, 0x1, 0xff,
    0x4d, 0x88, 0x6, 0x80, 0xd, 0xa4, 0x1, 0xfd,
    0xc, 0x9e, 0xa0, 0x12, 0xa0, 0x4, 0x3a, 0xe0,
    0x1e, 0x2b, 0x70, 0x0, 0xd1, 0x0, 0x54, 0x40,
    0x1a, 0x3e, 0xa1, 0xe7, 0x35, 0x0, 0x34, 0x90,
    0x4, 0x38, 0x40, 0x1c, 0xaf, 0xc, 0x60, 0x1d,
    0xc, 0x1, 0xc3, 0xac, 0x1, 0xff, 0xc0, 0x1a,
    0x70, 0xf, 0xd3, 0xac, 0x20, 0x1f, 0x14, 0x72,
    0x80, 0x7f, 0x8a, 0x7b, 0x6a, 0x22, 0xad, 0xd3,
    0x80, 0x70,

    /* U+0044 "D" */
    0x4f, 0xff, 0xfb, 0xb2, 0x54, 0x3, 0xff, 0x90,
    0x26, 0xd5, 0xce, 0x1, 0xff, 0xca, 0x18, 0xd3,
    0x0, 0xff, 0xe5, 0x16, 0x18, 0x7, 0xef, 0xff,
    0xb6, 0x50, 0x3, 0xb4, 0x40, 0x3f, 0xf8, 0x44,
    0xd7, 0x82, 0x1, 0xd, 0x0, 0x7f, 0xf1, 0x4f,
    0xc8, 0x2, 0x44, 0x0, 0x7f, 0xf1, 0x47, 0x80,
    0x37, 0x0, 0x7f, 0xf1, 0x8d, 0x40, 0x25, 0x0,
    0xff, 0xe3, 0xf0, 0x6, 0x40, 0xf, 0xfe, 0x32,
    0x0, 0x63, 0x0, 0xff, 0xe3, 0x90, 0x5, 0xc0,
    0x1f, 0xfc, 0x71, 0x0, 0x8c, 0x3, 0xff, 0x8e,
    0xe0, 0x10, 0x80, 0x7f, 0xf1, 0xdc, 0x2, 0x10,
    0xf, 0xfe, 0x38, 0x80, 0x46, 0x1, 0xff, 0xc7,
    0x20, 0xb, 0x80, 0x3f, 0xf8, 0xc8, 0x1, 0x8c,
    0x3, 0xff, 0x8d, 0xe0, 0x19, 0x0, 0x3f, 0xf8,
    0xa8, 0x80, 0x9, 0x40, 0x3f, 0xf8, 0xa5, 0x40,
    0x1a, 0x40, 0x3f, 0xf8, 0x89, 0x82, 0x1, 0x31,
    0x80, 0x7f, 0xf0, 0x49, 0xb2, 0xc4, 0x2, 0x28,
    0x0, 0xfb, 0xff, 0xed, 0x93, 0x0, 0xc5, 0xe2,
    0x1, 0xff, 0xc8, 0x4c, 0x20, 0xf, 0xfe, 0x39,
    0x55, 0x88, 0x7, 0xff, 0x10, 0x92, 0x33, 0x54,
    0x3, 0xc0,

    /* U+0045 "E" */
    0x4f, 0xff, 0xfe, 0x28, 0x80, 0x7f, 0xf7, 0xc4,
    0x7f, 0xf8, 0x20, 0x1e, 0xee, 0xff, 0xe0, 0x88,
    0x7, 0xff, 0xfc, 0x3, 0xff, 0xc1, 0xdd, 0xff,
    0xc0, 0x50, 0xf, 0x8, 0xff, 0xf0, 0xc, 0x3,
    0xff, 0xc1, 0xff, 0xff, 0xc0, 0x60, 0xf, 0xff,
    0xf8, 0x7, 0xff, 0xd3, 0xbb, 0xff, 0x83, 0x0,
    0x1c, 0x23, 0xff, 0xc2, 0x0, 0xff, 0xed, 0x0,

    /* U+0046 "F" */
    0x4f, 0xff, 0xfe, 0x26, 0x0, 0x7f, 0xfb, 0xff,
    0xff, 0xf8, 0x18, 0x1, 0xff, 0xff, 0x0, 0xff,
    0xf6, 0x7f, 0xff, 0xda, 0x1, 0xff, 0xf0, 0xff,
    0xff, 0xb4, 0x3, 0xff, 0xfe, 0x1, 0xff, 0xff,
    0x0, 0xff, 0xe9, 0x80,

    /* U+0047 "G" */
    0x0, 0xff, 0x12, 0xbb, 0xca, 0x40, 0x1f, 0xfc,
    0x22, 0x9e, 0xda, 0x88, 0xab, 0x7a, 0x4, 0x3,
    0xf8, 0x6b, 0x58, 0x40, 0x3e, 0x17, 0xf5, 0x0,
    0xf8, 0xbd, 0x40, 0x3f, 0xf8, 0x3, 0x50, 0x1,
    0xc3, 0x82, 0x1, 0xc8, 0xce, 0xc6, 0x1, 0xce,
    0xc0, 0x1b, 0x44, 0x3, 0x47, 0xdc, 0xc4, 0xe6,
    0x10, 0x3, 0x48, 0x80, 0x1c, 0xc0, 0x21, 0xd7,
    0x0, 0xf1, 0xdc, 0x0, 0xb, 0x44, 0x1, 0x20,
    0x1b, 0x8, 0x3, 0xf9, 0xde, 0xd2, 0x0, 0x28,
    0x80, 0x50, 0x40, 0x1f, 0xf4, 0x40, 0x3, 0x78,
    0x6, 0x70, 0xf, 0xfe, 0x32, 0x0, 0x4c, 0x1,
    0xff, 0xc6, 0x11, 0x0, 0x5e, 0x1, 0xff, 0xc6,
    0x20, 0xc, 0xa0, 0x1f, 0xfc, 0x67, 0x0, 0xc2,
    0x1, 0xf3, 0xff, 0xff, 0x58, 0x7, 0x18, 0x7,
    0xff, 0x2c, 0xc0, 0x3f, 0xf8, 0xce, 0x1, 0x84,
    0x3, 0xf0, 0x8f, 0x0, 0x71, 0x0, 0x66, 0x0,
    0xf9, 0xfb, 0xba, 0x0, 0x30, 0x88, 0x2, 0xc0,
    0xf, 0xfe, 0x3a, 0x0, 0x4e, 0x1, 0xff, 0xc7,
    0xc0, 0x8, 0x54, 0x3, 0xff, 0x8c, 0xc0, 0x1a,
    0xc4, 0x3, 0xff, 0x8d, 0x0, 0x10, 0xe0, 0x80,
    0x7f, 0x14, 0x80, 0x79, 0xc8, 0x2, 0x2f, 0x50,
    0xf, 0x9f, 0x44, 0x2, 0x10, 0xb, 0xc0, 0x30,
    0xd7, 0x54, 0x3c, 0x5f, 0xc0, 0x6, 0x2b, 0x0,
    0x8b, 0x4, 0x3, 0xa, 0xbc, 0x3a, 0x0, 0x71,
    0x60, 0x80, 0x63, 0xf4, 0x0, 0xff, 0xe0, 0xbe,
    0x88, 0x7, 0x86, 0xec, 0xa0, 0x1f, 0x85, 0xb6,
    0x0, 0x3f, 0xc9, 0x5f, 0x93, 0x11, 0x56, 0xf4,
    0x90, 0x6,

    /* U+0048 "H" */
    0x4f, 0xfc, 0x1, 0xff, 0xc1, 0xef, 0xf9, 0x80,
    0x3f, 0xff, 0xe0, 0x1f, 0xff, 0xf0, 0xf, 0xff,
    0xf8, 0x7, 0xfb, 0xff, 0xff, 0x82, 0x20, 0x1f,
    0xff, 0xf0, 0xb, 0xff, 0xff, 0x82, 0x20, 0x1f,
    0xff, 0xf0, 0xf, 0xff, 0xf8, 0x7, 0xff, 0xfc,
    0x3, 0xff, 0xa8,

    /* U+0049 "I" */
    0x4f, 0xfc, 0x1, 0xff, 0xff, 0x0, 0xff, 0xf5,
    0x80,

    /* U+004A "J" */
    0x0, 0xff, 0xab, 0xfe, 0xa0, 0xf, 0xff, 0xf8,
    0x7, 0xff, 0xfc, 0x3, 0xff, 0xfe, 0x1, 0xff,
    0xff, 0x0, 0xf9, 0xc0, 0x3e, 0x10, 0x8, 0xc0,
    0xb6, 0x20, 0x1, 0xe4, 0x0, 0x85, 0x74, 0x81,
    0xd8, 0x3, 0x48, 0x6, 0xc1, 0x0, 0xd3, 0x91,
    0xc, 0x60, 0x8, 0x51, 0xa, 0x1, 0x8d, 0xdc,
    0x60, 0x1a, 0x0, 0x14, 0xa0, 0x1f, 0xe6, 0x60,
    0x5, 0x52, 0x40, 0x1e, 0x2a, 0x90, 0xe, 0x6d,
    0xc9, 0x88, 0x4e, 0xe9, 0x40, 0x20,

    /* U+004B "K" */
    0x4f, 0xfc, 0x1, 0xfe, 0x1d, 0xff, 0xcc, 0x1,
    0xff, 0xc3, 0x1c, 0x20, 0xa, 0x18, 0x3, 0xff,
    0x87, 0xa4, 0x1, 0x43, 0x80, 0x7f, 0xf0, 0xec,
    0xc0, 0x27, 0x70, 0x7, 0xff, 0xe, 0x90, 0x2,
    0x68, 0x0, 0xff, 0xe1, 0xca, 0x80, 0x4d, 0x20,
    0x1f, 0xfc, 0x38, 0x60, 0x9, 0x64, 0x3, 0xff,
    0x86, 0xee, 0x0, 0x92, 0x80, 0x3f, 0xf8, 0x6d,
    0x0, 0x12, 0x58, 0x7, 0xff, 0xd, 0x64, 0x2,
    0x3b, 0x0, 0xff, 0xe1, 0xa5, 0x0, 0x47, 0x80,
    0x1f, 0xfc, 0x33, 0xb0, 0xc, 0x40, 0x1f, 0xfc,
    0x4d, 0x0, 0xe1, 0xa0, 0xf, 0xfe, 0x18, 0x80,
    0x79, 0x54, 0x1, 0xff, 0xc4, 0x1a, 0x0, 0xd6,
    0x20, 0x1f, 0xfc, 0x21, 0xc5, 0x70, 0x8, 0x68,
    0x3, 0xff, 0x82, 0x38, 0x41, 0x4, 0x1, 0x23,
    0x0, 0x7f, 0xf0, 0x34, 0x80, 0x2e, 0x0, 0xd2,
    0x40, 0x1f, 0xf1, 0x80, 0x63, 0x70, 0xd, 0xc0,
    0x1f, 0xfc, 0x58, 0x20, 0x8, 0xdc, 0x3, 0xff,
    0x8b, 0xc0, 0x1a, 0xc, 0x3, 0xff, 0x88, 0x70,
    0x1, 0xb8, 0x3, 0xff, 0x8a, 0xe6, 0x1, 0x14,
    0x80, 0x7f, 0xf1, 0x78, 0x3, 0x32, 0x0, 0x7f,
    0xf1, 0xa, 0x0, 0x35, 0x8, 0x7, 0xff, 0x11,
    0xcc, 0x2, 0x1b, 0x0, 0xff, 0xe2, 0xf0, 0x6,
    0x55, 0x0,

    /* U+004C "L" */
    0x4f, 0xfc, 0x1, 0xff, 0xff, 0x0, 0xff, 0xff,
    0x80, 0x7f, 0xff, 0xc0, 0x3f, 0xff, 0xe0, 0x1f,
    0xff, 0xf0, 0xf, 0xff, 0x97, 0x77, 0xff, 0x5,
    0x40, 0x38, 0x47, 0xff, 0x82, 0x60, 0x1f, 0xfd,
    0xa0,

    /* U+004D "M" */
    0x4f, 0xfc, 0x20, 0x1f, 0xfc, 0x55, 0xff, 0xc2,
    0x1, 0xd4, 0x1, 0xff, 0xc5, 0xb0, 0xf, 0xf2,
    0x28, 0x7, 0xff, 0xe, 0x44, 0x3, 0xfe, 0xb0,
    0xf, 0xfe, 0x11, 0xb0, 0x7, 0xff, 0x0, 0x64,
    0x3, 0xff, 0x83, 0xc0, 0x1f, 0xfc, 0x26, 0x30,
    0xf, 0xf9, 0xc8, 0x3, 0xff, 0x87, 0xc0, 0x1f,
    0xe1, 0x80, 0xf, 0xfe, 0x21, 0x38, 0x7, 0xf5,
    0x0, 0x7f, 0xf0, 0x45, 0x80, 0x28, 0x10, 0xf,
    0x95, 0x0, 0x29, 0x0, 0xff, 0x48, 0x80, 0x54,
    0x1, 0xf5, 0x80, 0x48, 0xe0, 0x1f, 0xf5, 0x80,
    0x48, 0xa0, 0x1d, 0x22, 0x1, 0x50, 0x7, 0xff,
    0x1, 0x54, 0x1, 0x58, 0x6, 0x36, 0x0, 0xa4,
    0x40, 0x3f, 0xf8, 0x36, 0x1, 0xc, 0x80, 0x5c,
    0x1, 0x1b, 0x0, 0x7f, 0xf0, 0x86, 0x40, 0x26,
    0x30, 0x72, 0x0, 0xbc, 0x3, 0xff, 0x88, 0xc6,
    0x1, 0x71, 0x40, 0x4, 0xe6, 0x1, 0xff, 0xc5,
    0xe0, 0x8, 0xb0, 0x2, 0x28, 0x0, 0xff, 0xe3,
    0x13, 0x80, 0x42, 0x1, 0x48, 0x7, 0xff, 0x22,
    0x8, 0x3, 0x95, 0x0, 0x3f, 0xf9, 0x32, 0x1,
    0x86, 0xc0, 0x3f, 0xf9, 0x48, 0xa0, 0x14, 0x8,
    0x7, 0xff, 0x2e, 0xe2, 0x12, 0xc0, 0x1f, 0xfc,
    0xc1, 0x77, 0x30, 0x7, 0xff, 0xfc, 0x3, 0xff,
    0xfe, 0x1, 0xf8,

    /* U+004E "N" */
    0x4f, 0xfb, 0x84, 0x3, 0xff, 0x81, 0x7f, 0xf3,
    0x80, 0x61, 0xa0, 0xf, 0xfe, 0x52, 0x30, 0x7,
    0xff, 0x2a, 0x48, 0x3, 0xff, 0x95, 0xc0, 0x1f,
    0xfc, 0xa3, 0x80, 0xf, 0xfe, 0x53, 0x98, 0x7,
    0xff, 0x18, 0x40, 0x2e, 0x0, 0xff, 0xe2, 0x95,
    0x0, 0x45, 0x20, 0x1f, 0xfc, 0x54, 0x60, 0x9,
    0x90, 0x3, 0xff, 0x8b, 0x24, 0x1, 0x50, 0x80,
    0x7f, 0xf1, 0x78, 0x2, 0x1b, 0x0, 0xff, 0xe2,
    0x9b, 0x80, 0x4a, 0xa0, 0xf, 0xfe, 0x2c, 0x18,
    0x5, 0x42, 0x1, 0xff, 0xc5, 0xe0, 0xd, 0x40,
    0x1f, 0xfc, 0x52, 0x80, 0x9, 0x1c, 0x3, 0xff,
    0x8a, 0xe8, 0x1, 0x41, 0x0, 0x7f, 0xf1, 0x68,
    0x40, 0x2e, 0x0, 0xff, 0xe2, 0x8d, 0x80, 0x47,
    0x0, 0x1f, 0xfc, 0x55, 0x50, 0x4, 0xea, 0x1,
    0xff, 0xc5, 0xb1, 0x0, 0x84, 0x3, 0xff, 0x8a,
    0x34, 0x1, 0xff, 0xca, 0x46, 0x0, 0xff, 0xe5,
    0x49, 0x0, 0x7f, 0xf2, 0xb8, 0x3, 0xff, 0x94,
    0x70, 0x1, 0xff, 0xca, 0x73, 0x0, 0xc0,

    /* U+004F "O" */
    0x0, 0xff, 0x1b, 0x3b, 0x99, 0x48, 0x3, 0xff,
    0x88, 0x97, 0xf9, 0x31, 0x9, 0xad, 0xd3, 0x88,
    0x7, 0xfc, 0x57, 0x64, 0x0, 0xfc, 0x51, 0xea,
    0x1, 0xfc, 0x78, 0x80, 0x1f, 0xfc, 0x1, 0xa9,
    0x0, 0xf8, 0xb0, 0x40, 0x30, 0xab, 0xb9, 0x8c,
    0x3, 0x9a, 0x40, 0x3d, 0xe0, 0x18, 0x6b, 0xaa,
    0x21, 0x39, 0xa8, 0x1, 0x99, 0x40, 0x33, 0x90,
    0x4, 0x5e, 0xa0, 0x1e, 0x2b, 0x80, 0xd, 0x60,
    0x1a, 0x0, 0x21, 0xc1, 0x0, 0xfe, 0x76, 0x0,
    0x85, 0x80, 0xc, 0x1, 0xa0, 0x40, 0x3f, 0xe9,
    0x10, 0xa, 0xc0, 0x18, 0x1, 0xb, 0x0, 0x7f,
    0xf0, 0x64, 0x2, 0x21, 0x4, 0x0, 0x9c, 0x3,
    0xff, 0x84, 0xa0, 0x19, 0x4, 0x40, 0x16, 0x0,
    0x7f, 0xf0, 0x88, 0x40, 0x2d, 0x20, 0xc, 0xc0,
    0x1f, 0xfc, 0x35, 0x0, 0x89, 0xc0, 0x30, 0x80,
    0x7f, 0xf0, 0xc4, 0x2, 0x10, 0xe, 0x30, 0xf,
    0xfe, 0x69, 0x80, 0x7f, 0xf2, 0x1c, 0x3, 0x8,
    0x7, 0xff, 0xc, 0x40, 0x21, 0x20, 0xc, 0xc0,
    0x1f, 0xfc, 0x35, 0x0, 0x88, 0x44, 0x1, 0x60,
    0x7, 0xff, 0x8, 0x84, 0x2, 0xd0, 0x40, 0x9,
    0xc0, 0x3f, 0xf8, 0x4a, 0x1, 0x90, 0x30, 0x2,
    0x15, 0x0, 0xff, 0xe0, 0xc8, 0x4, 0x42, 0xc,
    0x1, 0xac, 0x40, 0x3f, 0xe9, 0x10, 0xa, 0xc0,
    0x28, 0x0, 0x87, 0x44, 0x3, 0xf9, 0xd8, 0x2,
    0x16, 0x0, 0x9c, 0x80, 0x23, 0xc5, 0x0, 0xf0,
    0xd4, 0x0, 0x6b, 0x0, 0xef, 0x0, 0xc5, 0x5d,
    0x50, 0xf3, 0x9c, 0xa0, 0x19, 0x94, 0x3, 0x8b,
    0x4, 0x3, 0xa, 0xbc, 0x31, 0x80, 0x73, 0x48,
    0x7, 0xc7, 0xe8, 0x1, 0xff, 0xc0, 0x1a, 0x90,
    0xf, 0xe1, 0xbb, 0x20, 0x7, 0xe2, 0x8f, 0x50,
    0xf, 0xfe, 0x2, 0x5f, 0xe4, 0xc4, 0x26, 0xb7,
    0x4e, 0x20, 0x1e,

    /* U+0050 "P" */
    0x4f, 0xff, 0xfb, 0xad, 0xc8, 0x3, 0xff, 0x8a,
    0x29, 0x1b, 0x42, 0x1, 0xff, 0xc7, 0x5f, 0x10,
    0xf, 0x84, 0x78, 0x3, 0xe1, 0xc0, 0xf, 0xbb,
    0xbb, 0xfd, 0x8c, 0x1, 0x89, 0xc0, 0x3f, 0xf8,
    0x27, 0x38, 0x1, 0xa4, 0x3, 0xff, 0x86, 0x70,
    0x1, 0x9, 0x0, 0x7f, 0xf0, 0xd4, 0x3, 0x30,
    0x7, 0xff, 0xc, 0x80, 0x30, 0x80, 0x7f, 0xf0,
    0xc8, 0x3, 0x8, 0x7, 0xff, 0xd, 0x40, 0x33,
    0x0, 0x7f, 0xf0, 0x8a, 0x40, 0x21, 0x20, 0xf,
    0xfe, 0x1, 0x46, 0x88, 0x4, 0xc0, 0x1e, 0xee,
    0xf7, 0xeb, 0x80, 0x61, 0x90, 0xf, 0x8, 0xf8,
    0x3, 0xc3, 0xa2, 0x1, 0xff, 0xc5, 0x4f, 0x30,
    0xf, 0xfe, 0x10, 0x9b, 0xe5, 0x88, 0x7, 0xef,
    0xff, 0xbb, 0x20, 0xc0, 0x3f, 0xff, 0xe0, 0x1f,
    0xff, 0xf0, 0xf, 0xff, 0x0,

    /* U+0051 "Q" */
    0x0, 0xff, 0x1b, 0x3b, 0x99, 0x48, 0x3, 0xff,
    0x88, 0x97, 0xf9, 0x31, 0x9, 0xad, 0xd4, 0x8,
    0x7, 0xfc, 0x59, 0x68, 0x1, 0xf8, 0x9f, 0x98,
    0x3, 0xf8, 0xf4, 0xc0, 0x3f, 0xf8, 0x33, 0x40,
    0x1f, 0x1e, 0x0, 0x70, 0xab, 0xc3, 0x18, 0x7,
    0x2c, 0x80, 0x7b, 0x80, 0x30, 0xd7, 0x54, 0x3c,
    0xe7, 0x28, 0x6, 0x65, 0x0, 0xce, 0x40, 0x11,
    0xfa, 0x80, 0x78, 0x6a, 0x0, 0x35, 0x80, 0x68,
    0x0, 0x87, 0x44, 0x3, 0xf9, 0xdc, 0x1, 0xb,
    0x0, 0x18, 0x3, 0x58, 0x80, 0x7f, 0xd0, 0x20,
    0x15, 0x80, 0x30, 0x2, 0x15, 0x0, 0xff, 0xe0,
    0xc8, 0x4, 0x42, 0x8, 0x1, 0x38, 0x7, 0xff,
    0x9, 0x80, 0x32, 0x8, 0x80, 0x2c, 0x0, 0xff,
    0xe1, 0x8, 0x80, 0x2d, 0x20, 0xc, 0xc0, 0x1f,
    0xfc, 0x35, 0x0, 0x89, 0xc0, 0x30, 0x80, 0x7f,
    0xf0, 0xc4, 0x2, 0x10, 0xe, 0x30, 0xf, 0xfe,
    0x69, 0x80, 0x7f, 0xf1, 0xc5, 0xc0, 0x30, 0x80,
    0x7f, 0xf0, 0xc4, 0x2, 0x32, 0x0, 0xcc, 0x1,
    0xff, 0xc3, 0x50, 0x8, 0x46, 0x0, 0xb0, 0x3,
    0xfc, 0x84, 0x0, 0x21, 0x0, 0xb4, 0x10, 0x2,
    0x70, 0xf, 0xe6, 0xbf, 0x10, 0x50, 0xc, 0x81,
    0x80, 0x10, 0xa8, 0x7, 0xd1, 0x20, 0x5a, 0x32,
    0x1, 0x10, 0x83, 0x0, 0x6b, 0x10, 0xf, 0x28,
    0x4, 0x7e, 0x20, 0x15, 0x80, 0x4e, 0x1, 0xe,
    0x88, 0x7, 0x78, 0x80, 0x42, 0x1, 0xb, 0x0,
    0x50, 0x20, 0x11, 0xe2, 0x80, 0x62, 0xd0, 0xf,
    0xac, 0x3, 0xb4, 0x3, 0x15, 0x75, 0x43, 0xcf,
    0x80, 0x79, 0x54, 0x1, 0xc7, 0x60, 0x1c, 0x2a,
    0xf0, 0xc6, 0x1, 0xe4, 0x20, 0xf, 0x26, 0x98,
    0x7, 0xff, 0xc, 0x7c, 0x40, 0x3c, 0x59, 0x48,
    0x1, 0xf8, 0x9c, 0xc0, 0x22, 0xd0, 0xf, 0xcb,
    0x7f, 0x93, 0x11, 0x56, 0xea, 0x34, 0x80, 0x23,
    0x80, 0xf, 0xf1, 0xb3, 0xbc, 0xa4, 0x0, 0x1f,
    0x10, 0x2, 0x48, 0x7, 0xff, 0x20, 0xa8, 0x1a,
    0xc4, 0x3, 0xff, 0x92, 0x9b, 0x20, 0x0,

    /* U+0052 "R" */
    0x4f, 0xff, 0xfb, 0x69, 0x80, 0x3f, 0xf8, 0xe4,
    0xb3, 0xee, 0x1, 0xff, 0xc9, 0x8a, 0x0, 0xfe,
    0x11, 0xe0, 0xf, 0x96, 0x0, 0x3f, 0x77, 0x77,
    0xfa, 0xd0, 0x3, 0x39, 0x0, 0x7f, 0xf0, 0x92,
    0xdc, 0x3, 0x50, 0x7, 0xff, 0x12, 0x8, 0x2,
    0x40, 0xf, 0xfe, 0x2a, 0x80, 0x44, 0x1, 0xff,
    0xc5, 0xe0, 0x8, 0x40, 0x3f, 0xf8, 0xbc, 0x1,
    0x8, 0x7, 0xff, 0x15, 0x40, 0x22, 0x0, 0xff,
    0xe2, 0x41, 0x0, 0x48, 0x1, 0xff, 0xc1, 0x15,
    0xc7, 0x0, 0xd4, 0x1, 0xf7, 0xff, 0xba, 0x8c,
    0x3, 0x39, 0x0, 0x7f, 0xf1, 0xd6, 0x0, 0x3f,
    0xf8, 0xf1, 0x40, 0x1f, 0xc2, 0x3c, 0x1, 0x8f,
    0xdc, 0x3, 0xfd, 0xdd, 0xce, 0x1, 0x19, 0x80,
    0x3f, 0xf8, 0x90, 0x40, 0x17, 0x80, 0x7f, 0xf1,
    0x64, 0x2, 0x37, 0x0, 0xff, 0xe2, 0x22, 0x0,
    0x28, 0x20, 0xf, 0xfe, 0x25, 0x0, 0x69, 0x0,
    0xff, 0xe2, 0xc, 0x0, 0x48, 0xc0, 0x1f, 0xfc,
    0x47, 0x20, 0xa, 0x44, 0x3, 0xff, 0x89, 0x20,
    0x1a, 0xc0, 0x3f, 0xf8, 0x88, 0xa0, 0x12, 0xa8,
    0x3, 0xff, 0x89, 0x62, 0x1, 0x58, 0x80,

    /* U+0053 "S" */
    0x0, 0xf8, 0x95, 0xde, 0x52, 0x0, 0xff, 0xe0,
    0x3e, 0xea, 0xa2, 0x2a, 0xdd, 0x38, 0x7, 0xe4,
    0xd8, 0x20, 0xf, 0x8a, 0x34, 0x80, 0x39, 0x2c,
    0x80, 0x3f, 0xe2, 0xd5, 0x0, 0x8a, 0xc0, 0x30,
    0xac, 0x4b, 0xa0, 0x7, 0x51, 0x0, 0x24, 0x3,
    0x37, 0x53, 0xb4, 0x5e, 0xa0, 0x6, 0xe0, 0x14,
    0x0, 0x9a, 0x40, 0x3c, 0x57, 0x0, 0x4, 0xd0,
    0x50, 0xd, 0x60, 0x1f, 0xce, 0xe9, 0xb1, 0x0,
    0xf1, 0x80, 0x7f, 0xa1, 0x80, 0x27, 0x0, 0xce,
    0x1, 0xff, 0xc3, 0x30, 0xd, 0x6, 0x1, 0xff,
    0xc3, 0x60, 0x8, 0x72, 0x4c, 0x3, 0xff, 0x83,
    0x4, 0x1, 0x9b, 0x36, 0x50, 0x3, 0xfc, 0x38,
    0x60, 0x1c, 0x4d, 0x7f, 0x6a, 0x1, 0xf8, 0x72,
    0x44, 0x3, 0xe4, 0xae, 0x60, 0xf, 0xcd, 0xd6,
    0xc2, 0x1, 0xe1, 0x9c, 0x10, 0xf, 0xc9, 0x3d,
    0x8e, 0x60, 0x1c, 0x78, 0x1, 0xff, 0x1c, 0x66,
    0xb0, 0x6, 0x29, 0x0, 0xff, 0xe0, 0x94, 0xe0,
    0x80, 0x4c, 0x1, 0xff, 0xc3, 0x38, 0x0, 0xc4,
    0x1, 0x10, 0x7, 0xfc, 0x80, 0x19, 0x80, 0xb3,
    0x2, 0x1, 0xff, 0xc3, 0x76, 0xd3, 0x1d, 0x10,
    0xf, 0xeb, 0x0, 0xc7, 0xe0, 0x11, 0xe2, 0x0,
    0x7d, 0xc, 0x1, 0x20, 0x49, 0x0, 0x45, 0x7b,
    0x2e, 0xad, 0x3c, 0xe0, 0x1a, 0x0, 0x18, 0x40,
    0x18, 0x9a, 0x2a, 0x58, 0x40, 0x34, 0x18, 0x0,
    0x75, 0x80, 0x3f, 0xf8, 0x32, 0xe0, 0x1d, 0x38,
    0xa0, 0x1f, 0x89, 0xf9, 0x80, 0x3e, 0x3a, 0xfc,
    0x98, 0x84, 0xd6, 0xea, 0x4, 0x3, 0x0,

    /* U+0054 "T" */
    0x2f, 0xff, 0xfe, 0x45, 0x0, 0x7f, 0xfd, 0x8b,
    0xff, 0xf0, 0x80, 0x53, 0xff, 0xf5, 0x0, 0x7f,
    0xff, 0xc0, 0x3f, 0xff, 0xe0, 0x1f, 0xff, 0xf0,
    0xf, 0xff, 0xf8, 0x7, 0xff, 0xfc, 0x3, 0xff,
    0xfe, 0x1, 0xff, 0xd6,

    /* U+0055 "U" */
    0x4f, 0xfc, 0x1, 0xff, 0xc0, 0xbf, 0xfa, 0x40,
    0x3f, 0xff, 0xe0, 0x1f, 0xff, 0xf0, 0xf, 0xff,
    0xf8, 0x7, 0xff, 0xfc, 0x3, 0xff, 0xf2, 0xe0,
    0x10, 0xb8, 0x6, 0x20, 0xf, 0xf8, 0x80, 0x2f,
    0x30, 0xc, 0x80, 0x1f, 0xe2, 0x10, 0x8, 0x80,
    0x80, 0x2b, 0x0, 0xff, 0x58, 0x6, 0x40, 0x50,
    0x8, 0xa0, 0x3, 0xf1, 0xb0, 0x4, 0x62, 0x12,
    0x1, 0x9e, 0x0, 0x3c, 0xb8, 0x1, 0xa0, 0x0,
    0x30, 0x1, 0x9f, 0xaa, 0x1e, 0x76, 0x80, 0x32,
    0x20, 0x2, 0x75, 0x0, 0xc2, 0xaf, 0xc, 0x40,
    0x18, 0xa8, 0x3, 0xa9, 0xc0, 0x3f, 0xf8, 0x9,
    0x82, 0x1, 0xe8, 0xd5, 0x0, 0xfc, 0x97, 0x61,
    0x0, 0xfc, 0x55, 0xf9, 0x31, 0x9, 0xbe, 0xb4,
    0x0, 0xe0,

    /* U+0056 "V" */
    0x7f, 0xfc, 0x40, 0x1f, 0xfc, 0x29, 0xff, 0xb8,
    0x18, 0x3, 0x50, 0x7, 0xff, 0x9, 0xc0, 0x27,
    0x1, 0x40, 0x9, 0x80, 0x3f, 0xf8, 0x2a, 0x20,
    0x15, 0x0, 0x38, 0x2, 0x14, 0x0, 0xff, 0xe0,
    0x70, 0x4, 0x46, 0x0, 0x51, 0x0, 0xb4, 0x3,
    0xfe, 0x14, 0x0, 0xa8, 0x3, 0x30, 0x4, 0xc0,
    0x1f, 0xf3, 0x80, 0x66, 0x0, 0xd4, 0x1, 0x94,
    0x3, 0xfd, 0x40, 0x12, 0x8, 0x6, 0x23, 0x0,
    0xb8, 0x3, 0xf8, 0x8c, 0x2, 0xe0, 0xf, 0x50,
    0x4, 0x82, 0x1, 0xfa, 0x80, 0x21, 0x50, 0xf,
    0x38, 0x6, 0x60, 0xf, 0xcc, 0x1, 0x38, 0x7,
    0xc2, 0xa0, 0x15, 0x0, 0x7c, 0x82, 0x1, 0x50,
    0x7, 0xee, 0x0, 0x88, 0x80, 0x1e, 0xd0, 0x8,
    0x8c, 0x3, 0xf2, 0x8, 0x5, 0x40, 0x1e, 0x60,
    0xa, 0x80, 0x3f, 0xcc, 0x1, 0x30, 0x7, 0x28,
    0x6, 0x60, 0xf, 0xf5, 0x0, 0x42, 0x80, 0x1b,
    0x80, 0x25, 0x10, 0xf, 0xf1, 0x18, 0x5, 0xc0,
    0x10, 0xa0, 0x5, 0xc0, 0x1f, 0xfc, 0xa, 0x0,
    0x94, 0x2, 0x60, 0x8, 0x50, 0x3, 0xff, 0x80,
    0xc0, 0x19, 0x80, 0x14, 0x1, 0x30, 0x7, 0xff,
    0x9, 0x40, 0x2d, 0x2, 0x20, 0x5, 0x40, 0x1f,
    0xfc, 0x2e, 0x0, 0x90, 0x68, 0x2, 0x32, 0x0,
    0xff, 0xe1, 0x20, 0x80, 0x4c, 0xc0, 0xa, 0x80,
    0x3f, 0xf8, 0x8c, 0x1, 0x40, 0x80, 0x4e, 0x1,
    0xff, 0xc4, 0xa0, 0xf, 0x94, 0x40, 0x3f, 0xf8,
    0x84, 0x80, 0x1e, 0xe0, 0xf, 0xfe, 0x37, 0x0,
    0x70, 0xa0, 0x7, 0xff, 0x19, 0x40, 0x39, 0x80,
    0x3f, 0xf9, 0xc, 0x1, 0xa8, 0x3, 0xfc,

    /* U+0057 "W" */
    0x5f, 0xfc, 0x20, 0x1f, 0xee, 0xff, 0xc0, 0x1f,
    0xf7, 0x7f, 0xd0, 0xa0, 0x19, 0x0, 0x3f, 0x88,
    0x40, 0x31, 0x80, 0x7f, 0x10, 0x80, 0x58, 0x6,
    0x1, 0x60, 0x7, 0xf2, 0x80, 0x75, 0x80, 0x7f,
    0x20, 0x6, 0x40, 0xb0, 0x9, 0x0, 0x3f, 0xb0,
    0x3, 0x94, 0x3, 0xfb, 0x0, 0x24, 0x0, 0x20,
    0x4, 0x44, 0x0, 0xfc, 0x80, 0x1c, 0x42, 0x1,
    0xf9, 0x0, 0x2d, 0x0, 0x18, 0x80, 0x48, 0x1,
    0xf2, 0x0, 0x7c, 0xe0, 0x1f, 0x18, 0x80, 0x48,
    0x1, 0x20, 0x5, 0x80, 0x1f, 0x68, 0x4, 0x60,
    0x16, 0x80, 0x7c, 0x80, 0x11, 0x10, 0x2, 0xc0,
    0x9, 0x0, 0x3e, 0x40, 0xb, 0x80, 0x24, 0x0,
    0xfb, 0x0, 0x24, 0x0, 0xce, 0x1, 0x9, 0x80,
    0x71, 0x10, 0x0, 0x64, 0x80, 0x12, 0x0, 0x79,
    0x0, 0x2d, 0x0, 0xc2, 0x40, 0x12, 0x0, 0x72,
    0x0, 0x56, 0x1a, 0x1, 0x68, 0x7, 0x20, 0x6,
    0x40, 0xe, 0x40, 0xb, 0x0, 0x3b, 0x40, 0x24,
    0x7, 0x0, 0x90, 0x3, 0xb0, 0x2, 0x40, 0xf,
    0x68, 0x4, 0x80, 0x1c, 0x80, 0x1, 0x30, 0x12,
    0x0, 0x11, 0x0, 0x32, 0x80, 0x58, 0x1, 0xe4,
    0x0, 0xc8, 0x1, 0x20, 0x4, 0xe0, 0x12, 0x80,
    0x4a, 0x1, 0x9, 0x0, 0x4a, 0x1, 0xf2, 0x0,
    0x58, 0x1, 0x68, 0x5, 0xa0, 0x15, 0x80, 0x58,
    0x1, 0x20, 0x4, 0x24, 0x1, 0xf6, 0x0, 0x4a,
    0x1, 0x20, 0x4, 0x80, 0x11, 0x88, 0x1, 0x0,
    0x2c, 0x0, 0x9c, 0x3, 0xf2, 0x80, 0x44, 0x20,
    0x44, 0x0, 0x28, 0x7, 0x38, 0x4, 0xa0, 0x4,
    0x0, 0xb0, 0x3, 0xf1, 0x8, 0x4, 0x80, 0x80,
    0x16, 0x0, 0x76, 0x80, 0x58, 0x4, 0x40, 0x9,
    0x40, 0x3f, 0x90, 0x2, 0xc0, 0xd0, 0x9, 0xc0,
    0x39, 0x0, 0x27, 0x4, 0x0, 0x8c, 0x3, 0xfd,
    0xe0, 0x13, 0x82, 0x0, 0xc, 0x40, 0x3c, 0x80,
    0x1, 0x3c, 0x0, 0xac, 0x3, 0xfc, 0x80, 0x10,
    0xb0, 0x5, 0x60, 0x1f, 0x68, 0x4, 0x88, 0x0,
    0x90, 0x3, 0xfc, 0x26, 0x1, 0x48, 0x4, 0xa0,
    0x1f, 0x38, 0x5, 0x2, 0x0, 0x13, 0x0, 0xff,
    0x90, 0x3, 0xc4, 0x40, 0xf, 0x84, 0xc0, 0x3c,
    0x80, 0x1f, 0xfc, 0xc, 0x0, 0xf2, 0x80, 0x7f,
    0x58, 0x7, 0xbc, 0x3, 0xff, 0x80, 0x80, 0x1e,
    0xc0, 0xf, 0xe5, 0x0, 0xf2, 0x0, 0x7f, 0xf0,
    0x50, 0x3, 0x90, 0x3, 0xf8, 0x84, 0x3, 0x18,
    0x80, 0x7f, 0xf0, 0x74, 0x3, 0x28, 0x7, 0xfc,
    0xe0, 0x19, 0x0, 0x3f, 0xf8, 0x48, 0x1, 0xbc,
    0x3, 0xfe, 0xd0, 0xd, 0x60, 0x1f, 0x0,

    /* U+0058 "X" */
    0x7, 0xff, 0xd6, 0x1, 0xff, 0x5f, 0xfe, 0x60,
    0x3, 0x98, 0x4, 0x8a, 0x1, 0xfc, 0xa8, 0x1,
    0x23, 0x0, 0x5c, 0x1, 0xac, 0x40, 0x3e, 0x1b,
    0x0, 0x86, 0x80, 0x31, 0x48, 0x4, 0x34, 0x1,
    0xf4, 0x8, 0x5, 0x62, 0x1, 0xcc, 0x80, 0x12,
    0x28, 0x7, 0x1b, 0x0, 0x4a, 0xa0, 0xf, 0xa8,
    0x40, 0x2b, 0x10, 0xd, 0xc0, 0x10, 0xd8, 0x7,
    0xe1, 0xb0, 0x8, 0x68, 0x2, 0x82, 0x0, 0xa8,
    0x40, 0x3f, 0x95, 0x40, 0x12, 0x28, 0x13, 0x80,
    0x4c, 0x80, 0x1f, 0xf5, 0x88, 0x5, 0x63, 0xc0,
    0x10, 0xc8, 0x7, 0xff, 0x0, 0x68, 0x2, 0x1f,
    0x30, 0xa, 0x80, 0x3f, 0xf8, 0x48, 0xc0, 0x10,
    0x80, 0x4e, 0x80, 0x1f, 0xfc, 0x39, 0x20, 0xe,
    0x28, 0x0, 0xff, 0xe2, 0xf0, 0x7, 0x70, 0x7,
    0xff, 0x1a, 0xc0, 0x39, 0x80, 0x3f, 0xf8, 0xa6,
    0xe0, 0x1d, 0x62, 0x1, 0xff, 0xc4, 0xe0, 0xf,
    0xd, 0x0, 0x7f, 0xf0, 0xdc, 0x80, 0x24, 0x0,
    0x91, 0x40, 0x3f, 0xf8, 0x25, 0x0, 0x12, 0xd9,
    0x0, 0x56, 0x20, 0x1f, 0xfc, 0xe, 0x0, 0x86,
    0xc2, 0x40, 0x21, 0xa0, 0xf, 0xf9, 0xcc, 0x2,
    0x81, 0x4, 0x50, 0x9, 0x14, 0x3, 0xf8, 0xa0,
    0x2, 0x36, 0x0, 0xac, 0x40, 0x2b, 0x10, 0xf,
    0xdc, 0x1, 0xbc, 0x3, 0xd, 0x80, 0x43, 0x40,
    0x1f, 0x39, 0x80, 0x4c, 0x60, 0x1c, 0xa8, 0x1,
    0x22, 0x80, 0x71, 0x40, 0x4, 0x30, 0x1, 0xf5,
    0x0, 0x6b, 0x10, 0xd, 0x20, 0x1a, 0x4, 0x3,
    0xe1, 0x80, 0x8, 0x68, 0x2, 0x64, 0x0, 0x8d,
    0x80, 0x3f, 0x9c, 0xc0, 0x24, 0x50, 0x19, 0x0,
    0xde, 0x1, 0xff, 0x70, 0x6, 0xb1,

    /* U+0059 "Y" */
    0x8f, 0xfd, 0x0, 0x1f, 0xfc, 0x8, 0xff, 0xcf,
    0x2, 0x1, 0x38, 0x80, 0x7f, 0x85, 0xc0, 0x22,
    0x70, 0xb0, 0xd, 0x0, 0x1f, 0xe8, 0x0, 0xd0,
    0x0, 0x54, 0x0, 0x98, 0x80, 0x3f, 0x13, 0x0,
    0x48, 0xa0, 0x14, 0x80, 0x68, 0x0, 0xfd, 0x0,
    0x1a, 0x40, 0x31, 0x30, 0x4, 0xa6, 0x1, 0xe3,
    0x50, 0x9, 0xc8, 0x3, 0xa4, 0x40, 0x2f, 0x0,
    0xf7, 0x80, 0x43, 0x0, 0x1f, 0x40, 0x4, 0x68,
    0x1, 0x90, 0xc0, 0x2b, 0x0, 0xfc, 0xc6, 0x1,
    0x48, 0x6, 0x90, 0x8, 0xd4, 0x3, 0xfb, 0xc0,
    0x22, 0x60, 0x2, 0x90, 0x5, 0xe0, 0x1f, 0xe3,
    0x60, 0xa, 0x0, 0x16, 0x1, 0x31, 0x80, 0x7f,
    0xd0, 0x20, 0x1, 0x77, 0x8, 0x0, 0x60, 0x3,
    0xff, 0x80, 0x30, 0x1, 0x4c, 0x80, 0x28, 0x10,
    0xf, 0xfe, 0xb, 0x10, 0x0, 0x44, 0x0, 0x26,
    0x0, 0xff, 0xe1, 0xf0, 0x7, 0xb8, 0x3, 0xff,
    0x88, 0x6a, 0x1, 0x94, 0xc0, 0x3f, 0xf8, 0xb0,
    0x1, 0xa0, 0x3, 0xff, 0xfe, 0x1, 0xff, 0xff,
    0x0, 0xff, 0xff, 0x80, 0x7f, 0xf3, 0x0,

    /* U+005A "Z" */
    0x7f, 0xff, 0xfe, 0x37, 0x0, 0x7f, 0xfc, 0x90,
    0x1f, 0xff, 0xff, 0x81, 0x80, 0x18, 0x6c, 0x3,
    0xff, 0x85, 0xc0, 0x1a, 0x84, 0x3, 0xff, 0x83,
    0x24, 0x1, 0x3a, 0x0, 0x7f, 0xf0, 0x55, 0x80,
    0x22, 0x80, 0xf, 0xfe, 0x8, 0xd8, 0x6, 0xf0,
    0xf, 0xfe, 0x15, 0x8, 0x5, 0x24, 0x1, 0xff,
    0xc1, 0x74, 0x0, 0x91, 0x80, 0x3f, 0xf8, 0x25,
    0x0, 0x10, 0xd0, 0x7, 0xff, 0xb, 0xc0, 0x35,
    0x88, 0x7, 0xff, 0x6, 0x48, 0x2, 0x65, 0x0,
    0xff, 0xe0, 0xa3, 0x0, 0x45, 0x20, 0x1f, 0xfc,
    0x11, 0xa0, 0xd, 0xc0, 0x1f, 0xfc, 0x2b, 0x10,
    0xa, 0xc, 0x3, 0xff, 0x82, 0xca, 0x1, 0x1b,
    0x80, 0x7f, 0xf0, 0x4a, 0x40, 0x36, 0x80, 0x7f,
    0xf0, 0xb8, 0x3, 0x50, 0x80, 0x7f, 0xf0, 0x60,
    0xc0, 0x25, 0x50, 0x7, 0xff, 0x4, 0xdc, 0x2,
    0x1a, 0x0, 0xff, 0xe1, 0x70, 0x6, 0xd0, 0xf,
    0xfe, 0x14, 0x90, 0x6, 0xcf, 0xff, 0xfe, 0xb,
    0x20, 0x7, 0xff, 0x1c, 0x40, 0x3f, 0xfb, 0xc0,

    /* U+005B "[" */
    0x3f, 0xff, 0xd2, 0x1, 0xff, 0xcc, 0x17, 0x7d,
    0xa0, 0x18, 0xa2, 0x32, 0x0, 0x7f, 0xff, 0xc0,
    0x3f, 0xff, 0xe0, 0x1f, 0xff, 0xf0, 0xf, 0xe2,
    0x88, 0xc8, 0x1, 0x85, 0xdf, 0x68, 0x7, 0xff,
    0x20,

    /* U+005C "\\" */
    0x9f, 0xfa, 0x0, 0x3f, 0x68, 0x4, 0xa0, 0x1f,
    0x90, 0x2, 0x22, 0x0, 0x7e, 0x50, 0x9, 0x40,
    0x3f, 0x78, 0x5, 0x60, 0x1f, 0x94, 0x2, 0x31,
    0x0, 0xfc, 0x80, 0x13, 0x80, 0x7e, 0xd0, 0xa,
    0x80, 0x3f, 0x38, 0x4, 0x62, 0x1, 0xf0, 0x98,
    0x4, 0xe0, 0x1f, 0xac, 0x2, 0xd0, 0xf, 0xca,
    0x1, 0x20, 0x7, 0xe2, 0x20, 0x4, 0xa0, 0x1f,
    0x94, 0x2, 0xf0, 0xf, 0xd6, 0x1, 0x20, 0x7,
    0xe3, 0x20, 0x0, 0xa0, 0x7, 0xe5, 0x0, 0xb4,
    0x3, 0xf5, 0x80, 0x4e, 0x1, 0xf8, 0xc4, 0x0,
    0x26, 0x1, 0xf9, 0xc0, 0x2b, 0x0, 0xfd, 0xa0,
    0x12, 0x80, 0x7e, 0x40, 0x8, 0x88, 0x1, 0xf9,
    0x40, 0x25, 0x0, 0xfd, 0xe0, 0x15, 0x80, 0x7e,
    0x50, 0x8, 0xc4, 0x3, 0xf2, 0x0, 0x4e, 0x1,
    0xfb, 0x40, 0x2d,

    /* U+005D "]" */
    0x9f, 0xff, 0xc6, 0x1, 0xff, 0xc8, 0xd7, 0x7c,
    0x20, 0x19, 0x22, 0x31, 0x0, 0x7f, 0xff, 0xc0,
    0x3f, 0xff, 0xe0, 0x1f, 0xff, 0xf0, 0xf, 0xe4,
    0x88, 0xc4, 0x1, 0xb5, 0xdf, 0x8, 0x7, 0xff,
    0x30,

    /* U+005E "^" */
    0x0, 0xf7, 0x7f, 0xd4, 0x1, 0xfe, 0x71, 0x0,
    0x94, 0xc0, 0x3f, 0xc, 0x0, 0x77, 0x80, 0x7e,
    0x80, 0x8, 0xc0, 0x6, 0xa0, 0x1e, 0x26, 0x0,
    0x2e, 0x80, 0x50, 0x1, 0xe9, 0x0, 0xa0, 0x60,
    0x0, 0x4c, 0x1, 0x91, 0x0, 0x7, 0x20, 0x72,
    0x0, 0x40, 0x6, 0x80, 0x0, 0xc0, 0x5, 0x20,
    0x1, 0x80, 0x3, 0x18, 0x2, 0x0, 0x32, 0x20,
    0x0, 0xe2, 0x10, 0x0, 0x26, 0x0, 0xe9, 0x0,
    0xac,

    /* U+005F "_" */
    0xbb, 0xff, 0xe2, 0x42, 0x27, 0xff, 0x10, 0xc0,
    0x3f, 0xfa, 0xc0,

    /* U+0060 "`" */
    0x0, 0xa5, 0x40, 0x38, 0x6d, 0xac, 0x40, 0x36,
    0x20, 0xd, 0x0, 0x68, 0x0, 0x91, 0x80, 0x25,
    0xb0, 0xa, 0x48, 0x2, 0x4b, 0x0, 0xb8, 0x3,
    0x26, 0x0, 0x18, 0x3, 0x8f, 0x22, 0x80,

    /* U+0061 "a" */
    0x0, 0xf1, 0xab, 0xb9, 0x48, 0x3, 0xfa, 0x3b,
    0x2a, 0x21, 0x5b, 0x88, 0x1, 0xc5, 0xae, 0x20,
    0x1e, 0x3b, 0x80, 0x8, 0x70, 0x80, 0x3f, 0xce,
    0xc0, 0x2, 0x0, 0xcf, 0x9d, 0xb0, 0x1, 0xa4,
    0x40, 0xfd, 0x7, 0x20, 0xc4, 0x9f, 0x0, 0x33,
    0x80, 0x6, 0xf0, 0xc0, 0x38, 0xd8, 0x2, 0xc0,
    0xc, 0x40, 0x1f, 0x60, 0x4, 0xc0, 0x1f, 0xfc,
    0x1, 0x0, 0x84, 0x3, 0xb, 0x56, 0xf7, 0xfd,
    0x60, 0x1f, 0x47, 0x4a, 0x90, 0x80, 0x7f, 0xe,
    0x38, 0x7, 0xff, 0xa, 0x8c, 0x3, 0x12, 0xb3,
    0xb9, 0x40, 0x31, 0xa0, 0x4, 0x9b, 0xaa, 0x98,
    0x87, 0x0, 0x6b, 0x0, 0x8a, 0xc8, 0x3, 0x88,
    0x3, 0x10, 0x4, 0xa0, 0x1f, 0x68, 0x7, 0xe4,
    0x0, 0xf3, 0x20, 0x6, 0xd0, 0x8, 0xe8, 0xc0,
    0x52, 0xe4, 0x3, 0x98, 0x3, 0x2e, 0x7f, 0x5a,
    0x2, 0x0, 0x61, 0xa0, 0xf, 0xe5, 0xf0, 0xe,
    0x5b, 0x20, 0xe, 0x18, 0xa0, 0xf, 0x93, 0x72,
    0x62, 0x6f, 0x9c, 0x13, 0xfe, 0xd0,

    /* U+0062 "b" */
    0xaf, 0xf9, 0xc0, 0x3f, 0xff, 0xe0, 0x1f, 0xfd,
    0xe2, 0x57, 0x63, 0x0, 0xff, 0xe0, 0x16, 0x6d,
    0x44, 0xe7, 0x30, 0x7, 0xf2, 0xe9, 0x80, 0x70,
    0xcd, 0x0, 0x7d, 0x94, 0x1, 0xfc, 0xb2, 0x1,
    0xe4, 0x0, 0x14, 0x4b, 0x90, 0x6, 0x64, 0x0,
    0xfa, 0x35, 0xda, 0x35, 0xc0, 0x34, 0x0, 0x79,
    0x9c, 0x3, 0xa1, 0x40, 0x23, 0x20, 0xe, 0x80,
    0xf, 0xac, 0x3, 0x28, 0x6, 0x51, 0x0, 0xf8,
    0x50, 0x2, 0xd0, 0xd, 0xa0, 0x1f, 0xc6, 0x1,
    0x30, 0x6, 0x20, 0xf, 0xef, 0x0, 0xff, 0xe7,
    0x90, 0x7, 0xf7, 0x80, 0x4e, 0x1, 0xb4, 0x3,
    0xf8, 0xc0, 0x22, 0x0, 0xca, 0x1, 0xf8, 0x50,
    0x2, 0xc0, 0xe, 0x80, 0xf, 0xac, 0x3, 0x20,
    0x7, 0x3b, 0x0, 0x74, 0xa8, 0x4, 0xa2, 0x1,
    0xe9, 0xc7, 0x68, 0xd6, 0x0, 0xd0, 0x1, 0xc8,
    0x0, 0x38, 0x97, 0x20, 0xd, 0x4, 0x1, 0xd9,
    0x40, 0x1f, 0xcc, 0xe0, 0x1f, 0x2e, 0x18, 0x7,
    0x15, 0x48, 0x5, 0x5f, 0xf3, 0x81, 0xe6, 0xcc,
    0x4e, 0x6a, 0x80, 0x60,

    /* U+0063 "c" */
    0x0, 0xf8, 0xd9, 0xdc, 0xa2, 0x1, 0xfe, 0x7e,
    0xc9, 0x88, 0x57, 0x59, 0x80, 0x78, 0xb6, 0x4,
    0x3, 0xc9, 0x8c, 0x1, 0x8b, 0x8, 0x3, 0xfd,
    0x2e, 0x1, 0x78, 0x80, 0x42, 0xf3, 0x8, 0x1,
    0xa1, 0x1, 0x88, 0x2, 0x5e, 0x86, 0x7b, 0xc1,
    0x0, 0x2a, 0x82, 0xc0, 0x22, 0xa0, 0xe, 0x3d,
    0x1a, 0xa0, 0x91, 0x0, 0x29, 0x0, 0xf8, 0xf9,
    0x40, 0x8, 0x1, 0x90, 0x3, 0xff, 0x81, 0xc0,
    0x11, 0x80, 0x7f, 0xf0, 0x44, 0x2, 0x60, 0xf,
    0xfe, 0x98, 0x80, 0x4c, 0x1, 0xff, 0xc1, 0xd0,
    0x8, 0xc0, 0x3f, 0xf8, 0x2e, 0x1, 0x90, 0x3,
    0xff, 0x80, 0x44, 0x0, 0xa0, 0x3, 0xe2, 0xe5,
    0x0, 0xac, 0x2, 0x3a, 0x0, 0xe3, 0xc1, 0xaa,
    0x0, 0x18, 0x80, 0x25, 0xd7, 0x56, 0xac, 0x10,
    0x2, 0xa0, 0x3, 0xc4, 0x2, 0x28, 0xa9, 0x50,
    0xc, 0xe8, 0x0, 0x2c, 0x20, 0xf, 0xf4, 0x40,
    0x3, 0x16, 0xc0, 0x80, 0x79, 0x31, 0xc0, 0x3e,
    0x7e, 0xc9, 0x88, 0x57, 0x59, 0x80, 0x40,

    /* U+0064 "d" */
    0x0, 0xff, 0xe1, 0x1f, 0xfd, 0xc0, 0x1f, 0xff,
    0xf0, 0xf, 0xfe, 0x71, 0x33, 0xb1, 0x80, 0x7f,
    0xf0, 0xf, 0x36, 0x62, 0x73, 0x50, 0x3, 0xf9,
    0xb0, 0xc0, 0x38, 0xae, 0x0, 0x3e, 0x59, 0x0,
    0xfe, 0x79, 0x0, 0xe1, 0xa0, 0xe, 0x68, 0x81,
    0x80, 0x14, 0x3, 0xa4, 0x3, 0x1f, 0x4b, 0xbb,
    0x28, 0x3, 0xe6, 0x0, 0x8b, 0x4, 0x3, 0x2c,
    0x80, 0x71, 0x88, 0x5, 0x0, 0x1f, 0x31, 0x80,
    0x65, 0x0, 0xca, 0x1, 0xfa, 0xc0, 0x37, 0x0,
    0x46, 0x1, 0xfc, 0x80, 0x18, 0x40, 0x26, 0x0,
    0xfe, 0x10, 0xf, 0xfe, 0x5f, 0x0, 0x4c, 0x1,
    0xfc, 0x20, 0x18, 0x80, 0x23, 0x0, 0xfe, 0x40,
    0xc, 0xe0, 0x19, 0x40, 0x3f, 0x58, 0x6, 0x22,
    0x0, 0x56, 0x1, 0xf2, 0x98, 0x7, 0x58, 0x4,
    0x38, 0x20, 0x19, 0x28, 0x3, 0xcc, 0x20, 0x11,
    0xf4, 0xb3, 0xdd, 0x80, 0x3f, 0x68, 0x7, 0x34,
    0xc2, 0x0, 0x10, 0x3, 0xc7, 0x40, 0x1f, 0xcd,
    0x0, 0x1f, 0x2e, 0xa0, 0x7, 0xc, 0xc8, 0x3,
    0xf8, 0xaf, 0x6a, 0x26, 0xf9, 0x80, 0xff, 0xee,

    /* U+0065 "e" */
    0x0, 0xf9, 0x19, 0xdc, 0xa2, 0x1, 0xfe, 0x19,
    0xfb, 0x98, 0x85, 0x76, 0x18, 0x7, 0xc9, 0xec,
    0x1, 0xf1, 0xe3, 0x80, 0x71, 0xd8, 0x80, 0x7f,
    0xa1, 0x80, 0x37, 0x0, 0x67, 0xdf, 0xea, 0x20,
    0xa, 0x48, 0x0, 0xe4, 0x1, 0x5c, 0x10, 0xa,
    0xe1, 0x0, 0x50, 0x0, 0xa0, 0x9, 0x90, 0x3,
    0x86, 0x0, 0x25, 0x2, 0x20, 0x5, 0x60, 0x1f,
    0x28, 0x6, 0x37, 0x0, 0x84, 0x80, 0x3f, 0x8,
    0x4, 0xda, 0x1, 0xf, 0xff, 0xf0, 0x80, 0x61,
    0x0, 0xff, 0xec, 0x30, 0x80, 0x45, 0x33, 0xff,
    0xc1, 0x3e, 0x0, 0xcc, 0xdf, 0xfc, 0x10, 0x40,
    0x8, 0x88, 0x1, 0xff, 0xc1, 0x21, 0x0, 0xa0,
    0x3, 0xf4, 0xa8, 0x6, 0x90, 0x9, 0x58, 0x3,
    0xd0, 0xd5, 0x41, 0x0, 0x39, 0x0, 0x53, 0x48,
    0x22, 0x5c, 0x70, 0x2, 0xc8, 0x5, 0xc0, 0x19,
    0x6f, 0xb9, 0x46, 0x1, 0x1c, 0x0, 0x47, 0x82,
    0x1, 0xfe, 0x4d, 0x0, 0xe3, 0xe7, 0x10, 0xf,
    0xc, 0xd8, 0x80, 0x7d, 0x1d, 0x93, 0x10, 0x9c,
    0xe6, 0x0, 0xc0,

    /* U+0066 "f" */
    0x0, 0xf8, 0xd9, 0xdc, 0xa2, 0x1, 0xc7, 0xb9,
    0x31, 0xa, 0xf0, 0xc, 0x98, 0x40, 0x1f, 0xe9,
    0x0, 0xff, 0x90, 0x80, 0x23, 0xac, 0xb9, 0x0,
    0x8c, 0x2, 0x1c, 0x53, 0x47, 0x0, 0xbc, 0x2,
    0x40, 0xf, 0xfe, 0x1, 0x80, 0x73, 0xff, 0x9c,
    0x2, 0x6f, 0xfd, 0x80, 0x1f, 0xfc, 0xe2, 0x44,
    0x8, 0x4, 0x28, 0x99, 0x55, 0x76, 0x60, 0x9,
    0xee, 0xf4, 0x80, 0x7f, 0xff, 0xc0, 0x3f, 0xff,
    0xe0, 0x1f, 0xfe, 0x10,

    /* U+0067 "g" */
    0x0, 0xf1, 0xb3, 0xb1, 0x80, 0x7f, 0xf0, 0x17,
    0x72, 0x62, 0x73, 0x50, 0x17, 0xfe, 0xc0, 0xa,
    0x68, 0x80, 0x38, 0xad, 0x80, 0x3e, 0x86, 0x0,
    0xfe, 0x9e, 0x0, 0xe3, 0x70, 0xc, 0x2d, 0xe,
    0x60, 0x4, 0x0, 0xe8, 0x0, 0xcb, 0xd2, 0xf1,
    0x94, 0x1, 0xe1, 0x40, 0x9, 0x28, 0x3, 0x96,
    0x40, 0x39, 0x0, 0x34, 0x80, 0x7c, 0xc4, 0x1,
    0xb4, 0x2, 0x22, 0x0, 0x7e, 0xa0, 0xc, 0x20,
    0x13, 0x80, 0x7f, 0x18, 0x6, 0x30, 0x8, 0xc0,
    0x3f, 0x9c, 0x3, 0xff, 0x8c, 0xe0, 0x18, 0x80,
    0x22, 0x0, 0xfe, 0x10, 0xd, 0xc0, 0x12, 0x0,
    0x7f, 0x60, 0x6, 0x40, 0xc, 0xe0, 0x1f, 0xb,
    0x0, 0x62, 0x30, 0xa, 0xc, 0x3, 0xd4, 0x1,
    0xe9, 0x0, 0xd8, 0xe2, 0x0, 0x3c, 0x40, 0xf,
    0x2a, 0x0, 0x68, 0xef, 0xf6, 0x18, 0x7, 0xea,
    0x20, 0xf, 0xe2, 0x90, 0xf, 0xe, 0x20, 0x7,
    0xc5, 0xe6, 0x1, 0xf0, 0xdd, 0x94, 0x40, 0x4e,
    0x74, 0x80, 0x33, 0x80, 0x72, 0x57, 0x7f, 0x63,
    0x0, 0x8, 0x2, 0x10, 0xf, 0xfe, 0x16, 0x0,
    0x44, 0x0, 0x1b, 0xc0, 0xf, 0xc4, 0x80, 0x16,
    0x1, 0xfa, 0x1d, 0x88, 0x7, 0xf, 0x0, 0x42,
    0x81, 0x22, 0x0, 0x4f, 0x84, 0x34, 0x7f, 0x30,
    0xa, 0x0, 0x14, 0x40, 0x10, 0xbd, 0xe5, 0xc0,
    0x80, 0x48, 0xc0, 0x16, 0xa8, 0x7, 0xfc, 0xb6,
    0x1, 0xd5, 0x43, 0x0, 0xf8, 0xaa, 0x80, 0x1f,
    0x2e, 0x75, 0x44, 0x26, 0xbb, 0x54, 0x3, 0x0,

    /* U+0068 "h" */
    0xaf, 0xf9, 0xc0, 0x3f, 0xff, 0xe0, 0x1f, 0xfd,
    0x82, 0x57, 0x64, 0x0, 0xff, 0x8a, 0xf6, 0xa2,
    0x6f, 0x94, 0x3, 0xf2, 0xea, 0x0, 0x70, 0xd3,
    0x80, 0x7b, 0x28, 0x3, 0xfa, 0xc, 0x3, 0x90,
    0x0, 0xd3, 0x4e, 0x20, 0x1a, 0x0, 0x3c, 0x3b,
    0x2c, 0xb1, 0xe2, 0x1, 0x20, 0x7, 0xb4, 0x80,
    0x30, 0xd0, 0x6, 0x30, 0xc, 0x66, 0x0, 0xf2,
    0x8, 0x4, 0xc0, 0x19, 0x0, 0x3f, 0x10, 0x7,
    0xef, 0x0, 0xff, 0xe0, 0x18, 0x7, 0xff, 0xfc,
    0x3, 0xff, 0xfe, 0x1, 0xff, 0xe4,

    /* U+0069 "i" */
    0x3, 0x75, 0x0, 0x26, 0x45, 0x68, 0x78, 0x4,
    0x48, 0x1, 0xed, 0x0, 0x85, 0x1a, 0x9a, 0x3c,
    0x0, 0xb2, 0xe2, 0x1, 0xf2, 0x7f, 0xda, 0x1,
    0xff, 0xff, 0x0, 0xff, 0xee, 0x0,

    /* U+006A "j" */
    0x0, 0xf1, 0x3b, 0x0, 0x7c, 0x7b, 0x13, 0xa0,
    0x1e, 0x90, 0x8, 0x94, 0x3, 0xfc, 0x60, 0x1d,
    0xe0, 0x10, 0xb8, 0x7, 0x2d, 0xb3, 0xf8, 0x80,
    0x79, 0x26, 0x4, 0x3, 0xff, 0x8a, 0x7f, 0xf8,
    0x3, 0xff, 0xfe, 0x1, 0xff, 0xff, 0x0, 0xff,
    0xff, 0x80, 0x7f, 0xf0, 0x18, 0x2, 0x10, 0xf,
    0x48, 0x4, 0x60, 0x52, 0xf1, 0xa6, 0x1, 0x20,
    0xb, 0x43, 0x90, 0x6, 0xa0, 0xf, 0xe6, 0x30,
    0xf, 0xcf, 0x20, 0x3, 0xd9, 0x88, 0x57, 0x40,
    0x4,

    /* U+006B "k" */
    0xaf, 0xf9, 0xc0, 0x3f, 0xff, 0xe0, 0x1f, 0xfe,
    0xd5, 0xff, 0xd8, 0x1, 0xff, 0x25, 0x0, 0x47,
    0x80, 0x1f, 0xe3, 0xb0, 0x8, 0xb4, 0x3, 0xfc,
    0x5a, 0x1, 0x16, 0x8, 0x7, 0xf0, 0xe0, 0x80,
    0x7, 0x4, 0x3, 0xf8, 0x70, 0x40, 0x3, 0x82,
    0x1, 0xfe, 0xd2, 0x0, 0xe, 0x10, 0x7, 0xf7,
    0xd9, 0x80, 0x54, 0x40, 0x1f, 0xe7, 0x40, 0xd,
    0xa0, 0x1f, 0xfc, 0x56, 0x30, 0xf, 0xfe, 0x2f,
    0x0, 0x7f, 0xf0, 0x2e, 0x0, 0x22, 0x70, 0xf,
    0xf5, 0x23, 0x90, 0x5, 0x4, 0x1, 0xf9, 0xd4,
    0x1, 0x20, 0x1a, 0x40, 0x3f, 0x78, 0x4, 0x8a,
    0x1, 0x22, 0x80, 0x7f, 0xf0, 0x2c, 0x3, 0x58,
    0x80, 0x7f, 0xc3, 0x0, 0x10, 0xc0, 0x7, 0xff,
    0x1, 0xc8, 0x2, 0x63, 0x0, 0xff, 0xe0, 0x48,
    0x6, 0xe0, 0xf, 0xfe, 0x2, 0x28, 0x4, 0x4e,

    /* U+006C "l" */
    0xaf, 0xf9, 0xc0, 0x3f, 0xff, 0xe0, 0x1f, 0xff,
    0xf0, 0xb, 0x40, 0x6, 0x1, 0x2f, 0x5f, 0x80,
    0x61, 0x67, 0x10, 0xe, 0x1f, 0x61, 0x0, 0x80,

    /* U+006D "m" */
    0x0, 0xfc, 0x8c, 0xe8, 0x1, 0xf0, 0xab, 0xb9,
    0x40, 0x3a, 0xbf, 0xe7, 0x4, 0xdb, 0x98, 0xbe,
    0x50, 0x8, 0x6b, 0xaa, 0x21, 0x5e, 0xe0, 0x1f,
    0x9a, 0xc8, 0x3, 0xd, 0x28, 0x17, 0xa8, 0x7,
    0xa2, 0x40, 0x3d, 0x92, 0x1, 0xfa, 0xcb, 0xc4,
    0x3, 0xf3, 0x20, 0x7, 0x20, 0x14, 0x5c, 0x98,
    0x4, 0x3a, 0x40, 0x51, 0x72, 0x60, 0x1a, 0x0,
    0x3c, 0x9a, 0xe8, 0xd8, 0x80, 0x1c, 0x9a, 0xe8,
    0xd8, 0x60, 0x11, 0x88, 0x7, 0x50, 0x7, 0x40,
    0x7, 0x50, 0x7, 0x78, 0x6, 0x50, 0xc, 0xa2,
    0x1, 0xc6, 0x20, 0x12, 0x88, 0x7, 0x18, 0x80,
    0x42, 0x1, 0xb4, 0x3, 0xe2, 0x0, 0xb4, 0x3,
    0xe2, 0x0, 0x8c, 0x3, 0xff, 0x80, 0xe0, 0x1f,
    0xff, 0xf0, 0xf, 0xff, 0xf8, 0x7, 0xff, 0xfc,
    0x3, 0xff, 0xfe, 0x1, 0xff, 0xd7,

    /* U+006E "n" */
    0x0, 0xfc, 0x4a, 0xec, 0x80, 0x1d, 0x5f, 0xf3,
    0x81, 0x66, 0xd4, 0x4d, 0xf2, 0x80, 0x7e, 0x5d,
    0x30, 0xe, 0x1a, 0x70, 0xf, 0x65, 0x0, 0x7f,
    0x41, 0x80, 0x72, 0x0, 0x1a, 0x69, 0xc0, 0x3a,
    0x0, 0x3c, 0x5b, 0x2c, 0xb1, 0xa2, 0x1, 0x20,
    0x7, 0xbc, 0x80, 0x31, 0x58, 0x6, 0x30, 0xc,
    0x84, 0x1, 0xe5, 0x0, 0xce, 0x1, 0x8c, 0x3,
    0xf1, 0x0, 0x42, 0x1, 0xbc, 0x3, 0xff, 0xfe,
    0x1, 0xff, 0xff, 0x0, 0xff, 0xf8, 0x80,

    /* U+006F "o" */
    0x0, 0xf9, 0x19, 0xdc, 0xa2, 0x1, 0xff, 0xc,
    0xfd, 0xcc, 0x42, 0xbb, 0x10, 0x3, 0xf1, 0xfb,
    0x0, 0x7c, 0x77, 0x20, 0x1e, 0x3c, 0x10, 0xf,
    0xf3, 0x48, 0x7, 0x70, 0x6, 0x27, 0x99, 0x28,
    0x6, 0x65, 0x0, 0x9c, 0x80, 0x26, 0xd8, 0x66,
    0x56, 0x0, 0x6b, 0x0, 0xa8, 0x2, 0x39, 0x0,
    0xe3, 0xa0, 0x8, 0x54, 0x8, 0x80, 0x14, 0x0,
    0x7c, 0xa6, 0x1, 0x60, 0x20, 0x6, 0x40, 0xf,
    0xd6, 0x1, 0x20, 0x70, 0x4, 0x60, 0x1f, 0xc6,
    0x1, 0x10, 0x8, 0x4, 0xc0, 0x1f, 0xce, 0x1,
    0xff, 0xcd, 0x10, 0x9, 0x80, 0x3f, 0x9c, 0x3,
    0xb8, 0x2, 0x30, 0xf, 0xe3, 0x0, 0x88, 0x10,
    0x3, 0x20, 0x7, 0xeb, 0x0, 0x9c, 0x8, 0x40,
    0x28, 0x0, 0xf9, 0xc, 0x2, 0xf0, 0x4, 0x80,
    0x47, 0x20, 0x1c, 0x74, 0x1, 0xa, 0x80, 0x1c,
    0x40, 0x26, 0xd7, 0x56, 0xac, 0x10, 0xa, 0x0,
    0x36, 0x80, 0x62, 0x8a, 0x95, 0x0, 0xca, 0xc0,
    0x18, 0xec, 0x40, 0x3f, 0xcd, 0x40, 0x1e, 0x4f,
    0x60, 0xf, 0x8e, 0xe4, 0x3, 0xf0, 0xcf, 0xdc,
    0xc4, 0x2b, 0x71, 0x0, 0x38,

    /* U+0070 "p" */
    0x0, 0xfc, 0x4a, 0xec, 0x60, 0x1e, 0xaf, 0xf9,
    0xc0, 0xb3, 0x6a, 0x27, 0x39, 0x80, 0x3f, 0x97,
    0x4c, 0x3, 0x86, 0x68, 0x3, 0xec, 0xa0, 0xf,
    0xe5, 0x90, 0xf, 0x20, 0x0, 0x9e, 0x18, 0x40,
    0x33, 0x20, 0x7, 0xcf, 0xb0, 0xf3, 0xcc, 0x1,
    0xbc, 0x3, 0xcd, 0x0, 0x1d, 0x28, 0x1, 0x21,
    0x0, 0x74, 0x80, 0x7d, 0x20, 0x19, 0x0, 0x32,
    0x80, 0x7e, 0x24, 0x0, 0xbc, 0x3, 0x60, 0x7,
    0xf1, 0x80, 0x44, 0x1, 0x8c, 0x3, 0xfb, 0xc0,
    0x27, 0x0, 0xff, 0xe3, 0x38, 0x6, 0x30, 0xf,
    0xef, 0x0, 0x84, 0x3, 0x78, 0x7, 0xf2, 0x0,
    0x44, 0x1, 0x9c, 0x3, 0xf1, 0x18, 0x5, 0x80,
    0x18, 0x60, 0x3, 0xe9, 0x0, 0xc8, 0x1, 0xce,
    0xc0, 0x1d, 0x48, 0x1, 0x28, 0x7, 0xd3, 0x8e,
    0xd3, 0xca, 0x1, 0xa0, 0x3, 0x90, 0x0, 0x71,
    0x2c, 0x20, 0x1a, 0x8, 0x3, 0xb2, 0x40, 0x3f,
    0x99, 0xc0, 0x3e, 0x6c, 0x20, 0xe, 0x2a, 0x90,
    0xf, 0xe3, 0xdc, 0x98, 0x9c, 0xd5, 0x0, 0xff,
    0xe0, 0x1b, 0x3b, 0x18, 0x7, 0xff, 0xfc, 0x3,
    0xff, 0xc2,

    /* U+0071 "q" */
    0x0, 0xf1, 0x33, 0xb2, 0x0, 0x7f, 0xf0, 0xf,
    0x36, 0x62, 0x6f, 0x94, 0xf, 0xfe, 0xe0, 0x9,
    0xf0, 0xc0, 0x38, 0x6a, 0x0, 0x3e, 0x58, 0x0,
    0xfe, 0x79, 0x0, 0xe1, 0xa0, 0xe, 0x68, 0x73,
    0x0, 0x28, 0x7, 0x48, 0x6, 0x3e, 0x97, 0x8c,
    0xa0, 0xf, 0x98, 0x2, 0x1c, 0x10, 0xc, 0xb2,
    0x1, 0xc6, 0x20, 0x15, 0x80, 0x7c, 0xc4, 0x1,
    0x94, 0x3, 0x28, 0x7, 0xea, 0x0, 0xdc, 0x1,
    0x18, 0x7, 0xf1, 0x80, 0x61, 0x0, 0x98, 0x3,
    0xf9, 0x80, 0x3f, 0xf9, 0x7c, 0x1, 0x30, 0x7,
    0xf0, 0x80, 0x62, 0x0, 0x8c, 0x3, 0xf9, 0x0,
    0x33, 0x80, 0x65, 0x0, 0xfd, 0x60, 0x18, 0x88,
    0x1, 0x40, 0x7, 0xca, 0x60, 0x1d, 0x40, 0x11,
    0x60, 0x80, 0x64, 0xa0, 0xf, 0x38, 0x80, 0x47,
    0xd2, 0xcf, 0x76, 0x0, 0xfd, 0xa0, 0x1c, 0xd3,
    0x8, 0x0, 0x40, 0xf, 0x1d, 0x0, 0x7f, 0x2c,
    0x0, 0x7c, 0xba, 0x80, 0x1c, 0x31, 0x40, 0x1f,
    0xc5, 0x7b, 0x51, 0x37, 0xce, 0x1, 0xff, 0xc0,
    0x25, 0x76, 0x40, 0xf, 0xff, 0xf8, 0x7, 0xff,
    0x8c,

    /* U+0072 "r" */
    0x0, 0xfe, 0x25, 0x71, 0xaf, 0xf9, 0xc0, 0x9,
    0x9b, 0x50, 0xa0, 0x1e, 0x7b, 0x30, 0xf, 0xe7,
    0x80, 0xf, 0xf6, 0xc0, 0x4, 0x26, 0x8c, 0x1,
    0x94, 0x0, 0xfb, 0xd9, 0x64, 0x1, 0xc3, 0xb0,
    0x40, 0x1f, 0xda, 0x40, 0x1f, 0xe4, 0x30, 0xf,
    0xf8, 0xc0, 0x3f, 0xf8, 0x1e, 0x1, 0xff, 0xff,
    0x0, 0xff, 0xf9, 0x80,

    /* U+0073 "s" */
    0x0, 0xf1, 0xb3, 0xb9, 0x8c, 0x3, 0xf9, 0xfb,
    0x26, 0x21, 0x39, 0xcc, 0x1, 0xc3, 0x90, 0x20,
    0x1e, 0x19, 0xb1, 0x0, 0xa8, 0xc0, 0x3f, 0xc9,
    0xa0, 0x2, 0x40, 0x8, 0xef, 0xb9, 0x68, 0x1,
    0x1c, 0x2, 0x0, 0x43, 0x88, 0x22, 0x4b, 0x70,
    0x3, 0xc0, 0x70, 0x4, 0x40, 0x1e, 0x87, 0xb8,
    0x0, 0x70, 0x4, 0x68, 0x1, 0xe8, 0x40, 0x9,
    0x0, 0x35, 0xd1, 0x80, 0x7f, 0x13, 0x80, 0x65,
    0xce, 0xa6, 0x10, 0xf, 0x43, 0x80, 0x70, 0xac,
    0xf4, 0x88, 0x7, 0x46, 0x20, 0x7, 0xcd, 0xe6,
    0x1, 0xc7, 0x7d, 0x8, 0x1, 0xc3, 0x82, 0x1,
    0xe1, 0x7b, 0xfb, 0x30, 0xd, 0x0, 0x1f, 0xe4,
    0xc3, 0x0, 0x90, 0x0, 0x37, 0x0, 0x1f, 0x48,
    0x4, 0x60, 0xbe, 0x8e, 0xc0, 0x1e, 0xd0, 0x8,
    0x82, 0x4, 0x1, 0x36, 0x82, 0x5, 0xe, 0x1,
    0x58, 0x78, 0x80, 0x49, 0x7d, 0xfa, 0xe0, 0x10,
    0xb8, 0x16, 0x10, 0x7, 0xf8, 0x70, 0x2, 0x2d,
    0x81, 0x0, 0xf9, 0xbc, 0x80, 0x39, 0xfb, 0x26,
    0x21, 0x37, 0xf2, 0x20, 0x0,

    /* U+0074 "t" */
    0x0, 0x97, 0xfe, 0xc0, 0xf, 0xff, 0x93, 0xff,
    0xa8, 0x2, 0x3f, 0xfe, 0x40, 0xf, 0xfe, 0x81,
    0x22, 0x8, 0x3, 0x22, 0x73, 0xad, 0xda, 0x0,
    0x23, 0xbb, 0xe3, 0x0, 0xff, 0xff, 0x80, 0x7f,
    0xfa, 0x84, 0x2, 0x20, 0xf, 0xe7, 0x0, 0x85,
    0x80, 0x3f, 0x18, 0x6, 0x9a, 0x67, 0x80, 0xe,
    0x60, 0xc, 0xb3, 0xa, 0x1, 0xd0, 0x20, 0x1f,
    0xfc, 0x1, 0xf4, 0x0, 0xff, 0xe0, 0xd, 0xec,
    0xc4, 0x2b, 0xc0,

    /* U+0075 "u" */
    0xaf, 0xf9, 0xc0, 0x3f, 0x6f, 0xfc, 0xa0, 0x1f,
    0xff, 0xf0, 0xf, 0xff, 0xf8, 0x7, 0xff, 0xd8,
    0xc0, 0x2e, 0x0, 0xf8, 0x48, 0x3, 0x8, 0x4,
    0xe0, 0x1f, 0x30, 0x7, 0x68, 0x4, 0x34, 0x1,
    0xc9, 0x0, 0x1c, 0x80, 0x19, 0x71, 0x91, 0x6a,
    0xc0, 0x3c, 0x2c, 0x1, 0x8e, 0x6e, 0x94, 0xc,
    0x40, 0x3a, 0x4c, 0x3, 0xf0, 0xe9, 0x80, 0x7b,
    0x18, 0x3, 0xcd, 0xe2, 0x1, 0xfa, 0x7a, 0xa2,
    0x15, 0xd2, 0x21, 0xbf, 0xf2, 0x80,

    /* U+0076 "v" */
    0xe, 0xff, 0xa0, 0x3, 0xf8, 0xbf, 0xf2, 0x83,
    0x80, 0x4c, 0x1, 0xfc, 0xa0, 0x10, 0xa8, 0x50,
    0x4, 0x26, 0x1, 0xfa, 0x80, 0x26, 0x0, 0x19,
    0x0, 0x54, 0x1, 0xf1, 0x10, 0x2, 0xa0, 0xa,
    0xc0, 0x27, 0x0, 0xfa, 0x80, 0x23, 0x20, 0x9,
    0xc0, 0x21, 0x40, 0xf, 0x28, 0x5, 0x40, 0x18,
    0x54, 0x2, 0xe0, 0xe, 0x32, 0x0, 0x98, 0x3,
    0xb8, 0x2, 0x50, 0xe, 0xb0, 0x9, 0x40, 0x3c,
    0x82, 0x1, 0x28, 0x6, 0x60, 0xa, 0x40, 0x3e,
    0x60, 0xb, 0xc0, 0x24, 0x10, 0x1, 0x18, 0x7,
    0xd4, 0x1, 0x28, 0x5, 0xa0, 0x15, 0x0, 0x7e,
    0x23, 0x0, 0x98, 0x0, 0xe0, 0x13, 0x0, 0x7f,
    0x50, 0x5, 0xa0, 0x82, 0x0, 0x41, 0x0, 0xfe,
    0x60, 0x9, 0x7, 0x80, 0x2e, 0x0, 0xff, 0x94,
    0x2, 0x65, 0x0, 0xa, 0x80, 0x7f, 0xdc, 0x1,
    0x40, 0x4, 0xc0, 0x1f, 0xfc, 0x4, 0x20, 0xf,
    0x50, 0x7, 0xff, 0x6, 0x80, 0x38, 0xc8, 0x3,
    0xff, 0x82, 0xc0, 0x1d, 0x40, 0x1f, 0xfc, 0x21,
    0x40, 0xc, 0xc0, 0x1f, 0x0,

    /* U+0077 "w" */
    0xe, 0xff, 0x9c, 0x3, 0xe5, 0xff, 0xc8, 0x1,
    0xf4, 0xff, 0xda, 0x0, 0x40, 0xa, 0xc0, 0x3e,
    0xf0, 0xd, 0x80, 0x1f, 0x20, 0x4, 0xa0, 0xe,
    0x0, 0x8c, 0x40, 0x3c, 0x80, 0x19, 0x40, 0x3c,
    0x44, 0x0, 0xac, 0x0, 0x80, 0x19, 0x0, 0x38,
    0x84, 0x3, 0x10, 0x80, 0x72, 0x0, 0x42, 0x60,
    0x12, 0x80, 0x58, 0x1, 0xca, 0x1, 0xe7, 0x0,
    0xed, 0x0, 0x9c, 0x3, 0x78, 0x4, 0xe0, 0x1d,
    0x80, 0x2, 0x10, 0x6, 0x0, 0x72, 0x0, 0x5a,
    0x1, 0x94, 0x2, 0x12, 0x0, 0xc8, 0x0, 0x57,
    0x0, 0x28, 0x6, 0x40, 0x8, 0x50, 0x3, 0x94,
    0x2, 0x50, 0x9, 0x0, 0x2c, 0xc0, 0x4, 0x60,
    0x16, 0x0, 0x4e, 0x1, 0xef, 0x0, 0xb0, 0x2,
    0xd0, 0x9, 0x10, 0x1, 0x58, 0x4, 0x80, 0x16,
    0x80, 0x79, 0x40, 0x24, 0x0, 0x90, 0x0, 0xa0,
    0x26, 0x0, 0x40, 0x0, 0x98, 0x4, 0x80, 0x1f,
    0x20, 0x4, 0x80, 0x24, 0x0, 0xc0, 0x5, 0x80,
    0xc, 0x41, 0x0, 0x25, 0x0, 0xfd, 0xa0, 0x16,
    0x83, 0x80, 0x4e, 0x0, 0x50, 0x9, 0x3, 0xc0,
    0x2f, 0x0, 0xfc, 0xe0, 0x12, 0x6, 0x0, 0x8,
    0x40, 0x4, 0x20, 0xf, 0x4, 0x0, 0x94, 0x3,
    0xf0, 0xa0, 0x0, 0x88, 0x80, 0x5, 0x0, 0xce,
    0x0, 0x43, 0x10, 0x2, 0x80, 0x7f, 0xb4, 0x2,
    0x91, 0x0, 0x60, 0x6, 0xc0, 0x0, 0xc0, 0x5,
    0xe0, 0x1f, 0xe7, 0x0, 0x90, 0x2, 0x40, 0xc,
    0xa0, 0x12, 0x0, 0x4a, 0x1, 0xfe, 0x13, 0x0,
    0xe5, 0x0, 0xf2, 0x0, 0x72, 0x0, 0x7f, 0xf0,
    0x2c, 0x3, 0xb0, 0x3, 0xd8, 0x1, 0xda, 0x1,
    0xff, 0xc0, 0x60, 0xe, 0x70, 0xf, 0x28, 0x7,
    0x38, 0x7, 0xff, 0x0, 0x4c, 0x2, 0x21, 0x0,
    0xf1, 0x8, 0x4, 0x82, 0x1, 0xe0,

    /* U+0078 "x" */
    0x3, 0xff, 0xd4, 0x1, 0xf3, 0x7f, 0xe6, 0x0,
    0x1c, 0x0, 0x4a, 0xa0, 0xe, 0x19, 0x0, 0x91,
    0x80, 0x27, 0x30, 0xa, 0xc4, 0x3, 0x58, 0x4,
    0x34, 0x1, 0xdc, 0x1, 0xd, 0x80, 0x48, 0xa0,
    0x15, 0x88, 0x7, 0x14, 0x80, 0x4a, 0x80, 0x9,
    0x0, 0x95, 0x40, 0x1f, 0x32, 0x80, 0x54, 0x10,
    0x40, 0x1, 0xb0, 0xf, 0xeb, 0x10, 0x0, 0xdb,
    0x80, 0x54, 0x20, 0x1f, 0xc3, 0x40, 0x12, 0x0,
    0x4c, 0x80, 0x1f, 0xf2, 0x30, 0x7, 0x14, 0x80,
    0x7f, 0xf0, 0x64, 0x40, 0x37, 0x0, 0x7f, 0xf0,
    0x94, 0x40, 0x33, 0x0, 0x7f, 0xf0, 0x46, 0x80,
    0x3a, 0x84, 0x3, 0xff, 0x81, 0xa0, 0x1f, 0x68,
    0x7, 0xfc, 0xe6, 0x1, 0x48, 0x4, 0x6e, 0x1,
    0xfc, 0x70, 0x1, 0x3b, 0x38, 0x5, 0x6, 0x1,
    0xfb, 0x80, 0x22, 0x80, 0x82, 0x0, 0xb8, 0x3,
    0xe9, 0x20, 0xb, 0x80, 0x2e, 0x0, 0x8a, 0x40,
    0x39, 0x18, 0x2, 0x73, 0x0, 0x8d, 0xc0, 0x26,
    0x40, 0x8, 0x68, 0x2, 0x28, 0x0, 0xe8, 0x20,
    0xa, 0x84, 0x1, 0x42, 0x1, 0x70, 0x7, 0xd2,
    0x1, 0xd, 0x0,

    /* U+0079 "y" */
    0xe, 0xff, 0xa8, 0x3, 0xfd, 0xdf, 0xf5, 0x3,
    0x80, 0x4a, 0x1, 0xfc, 0x62, 0x1, 0x70, 0x58,
    0x6, 0x50, 0xf, 0xd4, 0x1, 0xa, 0x1, 0x18,
    0x5, 0xc0, 0x1f, 0x9c, 0x2, 0x60, 0xa, 0x80,
    0x24, 0x10, 0xf, 0x20, 0x80, 0x54, 0x1, 0x30,
    0x6, 0x70, 0xf, 0x70, 0x4, 0x84, 0x1, 0x94,
    0x2, 0xa0, 0xf, 0x28, 0x5, 0xc0, 0x1d, 0xc0,
    0x11, 0x90, 0x6, 0x50, 0x8, 0x54, 0x3, 0x90,
    0x80, 0x25, 0x0, 0xdc, 0x1, 0x38, 0x7, 0xd4,
    0x1, 0x50, 0x4, 0x28, 0x1, 0x58, 0x7, 0xcc,
    0x1, 0x11, 0x80, 0x1c, 0x2, 0x32, 0x0, 0xf8,
    0x50, 0x2, 0xb0, 0x5, 0x0, 0x54, 0x1, 0xfd,
    0xc0, 0x13, 0x0, 0x98, 0x4, 0xc0, 0x1f, 0xca,
    0x20, 0x1, 0x46, 0x0, 0x98, 0x3, 0xfe, 0x70,
    0xb, 0x6c, 0x2, 0xa0, 0xf, 0xfa, 0xc0, 0x26,
    0x30, 0x1, 0x18, 0x7, 0xfc, 0x46, 0x1, 0xea,
    0x0, 0xff, 0xe0, 0xd0, 0x7, 0x98, 0x3, 0xff,
    0x82, 0xe0, 0x1c, 0xa2, 0x1, 0xff, 0xc1, 0x15,
    0x0, 0xdc, 0x1, 0xff, 0xc3, 0x20, 0x8, 0x50,
    0x3, 0xff, 0x86, 0xc0, 0x14, 0x80, 0x7f, 0xf0,
    0xd0, 0x40, 0x26, 0x0, 0xff, 0xe1, 0xf8, 0x4,
    0x82, 0x1, 0xff, 0xc2, 0x24, 0x0, 0xb8, 0x3,
    0xff, 0x87, 0x40, 0x10, 0xa8, 0x7, 0xff, 0xd,
    0x80, 0x26, 0x0, 0xff, 0xe1, 0xa8, 0x80, 0x54,
    0x1, 0xfe,

    /* U+007A "z" */
    0xdf, 0xff, 0xfe, 0x13, 0x0, 0x7f, 0xf5, 0x1c,
    0x8b, 0xf8, 0x3, 0xa, 0x56, 0xef, 0xe5, 0x0,
    0xd4, 0x40, 0x1f, 0x91, 0xc0, 0x27, 0x40, 0xf,
    0xc3, 0x40, 0x11, 0xc0, 0x7, 0xf6, 0x88, 0x0,
    0x74, 0x3, 0xfa, 0x4c, 0x2, 0xa1, 0x0, 0xfc,
    0xac, 0x1, 0x3a, 0x0, 0x7e, 0x2a, 0x0, 0x92,
    0x0, 0x3f, 0xb8, 0x2, 0x1a, 0x0, 0xfe, 0x93,
    0x0, 0xb4, 0x40, 0x3f, 0x2b, 0x0, 0x50, 0x60,
    0x1f, 0x8a, 0x80, 0x24, 0x70, 0xf, 0xef, 0x0,
    0x86, 0x80, 0x3f, 0xa8, 0x80, 0x36, 0x6e, 0xfe,
    0xa5, 0x0, 0xc2, 0x45, 0xfc, 0xe0, 0x1f, 0xfd,
    0x40,

    /* U+007B "{" */
    0x0, 0xfc, 0x95, 0xbd, 0x40, 0x1e, 0x1c, 0xb5,
    0x21, 0x0, 0xfb, 0xc, 0x3, 0xfc, 0xc4, 0x1,
    0x93, 0x0, 0x3b, 0x40, 0x24, 0xfb, 0x60, 0xe,
    0x60, 0xa, 0x40, 0x3f, 0x18, 0x4, 0x40, 0x1f,
    0x84, 0x0, 0x20, 0x1f, 0xfe, 0x32, 0x0, 0x88,
    0x3, 0xf5, 0x0, 0x4c, 0x1, 0xe3, 0x97, 0x0,
    0xb8, 0x3, 0x2f, 0xe3, 0x0, 0x4e, 0x80, 0x1f,
    0xc3, 0x50, 0x1, 0xfe, 0x1d, 0x0, 0xf3, 0x18,
    0x6, 0x7a, 0x0, 0xe3, 0xcf, 0xa0, 0x9, 0x54,
    0x1, 0xf2, 0xc8, 0x5, 0xe0, 0x1f, 0x9c, 0x2,
    0x70, 0xf, 0xc2, 0x1, 0x18, 0x7, 0xff, 0x90,
    0x40, 0x2, 0x1, 0xfc, 0x60, 0x11, 0x80, 0x7e,
    0x70, 0xb, 0xc4, 0x3, 0xef, 0x0, 0x8f, 0xad,
    0x80, 0x39, 0x4c, 0x3, 0x26, 0x0, 0x7b, 0x4c,
    0x3, 0xfe, 0x1c, 0xb5, 0x20, 0x0,

    /* U+007C "|" */
    0x0, 0xea, 0xff, 0x90, 0x3, 0xff, 0xfe, 0x1,
    0xff, 0xff, 0x0, 0xe0,

    /* U+007D "}" */
    0x4f, 0xeb, 0x71, 0x0, 0xf8, 0x40, 0x52, 0x39,
    0x40, 0x3f, 0xf8, 0x14, 0x80, 0x1c, 0xca, 0x40,
    0x1a, 0x0, 0x38, 0xeb, 0x60, 0x2, 0x31, 0x0,
    0xf9, 0xcc, 0x2, 0x50, 0xf, 0xca, 0x1, 0x8,
    0x7, 0xe1, 0x0, 0xff, 0xef, 0x18, 0x7, 0xef,
    0x0, 0xb8, 0x3, 0xf1, 0x80, 0x4c, 0x1, 0xf9,
    0x4, 0x0, 0x3a, 0xa2, 0x1, 0xed, 0x0, 0x8a,
    0xba, 0x80, 0x38, 0xf5, 0x0, 0x3f, 0xe6, 0x60,
    0x7, 0xf9, 0x6c, 0x80, 0x22, 0x20, 0x7, 0x50,
    0x4, 0xdd, 0xb0, 0x1, 0x90, 0x2, 0x29, 0x10,
    0xf, 0x18, 0x4, 0xa0, 0x1f, 0xbc, 0x2, 0xe0,
    0xf, 0xfe, 0x1, 0x80, 0x7f, 0xf5, 0x84, 0x3,
    0xff, 0x80, 0xa0, 0x10, 0x80, 0x7c, 0xc6, 0x1,
    0x28, 0x6, 0x3a, 0xd9, 0x0, 0x90, 0x40, 0x33,
    0x29, 0x0, 0x68, 0x0, 0xff, 0xd, 0x18, 0x7,
    0x8, 0xa, 0x47, 0xa8, 0x7, 0x80,

    /* U+007E "~" */
    0x0, 0xff, 0xe5, 0x2e, 0x7f, 0x5a, 0x80, 0x72,
    0xf3, 0x88, 0x5, 0x34, 0x60, 0x29, 0x5a, 0xc2,
    0xb, 0x43, 0x1e, 0x0, 0x86, 0x0, 0xf1, 0x4f,
    0x7d, 0x0, 0x4c, 0x6, 0xe0, 0x1f, 0xfc, 0x22,
    0x80, 0x61, 0x0, 0x3f, 0xfa, 0xcc, 0x3, 0xc5,
    0x80, 0x5, 0xf6, 0x58, 0x0, 0x26, 0x61, 0x44,
    0x9, 0xf4, 0x40, 0x21, 0x9a, 0x0, 0xe3, 0xae,
    0xfd, 0x80, 0xc,

    /* U+00B7 "·" */
    0x6d, 0xdc, 0xc2, 0x45, 0x84, 0x3, 0xff, 0x8c,

    /* U+2013 "–" */
    0xdd, 0xff, 0xe3, 0x11, 0x7f, 0xf1, 0x80, 0x3f,
    0xfb, 0x0,

    /* U+3002 "。" */
    0x0, 0x96, 0xb7, 0x54, 0xa0, 0x1d, 0x74, 0xa4,
    0x45, 0xab, 0x0, 0xa5, 0x1, 0x66, 0x4a, 0x9,
    0x20, 0x2c, 0x11, 0x4c, 0xca, 0x80, 0x61, 0x50,
    0x3, 0x80, 0x67, 0x0, 0x28, 0x7, 0xff, 0x1,
    0x80, 0xa, 0x1, 0x94, 0x0, 0xa4, 0x81, 0x50,
    0x88, 0x8a, 0x4, 0x10, 0xa2, 0x7, 0xbb, 0x38,
    0x15, 0x0, 0x7, 0x60, 0x80, 0x5, 0x1a, 0x20,

    /* U+4E00 "一" */
    0xef, 0xff, 0xfe, 0x96, 0x0, 0x7f, 0xff, 0xc0,
    0x3f, 0xf9, 0x3f, 0xdd, 0xff, 0xd2, 0xc0,

    /* U+4E0A "上" */
    0x0, 0xff, 0xe0, 0xde, 0x64, 0x20, 0x1f, 0xfc,
    0xf4, 0x33, 0xc0, 0x1f, 0xff, 0xf0, 0xf, 0xff,
    0xf8, 0x7, 0xff, 0xfc, 0x3, 0xff, 0xe5, 0x71,
    0x1f, 0xfc, 0x2, 0x0, 0xff, 0xe3, 0x33, 0xbf,
    0xff, 0x0, 0x40, 0x3f, 0xff, 0xe0, 0x1f, 0x6f,
    0xff, 0xff, 0x0, 0xc0, 0x3f, 0xff, 0xe0, 0x1f,
    0xff, 0xf0, 0xf, 0xff, 0xf8, 0x7, 0xff, 0xfc,
    0x3, 0xff, 0xfe, 0x1, 0xff, 0xde, 0x8f, 0xff,
    0xfe, 0x0, 0x6, 0xdf, 0xff, 0xfe, 0xf, 0x8,
    0x7, 0xff, 0xcf, 0x88, 0xbf, 0xfa, 0x60,

    /* U+4E0D "不" */
    0x0, 0x45, 0x57, 0xff, 0x44, 0x3, 0x32, 0xaf,
    0xff, 0x44, 0x3, 0xff, 0xf9, 0xdf, 0xff, 0xfc,
    0x16, 0x0, 0x97, 0xff, 0xfe, 0x0, 0xff, 0xe2,
    0x93, 0x0, 0x56, 0x1, 0xff, 0xd0, 0xe0, 0xa,
    0x4, 0x3, 0xff, 0x9f, 0x6, 0x0, 0x17, 0x0,
    0xff, 0xe7, 0xa3, 0x80, 0x7f, 0xf4, 0xc6, 0x80,
    0x3f, 0xfa, 0x9a, 0x20, 0x1f, 0xfd, 0x3b, 0x30,
    0xf, 0xd1, 0xa2, 0x1, 0xff, 0xc8, 0xa4, 0x0,
    0xfc, 0x8e, 0x5e, 0x60, 0x1f, 0xfc, 0x69, 0x50,
    0xa, 0xc0, 0x3a, 0x80, 0x3, 0x8a, 0x1, 0xff,
    0xc4, 0xa6, 0x0, 0xa9, 0x0, 0x3b, 0x44, 0x2,
    0xa7, 0x0, 0xff, 0xe1, 0x5a, 0x80, 0x50, 0xa0,
    0x1e, 0x3f, 0x20, 0xa, 0x24, 0x3, 0xfe, 0x1c,
    0x40, 0xa, 0x1c, 0x3, 0xf0, 0xe1, 0x80, 0x4d,
    0x60, 0x1f, 0xc7, 0xe6, 0x1, 0x43, 0x80, 0x7f,
    0x87, 0x10, 0x2, 0x4d, 0x10, 0xf, 0x2e, 0x8,
    0x5, 0x2e, 0x1, 0xff, 0xc1, 0xb6, 0x0, 0x8b,
    0xc8, 0x3, 0x55, 0x0, 0x35, 0x30, 0x7, 0xff,
    0xe, 0x5c, 0x2, 0x1c, 0x30, 0x6, 0x28, 0x6,
    0xb5, 0x0, 0xff, 0xe2, 0xc3, 0x80, 0x43, 0xe0,
    0x8, 0x0, 0x8b, 0x50, 0x3, 0xff, 0x8f, 0x10,
    0x0, 0x16, 0x80, 0x11, 0xc1, 0x30, 0x80, 0x3f,
    0xf9, 0x2f, 0x3, 0xe2, 0x1, 0x44, 0xd8, 0x80,
    0x7f, 0xf2, 0xdf, 0xc8, 0x3, 0x98, 0x3, 0xff,
    0x9c, 0x20, 0x1f, 0xff, 0xf0, 0xf, 0xff, 0xf8,
    0x7, 0xff, 0xb4,

    /* U+4E0E "与" */
    0x0, 0xff, 0xed, 0x1f, 0xfd, 0x60, 0x1f, 0xfc,
    0xf7, 0x0, 0x84, 0x3, 0xff, 0x9e, 0x40, 0x11,
    0x0, 0x7f, 0xf3, 0xc4, 0x2, 0xf0, 0xf, 0xfe,
    0x7f, 0x80, 0x51, 0xff, 0xff, 0xc8, 0xa0, 0xf,
    0x8, 0x7, 0xff, 0x30, 0x40, 0x3c, 0x60, 0x1f,
    0xfd, 0x31, 0x0, 0x95, 0xdf, 0xff, 0x91, 0xa0,
    0x1e, 0x60, 0xa, 0x23, 0xff, 0x92, 0xc0, 0x1e,
    0x30, 0x8, 0x80, 0x3f, 0xf9, 0xe2, 0x1, 0xff,
    0xd6, 0x10, 0xf, 0xfe, 0x78, 0x80, 0x43, 0x33,
    0xff, 0xc8, 0x50, 0xf, 0x10, 0x6, 0x66, 0xff,
    0xe4, 0x10, 0x7, 0x9c, 0x3, 0xff, 0x98, 0x20,
    0x1e, 0x10, 0xf, 0xfe, 0x61, 0x80, 0x79, 0x7f,
    0xff, 0xf9, 0xc, 0x1, 0x8, 0x7, 0xff, 0x3c,
    0xc0, 0x27, 0x0, 0xff, 0xe7, 0x88, 0x4, 0x20,
    0x1f, 0xfc, 0xf6, 0x0, 0xf7, 0xff, 0xff, 0x2c,
    0x0, 0x60, 0x11, 0x80, 0x80, 0x7f, 0xf2, 0xc4,
    0x4, 0x2, 0x10, 0xf, 0xfe, 0xa8, 0xb3, 0x7f,
    0xf2, 0xc4, 0x40, 0x10, 0x80, 0x53, 0x3f, 0xfc,
    0xb0, 0x30, 0x8, 0xc0, 0x3f, 0xf9, 0xe2, 0x1,
    0x8, 0x7, 0xff, 0x3d, 0x40, 0x26, 0x0, 0xff,
    0xe7, 0xd, 0x80, 0x44, 0x1, 0xff, 0xc5, 0x1b,
    0xbf, 0xb7, 0x88, 0x2, 0xc0, 0xf, 0xfe, 0x28,
    0xa2, 0x7c, 0x40, 0x18, 0x50, 0x3, 0xff, 0x8c,
    0x60, 0x1f, 0xf6, 0x80, 0x7f, 0xf1, 0xd4, 0x3,
    0xe1, 0x37, 0xe3, 0x0, 0x80,

    /* U+4E2A "个" */
    0x0, 0xff, 0xe1, 0x9b, 0x30, 0xc0, 0x3f, 0xfa,
    0x23, 0xb3, 0x2d, 0x10, 0xf, 0xfe, 0x85, 0x8,
    0x0, 0x74, 0x3, 0xff, 0x9e, 0xe8, 0x1, 0x8e,
    0x0, 0x3f, 0xf9, 0xa7, 0x0, 0x1e, 0x74, 0x0,
    0xff, 0xe5, 0x96, 0x80, 0x48, 0x80, 0xa, 0x88,
    0x3, 0xff, 0x92, 0x3e, 0x20, 0x1, 0xaa, 0x8,
    0x0, 0x70, 0x80, 0x3f, 0xf9, 0x1a, 0x40, 0x16,
    0x88, 0xa8, 0x2, 0x1f, 0x10, 0xf, 0xfe, 0x28,
    0xe1, 0x80, 0x54, 0x60, 0x4, 0x90, 0x8, 0xb4,
    0x40, 0x3f, 0xf8, 0x65, 0x86, 0x1, 0x42, 0x80,
    0x66, 0x70, 0x8, 0xf0, 0x80, 0x3f, 0xf8, 0x27,
    0x84, 0x1, 0x33, 0x80, 0x7a, 0x18, 0x2, 0x2c,
    0x30, 0xf, 0xf9, 0x30, 0x40, 0x26, 0x90, 0xf,
    0xd2, 0xc0, 0x10, 0xe2, 0x80, 0x7f, 0x45, 0x80,
    0x67, 0x90, 0x8, 0x8b, 0x0, 0x52, 0xc0, 0x1a,
    0xa0, 0x3, 0xc5, 0xae, 0x1, 0xa2, 0x0, 0x1b,
    0x77, 0x0, 0x69, 0x80, 0xc, 0xf8, 0x40, 0x13,
    0xe9, 0x0, 0x6a, 0x70, 0xf, 0xfe, 0x13, 0xd0,
    0x6, 0x3d, 0x60, 0x38, 0x0, 0xc3, 0x8a, 0x1,
    0xff, 0xc4, 0x5c, 0x10, 0xd, 0x26, 0x65, 0x0,
    0x93, 0xcc, 0x3, 0xff, 0x8c, 0x7e, 0x60, 0x12,
    0x98, 0x58, 0x2, 0x2c, 0x40, 0x3f, 0xf9, 0x3,
    0x8e, 0x0, 0xb0, 0x0, 0xce, 0x38, 0x7, 0xff,
    0x32, 0x2e, 0x44, 0x2, 0x63, 0x0, 0xff, 0xe7,
    0x23, 0x0, 0x7f, 0xff, 0xc0, 0x3f, 0xff, 0xe0,
    0x1f, 0xff, 0xf0, 0xf, 0xff, 0xf8, 0x7, 0xff,
    0xfc, 0x3, 0xff, 0xfe, 0x1, 0xff, 0xd0,

    /* U+4E2D "中" */
    0x0, 0xff, 0xe0, 0x88, 0xe0, 0xf, 0xfe, 0x77,
    0x75, 0x80, 0x1f, 0xff, 0xf0, 0xf, 0xff, 0xf8,
    0x7, 0xff, 0x83, 0xff, 0xff, 0x80, 0x1, 0x17,
    0xff, 0xff, 0x0, 0x3, 0xff, 0xea, 0x4a, 0xbf,
    0x80, 0x32, 0xaf, 0xe2, 0x0, 0xfc, 0x95, 0x5f,
    0x80, 0x22, 0xaa, 0xfc, 0x80, 0x1f, 0xff, 0xf0,
    0xf, 0xff, 0xf8, 0x7, 0xff, 0xe1, 0x26, 0x7f,
    0x0, 0x45, 0x33, 0xf9, 0x0, 0x3f, 0x13, 0x37,
    0xe0, 0xc, 0xcd, 0xf8, 0x80, 0x3f, 0xfe, 0xbf,
    0xff, 0xfc, 0x0, 0x8, 0xbf, 0xff, 0xf8, 0x0,
    0x1f, 0xff, 0xf0, 0xf, 0xff, 0xf8, 0x7, 0xff,
    0xfc, 0x3, 0xff, 0xc4,

    /* U+4E5F "也" */
    0x0, 0xff, 0xe1, 0xa3, 0xbc, 0x1, 0xff, 0xd1,
    0xd8, 0x84, 0x80, 0x7f, 0xff, 0xc0, 0x3f, 0xd5,
    0xdc, 0xd0, 0xf, 0xfe, 0x8b, 0x8, 0x88, 0x3,
    0xff, 0x90, 0x80, 0x1f, 0xfc, 0xf1, 0x48, 0xcf,
    0xb0, 0xf, 0xfe, 0x58, 0xa4, 0x67, 0x5b, 0x98,
    0x8, 0x7, 0xff, 0x24, 0x77, 0xad, 0xcc, 0x3,
    0x8c, 0x3, 0xff, 0x86, 0x2b, 0x2e, 0x1, 0x10,
    0x7, 0xf0, 0x80, 0x7f, 0xf0, 0x1a, 0xbb, 0x94,
    0xc2, 0x1, 0xf2, 0x46, 0x10, 0x7, 0xf8, 0x84,
    0x2, 0x95, 0x10, 0xf, 0x92, 0x33, 0xed, 0xcc,
    0x2, 0x70, 0xc, 0xd5, 0xda, 0x40, 0x1f, 0xc2,
    0x0, 0x1b, 0x73, 0x0, 0xc6, 0x0, 0x10, 0x8,
    0x65, 0x44, 0x3, 0xe4, 0x8c, 0xf7, 0x0, 0xff,
    0x8, 0x0, 0xc0, 0x21, 0x10, 0x7, 0xd9, 0xf6,
    0xe6, 0x1, 0xff, 0xc8, 0x50, 0x48, 0x20, 0x8,
    0xc0, 0x3f, 0xf8, 0x62, 0x1, 0x8, 0x6, 0xaf,
    0xb7, 0x10, 0xf, 0xfe, 0x39, 0x80, 0x5e, 0x1,
    0x84, 0x3, 0xff, 0x96, 0xc0, 0x10, 0x80, 0x7f,
    0xf4, 0x34, 0x2, 0x30, 0xf, 0xfe, 0x5b, 0xe6,
    0x5c, 0xc0, 0x13, 0x80, 0x7f, 0xf2, 0xc4, 0xce,
    0x10, 0x8, 0x48, 0x3, 0xff, 0x96, 0xa0, 0x1f,
    0x58, 0x7, 0xff, 0x30, 0xd5, 0x73, 0x46, 0xac,
    0x29, 0x0, 0x7f, 0xf2, 0xaa, 0xb4, 0xb9, 0x3,
    0x56, 0xd0, 0x7, 0xff, 0xd4, 0xc0, 0x3f, 0xf8,
    0x73, 0xfe, 0xe0, 0xf, 0xf0, 0x80, 0x4, 0x3,
    0x9c, 0x2, 0x30, 0xf, 0xfe, 0x30, 0x80, 0x5e,
    0x1, 0xc4, 0x1, 0x72, 0x8, 0x7, 0xff, 0x8,
    0x4a, 0xc0, 0x22, 0x0, 0xec, 0x0, 0x8a, 0xfb,
    0xff, 0xff, 0x85, 0xda, 0xa0, 0x13, 0x80, 0x72,
    0x98, 0x7, 0xff, 0x30, 0x88, 0x1, 0xed, 0x50,
    0xf, 0xfe, 0x51, 0x78, 0x7, 0xc3, 0x5d, 0x75,
    0x33, 0xff, 0xc5, 0xad, 0xd1, 0x0,

    /* U+4E8B "事" */
    0x0, 0xff, 0xe1, 0xbd, 0x51, 0xc0, 0x3f, 0xfa,
    0x38, 0xaa, 0xc0, 0xf, 0xff, 0x25, 0xff, 0xff,
    0xf0, 0x50, 0x0, 0x9f, 0xff, 0xfc, 0x18, 0x0,
    0xff, 0xeb, 0x6b, 0x37, 0xff, 0x4, 0x40, 0x2,
    0xcd, 0xff, 0xc1, 0xc0, 0x69, 0x9f, 0xfe, 0xa,
    0x80, 0x16, 0x67, 0xff, 0x82, 0x80, 0x18, 0xd9,
    0xbf, 0xe0, 0x3, 0x37, 0xfc, 0x20, 0x1f, 0x5c,
    0xcf, 0xf8, 0x80, 0x5, 0x33, 0xfe, 0x40, 0xf,
    0xfe, 0xfa, 0x7f, 0xfc, 0x80, 0x4, 0xff, 0xf8,
    0x3, 0xff, 0x84, 0xe8, 0x9f, 0x38, 0x1, 0x91,
    0x3e, 0x0, 0xff, 0xe1, 0x1d, 0xdf, 0xc6, 0x0,
    0x2b, 0xbf, 0x80, 0x3f, 0xfb, 0x2, 0x1, 0xf4,
    0x7f, 0xff, 0x90, 0x0, 0x9f, 0xff, 0xe4, 0x0,
    0xf0, 0x8f, 0xff, 0x0, 0x2, 0x71, 0x1f, 0xf8,
    0x3, 0xd9, 0xdd, 0xff, 0x20, 0x0, 0xfb, 0xbf,
    0xe2, 0x0, 0xff, 0xed, 0x44, 0xcf, 0xfc, 0x40,
    0x2, 0x99, 0xf9, 0xc0, 0x3f, 0x95, 0x9b, 0xff,
    0x80, 0x0, 0x66, 0xfd, 0x40, 0x1e, 0x18, 0x8f,
    0xfe, 0x13, 0x0, 0x1a, 0x23, 0xeb, 0x0, 0xae,
    0x1c, 0x9d, 0xff, 0xf8, 0x44, 0x0, 0x27, 0x7f,
    0x98, 0x2, 0x67, 0x80, 0xf, 0xfe, 0xa0, 0x9f,
    0xff, 0xff, 0x9, 0x0, 0x9, 0xff, 0xf6, 0x80,
    0x5b, 0xfc, 0x1, 0xff, 0xd7, 0x2f, 0xff, 0xfe,
    0x2, 0x0, 0x13, 0xff, 0xed, 0x0, 0xfc, 0x20,
    0x1f, 0xfd, 0x42, 0x88, 0xff, 0xe0, 0x10, 0x0,
    0xa2, 0x3f, 0xe3, 0x0, 0xc2, 0xef, 0xff, 0xc0,
    0x10, 0x3, 0x3b, 0xff, 0xc2, 0x1, 0xff, 0xc3,
    0x14, 0x30, 0x0, 0x80, 0x7f, 0xf2, 0x87, 0xff,
    0x75, 0x80, 0x44, 0x1, 0xff, 0xca, 0x12, 0x0,
    0xf8, 0x64, 0x3, 0xff, 0x96, 0xe0, 0x1c, 0x4b,
    0x82, 0x1, 0xff, 0xc2,

    /* U+4EA4 "交" */
    0x0, 0xff, 0xe1, 0x9b, 0x40, 0x7, 0xff, 0x47,
    0x31, 0x2e, 0x80, 0x1f, 0xfd, 0xa, 0x0, 0xb8,
    0x3, 0xff, 0xa0, 0xe0, 0x12, 0x80, 0x7f, 0xf4,
    0x5, 0x0, 0x25, 0x0, 0xff, 0xe1, 0x37, 0xff,
    0xff, 0x5, 0x0, 0x2a, 0xff, 0xff, 0xe0, 0x8,
    0x7, 0xff, 0xdd, 0x5d, 0xff, 0xfa, 0x42, 0x7,
    0x11, 0xfa, 0x8e, 0x62, 0x3f, 0x26, 0xc4, 0x7f,
    0x0, 0x7f, 0x8b, 0x13, 0x8, 0x3, 0xd6, 0x75,
    0x40, 0xf, 0xfe, 0x29, 0x78, 0x81, 0x48, 0x7,
    0x2a, 0x0, 0x17, 0x4c, 0x3, 0xff, 0x84, 0x78,
    0x40, 0x2, 0xa0, 0xe, 0x58, 0x0, 0x8b, 0x18,
    0x3, 0xff, 0x80, 0x98, 0x20, 0x1, 0xf1, 0x0,
    0xf3, 0xe0, 0x80, 0x53, 0x40, 0x1f, 0xe7, 0xb0,
    0x8, 0xbc, 0x80, 0x3f, 0x1f, 0x98, 0x4, 0xba,
    0x40, 0x1f, 0x54, 0x0, 0x45, 0x82, 0x1, 0xfe,
    0x1c, 0x60, 0x8, 0xb5, 0x0, 0x31, 0xf2, 0x80,
    0x49, 0xa5, 0x62, 0x1, 0xfa, 0x60, 0x66, 0x40,
    0x1a, 0xe0, 0x0, 0x38, 0x20, 0x13, 0x54, 0xe2,
    0x40, 0x7, 0xc6, 0xcf, 0xce, 0xd8, 0x20, 0x11,
    0x0, 0x5, 0xc0, 0x29, 0x90, 0xa0, 0x1, 0x8c,
    0x3, 0xde, 0x1, 0x10, 0x1f, 0x98, 0xd, 0x80,
    0x50, 0x44, 0xc6, 0x0, 0x48, 0x5, 0xc0, 0x1c,
    0xc6, 0x0, 0x35, 0x0, 0xe, 0x2d, 0x8, 0x6,
    0xed, 0x30, 0x9, 0x14, 0x0, 0x54, 0x1, 0x14,
    0x80, 0x5e, 0x1, 0xd4, 0x80, 0x1c, 0x60, 0x1e,
    0xb1, 0x0, 0x2b, 0x80, 0x38, 0x2, 0x73, 0x0,
    0xff, 0xe3, 0x8e, 0x80, 0x50, 0xd6, 0x60, 0x2,
    0x80, 0xf, 0xfe, 0x49, 0xc0, 0x5, 0x28, 0x1,
    0x78, 0x7, 0xff, 0x2d, 0xd8, 0x3, 0xd6, 0x40,
    0x1f, 0xfc, 0xce, 0x0, 0xe1, 0x10, 0x7, 0xff,
    0x2d, 0x36, 0x0, 0x38, 0x6a, 0xcc, 0x3, 0xff,
    0x8e, 0xdb, 0x64, 0x1, 0x10, 0x80, 0x49, 0x98,
    0x60, 0xf, 0xfe, 0x11, 0xcf, 0x49, 0x0, 0x68,
    0xdf, 0x50, 0xc, 0x73, 0xf4, 0xa0, 0x1f, 0x92,
    0x7b, 0x18, 0x40, 0x32, 0xeb, 0x80, 0xd5, 0x98,
    0x7, 0x2d, 0x7e, 0x42, 0x8, 0x5f, 0xdb, 0x8,
    0x7, 0x2e, 0xd1, 0x0, 0x64, 0xcb, 0x30, 0xf,
    0x1b, 0xdc, 0x0, 0x7e, 0x17, 0xda, 0x20, 0xf,
    0xc9, 0x98, 0x61, 0x0, 0xf5, 0x7, 0x80, 0x64,
    0xae, 0x82, 0x0, 0xff, 0xe0, 0x1c, 0xf5, 0xa8,
    0x80, 0x4, 0xc1, 0xd, 0x6b, 0xed, 0x40, 0x3f,
    0xf8, 0xc9, 0x5d, 0x8f, 0x0,

    /* U+4EC5 "仅" */
    0x0, 0xf8, 0x48, 0x3, 0xff, 0xa8, 0xdb, 0xd2,
    0x20, 0x1f, 0xfd, 0x1b, 0x1, 0x61, 0x0, 0xff,
    0xe8, 0x11, 0x80, 0x18, 0x1b, 0xff, 0xff, 0x8c,
    0x1, 0xfd, 0x40, 0x16, 0x80, 0x7f, 0xf4, 0x58,
    0x0, 0x28, 0x1, 0xff, 0xd0, 0x51, 0x0, 0x30,
    0x7, 0x8d, 0x9b, 0xfc, 0x20, 0x1f, 0xf4, 0x80,
    0x52, 0x0, 0x50, 0x9, 0xa6, 0x7f, 0xc2, 0x0,
    0x30, 0xf, 0x8c, 0xc0, 0x4, 0x10, 0x1, 0x80,
    0x48, 0x1, 0xfc, 0x80, 0x12, 0x0, 0x7d, 0x0,
    0x11, 0x0, 0x64, 0x0, 0x9, 0x0, 0x7e, 0xc0,
    0xb, 0x0, 0x3c, 0x68, 0x1, 0xfb, 0x40, 0x25,
    0x0, 0xfc, 0x80, 0x12, 0x0, 0x7a, 0x0, 0x3f,
    0x9c, 0x2, 0xb0, 0xf, 0x84, 0xc0, 0x8, 0x1,
    0xe4, 0x40, 0x7, 0xf0, 0x98, 0x0, 0xc8, 0x3,
    0xcc, 0x1, 0x68, 0x7, 0xa4, 0x3, 0xfe, 0xb0,
    0xa, 0x80, 0x3d, 0x40, 0x13, 0x80, 0x74, 0x10,
    0x7, 0xfc, 0xc0, 0x13, 0x0, 0x72, 0x10, 0x1,
    0x44, 0x3, 0x1b, 0x80, 0x7f, 0xf0, 0x5, 0x0,
    0x2, 0xe0, 0x1a, 0x0, 0x29, 0x0, 0xfe, 0x80,
    0xf, 0xf4, 0x0, 0x52, 0x1, 0x21, 0x80, 0x10,
    0xc0, 0x38, 0xc0, 0x6, 0xe0, 0x1f, 0xe3, 0x40,
    0x0, 0xc0, 0x2, 0x80, 0x28, 0x0, 0xf8, 0xc7,
    0x80, 0x3f, 0xf8, 0x10, 0x1, 0x39, 0x48, 0x80,
    0x10, 0xc0, 0x3e, 0x4a, 0x20, 0xf, 0xfe, 0x1,
    0xa8, 0x5, 0xec, 0x1, 0x48, 0x7, 0xe8, 0x40,
    0xf, 0xfe, 0x15, 0x88, 0x0, 0x80, 0x28, 0x20,
    0xf, 0xfe, 0x60, 0xd8, 0x7, 0x1b, 0x80, 0x7f,
    0xf3, 0x90, 0x3, 0xa8, 0x3, 0xff, 0x9c, 0x58,
    0x1, 0xd2, 0xa0, 0x1f, 0xfc, 0xc3, 0xc2, 0x0,
    0xf5, 0x30, 0x7, 0xff, 0x29, 0xb0, 0x40, 0x27,
    0x10, 0xa, 0x64, 0x1, 0xff, 0xc8, 0xa9, 0x0,
    0xd3, 0x18, 0x20, 0x13, 0x61, 0x0, 0x7f, 0xf1,
    0xf, 0x54, 0x3, 0x53, 0x1, 0x61, 0x0, 0x47,
    0xaa, 0x1, 0xff, 0xc2, 0x8c, 0x20, 0x8, 0x71,
    0x40, 0x22, 0xd4, 0x0, 0xd5, 0x41, 0x0, 0xff,
    0x1f, 0x38, 0x6, 0x4f, 0x30, 0xf, 0x5b, 0x80,
    0x65, 0xf1, 0x0, 0xff, 0x8, 0x6, 0x8b, 0x10,
    0xf, 0xd1, 0x40, 0x19, 0x4, 0x3, 0xf8, 0xe0,
    0x0, 0x58, 0xe0, 0x1f, 0xf2, 0xf1, 0x80, 0xd8,
    0x7, 0xfc, 0xe8, 0xfa, 0x60, 0x1f, 0xfc, 0x11,
    0xc8, 0xb1, 0x0, 0xf7, 0xfd, 0x20, 0xb, 0x80,
    0xf, 0xfe, 0x2b, 0xa8, 0x0,

    /* U+4ECD "仍" */
    0x0, 0xf8, 0x84, 0x3, 0xff, 0xa5, 0x3d, 0x8e,
    0x1, 0xff, 0xd0, 0x40, 0x3c, 0x4, 0x4f, 0xfe,
    0x29, 0x0, 0x7e, 0x50, 0xb, 0x46, 0xef, 0xff,
    0x8a, 0xa0, 0x1f, 0xbc, 0x2, 0x70, 0xf, 0xfe,
    0x7a, 0x80, 0xc, 0x40, 0x3f, 0xf9, 0xcc, 0x1,
    0x50, 0xe, 0xec, 0x20, 0x5, 0xdd, 0xf3, 0x80,
    0x44, 0x1, 0xf5, 0x0, 0x4e, 0x0, 0x22, 0x80,
    0x23, 0x22, 0xf2, 0x0, 0x4a, 0x1, 0xe3, 0x30,
    0x1, 0x44, 0x3, 0xff, 0x84, 0x26, 0x0, 0x50,
    0xf, 0xa8, 0x2, 0xf0, 0xf, 0x8, 0x0, 0x40,
    0x39, 0x0, 0x2f, 0x0, 0xf0, 0xb0, 0x7, 0xff,
    0x1f, 0xc0, 0x25, 0x0, 0xf4, 0x80, 0x7f, 0xf2,
    0x14, 0x0, 0x80, 0x1e, 0x17, 0x0, 0xff, 0xe1,
    0x78, 0x6, 0x40, 0xb, 0x40, 0x3d, 0x60, 0x1f,
    0xfc, 0x31, 0x0, 0xda, 0x1, 0xb, 0x36, 0x3,
    0x50, 0xf, 0xf8, 0x40, 0x3f, 0x18, 0x5, 0x13,
    0x34, 0x7, 0x0, 0x7f, 0xf0, 0xc, 0x2, 0x30,
    0xf, 0xfe, 0x1, 0xa1, 0x0, 0x8, 0x3, 0xf8,
    0x40, 0x21, 0x0, 0xc6, 0x1, 0xf9, 0x40, 0x29,
    0x0, 0xfe, 0x70, 0x9, 0x80, 0x34, 0xff, 0xe4,
    0x0, 0x8, 0x88, 0x21, 0x40, 0x3f, 0x84, 0x2,
    0x30, 0xf, 0xe7, 0x0, 0x38, 0x22, 0x1c, 0x3,
    0xfd, 0xa0, 0x10, 0x80, 0x7f, 0x8, 0x0, 0x43,
    0x68, 0x3, 0xfe, 0x20, 0x1, 0x0, 0x7f, 0xf0,
    0xd0, 0x40, 0x3f, 0xe7, 0x0, 0x38, 0x7, 0xf8,
    0xc0, 0x6, 0x1, 0xff, 0xc1, 0x12, 0x0, 0x68,
    0x7, 0xf8, 0x40, 0x2, 0x1, 0xff, 0xc1, 0x40,
    0x9, 0x0, 0x3f, 0xf8, 0x3e, 0x1, 0xff, 0xc1,
    0xe0, 0x0, 0x98, 0x7, 0xf0, 0x80, 0x42, 0x1,
    0xff, 0xc0, 0x24, 0x0, 0x38, 0x7, 0xf8, 0xc0,
    0x3f, 0xf8, 0x96, 0x1, 0x50, 0x7, 0xf8, 0x40,
    0x23, 0x0, 0xff, 0x8d, 0x80, 0x6, 0x60, 0xf,
    0xf3, 0x80, 0x42, 0x1, 0xff, 0x70, 0x5, 0xe0,
    0x1f, 0xf6, 0x80, 0x4e, 0x1, 0xfe, 0x82, 0x0,
    0x31, 0x80, 0x63, 0x66, 0xea, 0x60, 0x8, 0x80,
    0x3f, 0x91, 0xc0, 0x3, 0x0, 0x1c, 0x93, 0x3c,
    0xa0, 0x11, 0x8, 0x7, 0xf4, 0x80, 0x5a, 0x20,
    0x1c, 0x60, 0x1f, 0xd0, 0x1, 0xfe, 0xd7, 0x8,
    0x30, 0xf, 0x20, 0x7, 0x85, 0x2d, 0x40, 0x38,
    0x7f, 0xe5, 0x8, 0xe7, 0x0, 0xfd, 0xff, 0xee,
    0xb4, 0x0, 0x0,

    /* U+4ECE "从" */
    0x0, 0xfe, 0x11, 0x0, 0x7f, 0x84, 0x60, 0xf,
    0xfe, 0x37, 0xf7, 0x2c, 0x3, 0xf1, 0x77, 0x50,
    0x1, 0xff, 0xea, 0x10, 0xf, 0xff, 0xb9, 0x80,
    0x7f, 0xf4, 0x44, 0x3, 0xff, 0xb2, 0x20, 0x1f,
    0x84, 0x2, 0xf0, 0xf, 0xfe, 0x21, 0x80, 0x5e,
    0x1, 0xff, 0xc0, 0xe0, 0xf, 0xfe, 0x20, 0x80,
    0x42, 0x1, 0xf9, 0xc0, 0x23, 0x0, 0xff, 0xe2,
    0x38, 0x7, 0xff, 0x0, 0x40, 0x26, 0x0, 0xff,
    0xe2, 0x8, 0x5, 0x80, 0x1f, 0x88, 0x2, 0x20,
    0xf, 0xfe, 0x21, 0x0, 0x4b, 0x0, 0x1f, 0x78,
    0x4, 0x20, 0x1f, 0xfc, 0x4f, 0x0, 0xce, 0xc0,
    0x1e, 0x20, 0xc, 0x60, 0x1f, 0xfc, 0x32, 0x0,
    0xe9, 0x50, 0xe, 0x70, 0xc, 0xa0, 0x1f, 0xfc,
    0x36, 0x0, 0xf5, 0x18, 0x6, 0x20, 0xd, 0xe0,
    0x1f, 0xfc, 0x33, 0x0, 0x22, 0x0, 0x2d, 0x20,
    0x1, 0x80, 0x72, 0x0, 0x7f, 0xf0, 0x8c, 0x2,
    0x3b, 0x20, 0x0, 0xf8, 0x1, 0x0, 0x38, 0x84,
    0x3, 0xff, 0x82, 0xa0, 0x16, 0x87, 0x88, 0x0,
    0xac, 0x2c, 0x0, 0x20, 0x13, 0x0, 0x7f, 0xf0,
    0x70, 0x2, 0x70, 0x2a, 0x0, 0x8c, 0x8c, 0x0,
    0x8a, 0x0, 0xb0, 0xf, 0xfe, 0xa, 0x80, 0x44,
    0x0, 0x48, 0x4, 0x8a, 0x0, 0xbb, 0xc0, 0x6,
    0x40, 0x1f, 0xf2, 0x80, 0x4a, 0x1, 0x9d, 0xd6,
    0xc, 0x0, 0x14, 0x40, 0x5, 0x0, 0x1f, 0xf7,
    0x80, 0x5e, 0x1, 0xd0, 0x10, 0x20, 0x6, 0x1,
    0x40, 0x2, 0x90, 0x7, 0xf0, 0xa8, 0x4, 0xa0,
    0x1e, 0x17, 0x0, 0xa4, 0x1, 0xe0, 0x14, 0x0,
    0x7f, 0x48, 0x4, 0x80, 0x1f, 0x58, 0x4, 0xc2,
    0x0, 0x42, 0x0, 0x2a, 0x0, 0x7c, 0x2c, 0x1,
    0x78, 0x7, 0x95, 0x40, 0x14, 0x0, 0x68, 0x0,
    0xa4, 0x3, 0xe9, 0x10, 0x1, 0x20, 0x7, 0x15,
    0x0, 0x4e, 0x20, 0x19, 0x48, 0x0, 0x52, 0x1,
    0xc2, 0xe0, 0x15, 0x80, 0x7b, 0x80, 0x22, 0x80,
    0xf, 0x48, 0x4, 0xca, 0x1, 0xac, 0x2, 0x16,
    0x0, 0xea, 0x30, 0xa, 0x40, 0x3e, 0x44, 0x0,
    0x54, 0x60, 0x4, 0x50, 0xa, 0xc0, 0x3a, 0x14,
    0x2, 0x74, 0x0, 0xfd, 0x42, 0x1, 0x69, 0x4,
    0x80, 0x44, 0xa0, 0x19, 0x9c, 0x2, 0x38, 0x0,
    0xfe, 0x1b, 0x0, 0x86, 0x83, 0x88, 0x1, 0x20,
    0x1c, 0x60, 0x10, 0xe8, 0x7, 0xfc, 0xae, 0x0,
    0x28, 0x3, 0xd6, 0x54, 0x0, 0xe5, 0xa0, 0x6,
    0x88, 0x7, 0xff, 0x2, 0x10, 0x3c, 0x3, 0x4d,
    0x0, 0x7c, 0xb7, 0x63, 0x0, 0xff, 0xe1, 0x5d,
    0x88, 0x0,

    /* U+4EE4 "令" */
    0x0, 0xff, 0xe1, 0xac, 0x41, 0x80, 0x3f, 0xfa,
    0x29, 0x4e, 0xe9, 0x40, 0xf, 0xfe, 0x78, 0xd0,
    0x6, 0xa1, 0x0, 0xff, 0xe6, 0x8e, 0x8, 0x6,
    0x1d, 0x0, 0xff, 0xe6, 0xe9, 0x0, 0x8, 0x80,
    0x3, 0xa0, 0xf, 0xfe, 0x5e, 0x18, 0x5, 0xfe,
    0x0, 0x96, 0x80, 0x3f, 0xf9, 0x3, 0x86, 0x1,
    0x59, 0x12, 0x80, 0x25, 0xa0, 0xf, 0xfe, 0x31,
    0x61, 0x80, 0x54, 0x80, 0x5, 0x80, 0x9, 0x70,
    0x40, 0x3f, 0xf8, 0x6d, 0xa4, 0x1, 0x52, 0x80,
    0x67, 0x80, 0x8, 0xfc, 0xc0, 0x3f, 0xf8, 0x3,
    0x52, 0x1, 0xad, 0x42, 0x14, 0x2, 0x78, 0x0,
    0x87, 0x20, 0x3, 0xfc, 0x9e, 0xa0, 0x10, 0xe2,
    0xd, 0xbd, 0x18, 0x4, 0xf4, 0x1, 0x9f, 0xc,
    0x3, 0xc7, 0x76, 0x10, 0x9, 0x3c, 0xc1, 0xd0,
    0x1, 0xa2, 0x1, 0x2e, 0x8, 0x4, 0x79, 0x22,
    0x0, 0x1a, 0xc4, 0x0, 0xd1, 0x62, 0x0, 0x66,
    0x0, 0x7, 0x40, 0x31, 0xfa, 0x0, 0x66, 0xe8,
    0x13, 0x50, 0xc, 0x58, 0xe0, 0x1d, 0x26, 0x0,
    0x3a, 0x0, 0xc3, 0x70, 0x1, 0xce, 0x4, 0xa0,
    0x14, 0x69, 0x80, 0x7d, 0xa2, 0x0, 0x54, 0x0,
    0xe7, 0xd3, 0x0, 0xa0, 0x42, 0x1, 0x79, 0xc0,
    0x3f, 0x87, 0x40, 0x12, 0x80, 0x1e, 0x2c, 0xa2,
    0x17, 0x0, 0x16, 0xd0, 0x80, 0x7f, 0xc7, 0x38,
    0xc0, 0x1f, 0xcb, 0xb8, 0x1, 0x88, 0x2b, 0xff,
    0xff, 0x81, 0x39, 0xff, 0xfe, 0x0, 0x10, 0x7,
    0xff, 0xfb, 0x15, 0x7f, 0xf8, 0xc8, 0x1, 0xff,
    0xc2, 0x6a, 0xaf, 0xfe, 0x2c, 0x30, 0x6, 0xb0,
    0xf, 0xfe, 0x9, 0x18, 0x7, 0xfc, 0x78, 0x40,
    0x15, 0xa0, 0x7, 0xff, 0x6, 0x72, 0xcc, 0x3,
    0xf2, 0x60, 0x80, 0x58, 0x80, 0x1f, 0xfc, 0x14,
    0x40, 0x26, 0x51, 0x0, 0x72, 0xd8, 0x4, 0x38,
    0x60, 0x1f, 0xfc, 0x2f, 0x0, 0xcb, 0xb2, 0x20,
    0x7, 0xa0, 0x8, 0x70, 0xc0, 0x3f, 0xf8, 0x77,
    0x2, 0x1, 0x9b, 0xa6, 0xa0, 0x2, 0x2f, 0x20,
    0xf, 0xfe, 0x2b, 0xf4, 0x0, 0x73, 0x28, 0x4,
    0x78, 0x20, 0x1f, 0xfc, 0x87, 0xe6, 0x0, 0xf8,
    0xb0, 0x40, 0x3f, 0xf9, 0x43, 0x3a, 0xa0, 0x1c,
    0x5a, 0xa0, 0x1f, 0xfc, 0xc2, 0xac, 0x30, 0xc,
    0x55, 0x86, 0x1, 0xff, 0xcc, 0x3c, 0xb2, 0x0,
    0xc7, 0x40, 0x1f, 0xfc, 0xe4, 0xd9, 0x10, 0xa,
    0x0, 0x3f, 0xfa, 0xd, 0xec, 0x10, 0x20, 0x1f,
    0xfd, 0x11, 0x9d, 0x70, 0xf, 0xf0,

    /* U+4EF6 "件" */
    0x0, 0xff, 0xe4, 0xb, 0xbc, 0x80, 0x1f, 0xfc,
    0x49, 0xe9, 0x40, 0xf, 0xe2, 0x88, 0xb4, 0x3,
    0xff, 0x88, 0xe2, 0xd6, 0x1, 0xff, 0xd1, 0x31,
    0x0, 0x28, 0x5, 0x59, 0x6, 0x1, 0xff, 0xca,
    0x40, 0xb, 0x0, 0x24, 0x37, 0x80, 0xf, 0xfe,
    0x55, 0x0, 0x4e, 0x0, 0x21, 0x0, 0x60, 0x7,
    0xff, 0x24, 0xc8, 0x0, 0x62, 0x0, 0x40, 0x8,
    0xc0, 0x3f, 0xf9, 0x34, 0x1, 0x58, 0x5, 0xa0,
    0x12, 0x0, 0x7f, 0xf2, 0x58, 0x2, 0x60, 0x9,
    0x0, 0x4, 0x67, 0x28, 0x4, 0x67, 0xf8, 0x3,
    0xcc, 0x1, 0x20, 0x80, 0x14, 0x2, 0x2c, 0xca,
    0x40, 0x25, 0xcc, 0xf6, 0x80, 0x7a, 0xc0, 0x2c,
    0x0, 0xbc, 0x3, 0xff, 0x98, 0x84, 0x1, 0xf2,
    0x80, 0x7f, 0xf3, 0x20, 0x3, 0xe5, 0x0, 0x92,
    0xef, 0x48, 0x4, 0x97, 0x7e, 0xd0, 0xc, 0x86,
    0x1, 0xf7, 0x0, 0x5c, 0x89, 0x94, 0x2, 0x24,
    0x4f, 0x18, 0x6, 0x80, 0xf, 0x85, 0x0, 0x25,
    0x0, 0xff, 0xe3, 0xa9, 0x80, 0x7d, 0x20, 0x12,
    0x80, 0x7f, 0xf1, 0xc6, 0xc0, 0x3f, 0x8, 0x5,
    0x20, 0x1f, 0xfc, 0x74, 0x10, 0x1, 0x80, 0x74,
    0xf4, 0x21, 0x80, 0x7f, 0xf1, 0xd0, 0x2, 0xe0,
    0xf, 0xb, 0xd8, 0x7, 0xff, 0x20, 0x44, 0x12,
    0x60, 0x1f, 0xfd, 0x24, 0x56, 0x0, 0xf4, 0x7f,
    0xff, 0x60, 0x4, 0xdf, 0xff, 0x84, 0x3a, 0x80,
    0x3e, 0x10, 0xf, 0xfe, 0x62, 0x0, 0x7f, 0xf7,
    0xb5, 0xdf, 0xf9, 0x80, 0x23, 0x77, 0xfc, 0x20,
    0x1f, 0xe4, 0x88, 0xfe, 0xa0, 0x9, 0x62, 0x3f,
    0x0, 0x7f, 0xff, 0xc0, 0x3f, 0xff, 0xe0, 0x1f,
    0xff, 0xf0, 0xf, 0xff, 0xf8, 0x7, 0xfc, 0x3f,
    0xf3, 0x80, 0x7f, 0xc7, 0xff, 0x48, 0x7, 0xf0,

    /* U+4EFB "任" */
    0x0, 0xfc, 0x60, 0x1f, 0xfd, 0x33, 0xce, 0xa2,
    0x0, 0xff, 0xe3, 0x18, 0x7, 0xf5, 0x0, 0xa8,
    0x7, 0xff, 0x4, 0x91, 0xeb, 0x3f, 0x8, 0x3,
    0xf3, 0x80, 0xc, 0x80, 0x2, 0x46, 0xaf, 0x15,
    0x9d, 0xfb, 0x70, 0xa6, 0x0, 0x40, 0xf, 0x90,
    0x40, 0x16, 0x17, 0xfd, 0xb9, 0x50, 0xea, 0x62,
    0x1, 0xfb, 0xc0, 0x3e, 0xf0, 0x9, 0x80, 0x40,
    0x3f, 0xf8, 0x64, 0x8f, 0xa0, 0x1e, 0x24, 0x0,
    0x28, 0x81, 0x80, 0x7f, 0x86, 0x2b, 0x7f, 0x6e,
    0x10, 0x3, 0xd6, 0x1, 0x70, 0x3, 0x5e, 0x26,
    0xf3, 0xbc, 0x2, 0x37, 0x52, 0x0, 0xff, 0xb,
    0x0, 0x9, 0x0, 0x9, 0xe, 0xc8, 0x62, 0x1,
    0xff, 0xc6, 0x90, 0x9, 0xc0, 0x3f, 0xf9, 0xe2,
    0xe0, 0x1f, 0xfd, 0x39, 0x0, 0xff, 0xe9, 0x8b,
    0x80, 0x7f, 0xf4, 0xec, 0x3, 0xff, 0xa6, 0x8a,
    0x1, 0xff, 0xd3, 0xa0, 0xf, 0xc3, 0xff, 0xfc,
    0x1, 0x17, 0xff, 0xed, 0x51, 0x0, 0x38, 0x80,
    0x7f, 0xf3, 0xd0, 0x0, 0x50, 0x1, 0xff, 0xd0,
    0x13, 0xe, 0x0, 0xf0, 0xb3, 0x7f, 0x0, 0x42,
    0xcd, 0xfa, 0x82, 0xe0, 0xc0, 0x3e, 0x99, 0xfe,
    0x0, 0x8e, 0x67, 0xf3, 0x83, 0x38, 0x7, 0xff,
    0x4c, 0x40, 0x3f, 0xff, 0xe0, 0x1f, 0xff, 0xf0,
    0xf, 0xff, 0xf8, 0x7, 0xff, 0xc, 0xff, 0xff,
    0x0, 0x45, 0xff, 0xf8, 0x3, 0xff, 0xfe, 0x1,
    0x13, 0x37, 0xff, 0x20, 0x3, 0xff, 0x80, 0x33,
    0x3f, 0xfc, 0x80,

    /* U+4F11 "休" */
    0x0, 0xf8, 0xa5, 0x40, 0x3f, 0xab, 0xfd, 0xc0,
    0x1f, 0xfc, 0x65, 0x6a, 0xf2, 0x0, 0xff, 0x8,
    0x7, 0xff, 0x1a, 0xc0, 0x2, 0x40, 0x1f, 0xfd,
    0x2, 0x30, 0x3, 0x0, 0x7f, 0xf4, 0x68, 0x2,
    0xb0, 0xf, 0xfe, 0x8b, 0x0, 0x4, 0xc0, 0x3f,
    0xfa, 0xc, 0x20, 0x6, 0x0, 0xff, 0xe8, 0xd8,
    0x5, 0x41, 0x55, 0xf9, 0xc0, 0x2a, 0xaf, 0xe1,
    0x0, 0xe4, 0x20, 0x2, 0x10, 0x2a, 0xfe, 0x20,
    0x9, 0x57, 0xf8, 0x80, 0x3a, 0x0, 0x2d, 0x0,
    0xff, 0xe8, 0x21, 0x80, 0x46, 0x1, 0xff, 0xd0,
    0x90, 0xf, 0xbf, 0xfe, 0x60, 0xc, 0x7f, 0xff,
    0x8c, 0x2, 0x62, 0x0, 0xff, 0xe1, 0x30, 0x6,
    0x33, 0x0, 0x7f, 0x86, 0x40, 0x3f, 0xf8, 0x4e,
    0x1, 0xe9, 0x0, 0xff, 0x50, 0x7, 0xff, 0xe,
    0x40, 0x3c, 0xa4, 0x1, 0xf9, 0x50, 0x3, 0xff,
    0x84, 0xc2, 0x1, 0xf4, 0x0, 0x7f, 0xf0, 0x20,
    0x3, 0xfe, 0x80, 0xf, 0xca, 0x60, 0x1f, 0x20,
    0x1, 0x18, 0x3, 0xfd, 0x2, 0x0, 0x30, 0x9,
    0x0, 0x1c, 0x1, 0xf0, 0x98, 0xd0, 0x7, 0xf8,
    0x9c, 0x0, 0xcc, 0x0, 0xa0, 0x0, 0x4c, 0x1,
    0xf2, 0x50, 0x80, 0x7f, 0xa4, 0x2, 0x80, 0xc,
    0x6a, 0x0, 0x92, 0x0, 0xf4, 0x20, 0x7, 0xf9,
    0xd0, 0x0, 0xe2, 0x1, 0xd0, 0x1, 0x78, 0x7,
    0xff, 0x14, 0xe0, 0x0, 0x50, 0x1, 0xe2, 0x80,
    0x1, 0x50, 0x7, 0xff, 0xc, 0x74, 0x2, 0x90,
    0xf, 0xce, 0x40, 0x5, 0x70, 0xf, 0xfe, 0x16,
    0x8, 0x1, 0x90, 0x3, 0xfb, 0x80, 0x28, 0x60,
    0xf, 0xfe, 0x6, 0x10, 0x0, 0xa4, 0x3, 0xfc,
    0x72, 0x1, 0x4a, 0x80, 0x7f, 0xac, 0xc0, 0x2f,
    0x0, 0xff, 0xe0, 0x32, 0x0, 0x54, 0x40, 0x1f,
    0xc4, 0x1, 0x51, 0x0, 0x7f, 0xf0, 0x6c, 0x80,
    0x8, 0x40, 0x1f, 0xd2, 0x80, 0xea, 0x1, 0xff,
    0xc3, 0xc1, 0x15, 0x0, 0x7f, 0xd4, 0xd0, 0x1,
    0xff, 0xc4, 0x1d, 0xa1, 0x0, 0xff, 0x86, 0x40,
    0x3f, 0xf8, 0xc6, 0x80, 0x1f, 0xff, 0xe1, 0x22,
    0x84, 0x3, 0xff, 0x9a,

    /* U+4F1A "会" */
    0x0, 0xff, 0xe1, 0xa3, 0xb9, 0x40, 0x3f, 0xfa,
    0x25, 0x71, 0xa, 0x50, 0xf, 0xfe, 0x78, 0xf8,
    0x6, 0xa3, 0x0, 0xff, 0xe6, 0x8e, 0x10, 0x7,
    0x61, 0x80, 0x7f, 0xf2, 0xc7, 0x48, 0x0, 0x6c,
    0x1, 0x69, 0x80, 0x7f, 0xf2, 0x47, 0xc, 0x0,
    0x5b, 0x28, 0x0, 0x1c, 0x40, 0xf, 0xfe, 0x39,
    0xf9, 0x0, 0x7, 0xc4, 0x2c, 0xc0, 0x2b, 0x60,
    0xf, 0xfe, 0x2b, 0x60, 0x80, 0x7, 0x8, 0x2,
    0xc4, 0x0, 0xa6, 0x80, 0x3f, 0xf8, 0x43, 0x52,
    0x1, 0x17, 0x90, 0x7, 0x5a, 0x80, 0x4b, 0xa6,
    0x1, 0xff, 0x27, 0xa8, 0x4, 0x9a, 0x20, 0x1f,
    0x53, 0x80, 0x45, 0x90, 0x1, 0xf8, 0xae, 0xc2,
    0x1, 0x3d, 0x80, 0x7f, 0xa2, 0x80, 0x33, 0xf2,
    0x80, 0x61, 0x8d, 0x40, 0xd, 0x52, 0x23, 0xff,
    0xc0, 0x4c, 0x20, 0x8, 0x6b, 0xc, 0xb, 0x9c,
    0x3, 0x31, 0xd7, 0x77, 0xff, 0xb, 0x2, 0x0,
    0x31, 0xe1, 0x91, 0x80, 0x45, 0x72, 0x1, 0xff,
    0xc6, 0x7d, 0x30, 0x8, 0xcc, 0x10, 0x0, 0x8d,
    0x40, 0xf, 0xfe, 0x41, 0x65, 0x10, 0x48, 0x1,
    0x23, 0x9c, 0x2, 0xdd, 0xff, 0xe2, 0xe0, 0x4,
    0xbb, 0x2a, 0x1, 0x38, 0x80, 0x61, 0x22, 0xff,
    0xe2, 0x8, 0x7, 0x30, 0x7, 0xff, 0xec, 0xbf,
    0xff, 0xfa, 0x46, 0x1, 0xff, 0xfa, 0x2a, 0xaf,
    0xe2, 0x0, 0x8e, 0xab, 0xd1, 0x55, 0xfc, 0x60,
    0x12, 0xaf, 0xec, 0x20, 0x0, 0xea, 0xaf, 0xc,
    0xfa, 0xaf, 0xe0, 0xf, 0xfa, 0x18, 0x2, 0xd1,
    0x0, 0xcd, 0x62, 0xb0, 0x1, 0xff, 0xc5, 0x67,
    0x0, 0xa8, 0xc0, 0x39, 0x0, 0x27, 0x60, 0xf,
    0xfe, 0x1b, 0xc8, 0x5, 0x2a, 0x1, 0xe2, 0xb0,
    0xa, 0x50, 0x3, 0xff, 0x83, 0x30, 0x1, 0x43,
    0x0, 0x7e, 0x49, 0x0, 0xac, 0xc0, 0x3f, 0xeb,
    0x60, 0x9, 0x4d, 0x59, 0x8f, 0x13, 0x2a, 0xbc,
    0xa0, 0xd, 0xa2, 0x1, 0xfc, 0xe8, 0x1, 0x96,
    0xea, 0x65, 0xe, 0xcc, 0x54, 0x33, 0x0, 0x61,
    0xc0, 0xf, 0xe3, 0x0, 0xff, 0xe5, 0x95, 0x80,
    0x7e, 0x50, 0xf, 0xf0, 0x88, 0x8d, 0x15, 0x4c,
    0xf1, 0x1, 0x0, 0x29, 0x0, 0x7c, 0x33, 0x2a,
    0xbc, 0xdd, 0x77, 0xfb, 0xb9, 0xb9, 0x75, 0x49,
    0x87, 0x75, 0x0, 0xe1, 0x0, 0x7e, 0x66, 0x2a,
    0x19, 0x10, 0x40, 0x3f, 0xf8, 0x29, 0x58, 0x40,
    0x18,

    /* U+4F20 "传" */
    0x0, 0xfc, 0xc4, 0x1, 0xf8, 0xee, 0xa4, 0x80,
    0x3f, 0xf8, 0xab, 0x3b, 0xc6, 0x1, 0xe4, 0x42,
    0xb0, 0x7, 0xff, 0x1b, 0x80, 0x2, 0x60, 0x1e,
    0xd0, 0x8, 0x80, 0x3f, 0xf8, 0x82, 0x80, 0x5,
    0x0, 0xf9, 0xc0, 0x6, 0x1, 0xff, 0xc5, 0x70,
    0xb, 0x80, 0x3c, 0x24, 0x0, 0x40, 0xf, 0xfe,
    0x2d, 0x0, 0x5, 0xb, 0xff, 0xb8, 0x2, 0x7f,
    0xff, 0xeb, 0x0, 0xf2, 0x18, 0x1, 0x80, 0x3f,
    0xf9, 0x2e, 0x1, 0xef, 0x0, 0xa4, 0x3, 0xff,
    0x9e, 0x48, 0x0, 0x51, 0x2, 0xbb, 0xe0, 0x9,
    0x2e, 0xff, 0xde, 0x1, 0xd6, 0x1, 0x60, 0x4,
    0x89, 0x9c, 0x2, 0xd4, 0x4f, 0xf1, 0x80, 0x61,
    0x60, 0xf, 0xf9, 0x0, 0x24, 0x0, 0xff, 0xe1,
    0xc0, 0x7, 0xff, 0x3, 0x0, 0x2, 0x40, 0x1f,
    0xfc, 0x22, 0x60, 0xf, 0x7f, 0xf9, 0x0, 0x3,
    0xff, 0xff, 0xc1, 0x0, 0x48, 0x7, 0xff, 0x4d,
    0x50, 0x3, 0xff, 0xa4, 0x36, 0x1, 0xfa, 0xef,
    0x84, 0x0, 0x57, 0x7f, 0xfc, 0x24, 0x10, 0x4,
    0x8, 0x6, 0x44, 0xcc, 0x20, 0x5, 0x44, 0xff,
    0xe1, 0x80, 0x9, 0xc0, 0x3f, 0x94, 0x2, 0xb0,
    0xf, 0xfe, 0x10, 0xa0, 0x70, 0x7, 0xfa, 0x80,
    0x31, 0x9f, 0xfc, 0x20, 0x16, 0xc1, 0x80, 0x7f,
    0x88, 0x2, 0xcc, 0xff, 0xe0, 0x30, 0x4, 0xce,
    0x1, 0xff, 0xe0, 0x10, 0xf, 0xfe, 0x18, 0x80,
    0x7f, 0xf1, 0x3b, 0xff, 0xfd, 0xa0, 0x11, 0x38,
    0x7, 0xff, 0xc, 0x44, 0x1, 0xfe, 0xf0, 0xb,
    0x84, 0x3, 0xff, 0x87, 0x7d, 0x68, 0x1, 0xf5,
    0x10, 0x2, 0x4c, 0x3, 0xff, 0x86, 0x4a, 0x9,
    0x7a, 0xc0, 0x19, 0xd4, 0x0, 0xcc, 0x0, 0xff,
    0xe2, 0x31, 0x0, 0x45, 0x3f, 0x24, 0x90, 0x0,
    0x39, 0x0, 0xff, 0xe2, 0xa6, 0xda, 0x0, 0x66,
    0xdb, 0x0, 0xe, 0x80, 0x7f, 0xf2, 0x12, 0xf9,
    0xc4, 0x3, 0xc8, 0x20, 0x1f, 0xfc, 0xa1, 0x8e,
    0x92, 0x0, 0xcb, 0xf0, 0x40, 0x1f, 0xfc, 0xb6,
    0xdb, 0x40, 0xc, 0xfb, 0x40, 0x1f, 0xfc, 0xc4,
    0xbd, 0x60, 0xc, 0x40, 0x1f, 0xfc, 0xe2, 0x9e,
    0x70, 0x4, 0x80, 0x7e, 0xef, 0xf3, 0x0, 0x7f,
    0xf1, 0x6, 0x3a, 0xc4, 0x2,

    /* U+4F46 "但" */
    0x0, 0xff, 0xee, 0x47, 0xf5, 0x80, 0x7f, 0xf4,
    0x58, 0x5, 0xc0, 0x99, 0xbf, 0xf8, 0xaa, 0x1,
    0xf8, 0xc4, 0x1, 0x40, 0x93, 0x3f, 0xfc, 0x5b,
    0x0, 0xfd, 0x40, 0x13, 0x80, 0x7f, 0xf4, 0x1c,
    0x0, 0x82, 0x1, 0xff, 0xcf, 0x51, 0x0, 0x68,
    0x7, 0xbb, 0xbf, 0xe6, 0x0, 0xff, 0x48, 0x4,
    0xc0, 0x1e, 0x11, 0xff, 0xe0, 0x0, 0x7f, 0x19,
    0x80, 0xc, 0x1, 0xff, 0xd0, 0x90, 0xa, 0x80,
    0x3f, 0xf9, 0xe2, 0xa0, 0x1f, 0xfd, 0x38, 0x0,
    0xff, 0xe0, 0x33, 0x7f, 0xc6, 0x1, 0xf1, 0x30,
    0x7, 0xff, 0x2, 0x67, 0xfe, 0x40, 0xf, 0xa0,
    0x3, 0xff, 0xa6, 0x8a, 0x1, 0xff, 0xd3, 0x90,
    0xf, 0xfe, 0x17, 0xff, 0xfc, 0xe0, 0x1c, 0xe4,
    0x0, 0x20, 0xf, 0xfe, 0x81, 0x80, 0x6, 0x40,
    0x3f, 0xfa, 0x8, 0x0, 0xb7, 0x0, 0xff, 0xe8,
    0x9b, 0x28, 0x7, 0xff, 0x4a, 0xa4, 0x3, 0xff,
    0x83, 0x11, 0xff, 0x20, 0x7, 0x98, 0x3, 0xff,
    0x84, 0xef, 0xff, 0x18, 0x7, 0xff, 0xe0, 0xc0,
    0x3f, 0xf8, 0x4d, 0xff, 0xff, 0xc5, 0xd0, 0xf,
    0xff, 0xf8, 0x7, 0xff, 0x61, 0xa2, 0x3f, 0xf9,
    0x40, 0x1f, 0xea, 0x77, 0xff, 0xe4, 0xb0, 0x7,
    0xff, 0x7d, 0xc0, 0x3f, 0xfa, 0x97, 0xff, 0xff,
    0xc9, 0xe0,

    /* U+4F4D "位" */
    0x0, 0xf9, 0x65, 0x44, 0x3, 0xe2, 0x69, 0xb4,
    0x0, 0xff, 0xe3, 0x4b, 0x57, 0x8, 0x7, 0x9e,
    0x59, 0x38, 0x3, 0xff, 0x8a, 0x26, 0x0, 0x31,
    0x0, 0xf2, 0x80, 0x4a, 0x1, 0xff, 0xc5, 0x70,
    0xa, 0xc0, 0x3f, 0x20, 0x4, 0x80, 0x1f, 0xfc,
    0x4d, 0x0, 0x98, 0x3, 0xf6, 0x0, 0x5a, 0x1,
    0xff, 0xc3, 0x24, 0x0, 0x18, 0x80, 0x7e, 0x50,
    0x9, 0x0, 0x3f, 0xf8, 0x74, 0x1, 0x50, 0x7f,
    0xfe, 0xd0, 0x8, 0xbf, 0xff, 0x28, 0x7, 0x98,
    0x2, 0x60, 0xf, 0xfe, 0x51, 0x80, 0x72, 0x88,
    0x1, 0x80, 0x3f, 0xfa, 0x32, 0x1, 0x70, 0x1,
    0xdf, 0xff, 0x92, 0xa0, 0x19, 0xc, 0x3, 0xd1,
    0x1f, 0xfc, 0x93, 0x0, 0xd0, 0x1, 0xfe, 0x49,
    0x20, 0xf, 0xe7, 0xc7, 0x20, 0xf, 0x29, 0x80,
    0x7e, 0x1f, 0xb6, 0x50, 0xf, 0xed, 0x38, 0xd0,
    0xf, 0x40, 0x7, 0xf0, 0x90, 0x2, 0xc0, 0x3f,
    0x90, 0x0, 0x60, 0x1d, 0x4, 0x1, 0xfe, 0x50,
    0x1, 0x88, 0x7, 0xc4, 0x20, 0x4, 0x0, 0xc6,
    0xe0, 0x1f, 0xf6, 0x0, 0x48, 0x1, 0xf2, 0x80,
    0x56, 0x1, 0x9c, 0x2, 0x90, 0xf, 0xc8, 0x1,
    0x78, 0x7, 0xd8, 0x0, 0x13, 0x0, 0xc8, 0x20,
    0x8c, 0x1, 0xfc, 0xa0, 0x4, 0x0, 0xf9, 0x0,
    0x8, 0x1, 0xe4, 0x9, 0x0, 0xff, 0x60, 0x0,
    0x4c, 0x3, 0x90, 0x2, 0xf0, 0xf, 0x7d, 0x10,
    0x7, 0xf9, 0x0, 0x24, 0x0, 0xec, 0x0, 0x90,
    0x3, 0xca, 0xa0, 0xf, 0xf8, 0x88, 0x0, 0xc0,
    0xe, 0x50, 0x2, 0x8, 0x7, 0xff, 0x21, 0x0,
    0x8, 0x1, 0x84, 0x80, 0x1a, 0x1, 0xff, 0xc9,
    0xd0, 0x9, 0x0, 0x27, 0x0, 0x90, 0x3, 0xff,
    0x92, 0x80, 0x16, 0x0, 0x5a, 0x0, 0x22, 0x0,
    0x7f, 0xf2, 0x8c, 0x0, 0xa0, 0x12, 0x0, 0x14,
    0x3, 0xff, 0x96, 0x80, 0x28, 0x0, 0x50, 0xa,
    0x80, 0x3f, 0xf9, 0x73, 0xbd, 0x20, 0xf, 0x0,
    0x11, 0x0, 0x3f, 0xf9, 0x62, 0x40, 0x19, 0x40,
    0xa, 0x1, 0xff, 0xc6, 0x34, 0x4f, 0xf3, 0x80,
    0x5e, 0x89, 0xf0, 0x7, 0xfd, 0x17, 0x7f, 0xe8,
    0x0, 0xa2, 0xef, 0xe1, 0x0, 0xff, 0xff, 0x80,
    0x57, 0xff, 0xff, 0xca, 0x10,

    /* U+4F4E "低" */
    0x0, 0xf9, 0x1d, 0x0, 0x3f, 0xfa, 0x7f, 0x17,
    0xe0, 0x1f, 0xfc, 0x41, 0x36, 0x80, 0xf, 0xf2,
    0x0, 0x10, 0x3, 0xf8, 0x4d, 0x5e, 0x6f, 0xb9,
    0x92, 0xe2, 0x1, 0xf9, 0x40, 0x2d, 0x5, 0x67,
    0x9a, 0xcd, 0xfe, 0xca, 0x86, 0x41, 0x0, 0xc8,
    0x1, 0xfb, 0xc0, 0x27, 0x1a, 0x98, 0x65, 0x32,
    0x0, 0xff, 0xe0, 0x10, 0x7, 0xc2, 0xa0, 0x4,
    0x10, 0xf, 0xfe, 0x11, 0x23, 0x4e, 0x7b, 0x80,
    0x7d, 0x20, 0x17, 0x80, 0x7c, 0x46, 0xae, 0x80,
    0x1, 0xdb, 0x96, 0x30, 0xf, 0xe6, 0x0, 0xa,
    0x0, 0x75, 0x7e, 0xe5, 0x46, 0x0, 0x4, 0x3,
    0xff, 0x82, 0xa2, 0x0, 0x90, 0xf, 0xfe, 0x0,
    0x80, 0x7f, 0xf1, 0x24, 0x2, 0x30, 0xf, 0xfe,
    0x1, 0x80, 0x7f, 0xf0, 0xcc, 0xc0, 0x1f, 0xfd,
    0x48, 0x0, 0xff, 0xe2, 0x88, 0x4, 0x20, 0x1f,
    0xe4, 0x40, 0x7, 0xff, 0x15, 0xc0, 0x23, 0x0,
    0xff, 0x40, 0x7, 0xff, 0x3, 0xe2, 0x3a, 0x80,
    0x2b, 0x88, 0xf2, 0x80, 0x18, 0xc0, 0x3f, 0xf8,
    0xa, 0xef, 0xcc, 0x1, 0x33, 0xbf, 0xb8, 0x6,
    0x40, 0x3f, 0xfa, 0x8a, 0x1, 0x40, 0x7, 0xff,
    0x3c, 0x41, 0x0, 0xa, 0xa0, 0xf, 0xf5, 0x7f,
    0xf8, 0xc0, 0xb, 0xff, 0xea, 0x0, 0x18, 0xd8,
    0x7, 0xff, 0x19, 0x80, 0xc, 0x1, 0xfd, 0x74,
    0x20, 0x1f, 0xfc, 0x62, 0x0, 0x10, 0x7, 0xf3,
    0xa0, 0x7, 0xff, 0x1f, 0x40, 0x2, 0x20, 0xf,
    0xfe, 0x8b, 0x0, 0x44, 0x1, 0xff, 0xd1, 0x30,
    0x9, 0x40, 0x3f, 0xfa, 0x46, 0x0, 0xc0, 0x8,
    0xc0, 0x3f, 0xf9, 0xca, 0x0, 0x40, 0xa, 0x3e,
    0x84, 0x3, 0xff, 0x92, 0x41, 0x80, 0x1, 0x20,
    0x2, 0x82, 0x80, 0x7f, 0xf1, 0x4a, 0x1, 0xb7,
    0x44, 0xa0, 0x12, 0x80, 0x88, 0x4, 0x40, 0x1f,
    0xfc, 0x38, 0xd7, 0xe, 0x20, 0xb0, 0x40, 0x4,
    0x82, 0x80, 0x14, 0x3, 0xff, 0x80, 0x60, 0x11,
    0x0, 0xe, 0x40, 0xc, 0x3c, 0x0, 0x1a, 0xf0,
    0x1, 0x80, 0x7f, 0xf0, 0x24, 0x3, 0xce, 0x2e,
    0x0, 0x95, 0x10, 0x2, 0xa0, 0x3, 0x0, 0x3f,
    0xf8, 0xc, 0x1, 0x9f, 0x90, 0x24, 0x0, 0xc1,
    0x60, 0x1c, 0x28, 0x1, 0xff, 0xc0, 0xb0, 0x3,
    0x74, 0x8, 0x0, 0x58, 0x5, 0x56, 0x0, 0xd2,
    0x1, 0xff, 0xc1, 0x76, 0xe9, 0x10, 0xe, 0xa2,
    0x66, 0x5, 0x38, 0x8a, 0x1c, 0x0,

    /* U+4F4F "住" */
    0x0, 0xff, 0xe4, 0x88, 0x7, 0xff, 0x1c, 0x84,
    0x3, 0xfc, 0x55, 0xc2, 0x1, 0xff, 0xc6, 0x8e,
    0xc6, 0x0, 0xf8, 0xf5, 0x42, 0x0, 0x3f, 0xf8,
    0xca, 0x7, 0x60, 0x1f, 0x19, 0x0, 0x18, 0x80,
    0x3f, 0xf8, 0x8a, 0x1, 0x28, 0x7, 0xe9, 0x0,
    0xa4, 0x3, 0xff, 0x89, 0xe0, 0x15, 0x0, 0x7e,
    0x43, 0x0, 0x22, 0x0, 0x3f, 0xf8, 0x42, 0xa0,
    0x3, 0x20, 0xf, 0xe9, 0x0, 0x23, 0x0, 0x7f,
    0xf0, 0x98, 0x2, 0xa0, 0x67, 0x7f, 0xc4, 0xb,
    0x8a, 0xef, 0xf0, 0x80, 0x7a, 0x80, 0x26, 0xa,
    0x88, 0xfe, 0x5, 0x88, 0xfe, 0x20, 0xe, 0x42,
    0x0, 0x28, 0x7, 0xff, 0x47, 0xc0, 0x23, 0x0,
    0xff, 0xe8, 0x1a, 0x0, 0x7b, 0x3f, 0xfe, 0xe0,
    0x9, 0xff, 0xff, 0x18, 0x6, 0x80, 0xf, 0xfe,
    0xa1, 0xa0, 0x7, 0xff, 0x53, 0xc0, 0x3f, 0xfa,
    0x8c, 0x60, 0x1f, 0xfd, 0x31, 0x90, 0xf, 0xfe,
    0xa2, 0x80, 0x4c, 0x20, 0x1f, 0xfc, 0x13, 0x0,
    0x84, 0x3, 0xfc, 0x80, 0x1, 0x90, 0xf, 0xbf,
    0xfe, 0xd0, 0x9, 0xbf, 0xfe, 0x10, 0x9, 0x2,
    0x80, 0x3f, 0xfa, 0x78, 0xe8, 0x1, 0xff, 0xd3,
    0x68, 0x0, 0xfe, 0x98, 0x8f, 0x38, 0x4, 0x71,
    0x1f, 0x8, 0x4, 0x20, 0x1f, 0xe6, 0x77, 0xf4,
    0x80, 0x48, 0xef, 0xf0, 0x7, 0xff, 0xfc, 0x3,
    0xff, 0xfe, 0x1, 0xff, 0xf7, 0x36, 0x6f, 0xce,
    0x1, 0x1b, 0x37, 0xf0, 0x7, 0xfd, 0x53, 0x3f,
    0xc0, 0x12, 0x4c, 0xff, 0x0, 0x7f, 0xff, 0xc0,
    0x34, 0xff, 0xff, 0xf2, 0x80,

    /* U+4F53 "体" */
    0x0, 0xff, 0xe3, 0x88, 0xc0, 0x1f, 0xfc, 0x79,
    0xa7, 0x40, 0xf, 0xd9, 0xdc, 0x90, 0xf, 0xfe,
    0x33, 0x2c, 0x78, 0x7, 0xff, 0x45, 0x40, 0x2d,
    0x0, 0xff, 0xe8, 0xf8, 0x4, 0x80, 0x1f, 0xfd,
    0x15, 0x0, 0x11, 0x0, 0x3f, 0xfa, 0xa, 0x1,
    0x28, 0x7, 0xff, 0x47, 0x80, 0x2a, 0x26, 0x6f,
    0xc6, 0x0, 0x26, 0x6f, 0xca, 0x1, 0xe2, 0x40,
    0x1, 0x93, 0xcc, 0xfe, 0x10, 0x2, 0x4c, 0xfe,
    0xb0, 0xf, 0x50, 0x5, 0x40, 0x1f, 0xfd, 0x16,
    0x0, 0x9c, 0x3, 0xff, 0xa0, 0xc2, 0x1, 0xcb,
    0xff, 0xe7, 0x0, 0xf5, 0xff, 0xfb, 0x80, 0x3a,
    0xc0, 0x3f, 0xf8, 0x2e, 0x1, 0xe8, 0x0, 0xff,
    0x94, 0x80, 0x3f, 0xf8, 0xe, 0x1, 0xf1, 0x98,
    0x3, 0xfd, 0x0, 0x1f, 0xfc, 0x19, 0x0, 0xfd,
    0x0, 0x1f, 0xcc, 0x40, 0x1f, 0xfc, 0x6, 0x10,
    0x22, 0x0, 0x10, 0x0, 0x88, 0x0, 0xfd, 0x0,
    0x1f, 0xfc, 0x1, 0x80, 0x5, 0x80, 0x44, 0xa0,
    0x9, 0x0, 0xf9, 0xc4, 0x0, 0x40, 0x1f, 0xd0,
    0x20, 0x2c, 0x1, 0xa4, 0x0, 0x4e, 0x1, 0xe3,
    0x0, 0xc, 0x0, 0x7e, 0x26, 0x0, 0x48, 0x7,
    0x1a, 0x0, 0x20, 0x40, 0x39, 0x4, 0x2c, 0x40,
    0x3f, 0x78, 0x0, 0x5c, 0x3, 0xd0, 0x1, 0x50,
    0x7, 0x9d, 0x54, 0x1, 0xfa, 0x48, 0x1, 0x0,
    0x1f, 0x1a, 0x80, 0x11, 0xc0, 0x3a, 0xec, 0x1,
    0xf9, 0x58, 0x0, 0x4c, 0x1, 0xfa, 0xc0, 0x28,
    0x30, 0xc, 0x42, 0x1, 0xf1, 0xd0, 0x5, 0xc0,
    0x1f, 0xc3, 0x0, 0x16, 0x88, 0x7, 0xfc, 0x5a,
    0x1, 0x39, 0x80, 0x7f, 0x9c, 0xc0, 0x3, 0x82,
    0x1, 0xfc, 0x58, 0x20, 0x2, 0x80, 0xf, 0xfe,
    0x7, 0x0, 0x45, 0xa0, 0x1f, 0xde, 0x20, 0x17,
    0x33, 0x71, 0x80, 0x15, 0x9b, 0xa4, 0x2, 0x33,
    0x0, 0x7e, 0x90, 0xa, 0x8a, 0x67, 0x84, 0x0,
    0x73, 0x3b, 0xd9, 0x40, 0x8, 0x60, 0x1f, 0x91,
    0x82, 0x14, 0x3, 0xff, 0x89, 0x46, 0x12, 0x1,
    0xfe, 0x97, 0x70, 0x7, 0xff, 0xc, 0x40, 0x1b,
    0x4, 0x1, 0xff, 0x40, 0x0, 0x7f, 0xf8, 0x80,
    0xd, 0xff, 0xa8, 0x0, 0x2e, 0x1, 0xff, 0xff,
    0x0, 0xff, 0xeb, 0x8, 0xc0, 0x1f, 0xfc, 0xe0,

    /* U+4FA7 "侧" */
    0x0, 0xe1, 0x41, 0x0, 0xff, 0xe4, 0xa2, 0xc,
    0x3, 0x9e, 0xfb, 0x0, 0x3f, 0xf8, 0xe5, 0x76,
    0x80, 0xe, 0xc0, 0x3, 0x1b, 0x37, 0xfc, 0x60,
    0x1f, 0xfc, 0x34, 0x0, 0x7d, 0xcc, 0xff, 0xf0,
    0x0, 0x48, 0x80, 0x1f, 0xe3, 0x10, 0x2, 0x0,
    0x7f, 0xf0, 0xa3, 0x74, 0x20, 0x1f, 0xd6, 0x0,
    0x21, 0x0, 0x84, 0x7e, 0x0, 0xff, 0xe2, 0xa8,
    0x1, 0x40, 0x37, 0xf7, 0x77, 0x80, 0x7f, 0xf1,
    0x8, 0x80, 0xb, 0x0, 0xf3, 0x3a, 0x80, 0x7f,
    0xf1, 0xa8, 0x0, 0x26, 0x1, 0xe8, 0x88, 0x3,
    0xff, 0x8c, 0xa0, 0x1f, 0xfd, 0x24, 0x20, 0xf,
    0xfe, 0x97, 0x80, 0x7f, 0xf4, 0x89, 0x0, 0x3f,
    0xfa, 0x50, 0x1, 0xff, 0xd2, 0x25, 0x0, 0xff,
    0xe9, 0x30, 0x0, 0x40, 0x3f, 0xfa, 0xa, 0x0,
    0x80, 0xf, 0xfe, 0x80, 0x91, 0x18, 0x3, 0xff,
    0x80, 0x20, 0x1f, 0xfc, 0x44, 0x80, 0xf, 0xf8,
    0x40, 0x3f, 0xf8, 0xd6, 0xa0, 0x1f, 0xfc, 0x17,
    0x0, 0xff, 0xe2, 0x10, 0x7, 0xff, 0x7c, 0x80,
    0x4, 0x1, 0xff, 0xd0, 0x60, 0x7, 0x0, 0x7f,
    0xf3, 0x3c, 0x44, 0x18, 0x0, 0xc0, 0x0, 0x88,
    0x80, 0x3f, 0xf8, 0xef, 0xdc, 0x15, 0x0, 0x25,
    0x8f, 0x72, 0x0, 0x3f, 0xf9, 0x48, 0x40, 0x12,
    0x58, 0x6, 0x9f, 0xf0, 0x80, 0x7f, 0xf1, 0x68,
    0x0, 0xa0, 0x4, 0xa0, 0xf, 0xfe, 0x5d, 0x88,
    0x1d, 0x40, 0x1, 0x68, 0x3, 0xff, 0x93, 0x68,
    0x0, 0xf0, 0x77, 0x0, 0x16, 0x40, 0x3c, 0x20,
    0x1f, 0xf0, 0xe2, 0x0, 0x28, 0xc0, 0x10, 0xa0,
    0x6, 0x71, 0x22, 0x8e, 0x0, 0x3f, 0xc7, 0xe6,
    0x0, 0x95, 0x0, 0xd4, 0x60, 0x2c, 0xbb, 0xb6,
    0x20, 0x0, 0x80, 0x3e, 0x23, 0x0, 0x53, 0x0,
    0x7b, 0x4f, 0x5, 0x0, 0x3e, 0xa0, 0xf, 0x87,
    0xcf, 0x54, 0x3, 0xe1, 0xc2, 0x0, 0x10, 0x4,
    0x29, 0x66,

    /* U+4FDD "保" */
    0x0, 0xf8, 0x40, 0x3f, 0xfa, 0xbd, 0xca, 0x40,
    0xf, 0xfe, 0x8a, 0x0, 0xa9, 0x86, 0x7f, 0xff,
    0xf1, 0x60, 0x3, 0xfb, 0x40, 0x25, 0x0, 0xff,
    0xe8, 0xb8, 0x0, 0x88, 0x1, 0xff, 0xd0, 0x41,
    0x0, 0x28, 0x7, 0x1d, 0x57, 0xfc, 0x1, 0xff,
    0xc0, 0xe0, 0xa, 0x80, 0x39, 0x95, 0x7f, 0xe1,
    0x0, 0xff, 0xa, 0x80, 0xc, 0x80, 0x3f, 0xfa,
    0x12, 0x1, 0x50, 0x7, 0xff, 0x45, 0x80, 0x24,
    0x0, 0xff, 0xe8, 0x30, 0x80, 0x7f, 0x84, 0x8b,
    0xfe, 0x0, 0xff, 0x58, 0x7, 0xfc, 0x9b, 0xbf,
    0xf0, 0x80, 0x7e, 0x52, 0x0, 0xff, 0xea, 0x40,
    0x7, 0xff, 0x51, 0x88, 0x3, 0xfb, 0x77, 0xe7,
    0x0, 0xb3, 0x77, 0xd2, 0x1, 0xc, 0x0, 0x7f,
    0x84, 0x8b, 0xde, 0x1, 0x11, 0x7c, 0x20, 0x13,
    0x8, 0x1, 0x40, 0x3f, 0xfa, 0x26, 0x0, 0x29,
    0x0, 0xe3, 0x44, 0xfd, 0xc0, 0x12, 0xa2, 0x7e,
    0x20, 0x41, 0xe, 0x10, 0xe, 0xdb, 0xbf, 0xcc,
    0x1, 0x5d, 0xff, 0x48, 0x1, 0x9c, 0xc0, 0x3f,
    0xfa, 0x73, 0x0, 0x1f, 0xfd, 0x11, 0x0, 0x8,
    0x7, 0xee, 0xff, 0xf4, 0x0, 0x78, 0xbb, 0xff,
    0xd4, 0x1, 0xff, 0xc5, 0x48, 0x0, 0xf1, 0x50,
    0x7, 0xff, 0x2c, 0xec, 0x3, 0xf2, 0x58, 0x7,
    0xff, 0x25, 0x30, 0x0, 0x70, 0x1, 0x50, 0x1,
    0x30, 0x3, 0xff, 0x8e, 0xf6, 0x0, 0x1d, 0x0,
    0xc9, 0x20, 0x3, 0xd3, 0x0, 0xff, 0xe1, 0x8d,
    0xc0, 0x0, 0xbc, 0x40, 0x39, 0xa0, 0x0, 0x58,
    0xe0, 0x1f, 0xfc, 0x16, 0xe4, 0x0, 0x16, 0x8,
    0x7, 0xcf, 0x0, 0x14, 0x6a, 0x0, 0x7f, 0xe,
    0xc8, 0x4, 0xba, 0x20, 0x1f, 0xcf, 0x40, 0x11,
    0x59, 0x0, 0x7e, 0x17, 0x0, 0xa2, 0x80, 0x3f,
    0xf8, 0xb, 0x84, 0x0, 0x62, 0x0, 0xfe, 0xb1,
    0x3d, 0x70, 0xf, 0xfe, 0x11, 0xeb, 0xc, 0x0,
    0x7f, 0x87, 0x30, 0x40, 0x1f, 0xfc, 0x59, 0xf1,
    0x0, 0xff, 0x88, 0x3, 0xff, 0x90, 0x20, 0x1e,
    0x2f, 0xf8, 0x80, 0x3f, 0xcf, 0xff, 0x8, 0x7,
    0xf8,

    /* U+4FEE "修" */
    0x0, 0xf0, 0xb1, 0x0, 0x7f, 0x1d, 0x30, 0x80,
    0x7f, 0xf1, 0x5a, 0x76, 0xc0, 0x3f, 0x7a, 0xce,
    0x80, 0x7f, 0xf1, 0x6c, 0x0, 0x60, 0x1f, 0x29,
    0x80, 0x20, 0x3, 0xff, 0x88, 0x26, 0x0, 0xb0,
    0xf, 0xd, 0x80, 0x51, 0x99, 0xfa, 0x40, 0x3e,
    0x40, 0x0, 0x98, 0x7, 0xac, 0x40, 0x23, 0x3f,
    0xe5, 0x0, 0xfb, 0x80, 0x8, 0x2, 0x20, 0x9,
    0x94, 0x3, 0xff, 0x90, 0x48, 0x0, 0xeb, 0xee,
    0x20, 0x24, 0x80, 0x59, 0xdd, 0xe7, 0x0, 0xa8,
    0x3, 0xd4, 0x0, 0x14, 0x0, 0xc7, 0x60, 0x1b,
    0x80, 0x47, 0x2b, 0x80, 0x11, 0x80, 0x3c, 0xc0,
    0x6, 0x0, 0xc7, 0x80, 0x10, 0x81, 0x60, 0x80,
    0x12, 0xc0, 0x3, 0x40, 0x1e, 0x51, 0x0, 0x58,
    0x7, 0xea, 0xd0, 0x1, 0x7a, 0x3d, 0x80, 0x7,
    0x4, 0x3, 0xd2, 0x1, 0x8, 0x6, 0x38, 0xa,
    0x53, 0xb0, 0x0, 0xdc, 0x0, 0x7, 0x48, 0x3,
    0xc8, 0x60, 0x1f, 0xcf, 0x8a, 0x0, 0x4a, 0x0,
    0xf5, 0x18, 0x7, 0xd0, 0x1, 0xff, 0x18, 0x1,
    0x2a, 0x80, 0x1e, 0xbc, 0x72, 0x0, 0xca, 0x60,
    0x1f, 0xf1, 0xc7, 0x5a, 0x80, 0x46, 0x40, 0x11,
    0xc6, 0xea, 0x54, 0x20, 0x3, 0xfd, 0x9d, 0x8e,
    0x20, 0x11, 0xde, 0x6d, 0x8, 0x6, 0x26, 0xe7,
    0x20, 0xf, 0xf6, 0x8, 0x6, 0x5c, 0xc2, 0x1,
    0xc9, 0xeb, 0x90, 0x5, 0xc6, 0x0, 0x31, 0x0,
    0xfc, 0xc0, 0x73, 0xd4, 0x60, 0x75, 0x86, 0x55,
    0x1b, 0xa9, 0x55, 0x20, 0x3, 0xc0, 0x3f, 0xa3,
    0xb1, 0x84, 0x12, 0xf1, 0x40, 0x7, 0x60, 0x2,
    0x6a, 0x0, 0x2b, 0x18, 0x7, 0xf0, 0x88, 0x5,
    0xb6, 0xd0, 0x0, 0x33, 0x86, 0x44, 0x0, 0xe9,
    0x90, 0x7, 0xfc, 0xb7, 0xd2, 0x40, 0x14, 0x73,
    0x4, 0x6f, 0x0, 0x71, 0x80, 0x7f, 0xf0, 0x31,
    0x0, 0x21, 0x8e, 0x70, 0x4d, 0x70, 0x37, 0x0,
    0xff, 0xe2, 0xc0, 0x1, 0x2b, 0x9c, 0x4f, 0x2c,
    0x80, 0xa, 0xc0, 0x1f, 0xfc, 0x51, 0xbe, 0xb5,
    0x4, 0xbc, 0x30, 0x0, 0xdd, 0x9, 0x8, 0x7,
    0xff, 0x11, 0x4, 0x1b, 0x6d, 0x0, 0x27, 0xe4,
    0x7, 0xda, 0x0, 0xff, 0xe2, 0x2d, 0x7c, 0x90,
    0x4, 0xdd, 0x0, 0x9b, 0x0, 0x8a, 0x1, 0xff,
    0xc2, 0xda, 0x50, 0x8, 0x5f, 0xa4, 0x4e, 0xec,
    0x40, 0x4, 0x40, 0x7, 0xff, 0xa, 0xc0, 0x24,
    0xae, 0x81, 0x4b, 0xc4, 0x0, 0xd, 0x58, 0x80,
    0x7f, 0x8, 0x1, 0xc1, 0x96, 0x7a, 0xd4, 0x9f,
    0x6d, 0x0, 0x27, 0xe5, 0x0, 0xff, 0xab, 0xfc,
    0x60, 0xa, 0x60, 0x6c, 0xd8, 0x20, 0x9, 0xba,
    0x0, 0x3f, 0xf8, 0xc6, 0xf9, 0xd2, 0x60, 0x10,
    0xc7, 0x48, 0x80, 0x7f, 0xf1, 0x5f, 0xb2, 0xc,
    0x3, 0x2d, 0xf3, 0x88, 0x7, 0xff, 0x1c, 0x84,
    0x3, 0x25, 0x7d, 0x20, 0x7, 0xff, 0x29, 0x48,
    0xde, 0xfe, 0xd4, 0x3, 0xff, 0x8b, 0xdf, 0xe2,
    0x0, 0xed, 0xc8, 0x40, 0xf, 0xfe, 0x20,

    /* U+5019 "候" */
    0x0, 0xf1, 0xa0, 0x7, 0xff, 0x52, 0x2f, 0xe0,
    0x3, 0xff, 0xa4, 0x80, 0xd, 0x0, 0xe3, 0xee,
    0xff, 0xe0, 0xd8, 0x7, 0xf2, 0x80, 0x48, 0x1,
    0xce, 0x23, 0xff, 0xc1, 0x0, 0xff, 0x60, 0x0,
    0xc4, 0x3, 0xff, 0x8e, 0x40, 0x1f, 0xce, 0x0,
    0xb1, 0xff, 0x68, 0x1, 0x37, 0x7f, 0xc2, 0x0,
    0x10, 0xf, 0xc8, 0x20, 0x6, 0x0, 0xf8, 0x8b,
    0xfc, 0x20, 0xf, 0x0, 0xfd, 0xc0, 0x3, 0x10,
    0xf, 0xfe, 0x41, 0x0, 0x7e, 0x50, 0x5, 0x0,
    0x7a, 0x67, 0xfe, 0xa0, 0xb, 0xa6, 0x50, 0x1,
    0x98, 0x2, 0x50, 0xe, 0x16, 0x6f, 0xf9, 0x40,
    0x24, 0x66, 0x80, 0x35, 0x0, 0x7f, 0xf5, 0xc,
    0xc0, 0x1f, 0xc3, 0x11, 0xff, 0xc7, 0x0, 0xa4,
    0x3, 0xfe, 0x77, 0xa6, 0xfd, 0xdf, 0xff, 0x80,
    0xc0, 0x2, 0x50, 0xf, 0xfe, 0xa, 0x89, 0xa8,
    0x7, 0xff, 0xe, 0xc0, 0x3f, 0xf8, 0x52, 0x0,
    0x75, 0x5f, 0xf8, 0xc0, 0x4, 0xc0, 0x1f, 0xfc,
    0x14, 0x30, 0x2, 0xd5, 0x7f, 0xf0, 0x0, 0xc,
    0x0, 0x10, 0xf, 0xfa, 0x0, 0x3f, 0xf8, 0xc8,
    0x0, 0xb1, 0x0, 0xfe, 0x63, 0x0, 0x2a, 0xc8,
    0x1, 0x22, 0xaf, 0x60, 0x4, 0x66, 0x50, 0xf,
    0xe1, 0x90, 0x3, 0xd5, 0x5e, 0x1, 0x45, 0x57,
    0x28, 0x4, 0x9e, 0x1, 0xfe, 0x17, 0x1, 0x80,
    0xf, 0xfe, 0x2c, 0x98, 0x7, 0xfd, 0x19, 0xa0,
    0x18, 0x40, 0x21, 0x0, 0xfe, 0x10, 0xf, 0xf8,
    0xaa, 0x65, 0x55, 0xa4, 0x2, 0x9a, 0xaf, 0x40,
    0x7, 0xff, 0x8, 0x55, 0x7e, 0x30, 0x9, 0x15,
    0x7c, 0x80, 0x1f, 0xfe, 0x42, 0x88, 0xf8, 0x3,
    0x14, 0x47, 0xa4, 0x3, 0xff, 0x84, 0x2e, 0xfe,
    0x0, 0xe2, 0x37, 0x7e, 0x50, 0xf, 0xfe, 0x42,
    0x40, 0x7, 0x51, 0x0, 0x7f, 0xf1, 0x4, 0x60,
    0xe, 0x7b, 0x0, 0x9c, 0x0, 0x38, 0x60, 0x1f,
    0xfc, 0x21, 0xee, 0x60, 0x4, 0x79, 0x0, 0x14,
    0x42, 0x40, 0x3, 0x90, 0x1, 0xff, 0xc6, 0x4b,
    0xc3, 0x0, 0xa9, 0xc1, 0xa4, 0x2, 0x7e, 0x82,
    0x0, 0xff, 0xe0, 0xa7, 0x5a, 0x0, 0x47, 0xaa,
    0x1, 0x35, 0x90, 0x0, 0x5f, 0x44, 0x3, 0xff,
    0x80, 0x80, 0x18, 0xef, 0x8, 0x3, 0x93, 0x60,
    0x2, 0x81, 0x0, 0xff, 0xe0, 0xd8, 0x2e, 0x61,
    0x0, 0x3f, 0x9f, 0xe5, 0x1c, 0x3, 0xbb, 0xfc,
    0x60, 0x1c, 0xbf, 0x46, 0x1, 0xff, 0xc1, 0x6b,
    0x0, 0x0,

    /* U+5145 "充" */
    0x0, 0xff, 0xe0, 0xa3, 0xcd, 0x30, 0x7, 0xff,
    0x3c, 0xa1, 0x96, 0xc0, 0x3f, 0xf9, 0xee, 0x1,
    0x11, 0x0, 0x3f, 0xf9, 0xc2, 0x40, 0x12, 0x80,
    0x7f, 0xf0, 0x4d, 0x9b, 0xff, 0x82, 0x20, 0x15,
    0x33, 0x7f, 0xf0, 0x2, 0xa6, 0x7f, 0xf8, 0x26,
    0x1, 0x14, 0xcf, 0xff, 0x0, 0x40, 0x3f, 0xfe,
    0x93, 0xff, 0xfc, 0xa0, 0x10, 0xef, 0xff, 0xff,
    0xc, 0x40, 0x3f, 0xa5, 0x40, 0x3, 0x84, 0x1,
    0xd4, 0x60, 0x1f, 0xfc, 0x58, 0x60, 0xb, 0x48,
    0x3, 0xe, 0xae, 0x18, 0x7, 0xff, 0xe, 0x1c,
    0x2, 0xb3, 0x0, 0xe6, 0x20, 0x6, 0x18, 0x7,
    0xff, 0x6, 0x1c, 0x2, 0xb4, 0x0, 0xf3, 0xb8,
    0x2, 0xc3, 0x0, 0xff, 0xa9, 0xc0, 0x2b, 0x40,
    0xf, 0xd0, 0xe0, 0x16, 0x18, 0x7, 0xe1, 0xc5,
    0x0, 0xe, 0x20, 0x7, 0xc2, 0x47, 0x86, 0x1,
    0x61, 0x80, 0x78, 0xbc, 0xc0, 0x22, 0x9b, 0xcc,
    0x6f, 0x7f, 0xdd, 0xb9, 0x66, 0x1, 0xb4, 0xc0,
    0x38, 0x44, 0x1, 0x8d, 0x50, 0xcc, 0x42, 0x1,
    0xff, 0xc0, 0x1d, 0x20, 0xc, 0x60, 0x1f, 0xfc,
    0xd1, 0xf1, 0x0, 0xc8, 0x1, 0x84, 0x3, 0x33,
    0x1e, 0x18, 0x2, 0x8d, 0xef, 0xe2, 0x0, 0x30,
    0x80, 0x6a, 0xef, 0xfb, 0x8c, 0x0, 0x53, 0x28,
    0x7c, 0x0, 0x88, 0x82, 0x3, 0xe2, 0x76, 0x1,
    0xc2, 0x20, 0xc, 0x40, 0x6, 0x0, 0xff, 0xe0,
    0x96, 0xe0, 0x7, 0xfc, 0x22, 0x0, 0x10, 0x7,
    0xff, 0x8, 0xc0, 0x3f, 0xf8, 0x8, 0x1, 0x70,
    0x7, 0xff, 0x3f, 0x0, 0x24, 0x0, 0xff, 0xe1,
    0xcb, 0x18, 0x7, 0xe1, 0x60, 0x8, 0xc0, 0x3f,
    0xf8, 0x6f, 0x38, 0xe0, 0x1f, 0x40, 0x4, 0xa0,
    0x1f, 0xfc, 0x41, 0x0, 0xfe, 0x46, 0x0, 0xa4,
    0x3, 0xff, 0x8e, 0x20, 0x1c, 0x96, 0x1, 0x29,
    0x80, 0x7f, 0xf3, 0x1e, 0xc0, 0x21, 0xb0, 0xf,
    0x8, 0x4, 0x40, 0x1c, 0x60, 0x11, 0x80, 0x13,
    0x60, 0x2, 0x1d, 0x10, 0xf, 0x38, 0x5, 0x30,
    0xcd, 0x3f, 0x0, 0x4e, 0x99, 0x64, 0x1, 0x16,
    0x18, 0x7, 0xc4, 0x1, 0xb, 0xcc, 0xd0, 0x40,
    0x1, 0x2c, 0x30, 0xc, 0xb8, 0x40, 0x1f, 0x85,
    0x40, 0x3f, 0xe8, 0x8, 0x10, 0x1, 0x5d, 0x8,
    0x7, 0xfa, 0x9c, 0x80, 0x3c, 0x2b, 0x6c, 0x0,
    0xb2, 0x9d, 0x40, 0xf, 0xfe, 0xc, 0x6f, 0xff,
    0xba, 0x90, 0x2, 0x5d, 0x60, 0xf, 0xfe, 0x80,

    /* U+5165 "入" */
    0x0, 0xfc, 0x67, 0xc4, 0x40, 0xf, 0xfe, 0x72,
    0xe6, 0x76, 0xeb, 0xec, 0x80, 0x3f, 0xfa, 0x89,
    0x82, 0x1, 0xff, 0xd4, 0x16, 0x0, 0xff, 0xe5,
    0x32, 0xaf, 0x20, 0x80, 0x58, 0x1, 0xff, 0xca,
    0x3a, 0xae, 0xbe, 0x20, 0x3, 0x0, 0x7f, 0xf5,
    0x48, 0x3, 0xff, 0xa4, 0x40, 0x11, 0x0, 0x7f,
    0xf4, 0xc, 0x3, 0x30, 0x7, 0xff, 0x41, 0x0,
    0x36, 0x0, 0x7f, 0xf4, 0x2c, 0x3, 0x20, 0x7,
    0xff, 0x3c, 0x4c, 0x3, 0x18, 0x7, 0xff, 0x3d,
    0xc0, 0x3c, 0xa0, 0x1f, 0xfc, 0xeb, 0x0, 0xf7,
    0x0, 0x7f, 0xf3, 0x50, 0x80, 0x8, 0x80, 0x2,
    0x8, 0x7, 0xff, 0x33, 0xc0, 0x2e, 0xd0, 0x9,
    0x80, 0x3f, 0xf9, 0x68, 0x80, 0x0, 0xab, 0x80,
    0x52, 0x1, 0xff, 0xcb, 0x80, 0xa, 0x40, 0x54,
    0x0, 0x2e, 0x1, 0xff, 0xc9, 0x63, 0x0, 0xb,
    0x80, 0x24, 0x2, 0x90, 0xf, 0xfe, 0x41, 0x48,
    0x5, 0x0, 0x11, 0x98, 0x0, 0x32, 0x1, 0xff,
    0xc7, 0xe0, 0x8, 0xd8, 0x3, 0x78, 0x4, 0xc8,
    0x1, 0xff, 0xc5, 0x83, 0x0, 0xbc, 0x3, 0x8d,
    0x0, 0x2a, 0x10, 0xf, 0xfe, 0x1b, 0x38, 0x4,
    0xe6, 0x1, 0xea, 0x0, 0x87, 0x40, 0x3f, 0xf8,
    0x47, 0x20, 0x11, 0xc0, 0x7, 0xc3, 0x20, 0x11,
    0xd0, 0x7, 0xff, 0x0, 0xf0, 0x2, 0x1d, 0x0,
    0xfe, 0x64, 0x0, 0x96, 0x40, 0x3f, 0xc7, 0x80,
    0x1a, 0x84, 0x3, 0xfd, 0x64, 0x1, 0x35, 0x0,
    0x7e, 0x4c, 0x0, 0xd2, 0x80, 0x1f, 0xfc, 0xf,
    0x10, 0x9, 0x6c, 0x3, 0xcd, 0x60, 0x1a, 0x18,
    0x3, 0xff, 0x82, 0x58, 0x20, 0x12, 0x69, 0x0,
    0x51, 0x20, 0x19, 0xdc, 0x1, 0xff, 0xc3, 0x2d,
    0x10, 0x8, 0xb5, 0x80, 0x58, 0x3, 0x3c, 0x0,
    0x7f, 0xf1, 0x4f, 0x4, 0x3, 0x50, 0xd, 0x0,
    0x51, 0x0, 0xf, 0xfe, 0x39, 0x61, 0x0, 0x7,
    0x80, 0x9, 0x1, 0x4e, 0x1, 0xff, 0xc9, 0x2c,
    0x40, 0xa2, 0x0, 0x9f, 0x54, 0x3, 0xff, 0x96,
    0x37, 0x64, 0x0, 0x0,

    /* U+5168 "全" */
    0x0, 0xff, 0xe1, 0xbe, 0x62, 0xc0, 0x3f, 0xfa,
    0x29, 0x6, 0x64, 0x80, 0xf, 0xfe, 0x78, 0xd0,
    0x6, 0x75, 0x0, 0xff, 0xe7, 0x60, 0x80, 0x75,
    0x18, 0x7, 0xff, 0x33, 0x8, 0x0, 0x50, 0x1,
    0x69, 0x0, 0x7f, 0xf2, 0x47, 0xc, 0x0, 0x3e,
    0xec, 0x0, 0x1c, 0x30, 0xf, 0xfe, 0x39, 0x61,
    0x80, 0x5a, 0x41, 0x28, 0x0, 0x1c, 0x40, 0xf,
    0xfe, 0x2a, 0x61, 0x0, 0x58, 0x60, 0x15, 0xa0,
    0x5, 0x70, 0x1, 0xff, 0xc3, 0x8b, 0x10, 0x0,
    0xe1, 0x80, 0x75, 0xa0, 0x4, 0xf6, 0x20, 0x1f,
    0xf1, 0xeb, 0x80, 0x45, 0xe6, 0x1, 0xf5, 0xb0,
    0x4, 0x9c, 0xc0, 0x1f, 0x86, 0xb0, 0x80, 0x25,
    0xd1, 0x0, 0xfe, 0x99, 0x0, 0x69, 0xc3, 0x0,
    0xe8, 0xe5, 0x0, 0xd3, 0x40, 0x1f, 0xfc, 0x6,
    0xc2, 0x0, 0x8f, 0x28, 0x80, 0x1c, 0xe0, 0x1e,
    0x9f, 0xff, 0xfe, 0x16, 0x10, 0x7, 0x2e, 0x90,
    0x30, 0x6, 0x83, 0x0, 0xff, 0xe3, 0xd1, 0x0,
    0x48, 0x41, 0x20, 0x4, 0xd7, 0x0, 0xff, 0xe4,
    0x26, 0xc8, 0x84, 0x0, 0x6, 0x6a, 0xc8, 0x26,
    0x23, 0xe2, 0x0, 0xa2, 0x3f, 0x8, 0x37, 0x51,
    0x80, 0x4c, 0xa0, 0x12, 0xbb, 0xfc, 0x20, 0x13,
    0xbf, 0xe0, 0xc, 0xa0, 0x1f, 0xff, 0xf0, 0xf,
    0xfe, 0xb5, 0x7f, 0xff, 0x18, 0x5, 0xff, 0xfe,
    0x0, 0xff, 0xff, 0x80, 0x5d, 0x11, 0xfc, 0x40,
    0x14, 0x47, 0xf8, 0x3, 0xfc, 0x8e, 0xff, 0xc2,
    0x1, 0x3b, 0xff, 0x80, 0x3f, 0xff, 0xe0, 0x1f,
    0xfd, 0x65, 0x5f, 0xfe, 0x8, 0x80, 0x4a, 0xbf,
    0xfc, 0x12, 0x0, 0xd, 0x57, 0xff, 0x4, 0x80,
    0x2a, 0xaf, 0xfe, 0xa, 0x0, 0x7f, 0xfe, 0x87,
    0xff, 0xff, 0xa4, 0xc0,

    /* U+5173 "关" */
    0x0, 0xfc, 0x50, 0x1, 0xff, 0xc1, 0x7a, 0x10,
    0xf, 0xfe, 0x8, 0xce, 0xbc, 0x80, 0x7f, 0xc5,
    0xb, 0xd0, 0x1, 0xff, 0xc0, 0x26, 0x0, 0x32,
    0x80, 0x7f, 0xbc, 0x2, 0x40, 0xf, 0xfe, 0x1,
    0xc8, 0x5, 0x44, 0x1, 0xfa, 0x48, 0x0, 0x3a,
    0x1, 0xff, 0xc1, 0x65, 0x0, 0xbc, 0x3, 0xe4,
    0x60, 0xa, 0x84, 0x3, 0xff, 0x85, 0x44, 0x0,
    0x2a, 0x0, 0xe2, 0xa0, 0x9, 0xd0, 0x3, 0xff,
    0x89, 0xc0, 0x11, 0x0, 0x77, 0x8, 0x1, 0x20,
    0x3, 0xfe, 0x78, 0x8e, 0xb3, 0x5, 0x8, 0x8d,
    0x66, 0x1, 0x14, 0x47, 0x8c, 0x3, 0xa1, 0xdf,
    0xc6, 0xa, 0xef, 0xc8, 0x1, 0x99, 0xdf, 0xc8,
    0x1, 0xff, 0xda, 0x10, 0xf, 0xfe, 0x70, 0x80,
    0x77, 0x7f, 0xff, 0xb4, 0x2, 0x6f, 0xff, 0xf9,
    0x80, 0x3f, 0xff, 0xe0, 0x1f, 0xff, 0x4, 0x99,
    0xff, 0xe0, 0x40, 0x4, 0x93, 0x3f, 0xfc, 0x10,
    0x6, 0x33, 0x7f, 0xf0, 0x14, 0x2, 0x26, 0x6f,
    0xfe, 0x8, 0x80, 0x7f, 0xfd, 0xe3, 0xff, 0xff,
    0x80, 0x40, 0x1a, 0xff, 0xff, 0xf8, 0x2, 0x1,
    0xff, 0xc1, 0x42, 0x0, 0xd2, 0x1, 0xff, 0xce,
    0x90, 0xe, 0x27, 0x0, 0xff, 0xe6, 0x59, 0x0,
    0xc, 0x40, 0x10, 0x80, 0x1f, 0xfc, 0xaa, 0x40,
    0xb, 0xa0, 0x2, 0xb3, 0x0, 0xff, 0xe3, 0x8d,
    0xa8, 0x5, 0x24, 0xca, 0x1, 0x63, 0x0, 0x7f,
    0xf1, 0x57, 0xd0, 0x2, 0x66, 0x0, 0x28, 0x80,
    0x29, 0xa1, 0x0, 0xff, 0xe0, 0x9d, 0xd0, 0x80,
    0x4d, 0x20, 0x1b, 0x8, 0x2, 0x5f, 0x70, 0xf,
    0xf2, 0x5e, 0x20, 0x6, 0x99, 0x0, 0x70, 0xe1,
    0x80, 0x43, 0x1d, 0x4, 0x1, 0x85, 0xb6, 0xd0,
    0x3, 0x16, 0x30, 0x7, 0xc3, 0x8e, 0x1, 0x85,
    0xf7, 0x1c, 0x83, 0x24, 0x80, 0x39, 0xf4, 0xc0,
    0x3f, 0xd1, 0x86, 0x1, 0xc7, 0x8, 0x10, 0x1,
    0xcd, 0xd0, 0x1, 0xff, 0xc1, 0x3c, 0xa2, 0x0,
    0xc2, 0xc0, 0xa6, 0x2, 0xfd, 0x22, 0x1, 0xff,
    0xc4, 0x5d, 0xb5, 0x0, 0x48, 0x5, 0xf5, 0xd0,
    0x20, 0x1f, 0xfc, 0x84, 0xaf, 0xa7, 0x0,

    /* U+517B "养" */
    0x0, 0xff, 0xe5, 0x88, 0x7, 0xff, 0x14, 0xeb,
    0x8c, 0x3, 0xfd, 0x1d, 0x26, 0x1, 0xff, 0xc2,
    0x1c, 0x51, 0xe0, 0xf, 0xe3, 0x70, 0x6f, 0x0,
    0xff, 0xe1, 0xd, 0x0, 0xa, 0x80, 0x3e, 0x1d,
    0x0, 0xe, 0x80, 0x7f, 0xf0, 0xd5, 0x40, 0x5,
    0x50, 0x7, 0xa8, 0x40, 0x14, 0x20, 0x1f, 0xcd,
    0xff, 0xe5, 0x0, 0xab, 0xff, 0xc8, 0x1, 0x5f,
    0xff, 0x80, 0x30, 0x80, 0x7f, 0xfd, 0x5f, 0xbb,
    0xfe, 0xc0, 0xa, 0x7b, 0xbf, 0xf8, 0x0, 0x1c,
    0x23, 0xff, 0x38, 0x4, 0xa2, 0x3f, 0xfc, 0x0,
    0xf, 0xfe, 0x21, 0x0, 0x42, 0x1, 0xff, 0xc5,
    0x5f, 0xff, 0xf4, 0x80, 0x5b, 0xff, 0xfe, 0xd0,
    0xf, 0xfe, 0xd8, 0x8f, 0xfc, 0x1, 0x8, 0xff,
    0xf0, 0x18, 0x3, 0xc9, 0xdd, 0xfd, 0x0, 0x16,
    0xf7, 0x7f, 0xd6, 0x1, 0xff, 0xc4, 0xd0, 0x0,
    0x98, 0x7, 0xff, 0x10, 0x8c, 0xff, 0xca, 0x80,
    0x4, 0x33, 0xff, 0xe1, 0x80, 0x27, 0x33, 0xfd,
    0x40, 0x12, 0xe6, 0x7f, 0xf0, 0xcc, 0x3, 0xff,
    0xac, 0x23, 0xfc, 0x1, 0xc2, 0x38, 0x3, 0x8,
    0xff, 0x0, 0x2b, 0xbb, 0xe6, 0x0, 0xd9, 0xdd,
    0x79, 0x80, 0x53, 0xdd, 0xf8, 0xc0, 0x3e, 0x3c,
    0x70, 0x0, 0xe1, 0x80, 0x43, 0x88, 0x0, 0x8b,
    0x30, 0xf, 0xfe, 0x1, 0xde, 0x18, 0x0, 0xfc,
    0xc0, 0x3d, 0x6e, 0x0, 0x4c, 0xa3, 0x0, 0xf8,
    0x5f, 0x71, 0x0, 0x31, 0xf3, 0x80, 0x79, 0x9c,
    0x3, 0x2e, 0x6c, 0x18, 0x1, 0x33, 0xa0, 0x80,
    0x22, 0xb0, 0x8, 0x40, 0x3f, 0xc8, 0x1, 0x13,
    0xe7, 0x4b, 0x98, 0x6, 0x29, 0xd6, 0x0, 0x88,
    0x3, 0xfd, 0x56, 0x60, 0x18, 0x40, 0xd0, 0x0,
    0x75, 0xac, 0x8, 0x1, 0x30, 0x7, 0xfc, 0x99,
    0x68, 0x1, 0x58, 0x43, 0xee, 0x28, 0x5, 0xa0,
    0x1, 0x20, 0xf, 0xfe, 0xa, 0x5f, 0x42, 0x90,
    0x1c, 0x10, 0x6, 0x44, 0x0, 0x10, 0x3, 0xff,
    0x88, 0x2f, 0x40, 0x1f, 0x8a, 0x80, 0x29, 0x0,
    0xff, 0xe7, 0x36, 0x88, 0x1, 0x4c, 0x3, 0xff,
    0x98, 0xdb, 0x20, 0x11, 0xd0, 0x7, 0xff, 0x37,
    0x48, 0x2, 0x4c, 0x0, 0xff, 0xe7, 0x50, 0x80,
    0xd5, 0x80, 0x7f, 0xf3, 0xc7, 0x67, 0x94, 0x3,
    0xfe, 0x6f, 0xf8, 0x40, 0x3f, 0x0,

    /* U+5185 "内" */
    0x0, 0xff, 0xe0, 0x1a, 0x24, 0x1, 0xff, 0xcc,
    0x9b, 0xb8, 0x3, 0xff, 0xfe, 0x1, 0xff, 0xe5,
    0xaf, 0xff, 0xf9, 0x40, 0x2f, 0xff, 0xfb, 0x0,
    0x3f, 0xfe, 0x11, 0x1f, 0x88, 0x2, 0x88, 0xfc,
    0x40, 0x1e, 0x17, 0x7f, 0xc2, 0x0, 0x17, 0x7f,
    0xc2, 0x1, 0xff, 0xc3, 0x10, 0x1, 0x0, 0x7f,
    0xf3, 0x8, 0x0, 0xc0, 0x1f, 0xfc, 0xb4, 0x0,
    0xb4, 0x3, 0xff, 0x97, 0xa0, 0x15, 0x8, 0x7,
    0xff, 0x24, 0x58, 0x2, 0x2c, 0x10, 0xf, 0xfe,
    0x44, 0x0, 0x71, 0x61, 0x0, 0x7f, 0xf1, 0x91,
    0x80, 0x22, 0x0, 0x16, 0x10, 0x7, 0xff, 0x10,
    0xa8, 0x2, 0x9c, 0x20, 0x0, 0xe1, 0x0, 0x7f,
    0xf0, 0x8b, 0x4, 0x0, 0x6c, 0x38, 0x40, 0x1,
    0xc2, 0x0, 0xff, 0xe0, 0x16, 0x8, 0x0, 0x74,
    0x0, 0x38, 0x20, 0x1, 0xc3, 0x0, 0xff, 0x26,
    0x88, 0x5, 0xa2, 0x1, 0xe, 0x8, 0x0, 0x74,
    0xc0, 0x3f, 0x35, 0x80, 0x6b, 0x30, 0xe, 0x2c,
    0x10, 0x0, 0xa0, 0x7, 0xe7, 0x10, 0xa, 0xd0,
    0x3, 0xe2, 0xc1, 0x5, 0x70, 0xf, 0xc3, 0x40,
    0x5a, 0x80, 0x1f, 0xc5, 0x89, 0x40, 0x1f, 0xe4,
    0xac, 0x20, 0xf, 0xf8, 0xac, 0x3, 0xff, 0x80,
    0xa2, 0x1, 0xff, 0xfc, 0x20, 0xf, 0xfe, 0x41,
    0xbb, 0xe8, 0xc1, 0x0, 0x38, 0x7, 0xff, 0x15,
    0xe2, 0x33, 0x98, 0x4, 0x40, 0x1f, 0xfc, 0x55,
    0x0, 0xfe, 0xa0, 0xf, 0xfe, 0x28, 0x90, 0x7,
    0xa, 0x59, 0x80,

    /* U+5199 "写" */
    0x8, 0xff, 0xff, 0xe8, 0x68, 0x7, 0xff, 0x48,
    0xc0, 0x3f, 0xfa, 0xe3, 0x33, 0xff, 0xca, 0x20,
    0xf, 0x8d, 0x9b, 0xff, 0x94, 0x20, 0x1f, 0xee,
    0xea, 0x0, 0x3f, 0xf9, 0xc4, 0x23, 0x78, 0x7,
    0xff, 0x27, 0xc4, 0x60, 0x60, 0x8, 0x80, 0x3f,
    0xf8, 0x8a, 0x66, 0x40, 0x7e, 0xe6, 0x1, 0x0,
    0x55, 0xff, 0xff, 0xc3, 0xb9, 0xcc, 0x50, 0x7,
    0xb8, 0x3, 0xff, 0x8e, 0xe0, 0x1f, 0xe2, 0x0,
    0xff, 0xe9, 0x30, 0x0, 0xb7, 0x7f, 0xf8, 0xa0,
    0x1f, 0xe2, 0x0, 0x31, 0x17, 0xff, 0x10, 0x40,
    0x3f, 0xc2, 0x0, 0x20, 0xf, 0xfe, 0x71, 0x0,
    0x63, 0x3f, 0xfe, 0x38, 0x7, 0xcc, 0x1, 0x36,
    0x67, 0xff, 0x1c, 0x80, 0x3c, 0x40, 0x1f, 0xfc,
    0xb3, 0x0, 0xf7, 0x0, 0x7f, 0xf2, 0xc4, 0x3,
    0xd1, 0xdd, 0xff, 0xc7, 0x50, 0xf, 0xf8, 0x47,
    0xff, 0x90, 0x1, 0xff, 0xd2, 0x70, 0x0, 0x80,
    0x1b, 0xff, 0xff, 0x93, 0xc0, 0x1, 0x0, 0x18,
    0x0, 0x40, 0x3f, 0xf9, 0x86, 0x0, 0x10, 0xf,
    0xfe, 0x78, 0x80, 0x1c, 0x0, 0xb3, 0x3f, 0xfc,
    0x9b, 0x1, 0x0, 0x84, 0x0, 0x4c, 0xdf, 0xfc,
    0x95, 0x2, 0x0, 0x8c, 0x3, 0xff, 0x9d, 0x20,
    0x17, 0x80, 0x7f, 0xf1, 0x91, 0x3c, 0xd6, 0xa0,
    0x12, 0x80, 0x7f, 0xf1, 0xaa, 0xef, 0xa5, 0x0,
    0x22, 0x30, 0xf, 0xfe, 0x32, 0x80, 0x7f, 0xf,
    0x80, 0x7f, 0xf1, 0xcc, 0x3, 0xc2, 0x6f, 0xe4,
    0x1, 0x0,

    /* U+51B7 "冷" */
    0x0, 0xff, 0xe2, 0xb7, 0x74, 0x60, 0x1f, 0xfc,
    0x16, 0x70, 0xf, 0xfe, 0x0, 0xc0, 0x8d, 0xe0,
    0x1f, 0xf2, 0xf4, 0xc0, 0x80, 0x7f, 0xd0, 0x20,
    0x11, 0xa8, 0x7, 0xf8, 0x44, 0x0, 0x90, 0xf,
    0xf2, 0x30, 0x7, 0x58, 0x80, 0x7f, 0x21, 0x80,
    0x1c, 0x3, 0xf8, 0x68, 0x2, 0x70, 0x0, 0xe8,
    0x7, 0xfa, 0x40, 0x27, 0x0, 0xfd, 0xa2, 0x0,
    0x68, 0x40, 0x1, 0xc8, 0x7, 0xf2, 0x88, 0x2,
    0x40, 0x3e, 0xa3, 0x0, 0x14, 0x85, 0x8, 0x1,
    0x9c, 0x3, 0xfa, 0x40, 0x2, 0xa0, 0x1d, 0x2a,
    0x0, 0x1f, 0x0, 0xd, 0x0, 0x50, 0xc0, 0x1f,
    0x98, 0x2, 0x90, 0xd, 0x4c, 0x1, 0x51, 0x0,
    0x49, 0x0, 0x14, 0xb8, 0x7, 0xc2, 0xa0, 0x3,
    0x30, 0xd, 0xa8, 0x5, 0x48, 0x6a, 0x1, 0x3b,
    0x80, 0x28, 0x90, 0xf, 0xa4, 0x2, 0x52, 0xc4,
    0x0, 0xad, 0x55, 0x94, 0x60, 0x14, 0x30, 0x4,
    0xd8, 0x40, 0x1c, 0x64, 0xda, 0x1a, 0x40, 0x15,
    0xa0, 0xd0, 0x3, 0x48, 0x2, 0x98, 0x0, 0x8f,
    0x58, 0x3, 0xb6, 0x4a, 0xc0, 0x21, 0xc4, 0x1,
    0xa0, 0x0, 0xf8, 0x80, 0x4f, 0x20, 0x1a, 0x44,
    0x3, 0xee, 0x0, 0x1f, 0x98, 0x4, 0xae, 0x0,
    0x2a, 0x0, 0xcd, 0x62, 0x0, 0x91, 0x0, 0xf8,
    0xe5, 0x70, 0x40, 0x3a, 0x14, 0x0, 0xa4, 0x1,
    0x93, 0xd0, 0xd8, 0x3, 0xf9, 0xa8, 0x3, 0xf5,
    0x11, 0x30, 0x80, 0x38, 0x6f, 0x40, 0x3c, 0x46,
    0x1, 0xff, 0xc1, 0xfc, 0x20, 0xf, 0xc2, 0x1,
    0xe8, 0xce, 0xa0, 0x8f, 0xff, 0xed, 0xef, 0xff,
    0xc2, 0x1, 0xf2, 0x80, 0x88, 0x4, 0x3, 0xff,
    0x9c, 0x80, 0x16, 0x0, 0x7f, 0xf4, 0x34, 0x2,
    0x50, 0xba, 0xaf, 0xfe, 0x10, 0x80, 0x42, 0x20,
    0xf, 0x38, 0x0, 0x88, 0x4, 0xab, 0xff, 0xc1,
    0xf1, 0x0, 0xe, 0x0, 0x79, 0x4, 0x0, 0xa0,
    0x1c, 0xe4, 0x1, 0xfa, 0x54, 0x2, 0xd2, 0x0,
    0xf6, 0x80, 0x56, 0x1, 0x96, 0x36, 0x0, 0x3d,
    0x2c, 0x1, 0x61, 0x80, 0x7c, 0xe0, 0x2, 0x30,
    0x8, 0x6c, 0x0, 0xfa, 0x80, 0x14, 0xb0, 0x5,
    0x66, 0x1, 0xf1, 0x88, 0x1, 0x40, 0x39, 0x0,
    0x22, 0xba, 0x19, 0x60, 0xa, 0xd0, 0x3, 0xf5,
    0x0, 0x56, 0x1, 0x86, 0xac, 0x80, 0x25, 0xe6,
    0x0, 0xad, 0x0, 0x3f, 0x9c, 0x0, 0x26, 0x1,
    0xe4, 0xd7, 0x0, 0xfa, 0xd0, 0x3, 0xf9, 0x4,
    0x0, 0xe0, 0x1f, 0xd1, 0xa6, 0x1, 0xd8, 0x1,
    0xfe, 0xd0, 0xa, 0x80, 0x3f, 0xc5, 0x92, 0x1,
    0x9f, 0x50, 0x3, 0xf6, 0x28, 0x88, 0xc0, 0x3f,
    0xf8, 0xd, 0xc8, 0x1, 0x15, 0xc0, 0x7, 0xcb,
    0x5d, 0xe0, 0x1f, 0xfc, 0x21, 0xba, 0x10, 0xb,
    0x0, 0x3f, 0xc2, 0x1, 0xff, 0xc4, 0x5f, 0x50,
    0x54, 0x0, 0xff, 0xe8, 0xd, 0x5d, 0x80, 0x3f,
    0x0,

    /* U+51FA "出" */
    0x0, 0xff, 0xe0, 0x5f, 0xfb, 0x40, 0x3f, 0xf9,
    0xae, 0x0, 0x30, 0xf, 0xfe, 0xfd, 0xe6, 0x1c,
    0x3, 0xff, 0x8c, 0xd9, 0x8b, 0x0, 0x94, 0xcd,
    0xa0, 0x1f, 0xfc, 0x6f, 0x33, 0x20, 0x7, 0xff,
    0xfc, 0x3, 0xff, 0xfe, 0x1, 0xff, 0xef, 0x67,
    0x7f, 0x88, 0x0, 0x2e, 0xff, 0x28, 0x7, 0xf1,
    0xc4, 0x7c, 0x20, 0x14, 0x47, 0xc6, 0x1, 0xff,
    0xf4, 0xef, 0xff, 0xf1, 0x80, 0x7, 0xff, 0xfe,
    0x0, 0xff, 0xe9, 0xbc, 0x41, 0x40, 0x3f, 0xf9,
    0xb, 0x33, 0x4, 0x3b, 0xbc, 0x3, 0xff, 0x91,
    0x8c, 0xd0, 0x7, 0xff, 0xfc, 0x3, 0xff, 0xfe,
    0x1, 0xff, 0xff, 0x0, 0xff, 0x97, 0xff, 0xf1,
    0x80, 0x7, 0xff, 0xf3, 0x0, 0x7f, 0xfc, 0xa6,
    0x23, 0xff, 0x96, 0x60, 0x19, 0x9d, 0xff, 0xf9,
    0x6a, 0x1, 0x80,

    /* U+51FB "击" */
    0x0, 0xff, 0xe1, 0x3d, 0xda, 0x80, 0x3f, 0xfa,
    0x18, 0x89, 0x0, 0x7f, 0xff, 0xc0, 0x3f, 0xfb,
    0x27, 0x11, 0xff, 0x30, 0x0, 0x62, 0x3f, 0xe5,
    0x0, 0xc8, 0xef, 0xff, 0x10, 0x4, 0xef, 0xff,
    0x70, 0x7, 0xff, 0x60, 0x40, 0x3f, 0xf9, 0xc2,
    0x1, 0x9b, 0xff, 0xfe, 0x40, 0x0, 0xff, 0xff,
    0xd4, 0x1, 0xff, 0xff, 0x0, 0xff, 0xf5, 0xac,
    0x47, 0xff, 0x5, 0x80, 0x3, 0x11, 0xff, 0xc1,
    0x7e, 0x77, 0xff, 0xe0, 0x90, 0x4, 0xef, 0xff,
    0xc1, 0x90, 0xf, 0xfe, 0xa0, 0x80, 0x7f, 0xf4,
    0xeb, 0xff, 0xff, 0x82, 0x80, 0x1, 0xff, 0xff,
    0xe0, 0xf0, 0x4, 0xce, 0xe5, 0x0, 0xff, 0xe3,
    0x24, 0x44, 0x1, 0xeb, 0x88, 0x48, 0x7, 0xff,
    0x1b, 0x5d, 0xe0, 0xf, 0xff, 0xf8, 0x7, 0xff,
    0xfc, 0x3, 0xff, 0xfe, 0x1, 0xf8, 0x9d, 0xfe,
    0x60, 0x0, 0xbb, 0xfc, 0xa0, 0x1f, 0xfc, 0x1,
    0x88, 0xf8, 0x80, 0x28, 0x8f, 0x8c, 0x3, 0xff,
    0xba, 0x20, 0x1f, 0xfd, 0x3c, 0xff, 0xff, 0xe4,
    0xb0, 0x7, 0x80,

    /* U+5206 "分" */
    0x0, 0xff, 0xe4, 0x14, 0x8, 0x7, 0xff, 0x2a,
    0x75, 0x80, 0x30, 0xde, 0xbb, 0x0, 0x7f, 0xf2,
    0x45, 0x8a, 0x74, 0x2, 0x15, 0x0, 0x48, 0x7,
    0xff, 0x26, 0x0, 0x2b, 0x0, 0xcc, 0x0, 0x16,
    0x0, 0xff, 0xe3, 0x93, 0x0, 0x5, 0x80, 0x34,
    0x80, 0x56, 0x1, 0xff, 0xc7, 0xe0, 0xa, 0x0,
    0x38, 0x58, 0x0, 0x4e, 0x1, 0xff, 0xc5, 0x73,
    0x0, 0x1b, 0x0, 0x7a, 0x0, 0x28, 0x20, 0xf,
    0xfe, 0x19, 0xc0, 0x5, 0xe0, 0x1f, 0xb, 0x80,
    0x5c, 0x1, 0xff, 0xc2, 0x1d, 0x0, 0x98, 0xc0,
    0x3f, 0x41, 0x0, 0xe, 0x40, 0x3f, 0xf8, 0x3a,
    0x20, 0x2, 0x90, 0xf, 0xf7, 0x0, 0x4d, 0x0,
    0x1f, 0xf5, 0x98, 0x5, 0xe0, 0x1f, 0xf1, 0xc8,
    0x4, 0xf0, 0x1, 0xfd, 0x68, 0x1, 0x51, 0x0,
    0x7f, 0xf0, 0x19, 0x80, 0x13, 0xd0, 0x7, 0x87,
    0x10, 0x2, 0x95, 0x0, 0xff, 0xe1, 0x4a, 0x80,
    0x4b, 0xa4, 0x1, 0x1f, 0x98, 0x5, 0xc, 0x1,
    0xff, 0xc4, 0xa5, 0x0, 0x8b, 0x5c, 0x1, 0xa2,
    0x1, 0x10, 0x3b, 0xff, 0xf1, 0xb4, 0xc0, 0x34,
    0x80, 0x24, 0x2, 0x82, 0x88, 0xff, 0xe4, 0x4c,
    0x80, 0x28, 0x0, 0x39, 0xe, 0x30, 0x7, 0xff,
    0x24, 0x5b, 0x8, 0x8c, 0x1, 0x77, 0x98, 0x7,
    0xff, 0x29, 0xc0, 0xf7, 0x80, 0x31, 0x88, 0xf,
    0xfe, 0x90, 0xb, 0xbf, 0xff, 0x40, 0x4, 0x20,
    0x11, 0x80, 0x7f, 0xf0, 0x38, 0x2, 0x10, 0xf,
    0xdc, 0x1, 0x18, 0x7, 0xff, 0x10, 0x80, 0x2,
    0x1, 0xfc, 0x60, 0x10, 0x80, 0x7f, 0xf1, 0x1c,
    0x0, 0x60, 0x1f, 0xc2, 0x1, 0xff, 0xc7, 0x12,
    0x0, 0x30, 0x7, 0xf3, 0x80, 0x4, 0x3, 0xff,
    0x88, 0xe0, 0x16, 0x0, 0x7f, 0x10, 0x0, 0x80,
    0x3f, 0xf8, 0x94, 0x1, 0x20, 0x7, 0xf0, 0x80,
    0x1c, 0x3, 0xff, 0x86, 0xa6, 0x0, 0x13, 0x0,
    0xff, 0xe0, 0x8, 0x7, 0xff, 0x8, 0xac, 0x2,
    0x90, 0xf, 0xe2, 0x0, 0x8c, 0x3, 0xff, 0x82,
    0x58, 0x20, 0x2, 0x70, 0xf, 0xe7, 0x0, 0xb8,
    0x3, 0xff, 0x80, 0xba, 0x20, 0x17, 0x80, 0x7f,
    0xb8, 0x2, 0x20, 0xf, 0xf0, 0xd5, 0x0, 0x35,
    0x90, 0x0, 0x99, 0xb3, 0xc6, 0x20, 0x4, 0xe0,
    0x1f, 0x86, 0x39, 0x40, 0x35, 0xa0, 0x4, 0xd3,
    0x3a, 0x1c, 0xc0, 0x23, 0x20, 0xf, 0xc4, 0xe0,
    0x18, 0xb5, 0x0, 0x32, 0x80, 0x7f, 0xb8, 0x3,
    0xf8, 0xe4, 0x2, 0x5d, 0x20, 0xe, 0x11, 0x0,
    0x70, 0x9b, 0xf1, 0x0, 0x7f, 0x99, 0x46, 0xe8,
    0x3, 0xf7, 0x7f, 0xf7, 0x64, 0x8, 0x7, 0xff,
    0x2, 0xb9, 0x0, 0x3f, 0xfa, 0x0,

    /* U+5207 "切" */
    0x0, 0xc7, 0x77, 0x8, 0x7, 0xff, 0x3d, 0x91,
    0x23, 0x0, 0xff, 0xec, 0x2d, 0x57, 0xff, 0x15,
    0x40, 0x3f, 0xf8, 0x38, 0xab, 0xff, 0xc5, 0xd0,
    0xf, 0xff, 0x9f, 0x80, 0x7f, 0xf0, 0x63, 0x77,
    0x8, 0x1, 0x37, 0x7a, 0xc0, 0x3f, 0xf8, 0xa2,
    0x45, 0x80, 0x21, 0x22, 0xe7, 0x0, 0x84, 0x3,
    0xff, 0x82, 0x20, 0x1f, 0xfc, 0xea, 0x9b, 0xef,
    0xa0, 0xc, 0x20, 0x3, 0x0, 0xe7, 0x0, 0x8c,
    0x22, 0xb2, 0xc0, 0x27, 0x64, 0x10, 0x70, 0xf,
    0xfe, 0x3b, 0xa9, 0x88, 0x7, 0xff, 0x10, 0x40,
    0x38, 0x40, 0x21, 0x0, 0xff, 0x84, 0xd0, 0x2,
    0x10, 0xb, 0xc0, 0x3f, 0xe2, 0x0, 0x8, 0x5,
    0x39, 0xdc, 0xc8, 0x0, 0x8c, 0x2, 0x10, 0xe,
    0x30, 0x9, 0xc3, 0xb7, 0xec, 0x2, 0x43, 0x10,
    0xf, 0x8, 0x7, 0xff, 0x4, 0x40, 0xc8, 0x3,
    0xff, 0x84, 0xe0, 0x11, 0x0, 0x70, 0x80, 0x7f,
    0xf2, 0x44, 0x2, 0x70, 0xe, 0xf0, 0x8, 0xc0,
    0x3f, 0xf8, 0xa4, 0x1, 0x8, 0x7, 0xff, 0x3f,
    0x80, 0x22, 0x0, 0xe1, 0x0, 0x84, 0x3, 0xff,
    0x8a, 0xa0, 0x1, 0x0, 0xff, 0xe8, 0x10, 0x1,
    0x40, 0x3c, 0x60, 0x1f, 0xfc, 0x46, 0x60, 0x0,
    0xc4, 0x0, 0x60, 0x1f, 0xfc, 0x92, 0xb9, 0xd0,
    0x5, 0x80, 0x56, 0x1, 0xe1, 0x0, 0x8, 0x7,
    0xf9, 0xb5, 0x1, 0x0, 0xa, 0x0, 0x13, 0x0,
    0xf3, 0x80, 0xc, 0x3, 0xfb, 0xa4, 0x3, 0x12,
    0x90, 0x1, 0x0, 0x3f, 0xf9, 0x6, 0x1, 0x16,
    0x14, 0x0, 0x52, 0x1, 0xf0, 0x80, 0x4, 0x3,
    0xbc, 0x3, 0xcd, 0xa6, 0xe4, 0x0, 0x43, 0x0,
    0xf8, 0xc0, 0x3e, 0x35, 0x0, 0xc3, 0x72, 0x9,
    0x0, 0x17, 0x80, 0x7e, 0x10, 0x3, 0x80, 0x63,
    0x20, 0x9, 0xb9, 0x0, 0xa8, 0x2, 0x54, 0x0,
    0xfa, 0x0, 0x22, 0x0, 0xeb, 0x1, 0xb9, 0x0,
    0x16, 0x8, 0x0, 0x6c, 0x0, 0xd5, 0x5b, 0x5c,
    0x2, 0xf0, 0xe, 0x67, 0xe4, 0x0, 0x16, 0x8,
    0x5, 0xa2, 0x0, 0x15, 0x5c, 0x40, 0x19, 0xc0,
    0x3d, 0x0, 0x1b, 0x84, 0x2, 0x93, 0x0, 0x8c,
    0x3, 0xf4, 0x8, 0x7, 0xfd, 0x88, 0x0, 0x86,
    0x0, 0xca, 0x1, 0xc2, 0xb6, 0xe0, 0x1f, 0xfc,
    0x1b, 0x77, 0x80, 0x38, 0x7f, 0xfb, 0xa9, 0x0,
    0x3f, 0xf8, 0x71, 0x0, 0xf, 0xfe, 0x30,

    /* U+5224 "判" */
    0x0, 0xf8, 0x59, 0xa1, 0x0, 0xff, 0xe1, 0x99,
    0xc0, 0x1f, 0x96, 0x66, 0x30, 0xf, 0xfe, 0x11,
    0xe6, 0x48, 0x0, 0x42, 0x0, 0xff, 0x90, 0x80,
    0x3f, 0xf8, 0x47, 0x97, 0x0, 0x1f, 0xf5, 0x6d,
    0x8, 0x7, 0xff, 0x1, 0xcc, 0x14, 0xc0, 0x3f,
    0x9c, 0x41, 0x4, 0xbf, 0xe4, 0x0, 0xf9, 0xc,
    0x1, 0xe0, 0x1f, 0x86, 0x0, 0x10, 0x1, 0xff,
    0xc2, 0xf0, 0x1, 0xa0, 0x7, 0xd0, 0x0, 0x26,
    0x0, 0xff, 0xe1, 0x1a, 0x0, 0x20, 0x3, 0xc4,
    0xc0, 0x9, 0x0, 0xff, 0xe2, 0x40, 0x0, 0xd4,
    0x3, 0xb8, 0x0, 0x68, 0x1, 0xff, 0xc4, 0x35,
    0x0, 0x68, 0x6, 0x43, 0x0, 0x78, 0x7, 0xff,
    0x1a, 0x53, 0x20, 0x3, 0x26, 0xab, 0x18, 0x7,
    0xff, 0x18, 0xec, 0xc0, 0x3c, 0x55, 0x20, 0x1f,
    0xfc, 0x5a, 0xbb, 0xe8, 0x0, 0xba, 0xef, 0x94,
    0x3, 0xff, 0x84, 0xa8, 0x9c, 0x60, 0x11, 0xa2,
    0x76, 0x80, 0x7f, 0xf8, 0x55, 0x7c, 0x60, 0x12,
    0x2a, 0xf6, 0x80, 0x7f, 0xf0, 0xaa, 0xbd, 0x0,
    0x14, 0xd5, 0x72, 0x80, 0x7f, 0xf9, 0xc4, 0x2,
    0x30, 0xf, 0xfe, 0x39, 0x19, 0xfb, 0x40, 0x25,
    0x33, 0xf0, 0x7, 0xff, 0x7, 0x33, 0xe7, 0x0,
    0xaf, 0x33, 0xc4, 0x1, 0xff, 0xfe, 0xcd, 0xdf,
    0x0, 0x4b, 0xbb, 0xf1, 0x0, 0x7f, 0xf0, 0x8,
    0xbc, 0x20, 0x16, 0x11, 0x7c, 0x1, 0xff, 0xc7,
    0xb0, 0x9, 0x0, 0x3f, 0x15, 0x54, 0xa0, 0x1f,
    0xfc, 0x1, 0x70, 0x1, 0x10, 0x3, 0xf9, 0x56,
    0x10, 0xf, 0xfe, 0x5, 0x80, 0x56, 0x1, 0xff,
    0xcd, 0x65, 0x0, 0xb, 0x0, 0x7f, 0xf1, 0x10,
    0x2, 0x70, 0x9, 0x64, 0x2, 0xa0, 0xf, 0xfa,
    0x2a, 0xb5, 0xc0, 0x7, 0x9a, 0x80, 0x27, 0x40,
    0xf, 0xf8, 0x95, 0x72, 0x0, 0x63, 0x6, 0x90,
    0x9, 0x60, 0x3, 0xff, 0x81, 0xa0, 0x1f, 0x9c,
    0x0, 0xcc, 0x0, 0x2d, 0x0, 0x7f, 0xf0, 0x4c,
    0x3, 0x84, 0xe6, 0x0, 0x29, 0x86, 0xa0, 0xf,
    0xfe, 0x12, 0x7f, 0xf7, 0x63, 0x0, 0x0,

    /* U+522B "别" */
    0x0, 0xff, 0xe8, 0x8, 0xc0, 0x1f, 0xfd, 0x2,
    0xee, 0x90, 0x0, 0x7f, 0xff, 0xfc, 0x27, 0x0,
    0xff, 0xfb, 0xf7, 0xf9, 0x80, 0x3f, 0xf8, 0x37,
    0x99, 0xf0, 0x7, 0xc2, 0x1, 0xff, 0xc4, 0x53,
    0x3f, 0x84, 0x3, 0xff, 0xfe, 0x1, 0xff, 0xe0,
    0xaa, 0xfc, 0x20, 0x1f, 0xfc, 0xb4, 0x55, 0xf8,
    0x3, 0xff, 0xd0, 0x2a, 0xb1, 0x0, 0x5, 0x57,
    0xe3, 0x0, 0xff, 0xe2, 0x15, 0x54, 0x80, 0x5,
    0xaa, 0xf9, 0x0, 0x3f, 0xf9, 0x62, 0x1, 0xff,
    0xd0, 0x30, 0xf, 0xfe, 0x72, 0xcc, 0xe7, 0x0,
    0x3c, 0xcf, 0xe0, 0xf, 0xfe, 0x1f, 0xb3, 0x62,
    0x0, 0x13, 0x37, 0xe0, 0xf, 0xff, 0x1e, 0x2a,
    0xe0, 0x8, 0xd5, 0x71, 0x80, 0x4, 0x3, 0xff,
    0x86, 0xd5, 0x58, 0x40, 0x13, 0x55, 0xc0, 0x1f,
    0xfc, 0xa1, 0x10, 0x1, 0x80, 0x3e, 0x30, 0xf,
    0xfe, 0x3a, 0x80, 0x44, 0x1, 0x84, 0x3, 0xff,
    0x95, 0x80, 0x2, 0x10, 0xf, 0x84, 0x2, 0x55,
    0x88, 0x3, 0xff, 0x80, 0xc0, 0x4, 0x0, 0xef,
    0x0, 0xf5, 0x54, 0x80, 0x1f, 0xf3, 0x8, 0x3,
    0x40, 0x3f, 0x38, 0x7, 0xff, 0x14, 0x60, 0x0,
    0x48, 0x1, 0xc4, 0x0, 0x10, 0xf, 0xe1, 0x0,
    0xfa, 0x84, 0x1, 0x0, 0x1e, 0x40, 0x1, 0x80,
    0x7f, 0x28, 0x4, 0xe0, 0x8, 0x40, 0x2, 0x29,
    0xb3, 0x51, 0xa2, 0x0, 0xf0, 0xa, 0x26, 0x75,
    0xc8, 0x4, 0x20, 0xee, 0x0, 0xd, 0x2, 0x4c,
    0xce, 0x40, 0x13, 0x80, 0x48, 0xcd, 0x90, 0x3,
    0x11, 0x20, 0x2, 0xa1, 0x3, 0x0, 0xfa, 0x44,
    0x2, 0x40, 0xf, 0xd0, 0x5, 0xa4, 0x12, 0x80,
    0x4, 0x22, 0x8d, 0x1f, 0x58, 0x3, 0x68, 0x7,
    0xa, 0x53, 0x80, 0xb, 0x69, 0x80, 0x36, 0xed,
    0x97, 0x4, 0x1, 0xcb, 0xff, 0xdd, 0x6a, 0x0,

    /* U+524D "前" */
    0x0, 0xfc, 0x4a, 0x20, 0x1f, 0xe1, 0x73, 0x0,
    0xff, 0xe1, 0x2f, 0x6d, 0x58, 0x7, 0xfa, 0xa3,
    0x39, 0x40, 0x3f, 0xf8, 0x8, 0x1, 0x2a, 0x80,
    0x3f, 0x2a, 0x0, 0xd, 0x40, 0x3f, 0xf8, 0x3,
    0x60, 0x15, 0x88, 0x7, 0x86, 0x80, 0x2e, 0x0,
    0xf9, 0x57, 0xe0, 0x20, 0x0, 0xda, 0xaf, 0xb4,
    0x2, 0x46, 0x55, 0xf2, 0x55, 0x7e, 0x20, 0x9,
    0x6a, 0xbc, 0x60, 0x12, 0x55, 0x7e, 0x0, 0xff,
    0xea, 0x10, 0x8f, 0xff, 0x48, 0xb7, 0xbb, 0xff,
    0xa5, 0x80, 0x1f, 0xfd, 0x63, 0x44, 0xff, 0xe0,
    0x80, 0x7f, 0xf, 0xfc, 0xa0, 0x1a, 0x6e, 0xff,
    0xf8, 0x20, 0x14, 0x55, 0xc, 0x3, 0xff, 0xa0,
    0x8a, 0xa6, 0x0, 0xff, 0xf1, 0x27, 0xff, 0xa8,
    0x3, 0xff, 0xda, 0x23, 0xe3, 0x0, 0xff, 0xe6,
    0x27, 0x77, 0xa4, 0x3, 0xff, 0xfe, 0x1, 0xff,
    0xc1, 0x4f, 0xff, 0x50, 0x7, 0xff, 0xcc, 0xc0,
    0x3f, 0xf9, 0x89, 0xff, 0xe9, 0x0, 0xff, 0xff,
    0x80, 0x7f, 0xf0, 0x53, 0xff, 0xd4, 0x1, 0xe7,
    0x0, 0xff, 0xe9, 0xdf, 0xf9, 0x40, 0x3f, 0xf9,
    0x26, 0x1, 0xff, 0xc0, 0x30, 0x8, 0x40, 0x3f,
    0xc4, 0x51, 0xe8, 0x7, 0x85, 0x57, 0x34, 0x80,
    0x7f, 0xf0, 0xbf, 0x75, 0x88, 0x0, 0x10, 0x8,
    0xea, 0xb4, 0xa0, 0x4, 0xa0, 0x1f, 0xe7, 0x0,
    0xf3, 0x80, 0x44, 0x1, 0xf9, 0x4, 0x3, 0xfd,
    0xa0, 0x1c, 0xb2, 0x1, 0x8c, 0x3, 0x89, 0xe8,
    0x3, 0xa3, 0x31, 0x20, 0x7, 0xee, 0xdf, 0x40,
    0x1d, 0x9f, 0xfd, 0xb0, 0x20, 0x10,

    /* U+529F "功" */
    0x0, 0xff, 0xe3, 0x55, 0x4a, 0x1, 0xff, 0xd0,
    0x55, 0xb4, 0x3, 0xff, 0x9e, 0x20, 0x1f, 0xfd,
    0x7f, 0x0, 0xff, 0xb7, 0xff, 0xfe, 0x20, 0xf,
    0xfe, 0xb9, 0x80, 0x7f, 0xf8, 0xe9, 0x9a, 0x20,
    0x9, 0x9b, 0x1c, 0xcd, 0x0, 0x16, 0x4c, 0xff,
    0x10, 0x3c, 0xcc, 0x80, 0x14, 0x4c, 0xc2, 0xcd,
    0x28, 0x4, 0x8c, 0xdf, 0xe0, 0xf, 0xff, 0x9b,
    0x80, 0x7f, 0xf0, 0xbf, 0xea, 0x0, 0xab, 0xff,
    0xa4, 0x3, 0xff, 0x9a, 0xc0, 0x1f, 0xc2, 0x1,
    0xff, 0xc5, 0x30, 0xf, 0xfe, 0x98, 0x80, 0x42,
    0x1, 0xc2, 0x1, 0x18, 0x7, 0xff, 0x17, 0xc0,
    0x22, 0x0, 0xff, 0xe7, 0x88, 0x7, 0xf7, 0x80,
    0x42, 0x1, 0xff, 0xc5, 0x30, 0x0, 0x80, 0x7f,
    0xf4, 0x18, 0x0, 0x40, 0x1e, 0x10, 0xf, 0xfe,
    0x49, 0x0, 0x18, 0x3, 0xc6, 0x0, 0x10, 0xf,
    0xfe, 0x28, 0x88, 0x1, 0xa0, 0x1f, 0xfc, 0xf4,
    0x0, 0x88, 0x3, 0xc2, 0x0, 0x30, 0xf, 0xf1,
    0xac, 0xed, 0x0, 0x30, 0x2, 0x40, 0xf, 0x38,
    0x7, 0xff, 0x7, 0x69, 0x88, 0x40, 0xc, 0x0,
    0x21, 0x0, 0xfe, 0x10, 0x1, 0x34, 0xeb, 0x0,
    0x7c, 0xc0, 0xc0, 0x12, 0x80, 0x7c, 0x20, 0x7,
    0x6, 0xd9, 0x62, 0x0, 0xfc, 0x21, 0x0, 0x15,
    0x0, 0x7c, 0x60, 0x19, 0x40, 0x3f, 0x1b, 0xdf,
    0x65, 0x8, 0x1, 0x48, 0x3, 0xe1, 0x0, 0x8,
    0x18, 0x6, 0x37, 0xbf, 0xc8, 0x41, 0x55, 0x0,
    0x50, 0x1, 0xf0, 0x80, 0x46, 0x0, 0x67, 0xbf,
    0xc8, 0x40, 0xc, 0x74, 0x1, 0x39, 0x0, 0x7c,
    0xc0, 0x10, 0x80, 0x26, 0x10, 0x3, 0xe2, 0xd0,
    0x8, 0xa0, 0x9, 0x9a, 0x77, 0x54, 0x0, 0x5a,
    0x1, 0xff, 0x16, 0x8, 0x5, 0xe0, 0x14, 0xcd,
    0x10, 0x50, 0xc, 0x80, 0x1f, 0xe1, 0xc1, 0x0,
    0xac, 0x80, 0x4, 0x1, 0xfd, 0x22, 0x1, 0xfe,
    0x18, 0x0, 0xa5, 0x0, 0x31, 0x80, 0x71, 0x2d,
    0xb0, 0x7, 0xff, 0x1, 0xb0, 0x61, 0x80, 0x3b,
    0x3f, 0xfb, 0x69, 0x0, 0x3f, 0xf8, 0x47, 0xce,
    0x1, 0xff, 0xc6,

    /* U+52A0 "加" */
    0x0, 0xe2, 0x66, 0x84, 0x3, 0xff, 0x9e, 0xf3,
    0x31, 0x80, 0x7f, 0xf4, 0xcc, 0x3, 0xff, 0x9e,
    0x60, 0x1f, 0xfe, 0x14, 0xbb, 0xff, 0x90, 0x3,
    0xf8, 0x40, 0x3f, 0x89, 0x13, 0xfe, 0x20, 0x47,
    0x7b, 0x40, 0x27, 0x7f, 0x90, 0x3, 0xff, 0x89,
    0x91, 0x12, 0x0, 0x51, 0x1f, 0x70, 0x7, 0x88,
    0xb8, 0x3, 0xff, 0x90, 0x60, 0x1c, 0x3b, 0xbc,
    0x20, 0x1f, 0xfd, 0x88, 0xff, 0x9c, 0x0, 0x3f,
    0xf8, 0x40, 0x3f, 0xf9, 0xc6, 0x1, 0xff, 0xd0,
    0x10, 0x0, 0x80, 0x7c, 0x20, 0x1f, 0xfe, 0x83,
    0x0, 0x38, 0x6, 0x10, 0xf, 0xfe, 0x58, 0x80,
    0x4, 0x3, 0xef, 0x0, 0xff, 0xe4, 0x38, 0x0,
    0x80, 0x3f, 0xfa, 0x4, 0x0, 0xf0, 0xf, 0x84,
    0x3, 0xff, 0x90, 0x20, 0x1, 0x0, 0xff, 0xe7,
    0x90, 0x4, 0x40, 0x10, 0x80, 0x7f, 0xf2, 0xd8,
    0x2, 0x60, 0xf, 0x8c, 0x3, 0xff, 0x8e, 0x60,
    0x11, 0x0, 0x46, 0x1, 0xff, 0xcb, 0xd0, 0x1,
    0x80, 0x7f, 0xf4, 0x14, 0x0, 0xa0, 0x1f, 0x84,
    0x3, 0xff, 0x8c, 0x80, 0x16, 0x0, 0x61, 0x0,
    0xff, 0xe5, 0x68, 0x4, 0x80, 0x1f, 0x9c, 0x3,
    0xff, 0x8a, 0x2c, 0x0, 0x31, 0x0, 0xce, 0x1,
    0xfc, 0x31, 0x1c, 0x20, 0x1c, 0xc0, 0x15, 0x80,
    0x70, 0x80, 0x42, 0x1, 0xe7, 0x7e, 0x0, 0xf4,
    0x80, 0x4c, 0x1, 0xd8, 0x1, 0xff, 0xc8, 0x81,
    0x0, 0x28, 0xb5, 0xdd, 0xac, 0x1, 0x10, 0x7,
    0xff, 0xc, 0x9c, 0x2, 0x80, 0x14, 0x48, 0x80,
    0x23, 0x0, 0xf0, 0xff, 0xf0, 0x80, 0x61, 0x0,
    0x29, 0x1, 0x80, 0x7d, 0x0, 0x1f, 0xfc, 0x42,
    0xd1, 0x8, 0x0, 0x20, 0x6, 0x15, 0xc4, 0x0,
    0xff, 0xe2, 0x9e, 0xb9, 0x0, 0x5f, 0xfb, 0xa8,
    0xc0, 0x33, 0xe6, 0x40, 0x1d, 0x99, 0x38,

    /* U+52A8 "动" */
    0x0, 0xff, 0xe3, 0xb4, 0xc9, 0x40, 0x3f, 0xf9,
    0xfa, 0xcc, 0xd0, 0xf, 0xe1, 0x55, 0xff, 0xe0,
    0x8, 0x7, 0xff, 0x15, 0x2a, 0xbf, 0xf8, 0xe,
    0x1, 0x9c, 0x1, 0xe0, 0x1f, 0xff, 0xb5, 0xdd,
    0xff, 0xe0, 0x30, 0x6, 0x10, 0x0, 0x80, 0x7f,
    0x88, 0xbf, 0xf8, 0x0, 0xbf, 0xf1, 0x0, 0x27,
    0xff, 0xea, 0x0, 0xff, 0xe1, 0x98, 0x7, 0xff,
    0xc5, 0x5d, 0xe0, 0x9, 0x5d, 0xf1, 0x0, 0x44,
    0x5f, 0xfc, 0x33, 0x88, 0x84, 0x1, 0xd1, 0x19,
    0x0, 0x7, 0x9b, 0xbf, 0xfc, 0x25, 0x0, 0x84,
    0x3, 0xe3, 0x0, 0xff, 0xe6, 0xb8, 0x7, 0xc2,
    0x1, 0xff, 0xca, 0x10, 0xc, 0x20, 0x16, 0xdd,
    0xe0, 0x8, 0xee, 0xfc, 0x80, 0x1, 0x0, 0x8c,
    0x3, 0xef, 0x34, 0x49, 0xc0, 0x2a, 0x44, 0xf0,
    0x80, 0xc, 0x3, 0xf3, 0x80, 0x7d, 0x60, 0x13,
    0x80, 0x7f, 0x8, 0x4, 0x20, 0x18, 0x40, 0x2,
    0x1, 0x98, 0x0, 0x82, 0x51, 0xc4, 0x1, 0xce,
    0x0, 0x10, 0xf, 0xfe, 0x2, 0x8, 0x3, 0x83,
    0x1c, 0x6c, 0x3, 0x88, 0x0, 0x60, 0x1c, 0x60,
    0x3, 0x0, 0xbc, 0x2, 0x50, 0x60, 0x3, 0x80,
    0x77, 0x0, 0x18, 0x3, 0xfe, 0x24, 0x0, 0x30,
    0x2, 0x40, 0x2, 0xc0, 0x18, 0xc0, 0x4, 0x1,
    0xc2, 0x0, 0x10, 0x5, 0x80, 0x54, 0x0, 0x14,
    0x0, 0x50, 0x6, 0x50, 0x7, 0x0, 0x7f, 0x85,
    0x80, 0x6, 0x60, 0xb, 0x80, 0x6, 0x40, 0x2,
    0x10, 0x1, 0x80, 0x7e, 0x70, 0x90, 0xa, 0x40,
    0x32, 0x88, 0x2, 0x80, 0xa, 0x1, 0x28, 0x6,
    0x10, 0xc, 0x2e, 0x0, 0x27, 0x35, 0x79, 0xa0,
    0x9, 0x80, 0x16, 0x0, 0x31, 0x0, 0xc6, 0x1,
    0xc, 0x80, 0x45, 0xb9, 0x50, 0xca, 0x20, 0x1,
    0x44, 0x18, 0x2, 0xc0, 0x38, 0x40, 0x23, 0xe0,
    0xf, 0xfe, 0x17, 0x40, 0x4, 0xc0, 0x1c, 0xc0,
    0x19, 0x40, 0x3e, 0x24, 0x68, 0x50, 0x2, 0x18,
    0x1, 0x44, 0x3, 0x14, 0x0, 0x42, 0x68, 0xd1,
    0x59, 0xdf, 0xb7, 0x2f, 0x6b, 0x60, 0x1a, 0x13,
    0xff, 0x69, 0x0, 0x8, 0x1, 0x72, 0xea, 0x62,
    0x1, 0xc3, 0x50, 0x20, 0x6, 0x25, 0x0, 0xfc,
    0xa0, 0x1f, 0xfc, 0x27, 0x30, 0x0, 0xc8, 0x8,
    0x80, 0x3c, 0x90, 0x1, 0xff, 0xc2, 0x76, 0x0,
    0x50, 0x5, 0xe, 0xfa, 0x72, 0xc0, 0x3f, 0xf8,
    0x93, 0x70, 0x80, 0x13, 0x44, 0x66, 0x30, 0x8,

    /* U+5316 "化" */
    0x0, 0xfe, 0x44, 0x0, 0x79, 0x12, 0x30, 0xf,
    0xfe, 0x4c, 0xdf, 0xc8, 0x6, 0xbb, 0xb8, 0x3,
    0xff, 0x90, 0x64, 0x1, 0xff, 0xd3, 0xa0, 0xa,
    0x80, 0x3f, 0xfa, 0xc, 0x0, 0x23, 0x0, 0xff,
    0xe7, 0xb0, 0x4, 0xa0, 0x1f, 0xfc, 0x5a, 0x20,
    0xf, 0xe8, 0x0, 0xa4, 0x3, 0xff, 0x89, 0x4b,
    0x84, 0x1, 0xf3, 0x8, 0x1, 0x84, 0x3, 0xff,
    0x87, 0xa, 0x3, 0x82, 0x1, 0xeb, 0x0, 0xac,
    0x3, 0xff, 0x86, 0xee, 0x0, 0x98, 0x40, 0x39,
    0x48, 0x0, 0x84, 0x1, 0xff, 0xc2, 0x78, 0x0,
    0x9a, 0x0, 0x3d, 0x0, 0x11, 0x0, 0x7f, 0xf0,
    0x9e, 0x0, 0x25, 0x90, 0xf, 0x39, 0x0, 0x7f,
    0xf1, 0x62, 0x0, 0x12, 0x50, 0x7, 0x86, 0x0,
    0x3f, 0xf8, 0xb4, 0xe0, 0x12, 0x58, 0x7, 0xd6,
    0x1, 0xff, 0xc5, 0xb5, 0x0, 0x96, 0xc0, 0x3e,
    0x55, 0x0, 0x7f, 0xf1, 0x9, 0x0, 0x26, 0xa0,
    0xf, 0x86, 0xc0, 0x3f, 0xf9, 0x2f, 0x20, 0x1f,
    0xb4, 0x40, 0x8, 0x1, 0xff, 0xc5, 0x98, 0x0,
    0xfe, 0x20, 0x0, 0xc8, 0x7, 0xf1, 0xe8, 0x6,
    0x1b, 0x60, 0xf, 0xf2, 0x0, 0x28, 0xc0, 0x3f,
    0x3e, 0x10, 0x4, 0x38, 0x80, 0x1f, 0xf7, 0x83,
    0xa0, 0x7, 0xc7, 0x90, 0x1, 0xc6, 0x40, 0x1f,
    0xfc, 0x5, 0x48, 0x0, 0xfa, 0x70, 0xc0, 0x3f,
    0xf9, 0x36, 0x1, 0xf3, 0x30, 0x3, 0x18, 0x7,
    0xff, 0x2, 0xa5, 0x44, 0x3, 0xfc, 0xc4, 0x1,
    0x4e, 0x0, 0x7f, 0xf0, 0x19, 0x95, 0x60, 0x1f,
    0xf4, 0x82, 0x6b, 0x0, 0x7f, 0xf0, 0x44, 0x3,
    0xff, 0x84, 0x97, 0x62, 0x0, 0xff, 0xe2, 0x98,
    0x7, 0xff, 0x1, 0x0, 0x3f, 0xf8, 0x86, 0x1,
    0xff, 0xd4, 0x10, 0x0, 0x80, 0x7f, 0xf2, 0xc,
    0x3, 0xe1, 0x0, 0xbc, 0x3, 0xff, 0x8a, 0x20,
    0x1, 0x71, 0x0, 0xc5, 0x0, 0x11, 0x0, 0x7f,
    0xf1, 0x48, 0x2, 0x8e, 0xff, 0xda, 0xc0, 0x13,
    0x0, 0x7f, 0xf1, 0x6c, 0x3, 0xff, 0x82, 0x46,
    0x1, 0xff, 0xc5, 0x75, 0x0, 0xff, 0x87, 0xc0,
    0x3f, 0xf8, 0xf5, 0xb3, 0xe, 0xfe, 0x8b, 0xe2,
    0x0,

    /* U+533A "区" */
    0x5a, 0xaf, 0xfe, 0x7b, 0x86, 0x2a, 0xff, 0xf3,
    0xf0, 0x3, 0xff, 0xde, 0x20, 0x1d, 0xdf, 0xff,
    0xfc, 0x5d, 0xff, 0xea, 0x0, 0xfe, 0x85, 0x0,
    0xff, 0x87, 0x30, 0x20, 0x1f, 0xfc, 0x7, 0x75,
    0x30, 0x7, 0xfb, 0x44, 0xfd, 0x0, 0x3f, 0xc9,
    0x0, 0x9, 0x60, 0xf, 0xd2, 0x60, 0x1, 0x60,
    0xf, 0xf2, 0x20, 0x2, 0x97, 0x0, 0xf2, 0xb0,
    0x5, 0x44, 0x1, 0xff, 0x5a, 0x0, 0x51, 0x0,
    0xc, 0x94, 0x1, 0x32, 0x80, 0x7f, 0xf0, 0x6d,
    0x40, 0x27, 0x90, 0x1, 0x58, 0x4, 0x72, 0x1,
    0xff, 0xc3, 0xa5, 0x0, 0x9a, 0x47, 0x0, 0x22,
    0xd0, 0xf, 0xfe, 0x2d, 0x28, 0x4, 0xdc, 0x20,
    0x1, 0xf1, 0x0, 0xff, 0xe3, 0x52, 0x80, 0x7d,
    0xa4, 0x1, 0xff, 0xc8, 0xa5, 0x0, 0xea, 0x30,
    0xf, 0xfe, 0x48, 0xb0, 0x7, 0x78, 0x7, 0xff,
    0x24, 0x70, 0xc0, 0x39, 0x68, 0x3, 0xff, 0x8e,
    0x38, 0x40, 0x11, 0x80, 0x4b, 0x40, 0x1f, 0xfc,
    0x52, 0xf2, 0x0, 0xa3, 0x14, 0x2, 0x5a, 0x0,
    0xff, 0xe1, 0xa6, 0x8, 0x5, 0x2e, 0x14, 0x80,
    0x12, 0xc8, 0x7, 0xff, 0x5, 0xec, 0x40, 0x29,
    0x60, 0xa, 0xd0, 0x2, 0x69, 0x0, 0xff, 0xaa,
    0x0, 0x35, 0x30, 0x7, 0x5a, 0x0, 0x4d, 0x20,
    0x1f, 0xc8, 0xa0, 0x10, 0xe2, 0x80, 0x7d, 0x66,
    0x1, 0x33, 0x80, 0x7e, 0x46, 0x0, 0x16, 0x18,
    0x7, 0xf6, 0x18, 0x0, 0x54, 0x3, 0xfa, 0x4d,
    0x74, 0x80, 0x3f, 0xed, 0x21, 0xc2, 0x0, 0xff,
    0x6d, 0x0, 0x7f, 0xf0, 0x47, 0x30, 0x40, 0x1f,
    0xa5, 0xdc, 0xce, 0xff, 0xfc, 0x36, 0x57, 0x7c,
    0x40, 0x19, 0xe2, 0x3f, 0xf9, 0x88, 0x1, 0xff,
    0xf0, 0x9f, 0xff, 0xfe, 0x83, 0x0,

    /* U+5355 "单" */
    0x0, 0xfe, 0x10, 0xf, 0xfe, 0x0, 0x80, 0x7f,
    0xf1, 0xf, 0x3c, 0x40, 0x3f, 0xcb, 0xd4, 0x60,
    0x1f, 0xfc, 0x13, 0xc3, 0x1d, 0x0, 0xfe, 0x2b,
    0x5, 0xc2, 0x0, 0xff, 0xe0, 0x1b, 0x0, 0xe,
    0xc0, 0x3f, 0x70, 0x80, 0x24, 0x80, 0x3f, 0xf8,
    0x32, 0x60, 0x4, 0x90, 0xf, 0x51, 0x80, 0x19,
    0x80, 0x1f, 0xfc, 0x3d, 0x10, 0x7, 0x0, 0x73,
    0xa8, 0x0, 0xe4, 0x3, 0xfe, 0xce, 0xed, 0xe2,
    0x0, 0x9e, 0xee, 0x80, 0x8, 0xfb, 0xba, 0x0,
    0x3c, 0x23, 0xe0, 0x8, 0x47, 0xc0, 0x1c, 0x23,
    0xe0, 0xf, 0xfe, 0xe9, 0xe6, 0x7c, 0x20, 0x3,
    0xcc, 0xf8, 0x40, 0x3f, 0xf8, 0xe, 0x67, 0xf0,
    0x4, 0xe6, 0x7f, 0x0, 0x7f, 0xff, 0xc0, 0x9,
    0xff, 0xf0, 0x80, 0x13, 0xff, 0xe1, 0x0, 0xff,
    0xf0, 0x91, 0x7c, 0x1, 0x88, 0xbe, 0x0, 0xff,
    0xe0, 0xa6, 0xef, 0xc2, 0x0, 0x4d, 0xdf, 0x84,
    0x3, 0xff, 0xfe, 0x9, 0xff, 0xf0, 0x80, 0x13,
    0xff, 0xe1, 0x0, 0xff, 0xfe, 0xfe, 0xef, 0xf8,
    0x40, 0x9, 0xbb, 0xfe, 0x80, 0xf, 0x11, 0x7f,
    0xc0, 0x18, 0x8b, 0xfc, 0x20, 0x1f, 0xfd, 0x75,
    0x5f, 0xfe, 0x10, 0x4, 0xea, 0xbf, 0xfc, 0x13,
    0xba, 0xaf, 0xfe, 0x8, 0x80, 0xe, 0xab, 0xff,
    0x83, 0x20, 0x1f, 0xff, 0x4e, 0xff, 0xff, 0xe0,
    0x88, 0x1, 0x3f, 0xff, 0xf8, 0x34, 0x1, 0xff,
    0xff, 0x0, 0xff, 0xf4, 0x80,

    /* U+5361 "卡" */
    0x0, 0xff, 0xf0, 0x4f, 0xfc, 0x80, 0x1f, 0xff,
    0xf0, 0xf, 0xff, 0xf8, 0x7, 0xf5, 0xff, 0xff,
    0xf0, 0x0, 0x3f, 0xff, 0xe0, 0x1f, 0x9a, 0x67,
    0xff, 0x80, 0x1, 0xff, 0xc7, 0xd6, 0x6f, 0xfe,
    0x0, 0x7, 0xff, 0xfc, 0x3, 0xff, 0x98, 0xef,
    0xff, 0xc0, 0x50, 0xb, 0x9d, 0xff, 0xf8, 0x71,
    0x1f, 0xfc, 0x3, 0x0, 0x96, 0x23, 0xff, 0x85,
    0x20, 0x1f, 0xff, 0x4f, 0xff, 0xfe, 0x3, 0x0,
    0x53, 0xff, 0xff, 0xc2, 0xe0, 0xf, 0xfe, 0x21,
    0x80, 0x7f, 0xf5, 0x71, 0x40, 0x3f, 0xfa, 0x30,
    0x75, 0x86, 0x1, 0xff, 0xce, 0x27, 0x0, 0x1e,
    0x51, 0x0, 0x7f, 0xf3, 0xa, 0x44, 0x2, 0x5d,
    0x81, 0x0, 0xff, 0xe5, 0xb7, 0x38, 0x6, 0x7f,
    0x60, 0xf, 0xfe, 0x64, 0x6a, 0x0, 0x43, 0x3a,
    0x80, 0x1f, 0xfc, 0xb2, 0xbb, 0x10, 0x4, 0x57,
    0x20, 0x1f, 0xfc, 0xc4, 0xd8, 0x0, 0xde, 0x1,
    0xff, 0xce, 0x7e, 0x50, 0x26, 0x0, 0xff, 0xe7,
    0x8d, 0x5f, 0x0, 0x7f, 0xf4, 0x90, 0xc0, 0x3f,
    0xff, 0xe0, 0x1f, 0xfc, 0xc0,

    /* U+538B "压" */
    0x0, 0xca, 0xef, 0xff, 0xcf, 0x60, 0xe, 0xe8,
    0x8f, 0xfe, 0x7d, 0x80, 0x7f, 0xff, 0xc0, 0x7f,
    0xff, 0xf9, 0x9a, 0x1, 0xff, 0xc7, 0x68, 0x88,
    0x3, 0xff, 0xa5, 0xae, 0xf0, 0x7, 0xff, 0xfc,
    0x3, 0xff, 0xfe, 0x1, 0xff, 0xde, 0x88, 0xfc,
    0xc0, 0x14, 0x47, 0xf2, 0x0, 0x7f, 0xc2, 0xef,
    0xf8, 0x80, 0x27, 0x7f, 0xed, 0x0, 0xf3, 0x80,
    0xc, 0x3, 0xff, 0xe8, 0x20, 0x18, 0x7f, 0xff,
    0x20, 0x5, 0xff, 0xfd, 0x20, 0x1f, 0xc2, 0x1,
    0xff, 0xc6, 0x20, 0xf, 0xf8, 0xc0, 0xe, 0x1,
    0xff, 0xc5, 0x8d, 0x50, 0xf, 0xf0, 0x80, 0x4,
    0x3, 0xff, 0x89, 0xe, 0x14, 0xa0, 0x1f, 0x84,
    0x2, 0x20, 0xf, 0xfe, 0x26, 0x80, 0x54, 0x80,
    0x1f, 0x10, 0x5, 0xc0, 0x1f, 0xfc, 0x45, 0x90,
    0xa, 0xcc, 0x3, 0xca, 0x1, 0x10, 0x7, 0xff,
    0x15, 0xa0, 0x2, 0xc3, 0x0, 0xef, 0x0, 0x94,
    0x3, 0xff, 0x8c, 0xec, 0x1, 0x28, 0x7, 0x20,
    0x0, 0x44, 0x1, 0xff, 0xc7, 0x94, 0x9, 0x60,
    0xc, 0x64, 0x0, 0x70, 0xf, 0xfe, 0x4d, 0xd9,
    0x80, 0x3a, 0x80, 0x2c, 0x29, 0x9f, 0xf2, 0x80,
    0x53, 0x3f, 0x6c, 0xcc, 0x0, 0x16, 0x0, 0xa,
    0xb3, 0x7f, 0xc2, 0x1, 0x33, 0x7f, 0xc2, 0x10,
    0x1, 0x38, 0x7, 0xff, 0x45, 0x0, 0x2b, 0x0,
    0xff, 0xe8, 0xe1, 0x83, 0x10, 0x27, 0xff, 0xff,
    0x34, 0x40, 0x71, 0x6c, 0x3, 0xff, 0xa2,

    /* U+53BB "去" */
    0x0, 0xff, 0xe1, 0x55, 0x50, 0x1, 0xff, 0xd0,
    0x55, 0xc0, 0x1f, 0xff, 0xf0, 0xf, 0xfe, 0xc8,
    0x8f, 0xff, 0x0, 0x3, 0x8, 0xff, 0xc0, 0x1d,
    0x5d, 0xdf, 0xf0, 0x4, 0x5d, 0xdf, 0xf3, 0x80,
    0x7f, 0xfe, 0x22, 0xab, 0xfe, 0x0, 0x86, 0xab,
    0xfe, 0x50, 0xc, 0x6a, 0xbf, 0xf0, 0x4, 0x6a,
    0xbf, 0xf1, 0x0, 0x7f, 0xff, 0xc0, 0x3f, 0xfd,
    0x66, 0x89, 0xff, 0xc1, 0x0, 0xc8, 0x9f, 0xfc,
    0x12, 0xdb, 0xbf, 0xfe, 0x8, 0x4, 0x57, 0x7f,
    0xfc, 0x18, 0x0, 0xff, 0xfa, 0x66, 0x7f, 0xc4,
    0x1, 0x26, 0x67, 0xff, 0xe, 0xc8, 0xcf, 0xfa,
    0x88, 0x0, 0x54, 0x67, 0xff, 0xc3, 0x10, 0xf,
    0xe7, 0x60, 0xb, 0x84, 0x3, 0x2f, 0x28, 0x7,
    0xff, 0x15, 0x60, 0x2, 0xa3, 0x0, 0xd3, 0x43,
    0x46, 0x1, 0xff, 0xc3, 0x4a, 0x0, 0xa1, 0x40,
    0x3b, 0x0, 0x2d, 0x20, 0xf, 0xfe, 0x9, 0xd8,
    0x4, 0xae, 0x1, 0xe5, 0x70, 0x0, 0xf8, 0x80,
    0x7f, 0xc7, 0x80, 0x12, 0x50, 0x7, 0xe8, 0x50,
    0x1, 0x68, 0x7, 0xf9, 0x30, 0x2, 0x3b, 0x0,
    0xff, 0x51, 0x80, 0xe, 0x80, 0x3f, 0x35, 0x80,
    0x47, 0x80, 0x1f, 0x84, 0x8c, 0xd4, 0x1, 0x2c,
    0x0, 0x79, 0xe4, 0x3, 0x3d, 0xe6, 0x37, 0xb9,
    0xff, 0x76, 0xe6, 0x24, 0x3, 0x3b, 0x0, 0x7f,
    0xc8, 0x83, 0x31, 0x8, 0x80, 0x3f, 0xf8, 0x32,
    0x80, 0x19, 0x40, 0x3f, 0xf9, 0xd4, 0x40, 0x11,
    0x10, 0x2, 0x12, 0x33, 0x22, 0xb3, 0xba, 0x26,
    0xa9, 0x79, 0xbd, 0xcf, 0x30, 0x8, 0x40, 0x36,
    0xff, 0xdd, 0xb9, 0x8b, 0xa9, 0x88, 0x3b, 0x2a,
    0x90, 0xc8, 0x44, 0x1a, 0x25, 0x86, 0x1, 0xff,
    0xcf, 0x1d, 0xd1, 0x0, 0x0,

    /* U+53C2 "参" */
    0x0, 0xff, 0xe1, 0x20, 0x7, 0xff, 0x52, 0xaf,
    0x98, 0x3, 0xff, 0xa0, 0x58, 0xa0, 0x36, 0x40,
    0x13, 0x18, 0x7, 0xff, 0x25, 0xb4, 0xc0, 0xb,
    0xa4, 0x0, 0x79, 0xc7, 0x0, 0xff, 0xe3, 0xd,
    0xc8, 0x5, 0x34, 0x1, 0xd, 0x0, 0x23, 0x4,
    0x3, 0xff, 0x86, 0xfc, 0x80, 0x3, 0xd6, 0x0,
    0xc3, 0xac, 0x0, 0x3f, 0x50, 0xf, 0xfe, 0x2,
    0xec, 0x0, 0x53, 0x84, 0x1, 0xe1, 0x87, 0x0,
    0xd, 0x48, 0x7, 0xfa, 0xe8, 0x80, 0x21, 0xbd,
    0xee, 0x7f, 0xf7, 0x71, 0xc0, 0x33, 0x69, 0x80,
    0x7e, 0x20, 0xe, 0x12, 0x20, 0x88, 0x3, 0xff,
    0x82, 0x58, 0xc0, 0x1f, 0x60, 0x7, 0xc2, 0x20,
    0x8, 0x4d, 0x10, 0xac, 0xc7, 0x73, 0x0, 0x5a,
    0x1, 0xf2, 0xef, 0x73, 0xff, 0x73, 0x80, 0x51,
    0x97, 0x6a, 0x99, 0x44, 0x26, 0x80, 0x68, 0x3,
    0xf1, 0x8, 0x80, 0x31, 0x30, 0x0, 0x58, 0x3,
    0xf9, 0x72, 0xc4, 0x3, 0x84, 0x7f, 0xd0, 0x1,
    0x48, 0x8f, 0xfc, 0x48, 0x23, 0x0, 0x13, 0xbb,
    0xfc, 0xa0, 0x14, 0x77, 0x7f, 0xf0, 0xf0, 0x3,
    0xff, 0xb2, 0x23, 0xf0, 0x7, 0x8, 0xf8, 0x3,
    0x84, 0x7e, 0x60, 0x2, 0x77, 0x7b, 0xc8, 0x2,
    0x6e, 0xef, 0x68, 0x80, 0x7, 0x3b, 0xbd, 0x60,
    0x1f, 0x8b, 0x8, 0x0, 0xb2, 0x1, 0xc6, 0x34,
    0x0, 0x1c, 0x40, 0xf, 0xfe, 0xa, 0xe9, 0x0,
    0x12, 0x80, 0x21, 0x6c, 0xc7, 0xa5, 0x0, 0x6,
    0xe4, 0x3, 0xfc, 0x55, 0x40, 0x9, 0xac, 0x5,
    0xaf, 0xa4, 0xc0, 0xd1, 0x6c, 0x2, 0x6e, 0x60,
    0xf, 0xc, 0xea, 0x80, 0x51, 0xb1, 0x9d, 0x28,
    0x1, 0x1d, 0x20, 0x26, 0x8, 0x0, 0x67, 0x58,
    0x40, 0x15, 0xcc, 0x1, 0xd1, 0x6e, 0x60, 0x10,
    0xb6, 0x61, 0x41, 0x2d, 0x7d, 0x40, 0x22, 0x9e,
    0x50, 0xf, 0x3e, 0x0, 0x70, 0xb5, 0xf4, 0x98,
    0x2e, 0xda, 0x58, 0xd5, 0x88, 0x6, 0x40, 0x80,
    0x2, 0xec, 0x19, 0x85, 0x23, 0x7a, 0x50, 0xe,
    0x7a, 0x88, 0x0, 0x46, 0x9, 0xd2, 0x20, 0xc2,
    0x5, 0x39, 0x44, 0x0, 0xce, 0xb7, 0x20, 0x48,
    0xec, 0x61, 0x0, 0xc, 0x79, 0x80, 0x4d, 0xd3,
    0x60, 0x13, 0x18, 0x7, 0x8d, 0xef, 0xed, 0xc4,
    0x2, 0x4a, 0xe7, 0x0, 0x14, 0xd0, 0x1, 0x88,
    0x3, 0xc8, 0xf5, 0xbf, 0x90, 0x80, 0x18, 0xe7,
    0xad, 0x40, 0x7, 0x5a, 0xca, 0x80, 0x1f, 0xdf,
    0xa, 0x40, 0x18, 0x56, 0x7b, 0x18, 0x40, 0xb,
    0x78, 0xa0, 0x17, 0x80, 0x7f, 0x68, 0x4, 0x4b,
    0x1b, 0xd4, 0xc2, 0x0, 0x4a, 0xfa, 0x40, 0x8,
    0x62, 0xc0, 0x3f, 0x9e, 0x73, 0xf6, 0x9c, 0x80,
    0x2, 0xb5, 0xd6, 0xa0, 0x18, 0xa7, 0x9c, 0x3,
    0xfc, 0x2c, 0x60, 0x11, 0xb5, 0x6f, 0x52, 0x88,
    0x4, 0x2d, 0x9a, 0xc0, 0x1f, 0xfc, 0x3, 0x58,
    0xad, 0xfc, 0x95, 0x20, 0xc, 0x2d, 0x7d, 0x26,
    0x1, 0xff, 0xc0, 0xbf, 0xca, 0x75, 0x20, 0xf,
    0x24, 0x67, 0x4a, 0x0, 0x7f, 0xf0, 0xf0, 0x3,
    0xe2, 0x58, 0xcf, 0xb7, 0x30, 0xf, 0xfe, 0x33,
    0x0, 0x9b, 0x4e, 0x7e, 0xd3, 0x98, 0x7, 0xff,
    0x28, 0x7b, 0x99, 0x2c, 0x60, 0x1f, 0xfc, 0xc0,

    /* U+53CC "双" */
    0x4, 0x88, 0xff, 0xe0, 0x82, 0xc4, 0x7f, 0xf0,
    0x80, 0x36, 0x3b, 0xff, 0xf0, 0x47, 0x9d, 0xff,
    0xf8, 0x42, 0x1, 0xff, 0xfb, 0x8e, 0xef, 0xe8,
    0x0, 0x84, 0x80, 0x3, 0xff, 0xf3, 0x0, 0x42,
    0x1, 0x84, 0x7f, 0xb4, 0x0, 0x41, 0xc0, 0x1,
    0x10, 0x7, 0x88, 0x0, 0x40, 0x1e, 0x6c, 0x0,
    0xf3, 0x80, 0x1c, 0xc, 0x2, 0x50, 0xf, 0x28,
    0x1, 0xc0, 0x30, 0xe4, 0x9c, 0x0, 0x71, 0x0,
    0x8, 0x14, 0x2, 0x30, 0xe, 0x21, 0x0, 0x68,
    0x6, 0x10, 0x9, 0xcc, 0x2, 0x30, 0xb, 0x0,
    0x48, 0x1, 0xa0, 0x1c, 0xe0, 0x12, 0x0, 0x77,
    0x80, 0x5e, 0x1, 0x20, 0x4, 0xa0, 0x7, 0x0,
    0x20, 0x7, 0x60, 0x4, 0x60, 0x1c, 0x6c, 0x0,
    0x36, 0x0, 0x58, 0x0, 0x84, 0x1, 0x80, 0x1,
    0x10, 0x6, 0x40, 0x1, 0x80, 0x7d, 0x22, 0x0,
    0x91, 0x11, 0x80, 0x10, 0x2, 0x40, 0x9, 0x0,
    0x22, 0x20, 0x2, 0xc0, 0x3f, 0x58, 0x5, 0x6e,
    0x1, 0x68, 0x4, 0x42, 0x0, 0xe0, 0x9, 0x40,
    0x24, 0x0, 0xfc, 0xa8, 0x0, 0x58, 0x0, 0x90,
    0x3, 0x38, 0x1, 0x0, 0x2a, 0x0, 0x9, 0x80,
    0x7f, 0x48, 0x4, 0x20, 0x4, 0x0, 0xea, 0x0,
    0x94, 0x8, 0x80, 0x6, 0x0, 0xff, 0x13, 0x80,
    0x77, 0x0, 0x71, 0x90, 0x2, 0x42, 0x0, 0x2a,
    0x0, 0xff, 0xa0, 0x40, 0x21, 0x50, 0xf, 0x28,
    0x0, 0xd5, 0x40, 0x4, 0x20, 0xf, 0xfe, 0x3,
    0x80, 0x44, 0x1, 0xf4, 0x80, 0x54, 0x1, 0x78,
    0x7, 0xff, 0x0, 0x98, 0x2, 0x35, 0x0, 0xf0,
    0xb0, 0x7, 0x1a, 0x0, 0x7f, 0xf0, 0x20, 0x3,
    0xa0, 0x3, 0xe8, 0x0, 0xef, 0x0, 0xff, 0xe0,
    0x22, 0x80, 0x71, 0x38, 0x7, 0x84, 0xc0, 0x23,
    0x30, 0x7, 0xfc, 0x34, 0x1, 0x38, 0x80, 0x20,
    0x40, 0x39, 0xcc, 0x2, 0x34, 0x0, 0xff, 0xac,
    0x40, 0x5, 0x10, 0x0, 0xac, 0x3, 0x2c, 0x0,
    0x75, 0x10, 0x7, 0xf3, 0x28, 0x5, 0xc0, 0xc4,
    0x0, 0x51, 0x0, 0x35, 0x0, 0x42, 0x0, 0x1c,
    0x20, 0xf, 0x8a, 0x40, 0x27, 0x30, 0x4, 0x80,
    0xe0, 0x83, 0xc8, 0x4, 0x9e, 0x40, 0x1, 0xf2,
    0x0, 0xe1, 0xf0, 0x8, 0xe0, 0x2, 0x48, 0xf3,
    0x9, 0x80, 0x8, 0xec, 0x78, 0x2, 0x2c, 0x30,
    0xd, 0xa4, 0x1, 0x70, 0x7, 0x38, 0x96, 0x30,
    0x4, 0x7a, 0x0, 0x3b, 0x0, 0x87, 0x14, 0x1,
    0x46, 0x1, 0x51, 0x0, 0x79, 0x74, 0xc0, 0x23,
    0xc1, 0x0, 0x92, 0x80, 0x35, 0x48, 0x78, 0x4,
    0xea, 0x1, 0xe7, 0xa0, 0xc, 0xb8, 0x1, 0xe5,
    0xa0, 0xc, 0xa0, 0xb2, 0xb, 0x0, 0x1f, 0x30,
    0x80, 0x51, 0x40, 0x1f, 0x96, 0xc0, 0x2e, 0x0,
    0x34, 0xd0, 0x7, 0xe1, 0xd0, 0x1b, 0x70, 0xf,
    0xf2, 0x60, 0xc9, 0x0, 0x4c, 0x1, 0xfe, 0x3b,
    0xf4, 0x0, 0xff, 0xe0, 0x1f, 0xb0, 0x0,

    /* U+53CD "反" */
    0x0, 0xff, 0xe6, 0x92, 0x2b, 0xcb, 0x80, 0x7f,
    0xf0, 0xc4, 0x8d, 0x15, 0x9e, 0x6a, 0xf7, 0xbf,
    0x6e, 0xa1, 0xac, 0x3, 0xf6, 0x6f, 0x73, 0xfe,
    0xed, 0xcb, 0xa9, 0x86, 0x54, 0x21, 0x0, 0xf1,
    0x80, 0x7e, 0x22, 0x8, 0x80, 0x3f, 0xf9, 0x44,
    0x1, 0xff, 0xca, 0x12, 0x45, 0x68, 0x9b, 0xde,
    0xf2, 0x0, 0xff, 0x13, 0x3c, 0x4d, 0x52, 0xf7,
    0xbf, 0xdd, 0xb7, 0x52, 0xec, 0x84, 0x20, 0x1f,
    0xfc, 0x7, 0x98, 0x76, 0x55, 0x21, 0x8, 0x7,
    0xff, 0xfc, 0x3, 0xff, 0xce, 0xbf, 0xff, 0xfc,
    0x90, 0xf, 0xff, 0xf8, 0x7, 0x12, 0x80, 0x44,
    0xcd, 0xff, 0x28, 0x7, 0xff, 0x4, 0x40, 0x9,
    0x44, 0x0, 0x28, 0x99, 0xff, 0x18, 0x4, 0xc0,
    0x1f, 0xfc, 0x2b, 0x0, 0xa0, 0x3, 0xf8, 0x58,
    0x2, 0x80, 0xf, 0xfe, 0x13, 0x10, 0x1, 0x8c,
    0x3, 0xf4, 0x80, 0x4c, 0x20, 0x1f, 0xfc, 0x1,
    0x0, 0x40, 0x5, 0xc0, 0x1f, 0x13, 0x80, 0x50,
    0x1, 0xfc, 0x20, 0x17, 0x80, 0x15, 0x0, 0x5,
    0x0, 0x1e, 0xe0, 0x9, 0xc4, 0x3, 0xf8, 0x80,
    0x21, 0x0, 0xa4, 0x2, 0x75, 0x0, 0xd2, 0x60,
    0x1, 0x80, 0xf, 0xf3, 0x80, 0x46, 0x1, 0x14,
    0x80, 0x54, 0x60, 0x6, 0x60, 0x5, 0x40, 0x1f,
    0xf1, 0x80, 0x4c, 0x1, 0x99, 0x0, 0x2c, 0x45,
    0x90, 0x9, 0x90, 0x3, 0xfe, 0xd0, 0x8, 0xc0,
    0x3a, 0x88, 0x2, 0xba, 0x0, 0x8e, 0x40, 0x3f,
    0xf8, 0x8, 0x0, 0x20, 0xf, 0xe, 0x8, 0x7,
    0x8b, 0x40, 0x3f, 0xf8, 0x8, 0x20, 0x7, 0x0,
    0xf8, 0x60, 0x3, 0xd2, 0x20, 0x1f, 0xfc, 0xe,
    0x0, 0xbc, 0x3, 0xc5, 0x52, 0x1, 0xeb, 0x91,
    0x0, 0xff, 0x12, 0x80, 0x4a, 0x1, 0x8a, 0x75,
    0x40, 0x3f, 0x37, 0x40, 0x80, 0x7e, 0x80, 0x9,
    0x40, 0x24, 0xbd, 0x60, 0xc, 0x35, 0x20, 0x1c,
    0xfd, 0x48, 0x1, 0xc8, 0xa0, 0x14, 0x94, 0x6d,
    0xa0, 0x7, 0x37, 0xab, 0x6a, 0x0, 0x72, 0xdf,
    0x49, 0x80, 0x28, 0x2, 0x4b, 0xd7, 0x20, 0xe,
    0x4d, 0x91, 0x0, 0x15, 0xd8, 0x80, 0x38, 0x5b,
    0x80, 0x48, 0x2, 0x99, 0x0, 0x79, 0x72, 0xc8,
    0x3, 0xc9, 0xb4, 0x60, 0x1d, 0x60, 0x38, 0x60,
    0xe4, 0x2e, 0x1, 0x36, 0xd1, 0x80, 0x7f, 0x97,
    0x30, 0xa0, 0x1, 0x60, 0xb, 0x1a, 0x0, 0x10,
    0x93, 0xf2, 0x40, 0x1f, 0xfc, 0x23, 0xae, 0x9b,
    0x0, 0x0,

    /* U+53D1 "发" */
    0x0, 0xff, 0xe0, 0xa2, 0xc, 0x40, 0x3c, 0xa0,
    0x1f, 0xfc, 0x15, 0x63, 0x0, 0xf5, 0xdb, 0x2c,
    0x3, 0xa2, 0xb5, 0x0, 0x3f, 0xe8, 0x9c, 0xf0,
    0xc, 0x20, 0x11, 0x0, 0x62, 0x70, 0x2b, 0xa1,
    0x0, 0xfc, 0x24, 0x0, 0x30, 0xc, 0x40, 0x17,
    0x0, 0x66, 0x10, 0x9, 0x79, 0xc0, 0x3e, 0x40,
    0xa, 0xc0, 0x32, 0x80, 0x44, 0x1, 0x93, 0x9c,
    0x3, 0x41, 0x0, 0x7b, 0x0, 0x24, 0x0, 0xde,
    0x1, 0x28, 0x7, 0xa3, 0x4c, 0x0, 0xe4, 0x1,
    0xe7, 0x0, 0x8c, 0x3, 0x28, 0x0, 0x44, 0x1,
    0xf1, 0x65, 0x14, 0x0, 0x78, 0x84, 0x0, 0x4a,
    0xbc, 0x60, 0x3, 0x55, 0xff, 0x4, 0x2a, 0xf0,
    0x1, 0x80, 0x22, 0xaa, 0xe0, 0x8, 0xaa, 0xbf,
    0xf8, 0x96, 0x1, 0xff, 0xd7, 0x70, 0xf, 0xfe,
    0xa1, 0xff, 0xfe, 0x10, 0x0, 0xff, 0xff, 0xf1,
    0x78, 0x3, 0xfc, 0x62, 0x0, 0x70, 0xf, 0xfe,
    0x85, 0x80, 0x58, 0x1, 0xff, 0xd0, 0x50, 0x8,
    0x99, 0xbf, 0xf8, 0x44, 0x1, 0xff, 0xc0, 0x42,
    0x0, 0xa2, 0x67, 0xff, 0x84, 0x80, 0x1f, 0xfc,
    0xe, 0x0, 0xff, 0xe9, 0x8a, 0x80, 0x7f, 0xf4,
    0xe4, 0x3, 0xd7, 0xff, 0xfb, 0x80, 0x33, 0x80,
    0x7f, 0x85, 0xc0, 0x3d, 0x20, 0x1f, 0xac, 0x2,
    0x81, 0x0, 0xff, 0x40, 0x4, 0xcc, 0x0, 0x14,
    0x80, 0x79, 0x94, 0x0, 0x4e, 0x1, 0xfe, 0x36,
    0x0, 0xa2, 0x2, 0x0, 0x66, 0x0, 0x63, 0x90,
    0xb, 0x80, 0x3f, 0xee, 0x0, 0xa0, 0x45, 0x60,
    0x14, 0xa8, 0x0, 0xf0, 0x2, 0x83, 0x0, 0xff,
    0x41, 0x0, 0x9, 0xc0, 0xa, 0xc0, 0x15, 0x2a,
    0x60, 0x4, 0xae, 0x1, 0xfe, 0x47, 0x0, 0xb8,
    0x3, 0x4a, 0x0, 0x55, 0x60, 0x11, 0xd0, 0x7,
    0xf8, 0xa8, 0x2, 0x63, 0x0, 0xeb, 0x30, 0xf,
    0x26, 0x0, 0x7f, 0x87, 0xc4, 0x0, 0x52, 0x1,
    0xe2, 0x70, 0xf, 0x10, 0x80, 0x7f, 0xb4, 0x80,
    0x3, 0xe0, 0x1c, 0x75, 0xa8, 0x1, 0xe6, 0xe8,
    0x20, 0xf, 0xac, 0xc0, 0x2a, 0x20, 0x9, 0x73,
    0xa, 0x1, 0x90, 0x40, 0x33, 0xed, 0xa8, 0x7,
    0x10, 0x5, 0x8, 0x9, 0x3f, 0x46, 0x1, 0x8a,
    0xed, 0xec, 0x1, 0xc9, 0x5f, 0x4c, 0x21, 0x0,
    0x6, 0x78, 0xeb, 0x60, 0xe, 0x2a, 0xd4, 0x1,
    0x9d, 0x50, 0xf, 0x2c, 0xd0, 0xb, 0x2c, 0x80,
    0x4, 0x3, 0x92, 0xb5, 0x40, 0x38, 0xab, 0x58,
    0x3, 0xdc, 0x0, 0x8a, 0x0, 0x48, 0x4, 0x2f,
    0xb6, 0xa0, 0x1f, 0xc5, 0x3d, 0x26, 0x0, 0x15,
    0x0, 0x8, 0x4, 0x2e, 0xb7, 0xd0, 0x40, 0x1f,
    0xfc, 0x11, 0x6c, 0xd8, 0x90,

    /* U+53D6 "取" */
    0x0, 0x8, 0xff, 0xf0, 0xc0, 0x3f, 0xf8, 0xd5,
    0xdd, 0xff, 0xc3, 0x20, 0xf, 0xfe, 0xb2, 0xb3,
    0x7f, 0xf0, 0x8, 0x3, 0xff, 0x91, 0x73, 0x3f,
    0xfc, 0x4, 0x0, 0xa2, 0xcc, 0x0, 0x97, 0x7c,
    0x40, 0x6, 0xb2, 0x0, 0xff, 0xe2, 0x92, 0x38,
    0x0, 0x91, 0x38, 0x40, 0x1c, 0x80, 0x1f, 0xfd,
    0x73, 0x0, 0x37, 0x77, 0x80, 0x23, 0x0, 0xff,
    0xe4, 0x30, 0x0, 0x84, 0x78, 0x80, 0x27, 0x0,
    0xfc, 0x67, 0xe1, 0x0, 0xe3, 0x0, 0x30, 0x7,
    0x30, 0x4, 0x40, 0x1f, 0x97, 0x33, 0x88, 0x3,
    0xb4, 0x0, 0x40, 0x1d, 0xa0, 0x2, 0x0, 0xff,
    0xe4, 0xb8, 0x4, 0x60, 0x18, 0xc0, 0xe, 0x1,
    0xff, 0xc9, 0x20, 0x9, 0x40, 0x32, 0x80, 0x30,
    0x3, 0xf9, 0xbf, 0xf8, 0xc0, 0x3c, 0x60, 0xc,
    0x0, 0x88, 0x40, 0xa, 0x1, 0xff, 0xca, 0x40,
    0x3, 0x80, 0x48, 0x1, 0x18, 0x7, 0xff, 0x2b,
    0x0, 0x4, 0x40, 0x6, 0x80, 0x10, 0x3, 0xff,
    0x96, 0x80, 0x12, 0x80, 0x10, 0x1, 0xa0, 0x1f,
    0xe6, 0xff, 0xe3, 0x0, 0xf9, 0x40, 0x16, 0xa,
    0x1, 0x38, 0x7, 0xff, 0x33, 0xc0, 0x6, 0x6e,
    0x0, 0x20, 0x80, 0x7f, 0xf3, 0x14, 0x2, 0x84,
    0x0, 0x70, 0x7, 0xfc, 0xb9, 0x9c, 0x40, 0x1f,
    0x98, 0x0, 0x80, 0x1, 0x50, 0xf, 0xf8, 0xcf,
    0xc2, 0x1, 0xfa, 0xc0, 0x3a, 0x40, 0x3f, 0xf9,
    0xe4, 0xa0, 0x10, 0xb8, 0x7, 0xff, 0x27, 0x5e,
    0x44, 0x2, 0x20, 0xc, 0x20, 0x1f, 0xfc, 0x22,
    0x47, 0xa3, 0x0, 0x2c, 0x31, 0x80, 0x11, 0xc0,
    0x21, 0xa0, 0xf, 0xc4, 0xe0, 0x6, 0xfd, 0xb8,
    0x50, 0xf, 0xc5, 0x40, 0x1c, 0x92, 0x1, 0xc5,
    0xfa, 0x60, 0x1f, 0xf0, 0x9b, 0x19, 0x60, 0x80,
    0x20, 0x40, 0xd, 0x0, 0x18, 0xc0, 0x3f, 0xa,
    0x30, 0x80, 0x27, 0x24, 0xf0, 0x40, 0xe, 0xea,
    0x0, 0x9e, 0x40, 0x21, 0x0, 0xa, 0x34, 0xe7,
    0xf5, 0xc9, 0x0, 0x63, 0xc1, 0x0, 0x2c, 0x2,
    0x48, 0x4, 0xd4, 0x1, 0x5f, 0x72, 0xe5, 0x8c,
    0x3, 0xf2, 0x60, 0x80, 0x12, 0x80, 0x26, 0x80,
    0x9, 0x6c, 0x0, 0x82, 0x1, 0xff, 0xc1, 0xc0,
    0x9, 0x2c, 0x3, 0x9e, 0x0, 0x2c, 0x0, 0xff,
    0xe2, 0xc1, 0x2, 0xd8, 0x7, 0xcf, 0x0, 0x6e,
    0x1, 0xff, 0xc6, 0xf7, 0xa0, 0xf, 0xe7, 0xae,
    0x0, 0x0,

    /* U+53EA "只" */
    0x0, 0xc9, 0x11, 0xff, 0xcc, 0x0, 0xfd, 0x8e,
    0xff, 0xfc, 0xc1, 0x0, 0xff, 0xff, 0x80, 0x3b,
    0xff, 0xff, 0x88, 0xe0, 0x1f, 0xff, 0xf0, 0xf,
    0xff, 0xf8, 0x7, 0xff, 0xfc, 0x3, 0xff, 0xfe,
    0x1, 0xff, 0xc0, 0x97, 0x7f, 0xfe, 0x22, 0x0,
    0x7f, 0xf0, 0xde, 0x23, 0xff, 0x88, 0x60, 0x1f,
    0xff, 0xf0, 0x4, 0x7f, 0xff, 0xf3, 0x4, 0x3,
    0xff, 0x82, 0xa6, 0x1, 0xfe, 0x60, 0xf, 0xfe,
    0x3a, 0x56, 0x18, 0x7, 0xe7, 0x9c, 0x10, 0xf,
    0xfe, 0x21, 0xd8, 0x3, 0xc, 0x3, 0xcd, 0x0,
    0x7e, 0x40, 0x1f, 0xfc, 0x24, 0xc0, 0xf, 0xfb,
    0xc0, 0x21, 0xd4, 0x0, 0xff, 0xe0, 0x2d, 0x80,
    0x6b, 0x30, 0xf, 0x4b, 0x80, 0x6b, 0x50, 0xf,
    0xf3, 0x50, 0x6, 0xa4, 0x0, 0xfd, 0x12, 0x1,
    0xa9, 0xc0, 0x3f, 0x4c, 0x80, 0x35, 0xa8, 0x7,
    0xf9, 0xac, 0x3, 0x44, 0x80, 0x70, 0xdb, 0x0,
    0x6b, 0x40, 0xf, 0xfe, 0x2, 0x60, 0x80, 0x4d,
    0x40, 0x12, 0xfa, 0x0, 0x43, 0x88, 0x1, 0xff,
    0xc2, 0x3c, 0x10, 0x9, 0x70, 0x56, 0x84, 0x2,
    0x2c, 0x30, 0xf, 0xfe, 0x21, 0x60, 0x80, 0x46,
    0xca, 0x80, 0x11, 0xe1, 0x0, 0x7f, 0xf1, 0x8b,
    0xc8, 0x0, 0x8e, 0x16, 0x40, 0xd8, 0x20, 0x1f,
    0xfc, 0x81, 0xc2, 0x25, 0x0, 0x5f, 0x52, 0x1,
    0xff, 0xcb, 0x1c, 0xf1, 0x0,

    /* U+53EF "可" */
    0x77, 0xff, 0xea, 0x4, 0x47, 0xff, 0x50, 0x3,
    0xff, 0xef, 0xff, 0xff, 0xcc, 0x30, 0x1, 0x7f,
    0xe0, 0xf, 0xff, 0xf8, 0x7, 0xff, 0x40, 0x9d,
    0xff, 0xf8, 0x4a, 0x1, 0xff, 0xc5, 0x48, 0x8f,
    0xfe, 0x18, 0x7, 0xff, 0xfc, 0x3, 0xff, 0x81,
    0xff, 0xf9, 0x0, 0x3f, 0xff, 0xe0, 0x1f, 0xff,
    0xf0, 0xf, 0xff, 0xe1, 0x17, 0xe0, 0xf, 0xfe,
    0x6e, 0xef, 0xe4, 0x0, 0xff, 0xff, 0x80, 0x7f,
    0xcf, 0x99, 0xff, 0xc2, 0xe0, 0xf, 0xfe, 0x28,
    0x99, 0xff, 0xf0, 0xc0, 0x3f, 0xfb, 0x42, 0x1,
    0xff, 0xd3, 0x22, 0x0, 0x4, 0x3, 0xff, 0x92,
    0xb5, 0x5d, 0x7a, 0x1, 0x38, 0x7, 0xff, 0x29,
    0x57, 0x90, 0x3, 0x18, 0x7, 0xff, 0x25, 0xc0,
    0x3f, 0x86, 0x40, 0x3f, 0xf9, 0x24, 0x1, 0xf1,
    0x37, 0x88, 0x7, 0x0,

    /* U+53F3 "右" */
    0x0, 0xff, 0xe1, 0xdc, 0xb2, 0x0, 0x7f, 0xf4,
    0x15, 0x1a, 0x60, 0x3, 0xff, 0xa1, 0xe0, 0x15,
    0x80, 0x7f, 0xf4, 0x14, 0x2, 0x50, 0xf, 0xfe,
    0x7a, 0x80, 0x44, 0x40, 0xf, 0xfe, 0x18, 0xff,
    0xff, 0xd4, 0x1, 0x17, 0xff, 0xff, 0xa, 0xc0,
    0x3f, 0xfa, 0x8e, 0x1, 0xff, 0xd6, 0x15, 0x5f,
    0xe4, 0x0, 0xca, 0xbf, 0xfc, 0x4b, 0x0, 0x55,
    0x7f, 0x10, 0x4, 0xb5, 0x5f, 0xfc, 0x47, 0x0,
    0xff, 0x1b, 0x0, 0x50, 0x1, 0xff, 0xcf, 0xf0,
    0x9, 0x48, 0x3, 0xff, 0x9c, 0xa6, 0x1, 0x58,
    0x7, 0xff, 0x38, 0xa8, 0x2, 0x81, 0x0, 0xff,
    0xe7, 0x70, 0x4, 0x6e, 0x1, 0xff, 0xce, 0x93,
    0x0, 0x86, 0xef, 0xff, 0x89, 0x40, 0x1f, 0xcc,
    0xc0, 0xc, 0x48, 0x9f, 0xfc, 0x45, 0x0, 0xfc,
    0xd2, 0x1, 0xff, 0xd2, 0x59, 0x0, 0xff, 0xe9,
    0x35, 0x0, 0x7a, 0x7f, 0xff, 0xf8, 0x4a, 0x1,
    0xfa, 0x64, 0x1, 0xff, 0xd2, 0xb6, 0x0, 0x86,
    0xc0, 0x3f, 0xf9, 0xce, 0x1, 0xe, 0x30, 0x7,
    0xff, 0x3a, 0x80, 0x5, 0x84, 0x1, 0xff, 0xcf,
    0x61, 0x3c, 0x20, 0xf, 0xfe, 0x8d, 0x60, 0x80,
    0x7f, 0xf4, 0x90, 0x3, 0xff, 0xbb, 0x8e, 0xff,
    0xfc, 0x30, 0xf, 0xfe, 0x2a, 0xc4, 0x7f, 0xf0,
    0x88, 0x3, 0xff, 0xfe, 0x1, 0xfa, 0x7f, 0xff,
    0xf8, 0x4a, 0x1, 0xff, 0xdb,

    /* U+5408 "合" */
    0x0, 0xff, 0xe1, 0xa3, 0x30, 0xc0, 0x3f, 0xfa,
    0x27, 0x73, 0x2d, 0x10, 0xf, 0xfe, 0x78, 0xf0,
    0x4, 0x34, 0x1, 0xff, 0xcf, 0xa2, 0x0, 0xc9,
    0x20, 0x1f, 0xfc, 0xda, 0x40, 0x1, 0x8, 0x1,
    0x9c, 0x3, 0xff, 0x97, 0x4a, 0x1, 0x7e, 0x80,
    0x50, 0xe0, 0x1f, 0xfc, 0x81, 0xb5, 0x0, 0xac,
    0x8e, 0x40, 0x28, 0x90, 0xf, 0xfe, 0x31, 0x62,
    0x0, 0x54, 0x80, 0x6, 0x80, 0x9, 0xac, 0x40,
    0x3f, 0xf8, 0x6b, 0xa4, 0x1, 0x52, 0x80, 0x67,
    0x80, 0x9, 0x3d, 0x40, 0x3f, 0xf8, 0x35, 0x40,
    0xd, 0x6a, 0x1, 0xe7, 0x90, 0x8, 0x6a, 0x82,
    0x1, 0xfc, 0x9c, 0xa0, 0x11, 0x6a, 0x0, 0x7e,
    0x6b, 0x10, 0x9, 0x7d, 0x80, 0x3c, 0x57, 0x61,
    0x0, 0xd6, 0xea, 0xbf, 0xe1, 0x90, 0xc, 0x33,
    0xaa, 0x1, 0x4e, 0xa0, 0x7, 0xa6, 0xab, 0xff,
    0x81, 0x0, 0x20, 0x18, 0xab, 0x40, 0xe, 0x1,
    0x8f, 0x40, 0x3f, 0xf8, 0xab, 0xa6, 0x1, 0x9c,
    0x1, 0x0, 0x14, 0xe1, 0x0, 0x7f, 0xf1, 0x44,
    0xb2, 0x88, 0x1, 0x0, 0x6, 0x16, 0xe6, 0x0,
    0x7f, 0xff, 0xf1, 0x68, 0x0, 0xbb, 0x30, 0x40,
    0x17, 0x48, 0x80, 0x7f, 0xf3, 0x59, 0xc0, 0x3f,
    0xfb, 0xaa, 0xcd, 0xff, 0xca, 0x30, 0xf, 0xf5,
    0xcc, 0xff, 0xf2, 0xa8, 0x3, 0xff, 0xfe, 0x1,
    0xe3, 0xff, 0xff, 0xe2, 0x0, 0x7f, 0xff, 0xc0,
    0x3f, 0xff, 0xe0, 0x1f, 0xfd, 0x93, 0xff, 0xff,
    0xe2, 0x0, 0x7f, 0xff, 0xc0, 0x3f, 0xc5, 0x55,
    0xff, 0xc4, 0x0, 0xff, 0xe2, 0x8a, 0xaf, 0xff,
    0x10, 0x3, 0xff, 0x85, 0xdf, 0xec, 0x0, 0xff,
    0xe2, 0x77, 0x52, 0x1, 0xc0,

    /* U+540E "后" */
    0x0, 0xff, 0xe6, 0x9, 0xab, 0xce, 0x10, 0x7,
    0xff, 0x4, 0x48, 0xd1, 0x59, 0xe2, 0xaf, 0x3b,
    0xfb, 0x2a, 0x18, 0xd0, 0x3, 0xc9, 0xbd, 0xcf,
    0xfb, 0xb7, 0x2e, 0xa6, 0x1d, 0x50, 0xc4, 0x3,
    0xec, 0x0, 0xf0, 0x90, 0x88, 0x3, 0xff, 0x92,
    0x40, 0x1f, 0xfc, 0x91, 0x23, 0x56, 0x79, 0xac,
    0xef, 0xda, 0x0, 0xff, 0x34, 0x4d, 0x5d, 0xb3,
    0xbf, 0xdd, 0xb9, 0x53, 0xc, 0xa6, 0x20, 0x1f,
    0xfc, 0x1a, 0x76, 0x54, 0x41, 0x88, 0x7, 0xff,
    0xfc, 0x3, 0xff, 0x88, 0x8a, 0xbf, 0xfc, 0xb3,
    0x0, 0xfd, 0x15, 0x5f, 0xfc, 0xb9, 0x0, 0xff,
    0xfa, 0x98, 0x7, 0xed, 0xff, 0xff, 0xe5, 0xc8,
    0x7, 0xff, 0x64, 0xc0, 0x23, 0x0, 0xff, 0xf8,
    0x88, 0x4, 0x21, 0x9b, 0xbf, 0xfc, 0x6c, 0x0,
    0xfb, 0x80, 0x38, 0x8b, 0xff, 0x90, 0x1, 0xf1,
    0x80, 0x8, 0x3, 0xff, 0xa2, 0xe0, 0x6, 0x0,
    0xe4, 0x99, 0xff, 0xe0, 0x20, 0x7, 0xf8, 0x80,
    0x4, 0x1, 0xc6, 0xcd, 0xff, 0xc0, 0x30, 0xf,
    0xe3, 0x0, 0xbc, 0x3, 0xff, 0xa0, 0x80, 0x12,
    0x80, 0x7f, 0xf4, 0x30, 0x0, 0x26, 0x1, 0xff,
    0xcf, 0x14, 0x0, 0x20, 0x7, 0xff, 0x42, 0x40,
    0x2e, 0x0, 0xf8, 0x47, 0xff, 0x80, 0x1, 0xfc,
    0xc0, 0x1, 0x40, 0xf, 0x3f, 0x77, 0xff, 0x1,
    0xc0, 0x3e, 0x71, 0x0, 0x48, 0x7, 0xff, 0x42,
    0x40, 0x26, 0x0, 0xff, 0xe8, 0x30, 0x1, 0xc4,
    0x3, 0xe6, 0xdd, 0xff, 0xe0, 0x30, 0x7, 0xd1,
    0xab, 0x20, 0x1f, 0x84, 0x8b, 0xff, 0x80, 0x20,
    0x1e,

    /* U+5411 "向" */
    0x0, 0xff, 0x97, 0x72, 0x9c, 0x3, 0xff, 0x99,
    0xc4, 0x6b, 0xa0, 0x1f, 0xfc, 0xb1, 0x40, 0xa,
    0x40, 0x3f, 0xf9, 0x6c, 0x1, 0x11, 0x80, 0x7f,
    0xf0, 0x44, 0xcf, 0xfa, 0x40, 0x24, 0x33, 0xff,
    0xe0, 0x93, 0x66, 0x7f, 0x8, 0x4, 0xd9, 0x9f,
    0xfc, 0x18, 0x0, 0xff, 0xf9, 0x5d, 0xff, 0xf2,
    0x40, 0x3f, 0x2a, 0x27, 0xff, 0x20, 0x40, 0x3f,
    0xff, 0x31, 0x1f, 0xfc, 0x14, 0x0, 0xff, 0xe1,
    0xb, 0xbf, 0xff, 0x7, 0x0, 0x3f, 0xff, 0xe1,
    0x3f, 0xfe, 0x10, 0xf, 0xff, 0xf8, 0x7, 0xff,
    0xfc, 0x3, 0xff, 0xc3, 0x3f, 0xfe, 0x10, 0xf,
    0xff, 0xf8, 0xbb, 0xff, 0xf0, 0x70, 0x3, 0xff,
    0x87, 0x11, 0xff, 0xc1, 0x40, 0xf, 0xfe, 0xa0,
    0x80, 0x7f, 0xf2, 0x9d, 0xfa, 0xc0, 0x3f, 0xf9,
    0x73, 0x11, 0x90, 0x2, 0x20, 0xf, 0xfe, 0x3a,
    0x80, 0x7e, 0xa0, 0xf, 0xfe, 0x39, 0x80, 0x70,
    0xae, 0x13, 0xff, 0xc2, 0x1, 0xff, 0xc2, 0x8f,
    0xfe, 0xea, 0x30,

    /* U+542F "启" */
    0x0, 0xff, 0xe1, 0xac, 0xe7, 0x18, 0x7, 0xff,
    0x3c, 0x98, 0xc6, 0x80, 0x3f, 0xf9, 0xea, 0x1,
    0x38, 0x7, 0xff, 0x3c, 0x8c, 0x0, 0x28, 0x1,
    0xff, 0xc3, 0x6f, 0xff, 0xf8, 0xc0, 0x2b, 0xff,
    0xff, 0x20, 0x7, 0xff, 0xf2, 0xb3, 0x3f, 0xf8,
    0xd0, 0x1, 0xff, 0xc0, 0x73, 0x3f, 0xfe, 0x31,
    0x0, 0x7f, 0xff, 0xc0, 0x47, 0xff, 0x8e, 0x60,
    0x1f, 0xfc, 0xc, 0xee, 0xff, 0xe3, 0x48, 0x7,
    0xff, 0x70, 0x40, 0x3f, 0xfa, 0xf7, 0xbb, 0xff,
    0xca, 0x40, 0xf, 0xca, 0x45, 0xff, 0xca, 0x0,
    0xef, 0x0, 0x84, 0x3, 0xff, 0x9e, 0x20, 0x1f,
    0xfd, 0x32, 0x0, 0x10, 0x7f, 0xff, 0xf2, 0x64,
    0x3, 0x98, 0x0, 0xc0, 0x1f, 0xfd, 0x2, 0x0,
    0x10, 0x7, 0xff, 0x3c, 0xc0, 0x2f, 0x0, 0xc9,
    0x77, 0xff, 0xc2, 0x0, 0xfc, 0x80, 0x12, 0x80,
    0x62, 0x44, 0xff, 0xe1, 0x0, 0x7e, 0xc0, 0x0,
    0x98, 0x7, 0xff, 0x3d, 0x0, 0x8, 0x1, 0xff,
    0xcf, 0x60, 0xb, 0xc0, 0x3f, 0xf9, 0xf4, 0x0,
    0x15, 0x0, 0xff, 0xe7, 0x19, 0x80, 0xc, 0x1,
    0xe2, 0x44, 0xff, 0xe0, 0xa8, 0x7, 0xa4, 0x2,
    0xa0, 0xf, 0x25, 0xdf, 0xff, 0x6, 0x80, 0x38,
    0x94, 0x0, 0x84, 0x1, 0xff, 0xce, 0x28, 0x10,
    0x80, 0xf, 0x84, 0x8b, 0xff, 0x84, 0x1, 0xe7,
    0xea, 0x30, 0xf, 0x9f, 0x77, 0xff, 0x84, 0x1,
    0xc0,

    /* U+547D "命" */
    0x0, 0xff, 0xe1, 0xc6, 0xeb, 0xc, 0x3, 0xff,
    0xa1, 0x2e, 0x44, 0x3d, 0x20, 0xf, 0xfe, 0x75,
    0x30, 0x6, 0x1c, 0x30, 0xf, 0xfe, 0x58, 0xe2,
    0x80, 0x44, 0x0, 0x1c, 0x50, 0xf, 0xfe, 0x4a,
    0x79, 0x80, 0x53, 0xa8, 0x1, 0x54, 0x0, 0x7f,
    0xf1, 0xe6, 0xc4, 0x2, 0xb6, 0xb, 0x60, 0x9,
    0xf0, 0x80, 0x3f, 0xf8, 0x6b, 0xcc, 0x1, 0x16,
    0xa0, 0x5, 0x32, 0x0, 0x8f, 0x5c, 0x3, 0xff,
    0x80, 0x57, 0x42, 0x1, 0x36, 0x90, 0x7, 0x36,
    0x90, 0x5, 0x18, 0x60, 0x1f, 0x86, 0x35, 0x0,
    0x21, 0xa9, 0x0, 0xfc, 0x5a, 0xc0, 0x11, 0xe4,
    0x88, 0x6, 0x18, 0xe7, 0x0, 0xe9, 0x36, 0x6f,
    0xfb, 0xd4, 0x3, 0x37, 0x40, 0x5, 0xee, 0x1,
    0x8a, 0x2, 0x26, 0x7f, 0xf8, 0x2a, 0x8c, 0x1,
    0x9f, 0x80, 0xe, 0x1, 0x9f, 0x54, 0x3, 0xff,
    0x8b, 0x36, 0x20, 0x13, 0x80, 0x2c, 0x0, 0xbd,
    0x0, 0x1f, 0xfc, 0x84, 0xe7, 0x0, 0x58, 0x0,
    0xa7, 0x68, 0x40, 0x5, 0xff, 0xff, 0xc4, 0xb0,
    0xa, 0x36, 0x48, 0x2, 0x62, 0x0, 0xff, 0xe7,
    0x13, 0x0, 0x7f, 0xf6, 0xd3, 0xbb, 0xfe, 0x10,
    0x7, 0xff, 0xff, 0x1, 0x80, 0x3c, 0x23, 0xff,
    0xc0, 0x0, 0xff, 0xf8, 0x5d, 0xea, 0x0, 0xfe,
    0x8d, 0xde, 0x10, 0xf, 0xfe, 0x0, 0xa2, 0x67,
    0x0, 0xfe, 0x12, 0x2e, 0x0, 0xff, 0xff, 0x80,
    0x7f, 0xff, 0xc0, 0x3f, 0xf9, 0x2, 0x1, 0xff,
    0xc0, 0x1d, 0xdd, 0xe0, 0x1f, 0xe1, 0x55, 0x35,
    0x80, 0x46, 0x1, 0xfe, 0x22, 0xe0, 0xf, 0xf1,
    0xd5, 0x25, 0x0, 0x26, 0x0, 0xff, 0xe6, 0x90,
    0x7, 0x88, 0xc0, 0x3c, 0xf3, 0x3f, 0xf0, 0x80,
    0x7c, 0x80, 0x1, 0x26, 0xc0, 0xf, 0x89, 0x9b,
    0xfe, 0x0, 0xfd, 0x7f, 0xee, 0xd9, 0x10, 0xf,
    0xff, 0xe0,

    /* U+54CD "响" */
    0x0, 0xff, 0xe3, 0x3c, 0xba, 0x80, 0x7f, 0xf3,
    0xa5, 0xa2, 0x0, 0x1f, 0xfc, 0xd3, 0x10, 0x2,
    0x0, 0x7e, 0x22, 0xfe, 0x0, 0xfd, 0x60, 0x16,
    0x80, 0x7e, 0xcd, 0xdf, 0xb0, 0x0, 0x67, 0xe5,
    0x0, 0xc6, 0x7f, 0x80, 0x3f, 0xc3, 0x99, 0xe2,
    0x0, 0xaf, 0x33, 0xee, 0x0, 0xff, 0xea, 0xde,
    0xe0, 0x7, 0xe1, 0x1f, 0xfe, 0x0, 0x7, 0xca,
    0x44, 0x0, 0xfd, 0xdd, 0xff, 0xc0, 0xc0, 0xf,
    0xff, 0xf8, 0x6, 0x11, 0xfc, 0x1, 0xff, 0xca,
    0x8e, 0xef, 0x9c, 0x3, 0xff, 0xd4, 0x23, 0x0,
    0x7f, 0xf3, 0x87, 0xb9, 0xe0, 0x1f, 0xff, 0xf0,
    0xf, 0xff, 0xf8, 0x7, 0xff, 0xfc, 0x3, 0xfe,
    0x1e, 0xe7, 0x80, 0x7f, 0xdd, 0xfc, 0x1, 0xff,
    0xc1, 0x11, 0x80, 0x3f, 0xfd, 0x53, 0xdd, 0xf3,
    0x80, 0x7e, 0x9a, 0xae, 0x0, 0xfc, 0x23, 0xf0,
    0x7, 0xf3, 0xaa, 0xe4, 0x0, 0xff, 0xe2, 0xb8,
    0x7, 0xff, 0x30, 0xd1, 0x25, 0x80, 0x0, 0xdc,
    0xc8, 0x40, 0x3f, 0xf8, 0xb3, 0x77, 0x51, 0x80,
    0x19, 0x59, 0x80, 0x1f, 0xfc, 0x6d, 0x0, 0xfb,
    0xc0, 0x3f, 0xf9, 0x26, 0x1, 0xc7, 0x2a,

    /* U+5524 "唤" */
    0x0, 0xff, 0xe2, 0x32, 0x88, 0x7, 0xff, 0x3c,
    0x66, 0xb9, 0x0, 0x3f, 0xf9, 0xd2, 0x0, 0x14,
    0x0, 0xff, 0x84, 0x7f, 0x80, 0x38, 0x5c, 0x0,
    0xac, 0xdf, 0x20, 0x6, 0xfe, 0xef, 0xc2, 0x1,
    0xac, 0x2, 0x49, 0x9f, 0xbc, 0x3, 0xff, 0x8a,
    0x8a, 0x1, 0xff, 0xd0, 0x1a, 0x0, 0x12, 0x27,
    0x80, 0x22, 0x0, 0xfa, 0xb3, 0x0, 0x1e, 0xd1,
    0x1, 0xcb, 0xbe, 0x20, 0x0, 0xc0, 0x7, 0xce,
    0x66, 0x0, 0xe9, 0x30, 0x5, 0x8, 0x6, 0x56,
    0x0, 0x50, 0x80, 0x7f, 0xf0, 0x9d, 0x80, 0x10,
    0x80, 0x18, 0xa8, 0x0, 0xc8, 0x1, 0xff, 0xc2,
    0x78, 0x0, 0x22, 0x91, 0x77, 0x0, 0x6, 0x88,
    0xa1, 0x0, 0xff, 0x88, 0x2, 0x4d, 0xdf, 0x18,
    0x0, 0x73, 0x77, 0x0, 0x7f, 0xca, 0x82, 0x1,
    0xff, 0xd1, 0x9a, 0x0, 0xff, 0xe8, 0x93, 0x80,
    0xb, 0xfe, 0xa0, 0x1, 0x7f, 0xd6, 0x1, 0xff,
    0xcb, 0x10, 0xf, 0x38, 0x7, 0xff, 0xfc, 0x3,
    0xff, 0xe9, 0xd8, 0x0, 0x2f, 0xfa, 0xc0, 0x5,
    0xff, 0x60, 0x0, 0xfe, 0xc0, 0x3f, 0xfa, 0x4e,
    0x1, 0xff, 0xdd, 0xcc, 0xfc, 0x20, 0x12, 0xe6,
    0x7d, 0xc0, 0x12, 0xb3, 0x0, 0x31, 0x19, 0xf9,
    0x84, 0x2, 0x51, 0x33, 0xf1, 0x0, 0x51, 0x32,
    0x0, 0xff, 0xd, 0x80, 0x77, 0x0, 0x7f, 0xf2,
    0x87, 0x4, 0x0, 0x80, 0x3, 0xb0, 0xf, 0xfe,
    0x41, 0xf9, 0x0, 0x12, 0xd0, 0x0, 0x98, 0x20,
    0x1f, 0x6f, 0xff, 0x8, 0x0, 0x67, 0x4, 0x0,
    0x54, 0x14, 0x20, 0x3, 0xe6, 0x0, 0xff, 0xe0,
    0x94, 0xf3, 0x0, 0x45, 0x82, 0x3, 0x82, 0x1,
    0x4e, 0xb0, 0x4b, 0xb8, 0xc0, 0x30, 0xee, 0x98,
    0x3, 0x2e, 0x88, 0x4, 0x58, 0x40, 0x11, 0x4e,
    0x3c, 0x40, 0x40, 0x30, 0x88, 0x3, 0x15, 0xd0,
    0x7, 0x8b, 0x5c, 0x3, 0x58, 0x7, 0xf4, 0x0,
    0xe, 0xb5, 0x0, 0x3f, 0xa3, 0x14, 0x0, 0xc0,
    0x1f, 0xc9, 0x19, 0x85, 0x0, 0xff, 0xe0, 0x1d,
    0x75, 0x8,

    /* U+56DB "四" */
    0x0, 0xff, 0xe9, 0xf, 0xff, 0xff, 0x41, 0x0,
    0x3f, 0xfe, 0x8d, 0x55, 0x94, 0x2, 0xaa, 0xc0,
    0x12, 0xd5, 0x68, 0x0, 0xfd, 0x8a, 0xb8, 0x80,
    0x2, 0xab, 0x84, 0x0, 0x4a, 0xb9, 0x0, 0x3f,
    0xff, 0xe0, 0x1f, 0xff, 0xf0, 0xf, 0xfe, 0x8,
    0x80, 0xc, 0x3, 0xff, 0x9c, 0x40, 0x1, 0x0,
    0xff, 0xe7, 0x28, 0x1, 0x40, 0x3f, 0xf9, 0xa6,
    0x20, 0xf, 0x0, 0xff, 0xe6, 0xc8, 0x4, 0xe0,
    0x1f, 0x10, 0x7, 0xff, 0x11, 0x54, 0x0, 0x41,
    0x0, 0xc6, 0x0, 0x59, 0x55, 0x90, 0x3, 0xfc,
    0x94, 0x1, 0x48, 0x7, 0x38, 0x4, 0xd5, 0x54,
    0x0, 0x7f, 0x2d, 0x80, 0x50, 0x40, 0x1d, 0x20,
    0x1f, 0xfc, 0x4e, 0xa0, 0x9, 0x9c, 0x3, 0xc7,
    0x66, 0x1, 0xff, 0xc2, 0xd4, 0x0, 0x34, 0x80,
    0x7e, 0x4c, 0xfe, 0xdd, 0xa8, 0x3, 0xf1, 0xdb,
    0x3c, 0x80, 0x7f, 0xf0, 0x4, 0x8a, 0x60, 0xf,
    0xf4, 0xc0, 0x7, 0xff, 0xfc, 0x3, 0xfe, 0xf7,
    0x7f, 0xfe, 0x45, 0x0, 0x7e, 0x58, 0x8f, 0xfe,
    0x43, 0x0, 0x7f, 0xfe, 0x2b, 0xff, 0xff, 0x91,
    0x80, 0x1f, 0xfd, 0x60,

    /* U+56DE "回" */
    0x8f, 0xff, 0xfe, 0x80, 0x80, 0x7f, 0xfd, 0x11,
    0x3f, 0xf9, 0x24, 0x1, 0xfa, 0xae, 0xff, 0xf9,
    0xa, 0x1, 0xff, 0xfc, 0x33, 0xff, 0xe0, 0x90,
    0x7, 0xff, 0x13, 0x33, 0xff, 0x83, 0xc0, 0x1f,
    0xff, 0xf0, 0xd, 0x9f, 0xfe, 0xa0, 0xf, 0xff,
    0xf8, 0x7, 0xff, 0xfc, 0x3, 0xff, 0xd1, 0x9f,
    0xfe, 0xa0, 0xf, 0xff, 0xf8, 0x6, 0xbb, 0xff,
    0xe0, 0xf8, 0x7, 0xff, 0x11, 0x13, 0xff, 0x82,
    0x60, 0x1f, 0xff, 0xc9, 0x77, 0xff, 0xe4, 0x20,
    0x7, 0xe7, 0x88, 0xff, 0xe4, 0x18, 0x7, 0xff,
    0xe3, 0xbf, 0xff, 0xf9, 0xe, 0x1, 0xff, 0xd6,

    /* U+56FE "图" */
    0x2, 0x2f, 0xfe, 0x80, 0x3e, 0xef, 0xff, 0x41,
    0xc0, 0x3f, 0xfe, 0x9f, 0xfe, 0xcb, 0xff, 0xff,
    0xe1, 0x0, 0x7f, 0xf0, 0x47, 0x6f, 0xc8, 0x3,
    0xff, 0x9b, 0xa2, 0xc, 0x62, 0x3f, 0xc0, 0x1f,
    0xfc, 0x39, 0x30, 0x3, 0x77, 0x7f, 0x90, 0x3,
    0xff, 0x83, 0xc, 0x1, 0xff, 0xcf, 0x87, 0x0,
    0x96, 0xab, 0xd2, 0x1, 0xb, 0x0, 0x7f, 0xd6,
    0xe0, 0x19, 0x4d, 0x57, 0x34, 0x0, 0xb, 0x8,
    0x3, 0xfc, 0x2a, 0x0, 0xbb, 0x0, 0x26, 0x40,
    0x8, 0xc1, 0x3, 0xc2, 0x0, 0xff, 0x87, 0x4b,
    0x11, 0x16, 0x20, 0xdd, 0xc7, 0x0, 0x36, 0x8,
    0x7, 0xff, 0x4, 0xf4, 0xc0, 0x9, 0xa0, 0x1,
    0x10, 0x2, 0xa4, 0x3, 0xff, 0x8e, 0xd7, 0x80,
    0x1e, 0xaa, 0x30, 0x80, 0x7f, 0xf0, 0x4e, 0x33,
    0xe5, 0x0, 0x25, 0x60, 0x9, 0x67, 0xb9, 0x50,
    0x40, 0x1f, 0x93, 0x1c, 0xc0, 0x21, 0x7e, 0xa9,
    0xe8, 0x20, 0x8, 0x55, 0xcc, 0x3, 0xf2, 0x8,
    0x4, 0xa5, 0x36, 0x1, 0xb, 0xee, 0x39, 0x0,
    0x14, 0x40, 0x3f, 0xa5, 0xaf, 0xec, 0xa3, 0x3b,
    0x69, 0xd0, 0x4e, 0x37, 0xaa, 0x40, 0x3f, 0xcf,
    0x28, 0x4, 0x1, 0x89, 0x62, 0xfb, 0x8c, 0x2,
    0xa6, 0x1, 0xff, 0xc2, 0x3f, 0xda, 0x74, 0x10,
    0x8, 0x44, 0x1, 0xff, 0xc4, 0x31, 0x0, 0x12,
    0xc5, 0xf7, 0x29, 0xcc, 0xc0, 0x1f, 0xfc, 0x4e,
    0xea, 0xe5, 0x48, 0x0, 0x2b, 0x18, 0x80, 0x1f,
    0xfc, 0x42, 0x1, 0x46, 0xad, 0xfc, 0x96, 0x30,
    0xf, 0xfe, 0x34, 0xb1, 0x80, 0x71, 0xb4, 0xe7,
    0xe4, 0x90, 0x7, 0xff, 0x9, 0xa7, 0x3f, 0x65,
    0x8c, 0x3, 0x8d, 0x80, 0x3f, 0xf8, 0xe4, 0xd3,
    0x9f, 0x92, 0xc4, 0x0, 0x20, 0xf, 0xf8, 0x47,
    0xff, 0x80, 0x4f, 0x19, 0xd6, 0x23, 0x80, 0x3f,
    0x77, 0x7f, 0xf1, 0x6f, 0xbb, 0x0, 0x7f, 0xfe,
    0x3f, 0xff, 0xf9, 0x40, 0x18,

    /* U+5728 "在" */
    0x0, 0xff, 0xe0, 0x25, 0xcb, 0x8, 0x7, 0xff,
    0x43, 0x91, 0xa4, 0x3, 0xff, 0xa0, 0x2a, 0x0,
    0x31, 0x0, 0xff, 0xe7, 0xb8, 0x5, 0x40, 0x1f,
    0xfc, 0x66, 0x77, 0xfe, 0xb0, 0xb, 0x9d, 0xff,
    0xf8, 0x82, 0x17, 0x11, 0xfc, 0x40, 0x13, 0xc4,
    0x7f, 0xf1, 0x14, 0x3, 0xff, 0xac, 0x20, 0x1f,
    0xfd, 0x4c, 0xff, 0xf9, 0x0, 0x2b, 0xff, 0xff,
    0xe3, 0x20, 0x7, 0xe4, 0x40, 0x0, 0xd0, 0x3,
    0xff, 0x9f, 0x20, 0x14, 0x0, 0x78, 0xae, 0xe4,
    0x0, 0xff, 0xe2, 0x39, 0x0, 0xd, 0x0, 0x3c,
    0x28, 0x91, 0x0, 0x7f, 0xf0, 0xca, 0x0, 0x2f,
    0x0, 0xff, 0xe7, 0xf8, 0x4, 0xe6, 0x1, 0xff,
    0xce, 0x92, 0x0, 0x14, 0x0, 0x7f, 0xf3, 0x9d,
    0x80, 0x2e, 0x0, 0xff, 0xe7, 0x24, 0x0, 0x62,
    0x0, 0x7f, 0xfd, 0x80, 0x14, 0xff, 0xfc, 0xa0,
    0x12, 0x58, 0x7, 0xff, 0x49, 0x2c, 0x3, 0xff,
    0xa4, 0x96, 0x1, 0xfe, 0x88, 0xf9, 0xc0, 0x25,
    0x88, 0xf9, 0xc1, 0x80, 0x21, 0x70, 0xf, 0x3b,
    0xfd, 0x60, 0x16, 0x3b, 0xfc, 0x40, 0x48, 0x0,
    0xde, 0x0, 0xff, 0xe8, 0x78, 0xe1, 0x80, 0x7f,
    0xf4, 0x53, 0xc, 0x3, 0xff, 0xa6, 0x40, 0x1f,
    0xff, 0xf0, 0xf, 0xff, 0xa3, 0x7f, 0xfe, 0xc0,
    0xa, 0x7f, 0xff, 0x40, 0x7, 0xff, 0xfc, 0x12,
    0x23, 0xff, 0x93, 0x60, 0x1f, 0xe2, 0x77, 0xff,
    0xe4, 0x98,

    /* U+5730 "地" */
    0x0, 0xff, 0xe4, 0x5e, 0x61, 0x0, 0x3f, 0xf8,
    0x47, 0xdd, 0x0, 0x7f, 0xf0, 0x14, 0xcc, 0x40,
    0x1f, 0xfc, 0x27, 0x11, 0x80, 0x3f, 0xfb, 0x73,
    0x54, 0x40, 0xf, 0xfe, 0x93, 0xaa, 0x88, 0x3,
    0xff, 0xfe, 0x1, 0x85, 0xac, 0x80, 0x3f, 0xf9,
    0xe2, 0xf9, 0xd2, 0x80, 0x1f, 0xfc, 0xed, 0xce,
    0x83, 0x0, 0x8c, 0x2, 0x69, 0x97, 0x80, 0x53,
    0x28, 0x0, 0xfc, 0x42, 0x0, 0x43, 0x0, 0xff,
    0x63, 0x31, 0x0, 0x26, 0x68, 0x3, 0xba, 0x37,
    0x40, 0x1f, 0xf0, 0x80, 0x7f, 0xf1, 0x9d, 0xc4,
    0x1, 0xc4, 0xf9, 0x80, 0xf, 0x88, 0xb0, 0x4,
    0x44, 0x8, 0xd1, 0x0, 0xfe, 0x8d, 0x83, 0x0,
    0xfd, 0x1b, 0xa9, 0x0, 0xb7, 0xc5, 0xc8, 0x3,
    0x8e, 0x0, 0x21, 0x0, 0x9c, 0x3, 0xff, 0x86,
    0x42, 0x1, 0xcd, 0xd8, 0xe2, 0x1, 0xfc, 0x20,
    0x1f, 0xfc, 0x14, 0x4, 0x0, 0xbc, 0x40, 0x3f,
    0x84, 0x0, 0x60, 0x1f, 0xfc, 0x1b, 0xfb, 0x10,
    0xf, 0xfe, 0x9, 0x80, 0x7f, 0xf1, 0x4, 0x3,
    0xff, 0x88, 0x20, 0x1, 0x0, 0xff, 0xe9, 0x78,
    0x7, 0xff, 0x48, 0xcc, 0xaa, 0x0, 0x38, 0x7,
    0xff, 0x3e, 0x32, 0x88, 0x0, 0x40, 0x1f, 0xfc,
    0xf3, 0x0, 0xec, 0x0, 0xff, 0xe7, 0xe8, 0x4,
    0x2e, 0xa0, 0x1f, 0xfc, 0x14, 0x40, 0x7, 0xff,
    0x1, 0x77, 0x5d, 0xda, 0x98, 0x3, 0xfa, 0xfe,
    0xf8, 0x3, 0xff, 0x82, 0x44, 0x10, 0x0, 0xac,
    0x80, 0x63, 0xd0, 0x9, 0x0, 0x2, 0x1, 0xff,
    0xca, 0x1a, 0xfc, 0x60, 0xf, 0x8, 0x7, 0xec,
    0xc9, 0xc0, 0x38, 0x40, 0x2, 0x2, 0xa0, 0x1c,
    0x2b, 0x5d, 0x40, 0x18, 0x40, 0x22, 0x33, 0x8,
    0x7, 0x70, 0x0, 0xc0, 0x6, 0x0, 0x27, 0xbe,
    0xa5, 0x10, 0x1, 0x80, 0x2c, 0x40, 0x3f, 0xc6,
    0xe0, 0x1, 0x0, 0x54, 0xee, 0xa1, 0x0, 0x3c,
    0xc0, 0x3, 0xef, 0xff, 0xf6, 0x8, 0x1, 0x80,
    0xc, 0xc2, 0x0, 0xfe, 0xd0, 0xf, 0xfe, 0x37,
    0x80, 0x7f, 0xf0, 0x99, 0xc0, 0x3f, 0xf8, 0x8e,
    0xa0, 0x1f, 0xfc, 0x38, 0xfc, 0xaa, 0xff, 0xe0,
    0x67, 0xc0, 0x0,

    /* U+573A "场" */
    0x0, 0xc2, 0x89, 0x0, 0x7f, 0xf4, 0x16, 0xee,
    0x20, 0xf, 0xfe, 0xc3, 0xbf, 0xff, 0x10, 0x40,
    0x3f, 0xf8, 0x45, 0x11, 0xff, 0xc4, 0x20, 0xf,
    0xff, 0xf8, 0x4, 0x5f, 0xff, 0xb9, 0x40, 0x3a,
    0xc, 0x3, 0xff, 0x94, 0xde, 0xa0, 0x12, 0x6b,
    0x80, 0x7f, 0xf2, 0x4b, 0x24, 0x40, 0x3, 0x56,
    0x40, 0x1d, 0x9b, 0xaa, 0x0, 0xb3, 0x74, 0xc0,
    0x1d, 0x1a, 0x60, 0x13, 0xf2, 0x80, 0x7c, 0x45,
    0x8, 0x4, 0x24, 0x41, 0x0, 0x93, 0x5c, 0x2,
    0x3d, 0x80, 0xf, 0xfe, 0x48, 0xd5, 0x90, 0x0,
    0x67, 0x8, 0x3, 0xfd, 0x2e, 0xe5, 0x0, 0x99,
    0xdc, 0x8d, 0xea, 0x1, 0x15, 0x92, 0x27, 0xf8,
    0x41, 0xe2, 0x1c, 0x1, 0x5c, 0x40, 0x64, 0x40,
    0x31, 0x55, 0xdf, 0xfc, 0x80, 0x1f, 0xfd, 0x31,
    0x0, 0xff, 0x8c, 0x3, 0xff, 0x8e, 0xe0, 0x1f,
    0xf0, 0xff, 0xda, 0x1, 0x77, 0xf8, 0x80, 0x1b,
    0xfe, 0x0, 0x84, 0x3, 0xff, 0x86, 0xa0, 0x3,
    0x10, 0x12, 0x0, 0x10, 0x8, 0x4, 0x60, 0x1f,
    0xfc, 0x3a, 0x0, 0x58, 0x1, 0x40, 0x4, 0x0,
    0x30, 0x8, 0x40, 0x3f, 0xf8, 0x44, 0x40, 0x3,
    0x0, 0x34, 0x0, 0xe0, 0x1, 0x0, 0xff, 0xe3,
    0x48, 0x1, 0x4, 0x0, 0x80, 0xc, 0x0, 0x38,
    0x0, 0x40, 0x3f, 0xe3, 0x10, 0x34, 0x0, 0x78,
    0x0, 0x88, 0x0, 0x40, 0x0, 0x80, 0x7f, 0xf0,
    0x27, 0xb1, 0x43, 0xc0, 0x6, 0x80, 0xa, 0x0,
    0x11, 0x0, 0x6, 0x0, 0x30, 0xe, 0xc0, 0x9,
    0x4, 0x5, 0x8c, 0x1, 0x0, 0x13, 0x0, 0x14,
    0x2, 0x10, 0x0, 0x80, 0xb5, 0xfb, 0x80, 0x7b,
    0x24, 0x0, 0xa8, 0x0, 0x61, 0x0, 0x50, 0x5,
    0xe0, 0x7, 0x6, 0x94, 0x0, 0xe1, 0x58, 0x70,
    0x0, 0xd8, 0x0, 0x60, 0x0, 0x84, 0x1, 0x8,
    0x0, 0x40, 0xc0, 0x39, 0x6f, 0xa2, 0x44, 0x1,
    0x42, 0x0, 0x81, 0x0, 0x78, 0x6, 0x30, 0x1,
    0x83, 0x0, 0x16, 0xfe, 0x90, 0xb0, 0x40, 0x10,
    0x80, 0x5, 0x60, 0x2, 0x20, 0x3, 0x30, 0x0,
    0x40, 0xab, 0xe9, 0x0, 0x26, 0x10, 0x3, 0x38,
    0x0, 0xa8, 0x2, 0x90, 0xc, 0x26, 0x0, 0xf0,
    0x2, 0x80, 0x79, 0x2c, 0x1a, 0x40, 0x5, 0x80,
    0x14, 0xb2, 0xac, 0xf8, 0x1, 0x10, 0x7, 0xf9,
    0x36, 0x40, 0x5, 0xe2, 0x0, 0x56, 0xfa, 0xaa,
    0x8, 0x2, 0x40, 0xf, 0xf8, 0x80, 0x3, 0x84,
    0x0, 0x4a, 0x3, 0x0, 0xf9, 0x84, 0x3, 0xff,
    0x84, 0x2c, 0x0, 0x3b, 0x0, 0x68, 0x6, 0x14,
    0x99, 0x0, 0x7f, 0xf1, 0x22, 0x9, 0x80, 0x12,
    0xff, 0xee, 0xb6, 0x0, 0xff, 0xe3, 0x3d, 0x80,
    0x7f, 0xf0, 0xc0,

    /* U+57FA "基" */
    0x0, 0xf0, 0xbb, 0xc2, 0x1, 0xff, 0xc0, 0x57,
    0x72, 0x80, 0x7f, 0xf0, 0xa, 0x22, 0x20, 0xf,
    0xfe, 0x7, 0x44, 0x38, 0x3, 0xff, 0xba, 0xf7,
    0x77, 0x80, 0x51, 0x77, 0xff, 0xc0, 0x50, 0x2,
    0xdd, 0xe2, 0x0, 0xb1, 0x12, 0x30, 0x9, 0x13,
    0xff, 0x82, 0x20, 0x1, 0x44, 0xcc, 0x1, 0xff,
    0xd8, 0xbf, 0xfa, 0xc0, 0x2c, 0xff, 0xff, 0xe0,
    0x20, 0x1, 0x3f, 0xf2, 0x0, 0x7c, 0xe0, 0x1f,
    0xfd, 0x8c, 0xff, 0xff, 0xe0, 0x20, 0x7, 0xff,
    0xa1, 0xe6, 0x7f, 0xf8, 0x4, 0x1, 0xff, 0xc7,
    0xb6, 0x6f, 0xfe, 0x8, 0x7, 0xff, 0x1d, 0x15,
    0x7f, 0xf8, 0xe, 0x1, 0xff, 0xc7, 0x8a, 0xaf,
    0xfe, 0x1, 0x80, 0x7f, 0xfa, 0x33, 0xff, 0xff,
    0x80, 0x80, 0x1f, 0xfd, 0xfb, 0xdd, 0xdc, 0x1,
    0x76, 0xef, 0xff, 0x1, 0x0, 0x9, 0xbb, 0xca,
    0xa, 0x45, 0xc0, 0x11, 0x17, 0xff, 0x4, 0x3,
    0x11, 0x78, 0xc, 0x3, 0xff, 0xa4, 0x21, 0xbf,
    0xfe, 0x50, 0xa, 0xff, 0xff, 0x18, 0x5, 0x9f,
    0xfe, 0x60, 0xf, 0xad, 0x40, 0x10, 0x80, 0x4,
    0x48, 0x80, 0x1a, 0x20, 0xc, 0x40, 0xf, 0xf8,
    0xf5, 0x0, 0xc, 0xe0, 0x15, 0x5d, 0xa8, 0x0,
    0x3a, 0x20, 0xb, 0x80, 0xf, 0xe8, 0xc2, 0x0,
    0x3c, 0x80, 0x7f, 0xc7, 0x82, 0x0, 0x7d, 0x50,
    0xe, 0x6e, 0x70, 0x8, 0x8e, 0xef, 0x84, 0x0,
    0xb7, 0x7a, 0x48, 0x80, 0x2, 0xad, 0x50, 0x3e,
    0x91, 0x0, 0xe, 0x3a, 0x27, 0x80, 0x22, 0x44,
    0xe3, 0xd5, 0x0, 0x8a, 0xb0, 0x84, 0x2, 0x4f,
    0x30, 0xf, 0xfe, 0x35, 0x59, 0x0, 0x54, 0x2c,
    0x5, 0x76, 0x10, 0xaf, 0xff, 0x8, 0x1, 0xbf,
    0xfc, 0x0, 0x4d, 0x81, 0x13, 0x5, 0xc6, 0xa0,
    0x7, 0xff, 0x4, 0x40, 0x3f, 0xcf, 0xda, 0x0,
    0x27, 0x0, 0xff, 0xe8, 0x18, 0x6, 0xee, 0xff,
    0xe0, 0x8, 0x1, 0xfb, 0xbf, 0xe6, 0x0, 0xe1,
    0x1f, 0xfe, 0x0, 0x6, 0x11, 0xff, 0xe0, 0x0,
    0x7f, 0xf5, 0xc0,

    /* U+590D "复" */
    0x0, 0xfd, 0x97, 0x8, 0x1, 0xff, 0xd0, 0x83,
    0x47, 0x30, 0xf, 0xfe, 0x79, 0x38, 0x0, 0x9c,
    0x3, 0xff, 0x9f, 0xc0, 0x11, 0x7f, 0xff, 0xf2,
    0x44, 0x3, 0xa0, 0xc0, 0x3f, 0xfa, 0x48, 0xe0,
    0x10, 0x8f, 0xff, 0x30, 0x2, 0x2b, 0x0, 0xaf,
    0xbb, 0xff, 0x96, 0x1, 0xf, 0x80, 0x4e, 0x80,
    0x1f, 0xfc, 0xd1, 0xc2, 0x0, 0x9f, 0xff, 0xff,
    0x93, 0x20, 0x10, 0xe1, 0x0, 0x7f, 0xf4, 0xc8,
    0x0, 0x2a, 0x1, 0x33, 0x7f, 0xf1, 0x40, 0x3e,
    0x19, 0x1, 0xc3, 0x0, 0xc, 0xcf, 0xff, 0x14,
    0x3, 0xf3, 0x26, 0x10, 0x6, 0x22, 0xff, 0xe2,
    0x80, 0x7f, 0x59, 0x0, 0x61, 0xdd, 0xff, 0xe2,
    0x80, 0x7f, 0xf9, 0x7, 0xff, 0xff, 0x8a, 0x1,
    0xff, 0xe4, 0x1f, 0xff, 0xfe, 0x28, 0x7, 0xff,
    0x87, 0x62, 0x24, 0x0, 0x92, 0x23, 0xff, 0x87,
    0xa0, 0x1f, 0x91, 0xdc, 0x68, 0x0, 0x4b, 0x77,
    0xff, 0xe1, 0xa0, 0x7, 0xf9, 0x2c, 0x2, 0x29,
    0x9f, 0xfe, 0x22, 0x80, 0x7f, 0x3d, 0x80, 0x66,
    0x6f, 0xfe, 0x2e, 0x0, 0x7c, 0x37, 0x0, 0x1f,
    0xfd, 0x16, 0xf4, 0x0, 0xf2, 0x67, 0xff, 0xf5,
    0x90, 0x4, 0x76, 0x1, 0x93, 0x64, 0x40, 0xf,
    0xcc, 0x0, 0x4c, 0x91, 0x0, 0xe4, 0xcb, 0x20,
    0x3, 0xe1, 0x0, 0x62, 0x20, 0x0, 0x6e, 0x6,
    0x68, 0x40, 0xd, 0xd4, 0x82, 0xfb, 0x66, 0x0,
    0x3c, 0x80, 0xf, 0x31, 0x83, 0x7a, 0x0, 0x4b,
    0xce, 0x1, 0x2d, 0xf4, 0x10, 0x0, 0xab, 0xc,
    0x3, 0xf7, 0x6c, 0x88, 0x7, 0xe, 0xa8, 0x7,
    0xe1, 0xa6, 0x0, 0xff, 0x11, 0x0, 0x2, 0x8f,
    0x5b, 0xd4, 0xa0, 0x1f, 0x86, 0x33, 0xf6, 0xa1,
    0x90, 0x80, 0x2, 0xf3, 0x9d, 0xcb, 0x85, 0x20,
    0xc, 0x2d, 0x78, 0xe4, 0x1, 0xc4, 0xaf, 0x37,
    0xb4, 0x0, 0x86, 0x31, 0x0, 0xf2, 0x46, 0x74,
    0xa1, 0xc6, 0xea, 0x54, 0x40, 0x3e, 0xc0, 0x13,
    0x0, 0xc6, 0xd3, 0xbf, 0x6e, 0x60, 0x1e, 0x26,
    0xae, 0xe5, 0x3a, 0x10, 0x1, 0x0, 0x11, 0xb,
    0xdf, 0xc9, 0x62, 0x0, 0xff, 0xe1, 0xa, 0xc5,
    0xef, 0xe9, 0x0,

    /* U+5976 "奶" */
    0x0, 0xe6, 0x54, 0x0, 0xff, 0xe8, 0x94, 0xd5,
    0x80, 0x7f, 0xf4, 0x58, 0x0, 0x40, 0x1c, 0x26,
    0x7f, 0xfc, 0x40, 0xf, 0x88, 0x0, 0xc0, 0x1c,
    0x99, 0x9f, 0xfc, 0x40, 0xf, 0x84, 0x0, 0x40,
    0x1f, 0xfd, 0x1e, 0x0, 0x70, 0x7, 0xff, 0x44,
    0x80, 0x2, 0x1, 0xcb, 0xba, 0xc0, 0xa, 0x77,
    0x79, 0x0, 0x2, 0x1, 0xbf, 0xe4, 0x0, 0x4f,
    0xff, 0x19, 0x14, 0x1, 0x19, 0x17, 0x28, 0x1,
    0xc0, 0x3f, 0xf8, 0x8e, 0x1, 0xe1, 0x0, 0xc6,
    0x20, 0xd, 0x0, 0xff, 0xe3, 0x98, 0x7, 0xeb,
    0x0, 0x90, 0x3, 0x4c, 0x98, 0x0, 0x33, 0x30,
    0x80, 0x1c, 0x3, 0xce, 0x1, 0x90, 0x0, 0x80,
    0x1c, 0xcc, 0xf0, 0x2, 0x33, 0x42, 0x0, 0x20,
    0x0, 0x80, 0x7c, 0x26, 0x0, 0xd0, 0xf, 0xbc,
    0x0, 0x40, 0x1e, 0x10, 0xf, 0x8, 0x4, 0xe0,
    0x12, 0x0, 0x7c, 0xa0, 0xd, 0x0, 0x18, 0x0,
    0x80, 0x27, 0x0, 0xfb, 0x0, 0x2, 0xc8, 0x90,
    0x6, 0x20, 0x3, 0x0, 0x18, 0x0, 0xe0, 0x10,
    0x80, 0x46, 0x1, 0x8, 0x0, 0x6e, 0xf1, 0x0,
    0x4, 0x40, 0x3, 0x0, 0x10, 0x0, 0x80, 0x23,
    0x0, 0x84, 0x3, 0xfe, 0x30, 0x2, 0x80, 0x8,
    0x2, 0xd0, 0x6, 0x80, 0x42, 0x1, 0xf0, 0x8e,
    0x0, 0xc2, 0x0, 0xc0, 0x3, 0x80, 0x48, 0x0,
    0x70, 0xb, 0x80, 0x4, 0x1, 0xab, 0xba, 0xb0,
    0xf, 0x18, 0x3, 0x0, 0x4, 0x20, 0x2, 0x0,
    0x8c, 0x0, 0x20, 0x1f, 0x84, 0x3, 0xc8, 0x0,
    0x50, 0x2, 0x0, 0x10, 0x3, 0x30, 0x1, 0x80,
    0x3f, 0xe1, 0x0, 0x10, 0x5, 0xa6, 0x1a, 0x0,
    0xc0, 0xc, 0x60, 0x2, 0x0, 0xfc, 0x60, 0x1c,
    0x4a, 0x0, 0x1c, 0x74, 0x0, 0x28, 0x4, 0x40,
    0x17, 0x0, 0x7e, 0x10, 0x1, 0x80, 0x54, 0xe0,
    0x14, 0x0, 0x8, 0x80, 0x13, 0x80, 0x4a, 0x1,
    0xfb, 0xc0, 0x3e, 0x89, 0x0, 0xea, 0x0, 0xd8,
    0x1, 0x18, 0x7, 0xfc, 0x20, 0x1c, 0xd4, 0x1,
    0xb0, 0x3, 0x38, 0x0, 0xc0, 0x3f, 0x84, 0x3,
    0xf8, 0x40, 0x32, 0x60, 0x82, 0x8, 0x2, 0xc0,
    0x3f, 0x8c, 0x0, 0xe0, 0x1c, 0x34, 0x1, 0xc7,
    0x83, 0x0, 0x12, 0x80, 0x7f, 0x8, 0x7, 0xed,
    0x10, 0x3, 0x88, 0x0, 0x54, 0xc0, 0x6, 0x40,
    0x1f, 0xcc, 0x0, 0x10, 0xd, 0x66, 0x0, 0x48,
    0xc1, 0x16, 0xc8, 0x5, 0x20, 0x1f, 0xc6, 0x40,
    0x2, 0x0, 0xa9, 0x0, 0x5, 0x40, 0x59, 0x4c,
    0x40, 0x2, 0x50, 0x9, 0xe2, 0x35, 0x60, 0x5,
    0xc0, 0xa, 0x50, 0xb, 0xc4, 0x0, 0x4f, 0x0,
    0x14, 0x80, 0x6b, 0x77, 0xca, 0x1, 0x9c, 0x9,
    0x40, 0x2b, 0x20, 0xd, 0xc0, 0x12, 0xa0, 0x6,
    0x50, 0xf, 0xce, 0x20, 0x58, 0x0, 0xa4, 0x0,
    0xe9, 0x0, 0xd, 0x80, 0x77, 0x80, 0x70, 0xa5,
    0x40, 0x4, 0x77, 0x4a, 0x1, 0xe4, 0xc0, 0xb1,
    0x0, 0xe6, 0xff, 0xee, 0xb5, 0x0, 0xe4, 0x50,
    0xf, 0xc7, 0xca, 0x1, 0xff, 0xc6,

    /* U+5B57 "字" */
    0x0, 0xff, 0xe0, 0x92, 0xc5, 0x10, 0x7, 0xff,
    0x3e, 0x69, 0xd6, 0xc0, 0x3f, 0xf9, 0xfc, 0x1,
    0x30, 0x7, 0xff, 0x3d, 0x44, 0x2, 0x60, 0xf,
    0xfe, 0x13, 0xbf, 0xff, 0x4, 0x80, 0x2b, 0x77,
    0xff, 0x8c, 0x1, 0x11, 0xff, 0xc1, 0x30, 0x8,
    0xa2, 0x3f, 0xeb, 0x0, 0xff, 0xfc, 0xb7, 0xff,
    0xff, 0x27, 0x80, 0x3f, 0xff, 0xff, 0xff, 0xfc,
    0x78, 0x0, 0xfa, 0x62, 0x1a, 0x1, 0xff, 0xc8,
    0x11, 0x44, 0x56, 0x0, 0x67, 0x72, 0x0, 0x7f,
    0xf2, 0x9d, 0xe3, 0x0, 0xfa, 0x23, 0xff, 0x82,
    0x80, 0x1d, 0x80, 0x1f, 0xfc, 0x7, 0x7f, 0xfe,
    0x7, 0x20, 0x4, 0x5a, 0xa0, 0x1f, 0xfc, 0xa4,
    0xe6, 0x0, 0x9f, 0x48, 0x3, 0xff, 0x95, 0x16,
    0x20, 0x1, 0xb8, 0x0, 0xff, 0xe5, 0xd3, 0x80,
    0x4b, 0xc8, 0x1, 0xff, 0xd0, 0xaa, 0x0, 0x7f,
    0xf0, 0x3b, 0xff, 0xff, 0x82, 0xa0, 0x15, 0x7f,
    0xff, 0xf0, 0x1c, 0x3, 0xff, 0xe9, 0x2e, 0xff,
    0xfc, 0x12, 0x0, 0x99, 0xdf, 0xff, 0x80, 0x8f,
    0x11, 0xff, 0xc1, 0x70, 0xa, 0x23, 0xff, 0x82,
    0x60, 0x1f, 0xff, 0xf0, 0xf, 0xfe, 0xbb, 0x0,
    0x7f, 0xf3, 0x5, 0x9b, 0x3c, 0x98, 0x4, 0x20,
    0x1f, 0xfc, 0x99, 0x9d, 0xc, 0x1, 0x8, 0x7,
    0xff, 0x24, 0x48, 0x3, 0xf3, 0x0, 0x7f, 0xf2,
    0x9c, 0x3, 0xc7, 0x10, 0x0, 0xff, 0xe1, 0x0,

    /* U+5B58 "存" */
    0x0, 0xff, 0xe0, 0x3c, 0xba, 0x80, 0x7f, 0xf4,
    0xa1, 0xa2, 0x80, 0x3f, 0xfa, 0x2a, 0x1, 0x28,
    0x7, 0xff, 0x47, 0x80, 0x2e, 0x0, 0xff, 0xe3,
    0xaf, 0xff, 0xf2, 0x0, 0x57, 0xff, 0xff, 0xc4,
    0xe0, 0xf, 0xff, 0xd2, 0x55, 0x7c, 0x80, 0x12,
    0x55, 0x7f, 0xf1, 0xc0, 0x2, 0xab, 0xe4, 0x40,
    0x5, 0x2a, 0xbf, 0xfc, 0x64, 0x0, 0xfe, 0x80,
    0x9, 0x48, 0x3, 0xff, 0x9e, 0x4c, 0x1, 0x40,
    0x7, 0xff, 0x43, 0x80, 0x26, 0x25, 0xff, 0xff,
    0xe2, 0xb0, 0x7, 0xe7, 0x30, 0x0, 0xc8, 0x7,
    0xff, 0x3c, 0xe0, 0x2, 0xa0, 0xf, 0xfe, 0x78,
    0xf0, 0x4, 0xa8, 0x0, 0x4c, 0xcf, 0xf9, 0x40,
    0x31, 0x20, 0x7, 0xa8, 0x80, 0x2d, 0x0, 0x84,
    0xcf, 0xf8, 0x7d, 0x40, 0x27, 0xd2, 0x0, 0xe9,
    0x40, 0xf, 0xfe, 0x2b, 0xe9, 0x80, 0x6, 0xe0,
    0x3, 0xd0, 0xc0, 0x1f, 0xfc, 0x41, 0xc8, 0x0,
    0x97, 0xd0, 0x3, 0xd0, 0xe0, 0x1f, 0xfc, 0x52,
    0x30, 0xa, 0xa8, 0x20, 0x1f, 0x38, 0x4, 0xc2,
    0x1, 0x88, 0xbf, 0x98, 0x2, 0x77, 0x11, 0x7c,
    0x0, 0x50, 0x2, 0xc8, 0x7, 0x7e, 0xef, 0xea,
    0x0, 0x9f, 0x77, 0xf1, 0x7, 0x2, 0xd0, 0x7,
    0xff, 0x49, 0x1e, 0x80, 0x3f, 0xfa, 0x90, 0x1,
    0xfb, 0x7f, 0xff, 0x60, 0x5, 0x1f, 0xff, 0x88,
    0x3, 0xff, 0x98, 0x20, 0x1f, 0xff, 0xf0, 0xf,
    0xff, 0x63, 0x80, 0x7f, 0xf3, 0xc5, 0x13, 0x2c,
    0x0, 0x46, 0x1, 0xff, 0xcb, 0x3b, 0xbd, 0x46,
    0x1, 0x30, 0x7, 0xff, 0x2c, 0x80, 0x3f, 0x19,
    0x80, 0x3f, 0xf9, 0x86, 0x1, 0xc4, 0xf8, 0x1,
    0xfe,

    /* U+5B89 "安" */
    0x0, 0xff, 0xe0, 0x89, 0xb4, 0x28, 0x7, 0xff,
    0x3d, 0xb2, 0x5e, 0xc0, 0x3f, 0xf9, 0xec, 0x1,
    0xa, 0x80, 0x7f, 0xf3, 0x85, 0xc0, 0x29, 0x0,
    0xff, 0xe1, 0xb, 0xbf, 0xff, 0x0, 0x3, 0x1c,
    0x3b, 0xff, 0x8c, 0x0, 0x51, 0x1f, 0xfc, 0x7,
    0x0, 0xcf, 0x11, 0xfe, 0xb0, 0xf, 0xff, 0xd4,
    0xff, 0xfb, 0x7f, 0xff, 0xf8, 0x40, 0x1f, 0xfc,
    0x43, 0xdd, 0x39, 0x0, 0x7f, 0xf3, 0xe4, 0xa,
    0x14, 0x3, 0xff, 0x8a, 0x2a, 0xb8, 0x3, 0x12,
    0x80, 0x5, 0xc0, 0x3f, 0xe5, 0x5b, 0x40, 0x5,
    0x55, 0x18, 0x6, 0x80, 0xa, 0x40, 0x3f, 0xf8,
    0x15, 0x52, 0x80, 0x7f, 0x8d, 0x40, 0x2, 0xe0,
    0x1f, 0xfc, 0x5c, 0xff, 0xfd, 0x80, 0x10, 0xff,
    0xff, 0xf1, 0x78, 0x3, 0xff, 0xe9, 0x31, 0x1e,
    0x50, 0x8, 0xa2, 0x3f, 0x94, 0x2, 0x28, 0x8f,
    0x2b, 0xbf, 0xc0, 0x14, 0x3b, 0xff, 0x8, 0x5,
    0xe, 0xfc, 0xc0, 0x1e, 0x72, 0x0, 0x1a, 0x80,
    0x7e, 0x24, 0x0, 0xa, 0x80, 0x7f, 0xc5, 0x0,
    0x17, 0x0, 0x7f, 0x48, 0x5, 0x0, 0x1f, 0xfc,
    0xe, 0x0, 0xd0, 0x80, 0x1f, 0x2a, 0x0, 0x9,
    0x80, 0x3f, 0xe3, 0x30, 0x6, 0x5b, 0xd7, 0x10,
    0x8, 0xa8, 0x2, 0x90, 0xf, 0xfe, 0x1, 0xfc,
    0x98, 0x6, 0x28, 0xea, 0x42, 0xc0, 0x9, 0x90,
    0x3, 0xff, 0x84, 0xd9, 0x86, 0x0, 0xe5, 0xbd,
    0x10, 0x1, 0xc8, 0x7, 0xff, 0x14, 0xe7, 0xe4,
    0x80, 0x3f, 0x40, 0x7, 0xff, 0x25, 0xb1, 0x0,
    0x3e, 0xbb, 0x28, 0x7, 0xff, 0x19, 0x2b, 0x90,
    0x3, 0xf2, 0x57, 0x38, 0x80, 0x7f, 0xc4, 0xd5,
    0xf6, 0xa0, 0x18, 0xee, 0x4, 0x3, 0xc, 0x74,
    0x90, 0x4, 0x26, 0xd3, 0x9f, 0xb2, 0xa0, 0x1c,
    0x75, 0x88, 0xfd, 0x24, 0x1, 0xcd, 0xb6, 0x81,
    0x39, 0x2c, 0x60, 0x1f, 0x36, 0x61, 0x40, 0x33,
    0x6d, 0x98, 0x7, 0x26, 0x85, 0x80, 0x7c, 0x2b,
    0x5f, 0x26, 0x1, 0xf9, 0x33, 0x8, 0x1, 0xac,
    0xc, 0x40, 0x2, 0x91, 0x9d, 0x4a, 0x1, 0xff,
    0xc1, 0x3b, 0xd5, 0x5, 0x20, 0x5, 0xd6, 0xf5,
    0xb9, 0x80, 0x7f, 0xf1, 0x8a, 0xb6, 0x0, 0x0,

    /* U+5B8C "完" */
    0x0, 0xff, 0xe0, 0xa4, 0x56, 0x38, 0x7, 0xff,
    0x3c, 0xdd, 0x4e, 0x80, 0x3f, 0xf9, 0xea, 0x1,
    0x11, 0x0, 0x3f, 0xf9, 0xc4, 0x40, 0x9, 0x40,
    0x3f, 0xf8, 0x55, 0xff, 0xff, 0xc0, 0x20, 0xa,
    0x3f, 0xff, 0xea, 0x0, 0xff, 0xe9, 0x88, 0x7,
    0xff, 0x64, 0xaa, 0xbf, 0xf9, 0x42, 0x1, 0xf8,
    0x55, 0x7f, 0xf9, 0x46, 0x1, 0xff, 0xd9, 0xd4,
    0x48, 0x3, 0xff, 0x94, 0x8a, 0xac, 0x0, 0x3d,
    0xda, 0xd, 0x13, 0xff, 0x90, 0x73, 0x54, 0x70,
    0xf, 0x65, 0xdf, 0xff, 0x23, 0x40, 0x3f, 0xfb,
    0xc2, 0x3f, 0xfc, 0x93, 0x0, 0xff, 0x77, 0x7f,
    0xf2, 0x74, 0x3, 0xff, 0xf4, 0x89, 0xff, 0xd2,
    0x2, 0xbb, 0xff, 0xe9, 0x10, 0x7, 0xff, 0xd0,
    0xbf, 0xff, 0x8, 0x0, 0xbf, 0xf8, 0x2, 0x7f,
    0xff, 0xe2, 0x0, 0xfe, 0x10, 0x0, 0x80, 0x7f,
    0xf3, 0xcc, 0x2, 0x50, 0xf, 0xfe, 0x1d, 0xd9,
    0xc8, 0x3, 0xf5, 0x0, 0x5e, 0x1, 0xff, 0xc3,
    0x54, 0x85, 0x0, 0xf8, 0x98, 0x2, 0x70, 0xf,
    0xfe, 0x30, 0x80, 0x78, 0xbc, 0x2, 0x51, 0x0,
    0xff, 0xe1, 0x88, 0x0, 0xc0, 0x39, 0xb4, 0x80,
    0x3, 0x60, 0x1f, 0xc4, 0x1, 0xc2, 0x1, 0x8,
    0x0, 0x5f, 0xa4, 0x3, 0x50, 0x80, 0x78, 0x40,
    0xa, 0xc6, 0x7a, 0xc0, 0x26, 0x2c, 0xe8, 0x10,
    0x8, 0x71, 0x0, 0x3e, 0x50, 0xa, 0x73, 0x32,
    0x80, 0x44, 0x50, 0x7, 0x37, 0x98, 0x7, 0xef,
    0x0, 0xff, 0xa0, 0x1, 0x0, 0x13, 0x6c, 0x88,
    0x7, 0xf2, 0x5a, 0x8, 0x7, 0xa, 0x4b, 0x80,
    0x19, 0x67, 0xa4, 0x80, 0x3f, 0xf8, 0x9, 0x7d,
    0xff, 0xdd, 0x6c, 0x0,

    /* U+5B9A "定" */
    0x0, 0xff, 0xe1, 0x14, 0x55, 0xd8, 0x3, 0xff,
    0xa0, 0x6e, 0xa8, 0x82, 0x0, 0xff, 0xe7, 0x89,
    0x80, 0x4a, 0x1, 0xff, 0xd0, 0xb0, 0xa, 0xc0,
    0x3f, 0xf8, 0x71, 0xff, 0xff, 0xc0, 0x80, 0x8,
    0xff, 0xff, 0xe7, 0x0, 0xff, 0xfe, 0xe6, 0x7f,
    0xf2, 0x84, 0x3, 0xf8, 0x4c, 0xff, 0xf9, 0x40,
    0x1f, 0xfd, 0xcc, 0x77, 0x48, 0x7, 0xff, 0x2a,
    0x62, 0x8, 0x1, 0x24, 0xc9, 0x84, 0x7f, 0xf9,
    0x4c, 0xd1, 0x80, 0x6f, 0xee, 0xff, 0xe7, 0x88,
    0x7, 0xff, 0xeb, 0xf7, 0x7f, 0xec, 0x0, 0x9f,
    0x77, 0xfe, 0x10, 0xc, 0x24, 0x5f, 0xfc, 0x0,
    0xb, 0xc8, 0xbf, 0xe0, 0xf, 0xc8, 0xc8, 0x60,
    0x1f, 0xfd, 0x1d, 0x9b, 0xc0, 0xf, 0xfe, 0x89,
    0x0, 0x8, 0x3, 0xff, 0xa2, 0xa0, 0x6, 0x0,
    0xfe, 0x8f, 0xff, 0xf1, 0x0, 0x7c, 0x22, 0x0,
    0x18, 0x7, 0xff, 0x41, 0x0, 0x2d, 0x0, 0xff,
    0xe8, 0x60, 0x4, 0xe0, 0x1f, 0xcd, 0x77, 0xfe,
    0x20, 0xf, 0x9c, 0x2, 0xb0, 0xf, 0xee, 0x44,
    0xff, 0x0, 0x7c, 0xa2, 0x1, 0x32, 0x80, 0x7f,
    0xf3, 0xa4, 0x3, 0xa9, 0x80, 0x3f, 0xf9, 0x8c,
    0x60, 0x3, 0x10, 0x4, 0xd1, 0x0, 0x7f, 0xf2,
    0x4a, 0x40, 0x2f, 0xd0, 0x9, 0x76, 0xd8, 0x3,
    0xff, 0x8f, 0xc0, 0x12, 0x99, 0xb0, 0x40, 0x24,
    0x80, 0xa, 0x3f, 0xff, 0xf8, 0x14, 0x16, 0x60,
    0x1, 0xb0, 0x1, 0xfa, 0x80, 0x7f, 0xf2, 0x34,
    0x4, 0x2, 0xa1, 0x0, 0x86, 0xb5, 0x88, 0x3,
    0xff, 0x8a, 0x61, 0x48, 0x12, 0x80, 0x1e, 0x29,
    0xde, 0xca, 0x99, 0xff, 0xe1, 0x20, 0x2, 0xe5,
    0x80, 0x3f, 0xc2, 0x6a, 0xcd, 0xff, 0xc2, 0x0,

    /* U+5B9E "实" */
    0x0, 0xff, 0xe0, 0xa4, 0x56, 0x28, 0x7, 0xff,
    0x3c, 0xdd, 0x4e, 0x40, 0x3f, 0xf9, 0xec, 0x1,
    0x19, 0x0, 0x7f, 0xf3, 0x85, 0x0, 0x2a, 0x0,
    0xff, 0xe1, 0x7f, 0xff, 0xf0, 0x50, 0x2, 0x7f,
    0xff, 0xfa, 0x40, 0x3f, 0xff, 0x2b, 0x99, 0xff,
    0xca, 0x0, 0xfe, 0x23, 0x3a, 0xc8, 0xcf, 0xff,
    0x8a, 0x1, 0xff, 0xc0, 0x67, 0xe7, 0x0, 0xf3,
    0x7f, 0xc6, 0x1, 0xff, 0xc5, 0x80, 0x4, 0x73,
    0x0, 0x7f, 0xf2, 0x1d, 0x99, 0x80, 0x9, 0x0,
    0x86, 0x75, 0x0, 0x2, 0x1, 0x8, 0x7, 0x32,
    0xab, 0x0, 0x11, 0x32, 0x40, 0x3, 0xf3, 0x0,
    0x45, 0x70, 0x1, 0xff, 0x4d, 0x51, 0x40, 0x3c,
    0xa0, 0x1, 0x9d, 0x40, 0xb, 0x43, 0xc0, 0x23,
    0x0, 0xff, 0xe1, 0x35, 0x6a, 0x0, 0xa, 0xe8,
    0x88, 0xa0, 0x1f, 0xfc, 0x88, 0x2, 0xbc, 0x30,
    0x2, 0xef, 0x0, 0x4, 0x2, 0x10, 0xf, 0xfe,
    0x8, 0xa0, 0x4, 0x79, 0x44, 0x0, 0x30, 0xf,
    0xfe, 0x40, 0xd6, 0x20, 0x4, 0xbb, 0x22, 0x1,
    0x18, 0x7, 0xff, 0x1c, 0xee, 0xc4, 0x1, 0x31,
    0x0, 0x4c, 0x0, 0x20, 0xf, 0xfe, 0x32, 0x6c,
    0x0, 0x14, 0xc0, 0x22, 0x0, 0x30, 0x7, 0xfc,
    0xab, 0xfc, 0x50, 0x3a, 0xab, 0x30, 0x80, 0x1d,
    0x57, 0xfc, 0x57, 0x55, 0xfd, 0x3, 0x15, 0x54,
    0x80, 0x47, 0x55, 0xfe, 0x50, 0xf, 0xfe, 0xa1,
    0x80, 0x7f, 0xf4, 0x87, 0x7f, 0xff, 0xf8, 0x3c,
    0x40, 0x15, 0x7f, 0xff, 0xcc, 0x1, 0xff, 0xc1,
    0x1c, 0x20, 0xb, 0xd0, 0x3, 0xff, 0x96, 0xde,
    0x40, 0x19, 0x6f, 0x58, 0x3, 0xff, 0x8e, 0xdb,
    0x22, 0x1, 0xf1, 0x4f, 0x40, 0x80, 0x7f, 0xf0,
    0x5, 0x6b, 0xe4, 0x80, 0x22, 0xde, 0x81, 0x0,
    0x85, 0xfa, 0x8c, 0x3, 0xc4, 0xb3, 0xbd, 0x4a,
    0x1, 0xcd, 0xa4, 0x2f, 0xd2, 0x40, 0x19, 0x73,
    0xc, 0x0, 0x3e, 0xda, 0x62, 0x0, 0xf2, 0xec,
    0x80, 0x73, 0x6d, 0x98, 0x6, 0x39, 0xe0, 0x30,
    0xf, 0xc7, 0x1d, 0x44, 0x1, 0xf9, 0x33, 0x8,
    0x1, 0x90, 0x0, 0xe0, 0x19, 0x27, 0xb1, 0xc4,
    0x3, 0xff, 0x80, 0x77, 0xaa, 0x0, 0x80, 0x5,
    0xac, 0xe7, 0xdb, 0x8, 0x7, 0xff, 0x14, 0xab,
    0x64, 0x80,

    /* U+5BF9 "对" */
    0x0, 0xff, 0xe7, 0x2a, 0xc4, 0x1, 0xff, 0xd1,
    0x1a, 0xac, 0x1, 0xff, 0xfd, 0x2e, 0xef, 0xfe,
    0x6, 0x80, 0x7f, 0xf2, 0x4, 0x7f, 0xf8, 0x26,
    0x1, 0xff, 0xea, 0x25, 0x5f, 0xe2, 0x0, 0xd1,
    0x33, 0xfa, 0x0, 0x24, 0x99, 0x84, 0x6, 0xab,
    0xf8, 0x40, 0xa, 0xc, 0xdf, 0xe0, 0x8, 0xd9,
    0xa0, 0xf, 0xfe, 0x1, 0x80, 0xc, 0x3, 0xff,
    0x95, 0x5a, 0x1, 0xc4, 0x1, 0x68, 0x7, 0xff,
    0x20, 0xb5, 0x4a, 0x40, 0x32, 0x0, 0x48, 0x1d,
    0xff, 0xfb, 0x80, 0x27, 0xff, 0x84, 0x8, 0x2,
    0x65, 0x0, 0xb0, 0x0, 0x42, 0x1, 0xff, 0xc9,
    0xf0, 0xa, 0x88, 0x0, 0xa0, 0x4, 0x0, 0x95,
    0x80, 0x3f, 0xf8, 0xa5, 0x20, 0x17, 0x2, 0x0,
    0x5a, 0x3, 0x54, 0x92, 0x0, 0xff, 0xe2, 0xb2,
    0x0, 0xe, 0x38, 0x2, 0x40, 0x35, 0x0, 0x70,
    0x7, 0xff, 0x1a, 0x84, 0x0, 0xea, 0x0, 0x50,
    0x1, 0x40, 0x0, 0xdc, 0x3, 0xff, 0x8a, 0x34,
    0x1, 0xee, 0x0, 0x9c, 0xc0, 0x10, 0x40, 0x1f,
    0xfc, 0x54, 0x60, 0xc, 0x28, 0x1, 0xb8, 0x2,
    0xe0, 0xf, 0xfe, 0x34, 0x90, 0x4, 0xe0, 0x1c,
    0x4e, 0x0, 0x37, 0x0, 0xff, 0xe5, 0x31, 0x0,
    0x74, 0x10, 0x2, 0x8, 0x3, 0xff, 0x88, 0xc4,
    0x1, 0xb8, 0x3, 0xdc, 0x1, 0x50, 0x7, 0xff,
    0xc, 0x60, 0x3, 0x8d, 0xc0, 0x38, 0xd8, 0x6a,
    0x0, 0x3f, 0xf8, 0x76, 0x20, 0x5, 0x0, 0xa0,
    0xc0, 0x3a, 0x3d, 0x40, 0x3f, 0xf8, 0x6a, 0xa0,
    0x1, 0x54, 0x0, 0x5c, 0x1, 0xc2, 0x20, 0xf,
    0xfe, 0x19, 0x50, 0x5, 0x0, 0xe6, 0x0, 0x28,
    0x0, 0xff, 0xe4, 0xf8, 0x4, 0xaa, 0x0, 0x70,
    0x4, 0xe6, 0x1, 0xff, 0xc7, 0xa2, 0x0, 0xd,
    0x80, 0x45, 0x0, 0x12, 0x0, 0x7f, 0xf1, 0xa1,
    0x40, 0x2a, 0x10, 0xc, 0xe6, 0x14, 0xe0, 0x1f,
    0x94, 0x2, 0xf0, 0xc, 0x4e, 0x1, 0x42, 0x0,
    0x7b, 0xb5, 0x40, 0x27, 0x99, 0xd5, 0x60, 0x10,
    0x80, 0x62, 0x60, 0x2, 0xb8, 0x7, 0xc4, 0x40,
    0xd, 0xac, 0xd9, 0x40, 0x32, 0x0, 0x74, 0x91,
    0xd0, 0x7, 0xff, 0xb, 0x40, 0x3f, 0x29, 0x0,
    0x7b, 0xf4, 0x3, 0xff, 0x86, 0x60, 0x1c, 0x27,
    0x14, 0x1, 0xc0,

    /* U+5C01 "封" */
    0x0, 0xf8, 0xe6, 0x61, 0x0, 0xff, 0xe1, 0x44,
    0xc9, 0x0, 0x3f, 0xcc, 0xd8, 0xc0, 0x3f, 0xf8,
    0x4c, 0xd6, 0x0, 0x7f, 0xfe, 0xd1, 0x3b, 0x40,
    0x24, 0x4e, 0x20, 0xf, 0xfe, 0x35, 0x5d, 0xe7,
    0x0, 0xa6, 0xef, 0x80, 0x3f, 0xfc, 0xe6, 0x23,
    0xc0, 0x10, 0x8f, 0x83, 0xbf, 0xfe, 0x10, 0x3,
    0xff, 0xa8, 0x1, 0xbd, 0xda, 0xc0, 0x2c, 0xee,
    0xd0, 0x1, 0xff, 0xc3, 0x10, 0xf, 0xff, 0x3c,
    0x47, 0xe0, 0x9, 0x22, 0x1e, 0x1, 0xff, 0xc6,
    0x67, 0x7f, 0x84, 0x0, 0x6e, 0xe4, 0xe, 0xff,
    0xea, 0x0, 0xb7, 0xff, 0x90, 0x3, 0xff, 0xae,
    0xa0, 0x1f, 0xfd, 0x25, 0xea, 0x60, 0xf, 0xfe,
    0x6, 0xdd, 0xff, 0xf0, 0xd4, 0x4, 0x2c, 0x3,
    0xff, 0x80, 0x68, 0x9c, 0xc4, 0x52, 0x27, 0x85,
    0x44, 0x9, 0x0, 0x3f, 0xf8, 0xaf, 0x33, 0x10,
    0x7, 0xd2, 0x0, 0xf0, 0xf, 0xfe, 0x8b, 0x0,
    0x10, 0x80, 0x3f, 0xfa, 0x2, 0xa0, 0xa, 0x0,
    0xff, 0xbf, 0xfa, 0x80, 0x2d, 0xff, 0xd4, 0x1,
    0x48, 0x1, 0xc0, 0x3f, 0xf9, 0xa2, 0x1, 0x19,
    0x0, 0x18, 0x3, 0xff, 0xa3, 0x60, 0xec, 0x1,
    0xfe, 0xaa, 0xe7, 0x0, 0xa6, 0xab, 0x40, 0x6,
    0x6e, 0x80, 0xf, 0xf9, 0x57, 0xb4, 0x2, 0x45,
    0x5c, 0x60, 0x1c, 0x20, 0x1f, 0xff, 0xf0, 0xf,
    0xfe, 0x5, 0x44, 0xde, 0x77, 0x0, 0x3f, 0xf8,
    0x62, 0xd1, 0x57, 0xbd, 0x40, 0x13, 0xb9, 0x90,
    0xc4, 0x3, 0xf8, 0x40, 0x1e, 0x1, 0x1c, 0xba,
    0xa1, 0x8, 0x7, 0xff, 0x5, 0x57, 0x35, 0x0,
    0x42, 0x1, 0x10, 0x7, 0xff, 0x0, 0x4d, 0x5a,
    0x0, 0x11, 0x55, 0x4a, 0x80, 0x4a, 0x1, 0xe2,
    0x35, 0x68, 0xab, 0xde, 0xfe, 0xca, 0x96, 0x0,
    0x38, 0x7, 0xc6, 0x60, 0xd, 0xfe, 0xdc, 0xa9,
    0x75, 0x42, 0x10, 0xf, 0xd8, 0x1, 0xc4, 0xf8,
    0x1, 0x80,

    /* U+5C31 "就" */
    0x0, 0xff, 0xee, 0x95, 0x6f, 0x90, 0x7, 0xe2,
    0xaa, 0x80, 0x3f, 0xf8, 0xa4, 0xa4, 0xa, 0x1,
    0xf8, 0x55, 0x60, 0x0, 0xd9, 0x80, 0x7f, 0xf0,
    0x50, 0x1, 0x80, 0x1f, 0xfc, 0x11, 0xc4, 0xd2,
    0x0, 0xff, 0xe0, 0x60, 0x1, 0x0, 0x3f, 0x38,
    0x6, 0x33, 0x0, 0xe1, 0x0, 0x62, 0xff, 0xf4,
    0x0, 0x5f, 0xfd, 0xa0, 0x1f, 0x16, 0x8, 0xe,
    0x8, 0x7, 0xff, 0x40, 0xb4, 0x0, 0x38, 0x20,
    0x1f, 0xfc, 0xc1, 0x0, 0x8e, 0xc0, 0xc, 0x20,
    0x2, 0xcc, 0xff, 0xe1, 0xf0, 0x7, 0xf9, 0x25,
    0x6c, 0x3, 0x19, 0xff, 0xf0, 0xc8, 0xce, 0x0,
    0x9, 0x9f, 0x2c, 0x99, 0x80, 0x3f, 0xf8, 0xc9,
    0x98, 0x80, 0xb, 0x33, 0xf8, 0x40, 0x29, 0xee,
    0xff, 0xe0, 0x38, 0x7, 0xff, 0x20, 0xc4, 0x7f,
    0xf8, 0x1e, 0x1, 0xff, 0xd6, 0x5f, 0xf4, 0x80,
    0xb, 0xff, 0xf8, 0x40, 0x3d, 0x3f, 0xfe, 0x60,
    0xf, 0x8, 0x0, 0x40, 0x3f, 0xfa, 0x5e, 0x1,
    0x2e, 0xea, 0x40, 0x3f, 0xf9, 0xc2, 0x0, 0x73,
    0x22, 0x18, 0x7, 0xff, 0x0, 0x40, 0x3c, 0x60,
    0x1e, 0x20, 0x1, 0x0, 0x7f, 0xf1, 0x23, 0xff,
    0xca, 0x1, 0xe7, 0x0, 0x8, 0x7, 0xff, 0x48,
    0x80, 0x1c, 0x1, 0xff, 0xc1, 0xd3, 0x3c, 0x40,
    0x11, 0x9e, 0xe0, 0x0, 0x88, 0x0, 0x40, 0x1f,
    0xfc, 0x17, 0xcc, 0xd0, 0x0, 0x2c, 0xcc, 0xc0,
    0x5, 0x0, 0x94, 0x3, 0xff, 0x84, 0xe4, 0x1,
    0xf1, 0x4d, 0x0, 0x58, 0x0, 0x21, 0x0, 0xff,
    0xe0, 0x9c, 0x6e, 0x0, 0x7b, 0x59, 0x48, 0x0,
    0x80, 0x7, 0x0, 0xf8, 0x44, 0x1, 0xd4, 0x0,
    0x50, 0xf, 0x30, 0x2, 0xc0, 0x4c, 0x1, 0x80,
    0x1f, 0x27, 0x69, 0x0, 0x4e, 0x0, 0xd0, 0xf,
    0x58, 0x1, 0x85, 0xc0, 0x27, 0x0, 0xf8, 0xc0,
    0x84, 0x0, 0xa2, 0x2, 0x80, 0x1e, 0x24, 0x0,
    0x4d, 0x0, 0x10, 0x40, 0x3f, 0xc2, 0x0, 0x90,
    0x3, 0x0, 0x7e, 0xe0, 0x4f, 0x30, 0x7, 0x0,
    0x7f, 0xf0, 0x4c, 0xc0, 0x9, 0x0, 0xfc, 0xb9,
    0x76, 0x0, 0xa, 0x80, 0x7e, 0x10, 0xd, 0x20,
    0x5, 0x10, 0xf, 0xe3, 0x53, 0x0, 0x48, 0x7,
    0x84, 0x3, 0x8c, 0x18, 0x1, 0xc6, 0x64, 0x90,
    0x0, 0x80, 0x6b, 0x0, 0xb, 0x80, 0x79, 0x4c,
    0xd8, 0x0, 0x10, 0xcb, 0x61, 0xcc, 0x59, 0x80,
    0x1c, 0x2, 0x91, 0x0, 0x40, 0x6, 0x20, 0x0,
    0xe6, 0x10, 0x4, 0x2, 0x49, 0x70, 0xf, 0x68,
    0x0, 0x5c, 0x0, 0x4c, 0x1, 0x90, 0x40, 0x3c,
    0xe0, 0x1c, 0x42, 0x1, 0x14, 0x30, 0x0, 0x7d,
    0x3, 0x80, 0x3d, 0x88, 0x1, 0xb, 0x48, 0x7,
    0xbb, 0xfe, 0xd7, 0x0, 0xc3, 0x76, 0x30, 0xf,
    0x15, 0xff, 0xdd, 0x20, 0x0,

    /* U+5C42 "层" */
    0x0, 0x9f, 0xff, 0xff, 0x9d, 0xa0, 0x1b, 0xc0,
    0x3f, 0xf9, 0xc6, 0x1, 0xff, 0xdb, 0x1f, 0xff,
    0xfe, 0x43, 0x0, 0x7f, 0xff, 0xc0, 0x3f, 0xfa,
    0x63, 0xff, 0xff, 0xc8, 0x60, 0xf, 0xfe, 0xf8,
    0x8f, 0xff, 0x2c, 0x80, 0x3e, 0x1e, 0xef, 0xfe,
    0x5e, 0x0, 0x7f, 0xff, 0xa3, 0xff, 0xff, 0x8f,
    0xc0, 0x1f, 0xfd, 0x91, 0x0, 0xef, 0x11, 0xff,
    0xe3, 0x98, 0x7, 0xe3, 0x0, 0x3f, 0x77, 0xff,
    0x1f, 0x40, 0x38, 0xc0, 0x3f, 0xfa, 0x62, 0x0,
    0x10, 0xf, 0xfe, 0x83, 0x80, 0x1d, 0xdf, 0xff,
    0xfc, 0xc0, 0x8, 0x80, 0x4, 0x1, 0xff, 0xcf,
    0x11, 0x0, 0x38, 0x4, 0x7c, 0x1, 0x84, 0x7f,
    0xf8, 0x24, 0x0, 0x20, 0x8, 0x9f, 0xbb, 0xa4,
    0x2, 0x5e, 0xee, 0xc5, 0xde, 0xee, 0xd0, 0x2,
    0x0, 0x4e, 0x1, 0xcd, 0x0, 0x3, 0xa0, 0xc,
    0xba, 0x9a, 0x40, 0x1f, 0x60, 0x0, 0x48, 0x3,
    0x34, 0x80, 0xb, 0x40, 0x3f, 0xf, 0x88, 0x7,
    0xa, 0x0, 0x10, 0x3, 0x3c, 0x80, 0xb, 0x4,
    0x3, 0x96, 0x0, 0x5, 0xa0, 0x1d, 0x20, 0x17,
    0x80, 0x53, 0x0, 0x2, 0xc1, 0x0, 0x84, 0x88,
    0x67, 0x0, 0xe, 0xc0, 0x33, 0x0, 0x5, 0x40,
    0x12, 0xc0, 0x11, 0xff, 0x7f, 0xdd, 0xba, 0xcb,
    0x30, 0x9, 0x24, 0x1, 0x2, 0x0, 0x70, 0xf,
    0xc2, 0x30, 0x7, 0xff, 0x5, 0x9c, 0x8, 0x2,
    0x80, 0xb, 0x0, 0x3f, 0xc2, 0x22, 0x34, 0x56,
    0x71, 0x0, 0x42, 0x53, 0x3, 0x88, 0x4, 0x8f,
    0x13, 0x57, 0x9b, 0xdf, 0xee, 0xe6, 0xe5, 0xd4,
    0xc5, 0x0, 0xd, 0x2, 0x66, 0x0, 0xc3, 0xe,
    0xca, 0x86, 0x42, 0x1, 0xfe, 0x49, 0x4c, 0x0,
    0x98, 0x40, 0x3f, 0xf9, 0x8d, 0x60, 0x0,

    /* U+5C4F "屏" */
    0x0, 0xc2, 0x3f, 0xfc, 0xf0, 0xf, 0x7f, 0x77,
    0xff, 0x38, 0x3, 0xff, 0xfe, 0xdf, 0xff, 0xfc,
    0x77, 0x0, 0xff, 0xf0, 0x98, 0x8f, 0xff, 0x20,
    0x3, 0xff, 0x80, 0xbd, 0xdf, 0xfc, 0x76, 0x0,
    0xff, 0xff, 0x80, 0x4d, 0xff, 0xda, 0xd3, 0xff,
    0xf9, 0x67, 0x7f, 0xf0, 0x7, 0xff, 0x9, 0xb5,
    0xa4, 0x80, 0x3d, 0x2b, 0x3a, 0x80, 0x1f, 0xfc,
    0x57, 0x10, 0x4, 0x80, 0x71, 0xb0, 0x1, 0x50,
    0x3, 0xff, 0x8a, 0x30, 0x0, 0x52, 0x0, 0xdc,
    0x0, 0x1b, 0x0, 0xff, 0x8, 0x6, 0xef, 0xfa,
    0x40, 0x3, 0xbf, 0xf8, 0x80, 0x3, 0xdf, 0xf8,
    0x80, 0x3f, 0xfb, 0xa2, 0x1, 0xff, 0xd4, 0xf0,
    0xcd, 0xd8, 0xc0, 0x9, 0xbb, 0xd6, 0x1, 0x4e,
    0xee, 0x20, 0xc, 0x20, 0x10, 0x81, 0x16, 0x0,
    0x84, 0x8b, 0x98, 0x2, 0x22, 0xe0, 0xe, 0x20,
    0x8, 0xc0, 0x3f, 0xfa, 0xe, 0x1, 0x30, 0x7,
    0xff, 0x40, 0xc0, 0x37, 0xff, 0x18, 0x1, 0x7f,
    0xfb, 0x40, 0x2b, 0xff, 0xe9, 0x0, 0xb8, 0x2,
    0x20, 0xf, 0xfe, 0x82, 0x80, 0xc, 0x3, 0xff,
    0xa0, 0x26, 0x0, 0x51, 0xdd, 0xd8, 0x1, 0x46,
    0xef, 0x58, 0x5, 0x3b, 0xbd, 0x0, 0x4, 0x0,
    0xb0, 0x8, 0xb3, 0x80, 0x48, 0x45, 0xcc, 0x1,
    0x11, 0x78, 0x40, 0x1c, 0x1, 0x20, 0x7, 0x78,
    0x0, 0x4c, 0x3, 0xff, 0x8a, 0x48, 0x0, 0x31,
    0x0, 0xca, 0x80, 0x7, 0x0, 0xff, 0xe3, 0x58,
    0x5, 0x40, 0x19, 0x68, 0x2, 0x80, 0xf, 0xfe,
    0x29, 0x30, 0x4, 0xe0, 0x13, 0xd0, 0x5, 0x42,
    0x1, 0xff, 0xc5, 0x28, 0x0, 0x30, 0x80, 0xa,
    0x40, 0x28, 0x50, 0xf, 0xfe, 0x3b, 0xd8, 0xc0,
    0x4, 0x5a, 0x21, 0x4e, 0x1, 0xff, 0xc9, 0x4e,
    0x10, 0xc, 0x79, 0xaa, 0x1, 0xfc, 0x5f, 0xf2,
    0x0, 0x78,

    /* U+5DE6 "左" */
    0x0, 0xff, 0xe0, 0xb3, 0x10, 0xc0, 0x3f, 0xfa,
    0x33, 0x2b, 0xe0, 0xf, 0xfe, 0x81, 0x80, 0x48,
    0x1, 0xff, 0xd0, 0x50, 0xb, 0xc0, 0x3f, 0xfa,
    0x18, 0x1, 0x20, 0x7, 0xff, 0x1a, 0x67, 0xfc,
    0x80, 0x15, 0xcc, 0xff, 0xf0, 0xdc, 0x0, 0xcd,
    0xfe, 0x10, 0x9, 0x9b, 0xff, 0x89, 0x20, 0x1f,
    0xff, 0x8f, 0xff, 0xdc, 0x1, 0xf, 0xff, 0xff,
    0x17, 0x80, 0x3f, 0xce, 0x1, 0x30, 0x7, 0xff,
    0x42, 0x80, 0x2b, 0x0, 0xff, 0xe7, 0x91, 0x80,
    0x8, 0xc0, 0x3f, 0xf9, 0xf4, 0x1, 0x50, 0x7,
    0xff, 0x41, 0x80, 0x26, 0x0, 0xff, 0xe7, 0xc0,
    0x80, 0x6, 0x62, 0x3f, 0xf8, 0x8e, 0x1, 0xfc,
    0x2e, 0x1, 0xb, 0xbf, 0xff, 0x16, 0x0, 0x3f,
    0xa4, 0x3, 0xff, 0xa6, 0x2e, 0x1, 0xff, 0xd3,
    0xa0, 0x9, 0xbf, 0xfd, 0xc0, 0x12, 0xff, 0xff,
    0x0, 0x7c, 0xa8, 0x0, 0x18, 0x0, 0xf0, 0x80,
    0x7f, 0xf1, 0xca, 0x80, 0x28, 0x10, 0xf, 0xfe,
    0x77, 0x0, 0x48, 0xc0, 0x1f, 0xfc, 0xe9, 0x30,
    0x0, 0xd0, 0x7, 0xff, 0x39, 0x58, 0x2, 0xb1,
    0x0, 0xff, 0xe6, 0xa5, 0x0, 0x4e, 0xa0, 0x1f,
    0xfc, 0xd2, 0xa0, 0x8, 0xe0, 0x3, 0xff, 0x9c,
    0x46, 0x0, 0x2d, 0x0, 0xff, 0xe8, 0x48, 0xf,
    0x83, 0xbf, 0xff, 0x0, 0x2, 0x67, 0x7f, 0xf2,
    0x82, 0x2e, 0x92, 0xc4, 0x7f, 0xf0, 0x0, 0x23,
    0x88, 0xff, 0x70, 0x2, 0x8c, 0x3, 0xff, 0xe2,
    0x20,

    /* U+5DF2 "已" */
    0x7a, 0xaf, 0xfe, 0x6b, 0x80, 0x56, 0xab, 0xff,
    0xcd, 0xc0, 0xf, 0xff, 0x9e, 0x7f, 0xff, 0xf2,
    0x78, 0x3, 0xff, 0xf0, 0x67, 0x10, 0x7, 0xff,
    0x34, 0x73, 0x2f, 0x0, 0xff, 0xff, 0x80, 0x7f,
    0xf8, 0xb, 0xff, 0xff, 0x8b, 0xc0, 0x1f, 0xff,
    0xb1, 0x66, 0xff, 0xe4, 0xe8, 0x7, 0xc7, 0x33,
    0xff, 0xc9, 0x60, 0xf, 0xff, 0xf8, 0x7, 0xff,
    0x4, 0x58, 0xc0, 0x3f, 0xf9, 0xe5, 0x39, 0xee,
    0x1, 0xff, 0xcd, 0x70, 0xb, 0xc0, 0x3f, 0xf9,
    0xa2, 0x1, 0x78, 0x7, 0xff, 0x44, 0x40, 0x3f,
    0xf9, 0xa6, 0x1, 0x18, 0x80, 0x44, 0x20, 0x1f,
    0xfc, 0x7f, 0x0, 0x84, 0x4, 0x2, 0xa3, 0x10,
    0xf, 0xfe, 0x10, 0x93, 0x30, 0x2, 0x60, 0x50,
    0x9, 0x33, 0xbf, 0xff, 0xf8, 0x5d, 0xb2, 0x1,
    0x9, 0x7, 0x80, 0x7f, 0xf3, 0x98, 0x0, 0x92,
    0x1, 0xff, 0xcc, 0x48, 0x0, 0x9b, 0xa5, 0xd9,
    0x57, 0xff, 0x88, 0xcf, 0x19, 0x60, 0x0,

    /* U+5E76 "并" */
    0x0, 0xfe, 0x39, 0x0, 0xff, 0xe0, 0x3b, 0x0,
    0x7f, 0xf1, 0x63, 0x1a, 0x0, 0x3f, 0xc5, 0x13,
    0xce, 0x1, 0xff, 0xc2, 0x37, 0x0, 0x3a, 0x80,
    0x7f, 0x70, 0x0, 0x74, 0x3, 0xff, 0x84, 0x70,
    0x1, 0x51, 0x80, 0x7c, 0xc6, 0x0, 0x1b, 0x0,
    0xff, 0xe1, 0xba, 0x0, 0x5c, 0x20, 0x1c, 0x30,
    0x1, 0x58, 0x80, 0x7f, 0xf1, 0x28, 0x80, 0x4,
    0xe0, 0x1d, 0x42, 0x0, 0x55, 0x0, 0x7f, 0x8d,
    0x13, 0xcb, 0x40, 0x6, 0x24, 0x4c, 0xe8, 0x1,
    0x62, 0x27, 0xc0, 0x1a, 0x2e, 0xfe, 0x80, 0x3,
    0x5d, 0xf4, 0x0, 0x69, 0xbb, 0xf4, 0x80, 0x7f,
    0xff, 0x2b, 0x77, 0xc2, 0x0, 0x3d, 0xdf, 0xd8,
    0x1, 0x36, 0xef, 0x60, 0x6, 0x12, 0x2f, 0x0,
    0x62, 0x2f, 0xc2, 0x1, 0x88, 0xb8, 0x40, 0x3f,
    0xff, 0xe0, 0x1f, 0xff, 0xf0, 0xf, 0xfe, 0x50,
    0xc4, 0x7e, 0x10, 0x1, 0x44, 0x7e, 0xb0, 0x9,
    0x62, 0x3e, 0x13, 0x77, 0xfc, 0x1, 0xb, 0xbf,
    0xe6, 0x0, 0x8d, 0xdf, 0xe3, 0x0, 0xff, 0xfc,
    0x17, 0xff, 0xda, 0x1, 0x3f, 0xff, 0xed, 0x0,
    0x9b, 0xff, 0xe2, 0x0, 0xfc, 0xc0, 0x16, 0x80,
    0x7f, 0xf4, 0x70, 0x2, 0x60, 0xf, 0xfe, 0x8a,
    0x80, 0x46, 0x1, 0xff, 0xd0, 0x52, 0x0, 0x28,
    0x7, 0xff, 0x46, 0x0, 0x2f, 0x0, 0xff, 0xe8,
    0x59, 0x0, 0x9, 0x40, 0x3f, 0xf9, 0xf4, 0x80,
    0x14, 0x80, 0x7f, 0xf3, 0x87, 0x14, 0x2, 0x74,
    0x0, 0xff, 0xe6, 0xa7, 0x98, 0x4, 0xb0, 0x1,
    0xff, 0xce, 0x63, 0x0, 0x96, 0x80, 0x3f, 0xf9,
    0xe5, 0x84, 0x11, 0x40, 0x1f, 0xfd, 0x11, 0xcc,
    0x38, 0x7, 0xff, 0x8, 0xbf, 0xe9, 0x0, 0xfc,

    /* U+5E94 "应" */
    0x0, 0xff, 0xe2, 0x12, 0xce, 0x0, 0x7f, 0xf4,
    0xb2, 0x98, 0xd0, 0x3, 0xff, 0xa2, 0xe0, 0x16,
    0x80, 0x7f, 0xf4, 0x74, 0x2, 0x70, 0xf, 0xfe,
    0x2b, 0xc4, 0x7f, 0xd8, 0x1, 0xc, 0xc4, 0x7f,
    0x98, 0x3, 0xa1, 0xdf, 0xff, 0x80, 0x1, 0x99,
    0xdf, 0xfd, 0xa0, 0x1f, 0xff, 0xf0, 0x6f, 0xff,
    0xfe, 0x65, 0x80, 0x7f, 0xfa, 0x1e, 0xb5, 0x80,
    0x3f, 0xf9, 0x69, 0x0, 0x1d, 0x2a, 0x58, 0x1,
    0xf7, 0x52, 0x88, 0x7, 0xf8, 0xfa, 0xdc, 0xc0,
    0x32, 0x0, 0x10, 0x3, 0xca, 0x2b, 0x48, 0x1,
    0xfe, 0x30, 0xa, 0x80, 0x36, 0x0, 0x4, 0x80,
    0x3b, 0x0, 0x24, 0x0, 0xff, 0x9c, 0x0, 0xe0,
    0x19, 0x0, 0x24, 0x0, 0xe4, 0x0, 0x18, 0x80,
    0x7f, 0x8, 0x50, 0x0, 0x50, 0x2, 0x21, 0x0,
    0x78, 0x6, 0x22, 0x0, 0x2c, 0x3, 0xff, 0x80,
    0x62, 0x0, 0xd0, 0xc, 0xa0, 0x4, 0x0, 0xca,
    0x1, 0x28, 0x7, 0xff, 0x5, 0xc0, 0xe, 0x1,
    0xb0, 0x0, 0x42, 0x1, 0x58, 0x0, 0x88, 0x1,
    0xff, 0xc1, 0xd0, 0x0, 0xa0, 0x4, 0x60, 0x12,
    0x80, 0x4, 0xc0, 0xa, 0x1, 0xff, 0x78, 0x1,
    0x4, 0x1, 0xa0, 0x12, 0x0, 0x46, 0x0, 0x70,
    0xa, 0xc0, 0x3e, 0x10, 0xf, 0x90, 0x0, 0xe0,
    0x18, 0x80, 0x18, 0x0, 0xd0, 0x1, 0x18, 0x7,
    0xc6, 0x1, 0x8, 0x5, 0xe0, 0x1, 0x30, 0x9,
    0xc0, 0xa, 0x2, 0x80, 0x5, 0x0, 0xfc, 0xc0,
    0x11, 0x0, 0x48, 0x1, 0x58, 0x5, 0xa0, 0x1,
    0x13, 0x80, 0x54, 0x1, 0xf8, 0x80, 0x27, 0x0,
    0x84, 0xc0, 0xa, 0x1, 0x18, 0x23, 0x85, 0x0,
    0x8, 0x80, 0x1f, 0xbc, 0x2, 0x30, 0xd, 0x60,
    0x2, 0x20, 0x1, 0x3e, 0xe0, 0xc, 0x1, 0x40,
    0x1f, 0xc8, 0x0, 0x10, 0xe, 0x40, 0x49, 0x20,
    0xf, 0x30, 0x4, 0xc0, 0x1f, 0x84, 0x80, 0xa,
    0x1, 0xc7, 0xd6, 0xc0, 0x1f, 0x50, 0x1, 0x4,
    0x3, 0xf3, 0x0, 0x58, 0x1, 0xe1, 0x0, 0xfc,
    0x84, 0x0, 0xd0, 0xf, 0xea, 0x0, 0x90, 0xdd,
    0xff, 0xf8, 0x50, 0x1, 0x73, 0xbf, 0x80, 0x8,
    0x40, 0x2, 0x34, 0x88, 0xff, 0xe1, 0x18, 0x4,
    0xf1, 0x1e, 0x10, 0x80, 0x9, 0x40, 0x3f, 0xfa,
    0xb2, 0x2, 0x1, 0xff, 0xcd, 0x10, 0xc5, 0x5,
    0x10, 0x6f, 0xff, 0xfe, 0x68, 0x5, 0x51, 0x0,
    0xf, 0xfe, 0x88,

    /* U+5EFA "建" */
    0x0, 0xff, 0xe3, 0xa2, 0xa8, 0x40, 0x3f, 0xfa,
    0x55, 0x52, 0x0, 0x7f, 0xf0, 0x8, 0xcf, 0xf1,
    0x0, 0x7f, 0xf3, 0x27, 0x33, 0xf6, 0x82, 0xf7,
    0x78, 0x40, 0x15, 0xdd, 0xf2, 0x80, 0x7f, 0xf1,
    0x4, 0x7c, 0x1, 0x84, 0x7e, 0x30, 0xc, 0x45,
    0xe0, 0xe, 0x14, 0x4f, 0x0, 0x44, 0x89, 0x80,
    0x3f, 0x4e, 0xee, 0x80, 0xa, 0x1, 0x2e, 0xfc,
    0x20, 0x8, 0xbb, 0xc2, 0x1, 0xff, 0x15, 0x0,
    0x15, 0xc0, 0x3f, 0xe3, 0x0, 0xff, 0xe1, 0x8f,
    0x80, 0xa, 0x82, 0xbf, 0xfe, 0x10, 0x4, 0xff,
    0xe1, 0x0, 0x4f, 0xf8, 0x3, 0xa8, 0x80, 0x7c,
    0x3, 0xff, 0xa1, 0x28, 0x0, 0xa2, 0x0, 0x11,
    0x9f, 0xc0, 0x11, 0x19, 0xe0, 0x8, 0x8c, 0xc0,
    0x13, 0x30, 0x1, 0x28, 0x1, 0x46, 0x67, 0xc2,
    0x0, 0x8c, 0xcc, 0x20, 0xb, 0xcc, 0x0, 0xa,
    0x40, 0x4, 0xc, 0xd2, 0x80, 0x7f, 0xf3, 0x1c,
    0x2, 0x29, 0x9d, 0x0, 0xbf, 0xfe, 0x10, 0x5,
    0x7f, 0xe1, 0x0, 0xff, 0xe3, 0x18, 0x7, 0xff,
    0x29, 0x95, 0x79, 0x0, 0x31, 0x22, 0x78, 0x2,
    0x34, 0x4f, 0x88, 0x3, 0x1d, 0x57, 0x68, 0x1,
    0xc1, 0x2e, 0xfc, 0x20, 0x9, 0xbb, 0xf9, 0x0,
    0x38, 0x94, 0x2, 0xf0, 0x1, 0x0, 0x7f, 0xf3,
    0x27, 0x68, 0x40, 0xa, 0x0, 0xd0, 0x7c, 0xcf,
    0x8, 0x2, 0x33, 0x3f, 0x0, 0x61, 0x0, 0x38,
    0x0, 0xc0, 0xe, 0x1c, 0x67, 0xe0, 0x8, 0x8c,
    0xff, 0x0, 0x6b, 0x0, 0x50, 0x18, 0x0, 0x48,
    0x4, 0x3, 0xff, 0x8a, 0x20, 0x18, 0xc8, 0xc,
    0xd6, 0x0, 0x50, 0x4, 0x7f, 0xf8, 0x40, 0x15,
    0xff, 0xf7, 0x0, 0x75, 0x0, 0x3d, 0x40, 0x1a,
    0x1, 0xff, 0xce, 0x71, 0x3, 0x20, 0x3, 0x86,
    0x67, 0xe1, 0x0, 0x46, 0x67, 0xf0, 0x80, 0x66,
    0x0, 0xc8, 0x20, 0x67, 0xf8, 0x2, 0x23, 0x3f,
    0xf0, 0x6, 0x81, 0x0, 0xbc, 0x3, 0xff, 0x96,
    0x60, 0x1c, 0x60, 0x17, 0x80, 0x3f, 0xff, 0x8,
    0x2, 0xbf, 0xff, 0x84, 0x3, 0x41, 0x0, 0x49,
    0xa8, 0x1, 0xff, 0xcd, 0x47, 0x0, 0x8, 0x0,
    0xaf, 0x61, 0x48, 0x40, 0x2c, 0xc9, 0x0, 0x3f,
    0xf8, 0x9, 0x60, 0x1, 0xf9, 0x0, 0x89, 0xeb,
    0x7b, 0xfe, 0xdc, 0xc7, 0x7f, 0xff, 0x68, 0x15,
    0x80, 0x54, 0x2d, 0xaa, 0x1, 0xff, 0xca, 0x60,
    0x24, 0x0, 0x3a, 0x0, 0xa, 0xb6, 0x14, 0x40,
    0x3f, 0xf8, 0xc4, 0x0, 0xb2, 0x48, 0x0, 0xe2,
    0x7a, 0xee, 0x6e, 0x5d, 0xff, 0xf1, 0x0, 0x2f,
    0xb0, 0xf, 0xf0, 0x91, 0xa2, 0x7f, 0xf0, 0xc8,
    0x0,

    /* U+5F00 "开" */
    0x0, 0x24, 0x47, 0xff, 0x41, 0x40, 0x36, 0x3b,
    0xff, 0xf4, 0x3c, 0x3, 0xff, 0xf9, 0x1f, 0xfe,
    0x0, 0x8f, 0xff, 0xf8, 0x2, 0x3f, 0xfe, 0xa0,
    0xf, 0xff, 0xf8, 0x7, 0xff, 0xfc, 0x3, 0xff,
    0xfe, 0x1, 0xff, 0xe6, 0xff, 0xfc, 0x1, 0x1f,
    0xff, 0xf0, 0x4, 0x7f, 0xff, 0x8, 0x80, 0x3f,
    0xfe, 0xe2, 0xab, 0xf2, 0x0, 0x44, 0xab, 0xfc,
    0x1, 0xa, 0xaf, 0xc2, 0x15, 0x5f, 0x40, 0x4,
    0x95, 0x5f, 0xc0, 0x11, 0x55, 0x7c, 0x1, 0xfc,
    0xc0, 0x17, 0x0, 0x7f, 0xf4, 0x48, 0x2, 0x20,
    0xf, 0xfe, 0x8e, 0x0, 0x4c, 0x1, 0xff, 0xd1,
    0x40, 0x8, 0xc0, 0x3f, 0xfa, 0xc, 0x1, 0x20,
    0x7, 0xff, 0x46, 0x0, 0x2f, 0x0, 0xff, 0xe8,
    0x50, 0x80, 0x9, 0x0, 0x3f, 0xf9, 0xee, 0xa0,
    0x14, 0x0, 0x7f, 0xf3, 0xda, 0x0, 0x25, 0x50,
    0x7, 0xff, 0x3a, 0x24, 0x2, 0x2b, 0x0, 0xff,
    0xe7, 0x53, 0x80, 0x43, 0xe2, 0x1, 0xff, 0xce,
    0xd0, 0x8, 0x70, 0x80, 0x3f, 0xf9, 0xef, 0x20,
    0x58, 0x40, 0x1f, 0xfd, 0x16, 0xac, 0x20, 0xf,
    0xfe, 0x1f, 0xfd, 0x80, 0x1f, 0x80,

    /* U+5F39 "弹" */
    0x0, 0xff, 0xe2, 0x8, 0x80, 0x3e, 0x10, 0xf,
    0xfe, 0x40, 0xc7, 0x58, 0x7, 0x87, 0xb5, 0xc4,
    0x3, 0xff, 0x8b, 0xe, 0xa, 0x80, 0x1d, 0x0,
    0x50, 0x60, 0x11, 0xf7, 0x7e, 0xd0, 0xd, 0x2,
    0x0, 0xa0, 0xc, 0x4c, 0x0, 0x82, 0x0, 0x9c,
    0x47, 0xf1, 0x0, 0x61, 0xb0, 0x0, 0xc8, 0x5,
    0xc0, 0x2, 0x70, 0xf, 0xfe, 0x3a, 0xa0, 0x7,
    0x39, 0x80, 0x24, 0x3, 0x96, 0xab, 0x98, 0x3,
    0xa3, 0x32, 0x60, 0x25, 0xcc, 0x40, 0x5, 0x19,
    0x90, 0x80, 0xaa, 0xf6, 0x0, 0x71, 0x9e, 0x20,
    0x23, 0x38, 0x3, 0x19, 0xf0, 0x7, 0xff, 0x91,
    0xae, 0xe7, 0x0, 0x15, 0xdd, 0x40, 0x1f, 0xfc,
    0x8e, 0x44, 0xb4, 0x2, 0x44, 0x94, 0x3, 0xcf,
    0x99, 0xa0, 0x3, 0xff, 0x9d, 0xa6, 0x78, 0x80,
    0x3f, 0xf8, 0x6, 0x1, 0xe1, 0x0, 0xf0, 0x80,
    0x7f, 0xf0, 0x63, 0xfe, 0x90, 0x1, 0x7f, 0xdc,
    0x1, 0xe7, 0x0, 0x1a, 0xaf, 0x0, 0x7f, 0xf2,
    0xc4, 0x1, 0xf5, 0x5c, 0x1, 0xc2, 0x45, 0x8,
    0x4, 0x45, 0x80, 0x3c, 0x60, 0x1, 0x0, 0xff,
    0x4e, 0xed, 0x60, 0x2, 0xdd, 0xc0, 0x1e, 0x10,
    0x1, 0x80, 0x7f, 0xf4, 0xc4, 0x3, 0xff, 0x9e,
    0x20, 0x17, 0xff, 0x40, 0x7, 0x4e, 0xed, 0x60,
    0x2, 0xdd, 0xc0, 0x1c, 0x60, 0x1f, 0xfc, 0x21,
    0x22, 0x84, 0x2, 0x22, 0xc0, 0x1c, 0x20, 0x1f,
    0xfd, 0x32, 0xbb, 0xe4, 0x0, 0x78, 0x2, 0x73,
    0x3d, 0x0, 0x2, 0xcc, 0xf8, 0x80, 0x51, 0x38,
    0x40, 0x38, 0x8c, 0xfc, 0x40, 0x11, 0x9f, 0xc0,
    0x1f, 0x84, 0x0, 0x20, 0x1f, 0xfd, 0x7, 0x0,
    0x85, 0x9b, 0xf6, 0x0, 0xd, 0x9b, 0xf2, 0x80,
    0x78, 0x40, 0x6, 0xb3, 0x3f, 0x98, 0x0, 0x33,
    0x3f, 0xac, 0x3, 0xc6, 0x0, 0x10, 0xf, 0xfe,
    0x80, 0x80, 0x61, 0x1f, 0xc0, 0x18, 0x47, 0xf1,
    0x80, 0x71, 0x0, 0x4e, 0x9d, 0xdf, 0xa8, 0x0,
    0x5d, 0xdf, 0xb4, 0x51, 0x25, 0xe0, 0x8, 0x80,
    0x3f, 0xf9, 0x4b, 0x77, 0x51, 0x80, 0x8, 0x40,
    0x3f, 0xf9, 0x4a, 0x1, 0xf5, 0x80, 0x7f, 0xf2,
    0xc4, 0x40, 0x10, 0x9d, 0x30, 0x7, 0xff, 0x2c,

    /* U+5F53 "当" */
    0x0, 0xff, 0xe1, 0x33, 0x4a, 0x1, 0xff, 0xc4,
    0x41, 0x0, 0xfd, 0x13, 0x28, 0x0, 0xfc, 0x2a,
    0x1, 0xcb, 0x78, 0x20, 0x1f, 0xfc, 0x7a, 0xa4,
    0x0, 0x4d, 0x40, 0x5a, 0x1, 0xff, 0xc6, 0x94,
    0x7, 0xa0, 0x2, 0x8, 0x0, 0xec, 0x3, 0xff,
    0x88, 0xec, 0x1, 0x70, 0x0, 0xb4, 0x2, 0x4a,
    0x0, 0xff, 0xe1, 0x34, 0x0, 0x52, 0x80, 0x11,
    0xd8, 0x4, 0xb2, 0x1, 0xff, 0xc0, 0x49, 0x0,
    0x9d, 0x80, 0x39, 0x28, 0x2, 0x67, 0x0, 0xff,
    0x1d, 0x80, 0x4b, 0x0, 0x1f, 0x2b, 0x80, 0x50,
    0x20, 0x1f, 0x8b, 0x0, 0x24, 0xa0, 0xf, 0xe8,
    0x50, 0x1b, 0x10, 0xf, 0xc5, 0x0, 0x3, 0xb0,
    0xf, 0xfa, 0x93, 0x10, 0x3, 0xfc, 0xf2, 0x5a,
    0x1, 0xe1, 0x33, 0xf4, 0x9, 0x9e, 0x0, 0x8c,
    0xf9, 0x78, 0x8c, 0xf1, 0x2, 0x66, 0x7f, 0xf0,
    0x4, 0x0, 0x39, 0x9f, 0xf7, 0x0, 0x7f, 0xfc,
    0x52, 0xef, 0xff, 0x97, 0x40, 0x1c, 0x28, 0x9f,
    0xfc, 0xc0, 0xf, 0xff, 0xb9, 0x17, 0xff, 0x2c,
    0x3, 0xc9, 0xbb, 0xff, 0xca, 0xc0, 0xf, 0xff,
    0xb2, 0xdd, 0xff, 0xf2, 0xa8, 0x3, 0xc2, 0x89,
    0xff, 0xcb, 0x0, 0xff, 0xff, 0x80, 0x7f, 0xf2,
    0x3f, 0xff, 0xf9, 0x9c, 0x1, 0x84, 0x3, 0xff,
    0xde, 0x31, 0x1f, 0xfc, 0xd0, 0xe, 0x77, 0xff,
    0xe6, 0x30, 0x6,

    /* U+5F55 "录" */
    0x0, 0xc2, 0x3f, 0xfc, 0xc0, 0xf, 0xe1, 0xee,
    0xff, 0xe6, 0x30, 0x7, 0xff, 0x78, 0x40, 0x3f,
    0xfa, 0xdf, 0xff, 0xfc, 0x8d, 0x0, 0xff, 0xf2,
    0x8, 0xff, 0xf2, 0x0, 0x3f, 0xf8, 0x23, 0xdd,
    0xff, 0xc7, 0xc0, 0xf, 0xff, 0xf8, 0x7, 0x87,
    0xff, 0xff, 0x8f, 0xa0, 0x1f, 0xfe, 0x2, 0x33,
    0xff, 0xe5, 0x38, 0x5, 0xc6, 0x78, 0x1, 0xd9,
    0x9f, 0xfc, 0xaa, 0x0, 0x9f, 0x33, 0x0, 0x7f,
    0xfe, 0xb3, 0xfd, 0x83, 0x5f, 0xff, 0x9c, 0x2,
    0xef, 0xff, 0xcf, 0xdf, 0xf0, 0x6, 0x1d, 0x1a,
    0x90, 0xf, 0xf9, 0xc0, 0x3c, 0x5a, 0xf4, 0x1,
    0xf2, 0x88, 0x1, 0xb4, 0xc0, 0x3f, 0xa4, 0x40,
    0x33, 0x69, 0x2, 0x48, 0x7, 0x93, 0x48, 0x0,
    0x58, 0xc0, 0x18, 0x40, 0x35, 0x0, 0x6, 0xe4,
    0x2, 0x3b, 0x0, 0xf8, 0xb5, 0x80, 0x2b, 0x0,
    0x25, 0xb0, 0x6, 0x49, 0x6e, 0x40, 0x9, 0xf0,
    0x80, 0x3f, 0xa6, 0x80, 0x7d, 0x72, 0xd0, 0x3,
    0xcd, 0x20, 0x11, 0x64, 0x0, 0x7f, 0xf0, 0x17,
    0x13, 0xe8, 0xc0, 0x3c, 0x80, 0x1c, 0xfa, 0x60,
    0x1f, 0xfc, 0x17, 0xd5, 0x20, 0xc, 0x40, 0x15,
    0x20, 0x4, 0x3a, 0x1, 0xff, 0xc0, 0x18, 0xf8,
    0x10, 0x8, 0x63, 0xd4, 0x3, 0x59, 0x80, 0x6,
    0xac, 0xc0, 0x3f, 0x14, 0xf3, 0x80, 0x61, 0x8e,
    0x70, 0xf, 0xb1, 0x80, 0x24, 0xca, 0x30, 0xe,
    0xad, 0x60, 0xc, 0x31, 0xce, 0x1, 0xfe, 0x99,
    0x0, 0x65, 0xcd, 0x71, 0x0, 0x8, 0x6, 0x19,
    0xe7, 0x0, 0xe2, 0x0, 0x84, 0x2, 0x6d, 0x40,
    0xc, 0x51, 0xe0, 0xf, 0x0, 0x14, 0xf3, 0x0,
    0xaa, 0xcd, 0x2a, 0x1, 0xf8, 0xae, 0xc6, 0x1,
    0xa4, 0x0, 0x8b, 0x3a, 0xc0, 0x11, 0xd5, 0x52,
    0xc0, 0x11, 0x0, 0x7c, 0x99, 0x66, 0x0, 0x60,
    0xa, 0x98, 0x3, 0x88, 0x40, 0x3e, 0xa0, 0xf,
    0xe4, 0xcc, 0x50, 0x80, 0x7f, 0xca, 0x1, 0x84,
    0xe5, 0xc0, 0x3f, 0xe3, 0x50, 0x0,

    /* U+5F85 "待" */
    0x0, 0xfc, 0xa8, 0x1, 0xfe, 0x55, 0x88, 0x3,
    0xff, 0x8a, 0x55, 0x6e, 0x1, 0xf8, 0xaa, 0xa5,
    0x0, 0xff, 0xe2, 0xf8, 0x2, 0x18, 0x3, 0xff,
    0xa1, 0x64, 0x0, 0x26, 0x0, 0xff, 0xe7, 0xca,
    0x0, 0x7, 0xc0, 0x8, 0x9e, 0x70, 0xb, 0x51,
    0x3e, 0x10, 0xf, 0x43, 0x0, 0x54, 0x40, 0x57,
    0x7e, 0xa0, 0x9, 0x6e, 0xfe, 0x40, 0xe, 0x77,
    0x0, 0x54, 0x80, 0x1f, 0xfc, 0xe7, 0x80, 0xa,
    0x14, 0x3, 0xff, 0x9d, 0x30, 0x1, 0x3b, 0x80,
    0x31, 0x77, 0x7b, 0x40, 0x27, 0xee, 0xf9, 0x40,
    0x22, 0x0, 0x9a, 0x1, 0x88, 0x2, 0x11, 0xf0,
    0x6, 0xf1, 0x1f, 0x80, 0x37, 0x80, 0x1a, 0x40,
    0xe7, 0x5c, 0x3, 0xff, 0x98, 0x84, 0xf2, 0x0,
    0xf0, 0x4, 0x31, 0x9f, 0xce, 0x1, 0x71, 0x9f,
    0xf0, 0x5, 0xf0, 0x0, 0x73, 0x0, 0x34, 0xe6,
    0x7d, 0x40, 0x13, 0x66, 0x7f, 0x0, 0x44, 0x0,
    0x28, 0x0, 0xc, 0x80, 0x7f, 0xf4, 0x38, 0x2,
    0xb0, 0xf, 0xfe, 0x84, 0x18, 0x1, 0x14, 0x37,
    0x7f, 0xf8, 0x32, 0x1, 0x4e, 0xee, 0x0, 0xc8,
    0xe0, 0x16, 0x0, 0x8, 0xbf, 0xf8, 0x26, 0x1,
    0x11, 0x70, 0x4, 0x56, 0x1, 0xff, 0xd3, 0x1c,
    0x0, 0xfc, 0x4a, 0xbf, 0xfc, 0xc, 0x0, 0xb1,
    0x56, 0x30, 0x1c, 0x10, 0xf, 0xc9, 0x55, 0xff,
    0xc0, 0x60, 0x9, 0xea, 0xab, 0x1, 0x20, 0x0,
    0x80, 0x7f, 0xf4, 0x90, 0x1, 0xa2, 0x1, 0xc6,
    0x1, 0xff, 0xcb, 0xd0, 0xb3, 0x0, 0xf2, 0xff,
    0xa9, 0x7f, 0xff, 0x50, 0x5, 0x7f, 0xf4, 0x0,
    0x1f, 0x10, 0x3, 0xf9, 0xa9, 0x6c, 0x3, 0xff,
    0x8c, 0x26, 0x1, 0xfc, 0x32, 0x0, 0x4a, 0x0,
    0xff, 0xe8, 0xe, 0x0, 0x4b, 0x20, 0x1f, 0xfd,
    0x3, 0xc0, 0x9, 0xa0, 0x3, 0xff, 0xa0, 0x76,
    0x1, 0x60, 0x7, 0xff, 0x45, 0x28, 0x2d, 0x0,
    0x31, 0x0, 0x7f, 0xf3, 0x57, 0x85, 0xde, 0x8a,
    0x80, 0x9, 0xc0, 0x3f, 0xf9, 0x43, 0x91, 0x13,
    0xa8, 0x6, 0x20, 0xf, 0xfe, 0x5f, 0x80, 0x7e,
    0x61, 0x0, 0xff, 0xe5, 0xa8, 0x7, 0x9, 0xcc,
    0x80, 0x3c,

    /* U+6001 "态" */
    0x0, 0xff, 0xe1, 0xaa, 0xc8, 0x1, 0xff, 0xd2,
    0xba, 0xa4, 0x80, 0x7f, 0xf4, 0x84, 0x0, 0xc0,
    0x1f, 0xfd, 0x12, 0x0, 0x88, 0x3, 0xff, 0x8a,
    0xcd, 0xff, 0xc0, 0xa0, 0x8, 0x99, 0xbf, 0xf8,
    0x22, 0x0, 0x19, 0x9f, 0xfe, 0x3, 0x80, 0x49,
    0x33, 0xff, 0xc1, 0x30, 0xf, 0xff, 0xd0, 0xff,
    0xff, 0xcc, 0x1, 0xec, 0xff, 0xff, 0x88, 0x3,
    0xff, 0x82, 0x6c, 0x1, 0xed, 0x10, 0xf, 0xfe,
    0x58, 0xf0, 0x4, 0xee, 0x0, 0xe, 0x8, 0x7,
    0xff, 0x24, 0x70, 0x80, 0x3, 0x30, 0x80, 0x2,
    0xf3, 0x0, 0xff, 0xe3, 0x9f, 0x90, 0x5, 0xa2,
    0x16, 0x40, 0x1, 0xc7, 0x0, 0xff, 0xe2, 0xce,
    0x8, 0x6, 0x80, 0xb, 0xc, 0x2, 0x8c, 0x30,
    0xf, 0xfe, 0x0, 0xbf, 0x30, 0x7, 0x93, 0x48,
    0x7, 0x10, 0x2, 0x3c, 0xb4, 0x0, 0xfc, 0x75,
    0xd0, 0x20, 0x11, 0xd9, 0x0, 0xb, 0xc, 0x1,
    0x6e, 0x1, 0x92, 0xf5, 0xc4, 0x2, 0x8e, 0xc5,
    0x0, 0xe7, 0xc4, 0xd5, 0x0, 0xe, 0x8, 0x2,
    0x30, 0x80, 0x31, 0x47, 0x60, 0x0, 0xc4, 0x3,
    0x97, 0x60, 0x2, 0xa7, 0x0, 0x48, 0x80, 0x47,
    0xb0, 0x20, 0x1c, 0xc0, 0x8, 0x0, 0xcb, 0x94,
    0x40, 0x1d, 0x12, 0xec, 0x1, 0xe7, 0xe8, 0x10,
    0xb, 0x80, 0x6, 0x82, 0xfb, 0x46, 0x1, 0xf9,
    0x70, 0x3, 0xf9, 0xfa, 0x94, 0x90, 0x2, 0xae,
    0x82, 0x0, 0x91, 0x54, 0x60, 0x7, 0xcb, 0x20,
    0xf, 0xc6, 0x2b, 0x5a, 0x1, 0x84, 0x25, 0xc4,
    0x1, 0x55, 0x48, 0xc, 0x80, 0x3c, 0x3, 0xc3,
    0x39, 0x60, 0x1f, 0x85, 0xa3, 0x94, 0x3, 0xc3,
    0x40, 0x2, 0x90, 0xe, 0x86, 0x5, 0x40, 0xf,
    0x98, 0x2, 0x40, 0xf, 0x91, 0x80, 0xc, 0xa0,
    0x1a, 0x4, 0x1, 0x20, 0x1f, 0x58, 0x0, 0xc4,
    0x3, 0xf4, 0x90, 0x2, 0x88, 0x82, 0x3, 0x0,
    0x2, 0x70, 0xe, 0x23, 0x0, 0x50, 0x7, 0xfb,
    0xc0, 0x8, 0x71, 0xda, 0xec, 0x60, 0x8, 0x10,
    0xd, 0x60, 0x13, 0x80, 0x7f, 0x8a, 0x21, 0x62,
    0x20, 0x2e, 0xf, 0x0, 0xac, 0x2, 0x16, 0x0,
    0x28, 0x80, 0x7f, 0xce, 0xe0, 0xe, 0x10, 0x35,
    0x0, 0x29, 0x80, 0x18, 0x2, 0xe0, 0x8, 0xc0,
    0xc, 0x1, 0xfc, 0xc0, 0xf, 0x0, 0x40, 0x5,
    0xe0, 0x9, 0x0, 0x12, 0x0, 0x78, 0xdd, 0x13,
    0xe9, 0x20, 0x1, 0x0, 0x9, 0x80, 0xc, 0x0,
    0x82, 0xb, 0x0, 0xce, 0x1, 0x45, 0xdf, 0xcc,
    0x1, 0x38, 0x5, 0x5, 0x74, 0x0, 0x6d, 0xa6,
    0x0, 0xdc, 0x1, 0xff, 0xc2, 0x32, 0x0, 0x87,
    0x50, 0x3, 0x94, 0x3, 0x92, 0xd0, 0x40, 0x3f,
    0x89, 0xb4, 0x3, 0xf8,

    /* U+6027 "性" */
    0x0, 0xe6, 0xdd, 0x84, 0x3, 0xfe, 0x7b, 0xb5,
    0x0, 0x7f, 0xf0, 0x84, 0x8a, 0x0, 0xff, 0xe0,
    0x6a, 0x21, 0x40, 0x3f, 0xf9, 0x95, 0xc, 0x20,
    0x1f, 0xfd, 0x13, 0x57, 0x92, 0x0, 0xff, 0xe8,
    0xa8, 0x4, 0x40, 0x1f, 0xfc, 0xc3, 0x0, 0xdc,
    0x0, 0x11, 0x0, 0x7f, 0xf1, 0x6a, 0x58, 0x3,
    0x62, 0x0, 0x48, 0x0, 0x50, 0xf, 0xfe, 0x32,
    0xb5, 0x0, 0x61, 0xb8, 0x0, 0x18, 0x1, 0xa6,
    0x67, 0x0, 0xa6, 0x7e, 0x30, 0x0, 0x80, 0x1c,
    0x3, 0xcf, 0x66, 0x1, 0x13, 0x34, 0x40, 0x13,
    0x37, 0xca, 0x0, 0x30, 0x1, 0x0, 0x7c, 0x48,
    0x1, 0xff, 0xc9, 0x10, 0x0, 0x80, 0x6b, 0x10,
    0x8c, 0x0, 0xff, 0xe4, 0xb0, 0x3, 0x80, 0x32,
    0xfd, 0xa, 0x0, 0x1b, 0xff, 0x28, 0x5, 0xff,
    0xf3, 0x0, 0x8, 0x0, 0x40, 0x1c, 0x2a, 0x80,
    0x16, 0x80, 0x7f, 0xf1, 0xbc, 0x0, 0xc0, 0x1f,
    0x70, 0x4, 0x80, 0x1f, 0xfc, 0x62, 0x0, 0x18,
    0x7, 0xca, 0x0, 0x50, 0xf, 0xfe, 0x3b, 0x0,
    0x4, 0x3, 0xc2, 0xc2, 0x1e, 0x1, 0xff, 0xc7,
    0x20, 0x20, 0xf, 0x86, 0x7a, 0xd4, 0x3, 0xff,
    0x8c, 0x22, 0x6, 0x0, 0xfe, 0x22, 0x33, 0x7c,
    0x1, 0x33, 0x79, 0x40, 0x4, 0x0, 0x20, 0xf,
    0xe4, 0x99, 0xf8, 0xc0, 0x29, 0x9f, 0x40, 0x0,
    0xff, 0x6c, 0x3, 0xff, 0xa8, 0x44, 0x0, 0xff,
    0xef, 0xb7, 0x77, 0xc8, 0x1, 0x77, 0x7b, 0x40,
    0x3f, 0xf8, 0x82, 0x3f, 0x80, 0x21, 0x1f, 0x0,
    0x7f, 0xff, 0xc0, 0x3f, 0xff, 0xe0, 0x1f, 0xfd,
    0x61, 0x77, 0xff, 0x0, 0x4e, 0xff, 0x80, 0x3f,
    0xf8, 0xb, 0x11, 0xfc, 0x40, 0x14, 0x47, 0xe1,
    0x0, 0xff, 0xff, 0x80, 0x64, 0xff, 0xff, 0xe4,
    0x88,

    /* U+603B "总" */
    0x0, 0xfe, 0x5c, 0x50, 0xf, 0xf4, 0xb8, 0x80,
    0x7f, 0xf1, 0x7, 0x68, 0xec, 0x40, 0x3f, 0x2b,
    0x47, 0x40, 0x7, 0xff, 0xc, 0x5c, 0x0, 0x3a,
    0x1, 0xf0, 0xd8, 0x5, 0xa0, 0x1f, 0xfc, 0x4b,
    0x10, 0x1, 0xb8, 0x7, 0xac, 0x40, 0x8, 0xa0,
    0x1f, 0xfc, 0x41, 0xb0, 0xa, 0x4, 0x3, 0x2a,
    0x80, 0x3, 0x40, 0x1f, 0xfc, 0x13, 0x66, 0xc6,
    0x20, 0x7, 0x73, 0x36, 0xa0, 0x9, 0x1d, 0x9b,
    0x8, 0x7, 0xea, 0x99, 0xe1, 0x0, 0x3c, 0xcf,
    0x0, 0x65, 0x99, 0xe5, 0x0, 0xff, 0xff, 0x80,
    0x77, 0x7f, 0xff, 0xf1, 0x24, 0x3, 0xff, 0xfe,
    0x1, 0xff, 0xff, 0x0, 0xff, 0xec, 0x77, 0xff,
    0xff, 0x12, 0x40, 0x3f, 0xff, 0xe0, 0x1d, 0x53,
    0x3f, 0xf4, 0x42, 0x67, 0xfe, 0x50, 0xf, 0xc6,
    0xcd, 0xfe, 0x59, 0xd6, 0x6f, 0xf8, 0x40, 0x3f,
    0xf8, 0xcb, 0x82, 0xae, 0x1, 0xfc, 0x20, 0x1f,
    0x8b, 0xa5, 0x0, 0xaa, 0xa3, 0x1, 0x0, 0xa0,
    0xc0, 0x3c, 0x9b, 0x40, 0x1f, 0x94, 0x5a, 0xc4,
    0x4a, 0xb8, 0x12, 0x0, 0x2e, 0x0, 0xe6, 0xb2,
    0x44, 0x0, 0x7d, 0x40, 0x4, 0x10, 0xf, 0x9d,
    0x0, 0x5, 0x20, 0x19, 0xc0, 0x29, 0x0, 0xf1,
    0x10, 0x1, 0xa0, 0x1f, 0xd4, 0x20, 0x7, 0x12,
    0x41, 0x14, 0x0, 0x9, 0xc0, 0x39, 0x40, 0x27,
    0x0, 0xfe, 0x1b, 0x5, 0xf1, 0x4b, 0xed, 0x72,
    0x0, 0x40, 0x80, 0x6a, 0x0, 0x18, 0x80, 0x7f,
    0x97, 0x28, 0x40, 0x31, 0x84, 0x80, 0x56, 0x1,
    0x19, 0x0, 0x28, 0x3, 0xff, 0x80, 0x60, 0x10,
    0x80, 0xc, 0x11, 0x0, 0x5, 0x30, 0x4, 0x80,
    0x4e, 0x1, 0xee, 0x0, 0xfe, 0xe0, 0x0, 0x80,
    0x20, 0x2, 0xf0, 0x25, 0x0, 0x28, 0x80, 0x4,
    0x2, 0x78, 0x66, 0xfa, 0x18, 0x0, 0xc0, 0x3,
    0x50, 0x3, 0x9, 0xb8, 0x2, 0x40, 0x22, 0x0,
    0xcf, 0x33, 0xf3, 0x80, 0x5a, 0x1, 0x42, 0x65,
    0x8, 0xa3, 0xa4, 0xc0, 0x32, 0x80, 0x7f, 0xf0,
    0x85, 0x80, 0x22, 0xb3, 0x0, 0xc2, 0xc0, 0x1d,
    0x4e, 0x40, 0x1f, 0xe1, 0x5c, 0x10, 0xf, 0xc0,

    /* U+6062 "恢" */
    0x0, 0xec, 0xdd, 0x28, 0x7, 0xab, 0xfd, 0x0,
    0x1f, 0xfc, 0x82, 0x28, 0xc0, 0x3c, 0xc0, 0x1f,
    0xff, 0x71, 0x0, 0x78, 0x7, 0xff, 0x38, 0x55,
    0x63, 0x0, 0x72, 0xaf, 0xff, 0x5, 0x0, 0x3f,
    0xf8, 0xb, 0x55, 0x8, 0x1, 0xaa, 0xbf, 0xf8,
    0x32, 0x1, 0x3a, 0x90, 0x5, 0xe0, 0x1f, 0xfc,
    0xe1, 0x8a, 0x40, 0x9, 0xac, 0x5c, 0x46, 0x0,
    0xc2, 0x3f, 0xfc, 0x20, 0x1, 0x80, 0x8, 0x3,
    0x27, 0xb7, 0x73, 0xc0, 0x2d, 0xee, 0xff, 0xe0,
    0xe0, 0x1, 0x80, 0xe, 0x1, 0xc3, 0x52, 0x4,
    0x1, 0x18, 0x5, 0x11, 0x8, 0x7, 0xf1, 0x0,
    0x8, 0x2, 0x51, 0x0, 0xce, 0x1, 0x8, 0x0,
    0x5d, 0xe3, 0x0, 0xfe, 0xe0, 0x0, 0x80, 0x59,
    0x83, 0x8, 0x3, 0x0, 0x10, 0x7, 0xff, 0x14,
    0x80, 0x80, 0x38, 0xb2, 0xc4, 0x38, 0x0, 0xc0,
    0x1f, 0xf1, 0x88, 0x6, 0x60, 0x60, 0xf, 0x90,
    0x0, 0xa0, 0x7, 0x50, 0xf, 0xf6, 0xf5, 0x8,
    0x0, 0x80, 0x80, 0x3f, 0xc6, 0x0, 0x3b, 0x0,
    0xfe, 0x61, 0x4, 0x10, 0x0, 0x87, 0x0, 0x7f,
    0x20, 0x6, 0x16, 0x3, 0x0, 0xf4, 0x0, 0x24,
    0x0, 0x40, 0x2, 0x0, 0xfe, 0xc0, 0xe, 0xb0,
    0x10, 0x8, 0xc1, 0x84, 0x5, 0xc0, 0xe, 0x0,
    0x60, 0xf, 0xe6, 0x0, 0x31, 0x1, 0x2b, 0x80,
    0x74, 0x0, 0x24, 0x2, 0x20, 0x1, 0x80, 0x7e,
    0x31, 0x0, 0x6d, 0x80, 0x24, 0x80, 0x25, 0x81,
    0x1, 0x70, 0x9, 0xfb, 0x0, 0x3f, 0xa4, 0x0,
    0x28, 0xc2, 0x7, 0x60, 0x17, 0x38, 0x2, 0xc0,
    0x38, 0x4c, 0x3, 0xf0, 0xa8, 0x1, 0xc0, 0xc,
    0xc, 0x60, 0x13, 0xd0, 0x9a, 0x80, 0x7f, 0xf0,
    0xe0, 0x2, 0xb0, 0x4, 0xf5, 0x88, 0x4, 0x4d,
    0xdc, 0x0, 0xff, 0xe1, 0x93, 0x0, 0x10, 0x80,
    0x2, 0x2b, 0x0, 0xe9, 0x2, 0x0, 0xff, 0xe1,
    0xc8, 0x5, 0x0, 0x18, 0x58, 0x0, 0x60, 0x5,
    0x20, 0xf, 0xfe, 0x1a, 0x20, 0x0, 0x86, 0x1,
    0xac, 0x2, 0xd2, 0x0, 0x48, 0x7, 0xff, 0x8,
    0x68, 0x2, 0x80, 0xc, 0xca, 0x0, 0x71, 0xb0,
    0x2, 0x38, 0x7, 0xff, 0x6, 0x44, 0x0, 0xa6,
    0x1, 0x24, 0x80, 0xa, 0x1, 0x88, 0x1, 0x8,
    0x1, 0xff, 0xc0, 0x94, 0x0, 0x58, 0x4, 0xb6,
    0x1, 0x78, 0x5, 0xc0, 0x15, 0xa0, 0x7, 0xfc,
    0x37, 0x12, 0x20, 0x7, 0xa0, 0xa, 0x88, 0x2,
    0x37, 0x0, 0xad, 0x40, 0x3f, 0xf8, 0xe, 0xc0,
    0x37, 0x0, 0x14, 0xa8, 0x7, 0x42, 0x80, 0x55,
    0x0, 0x1f, 0xfc, 0x11, 0xf4, 0x0, 0xa9, 0x80,
    0x3e, 0xa4, 0x0, 0x94, 0x3, 0xff, 0x82, 0x2c,
    0x0, 0x1c, 0x50, 0xf, 0xeb, 0x50, 0x7, 0x80,
    0x7f, 0xf0, 0xa1, 0xf, 0xcc, 0x3, 0xfe, 0xa8,
    0xa2, 0x0, 0xf7, 0x7f, 0x98, 0x3, 0xaf, 0x4,
    0x3, 0xff, 0x82, 0xea, 0x0,

    /* U+610F "意" */
    0x0, 0xff, 0xe1, 0x1b, 0xce, 0x40, 0x7, 0xff,
    0x45, 0xe1, 0x8d, 0x80, 0x3f, 0xfa, 0x28, 0x20,
    0x1, 0x50, 0xf, 0xfe, 0x20, 0xff, 0xff, 0xf0,
    0x4, 0x2, 0xaf, 0xff, 0xf7, 0x0, 0x7f, 0xf5,
    0x44, 0x3, 0x85, 0x9b, 0xc0, 0x11, 0x33, 0x7e,
    0x0, 0x89, 0x9b, 0xc0, 0x1e, 0x99, 0xf2, 0x0,
    0x53, 0x3f, 0x50, 0x5, 0x73, 0x3e, 0x0, 0xff,
    0xe0, 0x68, 0x0, 0x8c, 0x3, 0xd6, 0x1, 0x38,
    0x7, 0xf9, 0xe2, 0x3e, 0xf0, 0xa, 0x23, 0xe6,
    0x0, 0xc, 0xc4, 0x7c, 0xc0, 0x9, 0x77, 0xf9,
    0x80, 0x24, 0x77, 0xf0, 0x80, 0x5, 0xdf, 0xf5,
    0x0, 0x7f, 0xf6, 0x3b, 0xff, 0xff, 0xa5, 0x80,
    0x1e, 0x22, 0xff, 0xe6, 0x0, 0x7f, 0x1e, 0xef,
    0xff, 0x30, 0x3, 0xff, 0xc7, 0x39, 0x9f, 0xfc,
    0x46, 0x0, 0xff, 0xe2, 0x11, 0x9f, 0xff, 0x13,
    0x80, 0x3f, 0xf8, 0x97, 0xff, 0xff, 0xc4, 0x80,
    0xf, 0xff, 0x34, 0xee, 0xff, 0xf1, 0x1c, 0x3,
    0xff, 0x88, 0x45, 0xff, 0xc5, 0xf0, 0xf, 0xfe,
    0x25, 0xff, 0xff, 0xf1, 0x20, 0x3, 0xff, 0xc4,
    0x51, 0x1f, 0xf0, 0x8a, 0x23, 0xfe, 0x0, 0xfe,
    0x7a, 0x27, 0x71, 0x91, 0x15, 0xdd, 0xa2, 0x2f,
    0x77, 0xfc, 0x98, 0x40, 0x1f, 0xa0, 0xab, 0x2,
    0xea, 0x96, 0x0, 0x10, 0x3, 0xc0, 0x0, 0x80,
    0x29, 0xc4, 0xf0, 0xf, 0xa0, 0x40, 0x16, 0x1,
    0xf5, 0xa0, 0x1, 0xd4, 0x3b, 0xed, 0x38, 0x0,
    0x50, 0x1, 0xc4, 0xe0, 0x2, 0x70, 0xf, 0xd6,
    0x60, 0xca, 0x2, 0x8, 0x6e, 0x60, 0x7, 0x30,
    0xd, 0xc0, 0x14, 0x80, 0x7f, 0xb6, 0x24, 0x3,
    0x88, 0x38, 0x2, 0xe0, 0x9, 0xcc, 0x0, 0xa8,
    0x1, 0xca, 0x1, 0x85, 0xc0, 0x2, 0x40, 0x1,
    0x2, 0x80, 0x1, 0x38, 0x2, 0x40, 0x3, 0x60,
    0x11, 0x0, 0xf, 0xb3, 0x3e, 0xe0, 0x9, 0x40,
    0xe, 0x40, 0x9, 0x0, 0x7a, 0x5, 0x8, 0x5,
    0x40, 0x10, 0x99, 0xfc, 0x1, 0x20, 0x80, 0x5c,
    0xd, 0xe0, 0x1, 0xbc, 0x40, 0xc, 0xee, 0x20,
    0xf, 0xf1, 0x35, 0x0, 0x63, 0xd9, 0x10,

    /* U+6210 "成" */
    0x0, 0xff, 0xf3, 0x8c, 0x44, 0x20, 0x14, 0xc0,
    0x7, 0xff, 0x30, 0xdd, 0xe2, 0x0, 0x4b, 0x3c,
    0x80, 0x7f, 0xf2, 0xcc, 0x2, 0x70, 0x17, 0x0,
    0x34, 0x80, 0x7f, 0xf2, 0x84, 0x2, 0x20, 0x1f,
    0x20, 0x3, 0x48, 0x7, 0xff, 0x34, 0x40, 0x3,
    0x84, 0x0, 0x71, 0x0, 0xff, 0xe4, 0x88, 0x3,
    0xc0, 0x21, 0xc1, 0x16, 0x8, 0x7, 0x8b, 0xff,
    0xff, 0x84, 0x20, 0x7, 0xff, 0xdc, 0x22, 0xdf,
    0xf5, 0x0, 0x7f, 0xf5, 0x44, 0x3, 0xff, 0xbc,
    0xb1, 0x1f, 0xe4, 0x0, 0xa2, 0x3f, 0xdc, 0x1,
    0xfb, 0xdd, 0xff, 0xda, 0x1, 0x3b, 0xff, 0x94,
    0x3, 0xff, 0x8e, 0x60, 0x1f, 0x8d, 0x0, 0x3f,
    0xf9, 0x6c, 0x1, 0x10, 0x6, 0x8b, 0xd6, 0x0,
    0xff, 0xe4, 0x90, 0x4, 0xc0, 0x10, 0xa0, 0x17,
    0x0, 0x7f, 0xab, 0xff, 0xf1, 0x80, 0x80, 0x44,
    0x1, 0x30, 0x5, 0x40, 0x1f, 0xfc, 0x71, 0x0,
    0x10, 0x3, 0x80, 0x2a, 0x0, 0x19, 0x0, 0x7f,
    0xf2, 0x98, 0x0, 0x60, 0x4, 0x20, 0x4, 0x80,
    0x7f, 0xcd, 0x33, 0x98, 0x2, 0x30, 0x1, 0x80,
    0x18, 0x1, 0x0, 0x1, 0x50, 0xf, 0x84, 0x2,
    0xd6, 0x6d, 0xe0, 0x10, 0x80, 0x34, 0x0, 0x40,
    0x86, 0x0, 0x90, 0xf, 0xfe, 0x3, 0x80, 0x7f,
    0xce, 0x1, 0x24, 0x80, 0x5, 0xc0, 0x3f, 0x38,
    0x7, 0xe1, 0x0, 0xf1, 0x0, 0x52, 0x40, 0x8,
    0x0, 0xfe, 0x10, 0x8, 0x40, 0x37, 0x80, 0x4,
    0x3, 0x18, 0x0, 0x80, 0x4, 0xc0, 0x1f, 0xc4,
    0x1, 0x10, 0x7, 0xc6, 0x1, 0x90, 0x3, 0xa4,
    0x3, 0xfd, 0xc0, 0x1f, 0x84, 0x0, 0x20, 0x1a,
    0xc0, 0x33, 0x20, 0x5, 0x5a, 0xe2, 0x1, 0x10,
    0x0, 0x80, 0x38, 0x80, 0xe, 0x1, 0xa8, 0x2,
    0x19, 0x0, 0xce, 0x50, 0x80, 0x12, 0x80, 0x1c,
    0x3, 0x12, 0x0, 0x8, 0x2, 0x86, 0x0, 0x84,
    0x80, 0x31, 0x0, 0x10, 0x0, 0x62, 0x0, 0xda,
    0xdd, 0x76, 0x80, 0x5e, 0x0, 0x87, 0x0, 0xe8,
    0x0, 0x8c, 0x0, 0x22, 0x0, 0x20, 0x4, 0x86,
    0x44, 0x10, 0xc, 0xe1, 0x4e, 0x1, 0x10, 0x1,
    0x50, 0x0, 0x80, 0x5, 0x0, 0xa8, 0x0, 0x27,
    0xe0, 0x1e, 0xa0, 0xb5, 0x0, 0xab, 0xc0, 0x2a,
    0x30, 0xa0, 0x6, 0x0, 0x10, 0x80, 0x8, 0x8,
    0xcd, 0x3d, 0x73, 0x7a, 0x0, 0x54, 0xa5, 0x0,
    0x1, 0xce, 0x20, 0x2, 0x80, 0x3c, 0x2, 0xe0,
    0x29, 0x9a, 0x14, 0x5c, 0x40, 0x3, 0x6a, 0x0,
    0x74, 0x0, 0x84, 0x0, 0x64, 0x4, 0x80, 0x2,
    0x40, 0xf, 0xc9, 0x60, 0x58, 0x80, 0x1a, 0x88,
    0x3, 0xbc, 0x0, 0x5c, 0xe3, 0x60, 0x1f, 0xe4,
    0xcd, 0x20, 0xe, 0x1d, 0x71, 0x4, 0xc3, 0x0,
    0x86, 0x39, 0x80, 0x3f, 0xe3, 0x0, 0xfe, 0x8e,
    0xfb, 0x30, 0x8,

    /* U+6240 "所" */
    0x0, 0xff, 0xe9, 0x8, 0x7, 0xff, 0x8, 0x9a,
    0xb9, 0xc0, 0x3f, 0xe3, 0x7c, 0xe2, 0x0, 0xf0,
    0x92, 0x3c, 0xe7, 0xec, 0xa8, 0xe0, 0x7, 0x89,
    0x63, 0x3f, 0x20, 0xc1, 0x40, 0x39, 0xbb, 0x6e,
    0x18, 0xc0, 0x39, 0x0, 0xe6, 0xf7, 0xf6, 0x9c,
    0xc0, 0x3b, 0x0, 0x3f, 0xf8, 0x82, 0xa2, 0xac,
    0x84, 0x1, 0xfc, 0x78, 0x1, 0xff, 0xc0, 0x36,
    0x9d, 0xea, 0x10, 0xf, 0xe3, 0x6a, 0xec, 0x70,
    0xf, 0xeb, 0xef, 0xc9, 0x62, 0x0, 0xf9, 0x1e,
    0x73, 0xf2, 0x54, 0x40, 0x3f, 0xc2, 0x82, 0x1,
    0xff, 0xc0, 0xb8, 0x63, 0x0, 0xff, 0xff, 0x80,
    0x7e, 0x1e, 0xef, 0x94, 0x3, 0xff, 0x9c, 0x23,
    0xf1, 0x80, 0x7f, 0xf7, 0x1d, 0xff, 0xf8, 0x0,
    0x1f, 0xa2, 0x30, 0x7, 0xfa, 0x23, 0xff, 0x80,
    0x20, 0x1e, 0x17, 0x7c, 0x20, 0x1f, 0xff, 0xf0,
    0x7, 0xfe, 0x60, 0x0, 0xff, 0xe1, 0x0, 0x84,
    0x3, 0xff, 0x82, 0x20, 0x1, 0x0, 0xff, 0xe9,
    0x78, 0x0, 0xc0, 0x3f, 0xf8, 0xe3, 0xff, 0x84,
    0x3, 0x84, 0x0, 0x20, 0x1f, 0xfc, 0x4f, 0x0,
    0xff, 0xe0, 0x90, 0x1, 0xc0, 0x3f, 0xf8, 0x82,
    0x1, 0xff, 0xc1, 0x60, 0x1, 0x0, 0x7f, 0xf1,
    0xc, 0x0, 0x2e, 0xff, 0x28, 0x0, 0x80, 0x1c,
    0x1, 0xff, 0xc4, 0x10, 0x2, 0xc4, 0x7c, 0x60,
    0x80, 0x11, 0x80, 0x7f, 0xf1, 0x18, 0x0, 0x40,
    0x1f, 0xd8, 0x1, 0x20, 0x7, 0xff, 0x10, 0x80,
    0x1c, 0x1, 0xfc, 0xc0, 0x3, 0x0, 0xff, 0xe2,
    0x20, 0x4, 0x40, 0x1f, 0x94, 0x40, 0x16, 0x1,
    0xff, 0xc4, 0xc0, 0x9, 0xc0, 0x3f, 0x40, 0x4,
    0xc0, 0x1f, 0xfc, 0x46, 0x0, 0x9, 0x0, 0x7c,
    0xe4, 0x0, 0x41, 0x0, 0xff, 0xe1, 0xa0, 0x80,
    0x18, 0x3, 0xe2, 0x80, 0xa, 0x0, 0x3f, 0xf8,
    0x9e, 0x1, 0x58, 0x7, 0xdc, 0x1, 0x29, 0x80,
    0x7f, 0xf0, 0xc9, 0x0, 0x6, 0x60, 0xf, 0x8,
    0x80, 0x2b, 0x0, 0xff, 0xe2, 0x16, 0x18, 0x48,
    0x7, 0xc3, 0xa8, 0x12, 0x20, 0x1f, 0xfc, 0x53,
    0xcb, 0x50, 0xf, 0xeb, 0x96, 0x0, 0xfd, 0x3f,
    0xee, 0x0, 0xe0,

    /* U+624B "手" */
    0x0, 0xff, 0xe7, 0x89, 0x80, 0x7f, 0xf2, 0x4,
    0x91, 0x5a, 0x26, 0xf3, 0xbf, 0xb1, 0x0, 0x39,
    0x15, 0x4c, 0xf1, 0x9, 0xab, 0xce, 0xff, 0x76,
    0xdd, 0x4b, 0xb2, 0x18, 0x80, 0x44, 0x1, 0xd1,
    0x54, 0x98, 0x77, 0x32, 0xa1, 0x88, 0x7, 0xff,
    0xf, 0xc0, 0x39, 0xc0, 0x3f, 0xf9, 0x2, 0x68,
    0xd1, 0x36, 0x1, 0xc2, 0x1, 0xe1, 0x23, 0x45,
    0x30, 0x9, 0xb3, 0x7f, 0xdd, 0x97, 0x2e, 0xc4,
    0x1, 0xd1, 0x9b, 0xdf, 0xf7, 0x6e, 0x5d, 0x58,
    0x5, 0xe6, 0x40, 0x1f, 0xfc, 0x22, 0x32, 0x10,
    0xf, 0xff, 0xf8, 0x7, 0xff, 0x20, 0xe2, 0x3f,
    0xec, 0x0, 0xb6, 0x23, 0xfc, 0x80, 0x1c, 0xae,
    0xff, 0xf2, 0x0, 0x48, 0xef, 0xfe, 0xd0, 0xf,
    0xff, 0xdb, 0x7f, 0xff, 0xd0, 0x1, 0x47, 0xff,
    0xfa, 0x40, 0x3f, 0xf9, 0x22, 0x1, 0xff, 0xff,
    0x0, 0xff, 0xe5, 0x88, 0x7, 0xff, 0xb, 0xbf,
    0xff, 0xf8, 0x30, 0x1, 0x47, 0xff, 0xff, 0x4,
    0x40, 0x3f, 0xfe, 0xd1, 0x1f, 0xfc, 0x24, 0x0,
    0x92, 0x23, 0xff, 0x82, 0x2c, 0xef, 0xff, 0xc1,
    0xc0, 0xb, 0x5d, 0xff, 0xf8, 0x20, 0x1f, 0xff,
    0xf0, 0xf, 0xfe, 0xdf, 0x0, 0x7f, 0xf3, 0x56,
    0xab, 0xb1, 0x80, 0x23, 0x0, 0xff, 0xe5, 0x2a,
    0xf1, 0x80, 0x66, 0x0, 0xff, 0xe4, 0xa0, 0x7,
    0xf1, 0x98, 0x3, 0xff, 0x92, 0x22, 0x0, 0xf1,
    0x36, 0x80, 0x7f, 0xf0, 0xc0,

    /* U+624D "才" */
    0x0, 0xff, 0xe4, 0xa2, 0x46, 0x1, 0xff, 0xd0,
    0x1b, 0xbb, 0xc0, 0x3f, 0xff, 0xe0, 0x1f, 0xff,
    0xf0, 0xf, 0xf1, 0x80, 0x7f, 0xf0, 0xbb, 0xff,
    0xff, 0x8b, 0xa0, 0x11, 0xff, 0xfc, 0xc0, 0x1f,
    0xff, 0x84, 0x4f, 0xfe, 0x20, 0x7, 0x85, 0x13,
    0xe2, 0x0, 0x55, 0xdf, 0xff, 0x8, 0xc0, 0x3c,
    0x57, 0x7f, 0x20, 0x7, 0xff, 0x10, 0xdc, 0x3,
    0xff, 0xa4, 0x3c, 0x1, 0x40, 0x7, 0xff, 0x3e,
    0x88, 0x0, 0x8c, 0x1, 0xff, 0xce, 0x84, 0x0,
    0xd, 0x0, 0x7f, 0xf3, 0x99, 0xc0, 0x2a, 0x10,
    0xf, 0xfe, 0x6a, 0xc8, 0x4, 0xe8, 0x1, 0xff,
    0xcd, 0x5a, 0x0, 0x96, 0x0, 0x3f, 0xf9, 0xad,
    0x40, 0x11, 0xd0, 0x7, 0xff, 0x36, 0x24, 0x2,
    0x3d, 0x0, 0xff, 0xe6, 0xd3, 0x80, 0x47, 0xa2,
    0x1, 0xff, 0xcb, 0x2d, 0x50, 0x8, 0xf4, 0x40,
    0x3f, 0xf9, 0x6d, 0xa4, 0x1, 0x26, 0x8, 0x7,
    0xff, 0x28, 0x6e, 0x40, 0x33, 0xd8, 0x7, 0xff,
    0x2d, 0xbd, 0x0, 0x35, 0x40, 0x7, 0xff, 0x2f,
    0x24, 0x40, 0x22, 0xd5, 0x0, 0xff, 0xe6, 0x30,
    0x6, 0x6d, 0x20, 0xf, 0xf8, 0xc0, 0x3f, 0xf8,
    0x36, 0x20, 0x57, 0x20, 0x1f, 0xfc, 0x1a, 0x0,
    0x9c, 0x3, 0xf8, 0x61, 0xf5, 0x0, 0x3c, 0x7d,
    0xde, 0xf7, 0x0, 0x84, 0x3, 0xfc, 0xd0, 0x1,
    0xf8, 0xc4, 0x7c, 0x1, 0xd8, 0x1, 0xff, 0xc9,
    0x20, 0xf, 0xe3, 0x60, 0xf, 0xfe, 0x4a, 0x0,
    0x78, 0x4e, 0x30, 0x3, 0xf8,

    /* U+6253 "打" */
    0x0, 0xf1, 0x9e, 0x0, 0xff, 0xe8, 0xf6, 0x63,
    0x80, 0x3f, 0xff, 0x7f, 0xff, 0xfc, 0x5c, 0x0,
    0xff, 0xff, 0x80, 0x79, 0x57, 0xf0, 0x80, 0x4a,
    0xbd, 0x61, 0x1f, 0xf8, 0x80, 0x5, 0xff, 0x86,
    0xab, 0xf2, 0x80, 0x57, 0x55, 0x9c, 0x3, 0xff,
    0xef, 0x91, 0x18, 0x40, 0x3, 0x11, 0x84, 0x3,
    0xff, 0x8e, 0x8e, 0xf8, 0xc0, 0x6, 0xef, 0x80,
    0x3f, 0xff, 0xe0, 0x1f, 0xfe, 0x91, 0x5b, 0xf2,
    0x0, 0xff, 0xe7, 0x97, 0x52, 0x3, 0x0, 0x7f,
    0xf2, 0x92, 0x8, 0x3, 0xe2, 0x0, 0xff, 0xe3,
    0xbd, 0xfd, 0xb8, 0x7, 0x85, 0x90, 0x3, 0xff,
    0x8f, 0x8, 0x1, 0xf3, 0xe7, 0x49, 0x0, 0x7f,
    0xf1, 0xc8, 0x3, 0xe2, 0x83, 0x0, 0xff, 0xe5,
    0x20, 0x2d, 0x79, 0x0, 0x7f, 0xf3, 0xe3, 0xe9,
    0x40, 0x3f, 0xfa, 0x22, 0x1, 0xff, 0xff, 0x0,
    0xff, 0xff, 0x80, 0x7f, 0xf1, 0xcc, 0x3, 0xff,
    0x88, 0xa0, 0x1f, 0xe7, 0xaa, 0xb4, 0x40, 0x2,
    0x1, 0xe2, 0xaa, 0xee, 0x10, 0x8, 0x40, 0x3d,
    0xca, 0xb1, 0x0, 0x4c, 0x1, 0xf2, 0xaf, 0x8,
    0x4, 0x60, 0x1f, 0x78, 0x7, 0xde, 0x1, 0xe2,
    0x10, 0xf, 0xd0, 0x1, 0xf2, 0x80, 0x61, 0x39,
    0x50, 0xf, 0x94, 0x3, 0x85, 0x6d, 0x0, 0x3c,

    /* U+6267 "执" */
    0x0, 0xe4, 0x48, 0x80, 0x3e, 0x27, 0x78, 0x40,
    0x3f, 0xf8, 0xd5, 0x76, 0xa0, 0xf, 0x9e, 0x22,
    0x30, 0xf, 0xff, 0xf8, 0x7, 0xff, 0xc0, 0xc0,
    0x3f, 0xf8, 0x48, 0xef, 0x8, 0x0, 0xdd, 0xcc,
    0x6, 0x88, 0xd0, 0x9, 0x13, 0xf0, 0x7, 0xdd,
    0x11, 0x0, 0x49, 0x11, 0x7, 0x5d, 0x9c, 0x2,
    0xab, 0xbf, 0x88, 0x3, 0xff, 0xb8, 0x62, 0x30,
    0x6, 0x11, 0x18, 0x7, 0xff, 0x2e, 0x7b, 0xa1,
    0x0, 0x3f, 0x73, 0x43, 0xf3, 0xe, 0x1, 0x66,
    0x6a, 0x0, 0xff, 0xe5, 0x11, 0x9b, 0x80, 0x23,
    0x3c, 0xe0, 0x1f, 0xfc, 0xd1, 0x0, 0xff, 0xe7,
    0x92, 0x0, 0x6f, 0x0, 0xff, 0xe6, 0x9d, 0xef,
    0x80, 0x61, 0x0, 0x8, 0x7, 0xff, 0x29, 0x10,
    0xa, 0x1b, 0x64, 0x60, 0x3, 0x0, 0xff, 0xe2,
    0x94, 0x8, 0x7, 0xb, 0x12, 0x6a, 0x80, 0x4,
    0x3, 0xff, 0x86, 0x97, 0xae, 0x1, 0xcb, 0x94,
    0x1, 0xe7, 0x0, 0xff, 0xe1, 0xda, 0x0, 0x72,
    0x75, 0x1f, 0x20, 0x7, 0x2b, 0x0, 0x7f, 0xf0,
    0x88, 0x3, 0xc6, 0x20, 0x2, 0xbb, 0x10, 0x4,
    0x33, 0xa8, 0x6, 0x1, 0xfe, 0x60, 0x4b, 0x10,
    0xf, 0xc9, 0x0, 0x1c, 0x57, 0x44, 0x1, 0xfe,
    0xed, 0xb4, 0x0, 0xff, 0x78, 0x7, 0xcb, 0x40,
    0x1f, 0xe5, 0x20, 0xf, 0xfe, 0x2, 0x0, 0x7,
    0xc, 0x2, 0x80, 0x8, 0x40, 0x3f, 0xf8, 0xe8,
    0x20, 0x7, 0x3c, 0x80, 0x71, 0x0, 0xe1, 0x10,
    0x7, 0xff, 0x13, 0xc0, 0x2c, 0x0, 0x3f, 0x48,
    0x6, 0x70, 0x5e, 0xa1, 0x0, 0xff, 0xe0, 0x92,
    0x0, 0x5, 0x40, 0x21, 0x10, 0x8, 0x0, 0x40,
    0xc1, 0x40, 0x3f, 0xf8, 0x52, 0x1, 0x48, 0x7,
    0xc6, 0x0, 0x30, 0xe0, 0x11, 0x0, 0x7f, 0xf0,
    0x19, 0x0, 0x2, 0xe0, 0x1f, 0x30, 0x3, 0x81,
    0x41, 0x40, 0x3c, 0x20, 0x1c, 0x52, 0x1, 0x40,
    0x7, 0xe3, 0x0, 0x20, 0x98, 0x60, 0x1, 0xe2,
    0x16, 0x1, 0xef, 0x0, 0x8d, 0x80, 0x3f, 0x68,
    0x0, 0xfc, 0x0, 0x80, 0xb, 0x77, 0x20, 0x5,
    0xe1, 0x64, 0x1, 0x70, 0x7, 0xf2, 0x80, 0x42,
    0x2, 0x60, 0x5, 0x0, 0xf2, 0x9a, 0x80, 0x54,
    0x40, 0x1f, 0xe6, 0x0, 0xd0, 0x1, 0x78, 0x6,
    0x3a, 0x23, 0xe6, 0x7, 0x50, 0xf, 0xfa, 0x58,
    0x6, 0x18, 0x2, 0x6f, 0xfd, 0x8a, 0x1, 0x4e,
    0xc0, 0x7, 0xff, 0x6, 0x7f, 0x9c, 0x2,

    /* U+62A4 "护" */
    0x0, 0xe1, 0x22, 0x8, 0x7, 0xfc, 0x2b, 0x6,
    0x1, 0xff, 0xc1, 0xcd, 0xd5, 0x80, 0x7f, 0x93,
    0xa9, 0xe4, 0x3, 0xff, 0x9e, 0x82, 0x0, 0x51,
    0x0, 0xff, 0xe7, 0xb0, 0x4, 0xe0, 0x1f, 0xfc,
    0xfa, 0x0, 0xa8, 0x3, 0xff, 0x90, 0x5f, 0xfe,
    0xd0, 0x8, 0xff, 0xfc, 0xe0, 0x68, 0x91, 0x80,
    0x5, 0x12, 0x10, 0xf, 0xfe, 0x47, 0x5d, 0xc2,
    0x0, 0x4b, 0xb9, 0x40, 0x3f, 0xfb, 0xd, 0x33,
    0xfe, 0x0, 0xff, 0xe4, 0xe3, 0x37, 0xf3, 0x80,
    0x76, 0x6e, 0xc4, 0x0, 0x5d, 0xd9, 0x0, 0x3f,
    0xf9, 0x2, 0x45, 0x0, 0x62, 0x28, 0x3, 0xff,
    0xfe, 0x1, 0xff, 0xc7, 0x6c, 0x10, 0xf, 0xfe,
    0x7a, 0x74, 0x99, 0x0, 0x6d, 0x33, 0xfe, 0x50,
    0xf, 0xc2, 0x60, 0x1, 0x10, 0x1, 0x44, 0x2,
    0x7c, 0xcf, 0xeb, 0x0, 0xe1, 0x6b, 0xe1, 0x0,
    0xe1, 0x30, 0xf, 0xfe, 0x3a, 0x74, 0xa0, 0x7,
    0x2d, 0xf2, 0x80, 0x7f, 0xf1, 0xd8, 0x3, 0xe5,
    0xa4, 0x0, 0x38, 0x5, 0x59, 0x9f, 0xfc, 0x16,
    0x21, 0x1, 0x71, 0x0, 0xf8, 0x40, 0x27, 0x33,
    0xff, 0xe0, 0x88, 0x45, 0xf4, 0x18, 0x7, 0xc6,
    0x1, 0x18, 0x7, 0xff, 0xd, 0x90, 0x3, 0xfd,
    0xc0, 0x10, 0x80, 0x7f, 0xf3, 0xcc, 0x0, 0x40,
    0x1f, 0xfd, 0x5, 0x0, 0x30, 0x7, 0xff, 0x3c,
    0xc4, 0x1, 0x80, 0x1f, 0xfc, 0xfa, 0x0, 0x90,
    0x3, 0xff, 0x9c, 0x2e, 0x0, 0x13, 0x0, 0xff,
    0xe4, 0x18, 0x7, 0x48, 0x80, 0x18, 0x3, 0xff,
    0x8a, 0xf3, 0x2c, 0x10, 0xc, 0x4e, 0x1, 0x48,
    0x7, 0xff, 0x17, 0x99, 0x86, 0x1, 0x10, 0x48,
    0x4, 0xc2, 0x1, 0xff, 0xc5, 0xf0, 0xf, 0x59,
    0x20, 0x5, 0x0, 0x1f, 0xfc, 0x65, 0x0, 0xc7,
    0x46, 0x5c, 0x81, 0x2, 0x1, 0xff, 0xc6, 0x3f,
    0xfd, 0x8a, 0x0, 0x1b, 0xa7, 0x0, 0xff, 0xe3,
    0x0,

    /* U+62D4 "拔" */
    0x0, 0xe1, 0x18, 0x3, 0xf0, 0xa2, 0xc, 0x3,
    0x9c, 0x80, 0x3f, 0xf8, 0x15, 0xdc, 0x90, 0xf,
    0x9e, 0xed, 0x80, 0x1a, 0x63, 0x8, 0x3, 0xff,
    0x94, 0x20, 0x1e, 0x26, 0x1, 0xc2, 0x0, 0xff,
    0xe4, 0xf8, 0x7, 0x8a, 0xc0, 0x3, 0xe2, 0x1,
    0xff, 0xc8, 0x10, 0x0, 0x80, 0x64, 0xa0, 0x1,
    0x50, 0x7, 0xff, 0x2c, 0xc0, 0x39, 0x64, 0xe,
    0x80, 0x3c, 0xef, 0x30, 0x1, 0x5d, 0xca, 0x1b,
    0xb3, 0x0, 0xb, 0x77, 0xd6, 0x3, 0x9b, 0xb0,
    0x80, 0xc4, 0x44, 0x0, 0x38, 0x88, 0x8, 0xa0,
    0xc, 0x45, 0xf0, 0x11, 0x70, 0x7, 0xff, 0x91,
    0x9a, 0x0, 0x89, 0x9b, 0xff, 0x82, 0x20, 0x3f,
    0xf2, 0x0, 0x1b, 0xfd, 0xa1, 0x33, 0x0, 0x55,
    0x33, 0xff, 0xc1, 0x0, 0xff, 0xe2, 0x10, 0x4,
    0x20, 0x1f, 0xfd, 0x11, 0x0, 0x88, 0x3, 0xff,
    0xa2, 0xa0, 0x15, 0x77, 0x7f, 0xac, 0x3, 0xff,
    0x80, 0x2f, 0x40, 0x17, 0x80, 0x42, 0x3f, 0xf3,
    0x80, 0x7f, 0xcf, 0xd0, 0xe0, 0x11, 0x0, 0x7f,
    0xf2, 0x8d, 0x80, 0x2, 0x0, 0x30, 0x9, 0x0,
    0x35, 0xdf, 0xc2, 0x1, 0xf1, 0x46, 0xe1, 0x0,
    0x71, 0x80, 0x8, 0x3, 0x85, 0x13, 0x9c, 0x40,
    0x16, 0x1, 0xb1, 0xc8, 0x3, 0x96, 0xf4, 0x0,
    0xa0, 0x1d, 0x20, 0x1d, 0x40, 0x13, 0x0, 0x65,
    0x0, 0xf3, 0x52, 0x0, 0x56, 0x0, 0x10, 0x1,
    0xa0, 0x4, 0x2c, 0x0, 0x41, 0x0, 0xc4, 0x2,
    0xc6, 0x1, 0xf0, 0x98, 0x1, 0x98, 0x0, 0x80,
    0xa, 0x40, 0x2f, 0x0, 0xea, 0xbe, 0x97, 0x0,
    0xf9, 0x80, 0x2b, 0xb0, 0x0, 0xdc, 0x9, 0xc0,
    0x6, 0x80, 0x1c, 0x68, 0x1, 0xfe, 0xa0, 0x0,
    0x99, 0x28, 0x2, 0xf, 0x80, 0x2f, 0x0, 0xff,
    0xe2, 0xa9, 0x0, 0x24, 0x1, 0x62, 0x0, 0xc3,
    0x0, 0x29, 0x80, 0x7f, 0xf1, 0x60, 0x2, 0x60,
    0x0, 0xd8, 0x7, 0xd, 0x80, 0x7f, 0xf1, 0x54,
    0x80, 0xa, 0x20, 0x12, 0x98, 0x6, 0xb1, 0x0,
    0xff, 0xe2, 0xd8, 0x5, 0x0, 0x1a, 0xc, 0x3,
    0x5a, 0x0, 0x7f, 0xf1, 0x20, 0x40, 0xc, 0x40,
    0x1, 0xc7, 0x0, 0xe1, 0xb9, 0x0, 0xff, 0x30,
    0x4, 0x4e, 0x1, 0x40, 0x1, 0xb8, 0xc0, 0x2a,
    0x30, 0x9, 0xb9, 0x80, 0x32, 0xcc, 0xac, 0x80,
    0x29, 0x0, 0x9c, 0x4f, 0x24, 0x2, 0x2d, 0x5c,
    0x50, 0x8, 0x67, 0x58, 0x0, 0x4c, 0xc4, 0x0,
    0xba, 0x44, 0xa, 0xa9, 0x86, 0x1, 0x36, 0x90,
    0x2, 0xa8, 0x1, 0x8a, 0x44, 0xc, 0x3, 0x85,
    0x8b, 0xca, 0x4d, 0x0, 0x21, 0xb9, 0x0, 0xe5,
    0xe5, 0x0, 0x98, 0x41, 0x40, 0x21, 0x4c, 0x10,
    0x1d, 0x41, 0xa0, 0x3, 0xf2, 0x0, 0x7c, 0x35,
    0x66, 0x10, 0x0, 0x1f, 0xfb, 0xac, 0x80, 0x3c,
    0x93, 0xb0, 0x1, 0xff, 0x26, 0x60, 0x40,

    /* U+6301 "持" */
    0x0, 0xe5, 0x77, 0x20, 0x7, 0xfc, 0x2e, 0xf1,
    0x0, 0x7f, 0xf0, 0xa2, 0x2d, 0x0, 0xff, 0x8a,
    0x22, 0x60, 0xf, 0xff, 0xf8, 0x7, 0xff, 0x11,
    0x57, 0xc8, 0x1, 0x62, 0xaf, 0x90, 0x3, 0xff,
    0x86, 0x35, 0x5e, 0x80, 0x9, 0xea, 0xbd, 0x0,
    0x11, 0x33, 0x46, 0x0, 0x26, 0x62, 0x80, 0x7f,
    0xf2, 0xd6, 0x66, 0x10, 0x2, 0x4c, 0xac, 0x3,
    0xff, 0x8e, 0xe0, 0x1f, 0xfc, 0x31, 0xff, 0xf6,
    0x0, 0x57, 0xff, 0xeb, 0x0, 0xff, 0xec, 0xbf,
    0xfc, 0x40, 0x6, 0xff, 0x70, 0x7, 0xff, 0x54,
    0x59, 0xbf, 0x58, 0x5, 0xac, 0xdf, 0x88, 0x3,
    0xfe, 0x39, 0x9f, 0xce, 0x1, 0x34, 0xcf, 0xe4,
    0x0, 0xff, 0xf0, 0x88, 0x7, 0xff, 0x48, 0xe3,
    0x93, 0xff, 0xff, 0x82, 0xa0, 0x1, 0xff, 0xcc,
    0x1, 0xf9, 0x5c, 0x78, 0x3, 0xff, 0x98, 0x4f,
    0x84, 0x1, 0xc4, 0x1, 0xff, 0xca, 0x3d, 0xd4,
    0x18, 0x7, 0x8d, 0x19, 0xbf, 0xf8, 0x20, 0x13,
    0x36, 0x0, 0x10, 0x7, 0x8a, 0xbe, 0x3a, 0x67,
    0xff, 0x80, 0x60, 0x1, 0x99, 0xc2, 0x60, 0x1f,
    0x22, 0x80, 0x7f, 0xf3, 0x49, 0x6b, 0xc8, 0x3,
    0xc6, 0x1, 0xff, 0xca, 0xda, 0x50, 0xf, 0xd3,
    0xfe, 0x75, 0xff, 0xfc, 0xa0, 0x1, 0xff, 0xc2,
    0x1, 0xff, 0xc2, 0x97, 0x5a, 0x0, 0xff, 0xe8,
    0x8a, 0x0, 0x16, 0x80, 0x3f, 0xfa, 0x3, 0x82,
    0x0, 0x5a, 0x0, 0xff, 0xe8, 0xe, 0x8, 0x1,
    0x60, 0x3, 0xff, 0xa0, 0x5a, 0x0, 0x1a, 0x0,
    0xff, 0xe3, 0x18, 0x7, 0xf8, 0xec, 0x70, 0x80,
    0x33, 0x0, 0xc, 0x3, 0xc8, 0xcc, 0x91, 0x0,
    0x8, 0x7, 0xe4, 0xe4, 0x77, 0xd6, 0x60, 0x1f,
    0xd9, 0x32, 0x60, 0xb, 0xc0, 0x3f, 0xd7, 0x11,
    0x90, 0x2, 0x70, 0xf, 0x68, 0x7, 0x94, 0x3,
    0xfc, 0xe0, 0x1f, 0xb8, 0x3, 0xce, 0x1, 0x8e,
    0x88, 0x3, 0xfd, 0xa0, 0x1e, 0x3a, 0x40, 0xf,
    0x17, 0xfe, 0xc5, 0x0, 0xff, 0x9f, 0xbb, 0x7f,
    0xb1, 0x40, 0x3c,

    /* U+6307 "指" */
    0x0, 0xe1, 0x18, 0x3, 0xff, 0xa5, 0x9d, 0xc9,
    0x0, 0xd1, 0xfe, 0xe0, 0xf, 0xfe, 0xf9, 0xc7,
    0x20, 0x7, 0xff, 0x34, 0x56, 0xbb, 0x1c, 0x74,
    0x3, 0xff, 0x92, 0x2b, 0x3b, 0xd4, 0xa2, 0x1,
    0x20, 0x7, 0xff, 0x18, 0x67, 0x7a, 0x98, 0x80,
    0x38, 0x5a, 0x0, 0x22, 0x66, 0x8c, 0x0, 0xac,
    0xd0, 0x7, 0x31, 0x0, 0x70, 0xac, 0xef, 0x4a,
    0x80, 0x49, 0x33, 0x8, 0x0, 0xe6, 0x60, 0xf,
    0xc2, 0xb3, 0xbd, 0x4c, 0x41, 0xba, 0xa4, 0x0,
    0xff, 0xe2, 0xbd, 0x77, 0x29, 0x88, 0x3, 0x8c,
    0x94, 0xc0, 0x3f, 0xf8, 0xb0, 0xa2, 0x1, 0xfc,
    0x20, 0x1, 0x6, 0xff, 0x88, 0x0, 0xdf, 0xf0,
    0x78, 0x4, 0x60, 0x1f, 0xe5, 0x0, 0x8c, 0x3,
    0xff, 0x82, 0x40, 0x16, 0x77, 0x7f, 0x7d, 0x0,
    0x4e, 0x1, 0xff, 0xc1, 0x40, 0xc, 0x23, 0xfc,
    0x1, 0x88, 0x80, 0x1f, 0xfc, 0x11, 0xb2, 0x0,
    0xff, 0xe1, 0x17, 0x0, 0x7f, 0xc6, 0x60, 0x2,
    0x6f, 0x6e, 0x67, 0xf6, 0xeb, 0xb4, 0xc0, 0x3f,
    0x97, 0x31, 0x60, 0x18, 0x48, 0xcf, 0xf8, 0x88,
    0x20, 0x1f, 0xf1, 0x98, 0xc, 0x0, 0x23, 0xff,
    0xc5, 0x0, 0xe4, 0xa2, 0x0, 0xe6, 0x9, 0xee,
    0xff, 0xe2, 0x80, 0x55, 0xf6, 0xa0, 0x1e, 0x40,
    0xf, 0xfe, 0x52, 0x80, 0x78, 0xab, 0xe4, 0x3,
    0x84, 0x7f, 0xe0, 0xf, 0x18, 0x7, 0x91, 0x40,
    0x3c, 0x3d, 0xdf, 0xe9, 0x0, 0xf2, 0x9c, 0xf1,
    0x0, 0x7f, 0xf4, 0x27, 0x18, 0x40, 0x3f, 0xf8,
    0x2, 0x3f, 0xe0, 0xf, 0xfe, 0x50, 0xf7, 0x7f,
    0xa0, 0x3, 0xff, 0xfe, 0x1, 0xff, 0xc0, 0x1f,
    0xff, 0xf4, 0x0, 0x7f, 0xff, 0x15, 0x99, 0x24,
    0x1, 0xfe, 0x1f, 0xff, 0xf4, 0x0, 0x7b, 0xe6,
    0x4c, 0x1, 0x70, 0x7, 0xff, 0x37, 0x40, 0x3c,
    0xa0, 0x1f, 0xfc, 0xd3, 0x0, 0x84, 0xec, 0x80,
    0x3e, 0x1f, 0xff, 0xf4, 0x0, 0x70,

    /* U+6309 "按" */
    0x0, 0xff, 0xe4, 0xa3, 0x0, 0x7f, 0xf0, 0x8f,
    0x76, 0x10, 0xf, 0xf5, 0xfd, 0xc9, 0x80, 0x7f,
    0xf0, 0x5c, 0x8a, 0x0, 0xff, 0x8c, 0x2, 0x90,
    0xf, 0xfe, 0x84, 0x80, 0x4a, 0x20, 0x1f, 0xfc,
    0x87, 0x88, 0xf4, 0x88, 0x5, 0x71, 0x1e, 0x70,
    0xf, 0xfe, 0xc, 0xbb, 0xfc, 0x20, 0x12, 0xbb,
    0xfa, 0x0, 0x3f, 0x8c, 0x3, 0xff, 0x9b, 0x7f,
    0xeb, 0x0, 0xb7, 0xfc, 0x40, 0x11, 0x19, 0xff,
    0xf0, 0x8, 0x3, 0xff, 0x8f, 0x79, 0x9f, 0xfc,
    0xb, 0x0, 0xff, 0xe5, 0x43, 0x18, 0x7, 0xff,
    0x7, 0xa2, 0xc, 0x1, 0x3c, 0x40, 0xc0, 0x38,
    0x5e, 0x72, 0xc0, 0x3f, 0xf8, 0xa, 0xee, 0xd0,
    0xa, 0x5d, 0xc3, 0x55, 0x38, 0x38, 0x5, 0xa0,
    0x1e, 0x7a, 0xa5, 0x80, 0x7f, 0xf0, 0x51, 0x54,
    0x21, 0xa0, 0x13, 0x0, 0x78, 0x55, 0x48, 0x1,
    0xff, 0xc5, 0x14, 0x0, 0x30, 0x7, 0xff, 0x20,
    0xd9, 0xd7, 0xbb, 0x80, 0x26, 0xee, 0xff, 0xa8,
    0x3, 0xf6, 0xce, 0x18, 0x8e, 0x0, 0xe1, 0x1f,
    0xfe, 0x0, 0x6, 0x20, 0xe, 0x50, 0xf, 0xfe,
    0x59, 0x47, 0x48, 0x7, 0xa, 0xc4, 0x42, 0x1,
    0x44, 0x78, 0x80, 0x27, 0x88, 0x72, 0xeb, 0x88,
    0x6, 0x29, 0xf3, 0x77, 0x20, 0x80, 0x1d, 0xfe,
    0x30, 0x1, 0x43, 0xb9, 0x58, 0x3, 0xec, 0x60,
    0xd, 0x20, 0x14, 0x80, 0x72, 0x8, 0x1, 0x0,
    0x31, 0x80, 0x5, 0x40, 0x3f, 0x12, 0x80, 0x14,
    0x40, 0x3b, 0xc0, 0x2a, 0x0, 0xe7, 0xae, 0xe0,
    0x7, 0xeb, 0x0, 0xc2, 0x1, 0x91, 0x0, 0x2,
    0x30, 0xe, 0x85, 0x0, 0xff, 0x38, 0x4, 0xbd,
    0x22, 0x0, 0x90, 0xa, 0x0, 0x3f, 0xf8, 0xde,
    0xe0, 0x19, 0xb9, 0xec, 0x80, 0x6, 0xa0, 0x1f,
    0xfc, 0x61, 0x8e, 0x50, 0xd, 0x8, 0x1, 0x70,
    0x7, 0xff, 0x24, 0x6b, 0xc, 0x3, 0xcc, 0x40,
    0x1f, 0xfc, 0xb3, 0x40, 0xf, 0x35, 0x8, 0x7,
    0xff, 0x25, 0xf9, 0xc0, 0x3e, 0x5e, 0x70, 0xf,
    0xc2, 0x1, 0xf8, 0xe7, 0xe0, 0x40, 0x22, 0xa4,
    0x0, 0xd1, 0xa6, 0x0, 0x18, 0x84, 0xd8, 0x7,
    0x1c, 0x6e, 0x30, 0x7, 0x3e, 0xad, 0xc8, 0x80,
    0x45, 0x92, 0x22, 0x77, 0x30, 0x80, 0x42, 0x2c,
    0x72, 0x0, 0xe5, 0xd8, 0x0, 0x9b, 0xd4, 0x3,
    0x32, 0x1, 0x80, 0x72, 0x80, 0xa8, 0x7, 0x36,
    0xd1, 0x0, 0x70, 0xd5, 0x88, 0x1, 0x54, 0xa,
    0x1, 0xb, 0x58, 0x2, 0x40, 0x7, 0x3f, 0x24,
    0x1, 0xfc, 0x9c, 0xc3, 0x60, 0x9, 0xff, 0xba,
    0x44, 0x0, 0x71, 0xb8, 0xc0, 0x1f, 0xfc, 0x29,
    0xf1, 0x0,

    /* U+6362 "换" */
    0x0, 0xff, 0xe2, 0x90, 0x7, 0xff, 0x21, 0x77,
    0x56, 0x1, 0xf8, 0xb7, 0xa8, 0xc0, 0x3f, 0xf8,
    0xa6, 0x44, 0x50, 0xf, 0xd6, 0x2, 0xa2, 0x1,
    0xff, 0xd0, 0x26, 0x0, 0x13, 0x22, 0x7c, 0x60,
    0x1f, 0xfc, 0x89, 0x0, 0x8a, 0xef, 0xf6, 0x0,
    0x7f, 0xf1, 0xd5, 0x0, 0x3f, 0xfa, 0x63, 0x60,
    0x11, 0x17, 0xc0, 0x10, 0x80, 0x7b, 0x7f, 0xd2,
    0x0, 0x1f, 0xf8, 0x1, 0xa2, 0x0, 0x8d, 0xdf,
    0x30, 0x5, 0x40, 0x1e, 0x30, 0xf, 0xe1, 0x93,
    0x0, 0x23, 0x80, 0x74, 0x20, 0x2, 0x10, 0x3,
    0xff, 0x89, 0xc, 0x0, 0x2a, 0x0, 0xe5, 0x70,
    0x2, 0x38, 0x7, 0xd7, 0x32, 0x50, 0x0, 0xcc,
    0x89, 0x80, 0x28, 0x23, 0x3c, 0x94, 0x1, 0x79,
    0x9c, 0x40, 0x19, 0x59, 0x98, 0x1, 0x33, 0x14,
    0x3, 0x56, 0x67, 0x58, 0x6, 0xbc, 0xcc, 0x1,
    0xff, 0xc1, 0x85, 0x0, 0xff, 0xea, 0xd4, 0x80,
    0x7f, 0xf5, 0x48, 0x0, 0x3f, 0xf8, 0x2, 0xbf,
    0xfb, 0x0, 0x3f, 0xf8, 0x4f, 0xb0, 0x1, 0xff,
    0xd2, 0x18, 0x23, 0x0, 0xff, 0xe6, 0xad, 0x48,
    0x7, 0x28, 0x7, 0xff, 0x2c, 0x7e, 0x94, 0x3,
    0x85, 0xc0, 0x3f, 0xf9, 0x62, 0x20, 0xf, 0x5f,
    0x48, 0x7, 0xff, 0x31, 0x0, 0x2, 0x0, 0x14,
    0xb, 0xfb, 0x0, 0xf, 0xfe, 0x0, 0xaf, 0xfe,
    0xc0, 0x0, 0xff, 0x80, 0x1e, 0xfb, 0x0, 0x1c,
    0xe0, 0x1f, 0xfc, 0xc5, 0x82, 0x0, 0xff, 0xee,
    0x7d, 0xdf, 0xe2, 0x0, 0xd7, 0x7f, 0xc0, 0x1f,
    0xf1, 0xa2, 0x7c, 0x4, 0x1, 0xb5, 0x13, 0xf0,
    0x7, 0xff, 0x18, 0xa8, 0x3, 0x99, 0x80, 0x1f,
    0xfc, 0xc3, 0xc1, 0x0, 0x31, 0x80, 0x25, 0x80,
    0x3f, 0xf9, 0x23, 0x38, 0x20, 0x2, 0x9d, 0x10,
    0x4, 0xd1, 0x0, 0x7f, 0x70, 0x7, 0xc5, 0x3c,
    0xc0, 0x11, 0x60, 0xd, 0x0, 0x4b, 0xb0, 0x20,
    0x1a, 0x65, 0x4e, 0x0, 0x30, 0x27, 0xcd, 0x60,
    0xc, 0x98, 0x20, 0x4, 0xc1, 0x0, 0x9f, 0xad,
    0x40, 0xc, 0xc5, 0x0, 0x84, 0x12, 0xc, 0x3,
    0xc, 0xd8, 0x80, 0x63, 0xc4, 0x0, 0xc9, 0x60,
    0x3, 0x0, 0xe4, 0x6, 0x20, 0x8, 0x63, 0x98,
    0x3, 0xe2, 0xba, 0x10, 0xa, 0x40, 0xa, 0x1,
    0x13, 0xc0, 0x2, 0x1, 0x2b, 0x9c, 0x3, 0xfe,
    0x5e, 0xa3, 0x6, 0x0, 0x4f, 0xfd, 0xb0, 0x1,
    0x2f, 0x5a, 0x80, 0x7f, 0xf0, 0xd7, 0x38, 0x40,

    /* U+636E "据" */
    0x0, 0xe3, 0x38, 0x3, 0xff, 0xa2, 0x59, 0x91,
    0x0, 0x7f, 0xf6, 0x1b, 0xff, 0xff, 0x8d, 0xa0,
    0x1f, 0xfc, 0x11, 0x0, 0xff, 0xe3, 0x18, 0x7,
    0xff, 0x94, 0x7b, 0xbf, 0xf8, 0xe, 0x1, 0xff,
    0xc8, 0x11, 0xff, 0xe0, 0x78, 0x7, 0x5f, 0xfb,
    0x40, 0x2d, 0xff, 0x0, 0x7f, 0xf9, 0xbc, 0x3,
    0xff, 0x8e, 0x3f, 0xff, 0xfc, 0x7, 0x0, 0xec,
    0x55, 0x20, 0x4, 0x8a, 0xa0, 0xf, 0xfe, 0x5b,
    0xd5, 0x24, 0x2, 0x9a, 0xa0, 0x7, 0x8, 0xf8,
    0x2, 0x11, 0xf1, 0x0, 0x7f, 0xf1, 0x7, 0xbb,
    0xc2, 0x0, 0xbe, 0xee, 0xc0, 0xf, 0xfe, 0xfb,
    0x48, 0x7, 0xff, 0x4b, 0x65, 0xc0, 0x30, 0xff,
    0xf8, 0x40, 0x15, 0xff, 0xf0, 0x6, 0x60, 0xe,
    0x11, 0x78, 0x7, 0xff, 0x29, 0x72, 0xc0, 0x38,
    0x4c, 0x3, 0xff, 0x95, 0xd4, 0x60, 0x18, 0xeb,
    0x88, 0x40, 0xb, 0xff, 0xe1, 0x0, 0x4f, 0xff,
    0xc0, 0x60, 0x1e, 0xe5, 0x0, 0x10, 0x0, 0xc0,
    0x3f, 0x8c, 0x3, 0xf3, 0x80, 0xb0, 0x7, 0xce,
    0x0, 0xe0, 0xf, 0xfe, 0x37, 0xcf, 0x58, 0x7,
    0xc6, 0x0, 0x24, 0xcc, 0xe1, 0x0, 0x46, 0x67,
    0x10, 0x1, 0x58, 0x3, 0xf1, 0x0, 0x4c, 0x26,
    0x7c, 0x1, 0x11, 0x9f, 0x8, 0x7, 0xff, 0x1,
    0xc0, 0x22, 0x0, 0xff, 0xe8, 0x60, 0x0, 0x84,
    0x2, 0x3c, 0xcf, 0xc0, 0x1f, 0xfc, 0x47, 0x0,
    0x38, 0x6, 0x73, 0x3f, 0xc0, 0x1f, 0xfc, 0x33,
    0x10, 0x7, 0x80, 0x7f, 0xf4, 0x24, 0x2, 0x50,
    0xf, 0xfe, 0x50, 0x80, 0x62, 0x50, 0x2, 0x80,
    0x7f, 0xf2, 0x11, 0x55, 0x0, 0x11, 0xc0, 0x5,
    0x20, 0x1c, 0x9f, 0xff, 0x80, 0x3d, 0x55, 0x20,
    0x4, 0xaa, 0x0, 0x21, 0x80, 0x7f, 0xf2, 0x14,
    0x3, 0x93, 0x0, 0x28, 0x0, 0xf8, 0x47, 0xf0,
    0x7, 0x88, 0x2, 0x26, 0xa8, 0xd5, 0x63, 0x0,
    0xf2, 0x77, 0x7e, 0x0, 0xf4, 0xff, 0xdb, 0x22,
    0x5, 0x52, 0x1, 0x97, 0xfd, 0x60, 0x1f, 0xbf,
    0xe3, 0x0,

    /* U+63A5 "接" */
    0x0, 0xe1, 0x18, 0x3, 0xff, 0x80, 0x6d, 0xa,
    0x1, 0xff, 0xc1, 0x4e, 0xe8, 0x80, 0x3f, 0xc9,
    0x92, 0xf0, 0x1, 0xff, 0xd0, 0x42, 0x0, 0x11,
    0x80, 0x7f, 0xf2, 0x4, 0x8b, 0xe4, 0x0, 0xa4,
    0x8b, 0xe0, 0xf, 0xfe, 0xc, 0x6e, 0xfc, 0xc0,
    0x12, 0xee, 0xfb, 0x0, 0x3f, 0xfa, 0xe6, 0x88,
    0x30, 0x9, 0xd1, 0x1, 0xc4, 0x41, 0x0, 0x88,
    0xbc, 0x20, 0x11, 0x14, 0x0, 0x8b, 0xb4, 0x0,
    0x55, 0x76, 0x17, 0xdd, 0x80, 0x2d, 0xdf, 0x28,
    0x1, 0xb7, 0x58, 0x1, 0xff, 0xc4, 0x30, 0x8,
    0xc0, 0x39, 0x40, 0x18, 0x1, 0xff, 0xc8, 0x30,
    0x2, 0x0, 0x62, 0x10, 0x2, 0x0, 0x75, 0xff,
    0xac, 0x2, 0xdf, 0xf0, 0x80, 0x65, 0x0, 0x68,
    0x6, 0x40, 0x1, 0x8, 0x7, 0xff, 0xc, 0x48,
    0xb7, 0x0, 0x10, 0x8b, 0x68, 0x1, 0xc8, 0xb8,
    0x3, 0xfe, 0xdd, 0xe8, 0x0, 0xe, 0xee, 0x40,
    0x2, 0xee, 0xef, 0x0, 0xff, 0xef, 0x88, 0x7,
    0xff, 0x24, 0x40, 0x3f, 0x2e, 0x6e, 0x7f, 0xf7,
    0x3d, 0x6f, 0xff, 0xfd, 0x80, 0x1f, 0xa0, 0xc4,
    0x3, 0xcc, 0xf5, 0xa6, 0x1, 0xff, 0xc0, 0x16,
    0xbb, 0x0, 0x71, 0x80, 0x7a, 0x40, 0x8, 0x60,
    0x1f, 0xf2, 0xf4, 0xa0, 0x7, 0x2d, 0xe6, 0x76,
    0x88, 0x1, 0xb3, 0x3f, 0xeb, 0x10, 0xf, 0xb6,
    0x90, 0xcf, 0x88, 0x2, 0x23, 0x3f, 0xf9, 0x54,
    0x0, 0x25, 0x0, 0xff, 0xe8, 0xb, 0xe6, 0xf0,
    0x7, 0xe, 0x66, 0x10, 0x1, 0xe6, 0x79, 0x0,
    0x2b, 0xcc, 0x68, 0x41, 0x80, 0x7e, 0x33, 0x94,
    0x40, 0x1e, 0x67, 0xc4, 0x80, 0x5, 0x43, 0x38,
    0x3, 0xff, 0x85, 0x0, 0x2, 0x10, 0xe, 0x80,
    0xa, 0x40, 0x3f, 0xf8, 0xae, 0x20, 0x2, 0xdb,
    0x40, 0x2, 0xb0, 0x1, 0x4c, 0x3, 0xff, 0x8a,
    0xac, 0x1, 0x92, 0xf6, 0x28, 0x0, 0x36, 0x1,
    0xff, 0xc6, 0x29, 0xf9, 0x20, 0x8, 0x9c, 0x2,
    0xa1, 0x0, 0xff, 0xe4, 0xb6, 0xc8, 0x7, 0xd8,
    0x20, 0x1f, 0xc2, 0x1, 0xfe, 0x16, 0xb9, 0x0,
    0xf9, 0xfa, 0x44, 0x2, 0x16, 0x6a, 0x0, 0x23,
    0x0, 0x12, 0xce, 0xf4, 0xa0, 0x6, 0x56, 0x0,
    0xcd, 0xd2, 0x20, 0x33, 0x31, 0x0, 0x42, 0x1b,
    0xaa, 0x62, 0x0, 0xe5, 0xca, 0x9e, 0x60, 0xc,
    0xdc, 0xc0, 0x40, 0x1c, 0x80, 0x4, 0x0, 0xf1,
    0x47, 0x51, 0x80, 0x6, 0x79, 0x80, 0x32, 0x83,
    0x80, 0x44, 0xd4, 0x0, 0xa0, 0x9, 0x27, 0x74,
    0xe2, 0x1, 0xe1, 0x9d, 0x50, 0x43, 0xa, 0xff,
    0xb6, 0x44, 0x0, 0x73, 0x9f, 0x6c, 0x40, 0x1f,
    0xf1, 0x56, 0xc8, 0x0,

    /* U+63D0 "提" */
    0x0, 0xcb, 0xff, 0x0, 0x7f, 0xf6, 0xfb, 0xff,
    0xff, 0x88, 0x80, 0x1f, 0xfe, 0x93, 0x55, 0xff,
    0x0, 0x7f, 0xf2, 0xe6, 0xab, 0xfc, 0x1, 0xff,
    0xc3, 0x10, 0xf, 0xfe, 0x76, 0xff, 0xa8, 0x2,
    0xef, 0xf0, 0x80, 0x6a, 0xff, 0xff, 0x0, 0x7f,
    0xfb, 0x51, 0x9b, 0xfc, 0x1, 0xfa, 0x26, 0x4c,
    0x1, 0x4c, 0xc2, 0x1, 0xba, 0x67, 0xfc, 0x1,
    0xf9, 0x59, 0x98, 0x1, 0x33, 0x40, 0x1f, 0xfd,
    0xba, 0xff, 0xff, 0x0, 0x7f, 0xf9, 0x4a, 0x28,
    0x0, 0xa6, 0x7f, 0xfc, 0x47, 0x0, 0xff, 0xb5,
    0xdc, 0x0, 0xbc, 0xcf, 0xfe, 0x21, 0x80, 0x78,
    0xf8, 0x3, 0x8c, 0x3, 0xff, 0x96, 0x31, 0xb8,
    0x80, 0x1c, 0x7f, 0xff, 0xfc, 0x9c, 0x2, 0x72,
    0x0, 0xe7, 0xdf, 0x0, 0xff, 0xe4, 0x88, 0x10,
    0x7, 0xd0, 0x40, 0x1f, 0xfc, 0xc1, 0x1, 0x89,
    0x0, 0xe2, 0xff, 0xfe, 0x80, 0x0, 0xff, 0xfe,
    0xd0, 0x5, 0xf3, 0x98, 0x7, 0xee, 0xdc, 0x20,
    0x8, 0x40, 0x3f, 0xf8, 0x48, 0x1, 0xfe, 0x21,
    0x23, 0x30, 0x7, 0xff, 0x45, 0xc0, 0x2, 0x20,
    0xf, 0xf, 0x77, 0xd0, 0x1, 0xff, 0xc2, 0xd0,
    0x1, 0x0, 0x7e, 0x11, 0xfc, 0x1, 0xff, 0xc2,
    0x50, 0x1, 0x98, 0x3, 0xff, 0xa0, 0x44, 0x0,
    0xbc, 0x3, 0xc3, 0xff, 0xf4, 0x80, 0x7f, 0xf0,
    0x60, 0x3, 0x1d, 0x0, 0x7f, 0xf2, 0xc, 0x3,
    0x8d, 0x40, 0xe, 0x0, 0x5c, 0x40, 0xf, 0xfe,
    0x1c, 0x42, 0x60, 0x3, 0xb8, 0x0, 0x70, 0xe0,
    0x3, 0xb9, 0x0, 0x88, 0xbf, 0x80, 0xa, 0xec,
    0x20, 0x1, 0xa, 0x20, 0x7, 0x84, 0x28, 0x7,
    0x87, 0x77, 0xf8, 0x41, 0xc0, 0x39, 0x19, 0x40,
    0xe, 0x60, 0xa, 0x80, 0xf, 0xfe, 0x10, 0x88,
    0x34, 0x2, 0x26, 0xa6, 0x60, 0x24, 0x0, 0x67,
    0xe9, 0x52, 0x0, 0xff, 0x20, 0x1, 0xff, 0xed,
    0x90, 0x4, 0xdd, 0x80, 0x3c, 0x2d, 0x5b, 0xff,
    0xfe, 0xa0,

    /* U+63E1 "握" */
    0x0, 0xd5, 0xfe, 0x70, 0xf, 0xfe, 0xc7, 0x7f,
    0xff, 0xf1, 0xd0, 0x3, 0xff, 0xc8, 0x45, 0xff,
    0xc2, 0x0, 0xff, 0xe3, 0xf6, 0xef, 0xff, 0x4,
    0x40, 0x39, 0x19, 0xa0, 0x6, 0xb3, 0x0, 0x3f,
    0xf9, 0x91, 0x32, 0x30, 0x2, 0xcc, 0x84, 0x2,
    0xa8, 0x8f, 0xfe, 0x8, 0x80, 0x7f, 0xf1, 0x99,
    0xdf, 0xff, 0x82, 0x1, 0xe7, 0x0, 0xff, 0xea,
    0x5f, 0xf9, 0x40, 0x11, 0xfe, 0x10, 0xb, 0x3f,
    0xff, 0xf8, 0x88, 0x1, 0xff, 0xe5, 0x9a, 0xaf,
    0xfe, 0x1c, 0x80, 0x7f, 0xf1, 0x1d, 0x57, 0xff,
    0x86, 0x80, 0x1f, 0xe1, 0x0, 0xff, 0xe9, 0x66,
    0x40, 0x1d, 0xdf, 0xec, 0x0, 0xa7, 0xfe, 0x68,
    0xff, 0xb4, 0x3, 0x84, 0x0, 0x86, 0x40, 0x20,
    0x1, 0x0, 0x16, 0x80, 0x19, 0x80, 0xb, 0x68,
    0x50, 0xe, 0x28, 0xd4, 0x0, 0xe3, 0x0, 0xe1,
    0xf1, 0x5, 0x90, 0xb, 0x0, 0x14, 0x60, 0x11,
    0x6b, 0x90, 0x6, 0x17, 0x20, 0x8, 0xcb, 0x8,
    0x12, 0xc8, 0x86, 0x86, 0x40, 0xd, 0x10, 0x1,
    0x0, 0x79, 0xba, 0x4, 0x3, 0x41, 0x0, 0x13,
    0xb7, 0x59, 0x76, 0x20, 0x0, 0xe8, 0x4, 0x60,
    0x22, 0x0, 0x70, 0x0, 0x40, 0x21, 0xd0, 0xf,
    0xfe, 0x11, 0xd0, 0x2, 0xaf, 0x90, 0x3, 0x8c,
    0x0, 0x20, 0x8a, 0xcf, 0x12, 0x60, 0x5, 0xcd,
    0xec, 0x0, 0x68, 0x1, 0x90, 0x3, 0xe6, 0x0,
    0x10, 0x1d, 0x4c, 0x3b, 0x30, 0x0, 0x66, 0x21,
    0x3a, 0xb7, 0x0, 0xff, 0x8c, 0x0, 0xc0, 0x1f,
    0xfc, 0x35, 0x40, 0xf, 0xfe, 0x6, 0x80, 0x8,
    0x37, 0xff, 0x94, 0x0, 0xdf, 0xfe, 0x10, 0xf,
    0xf9, 0xc0, 0x18, 0x6, 0x1, 0xff, 0xce, 0x22,
    0x0, 0x14, 0x11, 0x3c, 0x20, 0x1, 0x44, 0xf0,
    0x80, 0x7f, 0x94, 0x0, 0x42, 0x15, 0x77, 0xc8,
    0x0, 0x7b, 0xbf, 0x0, 0x7f, 0xd4, 0x0, 0xa0,
    0xf, 0xfe, 0x4a, 0x21, 0x50, 0x2, 0x42, 0x0,
    0x2c, 0xd5, 0x7c, 0x80, 0x4, 0xaa, 0xf9, 0xc2,
    0xae, 0x84, 0x0, 0x30, 0x0, 0x32, 0x75, 0x5f,
    0x84, 0x0, 0x4a, 0xbf, 0x60, 0x28, 0x7, 0x11,
    0x0, 0x10, 0x1, 0xff, 0xca, 0x30, 0x8, 0xa9,
    0x39, 0xc9, 0x3, 0xfb, 0xbf, 0xf8, 0xd6, 0x11,
    0xff, 0x6a, 0x80, 0x23, 0x40, 0x2, 0x3f, 0xfc,
    0x70,

    /* U+64AD "播" */
    0x0, 0xcb, 0x10, 0x30, 0xf, 0xfe, 0x40, 0x99,
    0x80, 0x3d, 0xce, 0xe4, 0x0, 0xfe, 0x12, 0x34,
    0x67, 0x8a, 0xbd, 0xfe, 0xce, 0x0, 0xff, 0xe0,
    0xde, 0x6f, 0x7f, 0xbb, 0x72, 0xe6, 0x1d, 0x50,
    0x80, 0x22, 0x0, 0xff, 0xe0, 0xb1, 0x90, 0x80,
    0x7f, 0xf0, 0x89, 0x4, 0x3, 0xff, 0x80, 0x20,
    0x18, 0x48, 0xc8, 0x0, 0x33, 0x59, 0x86, 0xed,
    0xb1, 0x0, 0xff, 0xe0, 0x6e, 0x98, 0x23, 0xb7,
    0x20, 0x0, 0x6c, 0xa7, 0x4d, 0xea, 0x1, 0x91,
    0x54, 0xc0, 0xd, 0x55, 0x0, 0xa3, 0x4, 0x18,
    0x7, 0xe3, 0x60, 0x11, 0x0, 0x68, 0xaa, 0x10,
    0x1, 0x6a, 0x82, 0xc, 0x80, 0xd, 0x10, 0xf,
    0xbc, 0x0, 0xc8, 0x1, 0xff, 0xc4, 0xa1, 0x1,
    0x60, 0xf, 0x29, 0x80, 0xc0, 0x7, 0xff, 0x14,
    0x68, 0x25, 0xc0, 0x3c, 0xb2, 0x16, 0x20, 0x1d,
    0xf5, 0x43, 0x0, 0x2d, 0x52, 0xff, 0xeb, 0x9,
    0xff, 0x50, 0x0, 0xbf, 0xd2, 0x15, 0xff, 0x80,
    0x6, 0xaa, 0x70, 0x6, 0xaa, 0x80, 0x3f, 0xfa,
    0xba, 0x89, 0xc4, 0x1, 0xfc, 0x89, 0xe0, 0xf,
    0xf9, 0xee, 0xf4, 0x18, 0x7, 0xf1, 0xdd, 0xf0,
    0x7, 0xed, 0xad, 0x0, 0xd1, 0x82, 0x3, 0x0,
    0x2, 0x50, 0x3, 0xd8, 0x80, 0x7f, 0xca, 0xa2,
    0x0, 0x2e, 0xb8, 0x0, 0xbc, 0x80, 0x2a, 0x50,
    0x2, 0x73, 0x80, 0x71, 0xd2, 0x0, 0x74, 0x6d,
    0x10, 0x1, 0x74, 0x40, 0x3a, 0x9c, 0x2, 0x8d,
    0x60, 0x3d, 0xc5, 0x0, 0xe1, 0x72, 0x0, 0xa6,
    0x80, 0xe, 0xf5, 0x80, 0x22, 0xc4, 0x0, 0x53,
    0x6e, 0x40, 0x1c, 0x9d, 0x80, 0x19, 0x7a, 0x22,
    0xa0, 0x7, 0x44, 0x58, 0xe0, 0x1a, 0x14, 0x3,
    0xd8, 0x25, 0x2, 0x0, 0x57, 0x7f, 0xfe, 0x3,
    0x0, 0xd, 0xc, 0x49, 0xb1, 0x0, 0x39, 0xf0,
    0x3, 0xff, 0x8d, 0xf6, 0x0, 0xd9, 0x30, 0xf,
    0xf0, 0xff, 0xeb, 0x0, 0x1f, 0xfe, 0x10, 0xf,
    0xff, 0xf8, 0x7, 0xf8, 0x7f, 0xf5, 0x80, 0xf,
    0xff, 0x8, 0x7, 0xff, 0xa6, 0x23, 0x30, 0x0,
    0x62, 0x30, 0x7, 0xff, 0x20, 0x5d, 0xf6, 0x80,
    0x9, 0xdf, 0x8, 0x7, 0xf3, 0x80, 0x7f, 0xf4,
    0x5, 0xdd, 0x26, 0x1, 0xfc, 0x33, 0x3b, 0xc0,
    0x5, 0x33, 0x84, 0x3, 0x86, 0x20, 0xc0, 0x10,
    0x80, 0x7c, 0xcd, 0x90, 0x0, 0x2c, 0xd8, 0x3,
    0xe2, 0x0, 0xe4, 0x0, 0xff, 0xe7, 0x38, 0x4,
    0x74, 0x40, 0x1e, 0x1f, 0xff, 0xfe, 0x0, 0x80,
    0x70,

    /* U+653E "放" */
    0x0, 0xfc, 0x6e, 0x40, 0x1f, 0xe5, 0x20, 0xf,
    0xfe, 0x29, 0x7e, 0x45, 0x0, 0x7f, 0x25, 0x6f,
    0xa8, 0x7, 0xff, 0xc, 0x88, 0x0, 0x60, 0xf,
    0xed, 0x0, 0x90, 0x3, 0xff, 0x88, 0x80, 0x1,
    0x30, 0xf, 0xce, 0x0, 0x21, 0x0, 0xff, 0xe2,
    0x68, 0x4, 0x80, 0x1f, 0x18, 0x80, 0x14, 0x3,
    0xfe, 0x14, 0x4e, 0x10, 0xa, 0x91, 0x38, 0x1,
    0x40, 0x15, 0x80, 0x7f, 0xcb, 0x77, 0xd4, 0x1,
    0x15, 0xde, 0xa0, 0x3, 0x0, 0x59, 0xff, 0xfc,
    0x40, 0x1f, 0xfc, 0x66, 0x0, 0xff, 0xea, 0xd8,
    0x7, 0xff, 0x11, 0x33, 0x10, 0x1, 0x66, 0x7f,
    0x29, 0x0, 0xd, 0x9b, 0x84, 0x0, 0x4c, 0xc3,
    0x0, 0x19, 0x88, 0x0, 0x26, 0x7f, 0x8a, 0x0,
    0x2f, 0x99, 0xe3, 0x0, 0x2c, 0xc8, 0x40, 0x31,
    0x80, 0x7f, 0xcc, 0x40, 0x13, 0x80, 0x71, 0x0,
    0x38, 0x3, 0xfc, 0x60, 0x1f, 0xc, 0x0, 0x63,
    0x0, 0xc2, 0x1, 0x28, 0x7, 0xc2, 0x1, 0x8,
    0xfd, 0x62, 0x1, 0xb4, 0x3, 0x28, 0x4, 0x60,
    0x1f, 0xe2, 0xee, 0xf9, 0xc0, 0x39, 0x0, 0x36,
    0x0, 0x8, 0x3, 0xf7, 0x80, 0x7f, 0xa8, 0xc1,
    0xc0, 0x2, 0x40, 0x11, 0x80, 0x1c, 0x3, 0xf0,
    0x80, 0x7f, 0x87, 0xd2, 0xc, 0x0, 0xa0, 0x12,
    0x0, 0x30, 0x3, 0xfe, 0x29, 0x9c, 0x1, 0x19,
    0xac, 0x10, 0x1, 0x40, 0x5, 0x0, 0x90, 0x3,
    0xf1, 0x80, 0x1d, 0x9b, 0x0, 0x42, 0x1, 0x58,
    0x0, 0x8c, 0x3c, 0x0, 0x64, 0x1, 0xf8, 0x40,
    0x6, 0x1, 0xff, 0x19, 0x0, 0x20, 0x54, 0x1,
    0x60, 0x1f, 0xcc, 0x0, 0x10, 0x8, 0x40, 0x27,
    0x0, 0xd4, 0x0, 0x4a, 0x0, 0x98, 0x3, 0xf8,
    0x80, 0x1c, 0x1, 0x18, 0x4, 0x20, 0x19, 0x80,
    0x24, 0x0, 0x28, 0x80, 0x7e, 0x10, 0x8, 0xc0,
    0x3e, 0x30, 0xc, 0x2e, 0x1, 0xd0, 0x1, 0xfc,
    0xa0, 0x13, 0x80, 0x42, 0x1, 0xfd, 0x20, 0x19,
    0x48, 0x3, 0xf8, 0xc0, 0x22, 0x0, 0x9c, 0x2,
    0x10, 0xe, 0x20, 0xc, 0xe0, 0x1f, 0xec, 0x0,
    0x18, 0x6, 0x10, 0xf, 0xc5, 0xa0, 0x18, 0xac,
    0x3, 0xf9, 0x0, 0xa, 0x1, 0x88, 0x3, 0xe3,
    0xc1, 0x0, 0xe4, 0xb0, 0xf, 0x98, 0x2, 0xd0,
    0xd, 0xc0, 0x1, 0x0, 0x93, 0x4, 0x0, 0x52,
    0x1, 0x25, 0x80, 0x7a, 0x80, 0x2, 0x80, 0x1,
    0x56, 0x0, 0x10, 0x1, 0xec, 0x2, 0x1c, 0x68,
    0x0, 0x93, 0x44, 0x2, 0x43, 0x0, 0x32, 0x7f,
    0xba, 0x80, 0x26, 0x1b, 0x80, 0x8, 0x70, 0x41,
    0xdc, 0x1, 0x17, 0xa8, 0x2, 0x40, 0x29, 0x60,
    0xf, 0x8f, 0x90, 0x2, 0x2f, 0x20, 0xa, 0x1c,
    0x2, 0x1a, 0x21, 0x0, 0x98, 0x48, 0x3, 0xcb,
    0x4, 0x1, 0x26, 0x8, 0x7, 0x44, 0x0, 0x25,
    0x21, 0xc3, 0x8, 0x0, 0x4c, 0x45, 0x39, 0x43,
    0xc0, 0x6, 0xb1, 0x0, 0xf9, 0xec, 0x45, 0x60,
    0x1, 0xca, 0x10, 0x3, 0x3b, 0xcc, 0x60, 0x3,
    0x9a, 0x90, 0xf, 0xf2, 0x7d, 0x8, 0x0,

    /* U+6570 "数" */
    0x0, 0xfc, 0x24, 0x41, 0x0, 0xff, 0x20, 0x80,
    0x7f, 0xf0, 0x44, 0x40, 0x14, 0x6e, 0xa4, 0x2,
    0x21, 0x0, 0xc7, 0x7d, 0xa2, 0x1, 0xfe, 0x5e,
    0xa0, 0xf, 0xf7, 0xf9, 0x40, 0x24, 0x0, 0x18,
    0x80, 0x7f, 0xa4, 0x11, 0x80, 0x3f, 0x41, 0xc,
    0x0, 0x58, 0x0, 0x40, 0xf, 0xfb, 0x80, 0x12,
    0x40, 0x1e, 0x37, 0x0, 0x70, 0x4, 0x80, 0xf,
    0x0, 0xff, 0x8a, 0x40, 0x1c, 0x1, 0xc3, 0xa0,
    0x8, 0x30, 0x2, 0x80, 0x4a, 0x1, 0xff, 0xc0,
    0x63, 0x6, 0x10, 0xc, 0x66, 0x3, 0x70, 0xb,
    0x80, 0x2e, 0xef, 0xda, 0x1, 0xdd, 0x74, 0x20,
    0x18, 0xb5, 0xb4, 0x2, 0x14, 0x0, 0x84, 0x7f,
    0x10, 0x2, 0x7b, 0x99, 0x5d, 0xc6, 0x0, 0x3f,
    0x71, 0xff, 0xb8, 0x2c, 0x1, 0xff, 0xc3, 0x31,
    0x1f, 0x0, 0x61, 0x1f, 0x1d, 0x0, 0x9, 0x13,
    0x8, 0x0, 0x91, 0x40, 0x3f, 0xf8, 0xea, 0x40,
    0x8, 0xbb, 0xc4, 0x0, 0xab, 0xa0, 0x5, 0x7f,
    0xea, 0x0, 0xc9, 0xdf, 0xfd, 0x60, 0x11, 0x80,
    0x62, 0x0, 0x10, 0x7, 0xe7, 0xa0, 0xc, 0x9d,
    0x2, 0x0, 0x53, 0x0, 0xbc, 0x3, 0x8, 0x1,
    0x80, 0x3c, 0x37, 0x0, 0x1, 0x0, 0xcf, 0xce,
    0x12, 0x1, 0x88, 0x2, 0x30, 0x8, 0x80, 0x39,
    0xb9, 0x0, 0x10, 0xe0, 0x2, 0x0, 0xa3, 0x5c,
    0x3, 0x28, 0x4, 0xa0, 0x1, 0x10, 0x6, 0xd9,
    0x0, 0xa9, 0xc0, 0x25, 0xe5, 0x0, 0x16, 0x8a,
    0x0, 0x4, 0x40, 0xf, 0x0, 0x28, 0x7, 0x30,
    0x0, 0xb1, 0x40, 0x38, 0x6a, 0xc4, 0x9a, 0xe5,
    0x0, 0x8, 0x0, 0x40, 0x1, 0x80, 0x74, 0x3,
    0xe9, 0xa5, 0xf6, 0x7c, 0x0, 0x13, 0xb8, 0xa,
    0x46, 0x0, 0xf0, 0x12, 0x0, 0x68, 0x7, 0x1e,
    0xc0, 0x3, 0x92, 0x3c, 0x3, 0xc6, 0x1, 0x60,
    0x1, 0x1, 0xc0, 0x24, 0x0, 0xe1, 0x31, 0x11,
    0x28, 0x1, 0x4, 0x7e, 0x0, 0x90, 0x0, 0x29,
    0xa0, 0x4, 0x10, 0xe, 0xfe, 0xeb, 0x40, 0x27,
    0xee, 0xf8, 0x40, 0x25, 0x0, 0x42, 0x0, 0x34,
    0x3, 0xff, 0x9d, 0xc0, 0x3, 0x0, 0x9c, 0x3,
    0xc8, 0x66, 0x10, 0x8, 0xcf, 0x84, 0x2, 0x10,
    0x9, 0x4, 0x3, 0x30, 0x80, 0x7a, 0xb3, 0x44,
    0x0, 0xb9, 0x9c, 0x60, 0x5, 0x0, 0xe9, 0x0,
    0xd6, 0x1, 0xfd, 0x0, 0x17, 0x0, 0x67, 0x20,
    0x4, 0x0, 0x70, 0x80, 0x42, 0x60, 0x1f, 0x89,
    0x80, 0x2b, 0xa3, 0x4, 0x80, 0x3, 0x90, 0x6,
    0x29, 0x0, 0x87, 0x40, 0x3f, 0x16, 0x20, 0x4,
    0xb9, 0x8b, 0x0, 0x1c, 0x0, 0x61, 0xf0, 0xe,
    0x3a, 0x0, 0xfc, 0x77, 0xaa, 0x1, 0x18, 0x5,
    0xa0, 0x18, 0x70, 0x80, 0x8, 0x20, 0x5, 0xa0,
    0xf, 0xe2, 0xb5, 0x0, 0xf6, 0x28, 0x0, 0x70,
    0x80, 0x7, 0x74, 0x1, 0x2d, 0x88, 0x7, 0x96,
    0xf9, 0x40, 0x3c, 0x55, 0x7, 0xe4, 0x0, 0x2d,
    0x4, 0x80, 0x9, 0x30, 0x80, 0xb, 0x5f, 0x48,
    0x1, 0x15, 0xe1, 0x80, 0x5f, 0x82, 0x0, 0x2c,
    0x10, 0x3, 0xb0, 0x4, 0x58, 0x0, 0xa5, 0x0,
    0xc5, 0x5a, 0x87, 0x96, 0x4d, 0x80, 0x11, 0x60,
    0x80, 0x69, 0x60, 0xa, 0x0, 0xe, 0x1, 0x25,
    0xea, 0x80, 0x64, 0xd9, 0xa1, 0x3, 0xc1, 0x0,
    0xf4, 0xb8, 0x13, 0x0, 0x25, 0x27, 0xad, 0x0,
    0x3f, 0x87, 0x57, 0x4, 0x3, 0xf4, 0x4c, 0x80,
    0x0,

    /* U+6574 "整" */
    0x0, 0xfc, 0xce, 0xe1, 0x0, 0xfe, 0x3a, 0x74,
    0x0, 0xff, 0xe2, 0xdc, 0x40, 0xc0, 0x3f, 0xa5,
    0x62, 0x0, 0x1f, 0xe6, 0x77, 0xf1, 0x80, 0x2d,
    0xdf, 0xc0, 0x1, 0x50, 0x4, 0x80, 0x7f, 0xaa,
    0x23, 0xc2, 0x0, 0x68, 0x8f, 0x0, 0x24, 0x2,
    0xd7, 0x7f, 0x98, 0x3, 0xff, 0x92, 0xc0, 0x13,
    0xc4, 0x7e, 0x0, 0x67, 0xff, 0x88, 0x1, 0xbf,
    0xfe, 0x9, 0x10, 0xf, 0xfe, 0x18, 0x91, 0x71,
    0x80, 0x18, 0x8b, 0x80, 0xd8, 0x0, 0xf5, 0x59,
    0xc0, 0x5, 0x54, 0x0, 0xab, 0x77, 0x84, 0x1,
    0x7b, 0xbc, 0x3a, 0x1, 0x95, 0x70, 0x80, 0x15,
    0x48, 0x1, 0xff, 0xc6, 0xd1, 0x0, 0x9c, 0x40,
    0x2, 0xc0, 0xa, 0x0, 0xfd, 0xff, 0x10, 0x3,
    0x7f, 0xca, 0x0, 0x60, 0x1, 0x80, 0x2c, 0x1,
    0x0, 0x4, 0x20, 0xf, 0xfe, 0x45, 0x93, 0x60,
    0x82, 0xba, 0x30, 0x3, 0xc0, 0x3f, 0xb3, 0x22,
    0x0, 0x7e, 0x61, 0x0, 0x3, 0x92, 0x10, 0x0,
    0x8a, 0x0, 0x2a, 0x0, 0x7f, 0x19, 0xc0, 0x11,
    0x19, 0x84, 0x2, 0x10, 0x3, 0x28, 0x0, 0x40,
    0x6c, 0x3, 0xef, 0x99, 0x90, 0x3, 0x2c, 0xcf,
    0x0, 0x76, 0x80, 0x63, 0x20, 0xf, 0x91, 0x99,
    0xc8, 0x1, 0x96, 0xc1, 0x9a, 0x0, 0x8f, 0x20,
    0x3, 0x16, 0x48, 0x80, 0x78, 0xf1, 0xc1, 0x4,
    0x2, 0x29, 0xe8, 0x10, 0x3a, 0xc3, 0x0, 0x1b,
    0x0, 0x4d, 0xd4, 0x60, 0x1, 0x9c, 0x30, 0x4b,
    0x30, 0x4, 0x10, 0xb, 0xd3, 0xe2, 0x80, 0x4f,
    0x93, 0x64, 0x1, 0x2f, 0x80, 0xf3, 0x0, 0x1a,
    0xc0, 0x32, 0xed, 0x10, 0x73, 0x0, 0x47, 0x90,
    0x0, 0x4d, 0x80, 0xa, 0x40, 0x58, 0x1, 0x52,
    0x1, 0xf2, 0xec, 0xa8, 0xc1, 0x56, 0x18, 0x7,
    0x3f, 0x39, 0xa8, 0x2, 0x5b, 0x54, 0x2, 0xdf,
    0xf1, 0x0, 0x4c, 0x0, 0x6d, 0x50, 0xf, 0xc3,
    0x18, 0x1, 0xa7, 0x7f, 0xff, 0xf8, 0x5d, 0xff,
    0xff, 0x60, 0x7, 0xff, 0x71, 0x13, 0xff, 0x80,
    0x40, 0x12, 0x27, 0xff, 0x0, 0x3, 0xd7, 0x7f,
    0xfc, 0x5, 0x0, 0xae, 0xff, 0xe8, 0x0, 0xfe,
    0xbd, 0xd3, 0x0, 0x7f, 0xf4, 0x94, 0x88, 0x20,
    0x1f, 0xdf, 0xff, 0xe5, 0x0, 0xff, 0xf6, 0xbb,
    0xff, 0xc0, 0x1f, 0xfc, 0xb8, 0x8f, 0xf1, 0x0,
    0x7f, 0xf0, 0x7c, 0x3, 0xff, 0x9b, 0xdf, 0xf8,
    0x40, 0xf, 0xff, 0xce, 0x1, 0x7f, 0xff, 0xf0,
    0x60, 0x3, 0xff, 0xb0, 0xea, 0xbf, 0xfd, 0x2d,
    0x0,

    /* U+65AD "断" */
    0x0, 0xfc, 0x9f, 0xea, 0x0, 0xff, 0xe1, 0x93,
    0xa0, 0x2, 0xf3, 0xa, 0x1, 0xff, 0xc7, 0x26,
    0xae, 0xd8, 0xf0, 0x2, 0x99, 0xe9, 0x0, 0xfc,
    0x92, 0x40, 0x6d, 0x17, 0xdb, 0x2a, 0x20, 0x4,
    0x0, 0xec, 0xc3, 0x18, 0x7, 0xde, 0xd8, 0x79,
    0x2e, 0x82, 0x1, 0xf1, 0x0, 0x6c, 0x20, 0x90,
    0xf, 0x12, 0x4, 0x80, 0x7f, 0x13, 0x5f, 0x90,
    0x7, 0x58, 0x29, 0x0, 0x74, 0x0, 0x18, 0x3,
    0xa, 0x3d, 0x76, 0xca, 0x0, 0x7c, 0xc0, 0xb,
    0x0, 0xc4, 0xa0, 0xc2, 0x1, 0xb2, 0xe1, 0x44,
    0x3, 0xfe, 0x70, 0x61, 0x0, 0xac, 0x1, 0x0,
    0x1f, 0xfc, 0x9a, 0x0, 0x60, 0x0, 0x58, 0x14,
    0x40, 0x3f, 0xf9, 0x24, 0xf9, 0xa0, 0x1, 0xe7,
    0x80, 0xf, 0xfe, 0x5c, 0x18, 0x6, 0x18, 0x20,
    0xf, 0xfe, 0x4e, 0xf7, 0x54, 0x0, 0x5e, 0xec,
    0x20, 0x1b, 0xf7, 0x7f, 0x80, 0x38, 0xc4, 0x70,
    0x4, 0x23, 0x80, 0x38, 0x8b, 0xfc, 0x1, 0xff,
    0xd9, 0x88, 0xc0, 0x11, 0xc4, 0x61, 0x0, 0xc8,
    0x91, 0x80, 0x48, 0x90, 0x7, 0x33, 0xb8, 0x80,
    0x26, 0x77, 0xc0, 0x1d, 0x37, 0x69, 0x0, 0xd,
    0xdc, 0x1, 0xfa, 0x0, 0x24, 0x20, 0xf, 0xfe,
    0x6b, 0x10, 0x4, 0x3a, 0xa0, 0x1f, 0x18, 0x7,
    0xff, 0xc, 0xa4, 0x3, 0xd5, 0x0, 0x7, 0x0,
    0xff, 0xe3, 0xf0, 0x1, 0x0, 0x39, 0xec, 0x4,
    0x2, 0x10, 0xf, 0xfe, 0x15, 0x18, 0x17, 0x80,
    0x15, 0xc0, 0x9, 0x6, 0x1, 0xff, 0xc5, 0x85,
    0x0, 0x48, 0x6, 0x89, 0x1, 0x9e, 0x0, 0x10,
    0x7, 0xff, 0x9, 0x0, 0xc, 0x80, 0x1c, 0xd5,
    0x41, 0x20, 0x3, 0x0, 0x7f, 0xf0, 0xb0, 0xcd,
    0x20, 0x1f, 0x2a, 0x3, 0x80, 0xc, 0x3, 0xff,
    0x87, 0xfa, 0x1, 0xff, 0x10, 0x3, 0x80, 0x3f,
    0xf8, 0x66, 0x20, 0x1f, 0xe4, 0x0, 0x90, 0x3,
    0xff, 0x8e, 0xce, 0xef, 0x0, 0xda, 0x0, 0x12,
    0x0, 0xff, 0xe1, 0x63, 0x36, 0x4e, 0xe1, 0xb3,
    0x8, 0x18, 0x0, 0xe0, 0x1f, 0xfc, 0x35, 0x99,
    0xff, 0x23, 0x0, 0x54, 0x1, 0xff, 0xcf, 0x80,
    0x1, 0x18, 0x7, 0xff, 0x3a, 0x84, 0x1, 0x0,
    0x1f, 0xfc, 0x1e, 0xff, 0xff, 0xe1, 0x30, 0x12,
    0x80, 0x7f, 0xf3, 0xce, 0x7f, 0xc0, 0x1e, 0x5f,
    0xf7, 0x0, 0x60,

    /* U+65B0 "新" */
    0x0, 0xf8, 0x96, 0x1c, 0x3, 0xff, 0xa3, 0x14,
    0xf0, 0x20, 0x1f, 0xfc, 0x51, 0x61, 0x0, 0xfd,
    0xe0, 0x12, 0x0, 0x7f, 0xf0, 0x91, 0xf3, 0xa5,
    0x80, 0x21, 0x1e, 0x70, 0xb, 0x84, 0x78, 0x0,
    0x26, 0xaf, 0x5b, 0xf7, 0x6, 0x0, 0xb0, 0xb,
    0xbb, 0xb4, 0x2, 0x4e, 0xee, 0x40, 0xfc, 0xa8,
    0x52, 0x0, 0xf1, 0x0, 0x7f, 0xf4, 0x45, 0xab,
    0x80, 0x3f, 0xf9, 0xa6, 0xd3, 0xbd, 0x2a, 0x1,
    0xbf, 0xc6, 0x0, 0xdf, 0xfc, 0x80, 0xa, 0xf4,
    0x0, 0xcf, 0xf9, 0x2c, 0x40, 0x1f, 0xc8, 0x0,
    0x40, 0xc, 0x80, 0x4, 0x0, 0xff, 0xe4, 0xe8,
    0x3, 0x0, 0x23, 0x0, 0x10, 0x80, 0x7f, 0xf2,
    0x50, 0x0, 0x80, 0x15, 0x80, 0x14, 0x3, 0xff,
    0x90, 0x22, 0x1, 0x1, 0x31, 0x12, 0x80, 0x30,
    0x46, 0x0, 0xff, 0xe2, 0x7f, 0x74, 0x20, 0xc,
    0xee, 0x10, 0x2, 0xfb, 0xa0, 0xc, 0x6c, 0xdf,
    0xca, 0x1, 0xff, 0xca, 0x49, 0x9f, 0xeb, 0x0,
    0xff, 0xeb, 0x7f, 0xfc, 0x60, 0x9, 0xff, 0xf0,
    0x7, 0xff, 0x8, 0xc0, 0x3f, 0xf8, 0xe2, 0x0,
    0x7f, 0xf8, 0x40, 0x13, 0xfe, 0xd0, 0xf, 0xfe,
    0xb2, 0x7f, 0xf8, 0xc0, 0x13, 0xff, 0xcc, 0x1,
    0xbc, 0x3, 0xff, 0x9e, 0x20, 0x1f, 0xfd, 0x91,
    0x0, 0xff, 0x93, 0x33, 0xc4, 0x0, 0x7c, 0xce,
    0x62, 0x0, 0x8c, 0x3, 0xff, 0x80, 0x65, 0xc,
    0x66, 0x10, 0x7, 0x1b, 0xd1, 0x98, 0x44, 0x1,
    0x8, 0x7, 0xff, 0x5, 0x92, 0xa8, 0x1, 0xd1,
    0x6c, 0xc0, 0x3, 0x0, 0x4e, 0x1, 0xff, 0xc1,
    0xa0, 0x7, 0x80, 0x77, 0x0, 0x24, 0x83, 0x40,
    0x23, 0x0, 0xff, 0xe0, 0x21, 0x0, 0xa8, 0x7,
    0x32, 0x0, 0x38, 0xc, 0x0, 0x20, 0x1f, 0xfc,
    0x18, 0x0, 0x48, 0x7, 0xd4, 0x0, 0x38, 0x40,
    0x2, 0x0, 0x7f, 0xf0, 0x14, 0xc0, 0x5c, 0x3,
    0xe1, 0x90, 0x3e, 0x0, 0xb0, 0x3, 0xff, 0x81,
    0x0, 0x9, 0x0, 0xfe, 0x69, 0xcd, 0x0, 0x90,
    0x3, 0xfe, 0x11, 0x0, 0xa2, 0xa9, 0x8c, 0x3,
    0xcc, 0x48, 0x0, 0x32, 0x0, 0xff, 0x87, 0x26,
    0xd6, 0xa9, 0x20, 0x11, 0x80, 0x69, 0x0, 0xa4,
    0x3, 0xff, 0x84, 0xca, 0xa0, 0xf, 0x20, 0x4,
    0x68, 0x0, 0x25, 0x0, 0xff, 0xe2, 0x18, 0x6,
    0x3b, 0x10, 0x8, 0xec, 0xc2, 0xc0, 0x3f, 0xf8,
    0xdf, 0xfb, 0x10, 0x3, 0x93, 0x2d, 0x80, 0x3d,
    0xfd, 0xc6, 0x0, 0x80,

    /* U+65E0 "无" */
    0x0, 0x14, 0xcf, 0xff, 0x39, 0x80, 0x33, 0x37,
    0xff, 0x3f, 0x40, 0x3f, 0xfe, 0x62, 0x1, 0x93,
    0xff, 0xfc, 0xe0, 0x15, 0x7f, 0xff, 0xd4, 0x1,
    0xff, 0xc3, 0x10, 0x8, 0x40, 0x3f, 0xfd, 0xe6,
    0x1, 0xff, 0xd3, 0x10, 0x9, 0xc0, 0x3f, 0xf9,
    0xee, 0x1, 0x10, 0x7, 0xff, 0x8, 0xe6, 0x7f,
    0xf8, 0x6, 0x1, 0x44, 0xcf, 0xff, 0x5, 0xd5,
    0x9b, 0xff, 0x80, 0x1, 0x99, 0xbf, 0xf8, 0x54,
    0x1, 0xff, 0xf4, 0x6f, 0xff, 0xf9, 0x0, 0x2a,
    0xff, 0xff, 0xe1, 0x68, 0x7, 0xff, 0x1, 0x0,
    0x24, 0x0, 0xff, 0xe7, 0x28, 0x4, 0x73, 0x99,
    0x0, 0x7f, 0xf2, 0xf8, 0x2, 0xb3, 0x3c, 0x1,
    0xff, 0xca, 0x34, 0x0, 0x98, 0x3, 0xff, 0x9d,
    0xe0, 0x12, 0x88, 0x7, 0xff, 0x35, 0x8c, 0x2,
    0x80, 0xf, 0xfe, 0xf, 0x5c, 0x18, 0x7, 0xe3,
    0x90, 0x9, 0x88, 0x3, 0xff, 0x82, 0x28, 0xf2,
    0x1, 0xf1, 0x68, 0x4, 0x32, 0x1, 0xff, 0xcc,
    0x1f, 0x10, 0xa, 0x80, 0x3f, 0xf8, 0x42, 0x1,
    0x18, 0x7, 0x1f, 0x90, 0x5, 0x28, 0x1, 0xff,
    0xc6, 0x10, 0xc, 0xb8, 0x20, 0x13, 0xb0, 0x7,
    0xe2, 0x0, 0xf2, 0x80, 0x78, 0x6a, 0x80, 0x19,
    0xe0, 0x3, 0x84, 0x2, 0x82, 0x0, 0x84, 0xe0,
    0x2, 0xf0, 0x5f, 0x50, 0xd, 0x10, 0x0, 0xf1,
    0x0, 0x4b, 0xbf, 0xf7, 0x61, 0x80, 0x44, 0xd4,
    0x20, 0x10, 0xdb, 0x80, 0x7d, 0x60, 0x1f, 0xfc,
    0x25, 0x63, 0x0, 0x8f, 0xd0, 0x3, 0xf1, 0xb8,
    0x7, 0xff, 0x2, 0x80, 0x1a, 0x21, 0x18, 0x20,
    0x1f, 0xe8, 0xd9, 0x77, 0xfa, 0x2b, 0x94, 0x0,
    0x3b, 0xa7, 0x0, 0xff, 0xe0, 0x93, 0x44, 0x7c,
    0xea, 0x20, 0x0,

    /* U+65F6 "时" */
    0x0, 0xff, 0xe5, 0x8b, 0xbc, 0x60, 0x1f, 0xfc,
    0xf2, 0x88, 0x90, 0x3, 0x9, 0x17, 0xfc, 0x1,
    0xff, 0xc8, 0x6d, 0xdf, 0xf8, 0xc0, 0x3f, 0xff,
    0xe0, 0x1f, 0xfc, 0x9, 0x9d, 0x0, 0x1f, 0xfc,
    0xe1, 0x66, 0xe0, 0xc, 0xb5, 0x5f, 0xd0, 0x1,
    0x5d, 0x54, 0x1, 0xff, 0xc2, 0xc5, 0x5f, 0xe4,
    0x0, 0x8d, 0x56, 0x10, 0xf, 0xff, 0xf8, 0x2,
    0x7f, 0xff, 0xb0, 0x2, 0x8f, 0xf8, 0x40, 0x3f,
    0xfc, 0x63, 0x22, 0x1, 0xff, 0xc5, 0x16, 0x6e,
    0x0, 0xe6, 0xf6, 0xb0, 0xf, 0xfe, 0x34, 0xce,
    0x80, 0xe, 0xf1, 0x5, 0x30, 0xf, 0xfe, 0x7c,
    0x0, 0x5e, 0x1, 0xff, 0xcf, 0x18, 0x0, 0x1b,
    0x0, 0x7f, 0xf0, 0xc7, 0xff, 0x70, 0x7, 0x9c,
    0x40, 0x10, 0x1, 0xff, 0xd0, 0xb0, 0x0, 0xc0,
    0x7, 0xff, 0x3d, 0x48, 0x0, 0xe2, 0x1, 0xff,
    0xcf, 0x90, 0x9, 0x0, 0x3f, 0xf9, 0xe8, 0x69,
    0xaa, 0x1, 0xff, 0xd0, 0xcb, 0x20, 0xf, 0xff,
    0xf8, 0x4, 0x3f, 0xfb, 0x80, 0x3f, 0xff, 0xe0,
    0x12, 0x0, 0x42, 0x1, 0xf9, 0xdf, 0xf1, 0x0,
    0x47, 0x77, 0xdb, 0x0, 0x11, 0x80, 0x7c, 0x31,
    0x1f, 0x84, 0x3, 0x22, 0x71, 0x0, 0x64, 0x0,
    0xff, 0xe4, 0x18, 0x7, 0xf2, 0x88, 0x6, 0x7f,
    0xf7, 0x0, 0x7f, 0xf0, 0x4c, 0x3, 0x84, 0xe6,
    0x80, 0x38,

    /* U+660E "明" */
    0x14, 0x4f, 0xf8, 0x2, 0x9e, 0xef, 0xfe, 0xb,
    0x25, 0xdf, 0xfc, 0x1, 0x18, 0x8f, 0xff, 0x8,
    0x3, 0xff, 0xca, 0xef, 0xe6, 0x0, 0xf8, 0x77,
    0x75, 0x0, 0x7f, 0xc, 0x47, 0xc0, 0x1f, 0x88,
    0xb3, 0x0, 0x7f, 0xff, 0xc0, 0x3f, 0xfd, 0x43,
    0xdd, 0xef, 0x0, 0xff, 0xe5, 0x88, 0xfc, 0x1,
    0xf0, 0xbb, 0xea, 0x0, 0xff, 0xe6, 0xc4, 0x66,
    0x0, 0xff, 0x4c, 0xfa, 0x0, 0x3f, 0xf9, 0x42,
    0xcd, 0xf0, 0x7, 0xff, 0x64, 0x7f, 0xf6, 0x0,
    0x78, 0x40, 0x3f, 0xfa, 0x86, 0x1, 0xff, 0xce,
    0x70, 0x1, 0xaa, 0xf9, 0xc0, 0x3f, 0xf8, 0xe2,
    0x0, 0x1a, 0xaf, 0x48, 0x7, 0xff, 0x1c, 0xc0,
    0x3f, 0xfa, 0x22, 0x1, 0xff, 0xd0, 0x40, 0xa,
    0xbf, 0xfd, 0xc0, 0x1f, 0xb, 0x36, 0xb0, 0xe,
    0x30, 0x9, 0x0, 0x3f, 0xf8, 0x73, 0x39, 0xc0,
    0x3a, 0x80, 0x2, 0x20, 0xf, 0xfe, 0x62, 0x90,
    0x1, 0xc0, 0x3f, 0xf9, 0x83, 0x60, 0x15, 0x80,
    0x7f, 0xf0, 0xc7, 0xff, 0xf5, 0x8, 0x1, 0x8,
    0x3, 0xe5, 0x0, 0x84, 0x3, 0xfe, 0x94, 0x0,
    0xa4, 0x2, 0x7a, 0xaa, 0xec, 0x1, 0x1b, 0xbd,
    0x20, 0x1e, 0x86, 0x0, 0xa0, 0x80, 0x2e, 0x55,
    0x90, 0x3, 0x31, 0x44, 0x1c, 0x3, 0x8d, 0xc0,
    0x24, 0x70, 0xd, 0xe0, 0x1f, 0x19, 0x80, 0x3f,
    0x8f, 0x4, 0xe, 0xc0, 0x39, 0x40, 0x38, 0x9f,
    0x40, 0x3f, 0xe3, 0xf5, 0xd0, 0xf, 0x1f, 0xff,
    0x6c, 0x8, 0x0,

    /* U+663E "显" */
    0x0, 0x84, 0x8b, 0xff, 0x98, 0x20, 0x1e, 0x9d,
    0xdf, 0xfe, 0x65, 0x0, 0x7f, 0xff, 0xbb, 0xff,
    0xff, 0x8a, 0x20, 0x1f, 0xfe, 0x18, 0x99, 0xff,
    0xe2, 0x88, 0x7, 0xff, 0x5, 0x9b, 0xff, 0x8c,
    0x1, 0xff, 0xe2, 0xef, 0xff, 0xfe, 0x28, 0x80,
    0x7f, 0xff, 0xc0, 0x1d, 0xff, 0xff, 0xc5, 0x10,
    0xf, 0xff, 0xec, 0x77, 0x79, 0x80, 0x2d, 0xee,
    0x88, 0x0, 0x7d, 0xde, 0xa0, 0xf, 0xc2, 0x3e,
    0x0, 0x88, 0x46, 0x0, 0x9c, 0x47, 0x90, 0xc0,
    0x38, 0xaf, 0x0, 0x3f, 0xf9, 0x23, 0x5b, 0x2,
    0x0, 0x3d, 0x42, 0x90, 0xf, 0xfe, 0x44, 0x80,
    0x1d, 0x0, 0x6, 0x40, 0x6, 0x40, 0xf, 0xfe,
    0x31, 0x38, 0x0, 0x94, 0x2, 0xe0, 0xa, 0x84,
    0x3, 0xff, 0x8b, 0x0, 0x14, 0x80, 0x63, 0x70,
    0x0, 0xd8, 0x7, 0xff, 0x11, 0x14, 0x0, 0x88,
    0x0, 0xe8, 0x20, 0x2, 0xa0, 0x7, 0xff, 0xe,
    0x40, 0x29, 0x0, 0xfa, 0x40, 0x29, 0x0, 0xff,
    0xe1, 0x41, 0x0, 0x20, 0x80, 0x3e, 0x45, 0x0,
    0x30, 0x80, 0x7f, 0xf0, 0x5, 0xc0, 0x4, 0xe0,
    0x1f, 0xd6, 0x11, 0x62, 0x1, 0xff, 0xc0, 0x1e,
    0x50, 0xe0, 0xf, 0xf0, 0xf3, 0x80, 0x7f, 0xf0,
    0xc6, 0xb8, 0xc0, 0x3f, 0xe1, 0x0, 0xff, 0xe3,
    0x8, 0x7, 0xab, 0xff, 0xf9, 0xc0, 0x2f, 0xfc,
    0x40, 0x4, 0xff, 0xfe, 0xe1, 0x0, 0xff, 0xf9,
    0xfd, 0x57, 0xff, 0x4a, 0xc0,

    /* U+666F "景" */
    0x0, 0xc2, 0x3f, 0xfc, 0xc0, 0xf, 0xab, 0xbb,
    0xff, 0x99, 0x20, 0x1f, 0xfd, 0xd2, 0xaa, 0xff,
    0xe3, 0x10, 0x7, 0xff, 0x1, 0x95, 0x7f, 0xf8,
    0xc2, 0x1, 0xff, 0xc0, 0x4f, 0xff, 0xfe, 0x31,
    0x80, 0x7f, 0xf8, 0xf, 0x77, 0xff, 0x8c, 0x60,
    0x1f, 0xfc, 0x13, 0x3f, 0xfe, 0x30, 0x7, 0xff,
    0x4, 0xfb, 0xbf, 0xf8, 0xc6, 0x1, 0xff, 0xdd,
    0x8b, 0xbf, 0xe9, 0x0, 0x8e, 0xef, 0xfe, 0x0,
    0xf1, 0x22, 0x7f, 0x31, 0x0, 0xd, 0x51, 0x3f,
    0x88, 0x2, 0x9a, 0xaf, 0xfe, 0x8, 0x6, 0xaa,
    0xff, 0xe0, 0xcb, 0xaa, 0xff, 0xf0, 0x48, 0x2,
    0x45, 0x5f, 0xfe, 0x3, 0x80, 0x7f, 0xf4, 0xcf,
    0xbf, 0xff, 0xfa, 0x5a, 0x1, 0x8d, 0x57, 0xff,
    0x94, 0x60, 0x1f, 0xbe, 0xab, 0xff, 0x95, 0xe0,
    0x1f, 0xfd, 0xf5, 0xff, 0xff, 0xe2, 0x20, 0x7,
    0xff, 0x89, 0xe2, 0x3f, 0xf8, 0x8a, 0x1, 0xff,
    0xc2, 0x27, 0x7f, 0xfe, 0x20, 0x80, 0x7f, 0xce,
    0x1, 0xff, 0xca, 0x70, 0xf, 0xd7, 0xfe, 0xe6,
    0x2f, 0xfd, 0x80, 0x14, 0xff, 0xb0, 0xa3, 0xbf,
    0xd6, 0x1, 0xfc, 0x31, 0xcc, 0x52, 0x1, 0xfe,
    0x82, 0x8e, 0x92, 0x0, 0xfc, 0x75, 0xce, 0x1,
    0x18, 0x4, 0xe0, 0x1c, 0x2a, 0x1, 0x36, 0xda,
    0x0, 0x42, 0xd9, 0x85, 0x0, 0x8e, 0x60, 0x88,
    0x90, 0x1, 0x18, 0xf, 0x51, 0x80, 0x49, 0x78,
    0xa1, 0x72, 0x60, 0x11, 0xde, 0x6e, 0xeb, 0x30,
    0x8, 0x40, 0x25, 0xcc, 0x28, 0x4, 0x74, 0xb2,
    0x1, 0x2e, 0x61, 0x3, 0x0, 0x3e, 0x24, 0x0,
    0xe3, 0xad, 0x60, 0x1, 0xa9, 0xab, 0xf5, 0x18,
    0x4, 0x80, 0x1c, 0x4d, 0x80, 0x1f, 0x8a, 0x75,
    0x7c, 0x0,

    /* U+6682 "暂" */
    0x0, 0xf3, 0xd3, 0x98, 0x7, 0xff, 0x42, 0x56,
    0x10, 0x3, 0xff, 0x86, 0x26, 0xf5, 0x80, 0x1f,
    0x38, 0x80, 0x18, 0x3, 0xf1, 0x1a, 0xbc, 0xdf,
    0x73, 0x21, 0x4c, 0x81, 0x3f, 0xf4, 0x0, 0x5d,
    0xff, 0xe0, 0xdd, 0x65, 0x43, 0x20, 0x80, 0x72,
    0x80, 0x7f, 0xf4, 0xd, 0xe9, 0x81, 0xcc, 0xc4,
    0x1, 0x11, 0x9f, 0xc8, 0x1, 0x84, 0xda, 0x2b,
    0x7f, 0x21, 0x44, 0xf, 0x30, 0x80, 0x3, 0xd8,
    0x8b, 0x33, 0x58, 0x6, 0xbc, 0x97, 0x52, 0x0,
    0xfc, 0x6c, 0x0, 0xf1, 0xbb, 0x80, 0x3f, 0xf9,
    0x7c, 0x0, 0x73, 0x0, 0xff, 0xe0, 0xea, 0xaf,
    0xf9, 0x1, 0xc8, 0x0, 0xff, 0xc0, 0x17, 0xfe,
    0x50, 0xc, 0xf5, 0x5f, 0xe8, 0xf, 0x0, 0xff,
    0xe9, 0xe3, 0x37, 0x28, 0x4, 0xcd, 0xc0, 0x60,
    0x5, 0x66, 0x94, 0x2, 0x66, 0xa8, 0x12, 0x67,
    0xc0, 0x14, 0xce, 0x30, 0xd, 0x33, 0xb8, 0x2,
    0x99, 0x98, 0x3, 0xc2, 0xc0, 0x13, 0xc4, 0xd3,
    0x0, 0x80, 0x8, 0x3, 0xfe, 0x9d, 0xee, 0x7f,
    0xba, 0x80, 0x28, 0x76, 0x5e, 0x50, 0x0, 0x88,
    0x3, 0xfe, 0x22, 0x8, 0x80, 0x3f, 0xf8, 0x12,
    0x0, 0x40, 0xf, 0xfe, 0x0, 0x88, 0x8d, 0x15,
    0x98, 0x1, 0x5e, 0x6f, 0x69, 0x80, 0x24, 0x3,
    0xff, 0x81, 0x5d, 0xb9, 0x75, 0x34, 0x1, 0x21,
    0x90, 0xf0, 0x1, 0x4c, 0x3, 0xff, 0x8e, 0x4c,
    0xd0, 0x6, 0xb7, 0x2b, 0x0, 0xe4, 0xcc, 0x80,
    0x3f, 0x9, 0x10, 0xee, 0xe2, 0x2e, 0xaf, 0x32,
    0x2f, 0x8, 0x88, 0x3, 0xf5, 0xee, 0xff, 0xf2,
    0xa0, 0x3, 0xff, 0xc0, 0xcd, 0xff, 0xc4, 0x0,
    0xff, 0xe1, 0x8c, 0xcf, 0xff, 0x10, 0x40, 0x3f,
    0xf8, 0x6c, 0xdf, 0xfc, 0x41, 0x0, 0xff, 0xe1,
    0xc, 0xcf, 0xff, 0x10, 0x3, 0xff, 0xc6, 0x3f,
    0xff, 0xfc, 0x41, 0x0, 0xff, 0xf1, 0xb3, 0x7f,
    0xf1, 0x4, 0x3, 0xff, 0x84, 0x33, 0x3f, 0xfc,
    0x40, 0xf, 0xff, 0x18, 0xf7, 0x7f, 0xf1, 0x4,
    0x3, 0xe0,

    /* U+66F4 "更" */
    0x2, 0x2f, 0xfe, 0x90, 0x80, 0xee, 0xff, 0xf4,
    0xac, 0x3, 0xff, 0xee, 0x3f, 0xff, 0xfc, 0x17,
    0x0, 0xbb, 0xff, 0xff, 0x81, 0x40, 0x1f, 0xfe,
    0x83, 0x0, 0xff, 0xe2, 0xcf, 0xff, 0xf9, 0xc0,
    0x2d, 0xff, 0xff, 0x10, 0x7, 0xff, 0x7c, 0x47,
    0xe0, 0xc, 0x23, 0xf0, 0x7, 0xff, 0xf, 0xbb,
    0xe7, 0x0, 0xbf, 0xbb, 0xd4, 0x1, 0xff, 0xe3,
    0xbb, 0xf9, 0x40, 0x2a, 0xbb, 0xf4, 0x0, 0x7f,
    0xf0, 0x91, 0x3e, 0x20, 0x9, 0x13, 0xe2, 0x0,
    0xff, 0xf1, 0xf7, 0x7c, 0xe0, 0x16, 0xf7, 0x7a,
    0x40, 0x3f, 0xf8, 0x42, 0x3f, 0x0, 0x63, 0x11,
    0xf1, 0x80, 0x7f, 0xf8, 0xff, 0xfe, 0x70, 0xb,
    0xbf, 0xfd, 0x40, 0x1f, 0xff, 0xf0, 0x9e, 0xe3,
    0x27, 0x77, 0x84, 0x0, 0x7d, 0xdf, 0xf1, 0x0,
    0x7c, 0x32, 0xc9, 0x42, 0x38, 0xc4, 0x0, 0xa2,
    0x3f, 0xf0, 0x7, 0xe1, 0x50, 0x2, 0x60, 0x80,
    0x28, 0x2, 0xc0, 0xf, 0xfe, 0x38, 0xe1, 0x0,
    0xf, 0xd4, 0x9c, 0x0, 0x2a, 0x1, 0xff, 0xc8,
    0x1c, 0x30, 0x0, 0xd6, 0x80, 0x4c, 0x1, 0xff,
    0xca, 0x1c, 0x70, 0xf, 0xa8, 0x3, 0xff, 0x96,
    0x62, 0x1, 0xf6, 0xea, 0x99, 0x4, 0x3, 0xff,
    0x86, 0xb3, 0xd8, 0xc0, 0x1f, 0x89, 0x66, 0xfb,
    0xf7, 0x2a, 0x61, 0xd9, 0x8a, 0x7, 0x39, 0xf4,
    0xc2, 0x1, 0x8a, 0x69, 0x0, 0x3f, 0x11, 0xab,
    0x3c, 0x4c, 0xac, 0x0, 0xc6, 0x1, 0xe3, 0xad,
    0x65, 0xbf, 0xa6, 0x30, 0xf, 0xfe, 0x2, 0x1,
    0x90, 0x6, 0x38, 0xdc, 0x50, 0xe, 0x59, 0xcf,
    0xda, 0x87, 0x53, 0x21, 0x0, 0xb4, 0x1, 0x66,
    0xf7, 0xf8, 0xe4, 0x1, 0xff, 0x12, 0xbc, 0x56,
    0x6f, 0x7f, 0xb9, 0xc0,

    /* U+6700 "最" */
    0x0, 0xcd, 0x11, 0xff, 0xca, 0x70, 0xf, 0xea,
    0x77, 0xff, 0xe5, 0x48, 0x7, 0xff, 0x85, 0x7f,
    0xff, 0xf8, 0x8a, 0x1, 0xff, 0xc3, 0x65, 0x5f,
    0xfe, 0x20, 0x80, 0x7f, 0xf0, 0xce, 0xab, 0xff,
    0x88, 0x80, 0x1f, 0xfe, 0x45, 0xff, 0xff, 0xe2,
    0x30, 0x7, 0xff, 0xd, 0x9b, 0xff, 0x8a, 0xa0,
    0x1f, 0xfc, 0x33, 0x99, 0xff, 0xe2, 0x18, 0x7,
    0xff, 0x87, 0x3f, 0xff, 0xf9, 0x5c, 0x1, 0xff,
    0xda, 0xdf, 0xff, 0xfe, 0x97, 0x0, 0x7f, 0xf5,
    0x91, 0x20, 0x8, 0xd1, 0x38, 0x40, 0x4, 0x89,
    0xff, 0xc4, 0x9, 0xbb, 0x0, 0x5f, 0x77, 0xca,
    0x0, 0xab, 0xbf, 0xfe, 0x1d, 0x0, 0x7c, 0xc6,
    0x7c, 0xe0, 0x19, 0xaa, 0xbf, 0xf8, 0x0, 0x1f,
    0xd5, 0x99, 0xc6, 0x1, 0xb1, 0x57, 0xff, 0x80,
    0x1, 0xff, 0xde, 0xcf, 0xfe, 0x40, 0xd, 0xa0,
    0x2, 0xee, 0xe4, 0x0, 0x8, 0x7, 0xff, 0x21,
    0xc4, 0x9, 0x4, 0x63, 0x40, 0x4, 0x0, 0x7f,
    0x22, 0xaf, 0x38, 0x7, 0x48, 0x2, 0xc0, 0x2b,
    0x0, 0x13, 0x0, 0x7f, 0x45, 0x57, 0x18, 0x7,
    0x39, 0x0, 0xd0, 0x23, 0x0, 0x24, 0x3, 0xff,
    0x97, 0x20, 0x5, 0x8a, 0x0, 0x32, 0x0, 0x7f,
    0xb3, 0xff, 0x90, 0x3, 0xc8, 0xe0, 0x7, 0x10,
    0x39, 0x0, 0xff, 0xe1, 0x92, 0x38, 0x2, 0xb6,
    0x0, 0x10, 0x40, 0x1a, 0x0, 0x3e, 0x24, 0x0,
    0xbf, 0x7b, 0xf6, 0xcc, 0x0, 0x45, 0x1, 0x59,
    0x0, 0x6b, 0xa3, 0x0, 0xd9, 0xb6, 0x1, 0x19,
    0x8, 0x7, 0x85, 0x6, 0xb5, 0x0, 0x8, 0x1,
    0x2e, 0x61, 0x84, 0x18, 0x3, 0x89, 0x19, 0xe6,
    0xcc, 0x1, 0x22, 0x8a, 0x0, 0x2b, 0xb6, 0xa0,
    0x4, 0x73, 0xe1, 0xd3, 0x7b, 0xfe, 0xdb, 0x98,
    0x64, 0x70, 0xb, 0x80, 0x3, 0x1a, 0x80, 0x57,
    0x63, 0x0, 0x98, 0x11, 0x90, 0x80, 0x3f, 0xf8,
    0x8, 0xd3, 0xce, 0x1, 0xc9, 0x98, 0x50, 0x90,
    0xf, 0xfe, 0xd, 0xff, 0x9c, 0x25, 0x80, 0x3f,
    0x8e, 0xbc, 0x40,

    /* U+6709 "有" */
    0x0, 0xff, 0xe0, 0xe, 0x54, 0x28, 0x7, 0xff,
    0x45, 0xcd, 0x5f, 0xc0, 0x3f, 0xfa, 0x36, 0x1,
    0x48, 0x7, 0xff, 0x40, 0xc8, 0x0, 0x46, 0x1,
    0xff, 0xc6, 0x6f, 0xff, 0xec, 0x0, 0x8b, 0xff,
    0xff, 0x8a, 0x0, 0x10, 0xf, 0xfe, 0x98, 0x80,
    0x7f, 0xf5, 0xd6, 0x67, 0xe5, 0x0, 0x86, 0x67,
    0xff, 0x8e, 0x20, 0x4c, 0xdf, 0x38, 0x5, 0xc,
    0xdf, 0xfc, 0x70, 0xf, 0xe8, 0x20, 0x1, 0x30,
    0x7, 0xff, 0x3c, 0xdc, 0x2, 0xb1, 0x1f, 0xfe,
    0x20, 0x7, 0xfc, 0x3a, 0x1, 0xa7, 0xbb, 0xff,
    0x88, 0xc0, 0x1f, 0xea, 0x10, 0xf, 0xfe, 0x9c,
    0x20, 0x7, 0xff, 0x4d, 0x9c, 0x3, 0x3f, 0x77,
    0xff, 0xa, 0xc0, 0x3f, 0xe5, 0x90, 0xe, 0xf1,
    0x1f, 0xfe, 0x13, 0x80, 0x7f, 0x96, 0x80, 0x3f,
    0xfa, 0x6b, 0x40, 0x10, 0x80, 0x51, 0xff, 0xff,
    0xc2, 0xc0, 0xf, 0xc3, 0x40, 0x10, 0xd0, 0x7,
    0xff, 0x3c, 0x4c, 0x2, 0xd5, 0x0, 0xff, 0xe8,
    0x58, 0x2, 0xcc, 0x3, 0x3f, 0xff, 0xff, 0xb,
    0x0, 0x3f, 0x98, 0x71, 0x0, 0x3b, 0xc0, 0x3f,
    0xf9, 0x83, 0xe6, 0x1, 0xff, 0xd4, 0x10, 0xf,
    0xb9, 0x13, 0xff, 0x84, 0xa0, 0x1f, 0xfc, 0x66,
    0xbb, 0xff, 0xe1, 0x48, 0x7, 0xff, 0xa0, 0x8c,
    0xff, 0xf8, 0x60, 0x1f, 0xfc, 0x6a, 0xcc, 0xff,
    0xe1, 0x78, 0x7, 0xff, 0xc4, 0xcf, 0x92, 0x0,
    0x23, 0x0, 0xff, 0xe5, 0xf6, 0x66, 0xb4, 0x0,
    0x98, 0x3, 0xff, 0x96, 0xe0, 0x1f, 0x8c, 0xc0,
    0x1f, 0xfc, 0xbd, 0x0, 0xf1, 0x36, 0x80, 0x70,

    /* U+671F "期" */
    0x0, 0x84, 0xcc, 0x40, 0x1e, 0x33, 0x10, 0x7,
    0xff, 0x1d, 0x33, 0x20, 0xe, 0x4c, 0xc8, 0x3,
    0xff, 0xae, 0x99, 0x9f, 0xf2, 0x0, 0x7f, 0xf1,
    0xc4, 0xcf, 0xfe, 0x10, 0x6f, 0xa0, 0x0, 0xff,
    0xf5, 0x80, 0x7, 0xfc, 0x20, 0x1f, 0xfd, 0x84,
    0x4e, 0x0, 0xff, 0xe7, 0xd, 0xdf, 0x8, 0x6,
    0x6e, 0xa0, 0x0, 0xf7, 0x75, 0x0, 0x7, 0xb8,
    0x20, 0x1f, 0xfc, 0x31, 0x0, 0xc2, 0x3e, 0x0,
    0x84, 0x40, 0x1f, 0xfe, 0x81, 0xdd, 0xea, 0x0,
    0xff, 0x11, 0x70, 0x7, 0xfc, 0x45, 0xc2, 0x1,
    0xfc, 0x3b, 0xbc, 0x20, 0x1f, 0xfd, 0xd1, 0xff,
    0xea, 0x0, 0xff, 0xe9, 0x88, 0x7, 0xf0, 0xff,
    0xf0, 0x80, 0x7f, 0xf0, 0xc4, 0x3, 0xff, 0x9a,
    0x3f, 0xfd, 0x40, 0x1f, 0xfe, 0xe3, 0x3e, 0x20,
    0xf, 0x18, 0x7, 0xff, 0x18, 0x73, 0x3a, 0x40,
    0x3f, 0x86, 0xab, 0x84, 0x3, 0xff, 0x94, 0x20,
    0x12, 0xaf, 0x0, 0x70, 0x88, 0xc0, 0x21, 0x1f,
    0x0, 0x42, 0x20, 0xf0, 0xf, 0xfe, 0xf, 0x72,
    0x40, 0x3, 0xdd, 0xd4, 0x0, 0x1e, 0xe1, 0x88,
    0x4, 0x45, 0xc0, 0x1f, 0xfc, 0xb2, 0x0, 0x2e,
    0xef, 0x8, 0x7, 0xff, 0x24, 0x54, 0x0, 0x40,
    0x1f, 0xef, 0xfd, 0xa9, 0xdf, 0xf7, 0x14, 0xff,
    0xe0, 0x10, 0x7, 0x0, 0x7f, 0xf0, 0xb9, 0x3d,
    0x40, 0x70, 0xa6, 0x0, 0x25, 0x0, 0x90, 0x3,
    0xff, 0x83, 0x26, 0x3, 0xe0, 0x1c, 0xf2, 0x0,
    0xa0, 0x0, 0x90, 0x7, 0xff, 0x1, 0xd8, 0x0,
    0x54, 0x3, 0x86, 0x0, 0x68, 0x52, 0x0, 0x38,
    0x7, 0x84, 0x3, 0x9e, 0x0, 0x3, 0x80, 0x10,
    0xe9, 0x80, 0xdd, 0x80, 0x2a, 0x2, 0x55, 0xa8,
    0x2, 0x10, 0x98, 0x0, 0xb4, 0x40, 0x30, 0xea,
    0x6d, 0x8, 0x1, 0xc, 0x1e, 0xaa, 0x50, 0x9,
    0x81, 0x40, 0x2c, 0x30, 0xf, 0xd, 0xbb, 0x0,
    0x50, 0x0, 0x70, 0xf, 0x19, 0x6, 0x18, 0x61,
    0x80, 0x7f, 0x23, 0x80, 0x18, 0xc0, 0x4, 0x1,
    0x89, 0xb4, 0x2, 0xdd, 0x18, 0x7, 0xfd, 0x1a,
    0xb2, 0x1, 0xbf, 0xf6, 0xc8, 0x80,

    /* U+672A "未" */
    0x0, 0xff, 0xe1, 0xe6, 0x4e, 0x1, 0xff, 0xd1,
    0x33, 0xb4, 0x3, 0xff, 0xfe, 0x1, 0xff, 0xdd,
    0x38, 0x8f, 0xf8, 0x2, 0x78, 0x8f, 0xf8, 0x3,
    0xc8, 0xef, 0xff, 0x0, 0x44, 0xef, 0xff, 0x8,
    0x7, 0xff, 0x68, 0x40, 0x3f, 0xfa, 0x8d, 0xff,
    0xff, 0x0, 0x4b, 0xff, 0xff, 0x8, 0x7, 0xff,
    0xfc, 0x3, 0xff, 0xe1, 0x5f, 0xff, 0xfc, 0x10,
    0x9, 0x7f, 0xff, 0xf8, 0x24, 0x1, 0xff, 0xd4,
    0x10, 0xf, 0xfe, 0xb7, 0x44, 0x7f, 0xc4, 0x1,
    0xe5, 0x88, 0xff, 0x88, 0x11, 0xdf, 0xfc, 0x44,
    0x0, 0xf2, 0x2b, 0xbf, 0xf8, 0x40, 0x3f, 0xe3,
    0xa0, 0xf, 0x87, 0xc4, 0x3, 0xff, 0x90, 0x5a,
    0x1, 0xfc, 0x5a, 0x20, 0x1f, 0xfc, 0x63, 0xc1,
    0x0, 0x38, 0x4, 0xa8, 0x0, 0x3c, 0x10, 0xf,
    0xfe, 0x22, 0x60, 0x80, 0x16, 0x0, 0x35, 0x90,
    0x0, 0xbc, 0x80, 0x3f, 0xf8, 0x4f, 0x60, 0x11,
    0xd0, 0x7, 0xb0, 0x40, 0x3, 0x8a, 0x1, 0xff,
    0xd, 0x40, 0x4, 0x78, 0x1, 0xf0, 0xe1, 0x0,
    0x6, 0xa4, 0x3, 0xf9, 0x7d, 0x40, 0x24, 0xc0,
    0xf, 0xe2, 0xc2, 0x0, 0x9b, 0x4c, 0x3, 0x8a,
    0xe8, 0x40, 0x26, 0xb0, 0xf, 0xf8, 0x70, 0xc0,
    0x22, 0xca, 0x20, 0x4, 0x6a, 0x0, 0x69, 0x90,
    0x7, 0xff, 0x4, 0x71, 0x80, 0x32, 0xeb, 0x83,
    0x0, 0x62, 0xc6, 0x0, 0xff, 0xe2, 0x4d, 0x0,
    0x71, 0x85, 0x0, 0x4d, 0xa6, 0x1, 0xff, 0xc6,
    0x5d, 0x40, 0x2, 0xa0, 0x22, 0x95, 0xc8, 0x7,
    0xff, 0x24, 0xae, 0x8a, 0xc0, 0x2b, 0xd4, 0x0,
    0xff, 0xe6, 0x2e, 0x88, 0x4, 0x20, 0x1f, 0xfd,
    0x20,

    /* U+672C "本" */
    0x0, 0xff, 0xe1, 0xe7, 0x73, 0x0, 0x3f, 0xfa,
    0x42, 0x38, 0x3, 0xff, 0xfe, 0x1, 0xff, 0xff,
    0x0, 0xbf, 0xff, 0xf8, 0x24, 0x0, 0x2f, 0xff,
    0xfe, 0x8, 0x7, 0xff, 0xf1, 0xd9, 0xbf, 0xc0,
    0x1f, 0x99, 0xbf, 0xe0, 0xd, 0x13, 0x3f, 0xd8,
    0x1, 0xfb, 0x66, 0x7f, 0xc0, 0x1f, 0xfc, 0x28,
    0x0, 0xfd, 0x0, 0x1f, 0xfc, 0xb7, 0x20, 0x11,
    0x0, 0x71, 0xa8, 0x7, 0xff, 0x24, 0x64, 0x1,
    0x26, 0x0, 0x25, 0x0, 0x58, 0x7, 0xff, 0x26,
    0xc4, 0x5, 0xc0, 0x34, 0x0, 0x6, 0x0, 0x3f,
    0xf8, 0xea, 0xa0, 0x4, 0x80, 0x71, 0x30, 0x1,
    0xcc, 0x3, 0xff, 0x8a, 0x54, 0x0, 0x27, 0x0,
    0xf4, 0x8, 0x3, 0x44, 0x3, 0xff, 0x89, 0xc0,
    0x17, 0x0, 0x7c, 0x36, 0x0, 0x1a, 0x0, 0xff,
    0xe1, 0xd1, 0x80, 0x1c, 0xc0, 0x3f, 0x2a, 0x0,
    0x12, 0x40, 0x3f, 0xf8, 0x30, 0xa0, 0x2, 0x80,
    0xf, 0xf5, 0x8, 0x1, 0xa0, 0x3, 0xfe, 0x77,
    0x0, 0x5c, 0x1, 0xff, 0xe, 0x80, 0x4f, 0x0,
    0x1f, 0xcf, 0x0, 0x15, 0x18, 0x7, 0xff, 0x0,
    0xe4, 0x2, 0x78, 0x0, 0xfa, 0x20, 0x1, 0x3a,
    0x80, 0x7f, 0xf0, 0x99, 0x80, 0x13, 0xd0, 0x7,
    0x53, 0x80, 0x4b, 0x0, 0x1f, 0xfc, 0x49, 0x50,
    0x9, 0x70, 0x80, 0x71, 0x40, 0x24, 0xa9, 0xff,
    0xf1, 0x0, 0xb, 0xff, 0xd3, 0x48, 0x1, 0x1e,
    0x8, 0x88, 0x2, 0x4b, 0x0, 0xff, 0xe3, 0x18,
    0x5a, 0x0, 0x4a, 0x21, 0x0, 0x4, 0xb0, 0xf,
    0xfe, 0x55, 0xa8, 0x2, 0x40, 0xc, 0x49, 0x60,
    0x16, 0xbb, 0xf8, 0x40, 0x2, 0xef, 0xef, 0x0,
    0xa9, 0xdc, 0x40, 0x17, 0xd8, 0x6, 0x48, 0x8f,
    0x18, 0x0, 0xe2, 0x3c, 0xa0, 0x1a, 0x20, 0x1,
    0x88, 0x3, 0xff, 0xfe, 0x1, 0xff, 0xee,

    /* U+673A "机" */
    0x0, 0xe7, 0xee, 0x68, 0x7, 0xff, 0x48, 0x44,
    0x60, 0x1f, 0xfd, 0xa1, 0xaa, 0xff, 0xe0, 0x18,
    0x7, 0xff, 0x1c, 0xd5, 0x7f, 0xf8, 0xe, 0x1,
    0xff, 0xff, 0x0, 0xff, 0xe1, 0x46, 0x66, 0xa0,
    0xf, 0xf5, 0x7f, 0xd0, 0x0, 0x1f, 0xfc, 0x20,
    0x18, 0x8c, 0xf3, 0x80, 0x7f, 0xff, 0xc2, 0x6a,
    0xa4, 0x0, 0xaa, 0xb0, 0x80, 0x7f, 0xf2, 0xd,
    0x56, 0x60, 0x0, 0xaa, 0xe0, 0xf, 0xfe, 0x61,
    0x90, 0x7, 0xff, 0x4e, 0x80, 0x3f, 0xfa, 0x8c,
    0x1, 0xe, 0x98, 0x7, 0xff, 0x35, 0x80, 0x38,
    0xb1, 0x80, 0x3f, 0xf9, 0x96, 0x1, 0xf4, 0xd0,
    0x7, 0x8, 0x7, 0xff, 0x11, 0x88, 0x3, 0xf2,
    0xeb, 0x0, 0x7f, 0xf2, 0x20, 0x0, 0x20, 0x1,
    0xc1, 0x0, 0x9c, 0x3, 0xff, 0x8f, 0x2, 0x2,
    0xc0, 0x11, 0xf9, 0x85, 0x80, 0x67, 0x0, 0xff,
    0xe1, 0x13, 0x80, 0x27, 0xc0, 0x30, 0xe4, 0x33,
    0x80, 0x42, 0x1, 0xff, 0xc2, 0x10, 0x0, 0xb8,
    0x7, 0xce, 0x4, 0x1, 0x18, 0x7, 0xfd, 0x2a,
    0x26, 0x0, 0x90, 0xf, 0xf0, 0x80, 0x42, 0x1,
    0xff, 0x35, 0x78, 0x11, 0x1c, 0x3, 0xfd, 0x80,
    0x2, 0x0, 0xff, 0xe2, 0x3f, 0x0, 0x7f, 0xca,
    0x0, 0x40, 0xf, 0xf8, 0x40, 0x34, 0x18, 0x7,
    0xf8, 0xc4, 0x1, 0xe0, 0x1f, 0xfc, 0x23, 0x2,
    0x0, 0xff, 0xa4, 0x2, 0x70, 0xf, 0xf8, 0xc0,
    0x3f, 0xf8, 0x64, 0xa0, 0x5, 0x10, 0xf, 0xfe,
    0x7c, 0x80, 0x52, 0x1, 0xfe, 0x20, 0x60, 0x0,
    0x80, 0x7f, 0xce, 0x80, 0x5, 0x30, 0xf, 0x18,
    0x5, 0x3b, 0x60, 0x7, 0x0, 0xff, 0x2c, 0x0,
    0x6, 0xc0, 0x3e, 0x10, 0xc, 0x40, 0x11, 0x80,
    0x7f, 0xb8, 0x2, 0xa1, 0x0, 0xfd, 0x0, 0x1f,
    0x50, 0x7, 0xfa, 0xec, 0x72, 0x80, 0x1f, 0xcf,
    0x70, 0xef, 0x4f, 0x10, 0x7, 0x3f, 0xfb, 0x80,
    0x9, 0x8c, 0x1, 0xff, 0x23, 0xc4, 0x4c, 0x20,

    /* U+6750 "材" */
    0x0, 0xf6, 0x6e, 0x9c, 0x3, 0xff, 0x86, 0xf9,
    0x90, 0x7, 0xf8, 0x8a, 0xf0, 0xf, 0xfe, 0x1f,
    0x19, 0xc0, 0x1f, 0xff, 0xf0, 0xf, 0xff, 0x90,
    0x91, 0x60, 0x8, 0x48, 0xb0, 0x0, 0x8b, 0xf8,
    0xc0, 0x22, 0x2c, 0x15, 0xbb, 0x84, 0x0, 0xdb,
    0xb8, 0x93, 0x77, 0xf9, 0x40, 0x2d, 0xdb, 0x0,
    0x3f, 0xfe, 0xf1, 0x77, 0x48, 0x4, 0xb7, 0x78,
    0x9a, 0x23, 0xe5, 0x0, 0xe8, 0x8a, 0x40, 0xd1,
    0x2e, 0x0, 0x89, 0x13, 0x1, 0x3b, 0xfc, 0x20,
    0x1c, 0xef, 0x80, 0x39, 0x40, 0x21, 0x0, 0xff,
    0xe0, 0x22, 0x0, 0x3f, 0xf8, 0x28, 0x40, 0x13,
    0x30, 0x3, 0xfe, 0x80, 0xf, 0xfe, 0x17, 0x80,
    0x74, 0xd0, 0x7, 0xf2, 0x98, 0x7, 0xff, 0x4,
    0x90, 0x3, 0xcb, 0xa4, 0x1, 0xe1, 0xb0, 0x1,
    0x30, 0x7, 0xfa, 0x0, 0x3f, 0x16, 0x20, 0x7,
    0x50, 0x80, 0x24, 0x3, 0xfc, 0x4a, 0x1, 0xc8,
    0x20, 0x1, 0xb1, 0x0, 0x9d, 0x0, 0x8, 0x80,
    0xf, 0xf4, 0x80, 0x18, 0x40, 0x7, 0x84, 0x0,
    0x71, 0x0, 0x14, 0x0, 0x52, 0x1, 0xfe, 0x54,
    0x0, 0x58, 0x6, 0x2c, 0x33, 0x40, 0x0, 0x7c,
    0x2, 0xa2, 0x0, 0xfe, 0x1b, 0x0, 0x29, 0x0,
    0x70, 0xe6, 0x80, 0x7, 0x8, 0x0, 0xaa, 0x0,
    0xff, 0x28, 0x80, 0x20, 0x3, 0xf0, 0x80, 0x34,
    0x80, 0x5, 0x40, 0x1f, 0xf2, 0x80, 0x18, 0x80,
    0x3f, 0xd6, 0x60, 0x1, 0xf0, 0xf, 0xfe, 0x0,
    0x90, 0xc0, 0x7, 0xf0, 0xe2, 0x0, 0x5a, 0x40,
    0x1f, 0xfc, 0x17, 0x81, 0x0, 0xfc, 0x58, 0x60,
    0x15, 0x98, 0x7, 0xff, 0xb, 0x98, 0x3, 0xf1,
    0xe1, 0x0, 0x52, 0x80, 0x1f, 0xfc, 0x34, 0x0,
    0xfe, 0x71, 0x0, 0xa9, 0x80, 0x3f, 0xf9, 0xc9,
    0x40, 0x38, 0xa0, 0x1f, 0xfd, 0x5, 0x9c, 0x30,
    0xf, 0xe5, 0x0, 0xff, 0xe4, 0x31, 0x0, 0x46,
    0xef, 0xa2, 0xcc, 0x0, 0x20, 0x1f, 0xfc, 0xa6,
    0x88, 0xce, 0x80, 0x11, 0x0, 0x7f, 0xf2, 0x9c,
    0x3, 0xfa, 0x40, 0x3f, 0xf9, 0x44, 0x1, 0xe1,
    0x4b, 0x50, 0xc,

    /* U+675F "束" */
    0x0, 0xff, 0xe1, 0x47, 0x73, 0x40, 0x3f, 0xfa,
    0x22, 0x31, 0x0, 0x7f, 0xf9, 0x51, 0x3f, 0xf8,
    0x26, 0x1, 0x22, 0x7f, 0xf0, 0x48, 0xe, 0xef,
    0xff, 0x82, 0xa0, 0x15, 0xdf, 0xff, 0x6, 0x0,
    0x3f, 0xfe, 0xe7, 0xbb, 0xff, 0xc1, 0x50, 0xb,
    0x77, 0xff, 0x83, 0x60, 0x2, 0x2f, 0xfe, 0x9,
    0x80, 0x44, 0x5f, 0xfc, 0x11, 0x0, 0xff, 0xec,
    0x9a, 0x27, 0xf8, 0x80, 0x24, 0x4f, 0xf8, 0x3,
    0xee, 0xbb, 0xff, 0x20, 0x5, 0x77, 0xff, 0x18,
    0x7, 0xff, 0xfd, 0x3f, 0xfe, 0x60, 0xb, 0xff,
    0xeb, 0x0, 0xff, 0xff, 0x80, 0x7f, 0xf6, 0x53,
    0xff, 0xe6, 0x0, 0xbf, 0xfe, 0xb0, 0xf, 0xff,
    0xf8, 0x7e, 0x67, 0xe3, 0x0, 0xfa, 0x73, 0x3f,
    0x18, 0x7, 0x88, 0xcf, 0xe9, 0x30, 0xf, 0xa1,
    0xcc, 0xfe, 0x0, 0xff, 0xe0, 0x8e, 0x28, 0x7,
    0xe1, 0xb6, 0x0, 0xff, 0xe3, 0x2f, 0x18, 0x0,
    0x90, 0x2, 0x70, 0xa, 0x6c, 0x40, 0x3f, 0xf8,
    0x43, 0x54, 0x0, 0x8f, 0x8, 0x2, 0x89, 0x0,
    0x93, 0x98, 0x3, 0xfe, 0x18, 0xe5, 0x0, 0x9b,
    0x4, 0x3, 0x9a, 0xc4, 0x2, 0x9d, 0x50, 0xf,
    0x86, 0x39, 0xc0, 0x21, 0xa9, 0x0, 0xfc, 0x9e,
    0x80, 0x11, 0x56, 0xb0, 0x80, 0x12, 0xf9, 0xc0,
    0x32, 0xfa, 0x80, 0x7f, 0x86, 0xe4, 0x40, 0x22,
    0x9e, 0xa1, 0xd4, 0x0, 0xc7, 0x94, 0x20, 0x1f,
    0xfc, 0x16, 0xe7, 0x0, 0xe7, 0x18, 0x0, 0x8a,
    0xb0, 0xc0, 0x3f, 0xf8, 0xb1, 0xce, 0x1, 0x58,
    0xb, 0x1d, 0xea, 0x80, 0x7f, 0xf2, 0x6, 0x3e,
    0x51, 0x80, 0x13, 0x88, 0x1, 0xff, 0xcd, 0x6b,
    0x0, 0x0,

    /* U+6765 "来" */
    0x0, 0xff, 0xf1, 0x8f, 0xfd, 0x0, 0x1f, 0xff,
    0xf0, 0xf, 0xfe, 0xec, 0x47, 0xfd, 0x20, 0x12,
    0x44, 0x7f, 0xc8, 0x1, 0xce, 0xff, 0xfc, 0x0,
    0x8, 0xdd, 0xff, 0xed, 0x0, 0xff, 0xfa, 0x88,
    0x7, 0x7f, 0xda, 0xff, 0xfe, 0xe0, 0x9, 0xff,
    0xfd, 0xcd, 0xff, 0x40, 0x7, 0xc9, 0xaf, 0x0,
    0x1f, 0xfc, 0x4d, 0x6c, 0x10, 0xf, 0xc3, 0x60,
    0x7, 0x60, 0xf, 0xfe, 0x15, 0x18, 0x1c, 0x0,
    0x7e, 0x1a, 0x0, 0xa5, 0x0, 0x3f, 0xf8, 0x10,
    0xa0, 0x2, 0x90, 0xf, 0xe5, 0x80, 0xa, 0x88,
    0x3, 0xfc, 0xce, 0x0, 0x1f, 0x0, 0xff, 0x9d,
    0x80, 0x3, 0xc0, 0x1f, 0xcb, 0x20, 0x16, 0x90,
    0x7, 0xff, 0x2, 0x50, 0x7, 0xc0, 0x3f, 0x90,
    0x80, 0x16, 0x60, 0x1f, 0xfc, 0x2a, 0x3c, 0x30,
    0xf, 0xe1, 0xd4, 0x94, 0x0, 0xfd, 0x9f, 0xfe,
    0xe3, 0xdf, 0xfb, 0x80, 0x27, 0xff, 0xc9, 0x3f,
    0xff, 0x30, 0x8, 0x7, 0xff, 0xd6, 0x26, 0x7f,
    0xe1, 0x0, 0xf3, 0x4c, 0xff, 0xc8, 0xa, 0xcd,
    0xfe, 0xc1, 0x0, 0xf3, 0x2b, 0x37, 0xf8, 0x80,
    0x3f, 0xeb, 0x50, 0xf, 0xd8, 0x80, 0x1f, 0xfc,
    0x72, 0xd4, 0x0, 0x8, 0x4, 0x40, 0x15, 0xc0,
    0x7, 0xff, 0x15, 0x74, 0x80, 0x5, 0x80, 0x12,
    0xd0, 0x4, 0xf8, 0x40, 0x1f, 0xfc, 0x12, 0xba,
    0x0, 0x8b, 0xc, 0x3, 0x2d, 0x80, 0x47, 0xb0,
    0x1, 0xff, 0x46, 0xa0, 0x4, 0x98, 0x20, 0x1e,
    0x4c, 0x20, 0x9, 0xf9, 0x40, 0x3e, 0x7e, 0x70,
    0xd, 0x16, 0x20, 0x1f, 0x8f, 0x54, 0x2, 0x1a,
    0xd6, 0x0, 0xc, 0x7c, 0x8, 0x4, 0x56, 0xe0,
    0x1f, 0xfc, 0xa, 0x91, 0x0, 0x8a, 0x79, 0x81,
    0xc0, 0x39, 0xf5, 0x0, 0x3f, 0xf8, 0x4d, 0xec,
    0x1, 0x84, 0x6, 0x0, 0x24, 0xd8, 0x0, 0xff,
    0xe2, 0x8c, 0xe2, 0x0, 0x5, 0x81, 0xc5, 0x32,
    0xc8, 0x3, 0xff, 0x90, 0x77, 0x89, 0x0, 0x17,
    0xd9, 0x80, 0x7f, 0xf3, 0xe, 0xd8, 0x2, 0x10,
    0xf, 0xfe, 0x90,

    /* U+677E "松" */
    0x0, 0xff, 0xed, 0xc7, 0xfb, 0x40, 0x3f, 0xf8,
    0x44, 0xd7, 0x0, 0x1f, 0xfc, 0xc3, 0x95, 0x10,
    0x4, 0x4a, 0x28, 0x7, 0xff, 0x32, 0x9a, 0xb8,
    0x1, 0xe0, 0x2, 0x20, 0x7, 0xff, 0x2d, 0x0,
    0x8, 0x0, 0x40, 0x9, 0x40, 0x3f, 0xf9, 0x44,
    0x40, 0x6, 0x80, 0x4, 0xc0, 0x16, 0x1, 0xff,
    0xca, 0xa0, 0x9, 0xc0, 0x2b, 0x0, 0x19, 0x0,
    0x7f, 0xf2, 0x58, 0x0, 0x82, 0x1, 0x28, 0x5,
    0x40, 0x1e, 0xbf, 0xf9, 0xc0, 0x5, 0xff, 0x84,
    0x18, 0x40, 0x1e, 0x1, 0x88, 0xc0, 0xc, 0x1,
    0xff, 0xc8, 0xa0, 0x1, 0x20, 0x7, 0x50, 0x0,
    0x5c, 0x3, 0xff, 0x8c, 0xa6, 0x0, 0xa0, 0xf,
    0x30, 0x5, 0x2, 0x1, 0xa2, 0xaa, 0x20, 0x0,
    0xd5, 0x61, 0x80, 0x0, 0xb8, 0x7, 0xce, 0x1,
    0x40, 0x6, 0x35, 0x58, 0x80, 0x6, 0xab, 0x9c,
    0x80, 0x12, 0x1, 0xfa, 0x40, 0x26, 0x30, 0xf,
    0x28, 0x7, 0xc5, 0x0, 0x1, 0x70, 0xf, 0xc3,
    0x0, 0x16, 0x88, 0x7, 0x70, 0x7, 0xdc, 0x1,
    0x58, 0x5, 0x4e, 0x40, 0x19, 0xc8, 0x0, 0x36,
    0x1, 0x89, 0x0, 0x22, 0x70, 0x12, 0x0, 0x22,
    0x80, 0x15, 0x51, 0xb0, 0x1, 0xb8, 0x2, 0x70,
    0xd, 0x40, 0x1d, 0x16, 0x3a, 0x21, 0x20, 0x17,
    0x0, 0x56, 0x1, 0x8d, 0xc0, 0x10, 0x1, 0xb,
    0x80, 0x79, 0x34, 0x76, 0x48, 0x0, 0x28, 0x0,
    0x23, 0x0, 0xe8, 0x44, 0x28, 0x5, 0x20, 0x1f,
    0x8b, 0x1, 0x80, 0x26, 0x0, 0xa8, 0x3, 0xeb,
    0x90, 0x8, 0x5c, 0x0, 0x80, 0x2, 0x50, 0x0,
    0xf0, 0x6, 0xa0, 0x9, 0x80, 0x3f, 0x10, 0x5,
    0x60, 0x4, 0x30, 0xa, 0x94, 0x1, 0x20, 0x12,
    0x90, 0x1, 0x44, 0x2, 0x20, 0xf, 0x8d, 0x40,
    0x1e, 0x1, 0xd4, 0xce, 0x80, 0x14, 0x80, 0x52,
    0x3, 0x1d, 0xa2, 0x1, 0xe1, 0x0, 0x1a, 0x0,
    0x7a, 0x60, 0x2, 0x33, 0x0, 0xc, 0xc0, 0x4e,
    0x20, 0xc0, 0x1e, 0x20, 0x7, 0x80, 0x7f, 0xf0,
    0x20, 0x2, 0x80, 0x1, 0xa0, 0x2, 0x40, 0x3e,
    0x35, 0x30, 0xf, 0xf8, 0xd0, 0x0, 0x68, 0x1,
    0x78, 0x0, 0x58, 0x3, 0xd7, 0x60, 0xf, 0xfe,
    0x7, 0x80, 0x50, 0x1, 0x90, 0x80, 0x10, 0x1,
    0xe7, 0x10, 0xf, 0xf9, 0x4c, 0x0, 0x68, 0x1,
    0xd6, 0x0, 0x15, 0x0, 0xff, 0xe3, 0x58, 0x5,
    0xe0, 0x1e, 0x61, 0x0, 0x40, 0x7, 0xff, 0x16,
    0x44, 0x0, 0x6e, 0xaf, 0x13, 0x59, 0xa2, 0x0,
    0x24, 0x0, 0xff, 0xe2, 0x30, 0x4, 0x77, 0x50,
    0xec, 0xa6, 0x40, 0x1b, 0xc0, 0x3f, 0xf8, 0x88,
    0x1, 0xff, 0xc4, 0x42, 0x0, 0xff, 0xe1, 0xf0,
    0x7, 0xc2, 0x48, 0xaf, 0x10, 0x0, 0xac, 0x3,
    0xff, 0x86, 0xaf, 0x15, 0x7b, 0xdf, 0xdb, 0x75,
    0xe, 0xe2, 0x0, 0x38, 0x7, 0xff, 0x12, 0x1d,
    0x50, 0x84, 0x3, 0xf5, 0xa5, 0x70, 0x0,

    /* U+6781 "极" */
    0x0, 0xf5, 0xe6, 0x10, 0x3, 0xff, 0xa6, 0xa6,
    0x62, 0x0, 0xff, 0xec, 0x93, 0xbf, 0xff, 0x14,
    0xc0, 0x3f, 0xf8, 0x8d, 0x11, 0xff, 0xc5, 0xb0,
    0xf, 0xff, 0xf8, 0x8, 0xe0, 0x8, 0x46, 0x5f,
    0xf8, 0x2, 0xcf, 0xff, 0x48, 0x5, 0x60, 0x1e,
    0xfe, 0xe8, 0x40, 0x11, 0xdd, 0x18, 0x7, 0xff,
    0x2, 0xc0, 0x8, 0x60, 0x1f, 0xfc, 0xb1, 0x0,
    0xe5, 0x20, 0x4, 0x0, 0x7f, 0xf2, 0x4, 0x2,
    0x10, 0xe, 0x80, 0x2, 0x18, 0x7, 0xdb, 0x77,
    0x0, 0x4f, 0x77, 0x18, 0x7, 0x20, 0x6, 0x52,
    0x0, 0x78, 0x7, 0xe3, 0x44, 0x0, 0x6e, 0x44,
    0x80, 0x6, 0x1, 0x58, 0x6, 0x80, 0x0, 0x82,
    0x24, 0x40, 0x1f, 0x68, 0x7, 0xf0, 0x80, 0x46,
    0x1, 0x9, 0x0, 0x6, 0xef, 0x80, 0x3e, 0x60,
    0x8, 0x40, 0x39, 0xc0, 0x32, 0x80, 0x7f, 0xf1,
    0x98, 0x3, 0x43, 0x80, 0x62, 0x0, 0xdc, 0x1,
    0x8, 0xf0, 0x7, 0xfa, 0x80, 0x3a, 0x2c, 0x2,
    0xe0, 0xc, 0x84, 0x3, 0xdd, 0xb0, 0x2, 0xc0,
    0xe, 0x33, 0x0, 0x79, 0x34, 0x80, 0x80, 0x3a,
    0x80, 0x3d, 0x60, 0x1, 0x50, 0xe, 0x80, 0xf,
    0xc5, 0x20, 0xc0, 0x1, 0x0, 0x38, 0x80, 0x61,
    0x60, 0x3, 0x0, 0x71, 0xa0, 0x8, 0x5, 0x2a,
    0x0, 0x80, 0x30, 0x4, 0x8, 0x2, 0x0, 0x34,
    0x80, 0x52, 0x1, 0xd0, 0x0, 0x91, 0x0, 0xa9,
    0x98, 0x64, 0x1, 0x24, 0x0, 0x18, 0x80, 0x4,
    0xe0, 0x6, 0x10, 0xc, 0xa8, 0x0, 0x60, 0xe,
    0x99, 0x2, 0x0, 0x44, 0xc2, 0x0, 0xe0, 0x4,
    0x80, 0x56, 0x1, 0xd6, 0x0, 0x71, 0x0, 0xfd,
    0xa0, 0x4, 0x0, 0x40, 0x0, 0xe1, 0xd0, 0x1,
    0x4, 0x1, 0xc8, 0x0, 0x90, 0xf, 0xc2, 0x80,
    0xd, 0x0, 0x32, 0x0, 0x1e, 0x0, 0x4, 0xe0,
    0x1e, 0x80, 0x81, 0x0, 0xfc, 0xe0, 0x13, 0x80,
    0x54, 0x20, 0x1d, 0xc0, 0x1f, 0x13, 0xb8, 0x3,
    0xfa, 0xc0, 0x6, 0x20, 0x10, 0xc8, 0x6, 0x73,
    0x0, 0xfd, 0x0, 0x1f, 0xca, 0x40, 0x9, 0x0,
    0xc9, 0x0, 0x19, 0xd0, 0x3, 0xff, 0x8d, 0x60,
    0x1, 0x50, 0x9, 0xac, 0x3, 0xd6, 0xc0, 0x1f,
    0xfc, 0x47, 0x10, 0x4, 0x0, 0x6, 0xa4, 0x2,
    0x55, 0x0, 0x53, 0x42, 0x1, 0xff, 0xc1, 0x28,
    0x0, 0x13, 0x2, 0x7a, 0x80, 0x4f, 0x54, 0x60,
    0x9, 0x7d, 0x0, 0x3f, 0xf8, 0x10, 0x1, 0x49,
    0x5d, 0x84, 0x2, 0xa8, 0x0, 0x4c, 0x0, 0x43,
    0x74, 0x1, 0xff, 0x48, 0x1, 0x5b, 0x50, 0x2,
    0x3d, 0x50, 0xc, 0xf6, 0x20, 0x11, 0x80, 0x7f,
    0xc7, 0x23, 0x64, 0x80, 0x14, 0x61, 0x0, 0x79,
    0x30, 0xc0, 0x60, 0x3, 0xff, 0x80, 0xd8, 0x21,
    0x42, 0x9a, 0xe0, 0x1f, 0xc5, 0x8f, 0x62, 0x1,
    0xf7, 0x7f, 0x98, 0x0, 0x40, 0x1, 0xfb, 0x20,
    0xf, 0xfe, 0x4, 0x28, 0x0,

    /* U+679C "果" */
    0x0, 0x8f, 0xff, 0xff, 0x99, 0x80, 0x1f, 0xff,
    0xf0, 0x5, 0xf7, 0x79, 0x80, 0x2e, 0xef, 0x90,
    0x3, 0xff, 0x84, 0xe2, 0x3f, 0x0, 0x42, 0x3f,
    0x80, 0x3f, 0xfc, 0x79, 0xff, 0xe7, 0x0, 0xbf,
    0xfe, 0x50, 0xf, 0xff, 0x18, 0x91, 0x78, 0x40,
    0x22, 0x2f, 0x80, 0x3f, 0xf8, 0x7b, 0xbf, 0x30,
    0x5, 0xbb, 0xf2, 0x80, 0x7f, 0xf8, 0xdc, 0x47,
    0xe0, 0x8, 0x47, 0xf0, 0x7, 0xff, 0xa, 0xfb,
    0xbc, 0xc0, 0x17, 0x77, 0xc8, 0x1, 0xff, 0xf8,
    0x70, 0xf, 0x8f, 0xff, 0xfc, 0xe0, 0x17, 0xff,
    0xfa, 0xc0, 0x3f, 0xfb, 0x22, 0x89, 0xff, 0xc1,
    0x20, 0x9, 0x13, 0xff, 0x82, 0x60, 0xb7, 0x7f,
    0xfc, 0x15, 0x0, 0xae, 0xff, 0xf8, 0x3c, 0x1,
    0xff, 0xf5, 0x10, 0x4f, 0xff, 0xf4, 0x0, 0x7e,
    0x3d, 0xff, 0xfe, 0xc0, 0xf, 0xf1, 0x5c, 0x0,
    0x7e, 0x3d, 0x50, 0xf, 0xfe, 0x34, 0x6a, 0x0,
    0x11, 0x80, 0x2c, 0x10, 0x5, 0x59, 0x0, 0x7f,
    0xf0, 0x45, 0xf9, 0xc0, 0x27, 0xb1, 0x0, 0x8f,
    0xcc, 0x0, 0x9b, 0x24, 0x1, 0xfc, 0x53, 0xd0,
    0x20, 0x2, 0xc8, 0x0, 0xf0, 0xe3, 0x80, 0x4d,
    0xb6, 0x80, 0x18, 0x5f, 0x35, 0x80, 0x33, 0xe9,
    0x80, 0x7f, 0x46, 0x10, 0x4, 0x97, 0xd2, 0x81,
    0x50, 0x60, 0x19, 0x76, 0x0, 0x3f, 0xf8, 0x7,
    0xb2, 0x20, 0x10, 0xb5, 0x8c, 0x0, 0x65, 0xda,
    0x20, 0xf, 0xfe, 0x1b, 0x74, 0x8, 0x4, 0xa2,
    0x66, 0x18, 0xea, 0x20, 0xf, 0xfe, 0x3b, 0xf4,
    0x98, 0x40, 0x3, 0x79, 0xc4, 0x3, 0xff, 0x96,
    0xd9, 0xa4, 0x0,

    /* U+6838 "核" */
    0x0, 0xff, 0xe4, 0x8a, 0x10, 0x7, 0xff, 0x9,
    0xea, 0x8e, 0x1, 0xfe, 0x3d, 0xeb, 0xb0, 0x7,
    0xff, 0xb, 0x15, 0x5a, 0x1, 0xfe, 0x22, 0x0,
    0x1c, 0x3, 0xff, 0xa0, 0x26, 0x0, 0x13, 0x0,
    0xff, 0xe8, 0x58, 0x5, 0x60, 0x1f, 0xfc, 0x82,
    0x99, 0xfb, 0x0, 0x26, 0x99, 0xfa, 0x0, 0x3f,
    0xf8, 0xc, 0xdf, 0x90, 0x2, 0x16, 0x6f, 0xc0,
    0x1f, 0xfd, 0x67, 0xff, 0x90, 0x0, 0xbf, 0xee,
    0x70, 0xf, 0xfe, 0x39, 0x80, 0x7f, 0xc2, 0x7f,
    0xfb, 0x40, 0x21, 0xff, 0xff, 0x68, 0x7, 0xff,
    0x17, 0x80, 0x2a, 0x0, 0xd2, 0x80, 0x1e, 0x49,
    0x98, 0x40, 0x7, 0x33, 0x0, 0x68, 0x30, 0x3,
    0x20, 0x4, 0xad, 0x76, 0x10, 0xc, 0x6c, 0xc4,
    0x10, 0x3, 0x36, 0x0, 0x95, 0xc0, 0x5, 0x20,
    0x10, 0xd8, 0x1, 0x84, 0x3, 0xea, 0x0, 0xfe,
    0x3a, 0x0, 0xbc, 0x3, 0x58, 0x80, 0x24, 0x3,
    0xf3, 0x0, 0x42, 0x1, 0x8f, 0x40, 0x2a, 0x32,
    0x33, 0x32, 0x80, 0x19, 0x0, 0x3e, 0x51, 0x0,
    0x92, 0x40, 0x2d, 0x10, 0xa, 0xbb, 0x73, 0x12,
    0x0, 0x29, 0x0, 0xfd, 0x20, 0x1c, 0xd8, 0x20,
    0xa0, 0x1f, 0xfc, 0xf, 0x0, 0xfc, 0x66, 0x0,
    0xf1, 0xf9, 0xe0, 0x7, 0xfd, 0x44, 0x3, 0x44,
    0x1, 0xa0, 0x3, 0xf0, 0xfb, 0x55, 0xe6, 0xf6,
    0x90, 0x5, 0xa, 0x0, 0xb5, 0xd8, 0x0, 0x1a,
    0x0, 0x8, 0x0, 0xac, 0x0, 0xe1, 0x54, 0x32,
    0x3c, 0x20, 0x4, 0x38, 0x1, 0x94, 0x0, 0x80,
    0xf, 0x0, 0x2b, 0x0, 0x53, 0x28, 0x20, 0xc,
    0xda, 0x20, 0x8, 0x70, 0x1, 0xc8, 0x5, 0xc0,
    0xa6, 0x0, 0x90, 0xe, 0x67, 0x0, 0x8a, 0xe4,
    0x2, 0x97, 0x0, 0x16, 0x80, 0x54, 0x41, 0xc0,
    0x4, 0x30, 0xf, 0xe7, 0xd4, 0x0, 0xd, 0xb0,
    0x0, 0x7c, 0x40, 0xc, 0xa0, 0xd, 0x0, 0x48,
    0x7, 0xe6, 0xe8, 0x0, 0x8f, 0xd0, 0x0, 0x58,
    0x40, 0x4, 0x90, 0x9, 0x81, 0x88, 0x3, 0xe9,
    0x90, 0x80, 0x51, 0x82, 0x0, 0x3c, 0x20, 0x1,
    0xd8, 0x7, 0x3c, 0x0, 0x7e, 0x80, 0x9, 0x35,
    0xc0, 0x26, 0xc1, 0x0, 0x1e, 0x80, 0x7a, 0x4,
    0x3, 0xf0, 0xc9, 0x5d, 0x88, 0x0, 0x37, 0x20,
    0x18, 0x88, 0x1, 0xff, 0xc5, 0x6d, 0x40, 0x9,
    0xb9, 0x0, 0x38, 0x71, 0x80, 0x3f, 0xf9, 0x9,
    0xb2, 0x1, 0xa5, 0x0, 0x29, 0x90, 0x7, 0xff,
    0x15, 0x32, 0xc8, 0x2, 0x3d, 0x6b, 0x70, 0x9,
    0xac, 0x40, 0x3f, 0xf8, 0x2d, 0xb6, 0x60, 0x1a,
    0x30, 0x80, 0x11, 0x20, 0x12, 0x61, 0x0, 0x7f,
    0xcb, 0x24, 0x1, 0x9b, 0x9c, 0x3, 0x9a, 0xc0,
    0x22, 0x80, 0xf, 0xf9, 0x58, 0x2, 0x5d, 0x91,
    0x0, 0xf9, 0x34, 0x40, 0xa8, 0x3, 0xff, 0x81,
    0x26, 0xbb, 0x44, 0x1, 0xfe, 0x2f, 0x3f, 0x0,
    0xf5, 0xff, 0xa8, 0x3, 0x65, 0x10, 0x7, 0xff,
    0x4, 0x70, 0x80,

    /* U+6B21 "次" */
    0x0, 0xff, 0xe1, 0xa9, 0x0, 0x7f, 0xf1, 0x84,
    0x3, 0xfc, 0x35, 0xbe, 0xe0, 0x1f, 0xfc, 0x21,
    0x9e, 0x40, 0xf, 0xe6, 0x0, 0x88, 0x3, 0xff,
    0x82, 0x3c, 0xc1, 0x20, 0x1f, 0xd6, 0x1, 0x28,
    0x7, 0xff, 0x4, 0x54, 0x0, 0x4e, 0x1, 0xf1,
    0x18, 0x1, 0x40, 0x3f, 0xf8, 0x76, 0x1, 0x41,
    0x0, 0x7a, 0xc0, 0x22, 0x55, 0xff, 0xe0, 0x20,
    0x0, 0x5c, 0x2, 0x90, 0xf, 0x30, 0x4, 0xf5,
    0x5f, 0xfc, 0x10, 0xa, 0x4, 0x0, 0x88, 0x0,
    0xcc, 0x1, 0xff, 0xca, 0x80, 0xa, 0x40, 0x34,
    0x0, 0x7f, 0xf2, 0x98, 0x80, 0x4, 0xe0, 0x7,
    0x10, 0x3, 0xee, 0xff, 0xb0, 0x2, 0x40, 0xe,
    0x90, 0xa, 0xc0, 0x12, 0x0, 0x18, 0x22, 0xff,
    0x50, 0x5, 0x0, 0x1c, 0x88, 0x18, 0xc0, 0x81,
    0x0, 0x48, 0x1, 0xfb, 0xa1, 0x0, 0x89, 0x80,
    0xa, 0x40, 0x1e, 0x9f, 0x70, 0x37, 0x0, 0xb,
    0x80, 0x3c, 0x46, 0x0, 0xd0, 0x1, 0x40, 0x7,
    0xc4, 0x20, 0xf, 0x0, 0xac, 0x3, 0xfc, 0x4a,
    0x0, 0x52, 0x0, 0xff, 0x11, 0x0, 0x8, 0xa0,
    0x10, 0x80, 0x7a, 0x0, 0x28, 0x0, 0xff, 0x8b,
    0xd0, 0x24, 0x3, 0xf1, 0x80, 0x25, 0x1, 0x48,
    0x3, 0xf1, 0x0, 0x43, 0x7a, 0x40, 0x18, 0xc0,
    0x27, 0x0, 0x1d, 0xec, 0x0, 0x7e, 0x1d, 0xe9,
    0x30, 0x1, 0x0, 0x73, 0x0, 0x5a, 0x1, 0x88,
    0x80, 0x1f, 0x9c, 0x5, 0x94, 0x3, 0xf1, 0x80,
    0x4a, 0x1, 0xff, 0xc2, 0xa0, 0x9, 0xc0, 0x3e,
    0x30, 0xc, 0x44, 0x0, 0xff, 0xe0, 0x11, 0x80,
    0x10, 0x40, 0x3e, 0xb0, 0xe, 0xa0, 0xf, 0xfe,
    0x2, 0x80, 0x5c, 0x1, 0xf9, 0x80, 0x39, 0xc4,
    0x3, 0xfe, 0xa0, 0x9, 0x40, 0x3e, 0x71, 0x0,
    0x20, 0x5, 0x0, 0x1f, 0xe3, 0x20, 0x2, 0x80,
    0x7c, 0x50, 0x1, 0x51, 0x80, 0x18, 0xc0, 0x3f,
    0xa8, 0x2, 0xf0, 0xf, 0xbc, 0x2, 0x71, 0xf0,
    0xb, 0x44, 0x3, 0xf3, 0x80, 0x4a, 0x1, 0xeb,
    0x20, 0x1, 0x40, 0x1a, 0x80, 0x7, 0x40, 0x3e,
    0x41, 0x0, 0x28, 0x7, 0xad, 0x0, 0x2e, 0x0,
    0xac, 0x40, 0x7, 0x82, 0x1, 0xdc, 0x1, 0x70,
    0x6, 0x2d, 0x40, 0xa, 0x4c, 0x2, 0x1d, 0x0,
    0x8f, 0x8, 0x2, 0x15, 0x0, 0x90, 0x2, 0x5d,
    0x20, 0xa, 0x18, 0x3, 0x8e, 0x80, 0x22, 0xd5,
    0x0, 0x38, 0x4, 0xa0, 0x1, 0xba, 0x0, 0xd0,
    0xe0, 0x1f, 0x2c, 0x80, 0x6a, 0xa0, 0xd0, 0x5,
    0xc0, 0x7c, 0x80, 0x1a, 0x5c, 0x3, 0xf9, 0xa8,
    0x3, 0x2d, 0xec, 0x10, 0xa0, 0x19, 0x80, 0x21,
    0xc6, 0x0, 0xff, 0x97, 0x4, 0x2, 0x81, 0x7d,
    0xc0, 0xb, 0x80, 0xb, 0xe6, 0x1, 0xff, 0xc1,
    0x3f, 0x40, 0x82, 0x0, 0x88, 0x2, 0x2a, 0xba,
    0x10, 0xf, 0xfe, 0x18, 0xdd, 0x38, 0x0,

    /* U+6B63 "正" */
    0x0, 0xff, 0xeb, 0x6f, 0xff, 0xff, 0x3e, 0xc0,
    0x3f, 0xfe, 0xea, 0xbf, 0xfc, 0x20, 0x8, 0x55,
    0x7f, 0xd8, 0x1, 0x45, 0x57, 0xff, 0x4, 0x2,
    0x5a, 0xaf, 0xf3, 0x80, 0x7f, 0xff, 0xc0, 0x3f,
    0xf9, 0xf3, 0xff, 0x0, 0x7f, 0xf4, 0xc, 0x3,
    0xff, 0xfe, 0x0, 0x71, 0x1f, 0xf0, 0x7, 0xff,
    0x24, 0xfb, 0xbf, 0xa8, 0x3, 0xff, 0xfe, 0x1,
    0xfe, 0x15, 0x5f, 0xec, 0x0, 0xff, 0xe4, 0xad,
    0x57, 0xf3, 0x80, 0x7f, 0xff, 0xc0, 0x3f, 0xff,
    0xe0, 0x1f, 0xff, 0xf0, 0xf, 0xfe, 0xab, 0xff,
    0xe5, 0x0, 0xbf, 0xfe, 0x0, 0x93, 0xff, 0xfe,
    0xe0, 0xf, 0xff, 0xa1, 0x22, 0x7f, 0xf4, 0xc0,

    /* U+6C34 "水" */
    0x0, 0xff, 0xe1, 0xa3, 0x34, 0x1, 0xff, 0xd2,
    0xe9, 0x98, 0x40, 0x3f, 0xff, 0xe0, 0x1f, 0xff,
    0x93, 0x40, 0xf, 0xfe, 0x5a, 0x80, 0x7c, 0x5b,
    0x66, 0x1, 0xff, 0xca, 0xd0, 0xf, 0x16, 0x8,
    0x61, 0x80, 0x43, 0x55, 0xfe, 0x90, 0xf, 0x38,
    0x7, 0x16, 0x8, 0x4, 0xc0, 0x11, 0xaa, 0xff,
    0x9c, 0x3, 0xc2, 0x60, 0x11, 0x60, 0x80, 0x54,
    0xa0, 0x1f, 0xfc, 0xa9, 0x0, 0x1e, 0x8, 0x5,
    0x4a, 0x1, 0xff, 0xcb, 0x51, 0x4c, 0x10, 0xa,
    0xd4, 0x3, 0x8b, 0xff, 0xe5, 0x0, 0x10, 0x7,
    0xea, 0xb0, 0x8, 0x71, 0x0, 0x3f, 0xf8, 0x48,
    0x0, 0x50, 0xf, 0xc8, 0x1, 0xe, 0x18, 0x7,
    0xff, 0x9, 0x4, 0x1, 0x80, 0x1f, 0xf1, 0xf9,
    0x0, 0x7f, 0xf0, 0xf4, 0x2, 0x50, 0xf, 0x38,
    0x4, 0xb8, 0x20, 0x1f, 0xfc, 0x47, 0x0, 0x20,
    0x7, 0xd4, 0x20, 0x3, 0x0, 0xff, 0xe2, 0xb0,
    0x80, 0x34, 0x3, 0xe3, 0x90, 0x3, 0x20, 0x7,
    0xff, 0x12, 0x0, 0x26, 0x0, 0xfc, 0xe2, 0x0,
    0xa1, 0x0, 0xff, 0xe1, 0x30, 0x80, 0x18, 0x3,
    0xfd, 0x0, 0x1, 0xa0, 0xf, 0xfe, 0x14, 0x0,
    0x56, 0x1, 0xfe, 0x64, 0x0, 0x24, 0x80, 0x7f,
    0xf0, 0x20, 0x40, 0xc, 0x40, 0x1f, 0xf5, 0x0,
    0x4c, 0xe0, 0x1f, 0xe3, 0x70, 0xa, 0x0, 0x3f,
    0xf8, 0x3, 0x20, 0x14, 0x38, 0x7, 0xe1, 0xd0,
    0xa, 0x4, 0x3, 0xff, 0x82, 0xcc, 0x0, 0xa2,
    0x40, 0x3e, 0xd1, 0x0, 0x1b, 0x80, 0x7f, 0xf0,
    0xe5, 0x0, 0x26, 0xb1, 0x0, 0xd6, 0x60, 0x17,
    0x0, 0x7f, 0xf1, 0x6c, 0xc0, 0x24, 0xf4, 0x0,
    0x5a, 0x0, 0x54, 0x40, 0x1f, 0xfc, 0x6d, 0x30,
    0x8, 0x6c, 0xc0, 0x3a, 0x14, 0x3, 0xf0, 0x80,
    0x7f, 0x87, 0x4c, 0x2, 0x43, 0x8, 0x0, 0x2b,
    0x80, 0x7f, 0x28, 0x7, 0xfc, 0x38, 0x80, 0x9,
    0x0, 0x1a, 0x2d, 0x0, 0x43, 0x99, 0xde, 0x20,
    0x10, 0x80, 0x7f, 0x5b, 0x30, 0x80, 0x29, 0xa0,
    0xc, 0x24, 0x67, 0x80, 0x31, 0x0, 0x7f, 0xd3,
    0x20, 0xc, 0x40, 0x1e, 0x50, 0xf, 0xd6, 0x1,
    0xff, 0xcc, 0x30, 0xe, 0x14, 0xa6, 0x0, 0xff,
    0xe1, 0x80,

    /* U+6CA1 "没" */
    0x0, 0xce, 0xc0, 0x1f, 0x88, 0xbf, 0xf8, 0x40,
    0x1f, 0xc7, 0x13, 0x40, 0x1e, 0x1d, 0xdf, 0xfe,
    0x10, 0x7, 0xf7, 0x0, 0x17, 0x48, 0x3, 0xff,
    0xa1, 0x60, 0x11, 0x6b, 0x0, 0x7f, 0xf3, 0xdb,
    0x8, 0x2, 0x99, 0x0, 0x7a, 0x3b, 0xbc, 0xc0,
    0x1f, 0xfc, 0x13, 0xc4, 0x0, 0x94, 0x0, 0x60,
    0x10, 0x8f, 0xc0, 0x1f, 0xfc, 0x31, 0xb7, 0x0,
    0x78, 0x1, 0xc0, 0x23, 0x0, 0xff, 0xe5, 0xc5,
    0xb9, 0x80, 0x38, 0x2, 0x70, 0xf, 0xfe, 0x30,
    0x80, 0x72, 0x40, 0x1, 0x90, 0x0, 0x64, 0x1,
    0xfe, 0x95, 0x58, 0xc0, 0x2a, 0xd3, 0x0, 0xf4,
    0x48, 0x5, 0x20, 0x1f, 0x78, 0x4, 0xd5, 0x54,
    0x80, 0x19, 0xb, 0x24, 0x3, 0x5b, 0x80, 0x4a,
    0xa0, 0xf, 0x9c, 0x40, 0x3c, 0x40, 0xb, 0x0,
    0x9b, 0x4c, 0x1, 0x22, 0x0, 0x4a, 0x0, 0xfc,
    0x3a, 0xa4, 0x20, 0x16, 0x80, 0x31, 0x40, 0x22,
    0xc7, 0x2, 0xf2, 0x8b, 0x0, 0xff, 0x1d, 0x6f,
    0x7f, 0xca, 0x0, 0x1a, 0xa0, 0x6, 0x86, 0x1,
    0xf5, 0x22, 0xff, 0xe2, 0x0, 0x7c, 0xba, 0x60,
    0x2, 0x60, 0x4d, 0xdf, 0xfe, 0x30, 0x80, 0x7c,
    0x58, 0xc1, 0xc0, 0x1f, 0xfd, 0x39, 0xd3, 0x0,
    0xff, 0xea, 0x10, 0x4, 0xa0, 0x1b, 0x37, 0x7f,
    0x48, 0x4, 0x22, 0x0, 0xff, 0xe1, 0xb, 0x80,
    0x52, 0x45, 0xfa, 0xc0, 0x2b, 0x0, 0xff, 0x55,
    0xa8, 0x5, 0x2, 0x0, 0x55, 0x0, 0x7a, 0x8,
    0x0, 0x6a, 0x1, 0xfc, 0x2a, 0x95, 0x60, 0x15,
    0x0, 0x54, 0x40, 0x19, 0x1c, 0x2, 0xe0, 0xf,
    0xf4, 0x80, 0x58, 0x1, 0x23, 0x80, 0x5e, 0x20,
    0x4, 0xb0, 0xa, 0x8, 0x3, 0xfc, 0xc0, 0x13,
    0x0, 0x68, 0x40, 0x1, 0x60, 0xad, 0x80, 0x4a,
    0xe0, 0x1f, 0xe5, 0x10, 0x2, 0x88, 0x7, 0x51,
    0x0, 0xb, 0xe8, 0x2, 0x4a, 0x0, 0xff, 0xb8,
    0x2, 0x90, 0xf, 0xe, 0x10, 0x0, 0x40, 0x24,
    0xb0, 0xf, 0xf8, 0x90, 0x0, 0x46, 0x1, 0xf9,
    0xc0, 0x3d, 0xe0, 0x1f, 0xfc, 0xb, 0x0, 0xac,
    0x3, 0xc3, 0x1c, 0xa0, 0x1e, 0xbb, 0x20, 0x7,
    0xf9, 0x80, 0x26, 0x0, 0xc7, 0x3c, 0xe0, 0x18,
    0xc4, 0x2, 0x4b, 0xd6, 0x10, 0xf, 0x30, 0x4,
    0xc0, 0x1, 0x6c, 0xc3, 0x0, 0x61, 0xac, 0xe6,
    0x0, 0xc5, 0x3d, 0x4a, 0x1, 0xac, 0x2, 0xa0,
    0x9e, 0x93, 0x0, 0xc3, 0x1c, 0xa0, 0x9, 0xd5,
    0x0, 0xe5, 0xad, 0x0, 0x19, 0x0, 0xc, 0xc1,
    0xa0, 0x1c, 0x53, 0xce, 0x1, 0xc5, 0x58, 0xa0,
    0x1d, 0x0, 0x3, 0xd6, 0x1a, 0x0, 0x21, 0x80,
    0x12, 0xb5, 0x80, 0x3f, 0x8e, 0xb9, 0xc8, 0x9,
    0x40, 0x22, 0x9e, 0x60, 0xb, 0xe3, 0xad, 0x40,
    0x3f, 0xf8, 0x23, 0x1b, 0x7c, 0x0,

    /* U+6CE2 "波" */
    0x0, 0xff, 0xe4, 0x1b, 0xb9, 0x80, 0x3f, 0xf8,
    0x23, 0x0, 0x1f, 0xfc, 0x3b, 0x88, 0x80, 0x3f,
    0xf8, 0x34, 0xf8, 0x40, 0x1f, 0xfd, 0x16, 0x40,
    0x3c, 0x40, 0xf, 0xfe, 0x82, 0x10, 0x0, 0x6d,
    0xc0, 0x6, 0x89, 0xf8, 0x80, 0x2, 0x89, 0xf8,
    0x40, 0x22, 0xd4, 0x0, 0xa2, 0x83, 0x2e, 0xff,
    0x28, 0x5, 0x77, 0xf9, 0x0, 0x3a, 0xdc, 0x3,
    0xff, 0xab, 0x14, 0x3, 0x60, 0x1f, 0xfd, 0x25,
    0xca, 0x10, 0xd, 0x1d, 0xdc, 0xc0, 0x1, 0xee,
    0xd0, 0x1, 0x38, 0x4, 0x82, 0x1, 0x1a, 0x0,
    0x70, 0x8f, 0xc0, 0x10, 0x8e, 0xa0, 0x2, 0x10,
    0x0, 0x6f, 0xd0, 0x3, 0xff, 0x94, 0x84, 0x0,
    0xe0, 0xa, 0x80, 0x6e, 0x0, 0x3f, 0xf9, 0x4a,
    0x22, 0x50, 0x9, 0xc0, 0x27, 0xc1, 0x0, 0xff,
    0xe3, 0xa5, 0x77, 0x80, 0x6c, 0x60, 0x8, 0xfd,
    0x0, 0x3f, 0xf9, 0x22, 0x1, 0xd3, 0x40, 0x10,
    0xe8, 0x7, 0x4f, 0xff, 0x38, 0x0, 0x7f, 0xfd,
    0x0, 0x1e, 0x5d, 0x20, 0x18, 0x0, 0xff, 0xe8,
    0x96, 0xa5, 0x88, 0x7, 0xff, 0x4e, 0xd4, 0x3,
    0xce, 0x60, 0x15, 0x57, 0xcc, 0x1, 0x78, 0x7,
    0xff, 0x4, 0x40, 0x2c, 0xa0, 0xc, 0xab, 0xe2,
    0x0, 0x98, 0x3, 0xf3, 0x98, 0x4, 0x60, 0x19,
    0x80, 0x29, 0x0, 0xe2, 0x40, 0x2, 0x88, 0x7,
    0xc5, 0x19, 0xc8, 0x2, 0x1, 0x38, 0x38, 0x0,
    0xd4, 0x3, 0x40, 0x5, 0x0, 0x1f, 0x94, 0x0,
    0x2c, 0xc, 0x1, 0x10, 0x48, 0x5, 0x60, 0x12,
    0xa8, 0x0, 0xa4, 0x1, 0xfb, 0x0, 0x2, 0x40,
    0x40, 0x10, 0x80, 0xc0, 0x0, 0x68, 0xa, 0xc0,
    0x28, 0x0, 0xfe, 0x40, 0x3, 0x80, 0x34, 0x0,
    0x40, 0x13, 0x98, 0x1, 0x63, 0xc4, 0x1, 0x24,
    0x1, 0xf9, 0x40, 0x2d, 0x0, 0x20, 0x1, 0x0,
    0x37, 0x0, 0x4e, 0x40, 0x4, 0x60, 0xf, 0xef,
    0x0, 0x90, 0xc, 0x40, 0x1e, 0x1, 0x8a, 0xc0,
    0x38, 0xec, 0x3, 0xfc, 0xa0, 0x5, 0x0, 0x58,
    0x4, 0xe0, 0x1d, 0x80, 0x1c, 0x26, 0x1, 0xfc,
    0x80, 0x17, 0x80, 0x18, 0x0, 0x82, 0x1, 0x26,
    0xb8, 0x7, 0x16, 0x50, 0x80, 0x7d, 0xa0, 0x12,
    0x83, 0x8, 0x3, 0x80, 0x7, 0x96, 0x40, 0x12,
    0x88, 0x4, 0xbd, 0x24, 0x1, 0xce, 0x0, 0x40,
    0x4, 0x0, 0x9, 0x53, 0x30, 0x60, 0x10, 0xdd,
    0x7a, 0x80, 0x66, 0xdb, 0x50, 0x1, 0x88, 0x3,
    0x42, 0x4, 0x1, 0x77, 0x18, 0x6, 0x6f, 0x40,
    0x1a, 0xb2, 0x0, 0xc9, 0x0, 0xa, 0x0, 0x9c,
    0x14, 0x0, 0x4d, 0xc0, 0x19, 0x32, 0x44, 0x3,
    0x26, 0xc0, 0x80, 0x56, 0x0, 0x9b, 0x64, 0x10,
    0xc5, 0x8, 0x5, 0x30, 0x3b, 0xb1, 0x80, 0x7e,
    0x7f, 0x71, 0x26, 0x0, 0x92, 0x6c, 0x0, 0x35,
    0x6a, 0x0, 0xfb, 0xc4, 0x0, 0xff, 0x86, 0x3b,
    0xc0, 0x0,

    /* U+6D88 "消" */
    0x0, 0xff, 0xe3, 0xa4, 0x44, 0x1, 0xff, 0xc0,
    0x49, 0x0, 0xf9, 0x44, 0x3, 0xb1, 0xde, 0x10,
    0xe, 0x50, 0xe, 0xa6, 0xd3, 0x0, 0xcd, 0x58,
    0x20, 0x1f, 0xfc, 0x16, 0xab, 0x0, 0xa4, 0x40,
    0xb1, 0xc0, 0x9, 0x20, 0x5a, 0x1, 0xff, 0xc0,
    0x39, 0x4, 0xb0, 0x5, 0x90, 0x5, 0x16, 0x28,
    0xa0, 0x3, 0xa0, 0xf, 0xf1, 0x68, 0x5, 0x0,
    0x2, 0xd6, 0x0, 0x93, 0xc6, 0x90, 0x0, 0xb2,
    0x1, 0xf8, 0x70, 0x40, 0x14, 0x60, 0x1a, 0x68,
    0x2, 0x41, 0xb, 0x30, 0x3, 0x28, 0x7, 0x87,
    0x4, 0x1, 0xa, 0x1, 0xe5, 0xd2, 0xb, 0x0,
    0xb4, 0x41, 0x14, 0x3, 0xc2, 0xc0, 0x6, 0x70,
    0xf, 0xc5, 0xb8, 0x20, 0x10, 0xea, 0xd8, 0x7,
    0xeb, 0x65, 0x90, 0xe, 0x54, 0x0, 0xc6, 0x1,
    0xc7, 0x40, 0x1f, 0xe9, 0xa0, 0xe, 0x1b, 0xb4,
    0x0, 0x7a, 0x3f, 0xfe, 0x70, 0xb, 0xbf, 0xfe,
    0x10, 0xa1, 0x7, 0xc1, 0x0, 0xc2, 0x1, 0xff,
    0xc9, 0x30, 0x8, 0xfc, 0xc0, 0x3f, 0xf9, 0xb1,
    0x40, 0x10, 0xe3, 0x80, 0x7a, 0xab, 0xff, 0x80,
    0xc0, 0x1e, 0x5d, 0x20, 0xb, 0x40, 0x38, 0x55,
    0x7f, 0xf8, 0x1e, 0x1, 0xf1, 0x62, 0x0, 0xd8,
    0x7, 0xff, 0x3c, 0x6d, 0xac, 0x40, 0x38, 0x4c,
    0xff, 0xf8, 0x1c, 0x1, 0xfe, 0x95, 0x0, 0xfb,
    0x33, 0xff, 0x80, 0xe0, 0x1f, 0xfd, 0xe2, 0x0,
    0xff, 0xe9, 0x2e, 0xea, 0x4, 0x3, 0xf, 0xff,
    0xff, 0x2, 0x40, 0x3f, 0xb0, 0x9, 0xc0, 0x3f,
    0xfa, 0xe, 0x0, 0x41, 0x0, 0xff, 0xe7, 0x18,
    0x80, 0x34, 0x3, 0x87, 0xff, 0xff, 0x81, 0x20,
    0x1f, 0xac, 0x2, 0x70, 0xf, 0xfe, 0x7a, 0x80,
    0x10, 0x40, 0x3f, 0xf9, 0xc6, 0x40, 0xd, 0x0,
    0xfb, 0x33, 0xff, 0x80, 0xe0, 0x1f, 0x58, 0x4,
    0xe0, 0x1e, 0x13, 0x3f, 0xfe, 0x7, 0x0, 0x7c,
    0xa0, 0x3, 0x10, 0xf, 0xfe, 0x3f, 0x0, 0x78,
    0xc8, 0x1, 0x60, 0x1f, 0xfc, 0x23, 0x66, 0xd0,
    0xc0, 0x10, 0x80, 0x2c, 0x2, 0x50, 0xf, 0xfe,
    0x13, 0x4c, 0xe7, 0x10, 0x0, 0x80, 0x4c, 0x0,
    0x22, 0x0, 0x7f, 0xf0, 0x9c, 0x3, 0xf3, 0x0,
    0x54, 0xe6, 0xa0, 0x1f, 0xfc, 0x32, 0x0, 0xf1,
    0xc4, 0x0,

    /* U+6DFB "添" */
    0x0, 0xff, 0xec, 0x56, 0x8, 0x7, 0xff, 0x45,
    0x94, 0xfd, 0x0, 0x23, 0xff, 0xff, 0xe3, 0xc0,
    0x6, 0x80, 0x0, 0xdb, 0x80, 0x7f, 0xf3, 0xf0,
    0x80, 0x28, 0xa0, 0xf, 0xfe, 0x71, 0x6a, 0x80,
    0x4b, 0x47, 0x99, 0xf1, 0x0, 0x13, 0x33, 0xf4,
    0x80, 0x7a, 0x9c, 0x2, 0xe0, 0x33, 0xf8, 0x80,
    0x18, 0x67, 0xf8, 0x40, 0x3e, 0x8a, 0x7, 0x40,
    0xf, 0x8c, 0x2, 0x40, 0xf, 0xfe, 0x2a, 0xe4,
    0x0, 0x7e, 0xb0, 0x8, 0xc0, 0x3f, 0xf8, 0x22,
    0x1, 0x8c, 0x4, 0x8b, 0xe5, 0x0, 0x19, 0x17,
    0xfc, 0x1, 0x65, 0x80, 0x76, 0x6e, 0xfc, 0x40,
    0x3, 0xdd, 0xff, 0x94, 0x24, 0x93, 0x48, 0x3,
    0xff, 0x9e, 0x2c, 0x0, 0x2d, 0x40, 0xf, 0xfe,
    0x70, 0xe0, 0x80, 0x56, 0xe1, 0x9d, 0xdb, 0x4,
    0x0, 0x5d, 0xcd, 0x0, 0x97, 0xbb, 0xca, 0x7,
    0xe6, 0x1, 0x43, 0x8, 0xf7, 0x88, 0x2, 0x44,
    0x45, 0x20, 0x5, 0x41, 0x1e, 0x0, 0x87, 0x14,
    0x0, 0x4c, 0x1, 0xe, 0x18, 0x1, 0xd0, 0x2,
    0x63, 0x0, 0x52, 0x80, 0x7f, 0x53, 0x87, 0x80,
    0x47, 0x86, 0x0, 0x58, 0x0, 0xed, 0x20, 0x5,
    0x40, 0x7, 0xf4, 0x69, 0x0, 0x1f, 0x8, 0x0,
    0x95, 0x1f, 0xeb, 0x0, 0xe, 0x10, 0x1, 0xf9,
    0xc0, 0x3f, 0x10, 0x1e, 0x40, 0x4, 0xb6, 0x1,
    0xf8, 0x70, 0xc0, 0x3, 0x1e, 0xe0, 0x19, 0x14,
    0x4b, 0xc, 0x2, 0x8a, 0x0, 0xff, 0xe, 0x38,
    0x7, 0xf4, 0x57, 0x43, 0x0, 0x6, 0xdc, 0x3,
    0xff, 0x83, 0x16, 0x60, 0x2e, 0x1, 0x9, 0x80,
    0xe, 0x4d, 0x7f, 0xb5, 0xc4, 0x3, 0xcd, 0x64,
    0x9, 0x76, 0xeb, 0xb0, 0x6, 0x40, 0xb, 0x43,
    0x28, 0x14, 0xa0, 0xc0, 0x39, 0x65, 0x28, 0x31,
    0x2, 0xd1, 0x40, 0x36, 0x0, 0x48, 0x1, 0x48,
    0x1, 0x8, 0x3, 0x94, 0x41, 0x82, 0x40, 0xc,
    0x20, 0x1c, 0xe0, 0x3, 0x0, 0xcc, 0x0, 0xf0,
    0xf, 0x9c, 0x4, 0xc5, 0x80, 0x12, 0x1, 0x88,
    0x40, 0x8, 0x1, 0x38, 0x81, 0x20, 0x7, 0xda,
    0x0, 0xa0, 0xb0, 0x3, 0x0, 0x64, 0x0, 0xac,
    0x0, 0x30, 0x0, 0x80, 0xf, 0xc8, 0x20, 0xe0,
    0x48, 0x2, 0xc0, 0x16, 0x80, 0x46, 0x0, 0x80,
    0x1, 0x28, 0x7, 0xf3, 0x80, 0xa0, 0x70, 0x2,
    0xc0, 0x24, 0x0, 0x20, 0x0, 0xd8, 0x1, 0x0,
    0x18, 0x40, 0x3b, 0x40, 0x1a, 0xa, 0x20, 0x46,
    0x6, 0x1, 0x60, 0x2, 0xc0, 0x4, 0xa4, 0x52,
    0x38, 0x7, 0x20, 0x1, 0x0, 0x12, 0x0, 0xb0,
    0xb0, 0x9, 0x40, 0x11, 0x89, 0x21, 0xdb, 0xab,
    0x10, 0x1, 0x0, 0x55, 0x9a, 0x0, 0x66, 0x6c,
    0x2, 0x0, 0x4, 0x80, 0x23, 0xb4, 0x5, 0x0,
    0xf6, 0x80, 0x4a, 0x60, 0x10, 0xc9, 0x0, 0x36,
    0x95, 0x80, 0x3f, 0x78, 0x6, 0x29, 0x40, 0xf,
    0xfe, 0x0,

    /* U+6E05 "清" */
    0x0, 0xff, 0xe3, 0xa2, 0xa8, 0xc0, 0x3f, 0xf8,
    0x44, 0xc0, 0x1f, 0xfc, 0x29, 0xaa, 0x80, 0x3f,
    0xf8, 0x5d, 0x32, 0x0, 0xff, 0xe9, 0x41, 0x83,
    0x60, 0x80, 0x16, 0x67, 0xf1, 0x80, 0x12, 0x67,
    0xf4, 0x0, 0x7e, 0x3f, 0x30, 0xf6, 0x6f, 0xc2,
    0x0, 0x26, 0x6f, 0xce, 0x1, 0xa2, 0x80, 0x21,
    0xc5, 0x0, 0xff, 0xe4, 0x88, 0x7, 0x2e, 0x90,
    0x5, 0xb5, 0xff, 0xf8, 0x80, 0xd, 0xff, 0xfb,
    0x80, 0x3c, 0x58, 0x80, 0x90, 0x6, 0xab, 0xf1,
    0x80, 0x9, 0x57, 0xf0, 0x7, 0xe1, 0xb7, 0xa0,
    0x4, 0x55, 0x7c, 0x20, 0x4, 0xaa, 0xfc, 0x40,
    0x18, 0x40, 0x34, 0x8, 0x7, 0xff, 0x3f, 0x70,
    0x40, 0x3d, 0x7f, 0xff, 0x10, 0x1, 0x7f, 0xff,
    0x10, 0x4, 0xe6, 0x6f, 0x40, 0xf, 0xfe, 0x21,
    0x80, 0x7f, 0xf0, 0x24, 0x0, 0x36, 0xe0, 0xa,
    0xff, 0xfe, 0x20, 0x3, 0x7f, 0xff, 0x80, 0x1a,
    0x20, 0x14, 0x58, 0x88, 0x3, 0xff, 0x9a, 0x7e,
    0x80, 0x12, 0x56, 0xbb, 0xff, 0xf2, 0xc0, 0x21,
    0xb6, 0x0, 0xa5, 0xa2, 0x3f, 0xf9, 0x60, 0x1d,
    0x30, 0x10, 0x40, 0x5, 0x99, 0xff, 0xe3, 0x18,
    0x7, 0xe7, 0xc7, 0x0, 0xb1, 0x9b, 0xff, 0x8c,
    0xa0, 0x1f, 0xc6, 0x1, 0xff, 0xd4, 0x10, 0xf,
    0xc7, 0xff, 0xff, 0xc0, 0x10, 0xf, 0xfa, 0xba,
    0x90, 0x3, 0xff, 0xa4, 0x82, 0xba, 0x1, 0xc7,
    0xff, 0xff, 0xc0, 0x10, 0xf, 0xf2, 0x80, 0x5a,
    0x1, 0xff, 0xd1, 0xf0, 0x9, 0x0, 0x38, 0xa6,
    0x7f, 0xf8, 0x0, 0x1f, 0xf2, 0x80, 0x14, 0x3,
    0xc2, 0xcd, 0xff, 0xc0, 0x10, 0xf, 0xe4, 0x0,
    0xbc, 0x3, 0xc5, 0x11, 0xff, 0xc0, 0x10, 0xf,
    0xed, 0x0, 0x90, 0x3, 0xc2, 0xef, 0xff, 0xc0,
    0x0, 0xff, 0x38, 0x1, 0x4, 0x3, 0xff, 0xa0,
    0x82, 0x0, 0xd0, 0xf, 0x8f, 0xff, 0xff, 0x80,
    0x20, 0x1f, 0xb4, 0x2, 0x70, 0xf, 0xfe, 0x40,
    0x80, 0x7e, 0x70, 0x1, 0x88, 0x7, 0xff, 0x9,
    0xee, 0xf7, 0x0, 0x46, 0x1, 0x8c, 0x40, 0x16,
    0x1, 0xff, 0xc4, 0x44, 0xc2, 0x1, 0x20, 0x6,
    0x29, 0x40, 0x50, 0xf, 0xfe, 0x1a, 0x0, 0x70,
    0xa6, 0x8, 0x6, 0x16, 0xbf, 0x20, 0xe, 0x8d,
    0xd8, 0x3, 0xc7, 0xff, 0xdd, 0x66, 0x1, 0x80,

    /* U+6E10 "渐" */
    0x0, 0xff, 0xe0, 0x2a, 0x8c, 0x3, 0xff, 0x92,
    0xc2, 0x1, 0xf5, 0x53, 0xc, 0x3, 0xff, 0x84,
    0x48, 0x1, 0x3c, 0xe0, 0x80, 0x71, 0x80, 0x46,
    0x1, 0xfe, 0x25, 0x9d, 0xd5, 0x0, 0xe, 0x0,
    0xb0, 0x40, 0x32, 0x80, 0x10, 0x3, 0xc8, 0xd3,
    0x7d, 0xb4, 0xc4, 0x2, 0x60, 0x6c, 0x0, 0x2c,
    0x13, 0x44, 0x68, 0x0, 0x51, 0x31, 0x25, 0xcb,
    0x20, 0x80, 0x79, 0x40, 0x12, 0xc0, 0x2, 0xd8,
    0xbb, 0x20, 0x1, 0x6e, 0xf5, 0x0, 0x7f, 0x24,
    0xf3, 0x0, 0x52, 0xa0, 0x6, 0x10, 0xf, 0xfe,
    0x19, 0xb4, 0xe7, 0xdb, 0x8, 0x7, 0x52, 0x1d,
    0x0, 0x7f, 0xde, 0x1, 0xb2, 0x58, 0xc0, 0x3f,
    0xd7, 0xa1, 0x5e, 0xa0, 0x9, 0xff, 0xe7, 0x0,
    0xff, 0xe1, 0x88, 0x4, 0x20, 0x12, 0x0, 0x10,
    0x88, 0x1, 0xff, 0xc7, 0xdb, 0x0, 0xe3, 0x10,
    0x26, 0xdd, 0x28, 0x7, 0xff, 0x16, 0x8d, 0x30,
    0x40, 0x2a, 0x0, 0x28, 0x7, 0xff, 0x24, 0x40,
    0x7, 0xa2, 0x0, 0x70, 0x5, 0x0, 0x7f, 0xd9,
    0x9f, 0xac, 0x2d, 0x0, 0x7, 0x82, 0x82, 0x4,
    0x40, 0xf, 0xf8, 0xcf, 0xf2, 0x80, 0x2d, 0x0,
    0x5, 0x3c, 0x0, 0xa0, 0xf, 0xfe, 0x65, 0x98,
    0x24, 0x20, 0x2, 0x3a, 0xc0, 0x15, 0xdc, 0x20,
    0xd, 0x11, 0x0, 0x4d, 0x10, 0x0, 0xda, 0xb4,
    0x1, 0xc2, 0x1, 0x84, 0x40, 0x18, 0x5d, 0xe0,
    0xa, 0x9d, 0x80, 0x30, 0xd0, 0x80, 0x7f, 0xf5,
    0xa2, 0x38, 0x40, 0xb, 0x10, 0x31, 0x0, 0xff,
    0xe2, 0x55, 0xb9, 0x33, 0xbe, 0x0, 0xbd, 0xdc,
    0x20, 0x11, 0x80, 0x7f, 0xf0, 0x55, 0x21, 0x80,
    0x3f, 0xf8, 0x62, 0x1, 0xff, 0xc0, 0x30, 0x9,
    0x0, 0x3f, 0x85, 0x0, 0xc0, 0xe, 0x1, 0xff,
    0xc0, 0x40, 0x1, 0x80, 0x61, 0x40, 0xa, 0xba,
    0xc4, 0x40, 0x1, 0x0, 0xff, 0xe0, 0x60, 0x1,
    0xa, 0xb3, 0xfa, 0xc4, 0x3, 0x8f, 0x80, 0x4,
    0x1, 0xff, 0xc0, 0x40, 0x6, 0x32, 0x98, 0x7,
    0xf8, 0x80, 0x1c, 0x1, 0xff, 0x18, 0x4, 0x8e,
    0x1, 0xf9, 0x6b, 0x49, 0x80, 0x4, 0x1, 0xff,
    0x20, 0x0, 0xc0, 0x49, 0x62, 0xf4, 0x40, 0x1e,
    0xa4, 0x24, 0x0, 0x40, 0xf, 0xfb, 0x0, 0x8,
    0x5, 0xb4, 0xe8, 0x40, 0x1e, 0x70, 0x1, 0x80,
    0x7f, 0xf0, 0x10, 0x1, 0x80, 0x1f, 0xfc, 0x1a,
    0x0, 0x58, 0x7, 0xfc, 0x80, 0x12, 0x0, 0x7f,
    0xf0, 0xc, 0xc0, 0x6, 0x0, 0xff, 0xb0, 0x0,
    0x60, 0x1f, 0xfc, 0x18, 0x0, 0x28, 0x80, 0x7f,
    0xca, 0x0, 0x40, 0xf, 0xfe, 0x2, 0x20, 0x1,
    0x20, 0x1f, 0xfc, 0xf, 0x94, 0xc0, 0xf, 0xfe,
    0x2, 0x51, 0xa1, 0x80, 0x7f, 0xf0, 0x9, 0xad,
    0x0, 0x3f, 0x77, 0xf9, 0x41, 0x72, 0xc0, 0x3d,
    0xff, 0x18, 0x0,

    /* U+6ED1 "滑" */
    0x0, 0x90, 0x80, 0x3f, 0xfa, 0x45, 0x7a, 0xa0,
    0x1d, 0x1f, 0xff, 0xfc, 0x59, 0x0, 0xef, 0x0,
    0x54, 0x80, 0x7f, 0xf3, 0xc5, 0xc0, 0x26, 0xc2,
    0x0, 0xf2, 0x27, 0xfc, 0x1, 0xf8, 0x6a, 0x40,
    0x23, 0xd5, 0x0, 0xc3, 0x77, 0xff, 0x10, 0x7,
    0xf3, 0x60, 0x80, 0x5e, 0x1, 0xc8, 0x9f, 0x18,
    0x7, 0xff, 0x8, 0xfc, 0xc0, 0xa8, 0x3, 0xd,
    0xdf, 0xda, 0x1, 0xff, 0xc3, 0x1c, 0x6e, 0x0,
    0xff, 0xe9, 0xc9, 0x80, 0x70, 0xf7, 0x70, 0x7,
    0xff, 0xf, 0x28, 0x3, 0xfe, 0x11, 0xe0, 0xf,
    0xfe, 0x14, 0x1a, 0xe9, 0x0, 0x9, 0xdc, 0x80,
    0x1, 0x77, 0xd0, 0x1, 0x3b, 0xc6, 0x0, 0x57,
    0x71, 0xb, 0x80, 0xb, 0x54, 0x1e, 0x20, 0x60,
    0x14, 0x46, 0x70, 0x0, 0xc4, 0x42, 0x0, 0x38,
    0x83, 0x8d, 0x88, 0x5, 0x50, 0x1, 0xff, 0xce,
    0x4f, 0x30, 0x9, 0xf8, 0x2, 0xcc, 0xff, 0xe2,
    0x80, 0x78, 0x71, 0x40, 0x5, 0xc0, 0x11, 0x9f,
    0xff, 0x14, 0x3, 0xf5, 0x38, 0x70, 0x6, 0x99,
    0xff, 0xe2, 0x80, 0x7f, 0x46, 0x98, 0x6, 0x66,
    0xff, 0xe2, 0x80, 0x7f, 0x88, 0x12, 0xec, 0xc0,
    0x1f, 0xfc, 0x55, 0xbb, 0x20, 0x7, 0x18, 0x0,
    0x51, 0x1e, 0x1, 0x7f, 0xff, 0xc0, 0x11, 0x22,
    0x4, 0x3, 0x1e, 0x75, 0x18, 0x7, 0xff, 0x41,
    0x0, 0x54, 0x3, 0xef, 0xff, 0xf8, 0x3, 0xfe,
    0xc0, 0x0, 0x98, 0x7, 0xff, 0x41, 0x0, 0x8,
    0x1, 0xf5, 0x57, 0xfc, 0x1, 0xfe, 0x40, 0xb,
    0xc0, 0x3e, 0x55, 0xff, 0x80, 0x3f, 0xd8, 0x1,
    0x20, 0x7, 0xcc, 0xdf, 0xf0, 0x7, 0xf9, 0x0,
    0x4, 0x20, 0x1f, 0x4c, 0xff, 0xc0, 0x1f, 0xc2,
    0x60, 0x4, 0x0, 0xff, 0xe8, 0x20, 0x5, 0xa0,
    0x1f, 0xbf, 0xff, 0xe0, 0xf, 0xef, 0x0, 0x90,
    0x3, 0xff, 0x8c, 0x80, 0x17, 0x80, 0x72, 0x0,
    0xc, 0x3, 0xff, 0x84, 0x3d, 0xd7, 0xd8, 0x4,
    0x20, 0x19, 0x4, 0x0, 0x80, 0x1f, 0xfc, 0x21,
    0x31, 0x10, 0x7, 0x38, 0x6, 0x68, 0x30, 0xc0,
    0xf, 0xfe, 0x1a, 0x80, 0x61, 0x4c, 0x10, 0xc,
    0x4f, 0x9c, 0x80, 0x1c, 0xf9, 0x90, 0x7, 0xa3,
    0xff, 0x75, 0x98, 0x6,

    /* U+6EE1 "满" */
    0x0, 0xff, 0xe1, 0x1a, 0xa9, 0x0, 0x38, 0xd5,
    0x48, 0x1, 0xfc, 0xc4, 0x1, 0xfd, 0x55, 0x48,
    0x7, 0x5d, 0x52, 0x40, 0x3f, 0x2c, 0xe1, 0x80,
    0x7f, 0xf4, 0xa, 0x80, 0x71, 0x80, 0x4, 0x5c,
    0x60, 0x11, 0x17, 0x8, 0x4, 0x45, 0xc2, 0x4,
    0xe0, 0x14, 0xc0, 0xee, 0xf2, 0x80, 0xb, 0x77,
    0x98, 0x0, 0x5b, 0xbd, 0x60, 0x8, 0x90, 0x9,
    0xe8, 0x3, 0xff, 0x9e, 0xd4, 0x1, 0x11, 0x9f,
    0x8, 0x4, 0x67, 0xc2, 0x1, 0x19, 0xf1, 0x0,
    0x65, 0xb0, 0x49, 0xcc, 0xe7, 0x0, 0x16, 0x67,
    0x30, 0x0, 0xb3, 0x3a, 0x0, 0x39, 0x32, 0xc0,
    0x3f, 0xf8, 0xc2, 0x1, 0xff, 0xc0, 0x30, 0x0,
    0x8f, 0x47, 0x73, 0x4, 0x7a, 0x7b, 0x9a, 0x23,
    0xe0, 0x4, 0xc8, 0x3, 0xbb, 0xbf, 0xf9, 0x74,
    0xc, 0xd6, 0x8, 0x7, 0xff, 0x42, 0xc0, 0x7,
    0x84, 0x0, 0x22, 0xf0, 0x80, 0x44, 0x50, 0x80,
    0x44, 0x5f, 0x6, 0x18, 0x0, 0xb5, 0x3, 0x77,
    0xd0, 0x0, 0x5d, 0xda, 0x0, 0x9, 0xbb, 0xe9,
    0x1, 0xc4, 0x0, 0xad, 0x80, 0x3f, 0xf9, 0xf6,
    0xc0, 0x12, 0x0, 0x78, 0x40, 0x3c, 0x20, 0x1f,
    0xfc, 0x29, 0x70, 0xa2, 0x7f, 0xfe, 0x80, 0x2,
    0xff, 0xd0, 0x0, 0x4f, 0xfe, 0xa0, 0xf, 0x46,
    0x28, 0x7, 0xff, 0x4c, 0xc0, 0x3c, 0x23, 0x0,
    0x4, 0x70, 0x4, 0x23, 0x80, 0x3f, 0x24, 0x20,
    0x7, 0x2f, 0x72, 0xc0, 0x11, 0xdd, 0x30, 0x3,
    0x3b, 0x92, 0x1, 0xfb, 0x9e, 0xf4, 0x3, 0xe2,
    0x0, 0x68, 0x4, 0x60, 0x2, 0x0, 0xff, 0x90,
    0x0, 0xe0, 0x1f, 0x68, 0x1, 0x24, 0x0, 0xe0,
    0x9, 0x0, 0xff, 0x10, 0x80, 0x30, 0x3, 0xe4,
    0x0, 0x99, 0x80, 0x40, 0x6, 0x60, 0x7, 0xf2,
    0x80, 0x48, 0x1, 0xe2, 0x10, 0x30, 0x4, 0xc8,
    0x3, 0x4a, 0x0, 0x7e, 0xc0, 0x0, 0x90, 0x7,
    0xa0, 0x1, 0x16, 0x4, 0x80, 0x7, 0x0, 0x57,
    0x0, 0x7c, 0x80, 0x7, 0x0, 0xf1, 0x28, 0xa,
    0x22, 0x60, 0x80, 0xe1, 0x80, 0x58, 0x3, 0xc8,
    0x1, 0x60, 0x7, 0xf, 0x0, 0x24, 0x0, 0xd0,
    0x0, 0x90, 0x93, 0x47, 0x0, 0xf6, 0x0, 0x48,
    0x1, 0xc8, 0x60, 0x2e, 0x0, 0x82, 0x2, 0x50,
    0x6, 0xdf, 0x80, 0x79, 0x0, 0x4, 0x20, 0x1c,
    0x8c, 0x14, 0x0, 0x27, 0x0, 0x48, 0x4, 0x20,
    0x1f, 0x9, 0x80, 0x10, 0x3, 0xc3, 0x36, 0x80,
    0x2, 0xc2, 0x54, 0x0, 0xc3, 0x60, 0x3, 0x0,
    0x20, 0x5, 0x80, 0x1f, 0x90, 0x3, 0x1e, 0xd0,
    0x3, 0x7f, 0xdc, 0x60, 0x1, 0x0, 0x60, 0x4,
    0x80, 0x1f, 0xfc, 0x67, 0x0, 0xf5, 0x80, 0x2d,
    0xc8, 0x82, 0x1, 0xff, 0xc6, 0xc0, 0xc, 0x74,
    0x60, 0x2, 0x8d, 0xc0, 0xc, 0xdb, 0xab, 0x0,
    0xff, 0x9b, 0xff, 0x62, 0x80, 0x0,

    /* U+6F14 "演" */
    0x0, 0xff, 0xe3, 0x12, 0xbb, 0x0, 0x7f, 0xf0,
    0xcc, 0x3, 0xff, 0x85, 0xf5, 0x10, 0x0, 0xff,
    0xe1, 0x16, 0x60, 0x80, 0x3f, 0xf8, 0xa, 0x0,
    0x14, 0x0, 0xff, 0xe0, 0xf0, 0x1e, 0xa0, 0x7,
    0xfd, 0x60, 0x16, 0x80, 0x7f, 0xf0, 0x4, 0x3,
    0x5c, 0x7, 0x7f, 0xfe, 0xc0, 0x9, 0xbf, 0xff,
    0x98, 0x0, 0x38, 0xa0, 0x13, 0xd0, 0x7, 0xff,
    0x42, 0x9c, 0x2, 0xf0, 0xf, 0xfe, 0x8c, 0x50,
    0x2a, 0x80, 0x2b, 0xff, 0xff, 0xe2, 0x10, 0x7,
    0xf2, 0xe5, 0x0, 0x7f, 0xf5, 0xc, 0x3, 0xaf,
    0xff, 0xff, 0x88, 0x40, 0x1e, 0xa8, 0x0, 0xff,
    0xe9, 0xba, 0xbd, 0x88, 0x5, 0xdf, 0xe5, 0x22,
    0xf0, 0x4, 0x45, 0xf6, 0xff, 0x98, 0x6, 0x0,
    0x9, 0xe6, 0x1, 0xd5, 0xbb, 0xd8, 0x1, 0x66,
    0xef, 0x88, 0x3, 0xe, 0x8, 0x0, 0x71, 0x40,
    0x3f, 0xf9, 0xe7, 0xe6, 0x1, 0x54, 0x3, 0x7f,
    0xfd, 0xc0, 0x17, 0x7f, 0xfd, 0x80, 0x1c, 0x38,
    0x80, 0x16, 0x80, 0x80, 0x7f, 0xf1, 0xc4, 0x3,
    0xeb, 0x60, 0x65, 0x0, 0xe3, 0x3e, 0x0, 0x8c,
    0xf8, 0x80, 0x3f, 0xe9, 0x98, 0x3, 0x8f, 0x33,
    0x68, 0x5, 0xb9, 0x9a, 0xc0, 0x3f, 0xf8, 0xc,
    0x1, 0xff, 0xd4, 0xa7, 0x30, 0xe, 0x3f, 0xfd,
    0xc0, 0x17, 0x7f, 0xe9, 0x0, 0xff, 0x12, 0xc6,
    0x30, 0x7, 0xff, 0x45, 0x0, 0x24, 0x0, 0xc2,
    0xef, 0x98, 0x2, 0x67, 0x7c, 0x80, 0x1f, 0xed,
    0x0, 0x11, 0x0, 0x31, 0x44, 0x70, 0x5, 0x11,
    0xda, 0x1, 0xfe, 0x40, 0x2, 0x80, 0x7f, 0xf4,
    0x50, 0x2, 0xb0, 0xe, 0x3f, 0xfd, 0xc0, 0x17,
    0x7f, 0xe9, 0x0, 0xfe, 0xd0, 0x0, 0x98, 0x7,
    0xff, 0x45, 0xc0, 0xe, 0x1, 0x11, 0x9f, 0xff,
    0x1d, 0x0, 0x38, 0xc4, 0x1, 0xa0, 0x12, 0xe6,
    0x6e, 0x57, 0xcc, 0xe7, 0x74, 0xe6, 0x69, 0x0,
    0xeb, 0x0, 0x90, 0x3, 0xcb, 0x7a, 0xc8, 0x40,
    0x11, 0x22, 0x2b, 0xa0, 0x80, 0x3e, 0x60, 0x2,
    0x0, 0x63, 0x9e, 0xa4, 0x0, 0x94, 0x2, 0x40,
    0x8, 0x5f, 0x71, 0x80, 0x31, 0x88, 0x3, 0x40,
    0x67, 0xb1, 0x84, 0x2, 0x4b, 0x70, 0x9, 0xba,
    0x4, 0x2, 0x39, 0xf9, 0x0, 0x50, 0x4, 0xe0,
    0x6, 0x10, 0xc, 0xdb, 0x68, 0x1, 0xc2, 0xfd,
    0x48, 0x1, 0x9c, 0x1, 0x4e, 0x64, 0x20, 0x2a,
    0x0, 0x28, 0xe9, 0x20, 0xf, 0xf2, 0xde, 0xb0,
    0x1, 0x80, 0x7, 0x19, 0xa0, 0x14, 0xbe, 0x6b,
    0x88, 0x7, 0xff, 0x8, 0xa7, 0xe2, 0x40,

    /* U+70B9 "点" */
    0x0, 0xff, 0xe0, 0x91, 0x9c, 0x1, 0xff, 0xd1,
    0x8c, 0xc8, 0x40, 0x3f, 0xfe, 0xb2, 0xef, 0xff,
    0xc1, 0x20, 0xf, 0xfe, 0x33, 0xc4, 0x7f, 0xf0,
    0x58, 0x3, 0xff, 0xfe, 0x1, 0xfd, 0xdf, 0xff,
    0xfc, 0x14, 0x0, 0xff, 0xfd, 0xbb, 0xff, 0x30,
    0x4, 0xce, 0xff, 0xe4, 0x0, 0xf8, 0x62, 0x3f,
    0x8c, 0x2, 0x88, 0xff, 0xb4, 0x3, 0xff, 0xfe,
    0x0, 0x6f, 0xff, 0xfe, 0x27, 0x0, 0x7f, 0xf5,
    0x4, 0x3, 0xff, 0xfe, 0x1, 0xff, 0xdb, 0x58,
    0x8f, 0xfe, 0x28, 0x7, 0xff, 0xc, 0xdd, 0xff,
    0xf8, 0xa0, 0x1f, 0xff, 0xf0, 0x0, 0xf7, 0xff,
    0xff, 0x2b, 0xa4, 0x3, 0xe1, 0xeb, 0x50, 0xe,
    0x10, 0xf, 0x21, 0x80, 0x62, 0xae, 0x20, 0xf,
    0x98, 0x12, 0x88, 0x12, 0xfb, 0xc0, 0x34, 0x7d,
    0xc0, 0x4, 0x3a, 0xa1, 0x20, 0x1f, 0x48, 0x0,
    0xc8, 0x0, 0x82, 0x22, 0x0, 0xb8, 0x0, 0x84,
    0x0, 0x16, 0x0, 0x22, 0x0, 0x39, 0x44, 0x1,
    0x20, 0x5, 0x0, 0x90, 0x2, 0x70, 0xa, 0x80,
    0x28, 0x0, 0xa4, 0x3, 0xa0, 0x0, 0x2a, 0x0,
    0x12, 0x0, 0x78, 0x4, 0x2a, 0x0, 0x60, 0x8,
    0x60, 0x0, 0x4c, 0x1, 0x31, 0x0, 0x24, 0x3,
    0x38, 0x1, 0x0, 0x37, 0x0, 0x5, 0x0, 0x27,
    0x10, 0x4, 0x0, 0x6, 0x0, 0x2, 0xe0, 0x1b,
    0x40, 0x4, 0x1, 0x90, 0x2, 0xd0, 0xd, 0x0,
    0x1, 0x80, 0x81, 0x0, 0x48, 0x7, 0x18, 0x4,
    0x60, 0x19, 0x40, 0xe, 0x1, 0x98, 0x80, 0xc,
    0x16, 0x80, 0x2e, 0x1, 0xca, 0x4, 0xa2, 0x1,
    0xb9, 0x6b, 0xc0, 0x3a, 0x1, 0xbc, 0xa, 0xee,
    0x0, 0xf0, 0xfe, 0xd1, 0x0, 0x64, 0xa5, 0x10,
    0xe, 0x5c, 0x91, 0x0,

    /* U+70ED "热" */
    0x0, 0xe3, 0x66, 0x20, 0x7, 0xe6, 0x68, 0x3,
    0xff, 0x8d, 0x73, 0x2f, 0x0, 0xf8, 0x66, 0x62,
    0x0, 0xff, 0xff, 0x80, 0x7f, 0xf1, 0x4, 0x8a,
    0x0, 0x98, 0x8b, 0xc0, 0x1e, 0x2f, 0xfc, 0xe0,
    0x4, 0xff, 0x91, 0xb7, 0x58, 0x1, 0x5e, 0xef,
    0x94, 0x3, 0xff, 0xf6, 0x55, 0x59, 0x40, 0x7,
    0x55, 0x2b, 0x6e, 0xb0, 0x2, 0xcd, 0xd8, 0x3,
    0xfc, 0xab, 0x88, 0x0, 0xea, 0xb0, 0x88, 0x88,
    0x20, 0x11, 0x16, 0x0, 0xff, 0xe4, 0x10, 0x6,
    0x10, 0x8, 0x40, 0x3f, 0xf9, 0xd, 0x5d, 0x80,
    0x86, 0xc, 0x1, 0xff, 0xc7, 0x15, 0x40, 0x1,
    0x28, 0x88, 0x27, 0x2f, 0x0, 0x2, 0x1, 0x84,
    0x3, 0xf1, 0x46, 0x75, 0x18, 0x7, 0x98, 0x81,
    0x18, 0x0, 0x40, 0x1f, 0xfc, 0x15, 0x73, 0x0,
    0xf2, 0x46, 0x11, 0x0, 0x3c, 0x20, 0x11, 0x80,
    0xc, 0x4, 0x40, 0x2, 0x0, 0xf9, 0x2d, 0xcd,
    0x36, 0x0, 0x31, 0xfb, 0x0, 0x7c, 0x9d, 0x62,
    0x20, 0x38, 0xd7, 0x0, 0xfc, 0xec, 0x1, 0x86,
    0x75, 0x4, 0x0, 0x21, 0xa0, 0x82, 0x9d, 0x8e,
    0x40, 0x1f, 0xc4, 0xc0, 0x1e, 0x22, 0x38, 0x3,
    0xc0, 0xc0, 0x80, 0x2, 0x1, 0xff, 0xc0, 0xf0,
    0xb, 0x20, 0x0, 0x2c, 0x20, 0x2, 0x5, 0x7,
    0x0, 0xfe, 0x10, 0xd, 0x64, 0x0, 0x53, 0x7e,
    0x49, 0xd, 0x0, 0x22, 0x4, 0x34, 0x0, 0x23,
    0x12, 0x80, 0x7a, 0xd0, 0x0, 0x36, 0x0, 0x1b,
    0x70, 0x40, 0x0, 0xd8, 0x1, 0x0, 0xfb, 0xad,
    0x20, 0x1, 0x1, 0x6a, 0x0, 0x5a, 0x20, 0x1e,
    0x32, 0x0, 0xc6, 0x60, 0x30, 0xf, 0xb0, 0x1c,
    0x80, 0x2b, 0x30, 0xf, 0xd0, 0x1, 0xa0, 0x2,
    0x30, 0xc, 0x30, 0x80, 0xb8, 0x21, 0x48, 0x1,
    0xfc, 0xb0, 0x22, 0x94, 0x0, 0xb7, 0x77, 0x71,
    0xc0, 0x23, 0xcb, 0x50, 0xc, 0x22, 0x0, 0xf4,
    0x73, 0x0, 0x61, 0x24, 0xc8, 0x40, 0x9, 0x1e,
    0x90, 0x2, 0x5c, 0xe6, 0x0, 0x93, 0x62, 0x2,
    0x1, 0xf5, 0x8b, 0x48, 0x1, 0x6e, 0x1c, 0x40,
    0x2d, 0x30, 0xa0, 0x8, 0x48, 0x6, 0x0, 0x3c,
    0x64, 0x0, 0xa0, 0x2, 0x0, 0x48, 0x1, 0x50,
    0x0, 0x8c, 0x0, 0xa8, 0x0, 0x63, 0x0, 0xe9,
    0x0, 0x98, 0x0, 0x22, 0x0, 0x68, 0x4, 0x46,
    0x0, 0xa0, 0xa, 0x40, 0x28, 0x0, 0xc4, 0xa0,
    0x5, 0x10, 0x9, 0x0, 0x8, 0x1, 0xa8, 0x0,
    0xe0, 0x11, 0x30, 0x1, 0x10, 0x1, 0x48, 0x5,
    0x0, 0x1b, 0x40, 0x6, 0x1, 0x9c, 0x0, 0x28,
    0x1, 0x40, 0x5, 0x20, 0x4, 0x40, 0x1, 0x48,
    0x3, 0x18, 0x4, 0x40, 0x10, 0xa0, 0x3, 0x40,
    0x21, 0x70, 0x1, 0x28, 0x9, 0x0, 0x20, 0x3,
    0x98, 0x2, 0x70, 0xd, 0xa4, 0xd4, 0x1, 0xa4,
    0x6, 0x54, 0x17, 0x6a, 0x8, 0x3, 0x8a, 0x2f,
    0x94, 0x3, 0x36, 0xc9, 0x80, 0x61, 0xbf, 0x60,
    0x0,

    /* U+7259 "牙" */
    0x1, 0xff, 0xff, 0xe9, 0x38, 0x7, 0xff, 0xdc,
    0x62, 0x3f, 0xf8, 0xe2, 0x1, 0x44, 0x7c, 0x80,
    0x7, 0x7f, 0xfe, 0x39, 0x0, 0x4e, 0xff, 0x18,
    0x7, 0xbb, 0x25, 0x40, 0x3f, 0xfa, 0x8, 0x26,
    0xde, 0x1, 0xff, 0xd0, 0xd0, 0xb, 0xc0, 0x3f,
    0xfa, 0xe, 0x1, 0x28, 0x7, 0xff, 0x3c, 0xc4,
    0x0, 0x80, 0x1f, 0xfd, 0x4, 0x0, 0xb4, 0x3,
    0xff, 0xa1, 0x60, 0x19, 0x57, 0xff, 0x80, 0x20,
    0x12, 0xaf, 0xc6, 0x1, 0x84, 0x2, 0x9a, 0xaf,
    0xfe, 0x1, 0x0, 0x55, 0x5f, 0x78, 0x7, 0xff,
    0xeb, 0x37, 0x7f, 0xd0, 0x1, 0xe, 0x18, 0x5,
    0xbb, 0xf8, 0x3, 0x9, 0x17, 0xf0, 0xc0, 0x5,
    0x46, 0x1, 0x88, 0xbe, 0x10, 0xf, 0xfe, 0x9,
    0xe8, 0x4, 0xe8, 0x1, 0xff, 0xcd, 0x3d, 0x10,
    0x2, 0xc0, 0x7, 0xff, 0x35, 0x30, 0x40, 0x7,
    0x40, 0x1f, 0xfc, 0xd7, 0xb0, 0x8, 0xf0, 0x3,
    0xff, 0x9b, 0x50, 0x1, 0x1e, 0x80, 0x7f, 0xf3,
    0xf, 0x94, 0x2, 0x4c, 0x10, 0xf, 0xfe, 0x50,
    0xce, 0x8, 0x4, 0xf6, 0x1, 0xff, 0xcb, 0x6f,
    0x60, 0xd, 0x50, 0x1, 0xff, 0xca, 0x5d, 0x91,
    0x0, 0x8f, 0x54, 0x3, 0xf8, 0x40, 0x3f, 0xf8,
    0x17, 0x44, 0x1, 0xa3, 0x8, 0x3, 0xf8, 0x48,
    0x3, 0xff, 0x81, 0xa0, 0x18, 0xf5, 0xc0, 0x30,
    0xcc, 0xf5, 0x78, 0x7, 0xff, 0x5, 0x88, 0x6,
    0xb0, 0x80, 0x38, 0x59, 0xb9, 0x44, 0x2, 0x40,
    0xf, 0xf7, 0x47, 0x28, 0x7, 0xe2, 0x0, 0xfe,
    0xf0, 0xf, 0xf1, 0xb8, 0x7, 0xf9, 0xc0, 0x3c,
    0x4b, 0x88, 0x1, 0xf8,

    /* U+725B "牛" */
    0x0, 0xff, 0xe1, 0x1f, 0xfd, 0x0, 0x1f, 0xfc,
    0x73, 0x82, 0x0, 0xfe, 0x10, 0xf, 0xfe, 0x3d,
    0x3e, 0xe8, 0x80, 0x3f, 0xf9, 0xee, 0x0, 0x22,
    0x0, 0x7f, 0xf3, 0x88, 0x40, 0x8, 0x1, 0xff,
    0xcf, 0x50, 0xb, 0x0, 0x3f, 0xf9, 0xf4, 0x1,
    0x28, 0x7, 0xff, 0x38, 0x88, 0x1, 0x5c, 0xcf,
    0x0, 0x49, 0x33, 0xfe, 0x60, 0xf, 0x50, 0x6,
    0x66, 0xe5, 0x0, 0x89, 0x9b, 0xfd, 0xa0, 0x1e,
    0x60, 0xf, 0xfe, 0x92, 0x88, 0x7, 0xff, 0x4a,
    0x40, 0x29, 0xff, 0xf6, 0x0, 0x4d, 0xff, 0xfe,
    0xb0, 0xc, 0x66, 0x0, 0x98, 0x3, 0xff, 0x9d,
    0x0, 0x13, 0x0, 0x7f, 0xf3, 0x8d, 0x0, 0x2b,
    0x0, 0xff, 0xe7, 0x38, 0x80, 0x14, 0x80, 0x3f,
    0xf9, 0xc9, 0xec, 0x12, 0x1, 0xff, 0xd0, 0x19,
    0xd3, 0x0, 0xff, 0xe9, 0x10, 0x7, 0xff, 0x3f,
    0x7f, 0xff, 0xf8, 0x38, 0x1, 0x37, 0xff, 0xff,
    0x3, 0x80, 0x3f, 0xfe, 0x8a, 0xbf, 0xfc, 0x24,
    0x0, 0x89, 0x57, 0xff, 0x80, 0xf1, 0x55, 0xff,
    0xc1, 0x80, 0x9, 0x2a, 0xbf, 0xf8, 0x12, 0x1,
    0xff, 0xff, 0x0, 0xff, 0xff, 0x80, 0x7f, 0xff,
    0xc0, 0x3f, 0xfe, 0x60,

    /* U+7269 "物" */
    0x0, 0xff, 0xed, 0x2f, 0x74, 0x1, 0xf7, 0x6c,
    0x90, 0x7, 0xff, 0x14, 0xc4, 0x60, 0xf, 0x18,
    0x93, 0x0, 0x7f, 0xf4, 0x28, 0x0, 0x44, 0x0,
    0xff, 0xe0, 0xc7, 0x68, 0x80, 0x7f, 0x9c, 0x0,
    0xa0, 0x1f, 0xfc, 0x21, 0x11, 0x0, 0x7f, 0x94,
    0x40, 0x14, 0x1, 0xff, 0xc2, 0x20, 0x0, 0x80,
    0x7f, 0x48, 0x0, 0x5d, 0x57, 0xfe, 0x40, 0x3,
    0x0, 0x80, 0x7f, 0x19, 0x80, 0x3, 0x55, 0xff,
    0xc0, 0x90, 0x1, 0x80, 0x1f, 0x0, 0x27, 0x72,
    0x4, 0x0, 0x7f, 0xf1, 0x4, 0x0, 0x20, 0x30,
    0xa0, 0x14, 0x43, 0x8d, 0x0, 0x3f, 0xf8, 0xc2,
    0x1, 0xff, 0x78, 0x0, 0x77, 0x0, 0x9, 0xba,
    0x0, 0x26, 0xb8, 0x1, 0xc1, 0x40, 0x3f, 0xc8,
    0x60, 0xb, 0x27, 0x0, 0x61, 0x18, 0x0, 0xcb,
    0xc0, 0x31, 0x0, 0x27, 0xe4, 0x2, 0xfe, 0x0,
    0x8d, 0x43, 0x0, 0x6, 0xa, 0x0, 0xe0, 0xf0,
    0x0, 0x87, 0x80, 0x14, 0x3, 0xd6, 0x20, 0xe,
    0x0, 0x28, 0x1, 0x3, 0x0, 0x4, 0x2, 0x0,
    0x30, 0x50, 0x1, 0x0, 0x7a, 0xcc, 0x20, 0x80,
    0xc8, 0xc, 0x0, 0x60, 0x5, 0x0, 0xf1, 0x0,
    0x88, 0x3, 0xc3, 0x8e, 0xe0, 0x5, 0x0, 0x2c,
    0x0, 0x80, 0x22, 0x3, 0x0, 0x8, 0xc0, 0x40,
    0x1f, 0xd0, 0x0, 0x16, 0x0, 0x28, 0x18, 0x1,
    0x40, 0x2, 0x1, 0x98, 0xd0, 0x3, 0xc2, 0xd8,
    0x1, 0x40, 0x0, 0xc8, 0x2c, 0x1, 0x80, 0x1d,
    0xe3, 0x39, 0x0, 0x1e, 0xe9, 0x30, 0x1, 0xb0,
    0x2, 0x40, 0xa, 0x0, 0x40, 0x3, 0x80, 0x7e,
    0x2c, 0x0, 0xf1, 0x7, 0x80, 0x9, 0x41, 0x8,
    0x0, 0x60, 0x1, 0x0, 0x8, 0x4, 0xd7, 0xaa,
    0x1, 0xc2, 0x12, 0x60, 0x9, 0x0, 0x78, 0x1,
    0x40, 0x23, 0x0, 0x18, 0xd7, 0xca, 0x0, 0x72,
    0x5f, 0x3b, 0x0, 0x11, 0x0, 0x28, 0x0, 0xf0,
    0xf, 0x85, 0x40, 0x3f, 0x5a, 0x22, 0x80, 0x3,
    0x40, 0xb, 0x0, 0xa, 0x80, 0x42, 0x0, 0x10,
    0x30, 0x9, 0x14, 0x3, 0x25, 0x80, 0x54, 0x20,
    0x6a, 0x0, 0x90, 0xf, 0x9c, 0x10, 0x63, 0xaf,
    0x0, 0x36, 0x80, 0x50, 0x80, 0xf, 0x0, 0xb,
    0x80, 0x42, 0x1, 0xd3, 0xce, 0x20, 0x1e, 0x95,
    0x6, 0x70, 0x3, 0x18, 0x2, 0x40, 0x3f, 0x8,
    0x8, 0x7, 0xfa, 0xa6, 0x40, 0x2, 0x90, 0x1,
    0x38, 0x6, 0x30, 0x8, 0xc0, 0x3f, 0xf8, 0x2c,
    0x0, 0x1f, 0x0, 0xb8, 0x3, 0x98, 0x2, 0x10,
    0xf, 0xfe, 0x26, 0x90, 0x2, 0xc, 0x3, 0x8c,
    0x3, 0xff, 0x8f, 0x86, 0x0, 0x57, 0x0, 0xc2,
    0xb2, 0x0, 0x20, 0xf, 0xfe, 0x10, 0xe1, 0x80,
    0xe, 0x83, 0xbf, 0xee, 0xa1, 0x0, 0x20, 0x7,
    0xff, 0x9, 0xc, 0x0, 0x5a, 0x0, 0x50, 0xf,
    0xd6, 0x1, 0xff, 0xc2, 0x59, 0x2, 0xc1, 0x0,
    0x18, 0x7, 0x8a, 0xc8, 0x3, 0xff, 0x86, 0xd5,
    0x82, 0x1, 0x54, 0xcd, 0x54, 0xdd, 0x20, 0x0,

    /* U+72B6 "状" */
    0x0, 0xfd, 0x57, 0x67, 0x0, 0xfd, 0x59, 0x88,
    0x0, 0xff, 0xe3, 0x22, 0x5a, 0x1, 0xf9, 0xcc,
    0xe0, 0x2, 0xc8, 0x7, 0xff, 0x4d, 0xa9, 0x98,
    0x1, 0xff, 0xd2, 0x80, 0x4, 0x98, 0x7, 0xc4,
    0x1, 0xff, 0xc9, 0xd0, 0xb, 0x44, 0x3, 0x25,
    0xea, 0x0, 0x7f, 0xf2, 0xe, 0x40, 0x3, 0x40,
    0x1b, 0xd0, 0x3c, 0x3, 0xff, 0x92, 0xca, 0x0,
    0x46, 0x0, 0xbc, 0x0, 0x84, 0x1, 0xff, 0xc9,
    0xa2, 0x4, 0x60, 0x9, 0x8, 0x1, 0x60, 0x1f,
    0xfc, 0xaf, 0x6b, 0x0, 0xea, 0x0, 0x30, 0x7,
    0xff, 0x28, 0xa4, 0x3, 0xcc, 0x1, 0x30, 0x7,
    0xbf, 0xfe, 0x20, 0x2, 0x7f, 0xfe, 0x80, 0x8,
    0x58, 0x1, 0x60, 0x1f, 0xfc, 0xd1, 0x0, 0xd4,
    0x0, 0x23, 0x0, 0xff, 0xe8, 0x99, 0x0, 0x24,
    0x3, 0x99, 0xbe, 0x0, 0x89, 0x9b, 0xf6, 0x0,
    0x75, 0x0, 0x18, 0x3, 0xa6, 0x7e, 0x0, 0x9a,
    0x67, 0xf2, 0x80, 0x73, 0x25, 0xe0, 0x7, 0xfc,
    0x40, 0x12, 0x80, 0x7f, 0xf0, 0x86, 0xd0, 0x3,
    0xff, 0x80, 0xe0, 0x10, 0x90, 0x7, 0xff, 0x12,
    0x4, 0x3, 0xfd, 0xa0, 0x19, 0x0, 0x3f, 0xf8,
    0x43, 0x6e, 0x1, 0xff, 0x20, 0x6, 0xd0, 0xf,
    0xfe, 0x9, 0xe2, 0x0, 0x7f, 0xc2, 0x60, 0x19,
    0x8, 0x3, 0xfe, 0x5c, 0x20, 0xf, 0xfe, 0x3,
    0x80, 0x7a, 0x80, 0x3f, 0xd3, 0x40, 0x11, 0x0,
    0x7f, 0xac, 0x0, 0x46, 0x0, 0x71, 0x0, 0xf8,
    0xb5, 0x80, 0x24, 0xc1, 0x0, 0xfc, 0xa4, 0x0,
    0xa8, 0x0, 0xa0, 0x3, 0xe1, 0x20, 0x9, 0xac,
    0x40, 0x3f, 0xac, 0x2, 0x74, 0x30, 0x3, 0x18,
    0x7, 0x8c, 0xc0, 0x9, 0x90, 0x7, 0xfa, 0x84,
    0x0, 0xe0, 0x8, 0x0, 0xb8, 0x3, 0xea, 0x1b,
    0x60, 0xf, 0xf3, 0x28, 0x0, 0x64, 0x0, 0x88,
    0x0, 0x15, 0x80, 0x79, 0xb1, 0x0, 0x3f, 0xc9,
    0x20, 0x14, 0x8, 0x5, 0x40, 0x12, 0x48, 0x7,
    0x88, 0x3, 0xfc, 0x76, 0x1, 0x1b, 0x0, 0x61,
    0x90, 0x9, 0xa4, 0x3, 0xff, 0x86, 0x78, 0x1,
    0xe, 0x80, 0x79, 0x98, 0x1, 0x34, 0x80, 0x7f,
    0xf0, 0x5f, 0x0, 0x36, 0x88, 0x7, 0xd2, 0x60,
    0x13, 0x60, 0x7, 0xff, 0x0, 0xc0, 0x35, 0x18,
    0x7, 0xf6, 0x90, 0x4, 0xe0, 0x1f, 0xfc, 0x4,
    0x60, 0x5, 0x28, 0x7, 0xf8, 0x70, 0xc0, 0x68,
    0x3, 0xff, 0x83, 0x27, 0x4a, 0x1, 0xff, 0xc0,
    0x1c, 0x4d, 0x10, 0xf, 0xee, 0xff, 0x50, 0x62,
    0x80, 0x7f, 0xf0, 0xec, 0xc0, 0x0,

    /* U+7528 "用" */
    0x0, 0xd1, 0x33, 0xff, 0xcd, 0x80, 0xc, 0xcd,
    0xff, 0xce, 0x70, 0xf, 0xff, 0xc9, 0xff, 0xfc,
    0xc0, 0x17, 0x7f, 0xfc, 0xa0, 0x1f, 0xff, 0xf0,
    0xf, 0xff, 0x79, 0x44, 0x7c, 0x80, 0x14, 0x47,
    0xe7, 0x0, 0xff, 0xb, 0xbf, 0xc4, 0x1, 0x33,
    0xbf, 0xc4, 0x1, 0xff, 0xfc, 0x3f, 0xff, 0x98,
    0x2, 0xef, 0xff, 0x94, 0x3, 0xff, 0xfe, 0x1,
    0xff, 0xcd, 0x10, 0xf, 0xfe, 0xa9, 0xff, 0xfc,
    0xc0, 0x17, 0x7f, 0xfc, 0xa0, 0x1f, 0xff, 0x81,
    0x0, 0x92, 0x23, 0xe3, 0x0, 0x9e, 0x23, 0xe2,
    0x0, 0xf1, 0x0, 0x5a, 0xef, 0xf2, 0x80, 0x52,
    0xef, 0xf8, 0x3, 0xca, 0x1, 0x10, 0x7, 0xff,
    0x3b, 0xc0, 0x25, 0x0, 0xff, 0xe7, 0x38, 0x0,
    0x84, 0x3, 0xff, 0x9a, 0x82, 0x0, 0x40, 0xf,
    0xfe, 0x43, 0x0, 0x77, 0x80, 0x54, 0x1, 0xff,
    0xc2, 0x29, 0x9d, 0x66, 0x0, 0x10, 0x34, 0x0,
    0x11, 0x80, 0x7f, 0xf0, 0x8d, 0x9b, 0x20, 0x4,
    0x41, 0xe0, 0x14, 0x0, 0x7f, 0xf0, 0xc4, 0x40,
    0x1f, 0x48, 0x59, 0x1, 0xa8, 0x7, 0xff, 0x10,
    0x80, 0x30, 0xa5, 0x28, 0x3e, 0xdf, 0x80, 0x7f,
    0xa7, 0xfe, 0x10, 0x6, 0x7f, 0xee, 0xb5, 0x0,

    /* U+7535 "电" */
    0x0, 0xff, 0xef, 0x67, 0xfb, 0x80, 0x3f, 0xff,
    0xe0, 0x11, 0x17, 0xfc, 0x20, 0x11, 0x17, 0xfc,
    0x1, 0xdb, 0xbf, 0xf1, 0x0, 0x7, 0x77, 0xfe,
    0x10, 0xf, 0xff, 0xc9, 0xee, 0xfc, 0x40, 0x1,
    0xdd, 0xf9, 0x80, 0x3f, 0xe7, 0x22, 0xf8, 0x40,
    0x22, 0x2f, 0x84, 0x3, 0xff, 0xfc, 0x45, 0xf0,
    0x6, 0x22, 0xf8, 0x40, 0x3f, 0xe4, 0xdd, 0xf8,
    0xc0, 0x3, 0xbb, 0xf3, 0x0, 0x7f, 0xff, 0x4f,
    0x33, 0xe2, 0x0, 0xb3, 0x3e, 0x50, 0xf, 0xf9,
    0xcc, 0xfe, 0x10, 0x0, 0x99, 0xfc, 0x40, 0x1f,
    0xff, 0xf0, 0xf, 0xfe, 0x8a, 0x7f, 0xfc, 0x60,
    0x1, 0xff, 0xf9, 0xc0, 0x3f, 0xfa, 0xca, 0x60,
    0x1f, 0xfd, 0x1c, 0xc7, 0xd8, 0x54, 0xcf, 0xf8,
    0x80, 0x29, 0x9f, 0xf8, 0x2, 0x40, 0x56, 0x6f,
    0xf0, 0x80, 0x5, 0x9b, 0xfe, 0x0, 0xff, 0xe9,
    0x88, 0x0, 0x40, 0x3f, 0xf8, 0x62, 0x1, 0xff,
    0x10, 0x0, 0xc0, 0x3f, 0xf8, 0xe, 0x1, 0x10,
    0x7, 0xf0, 0xa0, 0x0, 0x40, 0x3f, 0xf8, 0x2,
    0x1, 0x7b, 0xb3, 0x7d, 0x18, 0x1, 0x28, 0x7,
    0xff, 0x3, 0x0, 0x22, 0x89, 0x9f, 0x9c, 0x80,
    0x2c, 0x0, 0xff, 0xe0, 0x31, 0x0, 0x7f, 0xf0,
    0xcd, 0x40, 0x3f, 0xf8, 0x38, 0xe4, 0x20, 0x1f,
    0xc2, 0x71, 0x80, 0x0,

    /* U+753B "画" */
    0xaf, 0xff, 0xfe, 0x97, 0x8, 0x7, 0xff, 0xcf,
    0xe6, 0x7f, 0xfa, 0x56, 0x8c, 0xdf, 0xfd, 0x25,
    0x0, 0xff, 0xea, 0x9e, 0xec, 0x20, 0xd, 0xdf,
    0xfe, 0x21, 0x80, 0x33, 0xb8, 0xc0, 0x7, 0x22,
    0x8c, 0x0, 0x45, 0xff, 0xc4, 0x70, 0x1, 0x8,
    0xc0, 0x1f, 0xfe, 0xe, 0xff, 0x48, 0x1, 0xbf,
    0xe1, 0x0, 0xff, 0xe6, 0x18, 0x7, 0xff, 0xfc,
    0x3, 0xff, 0x8b, 0x57, 0x69, 0x0, 0x25, 0xdc,
    0x20, 0x1f, 0xfc, 0x94, 0x48, 0xc0, 0x4, 0x89,
    0x0, 0x7f, 0xfa, 0xbb, 0xfd, 0x20, 0x6, 0xff,
    0x84, 0x3, 0xff, 0x98, 0x60, 0x1f, 0xff, 0xf0,
    0xf, 0xfe, 0x2d, 0x55, 0x20, 0x4, 0xaa, 0x84,
    0x3, 0xff, 0x92, 0x8a, 0xa3, 0x0, 0x12, 0xac,
    0x1, 0xff, 0xe7, 0xcc, 0xff, 0xe2, 0x20, 0x7,
    0xff, 0xc, 0xcf, 0xff, 0x88, 0x1, 0xff, 0xe1,
    0x56, 0x6f, 0xfe, 0x48, 0x80, 0x7f, 0x44, 0xcf,
    0xff, 0x24, 0x3, 0xff, 0xb4, 0xe2, 0x3f, 0xfc,
    0xd0, 0xf, 0x1f, 0x77, 0xff, 0x34, 0x40, 0x30,

    /* U+754C "界" */
    0x0, 0xe1, 0x1f, 0xfe, 0x60, 0x7, 0xf7, 0x77,
    0xff, 0x38, 0x3, 0xff, 0xfe, 0x1, 0x9b, 0xff,
    0xe1, 0x0, 0x47, 0xff, 0xcc, 0x1, 0xff, 0xe4,
    0x30, 0xf, 0xfe, 0xaa, 0xff, 0xfc, 0x20, 0x8,
    0xff, 0xf9, 0x80, 0x3f, 0xfc, 0x84, 0xab, 0xf0,
    0x4, 0x6a, 0xbf, 0x10, 0x7, 0xff, 0x9, 0x2a,
    0xbe, 0x10, 0x5, 0xd5, 0x7c, 0x80, 0x1f, 0xfe,
    0x43, 0x11, 0xf8, 0x3, 0x8, 0xfc, 0x60, 0x1f,
    0xfc, 0x25, 0xee, 0xf8, 0x40, 0x11, 0xdd, 0xf2,
    0x80, 0x7f, 0xf8, 0x4c, 0x47, 0xf0, 0x7, 0xe1,
    0x1f, 0xc6, 0x1, 0xfb, 0x7b, 0xbe, 0x70, 0xf,
    0xd1, 0xdd, 0xf6, 0x80, 0x7f, 0xf0, 0x97, 0x98,
    0x0, 0x3b, 0x20, 0x14, 0xe1, 0x80, 0x7f, 0xf1,
    0x97, 0x68, 0x40, 0x9, 0xe4, 0xd8, 0x40, 0x3,
    0xcb, 0x40, 0xf, 0xfe, 0x8, 0xb6, 0xd1, 0x0,
    0x6, 0xac, 0x40, 0x7, 0xb0, 0x1, 0x25, 0xeb,
    0x88, 0x7, 0xe5, 0xae, 0x92, 0x0, 0x92, 0x90,
    0x3, 0xcf, 0x66, 0x1, 0x14, 0x76, 0x39, 0x0,
    0x6, 0xfe, 0x94, 0x3, 0x20, 0x25, 0xb8, 0x7,
    0xd6, 0x60, 0x20, 0x18, 0xe3, 0x78, 0x5, 0xc0,
    0x39, 0xba, 0x40, 0x23, 0x0, 0xff, 0x3e, 0xb0,
    0x7, 0x20, 0x2, 0x40, 0x3, 0x1d, 0x22, 0xc0,
    0x10, 0x80, 0x7f, 0xc5, 0x3d, 0x4, 0x0, 0x90,
    0x2, 0xb5, 0xf3, 0x88, 0x0, 0xc0, 0x25, 0x0,
    0xff, 0xe0, 0x8b, 0xee, 0x41, 0x80, 0x52, 0x80,
    0x1d, 0x40, 0x2, 0x10, 0xf, 0xfe, 0x21, 0xb8,
    0x7, 0xfa, 0x8, 0x1, 0x40, 0x1f, 0xfd, 0x7,
    0x70, 0x0, 0x5c, 0x3, 0xff, 0x9c, 0x57, 0x0,
    0x15, 0x0, 0x7f, 0xf3, 0xab, 0x50, 0x2, 0x94,
    0x0, 0xff, 0xe7, 0x60, 0x6, 0xa6, 0x0, 0xff,
    0xe7, 0xb2, 0x82, 0x6a, 0x80, 0x7f, 0xf4, 0x6e,
    0xe2, 0x0, 0xff, 0xe0, 0x7f, 0xd2, 0x1, 0xfc,

    /* U+767D "白" */
    0x0, 0xff, 0x14, 0xb2, 0x8, 0x7, 0xff, 0x2e,
    0x9a, 0x6e, 0xc0, 0x1f, 0xfc, 0xb5, 0x0, 0xb8,
    0x3, 0xff, 0x94, 0x64, 0x0, 0x14, 0x0, 0xff,
    0xe5, 0x48, 0x4, 0xc0, 0x1f, 0xfc, 0x29, 0xff,
    0xfc, 0xa0, 0x13, 0xff, 0xff, 0xf0, 0x40, 0x3f,
    0xfa, 0x2, 0x1, 0xff, 0xd4, 0x55, 0xff, 0xe3,
    0x90, 0x7, 0xe8, 0xaa, 0xff, 0xe3, 0x20, 0x7,
    0xff, 0xfc, 0x3, 0xff, 0xfe, 0x1, 0xff, 0xce,
    0xdf, 0xff, 0xfe, 0x33, 0x0, 0x7f, 0xfd, 0x19,
    0xdf, 0xff, 0x8c, 0x60, 0x1f, 0xae, 0x23, 0xff,
    0x8c, 0xa0, 0x1f, 0xff, 0xf0, 0xf, 0xff, 0xf8,
    0x7, 0xff, 0x3a, 0xe2, 0x3f, 0xf8, 0xc8, 0x1,
    0xf9, 0x9d, 0xff, 0xf8, 0xc4, 0x1, 0xff, 0xf4,
    0xdf, 0xff, 0xfe, 0x33, 0x0, 0x7f, 0xf5, 0x27,
    0xba, 0x20, 0xf, 0xfe, 0x34, 0xff, 0xc2,

    /* U+7684 "的" */
    0x0, 0xe4, 0x86, 0x30, 0xf, 0xe8, 0xb7, 0x40,
    0xf, 0xfe, 0xe, 0xbc, 0xe1, 0x80, 0x7e, 0x54,
    0x8a, 0x0, 0xff, 0xe0, 0xa8, 0x4, 0x60, 0x1f,
    0x11, 0x0, 0x8, 0x1, 0xff, 0xc1, 0x30, 0x2,
    0x0, 0x7e, 0x50, 0xb, 0xc0, 0x3f, 0xf8, 0x8,
    0x1, 0x60, 0x7, 0xea, 0x0, 0x94, 0x3, 0xff,
    0x81, 0xa0, 0x12, 0x0, 0x7c, 0x64, 0x0, 0x50,
    0xf, 0xe8, 0xff, 0x98, 0x2, 0xcf, 0xfd, 0x0,
    0xa, 0x0, 0x97, 0xff, 0xf7, 0x0, 0x7f, 0xf0,
    0xc5, 0x80, 0x3f, 0xfa, 0x12, 0x1, 0xff, 0xc6,
    0x77, 0xf0, 0x7, 0x30, 0x4, 0xcd, 0xf1, 0x0,
    0xc, 0x2, 0x18, 0x8f, 0x8, 0x5, 0x2, 0x0,
    0x59, 0x9f, 0x9c, 0x3, 0xff, 0x88, 0x4e, 0x1,
    0x40, 0x7, 0xc2, 0x0, 0x10, 0xf, 0xfe, 0xb,
    0x8, 0x1, 0x88, 0x3, 0xff, 0x98, 0x9e, 0xc3,
    0x0, 0x1f, 0x9c, 0x0, 0xe0, 0x1f, 0xfc, 0x21,
    0x9e, 0x9, 0x0, 0xff, 0xe7, 0xaf, 0xb4, 0x80,
    0x78, 0x40, 0x2, 0x1, 0xc, 0x47, 0x84, 0x3,
    0xa0, 0x41, 0x98, 0x1, 0xff, 0xc1, 0x77, 0xf0,
    0x7, 0xbc, 0x2, 0x93, 0x0, 0xc6, 0x0, 0x30,
    0xf, 0xfe, 0x21, 0x48, 0x5, 0xc0, 0x1f, 0xfc,
    0xd6, 0x40, 0x1, 0x48, 0x4, 0x20, 0x1, 0x0,
    0x87, 0xff, 0xc2, 0x1, 0xf5, 0x8, 0x1, 0x94,
    0x3, 0xff, 0x98, 0x36, 0x1, 0x60, 0x7, 0x78,
    0x7, 0xff, 0x1d, 0x54, 0x35, 0x20, 0x1f, 0xfc,
    0xeb, 0xf5, 0x0, 0x8, 0x4, 0x20, 0x1f, 0xfc,
    0x81, 0x10, 0x7, 0xc6, 0x1, 0xff, 0xcd, 0x30,
    0xf, 0xfe, 0xa8, 0x80, 0x43, 0x11, 0xe1, 0x0,
    0xff, 0xe1, 0x30, 0x7, 0xe7, 0x7f, 0x0, 0x7f,
    0xf0, 0xf8, 0x2, 0x70, 0xf, 0xfe, 0x32, 0xcc,
    0xea, 0xd5, 0x0, 0x88, 0x3, 0xff, 0x8c, 0x4c,
    0xd9, 0x48, 0x2, 0x21, 0x0, 0x87, 0xff, 0xfa,
    0x0, 0x31, 0x80, 0x7f, 0x48, 0x7, 0xff, 0x1d,
    0x0, 0x3c, 0x4b, 0x88, 0x0,

    /* U+76AE "皮" */
    0x0, 0xff, 0xe2, 0xd5, 0x4a, 0x1, 0xff, 0xd1,
    0x15, 0x5b, 0x40, 0x3f, 0xff, 0xe0, 0x1f, 0xe7,
    0xff, 0xff, 0xb8, 0x2, 0x7f, 0xff, 0xf6, 0x80,
    0x7b, 0xc0, 0x3f, 0xf9, 0xc6, 0x1, 0xff, 0xe0,
    0x88, 0xfc, 0xe0, 0x11, 0xc4, 0x7c, 0x1, 0x10,
    0x7, 0xf9, 0xdf, 0xf4, 0x80, 0x48, 0xef, 0xe3,
    0x0, 0xa8, 0x3, 0xff, 0xa3, 0xe0, 0x13, 0x0,
    0x7f, 0xf4, 0x9, 0x0, 0xe, 0x1, 0xff, 0xd1,
    0x2a, 0x40, 0xa0, 0xf, 0xfe, 0x92, 0xdf, 0x90,
    0x7, 0xfc, 0xab, 0xf9, 0x0, 0x22, 0x55, 0xfc,
    0x40, 0x1f, 0xfc, 0xa, 0xaf, 0xe0, 0x9, 0x6a,
    0xbf, 0x20, 0x7, 0xff, 0xfc, 0x4, 0x2, 0xe7,
    0x0, 0x8f, 0xbb, 0xfd, 0xa2, 0x1, 0x20, 0x7,
    0xff, 0x0, 0x60, 0x40, 0x6, 0x82, 0x3f, 0xd6,
    0x20, 0x7, 0x20, 0xf, 0xc6, 0x0, 0x10, 0x4,
    0x0, 0x56, 0x20, 0x1f, 0x23, 0x0, 0xa, 0x0,
    0x3f, 0x84, 0x0, 0x40, 0x6, 0x40, 0x0, 0xd0,
    0x7, 0x8a, 0xc0, 0x2e, 0x0, 0xff, 0x30, 0x1,
    0xc0, 0x2a, 0x10, 0x2, 0x40, 0x6, 0x1f, 0x0,
    0xa0, 0xc0, 0x3f, 0xc4, 0x0, 0x20, 0x8, 0x68,
    0x2, 0x77, 0x0, 0x7, 0x8, 0x0, 0xae, 0x1,
    0xfe, 0x20, 0xb, 0xc0, 0x32, 0x40, 0x5, 0x10,
    0x3f, 0x20, 0x2, 0x50, 0x7, 0xfc, 0x80, 0x12,
    0x80, 0x73, 0xb8, 0x2, 0x7c, 0x10, 0x2, 0x58,
    0x7, 0xff, 0x3, 0x40, 0x23, 0x0, 0xf4, 0x40,
    0x3, 0xcb, 0x60, 0x1f, 0xfc, 0x1, 0x40, 0x2,
    0x0, 0x7c, 0x5a, 0x1, 0xe6, 0x50, 0xf, 0xfe,
    0x4, 0x80, 0x5a, 0x1, 0xc7, 0x5a, 0xa0, 0x1e,
    0x3a, 0xd7, 0x10, 0xf, 0xe6, 0x0, 0x9c, 0x0,
    0x2d, 0x98, 0x50, 0xc, 0xce, 0x1, 0x8a, 0x3b,
    0x1c, 0x80, 0x3a, 0x4, 0x0, 0xc0, 0xb5, 0xd2,
    0x60, 0x18, 0xf2, 0x63, 0x98, 0x3, 0x8e, 0x37,
    0x52, 0xa0, 0x7, 0x0, 0xdd, 0x4a, 0x1, 0xc7,
    0x78, 0x60, 0x1, 0x9e, 0x71, 0x0, 0xe2, 0x68,
    0x0, 0x38, 0x1, 0x60, 0x3, 0xcb, 0x98, 0x40,
    0xf, 0xc, 0x75, 0x20, 0x7, 0x58, 0x2, 0x18,
    0x2c, 0x5c, 0x0, 0x2f, 0xd4, 0x60, 0x1f, 0xf2,
    0xdf, 0x4a, 0x0, 0x18, 0x2, 0x9b, 0x10, 0x86,
    0xbe, 0x81, 0x0, 0xff, 0xe1, 0x8b, 0x5f, 0xe0,
    0x0,

    /* U+76F4 "直" */
    0x0, 0xff, 0xe1, 0x9, 0x10, 0x40, 0x3f, 0xfa,
    0x39, 0xbb, 0x0, 0x7f, 0xf9, 0x7b, 0xbf, 0xf8,
    0x24, 0x0, 0x3e, 0xef, 0xfe, 0x8, 0x80, 0x4,
    0x7f, 0xf8, 0x20, 0x18, 0x47, 0xff, 0x82, 0x1,
    0xff, 0xd8, 0xff, 0xff, 0xe0, 0x90, 0x0, 0xff,
    0xff, 0xf8, 0x22, 0x1, 0xff, 0xdb, 0x11, 0xfe,
    0x0, 0xc2, 0x3f, 0xe0, 0xf, 0xea, 0xee, 0xfe,
    0x20, 0x1, 0xf7, 0x7f, 0x68, 0x7, 0xff, 0x88,
    0x8b, 0xff, 0x88, 0x1, 0xff, 0xc5, 0xdd, 0xff,
    0xe2, 0x10, 0x7, 0xff, 0x97, 0xff, 0xff, 0x88,
    0x40, 0x1f, 0xfe, 0x55, 0x5f, 0xfe, 0x20, 0x7,
    0xff, 0x16, 0xab, 0xff, 0x88, 0x40, 0x1f, 0xfe,
    0x5f, 0xff, 0xfe, 0x21, 0x0, 0x7f, 0xf9, 0x55,
    0x7f, 0xf8, 0x80, 0x1f, 0xfc, 0x5a, 0xaf, 0xfe,
    0x21, 0x0, 0x7f, 0xf9, 0x7f, 0xff, 0xf8, 0x84,
    0x1, 0xff, 0xe5, 0x22, 0xff, 0xe2, 0x0, 0x7f,
    0xf1, 0x77, 0x7f, 0xf8, 0x84, 0x1, 0xff, 0xdd,
    0xff, 0xca, 0x1, 0x7f, 0xff, 0xf1, 0x8, 0x0,
    0x7f, 0xf8, 0x3, 0xff, 0xef, 0xbb, 0xff, 0xd4,
    0x0,

    /* U+771F "真" */
    0x0, 0xff, 0xe1, 0x22, 0xa8, 0xc0, 0x3f, 0xfa,
    0x11, 0x54, 0x80, 0xf, 0xff, 0x11, 0xff, 0xff,
    0xf0, 0x4c, 0x0, 0x9f, 0xff, 0xfc, 0x13, 0x0,
    0xff, 0xea, 0x91, 0x7f, 0xf0, 0x40, 0x31, 0x17,
    0xff, 0x4, 0xf, 0x77, 0xff, 0x82, 0x60, 0x4,
    0xdd, 0xff, 0xe0, 0x98, 0x7, 0x8, 0xff, 0x80,
    0x21, 0x1f, 0xe0, 0xf, 0xe7, 0xee, 0xfe, 0x20,
    0x2, 0x77, 0x7f, 0x48, 0x7, 0xff, 0x82, 0xab,
    0xff, 0x88, 0x1, 0xff, 0xc4, 0x55, 0xff, 0xe2,
    0x0, 0x7f, 0xf1, 0x3f, 0xff, 0xf8, 0x80, 0x1f,
    0xfe, 0x4b, 0xbf, 0xfe, 0x20, 0x7, 0xff, 0x11,
    0x13, 0xff, 0x88, 0x1, 0xff, 0xc4, 0xee, 0xff,
    0xe2, 0x0, 0x7f, 0xf1, 0x4, 0x7f, 0xf8, 0x80,
    0x1f, 0xfc, 0x4a, 0xbb, 0xff, 0xe1, 0x80, 0x7f,
    0xf1, 0x15, 0x13, 0xff, 0x86, 0x1, 0xff, 0xc4,
    0xdd, 0xff, 0xe2, 0x0, 0x7f, 0xf1, 0x8, 0xbf,
    0xf8, 0x80, 0x1f, 0xfc, 0x49, 0xaa, 0xff, 0xe1,
    0x80, 0x7f, 0xf1, 0x19, 0x57, 0xff, 0x86, 0x1,
    0xfa, 0xab, 0x58, 0x5, 0x55, 0xff, 0xc4, 0x0,
    0x92, 0xaa, 0x95, 0x5c, 0x60, 0x12, 0xaf, 0xff,
    0x10, 0x2, 0x25, 0x59, 0x80, 0x3f, 0xfa, 0x9f,
    0xff, 0xb5, 0xc0, 0x15, 0xff, 0xe7, 0x4, 0x9e,
    0xff, 0xfc, 0x1, 0xe3, 0x9d, 0x70, 0x4, 0x80,
    0x79, 0x81, 0x27, 0xa9, 0x0, 0x3f, 0x85, 0xb3,
    0xc, 0x1, 0x98, 0x3, 0x88, 0xc0, 0x32, 0xdf,
    0x49, 0x80, 0x44, 0xf9, 0xd2, 0x60, 0x19, 0xf6,
    0x80, 0x38, 0xb7, 0x1c, 0x40, 0x21, 0x6c, 0xe8,
    0x14, 0x83, 0x0, 0xc5, 0x3f, 0x4, 0x1, 0xf8,
    0xe3, 0xad, 0x40, 0x30, 0xb8, 0x30, 0x6, 0x6c,
    0xd6, 0x0, 0xff, 0xe1, 0x25, 0x7c, 0x98, 0x1,
    0xc4, 0x19, 0x2b, 0xe4, 0xc0, 0x3f, 0xf8, 0xed,
    0x9a, 0xd2, 0x0, 0x9b, 0x50, 0xf, 0xfe, 0x61,
    0x48, 0x80,

    /* U+7720 "眠" */
    0x56, 0x6f, 0xe0, 0x2, 0x7f, 0xff, 0xf1, 0x10,
    0x1, 0x13, 0x3f, 0xc2, 0x1, 0xff, 0xf9, 0x88,
    0xff, 0x0, 0x7f, 0x5f, 0xfc, 0x1, 0xf8, 0x5d,
    0xff, 0xc2, 0x1, 0xff, 0xff, 0x0, 0xff, 0x19,
    0xff, 0x80, 0x3f, 0x8d, 0x12, 0x0, 0xfc, 0x39,
    0x9f, 0xe1, 0x0, 0xfd, 0x17, 0x70, 0x7, 0xff,
    0xf7, 0x33, 0x40, 0x0, 0x73, 0x39, 0x0, 0x3a,
    0xff, 0xe0, 0xf, 0xc2, 0x67, 0xc0, 0x11, 0x9f,
    0x0, 0x7f, 0xf2, 0xdc, 0x3, 0xff, 0xac, 0x20,
    0x1f, 0xfc, 0xb1, 0x77, 0xd6, 0x1, 0x3b, 0xf9,
    0x0, 0x31, 0x19, 0xc0, 0x1f, 0xd1, 0x19, 0xc0,
    0x28, 0x8f, 0x68, 0x6, 0x9c, 0xc8, 0x3, 0xff,
    0xba, 0x23, 0xc0, 0x10, 0x8f, 0xc0, 0x1f, 0xfc,
    0x41, 0xee, 0xe4, 0x0, 0x5f, 0x77, 0x40, 0x6,
    0xbf, 0xf8, 0x3, 0xff, 0x84, 0x40, 0x2, 0x0,
    0xff, 0xe8, 0x70, 0x3, 0x40, 0x3f, 0xfa, 0x6,
    0x0, 0x70, 0x9, 0x50, 0x3, 0xff, 0x96, 0xa0,
    0x2, 0x10, 0x7, 0x5e, 0x80, 0x6c, 0x66, 0x80,
    0x3f, 0xf8, 0x8, 0xa2, 0x40, 0x7, 0x0, 0x28,
    0x7, 0x9e, 0x66, 0x0, 0xff, 0x26, 0x5f, 0x82,
    0x0, 0x34, 0x4, 0x40, 0xe0, 0x1f, 0xfc, 0x41,
    0xcb, 0x30, 0x70, 0xa0, 0x2, 0x24, 0x0, 0xd0,
    0xf, 0xf8, 0x43, 0x0, 0x23, 0x0, 0x9c, 0xc,
    0x80, 0x17, 0x40, 0x4, 0x0, 0xd7, 0xff, 0xe0,
    0x27, 0x0, 0xe5, 0xda, 0x0, 0x58, 0x7, 0x11,
    0x80, 0x7f, 0xf0, 0x8, 0x80, 0x12, 0xed, 0x10,
    0x4, 0xc6, 0x1, 0xa0, 0x1, 0xf9, 0x84, 0x0,
    0xfd, 0x20, 0xdb, 0x44, 0x1, 0xec, 0x61, 0x14,
    0x28, 0x0, 0x8c, 0xc0, 0x1f, 0xc9, 0xd2, 0x40,
    0x1f, 0xd3, 0xdc, 0x70, 0x8,

    /* U+77ED "短" */
    0x0, 0xc6, 0x60, 0xf, 0xfe, 0x9c, 0x67, 0xb8,
    0x7, 0xff, 0x45, 0x0, 0x2, 0x1, 0xe7, 0x88,
    0xff, 0xe2, 0x98, 0x4, 0x80, 0x12, 0x0, 0x7a,
    0x5d, 0xff, 0xf8, 0xa8, 0x1, 0x68, 0x0, 0x88,
    0x1, 0xff, 0xd0, 0x70, 0x1, 0x6e, 0xf8, 0x8c,
    0x3, 0xff, 0x90, 0x82, 0x1, 0x11, 0x78, 0x37,
    0xff, 0xff, 0x8a, 0xe0, 0xe, 0x0, 0xff, 0xe9,
    0x8a, 0x80, 0x15, 0x80, 0x3, 0x11, 0x18, 0x7,
    0xff, 0x22, 0x40, 0x2b, 0xd0, 0x9, 0xde, 0x10,
    0xef, 0xff, 0xfe, 0x18, 0x0, 0x5c, 0x0, 0xa2,
    0x1, 0xff, 0xcf, 0x32, 0x0, 0x48, 0x6, 0x30,
    0xf, 0xfe, 0x59, 0x6b, 0x21, 0x80, 0x7f, 0xf0,
    0x5f, 0x77, 0xf4, 0x0, 0x7d, 0x36, 0x1, 0xff,
    0xc2, 0xf2, 0x2f, 0xe0, 0xf, 0x22, 0xae, 0xc0,
    0x1, 0xaa, 0xc6, 0x1, 0xff, 0xc8, 0xaa, 0xe7,
    0x0, 0xd, 0x55, 0x20, 0x1f, 0xff, 0xa8, 0xff,
    0xfd, 0x40, 0x1e, 0xef, 0xfd, 0x0, 0x3, 0xff,
    0xa8, 0x3, 0xff, 0x9b, 0xc0, 0x6, 0x0, 0xff,
    0xe8, 0xa8, 0x0, 0xc0, 0x3b, 0x73, 0x15, 0x99,
    0xfa, 0x73, 0x20, 0xf, 0xc6, 0x0, 0x72, 0x0,
    0xc6, 0x55, 0x41, 0x33, 0xf3, 0xcc, 0x39, 0x80,
    0x7c, 0x80, 0x10, 0xf8, 0x80, 0x45, 0xcc, 0x10,
    0x1, 0xef, 0x4, 0xb2, 0x0, 0xfb, 0x40, 0x31,
    0x68, 0x4, 0x46, 0x0, 0x53, 0x0, 0xc4, 0x80,
    0x4, 0x20, 0xf, 0x98, 0x3, 0x8e, 0x80, 0x28,
    0x0, 0xa0, 0x3, 0x58, 0x5, 0xe0, 0x1f, 0x40,
    0x5, 0x44, 0x0, 0x58, 0x0, 0x22, 0x0, 0x8,
    0x80, 0x0, 0xb0, 0x0, 0x90, 0x3, 0xc2, 0xe0,
    0x1, 0x5c, 0x10, 0x3, 0x90, 0x3, 0xc0, 0x2f,
    0x0, 0x48, 0x5, 0x0, 0x1f, 0x58, 0x5, 0x20,
    0x3a, 0x0, 0x52, 0x0, 0x21, 0x83, 0x50, 0xb,
    0x80, 0x9, 0x40, 0x3c, 0xaa, 0x0, 0xb, 0x80,
    0xe, 0x4b, 0x8c, 0xf5, 0x54, 0x47, 0x0, 0x12,
    0x99, 0xf0, 0x15, 0x80, 0x56, 0x1, 0x9b, 0x2f,
    0x33, 0x4d, 0x66, 0x4c, 0x1, 0x3e, 0x67, 0x7,
    0x8, 0x1, 0x14, 0x3, 0x84, 0x3, 0xff, 0x92,
    0xc0, 0x14, 0x80, 0x7f, 0xf4, 0x29, 0x2, 0x88,
    0x3, 0xec, 0xcf, 0xfe, 0x40, 0x2, 0xe5, 0x40,
    0x3f, 0x19, 0xff, 0xf2, 0x0,

    /* U+786E "确" */
    0x0, 0xff, 0xe3, 0x45, 0xba, 0x0, 0x7f, 0xf3,
    0xc5, 0xd2, 0x2c, 0x40, 0x3f, 0xe1, 0x1f, 0xf8,
    0x3, 0x40, 0x4, 0xe2, 0x1, 0xfe, 0x5e, 0xef,
    0xf8, 0x80, 0x6, 0xc0, 0x13, 0xff, 0xfc, 0xc0,
    0x1f, 0xfc, 0x6e, 0x0, 0xff, 0xe9, 0x41, 0x0,
    0x7f, 0xf1, 0x17, 0xba, 0x40, 0x3, 0x77, 0x62,
    0x57, 0x0, 0x16, 0xf7, 0x6d, 0x20, 0x1, 0x38,
    0x6, 0x11, 0x90, 0x1, 0xa2, 0x38, 0xa8, 0x0,
    0x3e, 0x42, 0x3a, 0x48, 0x7, 0xc4, 0x3, 0xc6,
    0x1, 0x20, 0x4, 0x38, 0x1, 0x69, 0x0, 0x6a,
    0x40, 0x5, 0x10, 0x7, 0xd6, 0x0, 0x40, 0x8,
    0x70, 0x40, 0x2d, 0xee, 0xe5, 0x0, 0xab, 0xba,
    0xd0, 0xc, 0xa0, 0xd, 0x0, 0x8c, 0x80, 0x30,
    0x8f, 0x80, 0x30, 0x8e, 0x30, 0x8, 0xc8, 0x0,
    0xe0, 0x11, 0x58, 0x7, 0xff, 0x2a, 0xc0, 0x3,
    0x31, 0x13, 0x26, 0x10, 0x2, 0x73, 0x28, 0x0,
    0x1e, 0x65, 0x40, 0x1e, 0x60, 0x0, 0xbb, 0xeb,
    0x3, 0x0, 0x88, 0xcf, 0x0, 0x46, 0x73, 0x80,
    0x73, 0x8, 0x7, 0xff, 0x4a, 0xc0, 0x30, 0x88,
    0x3, 0xff, 0x98, 0xc4, 0x1, 0x4f, 0x70, 0x80,
    0x3e, 0xbf, 0xfa, 0xc0, 0x7, 0xff, 0x68, 0x6,
    0x80, 0xf, 0xfe, 0x92, 0x88, 0x7, 0xff, 0x49,
    0x0, 0x4, 0x1, 0xff, 0xc1, 0xbe, 0xea, 0x80,
    0x7, 0xdd, 0x60, 0x4, 0x26, 0x6a, 0x0, 0xff,
    0xe0, 0xb8, 0x8e, 0x0, 0x84, 0x70, 0x6, 0xaf,
    0x0, 0xff, 0x8c, 0x3, 0xff, 0x8c, 0xc6, 0x1,
    0xff, 0xc2, 0x44, 0xc6, 0x0, 0x14, 0x4c, 0x1,
    0xff, 0xc5, 0x10, 0x4, 0x5d, 0xd0, 0x0, 0x2b,
    0xba, 0x40, 0x3f, 0xfc, 0x86, 0x1, 0x19, 0xe2,
    0x0, 0x8c, 0xf0, 0x7, 0xf7, 0xaa, 0x8c, 0x2,
    0x60, 0x0, 0xe6, 0x69, 0x0, 0x1e, 0x65, 0xc0,
    0x1f, 0xcd, 0x54, 0x10, 0xb, 0x0, 0xa, 0x1,
    0xff, 0xd0, 0x70, 0x6, 0x0, 0x7f, 0xf2, 0x44,
    0x7c, 0xa2, 0x0, 0x50, 0xf, 0xc2, 0x66, 0xb0,
    0xf, 0xe8, 0xee, 0xd9, 0x20, 0x4, 0x20, 0xf,
    0xcb, 0x98, 0x60, 0x1, 0x0, 0x7f, 0xca, 0x60,
    0xf, 0x0, 0xfe, 0x50, 0xe, 0xb0, 0x9, 0x6e,
    0xce, 0x1, 0x96, 0x1, 0x50, 0x3, 0xf8, 0x44,
    0x0, 0x17, 0x70, 0x4, 0x48, 0x81, 0x0, 0xe7,
    0xeb, 0x0, 0xf2, 0x7f, 0xb0, 0x3b, 0xfd, 0xd0,
    0x0,

    /* U+78B3 "碳" */
    0x0, 0xff, 0xe4, 0xb3, 0x40, 0x1f, 0xfd, 0x29,
    0x98, 0x40, 0x3f, 0xf9, 0x29, 0xfe, 0xc0, 0xf,
    0xfb, 0x3f, 0xca, 0x0, 0x9c, 0xcf, 0xf1, 0x80,
    0x42, 0x1, 0xff, 0xc5, 0x43, 0x3f, 0xf3, 0x80,
    0x7f, 0xfa, 0xa2, 0x27, 0x0, 0xa2, 0x32, 0x80,
    0x47, 0x55, 0x80, 0x2b, 0xaa, 0x88, 0x3, 0x95,
    0xdd, 0xc0, 0x1, 0x77, 0xc2, 0x1, 0xa, 0xae,
    0x0, 0x95, 0x70, 0x80, 0x7e, 0xc0, 0x2, 0x0,
    0x7f, 0xf4, 0x50, 0x1, 0x80, 0x1c, 0xd0, 0xc0,
    0x1, 0x88, 0xff, 0xe0, 0x38, 0x6, 0x31, 0x0,
    0x20, 0x7, 0x13, 0xe0, 0x0, 0x9d, 0xff, 0xf8,
    0x4, 0x1, 0xac, 0x0, 0x44, 0x0, 0xff, 0x38,
    0x7, 0xff, 0x15, 0x40, 0xa, 0x23, 0x81, 0xea,
    0x92, 0x0, 0x5a, 0xaf, 0xfe, 0xa, 0x0, 0xc,
    0x80, 0xf, 0xdd, 0x97, 0x15, 0x46, 0x0, 0x15,
    0x5f, 0xfe, 0x9, 0x80, 0x24, 0x3, 0xff, 0xa6,
    0x2a, 0x1, 0xfd, 0xf3, 0x23, 0x0, 0x24, 0xcf,
    0xff, 0x5, 0x42, 0x40, 0x21, 0xdd, 0x40, 0x4,
    0x8c, 0xc7, 0x0, 0x6b, 0x34, 0x7f, 0xe4, 0x66,
    0xf1, 0xb, 0x80, 0x62, 0x20, 0x80, 0x79, 0x80,
    0x2, 0x1, 0x7b, 0x34, 0x1, 0x49, 0x0, 0x8,
    0x3, 0xff, 0x84, 0x40, 0x8, 0x20, 0xf, 0xcc,
    0xcd, 0x60, 0x31, 0x0, 0xff, 0xe0, 0x18, 0x6,
    0x90, 0xf, 0x86, 0x0, 0x6, 0x0, 0x54, 0x0,
    0xff, 0x90, 0x3, 0x22, 0x1, 0x80, 0x2, 0x16,
    0x20, 0x8a, 0x0, 0xda, 0x0, 0xff, 0xb0, 0x0,
    0x60, 0x9, 0x1, 0x0, 0x12, 0x28, 0x2, 0x80,
    0x26, 0x10, 0xf, 0xf0, 0xa0, 0x2, 0x54, 0x9,
    0x88, 0x1, 0x92, 0x0, 0x91, 0x0, 0xff, 0xe1,
    0xc8, 0x4, 0xb0, 0x6, 0x1, 0x93, 0x88, 0xd8,
    0x3, 0xff, 0x88, 0xc0, 0x4, 0x2, 0xac, 0xe0,
    0xc, 0xbb, 0xa0, 0xf, 0xfe, 0x24, 0x8, 0x2,
    0x0, 0xa, 0x2e, 0x1, 0xa0, 0x4, 0x3, 0xfc,
    0x22, 0x0, 0xb5, 0xc0, 0x6, 0x60, 0xa, 0x80,
    0x8, 0x80, 0x1a, 0x0, 0xff, 0xf, 0x72, 0x40,
    0xe, 0x1, 0x40, 0x5, 0x48, 0x0, 0x98, 0x0,
    0x2b, 0x80, 0x7f, 0xf1, 0x95, 0x0, 0x6d, 0x40,
    0x10, 0x46, 0xc0, 0x8, 0x90, 0xf, 0xfe, 0x2d,
    0x83, 0xf2, 0x0, 0x15, 0xc0, 0x12, 0x40, 0x6,
    0xd4, 0x0, 0xf0, 0xff, 0xd2, 0x1, 0x4a, 0xf4,
    0x0, 0x4b, 0x40, 0x1b, 0x8, 0x0, 0x56, 0xc0,
    0x1f, 0xcd, 0x0, 0xac, 0xa2, 0x1, 0x45, 0x0,
    0x70, 0xe1, 0x80, 0x9, 0x80, 0x28, 0x79, 0x0,
    0xcf, 0x34, 0x3, 0x20, 0x58, 0xe0, 0x1f, 0xe,
    0x38, 0x48, 0x6, 0x78, 0x70, 0xe, 0x60, 0x9,
    0xab, 0x4c, 0x3, 0xfd, 0x1a, 0x80,

    /* U+793A "示" */
    0x0, 0xcd, 0x55, 0xff, 0xcd, 0x0, 0xfd, 0xea,
    0xbf, 0xfc, 0xd1, 0x0, 0xff, 0xff, 0xcf, 0xff,
    0xff, 0x34, 0x40, 0x3f, 0xff, 0xe0, 0x1f, 0xff,
    0xf0, 0xf, 0xfe, 0x65, 0xff, 0xff, 0xf4, 0xc0,
    0x3f, 0xff, 0x58, 0xab, 0xff, 0xc1, 0x20, 0x8,
    0xd5, 0x7f, 0xf8, 0x20, 0x7, 0xaa, 0xff, 0xe0,
    0xa8, 0x5, 0x75, 0x5f, 0xfc, 0x10, 0xf, 0xe1,
    0x0, 0xff, 0xe2, 0x8, 0x7, 0xff, 0xd, 0x7a,
    0x0, 0x3f, 0xf8, 0x51, 0xc6, 0x1, 0xff, 0xc2,
    0x80, 0x7e, 0x10, 0xf, 0xf1, 0x6b, 0x86, 0x88,
    0x7, 0xff, 0x1, 0x88, 0x0, 0xa2, 0x1, 0xfe,
    0x20, 0x8, 0x68, 0x3, 0xfe, 0x19, 0x0, 0xa0,
    0x3, 0xff, 0x81, 0xe0, 0x12, 0x30, 0x7, 0xfa,
    0x80, 0x25, 0x30, 0xf, 0xfe, 0x1, 0x40, 0x5,
    0x26, 0x1, 0xf9, 0x90, 0x2, 0xb0, 0xf, 0xfe,
    0x13, 0xa0, 0x5, 0xc0, 0x1f, 0x14, 0x80, 0x52,
    0x20, 0x1f, 0xfc, 0x3a, 0x0, 0x8a, 0x40, 0x3d,
    0xc0, 0x11, 0xb0, 0x7, 0xff, 0x10, 0x64, 0x2,
    0x64, 0x0, 0xd2, 0x60, 0x17, 0x0, 0x7f, 0xf1,
    0x99, 0x0, 0x2a, 0x10, 0x3, 0x30, 0x2, 0x92,
    0x0, 0xff, 0xe3, 0xd0, 0x4, 0x36, 0x0, 0x80,
    0x9, 0x58, 0x3, 0xf2, 0x0, 0x42, 0x1, 0xf0,
    0xc8, 0x4, 0xc0, 0xf, 0x30, 0x2a, 0x0, 0xab,
    0x33, 0x79, 0x80, 0x46, 0x1, 0xf9, 0x8c, 0x1f,
    0x0, 0x3, 0x8f, 0xe0, 0x1c, 0x67, 0x80, 0x39,
    0xc0, 0x3f, 0xba, 0xe0, 0x3, 0xa0, 0x80, 0x36,
    0x80, 0x7e, 0x52, 0x0, 0xfe, 0x24, 0x0, 0xff,
    0xe0, 0x18, 0x7, 0x9, 0xc5, 0x0, 0x7f, 0xf0,
    0xc0,

    /* U+79D2 "秒" */
    0x0, 0xff, 0xe4, 0xe6, 0x4a, 0x1, 0xff, 0xc8,
    0x37, 0x50, 0xf, 0x9, 0x9e, 0x0, 0xff, 0xe1,
    0x9b, 0x4e, 0x7e, 0x47, 0x80, 0x7f, 0xf2, 0x56,
    0x2f, 0x7f, 0x25, 0x8c, 0x2, 0x70, 0xf, 0xfe,
    0x4f, 0x3a, 0x10, 0x7, 0xe6, 0x0, 0xff, 0xe0,
    0xa0, 0x80, 0x78, 0x80, 0x3e, 0x59, 0xcf, 0xb0,
    0x0, 0xd2, 0x88, 0x7, 0x26, 0x5c, 0x80, 0x7b,
    0x89, 0x5e, 0x0, 0x28, 0x63, 0x0, 0xce, 0xb5,
    0xc6, 0x1, 0xb8, 0xc1, 0xc4, 0x3, 0x9f, 0x6a,
    0x14, 0x3, 0xfd, 0xa0, 0x3, 0x30, 0x6, 0x80,
    0xa, 0x40, 0x3f, 0xf9, 0x8, 0x0, 0xb0, 0xe,
    0x25, 0x0, 0x38, 0x80, 0x7f, 0xf1, 0x94, 0x2,
    0x50, 0xf, 0x48, 0x5, 0x20, 0x1a, 0xae, 0xe9,
    0x0, 0xa6, 0xee, 0x70, 0xe0, 0x1, 0x10, 0x3,
    0xc6, 0x60, 0x3, 0x80, 0x64, 0x4e, 0x0, 0x91,
    0x36, 0x8a, 0x0, 0x28, 0x3, 0xf4, 0x0, 0x4e,
    0x1, 0xff, 0xc4, 0x70, 0x9, 0x40, 0x3f, 0x21,
    0x0, 0x24, 0x2, 0x53, 0x38, 0x40, 0x22, 0x33,
    0x8a, 0xc0, 0x6, 0x40, 0x1f, 0xd6, 0x0, 0x16,
    0x0, 0x5e, 0x64, 0x80, 0x17, 0xe6, 0x56, 0x40,
    0xa, 0x0, 0xff, 0x30, 0x80, 0x2c, 0x3, 0x85,
    0x40, 0x3e, 0x90, 0x9, 0xc0, 0x3f, 0xe9, 0x0,
    0x30, 0x80, 0x69, 0x0, 0xf8, 0x54, 0x0, 0xa2,
    0x1, 0xfe, 0x36, 0x4c, 0xb1, 0x0, 0x85, 0xc0,
    0x36, 0x20, 0x11, 0x80, 0x38, 0x3, 0xfc, 0xb9,
    0x36, 0x60, 0x1d, 0x20, 0x1c, 0x37, 0x27, 0x98,
    0x64, 0x0, 0xfe, 0x1b, 0x7, 0xc0, 0xe, 0x17,
    0x0, 0xf9, 0xb4, 0xcd, 0x20, 0x1f, 0xea, 0x10,
    0x5, 0x0, 0x75, 0x80, 0x8, 0x2, 0x30, 0x1,
    0x62, 0x80, 0x7f, 0xa1, 0x0, 0x6, 0xc0, 0x18,
    0xd4, 0x1, 0x0, 0x17, 0x40, 0x0, 0x50, 0x3,
    0x86, 0xee, 0xe7, 0x0, 0xf, 0x0, 0x77, 0x0,
    0x11, 0xc0, 0x33, 0xd8, 0xc8, 0x80, 0x79, 0x10,
    0x2e, 0x1, 0x51, 0x0, 0x65, 0x20, 0x4, 0x80,
    0x79, 0x3d, 0xc0, 0x3f, 0x3d, 0x0, 0x50, 0x80,
    0x1c, 0x80, 0x6, 0x20, 0xf, 0x84, 0x3, 0xf5,
    0x40, 0x4, 0xee, 0x0, 0xf0, 0x91, 0x24, 0x3,
    0xff, 0x86, 0x7a, 0xa0, 0x13, 0x40, 0x7, 0xe5,
    0xe0, 0xf, 0xfe, 0x10, 0xce, 0x10, 0x5, 0x12,
    0x1, 0xfd, 0x6, 0x1, 0xff, 0xc1, 0x6f, 0x60,
    0xd, 0x4e, 0x1, 0xff, 0xcb, 0x6e, 0x91, 0x0,
    0x8f, 0x54, 0x3, 0xff, 0x92, 0x31, 0xd2, 0x20,
    0x1a, 0x30, 0x80, 0x3f, 0xf9, 0x4a, 0xe2, 0x1,
    0x97, 0x9c, 0x3, 0xff, 0x98, 0x8a, 0x1, 0x26,
    0x50, 0x80, 0x7f, 0xf3, 0xa0, 0x17, 0x2c, 0xc0,
    0x3f, 0xf9, 0x25, 0xff, 0x10, 0x0, 0xba, 0x8c,
    0x3, 0xff, 0x8c,

    /* U+79E4 "秤" */
    0x0, 0xff, 0x84, 0x80, 0x3f, 0xf9, 0xe6, 0xd5,
    0xbd, 0x0, 0xce, 0xff, 0xfc, 0x46, 0x0, 0x13,
    0x45, 0xef, 0xe4, 0xa9, 0x3, 0x84, 0xc4, 0x7f,
    0xf1, 0x24, 0x1, 0x72, 0xe8, 0x40, 0x1e, 0x20,
    0xf, 0xfe, 0x48, 0x80, 0x7c, 0xb1, 0x9e, 0x4,
    0x23, 0xe0, 0xc, 0x23, 0xe2, 0x0, 0x71, 0x23,
    0x28, 0x0, 0x69, 0xcc, 0x1, 0xbd, 0xde, 0x0,
    0x9b, 0xbb, 0xda, 0x0, 0x6d, 0xb9, 0xf0, 0xf,
    0xfe, 0xe9, 0xd5, 0x80, 0x7f, 0xc7, 0x8c, 0x1,
    0xff, 0xc3, 0x4c, 0x54, 0x30, 0xf, 0xf5, 0x1c,
    0xd8, 0x1, 0x59, 0xac, 0x0, 0x99, 0xb2, 0x90,
    0x2, 0x40, 0x3f, 0x85, 0x80, 0x1c, 0x0, 0xb9,
    0x99, 0x80, 0x3, 0x33, 0x8e, 0xc0, 0xa, 0x40,
    0x1f, 0x98, 0x0, 0x2a, 0x1, 0xff, 0xc3, 0x61,
    0x0, 0x58, 0x7, 0xe9, 0x0, 0x48, 0x7, 0xff,
    0x16, 0x40, 0xc, 0x1, 0xf3, 0x8, 0x1, 0x80,
    0x2e, 0xff, 0x90, 0x0, 0x3f, 0xf8, 0x81, 0x80,
    0x27, 0x0, 0xf5, 0x80, 0x18, 0x40, 0x3c, 0x48,
    0x1, 0xfc, 0x2c, 0x0, 0xe0, 0xe, 0x23, 0x0,
    0x58, 0x7, 0xd6, 0x1, 0xff, 0x5b, 0xf4, 0x80,
    0x71, 0x74, 0xb9, 0x0, 0x78, 0x58, 0x2, 0x17,
    0x0, 0xf1, 0x40, 0x80, 0x7e, 0x68, 0x0, 0xfa,
    0x40, 0x3a, 0x28, 0x0, 0xef, 0xf8, 0x2, 0x57,
    0x7f, 0x98, 0x0, 0x2e, 0x1, 0xe5, 0xb1, 0x88,
    0xfc, 0x1, 0x1c, 0x47, 0xd6, 0x0, 0xb0, 0x0,
    0x80, 0x72, 0x60, 0x7, 0xff, 0x25, 0x14, 0x1,
    0x20, 0x1, 0x40, 0x1, 0x0, 0x7f, 0xf2, 0x6,
    0x80, 0xc, 0x40, 0x15, 0xa8, 0x4f, 0xff, 0xe0,
    0x9, 0xbf, 0xfe, 0xd7, 0x10, 0x4, 0x0, 0x75,
    0x4b, 0x0, 0x7f, 0xf2, 0x1c, 0x0, 0xe2, 0x1,
    0xe6, 0x0, 0xff, 0xe4, 0x8a, 0x14, 0x0, 0x7f,
    0xf4, 0xba, 0x40, 0x3f, 0xfa, 0x6a, 0x80, 0x1f,
    0xff, 0xf0, 0xf, 0xff, 0xf8, 0x7, 0xff, 0x84,

    /* U+79F0 "称" */
    0x0, 0xff, 0xe2, 0x90, 0x7, 0xff, 0x3c, 0x44,
    0x1, 0x2e, 0xfe, 0x90, 0x7, 0xff, 0x1c, 0x96,
    0x2f, 0xb8, 0xe0, 0x16, 0x0, 0x8, 0x80, 0x1f,
    0xfc, 0x25, 0x9b, 0xdf, 0xda, 0x74, 0x10, 0xe0,
    0x9, 0xc0, 0xa, 0x1, 0xff, 0xc3, 0xc6, 0x42,
    0x0, 0xf8, 0xc0, 0x8, 0x20, 0xe, 0x0, 0xff,
    0xe1, 0xf0, 0x7, 0x85, 0x63, 0x2c, 0x1, 0xc0,
    0x15, 0xff, 0xff, 0xf0, 0x4, 0x0, 0x4a, 0xf2,
    0x40, 0x7, 0xa7, 0x30, 0x0, 0xa8, 0x7, 0xff,
    0x10, 0xc0, 0xb, 0x50, 0xc2, 0x1, 0xfa, 0x40,
    0x3f, 0xfa, 0x82, 0xe0, 0x3, 0xaa, 0xff, 0x18,
    0x4, 0x40, 0x1f, 0xfc, 0x29, 0x0, 0xbd, 0x57,
    0xf9, 0xc, 0x0, 0xc0, 0x13, 0x3b, 0xc4, 0x0,
    0x57, 0x79, 0x1c, 0x0, 0x86, 0x1, 0xfd, 0x20,
    0x14, 0x0, 0x51, 0x18, 0x40, 0x7, 0x11, 0x58,
    0x5, 0xe0, 0x13, 0xf7, 0x34, 0x0, 0x2e, 0x0,
    0x61, 0x0, 0xff, 0xe1, 0x28, 0x1, 0x10, 0x1,
    0x78, 0x88, 0xc0, 0x12, 0x1, 0x58, 0x7, 0xff,
    0xf, 0xec, 0x24, 0x3, 0xfd, 0x6c, 0x2a, 0x40,
    0x1b, 0xbf, 0xe0, 0x9, 0xbf, 0xe5, 0x4e, 0x20,
    0xf, 0xf1, 0xcf, 0x58, 0x7, 0xe6, 0x0, 0xfe,
    0x10, 0xf, 0xfe, 0x10, 0x80, 0x7e, 0xa0, 0x9,
    0xd0, 0x3, 0xae, 0xcc, 0x20, 0x1f, 0x3f, 0x38,
    0x7, 0xe4, 0x30, 0x8, 0x6d, 0x80, 0x21, 0x44,
    0x49, 0x0, 0x79, 0xe0, 0x64, 0x3, 0xf7, 0x80,
    0x7a, 0x64, 0x0, 0x70, 0x0, 0x98, 0x7, 0x98,
    0x0, 0x2a, 0x1, 0xe3, 0x40, 0xf, 0x9a, 0xc2,
    0x80, 0xe, 0x1, 0xf0, 0xa8, 0x3, 0x80, 0x3d,
    0x0, 0x1c, 0xc6, 0x0, 0xc2, 0x30, 0x6, 0x80,
    0x7e, 0xe0, 0x2, 0x8, 0x6, 0x44, 0x0, 0x90,
    0x5, 0x8a, 0x6f, 0x40, 0x1, 0x40, 0xf, 0xc8,
    0x40, 0x9, 0x0, 0xd2, 0x0, 0x91, 0x0, 0xd5,
    0xa0, 0xc0, 0x6, 0x0, 0xff, 0x50, 0x1, 0x80,
    0x25, 0x20, 0x3, 0x0, 0x78, 0x54, 0x40, 0x14,
    0x1, 0xfe, 0x60, 0x0, 0xa0, 0x1, 0xc0, 0x10,
    0x20, 0x1f, 0x48, 0x1, 0x8, 0x3, 0xfc, 0x28,
    0x0, 0xe0, 0x1, 0x28, 0xb8, 0x7, 0xc8, 0x60,
    0xe, 0x0, 0xff, 0xe0, 0x70, 0x1, 0x44, 0x1,
    0x34, 0x1, 0xfa, 0x0, 0x2, 0xa0, 0x1f, 0xfc,
    0x5, 0x10, 0x3, 0x0, 0xd, 0x0, 0x3e, 0x53,
    0x0, 0x40, 0x7, 0xff, 0x9, 0xc0, 0x14, 0x1,
    0xff, 0x3a, 0x80, 0xb0, 0x7, 0x10, 0x7, 0xea,
    0x1, 0xa0, 0xf, 0xf8, 0xab, 0x74, 0x2, 0xef,
    0x4a, 0x80, 0x7e, 0x3a, 0xe7, 0x0, 0xff, 0xe0,
    0x91, 0x80, 0x22, 0x26, 0x0, 0x88, 0x3, 0xca,
    0x1, 0xff, 0xc6, 0x11, 0x0, 0x7a, 0x80, 0x3f,
    0xf9, 0xca, 0x1, 0x8a, 0x58, 0x3, 0xfc,

    /* U+7A33 "稳" */
    0x0, 0xff, 0xe2, 0xcd, 0x20, 0x7, 0xff, 0x30,
    0x98, 0x3, 0x1b, 0x2d, 0xb0, 0x7, 0xff, 0x18,
    0x51, 0xef, 0xb6, 0x48, 0x2, 0xf0, 0x1, 0x30,
    0x7, 0xff, 0x9, 0x66, 0xfb, 0x97, 0x8, 0x20,
    0x7, 0x0, 0x41, 0x80, 0xf, 0x77, 0xf8, 0x3,
    0xdc, 0xc8, 0x20, 0x1f, 0xc6, 0xe0, 0x10, 0x91,
    0x7f, 0x0, 0x78, 0x80, 0x3c, 0x95, 0xbe, 0xa3,
    0xa0, 0x1f, 0xfc, 0x8c, 0x68, 0xb1, 0x0, 0x72,
    0x90, 0x3, 0x44, 0x1, 0x7f, 0xfe, 0x90, 0xa,
    0x80, 0x3c, 0xb2, 0xe8, 0x60, 0x1e, 0xb3, 0x0,
    0x4a, 0x0, 0x72, 0xc8, 0x2, 0x14, 0x3, 0xff,
    0x89, 0x48, 0x0, 0x66, 0x0, 0x71, 0xd0, 0x1,
    0x9c, 0x3, 0xff, 0x8b, 0x22, 0x0, 0x4d, 0xdf,
    0x60, 0x4, 0x9b, 0xb8, 0x3, 0x44, 0xcc, 0x60,
    0xe, 0x99, 0x56, 0x98, 0x11, 0x7c, 0x1, 0x88,
    0xb8, 0x3, 0x33, 0x61, 0x0, 0x23, 0x34, 0x50,
    0x1, 0xff, 0xd5, 0x4f, 0xff, 0xfe, 0xd, 0x80,
    0x7c, 0x42, 0x30, 0x4, 0x23, 0x80, 0x3f, 0xf8,
    0x6e, 0x1, 0xf6, 0x77, 0x34, 0x2, 0xbe, 0xe8,
    0x4a, 0x23, 0xff, 0x83, 0x20, 0x1f, 0xea, 0x0,
    0xfc, 0xef, 0xff, 0xc2, 0x50, 0xf, 0xf3, 0x80,
    0x5a, 0x1, 0xff, 0xd0, 0x51, 0x0, 0x9e, 0xc4,
    0x0, 0xbf, 0xff, 0xfc, 0x1c, 0x0, 0xfe, 0x90,
    0xe, 0x4f, 0x40, 0xf, 0xfe, 0x61, 0x98, 0x3,
    0xc3, 0x6f, 0xbb, 0xff, 0xc2, 0xe0, 0xf, 0xde,
    0x1, 0xd0, 0x40, 0x3, 0x22, 0xff, 0xe1, 0x80,
    0x7c, 0x86, 0x6, 0x40, 0x2, 0xc4, 0x75, 0x0,
    0xff, 0xe5, 0x48, 0x2, 0x40, 0x30, 0xdc, 0xf,
    0xff, 0xd0, 0x0, 0xef, 0xff, 0x80, 0x28, 0x20,
    0x25, 0x0, 0xf9, 0x4, 0x4, 0xcc, 0x41, 0xa0,
    0x9, 0x0, 0xe7, 0x20, 0xb, 0x40, 0x10, 0x1,
    0xfa, 0xfa, 0xd3, 0x32, 0x8, 0x0, 0x38, 0x80,
    0xf, 0xa2, 0x0, 0x12, 0x89, 0x28, 0x7, 0xcc,
    0x0, 0x10, 0xe, 0x25, 0x0, 0x4b, 0x28, 0x80,
    0x14, 0x80, 0x29, 0x90, 0x7, 0xea, 0x0, 0x70,
    0x7, 0xa0, 0x0, 0x55, 0x4d, 0x90, 0x5, 0x80,
    0x4e, 0x80, 0x1f, 0x19, 0x80, 0x50, 0x3, 0xc4,
    0xf7, 0x40, 0x13, 0x0, 0x18, 0x40, 0x3f, 0xe9,
    0x0, 0x30, 0x7, 0xe8, 0x40, 0xc, 0x2c, 0x0,
    0x60, 0xf, 0xf1, 0x28, 0x2, 0x40, 0x40, 0x2,
    0x40, 0x1c, 0x40, 0x41, 0x60, 0x9, 0x0, 0xff,
    0x28, 0x1, 0x84, 0x18, 0x2, 0xdd, 0xef, 0x10,
    0x60, 0x24, 0x0, 0x10, 0x7, 0xf3, 0xd9, 0xd8,
    0x0, 0x88, 0x1, 0x11, 0x60, 0xb, 0x0, 0x11,
    0x5c, 0x40, 0x1f, 0xe4, 0xc2, 0x0, 0xb1, 0x44,
    0x3, 0xc4, 0xee, 0x0, 0x1a, 0x80, 0x0,

    /* U+7A7A "空" */
    0x0, 0xff, 0xe0, 0x8a, 0x3d, 0x38, 0x7, 0xff,
    0x3d, 0x6e, 0x16, 0x80, 0x3f, 0xf9, 0xe8, 0x20,
    0x2, 0x20, 0x7, 0xff, 0x3d, 0x0, 0x25, 0x0,
    0xff, 0xe1, 0x4f, 0xff, 0xff, 0x1, 0x40, 0x28,
    0xff, 0xff, 0xa8, 0x0, 0x60, 0x1f, 0xfd, 0x1,
    0x0, 0xff, 0xed, 0x44, 0x7f, 0xf2, 0x80, 0x3f,
    0xce, 0xff, 0xfc, 0xa0, 0xf, 0xfe, 0x22, 0x98,
    0x7, 0x99, 0x0, 0x3f, 0xf9, 0x33, 0x5c, 0x1,
    0xc3, 0x37, 0x63, 0x0, 0xff, 0x74, 0x44, 0x1,
    0x27, 0x30, 0x13, 0x80, 0x69, 0x0, 0x26, 0x51,
    0x0, 0x21, 0xdd, 0xc0, 0x4, 0x77, 0x80, 0x6a,
    0xc4, 0x2, 0xd0, 0xc, 0x40, 0x19, 0x76, 0x5,
    0xe2, 0xa, 0x1, 0xe8, 0xe5, 0x0, 0x86, 0x68,
    0x3, 0x56, 0xa8, 0x6, 0x7e, 0x70, 0xf, 0x9b,
    0x9c, 0x3, 0x2f, 0xb0, 0x7, 0x8a, 0xb0, 0xc0,
    0x34, 0x72, 0x80, 0x4d, 0xd2, 0x20, 0x11, 0x65,
    0x8, 0x7, 0xf1, 0xe5, 0x90, 0x4, 0x35, 0x87,
    0x52, 0x20, 0x10, 0xce, 0x98, 0x7, 0xff, 0x5,
    0x36, 0x44, 0x2, 0x38, 0xe0, 0xc, 0xde, 0xc0,
    0x1f, 0xfc, 0x56, 0xf7, 0x0, 0xa1, 0x8, 0x16,
    0xbd, 0xd9, 0xbf, 0xf8, 0xef, 0x7a, 0x6c, 0x61,
    0x39, 0x45, 0x33, 0xff, 0xca, 0xa2, 0xc9, 0x0,
    0x21, 0x80, 0x7f, 0xfd, 0x5f, 0xff, 0xf8, 0x40,
    0x2f, 0xff, 0xe9, 0x0, 0xff, 0xff, 0x80, 0x7f,
    0xff, 0xc0, 0x3f, 0xf8, 0x68, 0x9f, 0xfc, 0x10,
    0xc, 0x89, 0xff, 0xc1, 0x13, 0xbb, 0xff, 0xe0,
    0x88, 0x5, 0x77, 0xff, 0xc1, 0x20, 0xf, 0xff,
    0xa1, 0xee, 0xff, 0xf4, 0x8c,

    /* U+7ACB "立" */
    0x0, 0xff, 0xe0, 0x8a, 0xbd, 0x20, 0x7, 0xff,
    0x3d, 0xaa, 0x17, 0x40, 0x3f, 0xf9, 0xea, 0x1,
    0x38, 0x7, 0xff, 0x3c, 0x84, 0x0, 0x26, 0x1,
    0xff, 0xcf, 0x70, 0x9, 0x0, 0x3f, 0xf9, 0xfa,
    0x1, 0x58, 0x7, 0xff, 0xa, 0x3f, 0xff, 0xf8,
    0x16, 0x1, 0x1f, 0xff, 0xff, 0x0, 0x3, 0xff,
    0xed, 0xaa, 0xbf, 0xfd, 0x10, 0x2, 0xd5, 0x7f,
    0xf4, 0x40, 0x3f, 0x34, 0x0, 0x7f, 0xf0, 0xaf,
    0x14, 0x3, 0xfe, 0x7f, 0x97, 0x10, 0xf, 0xfe,
    0xa, 0x1d, 0x70, 0x80, 0x7f, 0x8, 0x4, 0xc0,
    0x1f, 0xfc, 0x5, 0x0, 0x88, 0x40, 0x3f, 0x9c,
    0x2, 0xa0, 0xf, 0xfe, 0x7, 0x0, 0x54, 0x1,
    0xfe, 0x15, 0x0, 0x11, 0x80, 0x7f, 0x85, 0x0,
    0x27, 0x0, 0xff, 0xb8, 0x2, 0xa0, 0xf, 0xf3,
    0x80, 0x4a, 0x20, 0x1f, 0xf2, 0x8, 0x1, 0x80,
    0x3f, 0xd4, 0x1, 0x70, 0x7, 0xff, 0x5, 0x80,
    0x25, 0x0, 0xfc, 0x26, 0x0, 0x14, 0x0, 0xff,
    0xe0, 0xd8, 0x5, 0xc0, 0x1f, 0x98, 0x2, 0x60,
    0xf, 0xfe, 0x11, 0x90, 0x1, 0x4, 0x3, 0xea,
    0x0, 0xa8, 0x3, 0xff, 0x87, 0x40, 0x13, 0x0,
    0x78, 0xc8, 0x0, 0x64, 0x1, 0xff, 0xc3, 0x60,
    0xa, 0x80, 0x3d, 0x40, 0x15, 0x0, 0x7f, 0xf1,
    0x4, 0xc0, 0x4, 0x60, 0x1c, 0xe0, 0x13, 0x0,
    0x7f, 0xf1, 0x68, 0x2, 0xa0, 0xc, 0xa2, 0x0,
    0x50, 0xf, 0xfe, 0x33, 0x80, 0xbd, 0x80, 0x6e,
    0x0, 0xb8, 0x3, 0xff, 0x8c, 0x37, 0xd0, 0x40,
    0x11, 0x20, 0x0, 0x90, 0x3, 0xff, 0x8e, 0x80,
    0x1e, 0xa0, 0xa, 0x80, 0x3f, 0xcb, 0x33, 0xff,
    0xc4, 0x60, 0xb, 0x66, 0x7f, 0xa3, 0x19, 0xbf,
    0xf8, 0x82, 0x1, 0x2b, 0x37, 0xf8, 0x3, 0xff,
    0xe9, 0x3f, 0xff, 0xfd, 0x2e,

    /* U+7B49 "等" */
    0x0, 0xf6, 0x5c, 0x20, 0x7, 0xfa, 0xed, 0x8,
    0x1, 0xff, 0xc2, 0x43, 0x47, 0xc0, 0xf, 0xe4,
    0x49, 0xc8, 0x3, 0xff, 0x85, 0x0, 0x14, 0x80,
    0x7f, 0x40, 0x0, 0x58, 0x3, 0xff, 0x82, 0xc6,
    0x1, 0x66, 0xef, 0xc2, 0x86, 0x1, 0x6e, 0xff,
    0x40, 0x4, 0x30, 0x1, 0x88, 0xbf, 0x1d, 0x0,
    0x42, 0x45, 0xfc, 0x20, 0x15, 0x8, 0x7, 0xff,
    0x2, 0x4, 0x3, 0xff, 0x88, 0xe8, 0x0, 0x6f,
    0x50, 0x0, 0xf7, 0xfd, 0x8a, 0x0, 0x4f, 0xf2,
    0x80, 0x7, 0xbf, 0xf4, 0x82, 0xc0, 0x0, 0xa4,
    0x20, 0x0, 0x2c, 0x1, 0x40, 0x5, 0x20, 0xb,
    0x0, 0xc, 0x0, 0x7b, 0x80, 0x2f, 0x0, 0x13,
    0x80, 0x20, 0x40, 0x17, 0x24, 0xe4, 0x0, 0x19,
    0x0, 0x31, 0x80, 0x75, 0xa0, 0x51, 0x0, 0x50,
    0x20, 0xa0, 0x9, 0x97, 0xdc, 0x0, 0x66, 0x21,
    0x83, 0x0, 0xf5, 0xd9, 0x40, 0x3b, 0x75, 0x42,
    0xc, 0xd7, 0x80, 0x7b, 0xfc, 0xe0, 0x1f, 0x8b,
    0x77, 0xdd, 0xfb, 0xb0, 0x4, 0xdb, 0xbe, 0xfc,
    0xdd, 0x80, 0x3c, 0x24, 0x5f, 0xf0, 0x6, 0x22,
    0xff, 0x80, 0x3f, 0xfb, 0x6f, 0xff, 0xff, 0x0,
    0x4d, 0xff, 0xff, 0x0, 0x7f, 0xf6, 0x44, 0x7f,
    0xf8, 0x24, 0x1, 0x18, 0x8f, 0xff, 0x8, 0x3f,
    0xbb, 0xff, 0x81, 0xa0, 0x12, 0xf7, 0x7f, 0xf0,
    0x6c, 0x3, 0xff, 0xac, 0x45, 0xff, 0xc9, 0x0,
    0xc4, 0x5f, 0x6, 0x6e, 0xff, 0xf2, 0x4, 0x0,
    0x9b, 0xbe, 0x80, 0xf, 0xfe, 0xbd, 0x66, 0x7f,
    0xf1, 0xc4, 0x0, 0xb9, 0x9d, 0x0, 0x13, 0x99,
    0xff, 0xf1, 0xc0, 0x21, 0x33, 0xe2, 0x0, 0xff,
    0xec, 0x7e, 0x66, 0x70, 0x6c, 0xcf, 0xfe, 0x0,
    0x80, 0xf, 0x33, 0xa0, 0x2, 0x23, 0x38, 0x5c,
    0x1a, 0x48, 0xcf, 0xfc, 0x1, 0x39, 0x9f, 0x10,
    0x7, 0xcc, 0x20, 0x5, 0xf3, 0x0, 0xff, 0xe7,
    0x27, 0x98, 0x0, 0x71, 0xc0, 0x3f, 0x8, 0x7,
    0xff, 0x14, 0x71, 0xc0, 0x23, 0x0, 0x8, 0xe2,
    0x70, 0x8, 0x40, 0x3f, 0xf8, 0x91, 0x63, 0x28,
    0x17, 0xdd, 0xb6, 0x0, 0x2d, 0x0, 0xff, 0xe2,
    0xa7, 0xb0, 0x0, 0xc0, 0x3f, 0xb, 0x0, 0x7f,
    0xf1, 0x84, 0x2, 0xe0, 0xf, 0x13, 0x78, 0x80,
    0x7c,

    /* U+7D2B "紫" */
    0x0, 0xfe, 0x56, 0x61, 0x0, 0x73, 0x3b, 0x90,
    0x3, 0xff, 0x91, 0x73, 0x24, 0x0, 0xeb, 0x88,
    0x68, 0x7, 0xc4, 0x1, 0xc5, 0x76, 0xa0, 0xf,
    0xfe, 0x4a, 0xe6, 0x90, 0x6, 0x14, 0x48, 0x3,
    0xd5, 0x59, 0x80, 0x3e, 0x28, 0xea, 0x30, 0x80,
    0xf, 0xfe, 0x11, 0xaa, 0xde, 0x1, 0x8d, 0xb3,
    0x5c, 0x40, 0x5, 0x80, 0x1f, 0xfc, 0xb5, 0x93,
    0x0, 0x8e, 0xb5, 0x80, 0x3f, 0xf8, 0x51, 0xbb,
    0x40, 0x7, 0xe5, 0xcc, 0x27, 0xdb, 0x80, 0x7f,
    0xf0, 0x44, 0x8a, 0x10, 0xe, 0x28, 0xea, 0x30,
    0x30, 0x48, 0x0, 0xff, 0xe5, 0x2e, 0xb8, 0x80,
    0x42, 0x0, 0x10, 0xf, 0xfe, 0xe, 0x3d, 0x64,
    0x0, 0x7f, 0xcc, 0x0, 0x30, 0xf, 0xb, 0xce,
    0x8, 0x1, 0x61, 0x4c, 0x80, 0x32, 0x20, 0x8b,
    0x1c, 0x80, 0x4, 0x1b, 0x70, 0x2, 0x86, 0x30,
    0xf, 0x84, 0x18, 0x0, 0x37, 0xbb, 0xb0, 0xc0,
    0xa, 0x0, 0x20, 0xf, 0xc2, 0x6c, 0x69, 0x94,
    0x1e, 0x1, 0xff, 0xc0, 0xb0, 0x30, 0x1, 0x23,
    0x4d, 0xef, 0xf6, 0x99, 0x93, 0x90, 0x12, 0xd4,
    0xcf, 0xe4, 0x7d, 0x20, 0x5d, 0xfd, 0xb9, 0x64,
    0x21, 0x8e, 0x50, 0x2, 0x20, 0x0, 0x95, 0x9e,
    0xe9, 0x99, 0x5c, 0x10, 0x4, 0x40, 0x1c, 0x53,
    0xce, 0x0, 0x5d, 0x91, 0x0, 0x8e, 0xf1, 0x1e,
    0x40, 0x3f, 0xe1, 0x6c, 0xd6, 0x1, 0x6c, 0x81,
    0x34, 0x56, 0xcc, 0x20, 0x4, 0x62, 0x1, 0xfe,
    0xc9, 0x30, 0x8, 0x5b, 0x37, 0x31, 0x75, 0x26,
    0x1, 0x36, 0xd0, 0x80, 0x7f, 0x90, 0x3, 0xff,
    0x86, 0x51, 0xa6, 0x20, 0x1f, 0xfc, 0xa, 0x89,
    0xab, 0xcc, 0x42, 0x0, 0x72, 0xde, 0xaf, 0xae,
    0x30, 0x7, 0xfc, 0x6e, 0xca, 0x15, 0x90, 0x80,
    0x2, 0x8e, 0xa4, 0x1, 0x30, 0x4, 0xd0, 0x7,
    0xfc, 0x93, 0xd6, 0xc0, 0x1, 0x6c, 0xd7, 0x10,
    0x11, 0xa8, 0x40, 0xb, 0xa4, 0x1, 0xf5, 0x7d,
    0xb0, 0x80, 0x42, 0xa5, 0xfb, 0xdf, 0xee, 0xe6,
    0xd8, 0x80, 0x45, 0xaa, 0x1, 0xe4, 0x0, 0xf8,
    0x51, 0x6, 0x42, 0x1, 0xff, 0xc0, 0xa9, 0x0,
    0xe5, 0x0, 0xfe, 0x11, 0x0, 0x44, 0xac, 0xc7,
    0x88, 0x4c, 0x84, 0x0, 0x60, 0x1d, 0x15, 0x79,
    0xb8, 0xdd, 0xfe, 0xee, 0x0, 0x49, 0x53, 0x60,
    0xce, 0xcc, 0xf3, 0x35, 0x0, 0x71, 0xaa, 0x15,
    0x63, 0x40, 0x7, 0xfa, 0xdf, 0xa4, 0x80, 0x73,
    0x40, 0x3e, 0x29, 0xe7, 0x0, 0x31, 0x0, 0x7e,
    0x16, 0x0, 0x36, 0xda, 0x0, 0x80, 0x72, 0x5e,
    0xb0, 0x4, 0x78, 0x40, 0x1e, 0x10, 0x19, 0x20,
    0x9, 0x2f, 0x58, 0x2, 0x7e, 0xb4, 0x0, 0x8e,
    0xf0, 0x84, 0x45, 0x0, 0x1e, 0x6d, 0xb4, 0x0,
    0x8a, 0x7a, 0x4, 0x4, 0x2, 0x4c, 0xc2, 0xf,
    0x75, 0xae, 0x1, 0x70, 0x6, 0x4b, 0xc5, 0x0,
    0x85, 0xcd, 0x80, 0xd, 0xb6, 0x60, 0x1, 0x10,
    0x7, 0xce, 0x1, 0xe3, 0xad, 0x60, 0x3, 0x10,
    0xdf, 0xc9, 0x0, 0x72, 0x80, 0x61, 0x4c, 0x10,
    0xf, 0xc5, 0x3c, 0xf6, 0x0,

    /* U+7EBF "线" */
    0x0, 0xf8, 0x80, 0x3f, 0xfa, 0x9f, 0xcc, 0x1,
    0xf5, 0xee, 0xa4, 0x2, 0xa6, 0x0, 0xff, 0xe0,
    0xa1, 0xc, 0xa0, 0x7, 0x98, 0x8a, 0x0, 0x5a,
    0xcb, 0x0, 0x7f, 0xf0, 0x20, 0x0, 0x68, 0x1,
    0xe1, 0x0, 0x38, 0x7, 0x4b, 0x80, 0x7f, 0x90,
    0xc0, 0x10, 0x1, 0xff, 0xc1, 0xb4, 0x0, 0x43,
    0x80, 0x7f, 0x48, 0x0, 0xd0, 0x3, 0xe7, 0x0,
    0x8, 0x5, 0x68, 0x0, 0x91, 0x0, 0xf9, 0x88,
    0x1, 0x0, 0x1f, 0x84, 0x0, 0x60, 0x1a, 0xcc,
    0xb0, 0x40, 0x3c, 0x30, 0x0, 0x44, 0x1, 0x30,
    0x7, 0x18, 0x0, 0x40, 0x2, 0x6b, 0x6f, 0x19,
    0xd4, 0x1, 0xa0, 0x40, 0x12, 0x0, 0x99, 0x6a,
    0x9, 0xa1, 0x0, 0x5b, 0xfd, 0x95, 0xa, 0xa3,
    0x16, 0x0, 0x91, 0x80, 0xe, 0x40, 0x68, 0x5,
    0x9d, 0x96, 0x80, 0x11, 0x0, 0x7f, 0x8, 0x0,
    0x68, 0x0, 0x50, 0x0, 0xf0, 0x0, 0xc0, 0x80,
    0x7f, 0x89, 0x1a, 0x2a, 0xfc, 0x1, 0x62, 0x1,
    0x6f, 0x79, 0x80, 0x20, 0xc, 0x8, 0xc0, 0x28,
    0xdf, 0xf6, 0xdc, 0xba, 0xa1, 0x0, 0x8, 0x2,
    0x22, 0x8, 0x4, 0x4c, 0x1b, 0xfb, 0xc0, 0x11,
    0x10, 0x3, 0xfe, 0xc0, 0xf, 0xee, 0x0, 0xe2,
    0x0, 0x88, 0x3, 0xe1, 0x35, 0x30, 0x54, 0x68,
    0xa8, 0x0, 0x94, 0xc0, 0x3c, 0x20, 0xe, 0x35,
    0x79, 0xbd, 0xfe, 0xca, 0xb0, 0x1b, 0x97, 0x5a,
    0x0, 0xd, 0x80, 0x9, 0x1a, 0x28, 0x40, 0xd,
    0x95, 0xc, 0x84, 0x1, 0x84, 0x3, 0xa4, 0x80,
    0x10, 0x20, 0xe, 0xb9, 0x75, 0x0, 0xff, 0xe3,
    0xa3, 0x0, 0x11, 0x80, 0x26, 0x0, 0xff, 0x12,
    0x34, 0x55, 0x3b, 0xe4, 0x2, 0x2a, 0x0, 0xd,
    0x0, 0x63, 0x0, 0x12, 0x20, 0x2, 0xdf, 0xdb,
    0x97, 0xfb, 0x30, 0xe, 0xf1, 0x0, 0x50, 0x89,
    0x19, 0x63, 0xbf, 0x6e, 0x0, 0x26, 0x0, 0xd4,
    0xa3, 0x82, 0x1, 0x61, 0x0, 0x53, 0xfd, 0x73,
    0xe2, 0x20, 0x8, 0xc0, 0x23, 0x0, 0xa5, 0x40,
    0x8, 0x20, 0x11, 0x0, 0x62, 0x0, 0xc2, 0x1,
    0xe2, 0x0, 0x68, 0x2, 0xd8, 0x0, 0x94, 0x1,
    0x90, 0x3, 0xf0, 0x98, 0x7, 0x90, 0x0, 0x83,
    0xa8, 0x0, 0x4b, 0x0, 0xed, 0x1, 0x35, 0x8a,
    0xcf, 0xe8, 0x0, 0xf6, 0x0, 0x7, 0xc8, 0x0,
    0x96, 0x40, 0x1c, 0xff, 0xd9, 0x4e, 0xa6, 0x1,
    0xfc, 0x80, 0x10, 0x80, 0x1a, 0xc2, 0xf9, 0xc4,
    0x3, 0xff, 0x8e, 0x40, 0x1d, 0x12, 0x0, 0x21,
    0x86, 0x0, 0xfc, 0x4b, 0x17, 0x20, 0x18, 0x6b,
    0x0, 0x34, 0xb8, 0x4, 0xa0, 0x3, 0x0, 0x89,
    0x62, 0xfb, 0x69, 0xd1, 0x40, 0x3, 0x1c, 0xa0,
    0x1d, 0xe0, 0x11, 0x8, 0x1, 0x42, 0xff, 0x69,
    0xd0, 0x40, 0x30, 0x94, 0xf3, 0x80, 0x61, 0x0,
    0x31, 0x0, 0x10, 0x0, 0x42, 0xc, 0x1, 0xfc,
    0x49, 0x8c, 0x1, 0x93, 0x74, 0x1, 0x79, 0x5,
    0x0, 0x10, 0x0, 0xc0, 0x18, 0xda, 0x73, 0xf6,
    0x64, 0x1, 0x15, 0x59, 0x1b, 0x0, 0xb, 0x7c,
    0xc0, 0x14, 0x0, 0xd6, 0x9d, 0xfc, 0x96, 0x30,
    0x9, 0xc0, 0xab, 0x54, 0x2, 0x92, 0x0, 0xf1,
    0x18, 0x1, 0xa5, 0x88, 0x3, 0xfb, 0x74, 0xa0,
    0x1e, 0xc2, 0x0, 0xee, 0x0, 0xff, 0xe2, 0x10,
    0x7, 0xe1, 0xc7, 0x20, 0x3c, 0x30, 0x0,

    /* U+7ED3 "结" */
    0x0, 0xf4, 0xb8, 0x80, 0x7f, 0xd3, 0x32, 0x0,
    0x7f, 0xf0, 0x4d, 0xa3, 0x8c, 0x3, 0xf8, 0x59,
    0xa3, 0x0, 0xff, 0xe0, 0xc8, 0x0, 0x8c, 0x3,
    0xff, 0x9c, 0x4a, 0x0, 0x80, 0xf, 0xfe, 0x7c,
    0x0, 0x9, 0x40, 0x3f, 0xf9, 0xc4, 0xa0, 0x8,
    0x0, 0xdf, 0xff, 0x70, 0x5, 0x1f, 0xff, 0x60,
    0x5, 0x20, 0x2, 0x50, 0xf, 0xfe, 0x58, 0x80,
    0x11, 0x0, 0x8, 0x0, 0x18, 0x80, 0x7f, 0xf2,
    0xe4, 0x0, 0x6a, 0x0, 0xde, 0x79, 0xaa, 0xf4,
    0x80, 0x4b, 0x55, 0xf4, 0x83, 0x90, 0x3, 0xc0,
    0xe, 0x21, 0xa, 0xbf, 0x38, 0x5, 0xaa, 0xbf,
    0x21, 0x40, 0x1, 0x48, 0xd6, 0x0, 0x8, 0x60,
    0x1f, 0xfc, 0x78, 0x0, 0x97, 0xb2, 0x80, 0x29,
    0x0, 0xff, 0xe4, 0x68, 0x7, 0xf3, 0x10, 0x8,
    0xf8, 0xc0, 0x30, 0x8f, 0xc0, 0x60, 0x1f, 0x86,
    0x0, 0xfb, 0xbd, 0xa0, 0x14, 0x77, 0x7b, 0xc1,
    0x22, 0xb3, 0xa0, 0x2, 0x81, 0x0, 0xff, 0xe5,
    0x3a, 0x99, 0xa0, 0x0, 0x6c, 0x1, 0xff, 0xce,
    0xe0, 0xb, 0x80, 0x23, 0xcc, 0xff, 0xe2, 0xe8,
    0x6, 0x83, 0x0, 0x41, 0x0, 0x63, 0x3f, 0xfe,
    0x30, 0x4, 0x8e, 0x0, 0x37, 0x0, 0xff, 0xe6,
    0x95, 0x0, 0x5c, 0x28, 0xf4, 0x0, 0x25, 0x5f,
    0xfe, 0x1a, 0x0, 0x5e, 0x20, 0x16, 0xf5, 0xc2,
    0x88, 0x5d, 0x57, 0xff, 0xe, 0xc0, 0x3f, 0xfa,
    0xe8, 0x1, 0xf1, 0x20, 0x7, 0xff, 0x2b, 0xc5,
    0x1a, 0x2f, 0x7f, 0x6c, 0x40, 0x30, 0xff, 0xff,
    0x40, 0x7, 0x9b, 0xae, 0x5d, 0x8, 0x3, 0xff,
    0xe4, 0x6b, 0x15, 0xac, 0x1, 0xff, 0xc8, 0x36,
    0x9b, 0xef, 0xca, 0x75, 0x2e, 0x0, 0xff, 0xe4,
    0x74, 0xb2, 0x8, 0x7, 0xfc, 0x3f, 0xff, 0xd0,
    0x1, 0xcc, 0x1, 0xf0, 0xa3, 0x60, 0x7, 0xff,
    0x20, 0x80, 0x51, 0xa7, 0x3b, 0x97, 0x28, 0x1,
    0xff, 0xc8, 0x8e, 0xe5, 0xcb, 0x18, 0x80, 0x7e,
    0x1b, 0xbf, 0xe6, 0x0, 0xe1, 0x10, 0x7, 0xff,
    0xd, 0x13, 0xfb, 0x80, 0x38,

    /* U+7EEA "绪" */
    0x0, 0xf1, 0xda, 0x0, 0x7f, 0x36, 0x64, 0x1,
    0xff, 0xc5, 0x84, 0xb9, 0x0, 0xfc, 0x26, 0x70,
    0x7, 0xff, 0x10, 0x90, 0x1, 0x40, 0x1f, 0xfc,
    0x76, 0x20, 0xf, 0xa0, 0x0, 0x86, 0x1, 0xff,
    0xc6, 0x29, 0xda, 0x20, 0xc, 0x4a, 0x0, 0x80,
    0xe, 0xef, 0xfa, 0x0, 0x2f, 0xfd, 0x81, 0x0,
    0x5, 0x0, 0xe8, 0x0, 0x21, 0x80, 0x70, 0x80,
    0x7f, 0xf0, 0x11, 0x40, 0xc, 0x40, 0x11, 0x28,
    0x2, 0x0, 0x3f, 0xf8, 0xc3, 0x20, 0x14, 0x0,
    0x69, 0x0, 0x29, 0x80, 0xf4, 0x8, 0x6e, 0xe7,
    0x0, 0xb7, 0x73, 0x90, 0x2, 0x4, 0x2, 0x44,
    0x0, 0x20, 0x1, 0x22, 0xfe, 0x4, 0x5b, 0xc0,
    0x22, 0x29, 0x94, 0x0, 0x6e, 0x1, 0xa8, 0x0,
    0xe4, 0x2, 0xe0, 0x7, 0x0, 0xff, 0x8a, 0x80,
    0x2e, 0x0, 0xd4, 0x20, 0xb, 0x46, 0xa0, 0xa,
    0x0, 0x3f, 0xc3, 0xe2, 0x0, 0x92, 0x0, 0xca,
    0x1, 0x65, 0xca, 0x0, 0x22, 0xff, 0xfa, 0x0,
    0x2f, 0xe2, 0x0, 0xa7, 0xff, 0x1, 0x0, 0x7e,
    0x27, 0x10, 0xf, 0xfe, 0x4a, 0x0, 0x7e, 0x90,
    0xf, 0xfe, 0x5d, 0x53, 0x3b, 0x82, 0x0, 0x54,
    0xa, 0xdd, 0xf3, 0x80, 0x64, 0xdd, 0xfc, 0x6,
    0xa6, 0x34, 0x20, 0x36, 0x0, 0x12, 0x2c, 0x70,
    0xe0, 0x13, 0x59, 0x17, 0xe0, 0xc, 0xc8, 0x0,
    0xb1, 0x0, 0xf2, 0x7a, 0x80, 0x53, 0x20, 0xf,
    0xfe, 0x1, 0x48, 0x1, 0x14, 0x3, 0x86, 0xac,
    0x40, 0x34, 0xff, 0xfc, 0xa0, 0x1d, 0xc0, 0x1,
    0xa0, 0xe, 0x7e, 0x50, 0xf, 0xfe, 0x3c, 0x98,
    0x1, 0xdd, 0x39, 0xf1, 0xd0, 0x1, 0xff, 0xc8,
    0x46, 0x0, 0x9a, 0x58, 0xc3, 0xc4, 0x3, 0xab,
    0xbb, 0xf0, 0x7, 0xce, 0x1, 0xfc, 0x28, 0x4,
    0x1, 0x8, 0xff, 0x0, 0x7c, 0x60, 0x1e, 0x14,
    0x74, 0xf8, 0xd0, 0xf, 0xfe, 0x42, 0x1b, 0x45,
    0xf7, 0x2e, 0x9, 0x1c, 0x3, 0x56, 0xef, 0xe0,
    0xf, 0xd7, 0x92, 0xe8, 0x20, 0x1f, 0xe1, 0x22,
    0xfc, 0x1, 0xff, 0xc5, 0x10, 0xf, 0xfe, 0x79,
    0xb4, 0xe7, 0xe0, 0x7, 0xaf, 0xff, 0xf0, 0x7,
    0xc8, 0xf5, 0xbf, 0x92, 0xc6, 0x6, 0x1, 0xff,
    0xca, 0xb8, 0x52, 0x0, 0xf0, 0x80, 0x78, 0x40,
    0x3f, 0xf8, 0x64, 0x1, 0xf1, 0xb4, 0x80, 0x7a,
    0xbf, 0xff, 0x0, 0x7c, 0xe0, 0x28, 0xf5, 0xbf,
    0x92, 0xc0, 0x1f, 0xfc, 0xa8, 0xee, 0x5c, 0x29,
    0x0, 0x7f, 0x88, 0xcf, 0xf0, 0x7, 0xc4, 0x20,
    0x1f, 0xfc, 0x39, 0xcc, 0xfc, 0x1, 0xe0,

    /* U+7EED "续" */
    0x0, 0xff, 0xed, 0xa6, 0xb0, 0x7, 0xfc, 0x99,
    0x90, 0x80, 0x7f, 0xf0, 0xbc, 0xa6, 0x80, 0x3f,
    0xc4, 0x67, 0x80, 0x3f, 0xf8, 0x26, 0x80, 0x9,
    0x0, 0xff, 0xe8, 0x48, 0x1, 0xc, 0x2, 0x7b,
    0xbf, 0x80, 0x2e, 0xbb, 0xf3, 0x0, 0x71, 0x28,
    0x2, 0x0, 0x36, 0xa2, 0x78, 0x80, 0x23, 0x44,
    0xf7, 0x0, 0x74, 0x0, 0x10, 0xc0, 0x3f, 0xf9,
    0xe6, 0xa0, 0x8, 0x0, 0xeb, 0xdd, 0xf4, 0x0,
    0x57, 0xbb, 0xe9, 0x0, 0xde, 0x0, 0x43, 0x1,
    0xc4, 0x1, 0x22, 0xf0, 0x80, 0x4c, 0x45, 0xe1,
    0x0, 0x94, 0xc0, 0x10, 0x0, 0x83, 0xba, 0x0,
    0xff, 0xe5, 0x58, 0x1, 0x8c, 0x9, 0x80, 0x2e,
    0xef, 0xa4, 0x2, 0xce, 0xef, 0x98, 0x24, 0x40,
    0x1a, 0x8d, 0xc0, 0x2, 0xf1, 0x1f, 0x80, 0x30,
    0x8f, 0xf0, 0x30, 0x5, 0x76, 0x93, 0x0, 0x48,
    0x7, 0xff, 0x20, 0x40, 0x80, 0x3f, 0x22, 0x17,
    0xfa, 0x7b, 0xff, 0xdd, 0xcf, 0xfb, 0x80, 0x25,
    0x7, 0x0, 0x88, 0x3, 0x48, 0x4, 0xf3, 0xee,
    0x1, 0xbb, 0xa8, 0x0, 0x38, 0x0, 0x8c, 0x23,
    0x3b, 0xf8, 0x2, 0x72, 0x0, 0xbc, 0x6, 0x39,
    0xc0, 0x3f, 0x50, 0x2, 0x80, 0x4, 0x62, 0x1c,
    0x0, 0x28, 0x0, 0xd3, 0x88, 0x3, 0x1c, 0x1,
    0xbc, 0x8, 0xc0, 0xc, 0x1, 0xd0, 0x40, 0xe,
    0x0, 0xca, 0x47, 0x78, 0x80, 0xe0, 0x20, 0x18,
    0xe1, 0x54, 0x20, 0x18, 0xdc, 0x0, 0xc6, 0x1,
    0xaf, 0x68, 0x8e, 0xee, 0x0, 0xf0, 0xbd, 0x50,
    0x3, 0xe, 0x80, 0xa, 0x40, 0x31, 0x80, 0x17,
    0x64, 0x50, 0x80, 0x30, 0x80, 0x7f, 0x68, 0x80,
    0x29, 0xe7, 0x3d, 0x4f, 0xa0, 0x0, 0xdc, 0xe0,
    0x1c, 0x60, 0x1f, 0x9c, 0xc0, 0x28, 0x83, 0x18,
    0x6, 0x7e, 0x70, 0x0, 0x80, 0x80, 0x42, 0x1,
    0xf8, 0x80, 0x3f, 0xf8, 0x23, 0x1c, 0xec, 0xa,
    0x1, 0x30, 0x7, 0xe7, 0x0, 0xe2, 0x58, 0xb7,
    0xff, 0xee, 0x7f, 0xf5, 0x80, 0x5b, 0xff, 0xed,
    0x2, 0x57, 0xad, 0xfd, 0xa7, 0x43, 0x0, 0xff,
    0xe4, 0x18, 0x2, 0xa1, 0x48, 0x3, 0xff, 0xb2,
    0x66, 0xee, 0xfc, 0x80, 0x15, 0xf7, 0x7d, 0xe0,
    0x18, 0x95, 0xeb, 0x7f, 0x14, 0x47, 0xe9, 0x40,
    0xa, 0xe4, 0x47, 0xe0, 0x8c, 0xfd, 0xa8, 0x52,
    0x0, 0x78, 0x7, 0xd, 0x38, 0x7, 0x3f, 0x38,
    0x7, 0x94, 0xc0, 0x3f, 0x8, 0x4, 0x53, 0xca,
    0x0, 0x1a, 0x30, 0x0, 0xc7, 0x30, 0x6, 0x60,
    0xe, 0x14, 0x7a, 0xb3, 0x7c, 0xd6, 0x0, 0x8f,
    0xd7, 0x28, 0x40, 0x3, 0x3a, 0xa0, 0x2, 0x36,
    0x9c, 0xee, 0x5c, 0x26, 0x62, 0xc, 0x3, 0x4e,
    0x8, 0x1, 0x7a, 0x0, 0x22, 0xa9, 0x9, 0xc9,
    0x63, 0x10, 0x8, 0x54, 0x3, 0xc, 0x73, 0x0,
    0x79, 0xf9, 0x40, 0x2b, 0x0, 0xff, 0xbc, 0x5,
    0xaf, 0x9c, 0x40, 0x3f, 0xd, 0x59, 0x31, 0x0,
    0x7f, 0xc9, 0xbd, 0x28, 0x1, 0xff, 0xc1, 0x4d,
    0x90,

    /* U+7F6E "置" */
    0x0, 0x22, 0x7f, 0xf4, 0x0, 0x3a, 0x6e, 0xff,
    0xf9, 0xd2, 0x1, 0xff, 0xdd, 0x5f, 0xfc, 0xa0,
    0x5, 0xff, 0xca, 0x0, 0x4f, 0xfc, 0xc0, 0x1f,
    0xfe, 0x6, 0x55, 0xcc, 0x0, 0x65, 0x5c, 0xc0,
    0x7, 0x55, 0xc4, 0x1, 0xff, 0x1d, 0x56, 0x30,
    0x1, 0xd5, 0x63, 0x0, 0x1d, 0x56, 0x40, 0xf,
    0xfe, 0xee, 0xff, 0xff, 0xc6, 0x0, 0x3f, 0xff,
    0xfb, 0x40, 0x32, 0xaf, 0xff, 0x4, 0x40, 0x2,
    0xab, 0xff, 0xc1, 0x0, 0xaa, 0xbf, 0xf8, 0x24,
    0x0, 0x2a, 0xaf, 0xfe, 0x8, 0x7, 0xff, 0x63,
    0xff, 0xff, 0x82, 0x60, 0x2, 0xff, 0xff, 0xe0,
    0x80, 0x78, 0x48, 0xbf, 0x80, 0x31, 0x17, 0xf0,
    0x80, 0x7f, 0x56, 0xef, 0xf1, 0x80, 0xb, 0x77,
    0xfc, 0x1, 0xff, 0xe1, 0x1c, 0xcf, 0xfe, 0x21,
    0x0, 0x7f, 0xf0, 0xcc, 0x8b, 0xff, 0x88, 0x1,
    0xff, 0xc4, 0x2e, 0xef, 0xfe, 0x21, 0x0, 0x7f,
    0xf9, 0xb, 0xff, 0xff, 0x88, 0x40, 0x1f, 0xfc,
    0x33, 0x3f, 0xfe, 0x28, 0x7, 0xff, 0x10, 0x73,
    0x3f, 0xf8, 0x84, 0x1, 0xff, 0xc4, 0x22, 0xff,
    0xe2, 0x0, 0x7f, 0xf1, 0xb, 0x77, 0xff, 0x88,
    0x40, 0x1f, 0xfc, 0x32, 0xee, 0xff, 0xe2, 0x10,
    0x7, 0xff, 0x10, 0x47, 0xff, 0x88, 0x1, 0xff,
    0xc4, 0x1d, 0xdf, 0xfe, 0x21, 0x0, 0x7f, 0xf0,
    0xcc, 0x8b, 0xff, 0x88, 0x1, 0xfd, 0xff, 0x90,
    0x0, 0x5f, 0xff, 0xfc, 0x42, 0x0, 0x1f, 0xfe,
    0x0, 0xff, 0xea, 0x8b, 0x37, 0xff, 0x50, 0x40,

    /* U+8089 "肉" */
    0x0, 0xff, 0xe0, 0x91, 0x9c, 0x1, 0xff, 0xce,
    0x9c, 0xc7, 0x0, 0x7f, 0xff, 0xc0, 0x3f, 0xfa,
    0x3, 0xff, 0xff, 0xc0, 0x40, 0x1, 0x7f, 0xff,
    0xf0, 0x0, 0x3f, 0xfe, 0xa4, 0xcd, 0xf8, 0x2,
    0x26, 0x6f, 0xc4, 0x1, 0xf9, 0x26, 0x7e, 0xd0,
    0xa, 0xe6, 0x7f, 0x38, 0x7, 0xff, 0x13, 0xc0,
    0x2b, 0x40, 0xf, 0xfe, 0x5c, 0x20, 0x4, 0x57,
    0x62, 0x0, 0xff, 0xe4, 0x4b, 0x80, 0x79, 0x35,
    0xc0, 0x3f, 0xf8, 0xa9, 0xac, 0x1, 0x66, 0x8,
    0x2, 0x8d, 0x30, 0xf, 0xfe, 0x9, 0xdd, 0x88,
    0x0, 0x38, 0x66, 0xd8, 0x0, 0x8b, 0x24, 0x40,
    0x3f, 0xd1, 0x88, 0x1, 0x1f, 0xad, 0x52, 0x1f,
    0x4c, 0x2, 0x66, 0x0, 0x7f, 0xac, 0x2, 0x19,
    0xc1, 0xd5, 0x52, 0x1, 0x64, 0x0, 0x9, 0xc0,
    0x3f, 0xc6, 0xa0, 0xde, 0xc0, 0x6, 0x0, 0x30,
    0x4, 0xfa, 0x72, 0x1, 0xff, 0xc0, 0xbe, 0x91,
    0x0, 0x9, 0x0, 0x8, 0x3, 0x16, 0x20, 0x7,
    0xff, 0x0, 0x44, 0x1, 0x9c, 0x2, 0x31, 0x0,
    0xff, 0xe5, 0x8c, 0x0, 0x49, 0xec, 0x1, 0xff,
    0xc9, 0x1c, 0x10, 0xc, 0x33, 0x64, 0x1, 0xff,
    0xc6, 0x6f, 0x20, 0x2, 0xb8, 0x4, 0x9a, 0xe0,
    0x1f, 0xfc, 0x34, 0xc9, 0x10, 0x2, 0x54, 0x61,
    0x0, 0x51, 0x84, 0x1, 0xff, 0x26, 0x59, 0x80,
    0x4f, 0x60, 0x3, 0xd6, 0x0, 0x8f, 0x48, 0x3,
    0xfc, 0x66, 0x0, 0x8a, 0xe0, 0x3, 0xa6, 0xc4,
    0x0, 0x84, 0x1, 0xfe, 0x71, 0x0, 0x46, 0xa0,
    0x7, 0xc9, 0xe8, 0x14, 0x1, 0xff, 0xc0, 0xb7,
    0xe7, 0x0, 0xff, 0xd, 0xe0, 0x80, 0x7f, 0xf0,
    0x16, 0x4, 0x3, 0xff, 0x82, 0x60, 0x6, 0x0,
    0xff, 0xe5, 0x13, 0x36, 0x7b, 0x30, 0xf, 0xfe,
    0x50, 0xcc, 0xe8, 0x40, 0x8, 0xc0, 0x3f, 0xf8,
    0xe6, 0x1, 0xfd, 0x20, 0x1f, 0xfc, 0x83, 0x0,
    0xe1, 0x4a, 0x50, 0x1c, 0xca, 0x0, 0x3f, 0xf8,
    0x59, 0xff, 0xdd, 0x6a, 0x0,

    /* U+80AA "肪" */
    0x0, 0xff, 0xe4, 0x9a, 0xc3, 0x0, 0x7f, 0xf4,
    0x47, 0x29, 0xe0, 0x3, 0xff, 0x81, 0x99, 0xfe,
    0x30, 0xf, 0xa, 0x0, 0x4, 0xc0, 0x3f, 0xe3,
    0x3f, 0xf3, 0x80, 0x7d, 0xa0, 0x15, 0x0, 0x7f,
    0xf4, 0x50, 0x2, 0x70, 0xf, 0xfe, 0x11, 0x16,
    0x0, 0xc7, 0x33, 0xeb, 0x0, 0x86, 0xa6, 0x7c,
    0x1, 0xf7, 0x6e, 0xc2, 0x1, 0x2b, 0x37, 0xc0,
    0x19, 0x59, 0xbc, 0x1, 0xff, 0xff, 0x0, 0xfc,
    0xdf, 0xf0, 0x5, 0x3f, 0xff, 0xf0, 0x7, 0xce,
    0x23, 0x0, 0x7f, 0xf4, 0xaf, 0xba, 0x10, 0xf,
    0xff, 0xf0, 0x80, 0x46, 0x1, 0xff, 0xc6, 0x8a,
    0xa8, 0x3, 0xe3, 0x0, 0xab, 0xff, 0xf8, 0x40,
    0x3f, 0x22, 0xac, 0x20, 0x1e, 0x10, 0xf, 0xfe,
    0xab, 0x80, 0x7f, 0xf0, 0x44, 0x3, 0xff, 0x8e,
    0x20, 0x12, 0xb3, 0x71, 0x0, 0x7f, 0xf0, 0x1c,
    0x3, 0xfc, 0x60, 0x15, 0xcc, 0xf2, 0x0, 0x7f,
    0xf0, 0x2f, 0xfe, 0x10, 0xf, 0x70, 0x4, 0x20,
    0x1c, 0x60, 0x1, 0x0, 0xff, 0xe4, 0x10, 0x0,
    0x40, 0x3f, 0x8c, 0x3, 0x84, 0x3, 0xff, 0x84,
    0xc0, 0x2, 0x0, 0xf0, 0x80, 0x4, 0x3, 0xfa,
    0x6a, 0xa0, 0xf, 0x8c, 0x0, 0xc0, 0x1e, 0x70,
    0xf, 0xc6, 0x1, 0x3a, 0xac, 0x20, 0x1c, 0x40,
    0x16, 0x80, 0x78, 0x40, 0xe, 0x1, 0xcc, 0x1,
    0x8, 0x7, 0xf2, 0x0, 0x48, 0x1, 0xfc, 0x20,
    0x1c, 0x20, 0x1, 0x0, 0xff, 0x68, 0x4, 0x60,
    0x1e, 0x30, 0xf, 0xc4, 0x0, 0x20, 0xf, 0xe1,
    0x40, 0x2, 0x80, 0x7c, 0x20, 0x3, 0x0, 0xed,
    0x0, 0x30, 0x7, 0xf4, 0x0, 0x5c, 0x1, 0xe1,
    0x0, 0x84, 0x3, 0x90, 0x1, 0xa0, 0x18, 0x40,
    0x22, 0x60, 0x1, 0x20, 0x7, 0x98, 0x2, 0xf0,
    0xc, 0x62, 0x0, 0x45, 0x66, 0x50, 0x4, 0xf2,
    0x1, 0x40, 0x2, 0xab, 0x64, 0x0, 0x42, 0x1,
    0xa8, 0x2, 0x38, 0x99, 0x28, 0x5, 0x48, 0x0,
    0x35, 0x0, 0x3a, 0xac, 0x60, 0x19, 0x0, 0x33,
    0x80, 0x14, 0x1c, 0x3, 0x85, 0xc0, 0x2f, 0x0,
    0x9c, 0x3, 0xe4, 0x20, 0xd, 0xa6, 0x1e, 0x1a,
    0x1, 0xa, 0x66, 0xc, 0x1c, 0xc0, 0x2d, 0x0,
    0xc2, 0x6f, 0x60, 0x1c, 0x79, 0x2a, 0xf, 0xff,
    0x75, 0x91, 0x32, 0x60, 0x3, 0x3f, 0xfe, 0xec,
    0x80, 0xe,

    /* U+80F8 "胸" */
    0x0, 0xff, 0xe1, 0xad, 0x10, 0x7, 0xff, 0x46,
    0x57, 0x5c, 0x3, 0xff, 0x87, 0xdd, 0xfa, 0x40,
    0x23, 0x30, 0x1, 0x0, 0x3f, 0xf8, 0x62, 0x3f,
    0x88, 0x2, 0x80, 0x2, 0x18, 0x7, 0xff, 0x39,
    0x10, 0x0, 0x4f, 0xff, 0xfe, 0x8, 0x7, 0xae,
    0xd4, 0x1, 0xd2, 0x1, 0xff, 0xcb, 0x44, 0x80,
    0x33, 0x90, 0x7, 0xff, 0x44, 0xe0, 0x0, 0xd7,
    0x7f, 0xfc, 0x0, 0xf, 0xfe, 0x1f, 0x0, 0xa,
    0x51, 0x38, 0x11, 0x3c, 0x1, 0xff, 0xc2, 0x42,
    0x0, 0x72, 0xe0, 0x4, 0x97, 0xa4, 0x1, 0xff,
    0xc1, 0x11, 0x18, 0x1, 0x8, 0x20, 0x28, 0xd8,
    0x1, 0xc0, 0x44, 0x0, 0xff, 0xe0, 0xf7, 0x34,
    0x2, 0xf5, 0x73, 0x40, 0x80, 0x15, 0x5, 0x0,
    0xff, 0xe4, 0x14, 0xaa, 0xa4, 0x5, 0xd8, 0x1,
    0xd3, 0x24, 0x1, 0x0, 0xff, 0xe2, 0x55, 0x2c,
    0x94, 0x26, 0x80, 0x91, 0x99, 0x80, 0x1f, 0xf7,
    0x73, 0x40, 0x3f, 0x40, 0x9, 0x5, 0x80, 0x7f,
    0xf0, 0xc4, 0x46, 0x1, 0xf8, 0x94, 0x2, 0x60,
    0xf, 0xfe, 0x7f, 0x0, 0x14, 0x3, 0xff, 0xa1,
    0x0, 0x5, 0x10, 0xe, 0x30, 0xf, 0xfe, 0x42,
    0x18, 0x5, 0x20, 0x1f, 0xfc, 0x3e, 0xe7, 0x80,
    0x7e, 0x90, 0x1, 0x83, 0x88, 0x7, 0xff, 0x8,
    0x46, 0x0, 0xfa, 0x8, 0x1f, 0xc0, 0x12, 0x1,
    0xfe, 0x10, 0xf, 0xfe, 0x0, 0xb8, 0xc, 0x99,
    0x81, 0xc0, 0x3e, 0x10, 0x1, 0x80, 0x55, 0x49,
    0x0, 0xfe, 0x81, 0x8, 0x5, 0x0, 0xc2, 0x1,
    0xf8, 0x55, 0x4e, 0x1, 0xe1, 0xc5, 0x60, 0x2,
    0x65, 0x0, 0x7f, 0x98, 0x0, 0x60, 0x1f, 0xe3,
    0xa0, 0xc, 0x60, 0x1f, 0xf0, 0x80, 0x4, 0x3,
    0xf8, 0x77, 0x7f, 0x0, 0x7f, 0xb4, 0x0, 0xa0,
    0x1f, 0xe2, 0x2f, 0xc0, 0x1f, 0x18, 0x0, 0xc0,
    0x1c, 0x1, 0xff, 0xca, 0x70, 0xe, 0x40, 0x2,
    0x0, 0x7d, 0x3d, 0xdf, 0xfc, 0x8, 0x3, 0x0,
    0x8, 0x18, 0x4, 0x26, 0x69, 0x0, 0x8, 0x0,
    0x47, 0xff, 0x80, 0x9, 0x20, 0x6, 0xa, 0x0,
    0x22, 0x33, 0xe, 0x1, 0xff, 0xc0, 0x5e, 0xeb,
    0xfd, 0x62, 0x0, 0xf0, 0x50, 0x7, 0x28, 0x7,
    0x60, 0x7, 0xf3, 0x88, 0xc0, 0x1c, 0x8a, 0x18,
    0x80, 0xa6, 0x1, 0xb, 0x30, 0x3, 0xf8, 0x84,
    0x3, 0x9, 0xcd, 0x80, 0x57, 0x40, 0xf, 0xfb,
    0xa4, 0x3, 0xfe, 0xef, 0xfd, 0xd8, 0xc0, 0x10,

    /* U+80FD "能" */
    0x0, 0xf2, 0xb8, 0x80, 0x7f, 0x1a, 0x20, 0x40,
    0x3f, 0xf8, 0x83, 0x71, 0xd6, 0x1, 0xfb, 0x6e,
    0xcc, 0x1, 0xff, 0xc4, 0xb1, 0x0, 0x68, 0x7,
    0xff, 0x19, 0x70, 0x3, 0xe6, 0x50, 0x2, 0xb0,
    0x3a, 0x80, 0x7f, 0xf0, 0x5b, 0x68, 0xdc, 0x3,
    0x8a, 0x40, 0x5, 0x43, 0x71, 0x44, 0x1, 0xfc,
    0x51, 0xd2, 0x40, 0x9, 0x0, 0xef, 0x0, 0xbc,
    0x5, 0x80, 0x1e, 0x1, 0xf6, 0xde, 0xb8, 0x80,
    0x45, 0x60, 0x1a, 0xc8, 0x1, 0x64, 0x0, 0xe0,
    0x1, 0x50, 0x7, 0x95, 0x0, 0x32, 0x5e, 0xa8,
    0x5, 0x48, 0x0, 0x94, 0x12, 0x37, 0x40, 0x2,
    0xb8, 0x7, 0xe1, 0x7d, 0xb4, 0x10, 0x9, 0x54,
    0x1, 0x47, 0xf6, 0xe5, 0xa0, 0x5, 0x6, 0x1,
    0xc9, 0x5d, 0x4, 0x7, 0xd8, 0xe0, 0xc0, 0x18,
    0x40, 0x3f, 0xda, 0x20, 0x14, 0x5a, 0x80, 0x67,
    0x3, 0x90, 0x30, 0xf, 0x84, 0x8d, 0x59, 0x40,
    0x2, 0x80, 0x1f, 0xfc, 0x13, 0x0, 0x55, 0xe6,
    0xf7, 0xfb, 0xb7, 0x2a, 0x69, 0x4b, 0x14, 0x3,
    0xfc, 0x40, 0x1, 0x0, 0x2a, 0x19, 0x8, 0x7,
    0xea, 0xd3, 0x0, 0xd2, 0xca, 0xb9, 0xa0, 0x0,
    0xc0, 0x1, 0xcc, 0xff, 0xe0, 0x98, 0x0, 0x80,
    0x3, 0x35, 0x5a, 0x44, 0x0, 0x40, 0x3, 0x3f,
    0xfe, 0x13, 0x0, 0x28, 0x3, 0xff, 0x81, 0x20,
    0x1f, 0xfc, 0x76, 0xa4, 0x22, 0xf8, 0xdb, 0x44,
    0x3, 0xdd, 0xff, 0xe1, 0x0, 0xf2, 0xde, 0xef,
    0xd9, 0x24, 0x1, 0xff, 0xc8, 0x8a, 0xa2, 0x80,
    0x7c, 0x20, 0x1f, 0xae, 0x67, 0xc2, 0x1, 0xcc,
    0xaa, 0xd0, 0xe, 0x18, 0xe4, 0x0, 0xf9, 0x59,
    0xbc, 0x1, 0xff, 0xc1, 0x18, 0xe7, 0x9, 0x0,
    0xff, 0xe6, 0x94, 0xf3, 0x80, 0x44, 0x80, 0x1e,
    0xcd, 0xdf, 0x8, 0x7, 0xe2, 0xad, 0x60, 0xc,
    0xba, 0x80, 0x1e, 0x22, 0xf8, 0x3, 0xf9, 0x54,
    0x1, 0x97, 0x28, 0x80, 0x3f, 0xf9, 0xed, 0xb4,
    0x60, 0x1f, 0xdd, 0xff, 0xe1, 0x0, 0xfe, 0x17,
    0xe9, 0x20, 0x6, 0xca, 0x0, 0x7f, 0xf2, 0x97,
    0xa0, 0x40, 0x21, 0x26, 0xb1, 0x0, 0xe5, 0x5f,
    0x80, 0x3f, 0x88, 0x3, 0xc6, 0x1, 0x8, 0x7,
    0x5d, 0x57, 0x84, 0x3, 0xff, 0x86, 0x20, 0x1f,
    0xfc, 0x41, 0x0, 0xff, 0xe1, 0xb0, 0x0, 0x40,
    0x3f, 0x88, 0xcc, 0xc0, 0x10, 0x80, 0xc, 0x0,
    0xc6, 0x23, 0x8e, 0x0, 0x4, 0x1, 0xfd, 0x19,
    0x89, 0x0, 0x9c, 0x0, 0xc0, 0x1, 0xce, 0xed,
    0x84, 0x0, 0x50, 0xf, 0xed, 0x0, 0xf1, 0x80,
    0x38, 0x3, 0xff, 0x81, 0x60, 0x1f, 0xc8, 0x1,
    0x9, 0xe0, 0x4, 0xb2, 0x40, 0x1f, 0xa, 0x61,
    0x0, 0xb, 0x32, 0x10, 0x1, 0xff, 0xdd, 0x86,
    0x1, 0x9b, 0x7f, 0xfe, 0xeb, 0x30, 0x0,

    /* U+8102 "脂" */
    0x0, 0xff, 0xf2, 0x3f, 0xfb, 0x80, 0x3f, 0xe4,
    0x0, 0xef, 0xff, 0xed, 0x0, 0xff, 0xe1, 0x1c,
    0x75, 0x98, 0x7, 0xff, 0x35, 0x27, 0xb1, 0xc4,
    0x28, 0x3, 0xff, 0x92, 0x4d, 0x7f, 0x6c, 0x20,
    0x19, 0x40, 0x3e, 0x88, 0xc0, 0x1f, 0x87, 0xb6,
    0x50, 0x3, 0x85, 0xb3, 0x0, 0x1f, 0x3b, 0xcc,
    0x1, 0xfc, 0x20, 0x1c, 0x91, 0xbd, 0xcf, 0x95,
    0x0, 0xff, 0xe4, 0x9b, 0xdf, 0xdb, 0x90, 0x0,
    0xda, 0x0, 0x3f, 0xf8, 0xf7, 0xf9, 0x8, 0x1,
    0xf9, 0x80, 0x3f, 0xf8, 0x62, 0x1, 0x20, 0x7,
    0xf7, 0x80, 0x4, 0x3, 0xcc, 0xd3, 0x80, 0x7f,
    0x20, 0x7, 0xe2, 0x50, 0x1, 0x80, 0x7a, 0x67,
    0x0, 0x72, 0x80, 0x57, 0xff, 0xfb, 0x48, 0x1,
    0xc0, 0x1f, 0xfc, 0x33, 0x20, 0xf, 0xfe, 0x1a,
    0x80, 0x7f, 0xf1, 0x3d, 0x0, 0x3f, 0xf8, 0x5,
    0x44, 0x1, 0xef, 0xfb, 0x80, 0x3c, 0x57, 0xff,
    0xff, 0xc0, 0xd5, 0x0, 0xff, 0xf2, 0x8f, 0x77,
    0xff, 0xc, 0xc0, 0x3f, 0xf8, 0xa2, 0x3f, 0xfc,
    0x37, 0x0, 0xf9, 0xd9, 0xa0, 0xf, 0xfe, 0x8c,
    0x4c, 0xa0, 0x3, 0xfa, 0xb3, 0x3f, 0x0, 0x7f,
    0xf3, 0x1c, 0xcf, 0xf0, 0x7, 0xc2, 0x1, 0xff,
    0xd8, 0x99, 0xa0, 0x3, 0xf9, 0xcc, 0xff, 0x0,
    0x7c, 0x60, 0x1, 0x66, 0xc0, 0x1f, 0xd5, 0x99,
    0xf8, 0x3, 0xe6, 0x0, 0x18, 0x7, 0xff, 0x44,
    0x80, 0x2, 0x1, 0xff, 0xc1, 0x33, 0xfe, 0x0,
    0xfb, 0x80, 0xc, 0x1, 0xff, 0xc1, 0xec, 0xcf,
    0xc0, 0x1f, 0x18, 0x3, 0x40, 0x3f, 0xfa, 0x2,
    0x80, 0x3, 0x0, 0x8c, 0x3, 0xf9, 0x84, 0x7e,
    0x20, 0xf, 0x38, 0x4, 0x8f, 0x10, 0xe0, 0xf,
    0xeb, 0xee, 0xfb, 0x40, 0x3d, 0x60, 0x5, 0xa,
    0x77, 0x18, 0x0, 0x40, 0x3f, 0xf9, 0x2, 0x60,
    0xe, 0x6, 0x0, 0xe4, 0x0, 0xff, 0xe4, 0xf,
    0xa1, 0xa0, 0x10, 0x4, 0x2d, 0x0, 0x1e, 0xdf,
    0xff, 0xc0, 0x13, 0x80, 0x6, 0xf4, 0x1, 0x3f,
    0xf7, 0x48, 0x4, 0x3f, 0xf1, 0x0, 0x7e, 0xff,
    0x8c, 0x0,

    /* U+819C "膜" */
    0x0, 0xff, 0xe3, 0x55, 0x40, 0x19, 0xaa, 0x88,
    0x1, 0xff, 0xca, 0x15, 0x58, 0x3, 0x7a, 0xa8,
    0x80, 0x3f, 0x7f, 0xff, 0x10, 0x7, 0xff, 0x58,
    0xea, 0xab, 0x0, 0xaa, 0xb2, 0x0, 0x2a, 0xb8,
    0x3, 0xff, 0x84, 0xca, 0xb8, 0x2, 0x55, 0xc4,
    0x0, 0x35, 0x5c, 0x1, 0xf6, 0x64, 0x40, 0x1f,
    0xfd, 0x11, 0x33, 0x84, 0x2, 0x4a, 0xac, 0x1,
    0x55, 0x64, 0x0, 0x35, 0x55, 0x60, 0x1f, 0xfc,
    0x21, 0x55, 0x90, 0x2, 0x55, 0xc4, 0x0, 0xf5,
    0x59, 0x0, 0x3f, 0xf8, 0xc3, 0xff, 0x0, 0x69,
    0xff, 0x30, 0x7, 0xff, 0x22, 0x67, 0xff, 0x88,
    0x60, 0x1f, 0x84, 0x60, 0xf, 0x33, 0x7f, 0xf1,
    0x40, 0x3e, 0x1e, 0xe8, 0xc0, 0x3f, 0xfb, 0xdf,
    0xff, 0xe5, 0x0, 0xff, 0xe5, 0x91, 0x7f, 0x80,
    0x3f, 0xe1, 0xff, 0x8c, 0x3, 0xf6, 0xef, 0xf9,
    0x40, 0x3f, 0xfd, 0xbb, 0xbf, 0xe5, 0x0, 0xff,
    0xe5, 0x91, 0x7f, 0x80, 0x3f, 0xf9, 0x95, 0x5f,
    0xe4, 0x0, 0xf8, 0x40, 0x3, 0x99, 0x18, 0x7,
    0xe5, 0x5f, 0xf0, 0x80, 0x7f, 0xc6, 0x70, 0x7,
    0xff, 0x73, 0xff, 0xd0, 0x0, 0x6f, 0xff, 0x28,
    0x6, 0x30, 0x1, 0x55, 0x44, 0x1, 0xff, 0x78,
    0x7, 0xff, 0x8, 0x40, 0xc, 0xab, 0x8, 0x5,
    0x7f, 0xff, 0x38, 0x1, 0xbf, 0xff, 0x10, 0x1,
    0xc0, 0x2, 0x1, 0xff, 0xd2, 0x20, 0x1, 0x0,
    0x7c, 0x23, 0xf8, 0x3, 0x8, 0xfe, 0x0, 0xb8,
    0x1, 0xc0, 0x1f, 0x57, 0x77, 0x90, 0x3, 0x27,
    0x77, 0xc4, 0x0, 0x40, 0x1, 0x0, 0x7f, 0xf0,
    0x5d, 0x40, 0x32, 0xb8, 0x7, 0xf1, 0x80, 0x14,
    0x3, 0xfe, 0x1a, 0x80, 0x1, 0xb0, 0x2, 0x28,
    0x3, 0xe5, 0x0, 0x10, 0x8c, 0x66, 0x0, 0xe1,
    0x8e, 0x50, 0x1, 0x6c, 0xa0, 0x1, 0x79, 0x80,
    0x3a, 0x40, 0xa, 0xae, 0xe6, 0x0, 0x42, 0xd7,
    0xce, 0x1, 0x1e, 0x8, 0x5b, 0x0, 0x6, 0x7e,
    0x94, 0x48, 0xc0, 0x16, 0xe0, 0x1c, 0x5b, 0x28,
    0x1, 0xc, 0xe0, 0x80, 0x53, 0x20, 0xc, 0xb4,
    0x85, 0x20, 0x66, 0x21, 0x0, 0x93, 0xd8, 0x2,
    0x18, 0xf6, 0x0, 0xf3, 0x73, 0x80, 0x64, 0x6,
    0xc8, 0x0, 0x77, 0xfd, 0x65, 0x42, 0xb7, 0xce,
    0x20, 0x1f, 0x86, 0x3e, 0x95, 0x4, 0x0, 0x68,
    0x1, 0xf8, 0xba, 0x90, 0x3, 0xff, 0x84, 0xb5,
    0x60,

    /* U+8272 "色" */
    0x0, 0xff, 0xee, 0xaf, 0xd2, 0x80, 0x7f, 0xf3,
    0xc6, 0xc1, 0x69, 0x40, 0x3f, 0xf9, 0xd0, 0x20,
    0x4, 0x50, 0xf, 0xfe, 0x6a, 0x30, 0x4, 0x9f,
    0xff, 0xfc, 0x4, 0x0, 0xff, 0xe0, 0xd, 0x0,
    0x7f, 0xf4, 0xb4, 0x40, 0x3f, 0xfa, 0x34, 0x60,
    0x2, 0xbb, 0xff, 0x20, 0x4, 0x48, 0x1, 0xfe,
    0xa5, 0x0, 0xbd, 0x13, 0xf8, 0x90, 0x0, 0x38,
    0x1, 0xfe, 0x95, 0x0, 0xa8, 0x80, 0x3f, 0x2c,
    0x80, 0x5a, 0x20, 0x1f, 0xd4, 0xc0, 0x14, 0x28,
    0x7, 0xe3, 0xa0, 0xa, 0x8c, 0x3, 0xf0, 0xe2,
    0x80, 0x44, 0x2c, 0xdf, 0xd8, 0x1, 0x19, 0x99,
    0xb9, 0x40, 0x2b, 0x30, 0xc, 0x53, 0x3f, 0xe0,
    0xc, 0x73, 0x3e, 0xb0, 0xa, 0xc8, 0x3, 0xff,
    0xa4, 0x38, 0x42, 0x1, 0x8, 0xfc, 0x1, 0x84,
    0x7e, 0x0, 0xfc, 0x3a, 0xa0, 0x1, 0xee, 0xf9,
    0x80, 0x3, 0xdd, 0xf3, 0x0, 0x7f, 0xff, 0xc0,
    0x3f, 0xfe, 0xa3, 0xff, 0xf3, 0x0, 0x7, 0xff,
    0xe6, 0x0, 0xff, 0xff, 0x80, 0x33, 0x3f, 0xf9,
    0x3a, 0x1, 0xfc, 0x26, 0x7f, 0xfc, 0x95, 0x62,
    0x0, 0xff, 0xe8, 0xd4, 0xec, 0x80, 0x7f, 0xf4,
    0xc4, 0x3, 0xc2, 0x1, 0xff, 0xc9, 0x10, 0x7,
    0x80, 0x42, 0x1, 0x8, 0x7, 0xff, 0x20, 0x80,
    0x3c, 0x60, 0x15, 0x90, 0x7, 0xff, 0x14, 0x60,
    0x2, 0x20, 0xb, 0x0, 0x25, 0xdf, 0xff, 0xfe,
    0x2f, 0x38, 0x4, 0xc0, 0x12, 0x90, 0x7, 0xff,
    0x34, 0x8c, 0x3, 0x79, 0x80, 0x7f, 0xf2, 0xcf,
    0xc0, 0x38, 0xb3, 0x6a, 0x67, 0xff, 0x8d, 0x57,
    0xb8, 0x40,

    /* U+82F9 "苹" */
    0x0, 0xfc, 0x4c, 0xd0, 0x7, 0xe5, 0x66, 0x20,
    0x7, 0xff, 0x11, 0x26, 0x62, 0x0, 0xfa, 0x26,
    0x5c, 0x1, 0xff, 0xdc, 0x58, 0x8f, 0xb4, 0x2,
    0xb8, 0x8f, 0x8c, 0x0, 0xf1, 0x1f, 0x3f, 0xbb,
    0xfc, 0x80, 0x13, 0x3b, 0xfc, 0x20, 0x2, 0x77,
    0xfa, 0x40, 0x3f, 0xfa, 0x9a, 0x89, 0xf1, 0x0,
    0x48, 0x9f, 0x80, 0x21, 0x44, 0xfc, 0xf7, 0x7f,
    0x80, 0x29, 0xbb, 0xf8, 0x80, 0x9, 0x77, 0xf5,
    0x0, 0x7f, 0xf7, 0x1b, 0xfe, 0x20, 0xf, 0xb7,
    0xfd, 0x40, 0x1f, 0xee, 0xff, 0xff, 0xe7, 0xa0,
    0x4, 0x20, 0x1f, 0xff, 0x3a, 0xad, 0x35, 0x5f,
    0x18, 0x5, 0x55, 0xf4, 0x4d, 0x54, 0xa0, 0x12,
    0xad, 0xf6, 0x8a, 0xbe, 0x60, 0x0, 0xaa, 0xfd,
    0x56, 0xea, 0xa1, 0x0, 0xc3, 0x8a, 0x5a, 0x1,
    0xff, 0xc4, 0xa2, 0x26, 0x18, 0x7, 0x85, 0x80,
    0x7, 0x60, 0x1f, 0xfc, 0x28, 0x50, 0x8, 0x80,
    0x3e, 0xa3, 0x0, 0x24, 0x80, 0x7f, 0xf0, 0x19,
    0xc0, 0x2c, 0x10, 0xf, 0xda, 0x20, 0x6, 0x70,
    0xf, 0xf2, 0xc8, 0x5, 0x64, 0x1, 0xfc, 0x38,
    0x1, 0x42, 0x80, 0x7e, 0x4a, 0x0, 0xa9, 0x0,
    0x3f, 0xe2, 0xa0, 0x0, 0xb0, 0x7, 0xe6, 0x10,
    0x4, 0xa8, 0x7, 0xff, 0x5, 0x5c, 0xb0, 0xc0,
    0x3f, 0x16, 0x13, 0xb0, 0x7, 0xc6, 0xab, 0xf6,
    0xdb, 0xaa, 0xcc, 0x0, 0x15, 0x59, 0xef, 0x55,
    0x7e, 0x49, 0xaa, 0xfd, 0x35, 0x58, 0xc0, 0x2a,
    0xad, 0x35, 0x5f, 0xc0, 0x1f, 0xfd, 0x43, 0x0,
    0xff, 0xe9, 0x1c, 0xff, 0xff, 0xf0, 0x54, 0x0,
    0x3f, 0xff, 0xfc, 0x1d, 0x0, 0xff, 0xff, 0x80,
    0x7f, 0xff, 0xc0, 0x3f, 0xfb, 0xc0,

    /* U+8425 "营" */
    0x0, 0xfe, 0x4c, 0xc8, 0x40, 0x3c, 0x99, 0x90,
    0x80, 0x7f, 0xf1, 0x44, 0xce, 0x0, 0xf8, 0x4c,
    0xe0, 0xf, 0xf1, 0x9f, 0xe2, 0x0, 0x94, 0xcf,
    0xc4, 0x1, 0x29, 0x9f, 0xc4, 0x19, 0x9f, 0xa0,
    0x2, 0xbc, 0xcf, 0x40, 0x5, 0x79, 0x9f, 0x78,
    0x7, 0xff, 0x58, 0xcf, 0xf1, 0x0, 0x44, 0x67,
    0xe2, 0x0, 0x88, 0xcf, 0xe7, 0xc, 0xcf, 0xd0,
    0x1, 0x66, 0x7d, 0x0, 0x16, 0x67, 0xea, 0x0,
    0xfe, 0x79, 0x98, 0x40, 0x3c, 0xf3, 0x30, 0x80,
    0x7f, 0xae, 0xfe, 0x9d, 0xda, 0xef, 0xe9, 0xdd,
    0xae, 0xfe, 0x80, 0x9, 0x13, 0xff, 0xa2, 0x60,
    0x1f, 0xfd, 0xb7, 0xff, 0xff, 0xe5, 0x18, 0x7,
    0xff, 0x7d, 0xbf, 0xff, 0xf9, 0xa, 0x1, 0xf2,
    0x25, 0xc0, 0x1f, 0xfc, 0x93, 0x44, 0x8c, 0x2,
    0xbb, 0x98, 0x3, 0x33, 0x7f, 0xf0, 0x54, 0x3,
    0x45, 0xda, 0x0, 0x3f, 0xe9, 0x9f, 0xfe, 0xc,
    0x0, 0x7f, 0xfa, 0x3f, 0xff, 0xf8, 0x3a, 0x1,
    0xff, 0xe4, 0x56, 0x6f, 0xfe, 0x42, 0x80, 0x7f,
    0xc7, 0x33, 0xff, 0xc8, 0x30, 0xf, 0xfe, 0xf7,
    0x7f, 0xff, 0xf3, 0x2c, 0x3, 0xff, 0xbe, 0x24,
    0x5f, 0xfc, 0x60, 0xf, 0xfe, 0x12, 0x6e, 0xff,
    0xf1, 0x88, 0x3, 0xff, 0xfe, 0x1, 0x97, 0xff,
    0xff, 0x8c, 0x40, 0x1f, 0xfe, 0x21, 0x33, 0xff,
    0xe3, 0x0, 0x7f, 0xf0, 0x93, 0x33, 0xff, 0x8c,
    0x40, 0x1e,

    /* U+84DD "蓝" */
    0x0, 0xfc, 0x26, 0x70, 0x7, 0xe3, 0x38, 0x40,
    0x3f, 0xf8, 0x89, 0x99, 0x10, 0x7, 0x8b, 0x32,
    0x70, 0xf, 0xc2, 0x3f, 0x8c, 0x2, 0x11, 0xfc,
    0x1, 0x84, 0x7f, 0x7f, 0x77, 0xd2, 0x1, 0x67,
    0x77, 0xb0, 0x2, 0x9e, 0xef, 0xb0, 0x3, 0xff,
    0xe9, 0xdf, 0xff, 0x48, 0x5, 0xbf, 0xfe, 0xd0,
    0xa, 0x7f, 0xfe, 0xd0, 0xf, 0xc6, 0x1, 0xfe,
    0x30, 0x8, 0xc0, 0x3f, 0xf8, 0x8b, 0xff, 0x10,
    0x7, 0x2a, 0xbb, 0xfc, 0xa0, 0x1f, 0xe3, 0x77,
    0x30, 0x5, 0x3f, 0xf0, 0x7, 0x55, 0xf4, 0x0,
    0x7f, 0xf0, 0x2e, 0x22, 0x0, 0xff, 0x94, 0x2,
    0xc0, 0xf, 0xfe, 0x7c, 0x80, 0x57, 0xff, 0xfc,
    0xe0, 0x1f, 0xfc, 0x43, 0x30, 0x7, 0xff, 0x4a,
    0x0, 0x3f, 0xfa, 0x46, 0x80, 0x5, 0xff, 0x35,
    0x7f, 0xfc, 0xe0, 0x1f, 0xfc, 0x3f, 0x0, 0xa0,
    0x15, 0xaa, 0xc4, 0x3, 0xff, 0x90, 0xe6, 0x0,
    0x62, 0xb, 0x0, 0x27, 0x30, 0x7, 0xff, 0x18,
    0xe0, 0x0, 0x30, 0x0, 0xc4, 0x0, 0xa6, 0xc4,
    0x3, 0xff, 0x88, 0x4a, 0x0, 0xb1, 0x0, 0x15,
    0xc8, 0x80, 0x12, 0x0, 0x3a, 0xe2, 0x20, 0xb,
    0xcc, 0xc8, 0x35, 0x6c, 0xa0, 0x1c, 0xde, 0x80,
    0x30, 0x1, 0xc6, 0xee, 0x60, 0x9, 0xb3, 0x16,
    0x0, 0x49, 0x0, 0xf8, 0x6e, 0x68, 0x40, 0x3d,
    0x3b, 0xbf, 0xfc, 0xab, 0x9a, 0x0, 0xf2, 0x91,
    0x7f, 0xf3, 0x18, 0x3, 0xff, 0xba, 0x5b, 0xb5,
    0x80, 0x59, 0xba, 0xc0, 0xb, 0x37, 0x62, 0x0,
    0xff, 0xe0, 0x91, 0x4c, 0x1, 0x19, 0x14, 0x1,
    0x11, 0x61, 0x0, 0xff, 0xff, 0x80, 0x7f, 0xf3,
    0xf3, 0xb8, 0x60, 0x2, 0xee, 0xb0, 0x2, 0xee,
    0xbc, 0x2, 0xfe, 0xe8, 0xc0, 0x7, 0xdc, 0xd2,
    0x11, 0x0, 0x61, 0x1c, 0x1, 0x8, 0xe0, 0x8,
    0x47, 0x0, 0x61, 0x11, 0x0, 0x7f, 0xf5, 0x2a,
    0xef, 0xff, 0xa6,

    /* U+8549 "蕉" */
    0x0, 0xff, 0x19, 0xc0, 0x1f, 0x84, 0xce, 0x0,
    0xff, 0xe3, 0x1e, 0x64, 0x80, 0x1f, 0x46, 0x64,
    0x1, 0xff, 0xe0, 0xaf, 0xff, 0xb0, 0x2, 0xbf,
    0xff, 0x98, 0x2, 0xff, 0xfc, 0x1, 0xff, 0xfa,
    0xaf, 0xff, 0xb0, 0x2, 0xbf, 0xfe, 0xef, 0x60,
    0xb, 0xff, 0xf0, 0x7, 0xe5, 0x66, 0x2a, 0xce,
    0x0, 0x7d, 0xfe, 0x1f, 0x33, 0x20, 0x7, 0xff,
    0xc, 0x6e, 0x68, 0xea, 0x86, 0x0, 0x42, 0x0,
    0x4b, 0x66, 0x2c, 0x3, 0xff, 0x87, 0x22, 0x0,
    0x17, 0x7e, 0x40, 0x9, 0x9d, 0xff, 0xc8, 0x1,
    0xf1, 0xb8, 0x4, 0xf1, 0x1e, 0x0, 0x86, 0x23,
    0xfd, 0x80, 0x1f, 0x70, 0x7, 0xff, 0x52, 0x88,
    0x0, 0xbf, 0xff, 0xa0, 0x2, 0xef, 0xff, 0xe8,
    0x0, 0xe8, 0x50, 0xf, 0xfe, 0x20, 0x80, 0x7f,
    0xf0, 0x9d, 0xc0, 0x19, 0xe2, 0x3f, 0x60, 0x5,
    0x11, 0xfc, 0x80, 0x1a, 0x20, 0x1, 0xc4, 0xef,
    0xf9, 0x0, 0x27, 0x7f, 0xec, 0x0, 0xca, 0x1,
    0xff, 0xd0, 0xf0, 0xd, 0x60, 0xb, 0x20, 0x2,
    0xff, 0xfe, 0x80, 0xb, 0xff, 0xf9, 0xc0, 0x33,
    0xe, 0x20, 0x4, 0xca, 0xbf, 0xb8, 0x2, 0x55,
    0xfe, 0x20, 0xe, 0xf3, 0x0, 0xc7, 0x55, 0xf9,
    0x80, 0x2a, 0xaf, 0xf0, 0x7, 0x8, 0x7, 0xff,
    0x6d, 0x37, 0x7f, 0x38, 0x5, 0xbb, 0xfd, 0x20,
    0x1f, 0xf0, 0x91, 0x7e, 0xf0, 0x8, 0x8b, 0xf8,
    0x40, 0x3f, 0xe5, 0xff, 0xfd, 0x0, 0x17, 0xff,
    0xfc, 0xa0, 0x1f, 0xfd, 0xc4, 0x4f, 0xfe, 0x7b,
    0x0, 0x71, 0xf4, 0xdd, 0xfa, 0xae, 0xfd, 0x5f,
    0x77, 0xd2, 0x71, 0x76, 0x30, 0xe, 0x88, 0x6e,
    0x0, 0x6, 0xfb, 0x86, 0x1, 0x26, 0xf5, 0x88,
    0x5, 0x7a, 0xfe, 0x1, 0xf1, 0xa0, 0x1, 0x0,
    0x2, 0x82, 0x16, 0x1, 0x29, 0x0, 0x18, 0x2,
    0xe0, 0x1, 0xb0, 0x7, 0xa0, 0x2, 0x90, 0x9,
    0x0, 0x8, 0x1, 0xa, 0x80, 0x28, 0x2, 0x53,
    0x0, 0x40, 0x80, 0x64, 0x40, 0x1, 0xc4, 0x2,
    0xc0, 0x1, 0x80, 0x6e, 0x0, 0x12, 0x0, 0x50,
    0x0, 0x19, 0x0, 0xd2, 0x1, 0x48, 0x6, 0x30,
    0x9, 0x0, 0x24, 0x10, 0x7, 0x80, 0x48, 0x60,
    0x7, 0x20, 0x2, 0x10, 0x2, 0x4, 0x3, 0x20,
    0x0, 0x48, 0x3, 0x38, 0xa6, 0x80, 0x6f, 0x0,
    0x20, 0x80, 0x13, 0xe9, 0x5c, 0x3, 0xd7, 0xbc,
    0xc0, 0x1a, 0x7a, 0xd8, 0x3, 0x1d, 0x75, 0x98,
    0x0,

    /* U+86CB "蛋" */
    0x0, 0xff, 0xeb, 0x17, 0xff, 0xff, 0x47, 0x80,
    0x3f, 0xff, 0x5, 0xff, 0xff, 0xc1, 0x20, 0x3,
    0x7f, 0xfe, 0xe0, 0x9, 0xc0, 0x3e, 0xaf, 0xd7,
    0x0, 0xff, 0xe2, 0xd8, 0x5, 0x0, 0x1f, 0x38,
    0x10, 0x7, 0xf1, 0x9f, 0xf7, 0xba, 0x38, 0x80,
    0x78, 0x48, 0x0, 0x60, 0x1f, 0x97, 0x33, 0xf5,
    0x75, 0xc0, 0x7, 0xce, 0x1, 0x38, 0x7, 0xff,
    0x42, 0x80, 0x2d, 0x20, 0xf, 0x97, 0x77, 0xf9,
    0x80, 0x3f, 0x21, 0x80, 0x43, 0xac, 0x1, 0xe3,
    0x22, 0xfe, 0x0, 0xfe, 0x90, 0x1, 0x8, 0x2,
    0x7e, 0xe0, 0xc0, 0x6, 0x7f, 0xfc, 0x30, 0xa,
    0x88, 0x1, 0x38, 0x60, 0x12, 0x38, 0x80, 0x17,
    0x33, 0xff, 0x83, 0xc0, 0x9, 0x50, 0x3, 0xa1,
    0x64, 0x98, 0x7, 0xff, 0x21, 0x2, 0x98, 0x0,
    0x90, 0x1, 0x36, 0x75, 0x43, 0x2a, 0x91, 0x3f,
    0xf8, 0x5a, 0x18, 0x0, 0x4b, 0x0, 0xf0, 0xab,
    0xf9, 0x9b, 0x2e, 0xff, 0xf8, 0x28, 0xd, 0x8d,
    0x60, 0x1f, 0xec, 0x66, 0x50, 0x7, 0xff, 0x10,
    0xe5, 0xff, 0xff, 0xca, 0x0, 0x2f, 0xff, 0xf5,
    0x80, 0x7d, 0xe0, 0x1f, 0xfd, 0x84, 0x4f, 0x84,
    0x2, 0x44, 0xf8, 0x40, 0x3f, 0xf8, 0x23, 0x77,
    0xf2, 0x0, 0xa, 0xef, 0xe2, 0x0, 0xff, 0xf1,
    0xd, 0xdf, 0xc8, 0x0, 0x2b, 0xbf, 0x88, 0x3,
    0xff, 0x84, 0x89, 0xf0, 0x80, 0x48, 0x9f, 0x8,
    0x7, 0xff, 0x7e, 0x3f, 0xff, 0xca, 0x0, 0x2f,
    0xff, 0x69, 0x8e, 0xd8, 0x7, 0xff, 0x43, 0xcc,
    0x7c, 0x40, 0x3f, 0xf9, 0xc2, 0x2b, 0x0, 0x16,
    0x8, 0x4, 0x33, 0x35, 0x55, 0x76, 0xcc, 0x6e,
    0xb9, 0x40, 0x5, 0xff, 0xbb, 0x92, 0x1, 0x16,
    0x80, 0x46, 0xcd, 0x2a, 0xc8, 0x83, 0x31, 0x10,
    0x40, 0x3f, 0xf8, 0x67, 0x60, 0x1f, 0xfc, 0x71,
    0x11, 0x10, 0xcc, 0x88, 0x55, 0x20, 0x1, 0x1c,
    0xe, 0x26, 0x55, 0x76, 0xcc, 0x6e, 0xbb, 0x9f,
    0xfb, 0xb9, 0xba, 0xcc, 0x5d, 0xaa, 0x96, 0xa0,
    0xae, 0x2, 0xec, 0xc5, 0x44, 0x19, 0x88, 0x82,
    0x20, 0xf, 0xfe, 0x1d, 0x4d, 0x0,

    /* U+884C "行" */
    0x0, 0xfe, 0x50, 0xf, 0xfe, 0x9b, 0x55, 0x80,
    0x7f, 0xf4, 0x52, 0x41, 0x30, 0x0, 0x51, 0x1f,
    0xfc, 0x45, 0x0, 0xf8, 0xec, 0x2, 0x50, 0x0,
    0xbb, 0xff, 0xf1, 0x3c, 0x3, 0xc7, 0xa0, 0x12,
    0x48, 0x7, 0xff, 0x34, 0xf4, 0x40, 0x7, 0x40,
    0x1f, 0xfc, 0xd4, 0xc1, 0x0, 0x16, 0x88, 0x4,
    0x7f, 0xff, 0xfc, 0x4a, 0x0, 0x9a, 0xc0, 0x22,
    0xc1, 0x0, 0xff, 0xe6, 0x4c, 0x80, 0x22, 0xc1,
    0x0, 0xff, 0xe8, 0x9e, 0x8, 0x8, 0x7, 0xff,
    0x32, 0x0, 0x9, 0x82, 0x3, 0xf6, 0x20, 0x1f,
    0xfc, 0xa1, 0x67, 0xb0, 0xa, 0xc5, 0x3c, 0x80,
    0x3f, 0xf9, 0x53, 0x0, 0x13, 0x28, 0x0, 0xc8,
    0x3, 0xff, 0x9c, 0x92, 0x1, 0x70, 0x5f, 0xff,
    0xff, 0x1c, 0x3, 0x8a, 0x80, 0x29, 0x30, 0xf,
    0xfe, 0x68, 0xf8, 0x80, 0x15, 0x80, 0x3f, 0xf9,
    0xa3, 0x84, 0x1, 0x58, 0x5, 0xce, 0xff, 0xcc,
    0x1, 0x13, 0xbf, 0x0, 0x5a, 0x40, 0x1f, 0x96,
    0x23, 0xfa, 0xc0, 0x27, 0x88, 0xe0, 0x6, 0x18,
    0x7, 0xff, 0x44, 0x70, 0xc0, 0x3f, 0xfa, 0x46,
    0x60, 0x9, 0x40, 0x3f, 0xf9, 0xe4, 0x80, 0xc,
    0xd0, 0xf, 0xfe, 0x87, 0x8e, 0x18, 0x7, 0xff,
    0x45, 0x3c, 0xc0, 0x3f, 0xfa, 0x62, 0x1, 0xff,
    0xff, 0x0, 0xff, 0xff, 0x80, 0x10, 0x2, 0x30,
    0xf, 0xfe, 0x4a, 0x55, 0x76, 0x48, 0x4, 0x20,
    0x1f, 0xfc, 0xa5, 0x5e, 0x30, 0xd, 0x80, 0x1f,
    0xfc, 0x95, 0x0, 0xfe, 0x34, 0x0, 0xff, 0xe4,
    0x88, 0x80, 0x3c, 0x71, 0x80, 0x1e,

    /* U+88C5 "装" */
    0x0, 0xfe, 0x33, 0x80, 0x3f, 0x8c, 0xe1, 0x0,
    0xff, 0x88, 0x3, 0xb3, 0x24, 0x0, 0xfd, 0x99,
    0x20, 0x7, 0xf9, 0xb5, 0xc0, 0x3f, 0xfa, 0x2b,
    0x21, 0xe, 0x1, 0xff, 0xd0, 0x54, 0x0, 0x43,
    0x80, 0x79, 0x22, 0x3e, 0x0, 0xbe, 0x23, 0xe0,
    0xa, 0xd0, 0x1, 0xc, 0x1, 0xd8, 0xef, 0xf0,
    0x4, 0xae, 0xff, 0x0, 0x6b, 0x30, 0x4, 0x8,
    0x7, 0xff, 0x43, 0x48, 0x98, 0x20, 0x1a, 0xe2,
    0x3e, 0x0, 0x96, 0x23, 0xe0, 0xe, 0x1c, 0xc3,
    0x60, 0x6, 0x37, 0x7f, 0x80, 0x2f, 0x77, 0xf8,
    0x3, 0xc9, 0xb6, 0x60, 0x1f, 0xfc, 0xf6, 0xda,
    0x30, 0xf, 0xfe, 0x70, 0xbf, 0x49, 0x0, 0x48,
    0x1, 0xd7, 0xff, 0xe0, 0xa, 0xbf, 0xfc, 0x0,
    0x58, 0x10, 0x9, 0x32, 0xc0, 0x3f, 0xf9, 0x88,
    0x40, 0x4, 0xcb, 0x30, 0xf, 0x8, 0xff, 0xf1,
    0x40, 0x28, 0x4c, 0xb3, 0x0, 0xfd, 0x5f, 0x19,
    0xdd, 0xff, 0xc1, 0x0, 0x96, 0xcc, 0x3, 0x84,
    0x60, 0x5, 0x74, 0xc0, 0x7, 0xff, 0x33, 0xba,
    0x40, 0x20, 0x2, 0x90, 0x7, 0xff, 0x8, 0x95,
    0x7f, 0xf8, 0x3c, 0x1, 0x4a, 0xaf, 0xff, 0x1,
    0x1, 0x2a, 0xbf, 0xf8, 0x32, 0x1, 0x25, 0x57,
    0xff, 0x4, 0x3, 0xff, 0xac, 0x64, 0x5f, 0xf0,
    0x7, 0x84, 0x8b, 0xff, 0x80, 0xa0, 0xbb, 0xbf,
    0xd8, 0xc0, 0x1f, 0x66, 0xef, 0xb1, 0xe7, 0x75,
    0x60, 0x1f, 0xe5, 0xf4, 0x0, 0x15, 0x0, 0x6,
    0xc0, 0x39, 0xf9, 0x68, 0x3, 0xfe, 0x3c, 0xa1,
    0x0, 0x26, 0x2b, 0x80, 0x16, 0x0, 0x9, 0xb0,
    0x0, 0x17, 0x0, 0xfc, 0x75, 0x86, 0x1, 0x45,
    0x88, 0x41, 0x80, 0x1e, 0x32, 0xc8, 0x0, 0x32,
    0xe0, 0x1e, 0x4b, 0xc5, 0x0, 0xe5, 0x0, 0xda,
    0x20, 0x7, 0x30, 0x9, 0xf9, 0x80, 0x30, 0xc7,
    0x5a, 0x0, 0x42, 0x1, 0xf8, 0x74, 0x3, 0x8f,
    0xa0, 0x3, 0xda, 0xe2, 0x1, 0xc, 0x60, 0x7,
    0xfb, 0x4, 0x2, 0x3a, 0x40, 0xf, 0x50, 0x4,
    0x31, 0xce, 0x60, 0x1e, 0x39, 0xec, 0x3c, 0x20,
    0x9, 0x2f, 0x60, 0x80, 0x26, 0x2, 0x9e, 0x70,
    0xf, 0x24, 0xf6, 0x30, 0x80, 0x96, 0xb8, 0x6,
    0x27, 0xde, 0xa1, 0xd, 0xd3, 0x0, 0x65, 0x0,
    0xa5, 0x84, 0x3, 0x18, 0x2, 0x35, 0x80, 0x38,
    0x5c, 0x40, 0x80, 0x38, 0x68, 0x3, 0xc2, 0xb5,
    0xe4, 0x1, 0x14, 0xf3, 0x90, 0x5, 0x0, 0x1f,
    0x84, 0xc0, 0x21, 0x6b, 0xea, 0x50, 0xf, 0x86,
    0x37, 0x1d, 0x14, 0x3, 0xfa, 0xc9, 0xf3, 0xa5,
    0x0, 0x3f, 0xf8, 0x27, 0x16, 0x1, 0xfe, 0x6d,
    0x83, 0x0, 0xff, 0xe4, 0x80,

    /* U+89C8 "览" */
    0x0, 0xfe, 0x56, 0x62, 0x0, 0x72, 0xb9, 0x80,
    0x7f, 0xf0, 0x4c, 0xe0, 0xd, 0x73, 0x2e, 0x0,
    0xe9, 0x8c, 0xe1, 0x0, 0xff, 0x26, 0x64, 0x60,
    0x1f, 0xf1, 0x18, 0x0, 0xc4, 0x3, 0xff, 0x9d,
    0x60, 0x10, 0xc4, 0x7f, 0x80, 0x3f, 0xf8, 0x82,
    0xc0, 0x11, 0xbb, 0xff, 0x80, 0x3f, 0xf8, 0x8c,
    0x1, 0xff, 0xd2, 0x18, 0x0, 0x8c, 0xff, 0xf8,
    0x0, 0x1f, 0xfc, 0x38, 0x0, 0xa3, 0x34, 0x6b,
    0x33, 0xf0, 0x7, 0xff, 0x8, 0xd8, 0x0, 0x4e,
    0x1a, 0x53, 0x64, 0x1, 0xff, 0xc8, 0xe0, 0xa,
    0x1, 0xc, 0x0, 0x9a, 0xc0, 0x1f, 0xfc, 0x67,
    0x20, 0x2, 0x28, 0x26, 0x98, 0x5, 0x36, 0x40,
    0x1f, 0xfc, 0x47, 0x50, 0x1a, 0x0, 0x8b, 0x1c,
    0x2, 0x4d, 0x30, 0x9, 0x91, 0x21, 0x0, 0xfd,
    0x53, 0x62, 0x1, 0xd1, 0x84, 0x0, 0x33, 0x0,
    0x45, 0x77, 0x10, 0x5, 0xdf, 0xea, 0x0, 0x32,
    0x80, 0x7c, 0x7a, 0xc3, 0xc0, 0x1f, 0x2b, 0x37,
    0xff, 0x27, 0xec, 0x80, 0x3e, 0x89, 0x9f, 0xfe,
    0x57, 0x80, 0x7f, 0xff, 0xcf, 0xff, 0xff, 0x87,
    0xc0, 0x1f, 0xfc, 0xac, 0xee, 0x30, 0x7, 0xff,
    0x40, 0xc4, 0x46, 0x1, 0xff, 0xcf, 0x20, 0x9,
    0x80, 0x3f, 0xf9, 0xee, 0x1, 0x39, 0x80, 0x7f,
    0xf3, 0xb8, 0x2, 0xbc, 0x10, 0xf, 0xc2, 0x1,
    0xff, 0xc3, 0x24, 0x0, 0xff, 0xe1, 0x7f, 0x64,
    0x0, 0x7f, 0xf0, 0x3c, 0x3, 0xfe, 0x22, 0xc2,
    0x23, 0x30, 0x6, 0xce, 0xe6, 0x80, 0x7, 0x8,
    0x3, 0xfc, 0x3b, 0xb4, 0x0, 0x42, 0x1, 0x84,
    0x70, 0x37, 0x98, 0x0, 0x5c, 0x3, 0xff, 0x86,
    0x60, 0x1e, 0x27, 0xe9, 0x10, 0xb, 0x78, 0x2,
    0x20, 0xf, 0x8c, 0x2, 0x10, 0x9, 0x23, 0x75,
    0x2, 0x1, 0x16, 0x99, 0x80, 0x2e, 0x75, 0x5e,
    0x7e, 0x0, 0xba, 0x37, 0xed, 0xc8, 0x3, 0x9f,
    0x48, 0x1c, 0x2, 0x28, 0xaa, 0xe8, 0x20, 0x9,
    0x44, 0x80, 0x3c, 0x2f, 0xd0, 0x1, 0x12, 0x0,
    0x7f, 0xf0, 0x50, 0xf4, 0x3, 0xa, 0xdf, 0x40,
    0x80, 0x75, 0xb9, 0x0, 0x7e, 0x13, 0x8b, 0x4,
    0x3, 0x7c, 0xea, 0x40, 0xf, 0xe8, 0xdf, 0xff,
    0xdd, 0x8e, 0x1, 0x7e, 0x41, 0x80, 0x7f, 0xf3,
    0xc0,

    /* U+89E3 "解" */
    0x0, 0xf1, 0xca, 0x88, 0x7, 0xff, 0x4a, 0x1a,
    0xa8, 0x1, 0xff, 0xd1, 0x34, 0x0, 0x40, 0x7,
    0xef, 0xff, 0xfe, 0x11, 0x80, 0x7a, 0x0, 0x2d,
    0xee, 0xea, 0x0, 0xff, 0xe2, 0x8, 0x7, 0x22,
    0x0, 0x21, 0x1f, 0x30, 0x7, 0xff, 0x10, 0xc0,
    0x3a, 0x0, 0x3f, 0xf8, 0x3f, 0xf0, 0x80, 0x2f,
    0xfe, 0xc0, 0x8, 0x40, 0x33, 0x98, 0x3, 0x3f,
    0xe6, 0x0, 0xa0, 0x3, 0x10, 0x80, 0x14, 0x2,
    0x70, 0xf, 0x8a, 0x0, 0xa, 0x60, 0x3, 0x60,
    0x3, 0x20, 0x6, 0xa0, 0x1, 0x88, 0x4, 0x20,
    0x2, 0x0, 0xdc, 0x1, 0x58, 0x5, 0xc0, 0x2,
    0x90, 0xc, 0x2e, 0x0, 0xa0, 0xc, 0x40, 0x1,
    0x0, 0xa4, 0xc0, 0x8, 0x85, 0x55, 0x10, 0x1,
    0x56, 0x40, 0x6, 0x80, 0x9, 0x84, 0x63, 0xa0,
    0x3, 0x80, 0x48, 0x1, 0x25, 0x54, 0xa0, 0x13,
    0xd5, 0x3c, 0x70, 0xc0, 0x12, 0x5d, 0xd6, 0x10,
    0x0, 0xc0, 0x2e, 0x0, 0xff, 0xe1, 0x3f, 0x98,
    0x2, 0x50, 0x80, 0x3e, 0xa0, 0x8, 0xe0, 0x0,
    0x2e, 0xe2, 0x0, 0x3b, 0xc0, 0x7, 0x60, 0x4,
    0xb0, 0x1, 0x4, 0x62, 0x5c, 0x20, 0xc, 0xc0,
    0x3, 0x88, 0x38, 0x2, 0x62, 0x40, 0x28, 0x79,
    0x20, 0xb, 0x55, 0x51, 0xb4, 0x60, 0x1f, 0xfc,
    0x98, 0xeb, 0xf4, 0xf, 0x44, 0x78, 0x7, 0xfc,
    0x6a, 0xa6, 0x0, 0x3a, 0xb8, 0x7, 0x20, 0x1,
    0x80, 0x3f, 0xf8, 0x83, 0x54, 0x30, 0x4, 0xd4,
    0x80, 0x71, 0x80, 0x42, 0x1, 0x18, 0x8f, 0x0,
    0x7f, 0xf1, 0xd0, 0x2, 0xde, 0x60, 0x2, 0xf7,
    0x6d, 0x0, 0xf9, 0x10, 0x20, 0x4, 0x48, 0x3,
    0x68, 0x7, 0xff, 0x20, 0xae, 0xc8, 0x0, 0xab,
    0xa0, 0xc, 0xe0, 0x1f, 0xfd, 0x44, 0x10, 0x3f,
    0xf9, 0x80, 0xd, 0xff, 0xb0, 0x3, 0xff, 0x8d,
    0xc0, 0x9, 0x0, 0xff, 0xe1, 0x98, 0x0, 0xbf,
    0xca, 0x0, 0xef, 0xe0, 0xb, 0xcc, 0x54, 0x3,
    0xff, 0xa4, 0xb9, 0xc0, 0x1f, 0xfc, 0x41, 0x0,
    0x9, 0x98, 0x40, 0x4, 0x64, 0x1, 0x3f, 0xff,
    0x98, 0x0, 0xdf, 0xfc, 0xa0, 0x6, 0x0, 0x3e,
    0x61, 0x0, 0x19, 0x90, 0x5, 0xe0, 0x1f, 0xfc,
    0x62, 0x0, 0x8, 0x7, 0xff, 0x4b, 0x40, 0x1a,
    0x1, 0xff, 0x4e, 0xef, 0x94, 0x0, 0xbb, 0xbc,
    0xa0, 0x4, 0x0, 0x38, 0x7, 0xfc, 0x24, 0x5e,
    0x30, 0x1, 0x91, 0x70, 0x1, 0x4, 0x4, 0x80,
    0x3e, 0x20, 0xf, 0xfe, 0x4f, 0x0, 0x1c, 0x2,
    0xf6, 0x3f, 0xec, 0x0, 0x8, 0x7, 0xff, 0x14,
    0x54, 0x1, 0x60, 0x12, 0xcd, 0x8, 0x80, 0x2d,
    0x0, 0xff, 0xe2, 0x8d, 0xa2, 0x8, 0x3, 0x94,
    0x2, 0x16, 0x70, 0xf, 0xfe, 0x32, 0x5d, 0x80,
    0x3c, 0x7f, 0xf7, 0x48, 0x7, 0xe9, 0xff, 0x48,
    0x7, 0x80,

    /* U+89E6 "触" */
    0x0, 0xf6, 0x4b, 0x8, 0x7, 0xff, 0x6, 0x66,
    0x0, 0xff, 0xe0, 0xb1, 0xb4, 0x80, 0x7f, 0xf0,
    0x99, 0xa0, 0xf, 0xfe, 0xd, 0x80, 0x10, 0x40,
    0x3f, 0xfa, 0xa, 0x40, 0x5, 0xdd, 0xe7, 0x0,
    0xff, 0xe5, 0xc0, 0x4, 0x24, 0x5d, 0xe0, 0x1f,
    0xfc, 0xa6, 0x20, 0xf, 0xfe, 0x99, 0x48, 0x1,
    0xbf, 0xec, 0x0, 0xac, 0x0, 0xd5, 0x5c, 0x1,
    0x55, 0x70, 0x80, 0x69, 0x0, 0xc, 0x0, 0x5c,
    0x0, 0x63, 0x0, 0x6a, 0xaf, 0x0, 0x4a, 0xbc,
    0x60, 0x14, 0x20, 0x2, 0x84, 0x1, 0x4, 0x5,
    0x20, 0x1f, 0xfc, 0x83, 0x70, 0xa, 0xbb, 0xa7,
    0x0, 0x17, 0x72, 0x0, 0x32, 0xb3, 0x0, 0x2,
    0xcc, 0x10, 0xe, 0x31, 0x0, 0x84, 0x70, 0x6,
    0x11, 0x80, 0x34, 0x4c, 0x84, 0xe, 0x64, 0xa0,
    0x1e, 0xb0, 0xf, 0xfe, 0xaa, 0xb0, 0x2, 0xff,
    0x80, 0x11, 0xfc, 0x1, 0xff, 0xcb, 0xe0, 0xf,
    0xff, 0xd6, 0x33, 0x80, 0x35, 0x9c, 0x3, 0xff,
    0x9c, 0xf3, 0x20, 0x2, 0xcc, 0x80, 0x3f, 0xfb,
    0xaa, 0xcc, 0x0, 0x1b, 0x34, 0x1, 0xfe, 0x68,
    0x80, 0x1, 0x22, 0x0, 0x1f, 0x44, 0xc8, 0x40,
    0x66, 0x44, 0x1, 0xfe, 0xd7, 0x60, 0x6, 0x3b,
    0x0, 0x7f, 0xf6, 0x84, 0x3, 0xff, 0xab, 0x5f,
    0xfb, 0x40, 0x2f, 0xfe, 0x20, 0xd, 0xe0, 0xb,
    0xfe, 0x0, 0x47, 0xf0, 0x7, 0xff, 0x11, 0x0,
    0x3c, 0x20, 0x1f, 0xfc, 0xc7, 0xfb, 0x0, 0xf1,
    0x80, 0x8, 0xa0, 0x0, 0x91, 0x0, 0x3f, 0xf8,
    0x5e, 0x0, 0x50, 0xe, 0x60, 0x6, 0x6e, 0x0,
    0x27, 0x70, 0x3, 0xff, 0x85, 0x60, 0xe, 0x0,
    0xe2, 0x0, 0x8, 0x7, 0xff, 0x24, 0xc4, 0x10,
    0x3, 0x8, 0x80, 0x40, 0x3f, 0xf9, 0x28, 0xa4,
    0x0, 0x50, 0x9, 0x0, 0xa, 0x1, 0xff, 0x1c,
    0xd5, 0xe7, 0x68, 0x5, 0x74, 0x60, 0xf, 0x0,
    0xbc, 0x0, 0x60, 0x1f, 0x18, 0x4, 0xac, 0xa8,
    0x62, 0x1, 0xfc, 0xa0, 0x12, 0x80, 0x2c, 0x0,
    0x2e, 0xe9, 0xdd, 0x0, 0x4, 0xc0, 0x3f, 0xc2,
    0x64, 0x0, 0x40, 0x50, 0x0, 0x98, 0x5, 0x10,
    0x2, 0x0, 0xb8, 0x44, 0x48, 0xcf, 0x37, 0x9d,
    0xfd, 0x9c, 0x0, 0xe0, 0x58, 0x6, 0x0, 0xf2,
    0x0, 0x5, 0x59, 0x3b, 0x6e, 0x61, 0x90, 0xc4,
    0x2, 0x31, 0x4, 0x0, 0x3d, 0xd0, 0x7, 0xab,
    0xfd, 0xd4, 0x1, 0xff, 0xc3, 0x8a, 0xe0,

    /* U+8BA1 "计" */
    0x0, 0xce, 0xe0, 0xf, 0xfe, 0xa, 0x6e, 0xc8,
    0x1, 0xff, 0xc0, 0xa8, 0x82, 0x0, 0x7f, 0xf0,
    0x4, 0x8a, 0x10, 0xf, 0xf9, 0xd4, 0x1, 0x44,
    0x1, 0xff, 0xcf, 0x73, 0x0, 0xf, 0x0, 0x7f,
    0xf4, 0x34, 0x40, 0x7, 0x20, 0x1f, 0xfc, 0xf1,
    0xa0, 0x9, 0x94, 0x3, 0xff, 0x9e, 0x8e, 0x1,
    0x51, 0x0, 0x7f, 0xf3, 0xe0, 0xc0, 0x2, 0x20,
    0xf, 0xfe, 0x86, 0x89, 0xf9, 0x80, 0x7f, 0xf4,
    0x7, 0x30, 0x20, 0x1f, 0xfd, 0x22, 0x0, 0xff,
    0xe6, 0xab, 0x37, 0x90, 0x3, 0xff, 0x9b, 0x53,
    0x3e, 0xf0, 0x1, 0x55, 0x7e, 0x90, 0xa, 0x6a,
    0xbf, 0x0, 0x7f, 0xc2, 0xab, 0xf8, 0xc0, 0x23,
    0x55, 0xfc, 0x1, 0xff, 0xd6, 0xbb, 0xc0, 0x1f,
    0xfd, 0x14, 0x4c, 0x1, 0xe3, 0xff, 0xfd, 0x40,
    0x15, 0x7f, 0xfe, 0x0, 0xff, 0xff, 0x80, 0x7f,
    0xff, 0xc0, 0x3f, 0xfa, 0xe, 0x1, 0xff, 0xd2,
    0x2d, 0x82, 0x0, 0xff, 0xe8, 0x2e, 0x90, 0x28,
    0x7, 0xff, 0x3e, 0x68, 0x2, 0xb0, 0xf, 0xfe,
    0x72, 0x30, 0x4, 0x9a, 0x1, 0xff, 0xd2, 0x9b,
    0x10, 0xf, 0xfe, 0x51, 0x0, 0x71, 0x63, 0x0,
    0x7f, 0xf3, 0x24, 0x3, 0x36, 0x98, 0x7, 0xff,
    0x36, 0x0, 0x2a, 0x90, 0xf, 0xfe, 0x79, 0xd1,
    0xea, 0x80, 0x7f, 0xf4, 0x57, 0x8, 0x3, 0xff,
    0x9c,

    /* U+8BA4 "认" */
    0x0, 0xff, 0xec, 0x1f, 0x20, 0x7, 0xff, 0x0,
    0x7f, 0xe9, 0x0, 0xff, 0xe0, 0x26, 0xd, 0x98,
    0x7, 0xff, 0x43, 0x0, 0x2d, 0x10, 0xf, 0xfe,
    0x7c, 0x20, 0x0, 0x70, 0x3, 0xff, 0xa1, 0x64,
    0x0, 0x2b, 0x0, 0xff, 0xe8, 0x78, 0x80, 0x12,
    0x40, 0x3f, 0xf8, 0x2, 0x1, 0xff, 0xc2, 0x2a,
    0x0, 0x98, 0x80, 0x3e, 0x30, 0xf, 0xfe, 0x3a,
    0x40, 0xe, 0x10, 0x7, 0xfc, 0x40, 0x1f, 0xfc,
    0x47, 0x76, 0x18, 0x7, 0xe1, 0x0, 0x84, 0x3,
    0xff, 0x8b, 0x4, 0x1, 0xfc, 0xe0, 0x13, 0x0,
    0x7f, 0xf4, 0x8, 0x2, 0x20, 0xf, 0xf6, 0x7f,
    0xf9, 0xc0, 0x3f, 0xdc, 0x1, 0x88, 0x3, 0xff,
    0x9e, 0x40, 0x19, 0xc0, 0x3f, 0xf9, 0xec, 0x1,
    0xb4, 0x3, 0xfa, 0xd9, 0xa0, 0xf, 0xfe, 0x11,
    0x80, 0x64, 0x0, 0xfe, 0x79, 0x94, 0x0, 0x7f,
    0xf0, 0x4c, 0x3, 0x8c, 0x3, 0xff, 0x9c, 0x80,
    0x1e, 0x40, 0xf, 0xfe, 0x6e, 0x0, 0x44, 0x0,
    0xe0, 0xf, 0xfe, 0x60, 0xa0, 0x0, 0xe8, 0x0,
    0xa0, 0x1f, 0xfc, 0xc7, 0x0, 0xad, 0x80, 0x26,
    0x0, 0xff, 0xe2, 0x99, 0x0, 0x6b, 0x0, 0x98,
    0x4c, 0x1, 0x60, 0x1f, 0xfc, 0x43, 0xda, 0x0,
    0x90, 0x80, 0x8, 0x21, 0x40, 0x2, 0x60, 0xf,
    0xfe, 0x11, 0xe0, 0xa8, 0x5, 0x20, 0x17, 0x80,
    0x18, 0x40, 0x10, 0x1, 0xff, 0xc1, 0xcc, 0x0,
    0x8, 0x80, 0xc4, 0x0, 0x34, 0x0, 0xa4, 0x0,
    0x32, 0x1, 0xff, 0xc0, 0x40, 0x9, 0x48, 0x92,
    0x1, 0x78, 0x6, 0x71, 0x0, 0x31, 0x80, 0x7f,
    0xf0, 0x96, 0x83, 0x80, 0x25, 0x30, 0xe, 0x90,
    0xb, 0x44, 0x3, 0xc6, 0x1, 0xcd, 0x41, 0x26,
    0x0, 0x1b, 0x0, 0xf3, 0x90, 0x0, 0x74, 0x3,
    0xca, 0x1, 0x9e, 0x42, 0x18, 0x2, 0xa1, 0x0,
    0xfb, 0x80, 0x23, 0xa0, 0xe, 0xe0, 0xa, 0x20,
    0x10, 0xe0, 0x13, 0xa0, 0x7, 0xe3, 0x80, 0x9,
    0x6c, 0x3, 0x4b, 0x4, 0xb8, 0x4b, 0x80, 0x4b,
    0x0, 0x1f, 0xe7, 0x40, 0x9, 0x10, 0x1, 0xa7,
    0x18, 0x1, 0xc0, 0x11, 0xd0, 0x7, 0xff, 0x2,
    0xc8, 0x0, 0xc8, 0x1, 0xc6, 0x1, 0x3a, 0x81,
    0xe8, 0x7, 0xff, 0xb, 0x4, 0xa4, 0x3, 0xfe,
    0xa5, 0xd1, 0x0, 0xff, 0xe1, 0xe, 0x78, 0x0,

    /* U+8BB0 "记" */
    0x0, 0xff, 0xec, 0xbf, 0x8, 0x7, 0xff, 0x40,
    0x6e, 0x7, 0x40, 0x3c, 0xb3, 0x3f, 0xfc, 0x45,
    0x0, 0xe5, 0x0, 0x1d, 0x0, 0x77, 0xb3, 0x7f,
    0xf1, 0x34, 0x3, 0xd, 0x0, 0x4a, 0xc0, 0x1f,
    0xfc, 0xf4, 0x80, 0xa, 0x4c, 0x3, 0xff, 0x9e,
    0xe8, 0x1, 0x68, 0x80, 0x2b, 0xff, 0xff, 0x82,
    0x1, 0xff, 0x50, 0x80, 0x5, 0x0, 0x3f, 0xf9,
    0xe3, 0xa0, 0xa, 0x50, 0xf, 0xfe, 0x81, 0xce,
    0x28, 0x7, 0xff, 0x49, 0x8c, 0x3, 0xff, 0x9a,
    0xcd, 0xf0, 0x7, 0xff, 0x34, 0x66, 0x7e, 0x10,
    0xf, 0xfe, 0xc8, 0xc4, 0x7f, 0xf0, 0x40, 0x3f,
    0xf8, 0xe4, 0xef, 0xff, 0xc1, 0x0, 0xf0, 0xee,
    0xce, 0x1, 0xff, 0xd1, 0x22, 0xbc, 0x3, 0xff,
    0xc3, 0x7d, 0xdf, 0xfc, 0x8, 0x0, 0xff, 0xe3,
    0xb8, 0x8f, 0xff, 0x0, 0x3, 0xff, 0xfe, 0x1,
    0xff, 0xec, 0xa7, 0x40, 0xf, 0xfe, 0x1, 0x0,
    0x7f, 0xf1, 0x56, 0x2e, 0x40, 0x3f, 0xcf, 0x80,
    0x1f, 0xfc, 0x81, 0x0, 0xfe, 0x98, 0x13, 0x0,
    0xff, 0xe1, 0x88, 0x5, 0xe0, 0x1f, 0xb5, 0x80,
    0x8, 0x1, 0xff, 0xd0, 0x30, 0x8, 0x40, 0x33,
    0x80, 0x7f, 0x8c, 0x2, 0x10, 0xf, 0xfa, 0x98,
    0x3, 0x18, 0x7, 0xf9, 0x0, 0x22, 0x0, 0xd6,
    0x1, 0x87, 0x14, 0x4, 0x2, 0x8a, 0x87, 0x7f,
    0x44, 0xc8, 0x2, 0x70, 0x8, 0x48, 0x2, 0x3f,
    0x30, 0x1, 0x8, 0x4, 0xaf, 0x11, 0xe7, 0x60,
    0xc, 0x60, 0x10, 0xe8, 0x1, 0x70, 0x40, 0x34,
    0x80, 0x7f, 0xf1, 0x18, 0x3, 0x8e, 0x62, 0x80,
    0x3c, 0xf2, 0x62, 0x1, 0xff, 0x13, 0xc8, 0x0,

    /* U+8BC1 "证" */
    0x0, 0xff, 0xec, 0x16, 0x40, 0x7, 0xff, 0x45,
    0x74, 0xdd, 0x40, 0x31, 0x4c, 0xff, 0xf2, 0xc,
    0x3, 0xd4, 0x60, 0x13, 0x37, 0xff, 0x28, 0x0,
    0xae, 0x1, 0x68, 0x80, 0x7f, 0xf3, 0xe0, 0xc0,
    0x3, 0xa0, 0x1f, 0xfd, 0xd, 0x10, 0x1, 0xd0,
    0x27, 0x77, 0xf1, 0x80, 0x5d, 0xdf, 0x28, 0x6,
    0x1a, 0x0, 0xbc, 0x0, 0x23, 0xfc, 0x1, 0x84,
    0x7e, 0x0, 0xf2, 0x41, 0x6a, 0x80, 0x7f, 0xf4,
    0x5f, 0x48, 0x3, 0xff, 0xdc, 0xef, 0xe4, 0x0,
    0xea, 0xff, 0x70, 0x7, 0xff, 0x10, 0x62, 0x3d,
    0xa0, 0x1f, 0xff, 0xf0, 0xf, 0xfe, 0x20, 0xe6,
    0x40, 0x1f, 0xfc, 0x9f, 0xff, 0x48, 0x0, 0xce,
    0x10, 0xf, 0xff, 0xf8, 0x7, 0xfc, 0xab, 0xec,
    0x0, 0xff, 0xe7, 0x55, 0x79, 0x40, 0x3f, 0xff,
    0xe0, 0x1, 0x0, 0xff, 0xe9, 0xa6, 0x0, 0x7f,
    0xf4, 0x9a, 0xc8, 0xc0, 0x3f, 0xfa, 0xf, 0x20,
    0xb, 0x0, 0xff, 0xe8, 0x8, 0x7, 0xff, 0x44,
    0x40, 0x39, 0xe0, 0x3, 0xff, 0x98, 0xa0, 0x1c,
    0xe3, 0x32, 0x70, 0x0, 0xcc, 0xe2, 0x0, 0xa6,
    0x7e, 0x80, 0x8, 0xc0, 0x35, 0xd9, 0x9a, 0x20,
    0x9, 0x9b, 0x8, 0x4, 0xcd, 0xf8, 0x2, 0x66,
    0x0, 0xe2, 0x0, 0x7f, 0xf4, 0x25, 0x70, 0xc0,
    0x3f, 0xf9, 0xa0,

    /* U+8BC6 "识" */
    0x0, 0xff, 0xec, 0x52, 0x80, 0x7f, 0xf4, 0xad,
    0x68, 0xc0, 0x3c, 0x45, 0xff, 0xc5, 0x10, 0xc,
    0xa8, 0x0, 0xe1, 0x0, 0xec, 0xdd, 0xff, 0xe2,
    0x30, 0x6, 0x56, 0x0, 0x15, 0x0, 0x7f, 0xf4,
    0x24, 0xc0, 0x9, 0x0, 0x1f, 0xfd, 0xd, 0x10,
    0x3, 0xa8, 0x7, 0x97, 0x33, 0xfc, 0x1, 0xfe,
    0x1a, 0x0, 0xb8, 0x3, 0xc4, 0x67, 0xfe, 0x10,
    0xf, 0xf2, 0x38, 0x25, 0x80, 0x7f, 0xf4, 0x62,
    0x16, 0x1, 0xff, 0xd3, 0x70, 0xf, 0xff, 0x7e,
    0xff, 0xf7, 0x0, 0x7f, 0xf3, 0x8c, 0x3, 0xff,
    0xeb, 0x2c, 0xc3, 0x0, 0xff, 0xe8, 0xbc, 0xc9,
    0x0, 0x3f, 0xe3, 0x66, 0xff, 0x8, 0x7, 0xff,
    0x25, 0x26, 0x7f, 0xc0, 0x1f, 0xfe, 0x83, 0x11,
    0xff, 0xe2, 0x80, 0x7f, 0xf0, 0xf7, 0xbb, 0xff,
    0x88, 0xc0, 0x1f, 0xfc, 0x61, 0x30, 0xf, 0x88,
    0xc0, 0x3f, 0xf9, 0x57, 0x90, 0x1, 0xc9, 0x9a,
    0x20, 0x1f, 0xfc, 0x39, 0x60, 0x8, 0xd4, 0x1f,
    0x0, 0x25, 0xb1, 0x15, 0x0, 0x7f, 0xf0, 0xa9,
    0xb0, 0x2, 0xe0, 0xa, 0xc0, 0x24, 0x10, 0x2,
    0x38, 0x7, 0xff, 0x2, 0x94, 0x14, 0x1, 0x4,
    0x0, 0x27, 0x0, 0x86, 0x80, 0x28, 0x30, 0xf,
    0xf0, 0xa8, 0x0, 0x44, 0x8e, 0x1, 0x70, 0x7,
    0x23, 0x0, 0x5c, 0x1, 0xff, 0xc1, 0x2f, 0xa,
    0x0, 0xa0, 0xc0, 0x3d, 0x24, 0x0, 0x29, 0x0,
    0xf1, 0x80, 0x63, 0xc1, 0xd1, 0x0, 0x1b, 0x80,
    0x7e, 0xe0, 0x9, 0x94, 0x3, 0x1a, 0x0, 0x49,
    0x83, 0x46, 0x0, 0x1e, 0x0, 0xfe, 0x37, 0x0,
    0xac, 0x40, 0x23, 0x50, 0x3, 0x58, 0x52, 0x80,
    0x54, 0x40, 0x1f, 0xe8, 0x20, 0x0, 0xd0, 0x6,
    0xa3, 0x79, 0x5, 0x50, 0x5, 0x8, 0x1, 0xff,
    0xc0, 0xe0, 0x9, 0xc, 0x3, 0x64, 0x0, 0x15,
    0xc0, 0xa, 0xe0, 0x1f, 0xfc, 0x13, 0x70, 0x5,
    0x98, 0x7, 0xf4, 0x4a, 0x50, 0x7, 0xff, 0xe,
    0x13, 0x50, 0x3, 0xfe, 0x6b, 0x0, 0xff, 0xe2,
    0xd9, 0x0, 0x0,

    /* U+8BD5 "试" */
    0x0, 0xc2, 0x1, 0xff, 0xc4, 0x4b, 0xb8, 0x0,
    0x42, 0x1, 0xf9, 0xbc, 0x80, 0x3f, 0xf8, 0x64,
    0x89, 0x8, 0xbf, 0x44, 0x3, 0xd1, 0x23, 0xe2,
    0x1, 0xff, 0xc2, 0x30, 0xd, 0x44, 0x7a, 0x1,
    0xe4, 0x0, 0x15, 0x0, 0x7f, 0xf1, 0x8e, 0x0,
    0x7, 0x82, 0x1, 0xb4, 0x40, 0x9, 0x0, 0x1f,
    0xfc, 0x11, 0x0, 0xc7, 0x80, 0x3, 0xa0, 0xc,
    0x3a, 0x1, 0x3a, 0x0, 0x7f, 0xf1, 0x8f, 0x0,
    0x12, 0x1, 0xc7, 0x0, 0x15, 0x88, 0x7, 0xff,
    0xc, 0x40, 0x7, 0x76, 0x20, 0xf, 0x3a, 0x0,
    0x18, 0x73, 0xff, 0xfd, 0x60, 0x16, 0x7f, 0xd7,
    0x6f, 0x50, 0xf, 0x50, 0xc4, 0x80, 0x80, 0x7f,
    0xf2, 0x4c, 0x3, 0xc3, 0xee, 0x1, 0xff, 0xd4,
    0x10, 0xa, 0xe2, 0x3f, 0xe0, 0x9, 0x62, 0x3c,
    0x80, 0x4, 0x4f, 0x10, 0x1, 0x9d, 0xff, 0xe0,
    0xb, 0x1d, 0xfc, 0x40, 0x37, 0x7e, 0xa0, 0xf,
    0xff, 0x20, 0x80, 0x4, 0x3, 0xff, 0xa4, 0x60,
    0xf, 0x0, 0xfc, 0x37, 0x70, 0x7, 0x9b, 0xff,
    0xfc, 0x4c, 0x0, 0x10, 0xf, 0xe4, 0x48, 0x40,
    0x3f, 0xf8, 0xa2, 0x0, 0x30, 0xf, 0xfe, 0x91,
    0x80, 0x4, 0x3, 0xff, 0x8c, 0x93, 0x31, 0x0,
    0xe, 0x66, 0x2e, 0x0, 0x38, 0x7, 0xff, 0x18,
    0x99, 0xa1, 0x0, 0x33, 0x60, 0x10, 0x1, 0x0,
    0x7f, 0xf4, 0x88, 0x0, 0x20, 0x1f, 0xfd, 0x26,
    0x0, 0x84, 0x3, 0xff, 0x88, 0x66, 0x0, 0xff,
    0x88, 0x2, 0x50, 0xf, 0xfe, 0x18, 0xec, 0x80,
    0x7f, 0xf0, 0x4, 0x0, 0x40, 0x16, 0x51, 0x80,
    0x7f, 0x68, 0xa9, 0x0, 0x7f, 0xca, 0x0, 0xc0,
    0x8, 0xd7, 0x0, 0x3f, 0x39, 0x80, 0x18, 0x3,
    0xf8, 0x40, 0xc0, 0x8, 0x0, 0x10, 0x1, 0x80,
    0x7f, 0xd2, 0x80, 0x1c, 0xd1, 0x7d, 0xc1, 0xc0,
    0x0, 0x98, 0x10, 0x1, 0x40, 0x38, 0x40, 0x33,
    0xa2, 0x1e, 0x8c, 0x0, 0x6e, 0x82, 0x0, 0x40,
    0xa, 0x81, 0x0, 0x1e, 0x1, 0x8c, 0x3, 0x2c,
    0x6d, 0xc2, 0x80, 0x7e, 0x30, 0x40, 0x3, 0x32,
    0x80, 0x8, 0x1, 0xa4, 0x2, 0x4a, 0x2, 0x0,
    0xf8, 0x91, 0xe8, 0x83, 0x80, 0x29, 0x20, 0x12,
    0x0, 0xd0, 0x20, 0x56, 0x0, 0x10, 0x1, 0xb4,
    0xe7, 0xed, 0xc2, 0x80, 0x14, 0xc0, 0x39, 0xc0,
    0x38, 0xb4, 0xb0, 0x2, 0xfd, 0xfc, 0x96, 0x30,
    0xf, 0xdc, 0x20, 0x1a, 0xc0, 0x3c, 0x7a, 0x20,
    0x11, 0x90, 0x7, 0xff, 0x4, 0xb1, 0x0, 0xac,
    0x80, 0x0,

    /* U+8BEF "误" */
    0x0, 0xff, 0xec, 0xd4, 0x0, 0x7f, 0xf4, 0xad,
    0x5d, 0x40, 0x3b, 0xbf, 0xff, 0xf8, 0xae, 0x1,
    0x95, 0x0, 0x14, 0x60, 0x18, 0x40, 0x3f, 0xf9,
    0x4a, 0xe0, 0x16, 0x88, 0x7, 0xff, 0x3e, 0x10,
    0x0, 0x3a, 0x1, 0xe6, 0xcc, 0xff, 0x50, 0x7,
    0xfa, 0xc8, 0x0, 0x6e, 0x1, 0xdc, 0x67, 0xfe,
    0x60, 0xf, 0xfb, 0xc0, 0xa, 0xe0, 0x1f, 0xfd,
    0x2, 0xa6, 0xa0, 0xf, 0x78, 0x7, 0xff, 0x2d,
    0x64, 0x3, 0xe7, 0xff, 0xff, 0x60, 0x7, 0xff,
    0x6c, 0x51, 0x3c, 0x20, 0x1f, 0xfc, 0xd5, 0xbb,
    0xf3, 0x80, 0x6f, 0xee, 0xff, 0xe2, 0xb8, 0x7,
    0xff, 0xc, 0x47, 0xff, 0x8a, 0x1, 0xff, 0xc2,
    0x33, 0xff, 0xe4, 0x8, 0x2d, 0xdc, 0x1, 0xe2,
    0xcc, 0xff, 0xe4, 0x48, 0xa, 0x24, 0x20, 0x1f,
    0xfd, 0xa3, 0x0, 0xff, 0xe4, 0x78, 0x7, 0xfc,
    0x3f, 0xff, 0x90, 0x0, 0x9f, 0xff, 0x9c, 0x3,
    0xff, 0x96, 0x20, 0x1f, 0xfd, 0x17, 0x0, 0xff,
    0xe5, 0xf7, 0xff, 0xe3, 0x0, 0x2f, 0xff, 0xf3,
    0x80, 0x7f, 0xf5, 0x3c, 0x3, 0xff, 0xbc, 0x91,
    0xbb, 0xf1, 0x80, 0x62, 0xdd, 0xfd, 0x20, 0x1f,
    0x9e, 0xfc, 0x8b, 0xc2, 0x60, 0x18, 0xa8, 0x8b,
    0xe1, 0x0, 0xfa, 0x20, 0xe, 0x1, 0xc5, 0xa0,
    0x1e, 0x77, 0x0, 0x7f, 0xc2, 0x0, 0x10, 0x8,
    0x40, 0x24, 0xc1, 0x0, 0x2e, 0x0, 0x51, 0x40,
    0x1f, 0xc2, 0x1, 0xc7, 0xe2, 0x7, 0x76, 0x10,
    0x1, 0xd1, 0xd0, 0x4, 0xbc, 0xc0, 0x1f, 0x40,
    0x6, 0x5c, 0x6, 0xcc, 0x20, 0x4, 0x98, 0x0,
    0x5a, 0x0, 0x86, 0x7a, 0x50, 0x40, 0x2d, 0x0,
    0xa2, 0x9f, 0xa4, 0xc0, 0x34, 0x58, 0x6, 0x5c,
    0x20, 0x8, 0x5a, 0xe0, 0x2, 0x48, 0xb, 0x70,
    0x50, 0xe, 0x5d, 0x70, 0xf, 0x1e, 0xc0, 0x80,
    0x6a, 0x0, 0xcf, 0xc8, 0x0, 0x24, 0x1, 0x6d,
    0xa2, 0x0, 0xfe, 0x7e, 0x93, 0x3, 0x30, 0x7,
    0x8, 0x6, 0x8a, 0xe9, 0x20, 0xf, 0xfe, 0xb,
    0x67, 0x70, 0x0,

    /* U+8BF4 "说" */
    0x0, 0xff, 0xe1, 0x30, 0x80, 0x7f, 0x18, 0x7,
    0xf9, 0xe8, 0x3, 0xe4, 0xd9, 0xb0, 0xf, 0xc7,
    0x9a, 0xa0, 0x1e, 0x1b, 0x85, 0x70, 0xf, 0x71,
    0x2, 0xa8, 0x3, 0xef, 0x2, 0xa2, 0x0, 0xe5,
    0x40, 0x4, 0x18, 0x7, 0x58, 0x80, 0x2c, 0x40,
    0x39, 0x8c, 0x0, 0xc4, 0x1, 0xc8, 0xe0, 0x16,
    0x88, 0x6, 0x18, 0x0, 0xd, 0x0, 0x61, 0x80,
    0x0, 0xc0, 0x7, 0xd0, 0x60, 0x1, 0xa0, 0xe,
    0x63, 0x0, 0x23, 0x0, 0x50, 0x20, 0x8, 0x10,
    0xf, 0xda, 0x20, 0x4, 0x70, 0xe, 0xe0, 0x1,
    0xa8, 0x1, 0x18, 0x0, 0x6c, 0x1, 0xfc, 0x34,
    0x1, 0x78, 0x1, 0x56, 0x73, 0x49, 0x65, 0x54,
    0x80, 0x48, 0xab, 0x18, 0x7, 0xc8, 0xc1, 0x50,
    0x0, 0xaa, 0xc6, 0x95, 0x58, 0x80, 0x27, 0xaa,
    0xac, 0x3, 0xf4, 0xea, 0x80, 0x7f, 0xf4, 0xc8,
    0x3, 0xff, 0xb9, 0x1f, 0xff, 0xf0, 0x80, 0x7b,
    0x7f, 0xfb, 0x80, 0x3f, 0xff, 0xe0, 0x1f, 0xfc,
    0x5a, 0x66, 0x18, 0x7, 0xff, 0x45, 0xe6, 0x48,
    0x1, 0xff, 0xdf, 0x8f, 0xff, 0xf8, 0x40, 0x3f,
    0xff, 0xe0, 0x1f, 0xaa, 0xa7, 0x0, 0x9e, 0xa8,
    0xa0, 0x14, 0xd5, 0x56, 0x1, 0xff, 0xc2, 0x55,
    0xb0, 0x2, 0xa5, 0x56, 0x80, 0x4e, 0xab, 0x18,
    0x7, 0xff, 0x4, 0x40, 0x22, 0x0, 0x88, 0x3,
    0xff, 0x97, 0x6c, 0x1, 0x70, 0x0, 0x40, 0x3f,
    0xe5, 0x30, 0xf, 0xe1, 0xc4, 0xd0, 0x9, 0x40,
    0x4, 0x1, 0xff, 0x5e, 0x78, 0x80, 0x78, 0x70,
    0xc1, 0x0, 0x2, 0x40, 0xb, 0x0, 0xff, 0xe5,
    0x10, 0x0, 0xc0, 0x10, 0x1, 0x28, 0x7, 0xff,
    0x18, 0x40, 0x38, 0xf0, 0xd, 0x80, 0x8, 0x40,
    0x1f, 0xfc, 0x21, 0x0, 0x90, 0x3, 0x2e, 0x9,
    0x68, 0x5, 0x0, 0x1f, 0xfc, 0x1, 0x0, 0xe3,
    0x20, 0xa, 0x28, 0x13, 0x4, 0x0, 0xc6, 0x1,
    0x84, 0x2, 0xb6, 0x64, 0x80, 0x78, 0xe4, 0x1,
    0x4e, 0x13, 0x62, 0x0, 0x39, 0x0, 0xe3, 0x0,
    0x96, 0x64, 0xc0, 0x2, 0x0, 0xcd, 0x38, 0xa1,
    0xc, 0x1, 0x1e, 0x0, 0x79, 0x0, 0x3f, 0x94,
    0x3, 0x98, 0xc0, 0x10, 0x60, 0x5, 0xc0, 0xf,
    0x86, 0xcc, 0x3, 0x85, 0xe0, 0x3, 0xfd, 0xa5,
    0x34, 0x1, 0xfc, 0x99, 0xff, 0xdd, 0x0, 0x1f,
    0xf0, 0xeb, 0x0, 0x7f, 0xf2, 0x40,

    /* U+8BF7 "请" */
    0x0, 0xff, 0xe3, 0x92, 0xa9, 0x0, 0x3f, 0xf8,
    0x66, 0xc0, 0x1f, 0xfc, 0x15, 0xaa, 0x58, 0x7,
    0xff, 0xa, 0x72, 0x4c, 0x3, 0xff, 0xa2, 0x4c,
    0x0, 0xd0, 0x8, 0xff, 0xff, 0x40, 0x5, 0xff,
    0xfc, 0x60, 0x11, 0x40, 0x0, 0x68, 0x3, 0xff,
    0xa2, 0xe6, 0x0, 0x54, 0x2, 0x77, 0xfc, 0x80,
    0x13, 0xbf, 0xf0, 0x80, 0x77, 0x0, 0x54, 0x22,
    0x88, 0xfd, 0x80, 0x14, 0x47, 0xf1, 0x0, 0x71,
    0x40, 0x0, 0x50, 0x9, 0x9b, 0xed, 0x0, 0x99,
    0xbf, 0x10, 0x7, 0xce, 0x44, 0xc5, 0x7, 0x99,
    0xf9, 0x40, 0x29, 0x9f, 0xce, 0x1, 0xfb, 0xf4,
    0xc0, 0x2, 0x1, 0xff, 0xd0, 0x20, 0xc, 0x9f,
    0xff, 0x40, 0x5, 0xff, 0xf9, 0x40, 0x22, 0x2f,
    0x0, 0x7f, 0xf4, 0x37, 0x7c, 0xe0, 0x7f, 0xff,
    0xd0, 0x1, 0x7f, 0xff, 0x84, 0x3, 0xff, 0xbe,
    0x4e, 0xff, 0xfc, 0xb1, 0xa, 0xa8, 0x3, 0x86,
    0x23, 0xff, 0x96, 0x0, 0x55, 0x84, 0x3, 0xe9,
    0x9f, 0xfe, 0x32, 0x80, 0x7f, 0xf0, 0xd9, 0xbf,
    0xf8, 0xde, 0x1, 0xff, 0xe8, 0x8f, 0xff, 0xf9,
    0x0, 0x3f, 0xf9, 0x22, 0x1, 0xff, 0xd5, 0x9f,
    0xff, 0xf9, 0x0, 0x3f, 0xfd, 0x69, 0x11, 0xff,
    0x10, 0x7, 0xff, 0xe, 0x4c, 0x3, 0x6b, 0xbf,
    0xfc, 0xc0, 0x1f, 0xfc, 0x29, 0x64, 0x0, 0xdb,
    0x33, 0xff, 0x28, 0x7, 0xff, 0x6, 0x58, 0x34,
    0x3, 0x23, 0x37, 0xfc, 0x20, 0x1f, 0xfc, 0x11,
    0x0, 0x30, 0x7, 0xff, 0x3c, 0x40, 0x31, 0x68,
    0x6, 0x9f, 0xff, 0xf9, 0x0, 0x3f, 0x9c, 0x3,
    0x26, 0x88, 0x7, 0xff, 0x11, 0xc0, 0x3f, 0x84,
    0x2, 0x5b, 0x0, 0xff, 0xe0, 0xbc, 0xcd, 0x66,
    0x0, 0x20, 0xf, 0x32, 0x83, 0xd0, 0x7, 0xff,
    0xb, 0x59, 0xa4, 0x0, 0xac, 0x3, 0xea, 0xa4,
    0x0, 0x7f, 0xf0, 0xf4, 0x3, 0x8e, 0x8c, 0x3,
    0xf2, 0x80, 0x7b, 0x76, 0x70, 0xf, 0x3f, 0xff,
    0x62, 0x80, 0x60,

    /* U+8C03 "调" */
    0x0, 0xff, 0xeb, 0x96, 0x40, 0x7, 0xff, 0x41,
    0x74, 0xdd, 0x40, 0x37, 0x7f, 0xff, 0xf1, 0xd8,
    0x0, 0xc0, 0x15, 0x88, 0x7, 0xff, 0x38, 0xe0,
    0x0, 0x3a, 0x1, 0xff, 0xcf, 0x73, 0x0, 0x1b,
    0x80, 0x75, 0x77, 0x76, 0x63, 0x7b, 0xb8, 0x40,
    0x3e, 0xe0, 0xa, 0xc, 0x3, 0x8, 0xf2, 0xe6,
    0x38, 0x47, 0x80, 0x3f, 0x14, 0x80, 0x4, 0x3,
    0xff, 0xa0, 0xc6, 0x9e, 0x60, 0x1e, 0x11, 0xc0,
    0x10, 0x8c, 0x1, 0xff, 0xc0, 0xdb, 0x10, 0xf,
    0xf, 0x75, 0x40, 0x3, 0xee, 0xa8, 0x3, 0xfe,
    0x10, 0xf, 0xfe, 0x73, 0x37, 0x80, 0x3f, 0xa,
    0xac, 0x60, 0x1, 0x55, 0xb0, 0x3, 0x86, 0x67,
    0xc2, 0x1, 0xfa, 0xaa, 0x80, 0x1, 0x55, 0x4c,
    0x1, 0xff, 0xd9, 0x15, 0x52, 0x0, 0x7f, 0xd5,
    0xff, 0x58, 0x0, 0xff, 0xf2, 0x0, 0x75, 0x52,
    0x40, 0x3f, 0xe1, 0x0, 0xff, 0xf7, 0x88, 0x5,
    0x7f, 0xff, 0xf2, 0x0, 0x7f, 0xfa, 0x1b, 0x33,
    0xf8, 0x3, 0xff, 0x90, 0xe1, 0xc6, 0x7f, 0xc2,
    0x1, 0xff, 0xc3, 0x10, 0xf, 0xfe, 0x89, 0xb1,
    0x80, 0x42, 0x1, 0xa7, 0xfe, 0x20, 0xf, 0xfe,
    0x19, 0x6e, 0x8, 0x4, 0x60, 0x1f, 0xfc, 0xcd,
    0x14, 0x60, 0x8, 0x40, 0x3f, 0xf9, 0x82, 0x0,
    0xd0, 0x1, 0x0, 0x7f, 0xf2, 0x44, 0x3, 0xe,
    0x18, 0x1, 0x80, 0x3a, 0x7f, 0xe2, 0x0, 0xff,
    0x90, 0x3, 0x69, 0x20, 0x0, 0xc0, 0x3f, 0xf9,
    0x36, 0x1, 0x59, 0xa8, 0x5, 0xa0, 0xd, 0x55,
    0xfe, 0x10, 0x10, 0xf, 0x70, 0x85, 0x20, 0x78,
    0x4, 0x80, 0x5, 0xaa, 0xf7, 0x74, 0x94, 0x1,
    0x18, 0x4, 0x59, 0x2a, 0x4, 0xa0, 0x4, 0x10,
    0xf, 0xea, 0xbb, 0x94, 0x2, 0x70, 0xc, 0x4c,
    0x0, 0xb0, 0xb, 0x80, 0x3f, 0xca, 0x1, 0xe3,
    0x20, 0xf, 0xd6, 0xa0, 0x2a, 0x1, 0xfe, 0x30,
    0xc, 0x4f, 0xa0, 0x1f, 0xc5, 0x59, 0x60, 0x1f,
    0xf4, 0x7f, 0xed, 0x81, 0x0,

    /* U+8D26 "账" */
    0x0, 0xff, 0xe2, 0x9a, 0xa9, 0x0, 0x3f, 0xfa,
    0x55, 0x58, 0x3, 0xf1, 0x0, 0x7b, 0x7f, 0xff,
    0xe1, 0x0, 0xff, 0xe0, 0xa6, 0xb0, 0x7, 0xff,
    0x49, 0x6c, 0x25, 0x0, 0x3f, 0xfa, 0xd, 0x40,
    0x16, 0x0, 0x7d, 0xbb, 0xe2, 0x0, 0xff, 0xe0,
    0xc4, 0x80, 0x4f, 0x0, 0x1f, 0x11, 0x78, 0x40,
    0x3f, 0xf8, 0x14, 0xe0, 0x14, 0x40, 0x3, 0xfd,
    0x98, 0x80, 0xf, 0xfe, 0x1, 0x6a, 0x80, 0x52,
    0xe0, 0x1f, 0xe1, 0x33, 0x80, 0x3f, 0xe6, 0xd2,
    0x0, 0xd, 0xb0, 0x7, 0xff, 0x3b, 0xc0, 0x22,
    0xc4, 0x0, 0xff, 0xe7, 0xc9, 0x2, 0xe9, 0x0,
    0x7f, 0xf4, 0x7a, 0x68, 0x3, 0xff, 0xa6, 0x6c,
    0x1, 0xff, 0xef, 0xef, 0x60, 0x0, 0xff, 0xff,
    0xcc, 0x1, 0xff, 0xd5, 0x10, 0xf, 0xff, 0x35,
    0x51, 0x0, 0x3, 0x54, 0x0, 0xa2, 0xab, 0x94,
    0x3, 0xff, 0x88, 0x8a, 0x40, 0x12, 0xa8, 0x80,
    0x25, 0x5e, 0x20, 0xf, 0xfe, 0x63, 0x80, 0x30,
    0x3, 0xff, 0x82, 0x60, 0x1, 0x0, 0xff, 0xe0,
    0xf8, 0x1, 0x4, 0x3, 0xff, 0x80, 0xc0, 0x3,
    0x0, 0xff, 0xe0, 0xa0, 0x4, 0xe0, 0x1f, 0xfc,
    0x2, 0x0, 0x8, 0x7, 0xff, 0x4, 0x4c, 0x1,
    0x40, 0x1f, 0xae, 0x20, 0x18, 0x0, 0x10, 0x8a,
    0xa0, 0x80, 0x7f, 0x50, 0x0, 0xd0, 0x3, 0xe6,
    0x77, 0x2, 0x80, 0x19, 0xd1, 0x54, 0x1, 0xfe,
    0x60, 0xa, 0x0, 0x3f, 0xce, 0x1, 0xa1, 0xc0,
    0x3f, 0xf8, 0x2e, 0x0, 0x37, 0x0, 0xfc, 0x30,
    0x0, 0x10, 0x4, 0x30, 0x7, 0xf8, 0x5a, 0x40,
    0x28, 0x30, 0xf, 0xb4, 0x0, 0x3e, 0x60, 0x9,
    0x50, 0xf, 0x86, 0x3a, 0xc6, 0x0, 0x2d, 0x10,
    0xe, 0xc3, 0x0, 0x40, 0xe8, 0x80, 0x29, 0x0,
    0x38, 0x7d, 0xc0, 0xc1, 0xc8, 0x0, 0x38, 0x20,
    0x1, 0xd3, 0x0, 0x2b, 0x0, 0xe0, 0x5, 0x40,
    0x5, 0x0, 0x84, 0x0, 0x20, 0xe, 0x0, 0x8b,
    0x40, 0x7c, 0x80, 0x7, 0x40, 0x11, 0x58, 0x2,
    0x41, 0x8c, 0x3, 0x93, 0x0, 0x7, 0x20, 0x14,
    0x0, 0xa0, 0x0, 0xb4, 0x3, 0x92, 0x15, 0xc1,
    0xc0, 0x32, 0x65, 0x98, 0x4, 0xce, 0x10, 0x80,
    0xb, 0x13, 0xc1, 0x0, 0xf3, 0xd0, 0x0, 0x58,
    0xf, 0x2c, 0xc0, 0x3d, 0x14, 0xe0, 0x10, 0xee,
    0x8, 0x7, 0xff, 0x2, 0xed, 0x86, 0x1, 0xfc,
    0xa0, 0x10,

    /* U+8D28 "质" */
    0x0, 0xff, 0xf5, 0x9, 0xa2, 0xb4, 0x4d, 0xe7,
    0x79, 0x80, 0x78, 0xd1, 0x54, 0xcf, 0x10, 0x9a,
    0xbc, 0xde, 0xff, 0x76, 0x5d, 0x4b, 0xb2, 0x18,
    0x82, 0x80, 0x7a, 0x6e, 0xa9, 0x30, 0xee, 0x65,
    0x43, 0x21, 0x0, 0xff, 0xe0, 0xf8, 0x7, 0xff,
    0x38, 0x48, 0xd5, 0x9e, 0x68, 0x3, 0xfc, 0x24,
    0x43, 0x45, 0x67, 0x89, 0xaa, 0x5e, 0x77, 0xf6,
    0xe5, 0x4c, 0x31, 0x80, 0x7f, 0xf, 0x6e, 0xb2,
    0xea, 0x61, 0xd8, 0x2a, 0xf0, 0xc0, 0x3f, 0xff,
    0xe0, 0x1f, 0xfc, 0x1f, 0xff, 0xea, 0x0, 0xb7,
    0xff, 0xfb, 0x80, 0x3f, 0xff, 0xe0, 0x17, 0xf7,
    0x7e, 0xa0, 0xb, 0x3b, 0xbf, 0xc0, 0x1f, 0xf0,
    0x8f, 0xe0, 0xc, 0x23, 0xfe, 0x0, 0xff, 0xf1,
    0x37, 0xff, 0xd4, 0x1, 0x6f, 0xff, 0xce, 0x1,
    0xf0, 0x80, 0x7f, 0xf3, 0x7c, 0x3, 0xfc, 0x60,
    0x1f, 0xfd, 0xcc, 0xcf, 0xfe, 0x8, 0x7, 0xfc,
    0xe0, 0x1, 0x0, 0xf1, 0x9e, 0x7e, 0xe8, 0xcf,
    0x80, 0x3f, 0xe1, 0x0, 0x38, 0x7, 0xf8, 0x48,
    0xa0, 0xf, 0xfe, 0x21, 0x80, 0x4, 0x3, 0xfc,
    0x40, 0x1, 0x0, 0xff, 0xe1, 0x88, 0x80, 0x4,
    0x1, 0xfe, 0xe0, 0x1, 0x0, 0x7f, 0xf0, 0xc8,
    0x2, 0xe0, 0xf, 0xf2, 0x80, 0x18, 0x3, 0xff,
    0x86, 0xa0, 0x12, 0x80, 0x7f, 0x11, 0x80, 0x34,
    0x3, 0xff, 0x87, 0xa0, 0x11, 0x0, 0x7f, 0x40,
    0x5, 0x6a, 0x1, 0xff, 0xc2, 0x40, 0x1, 0x88,
    0x1, 0xf7, 0x60, 0x4, 0x28, 0x4, 0x75, 0xac,
    0x0, 0xee, 0xa0, 0x3, 0x98, 0x2, 0x40, 0x8,
    0x48, 0xb5, 0xb8, 0x7, 0x8a, 0x7a, 0x0, 0x44,
    0x1, 0xeb, 0x0, 0xa8, 0x3, 0x96, 0xf5, 0x0,
    0x2a, 0xb4, 0x0, 0x85, 0xfa, 0x88, 0x3, 0x94,
    0x80, 0x6, 0x40, 0x2b, 0x5f, 0x48, 0x1, 0xe,
    0x2a, 0x5e, 0x28, 0x6, 0x5d, 0xb4, 0x0, 0xac,
    0x2, 0x90, 0x9e, 0xa5, 0x0, 0xe7, 0xe3, 0x0,
    0x8e, 0xb5, 0x80, 0x32, 0x5e, 0x0, 0x98, 0x0,
    0x94, 0x3c, 0x3, 0x8a, 0x3a, 0x0, 0x3e, 0x29,
    0xe7, 0x0, 0xc8, 0x3, 0xac, 0x12, 0x0, 0x61,
    0x1, 0x6c, 0xd7, 0x10, 0xf, 0xf0, 0xc7, 0x38,
    0x84, 0x80, 0x53, 0x88, 0x1, 0x56, 0x74, 0x98,
    0x7, 0xff, 0xc, 0x63, 0xb0, 0x40,

    /* U+8D85 "超" */
    0x0, 0xf8, 0x8a, 0x0, 0xff, 0xe9, 0x66, 0xe9,
    0x40, 0x3f, 0xfb, 0x5b, 0xdd, 0xff, 0xc2, 0x50,
    0xf, 0xfe, 0x29, 0x8, 0xff, 0xf0, 0x80, 0x31,
    0x19, 0xe0, 0x8, 0x8c, 0xe2, 0x0, 0xff, 0xe2,
    0x8, 0x5, 0x99, 0xc2, 0x0, 0x8c, 0xca, 0x43,
    0x76, 0xb0, 0xb, 0x77, 0x80, 0x3f, 0xf9, 0x24,
    0x58, 0x0, 0x64, 0x5c, 0x1, 0x38, 0x4, 0x60,
    0x1f, 0xfc, 0x4d, 0x0, 0x28, 0x6, 0x10, 0x8,
    0x40, 0x2d, 0xff, 0xc2, 0x0, 0xaf, 0xfa, 0xc0,
    0x22, 0x40, 0x6, 0x80, 0x62, 0x0, 0x8c, 0x3,
    0xff, 0x8f, 0x20, 0x2, 0x40, 0xc, 0xa0, 0x10,
    0x80, 0x7f, 0xf1, 0xa1, 0x0, 0x16, 0x28, 0x85,
    0x78, 0x0, 0x8, 0x7, 0xff, 0x1a, 0x1c, 0x0,
    0x6c, 0x57, 0x6a, 0x81, 0x0, 0x28, 0x4, 0xcd,
    0xe1, 0x0, 0x63, 0x36, 0x77, 0x0, 0x7, 0x40,
    0xc0, 0x3e, 0xf0, 0xa, 0x26, 0x78, 0x2, 0x69,
    0x9c, 0x8c, 0x3, 0x82, 0x0, 0x52, 0x28, 0xd6,
    0xd0, 0x3, 0xff, 0x8d, 0x2f, 0x84, 0x1, 0x56,
    0xed, 0x94, 0x80, 0x19, 0x9b, 0xe2, 0x0, 0x23,
    0x34, 0x21, 0x26, 0x23, 0xff, 0xc0, 0x0, 0xa2,
    0x67, 0xcc, 0x0, 0xd9, 0x98, 0x83, 0xbb, 0xff,
    0x84, 0x1, 0xcf, 0x10, 0x0, 0xff, 0xe9, 0x4b,
    0xb8, 0x3, 0xff, 0xc7, 0x9f, 0xfe, 0xb0, 0xf,
    0xc2, 0x1, 0xf5, 0x56, 0x10, 0xf, 0xfe, 0x81,
    0xaa, 0xc4, 0x1, 0xff, 0xc7, 0x10, 0x0, 0x80,
    0x7f, 0xf4, 0x4c, 0x0, 0x22, 0x0, 0xc6, 0xab,
    0x8, 0x6, 0x71, 0x1f, 0x80, 0x3e, 0x60, 0x9,
    0x80, 0x35, 0x56, 0x20, 0xd, 0x7d, 0xde, 0xa0,
    0xf, 0x88, 0x2, 0xa0, 0xf, 0xfe, 0x86, 0x0,
    0x44, 0xe0, 0x1f, 0xc2, 0x1, 0xff, 0xc0, 0x10,
    0xc, 0x80, 0x1a, 0x14, 0x3, 0xf7, 0x7f, 0xff,
    0xf0, 0x38, 0x2, 0x31, 0x0, 0x18, 0x0, 0x40,
    0x3f, 0xf9, 0xb4, 0x0, 0x3e, 0x10, 0xd, 0x72,
    0xca, 0x89, 0xff, 0xc6, 0x6, 0x0, 0x21, 0x68,
    0x80, 0x44, 0xd3, 0x57, 0x7f, 0xfc, 0x59, 0x30,
    0xa, 0xc0, 0xf1, 0x0, 0x3f, 0xf9, 0x68, 0x76,
    0x24, 0x60, 0x2, 0xbd, 0x85, 0x21, 0x0, 0xff,
    0xe3, 0x78, 0x27, 0xc0, 0x7, 0x13, 0xd6, 0xf7,
    0xff, 0xff, 0x19, 0x80,

    /* U+8DEF "路" */
    0x0, 0xff, 0xe3, 0x88, 0x7, 0xff, 0x57, 0x7f,
    0x18, 0x3, 0xff, 0x82, 0x48, 0x9f, 0xe0, 0xe,
    0x43, 0x3, 0x0, 0xff, 0xe1, 0x2d, 0xdf, 0xf8,
    0xc0, 0x34, 0x80, 0x5, 0x80, 0x3f, 0xfa, 0xe,
    0x40, 0x1, 0xee, 0xfe, 0x50, 0xf, 0xc2, 0x38,
    0x3, 0xc5, 0x0, 0x18, 0x47, 0xf8, 0xc0, 0x3e,
    0x7e, 0xec, 0x20, 0x1d, 0xe0, 0x1f, 0xfd, 0x4a,
    0x20, 0x2, 0xee, 0xfc, 0xe0, 0x12, 0x0, 0x7f,
    0xf1, 0x1d, 0x40, 0x25, 0x2, 0x2e, 0x7, 0x0,
    0x31, 0x0, 0x7f, 0xf0, 0xea, 0x0, 0x3b, 0x80,
    0x3b, 0xc0, 0x3, 0x0, 0x1f, 0xfc, 0x41, 0x0,
    0xc, 0x80, 0xe, 0x80, 0x3, 0x84, 0x0, 0xa1,
    0x0, 0xfc, 0xfd, 0xd8, 0x40, 0x16, 0xc1, 0xac,
    0xe0, 0x5, 0xa1, 0xc3, 0x0, 0x42, 0x0, 0x7f,
    0x84, 0x70, 0x6, 0x9d, 0x30, 0x84, 0x0, 0x2f,
    0x10, 0x1, 0x9c, 0x3, 0xff, 0x90, 0x40, 0x15,
    0x98, 0x7, 0x34, 0x80, 0x7e, 0x5b, 0xbc, 0x1,
    0x4d, 0xd8, 0xc0, 0x39, 0x88, 0x3, 0x88, 0xc0,
    0x3f, 0x12, 0x26, 0x10, 0x2, 0x24, 0x1, 0x9b,
    0xa4, 0x40, 0x39, 0x33, 0xa, 0x1, 0xff, 0xc6,
    0x39, 0xf9, 0x10, 0x9, 0x64, 0x40, 0x23, 0xae,
    0xa5, 0x0, 0xb7, 0xfc, 0x20, 0x1f, 0x2e, 0x30,
    0x6, 0x2b, 0xa6, 0xf7, 0x0, 0xc2, 0xb6, 0x1,
    0xff, 0xc2, 0x40, 0xc, 0x55, 0xa8, 0x0, 0x18,
    0xe7, 0x10, 0x9, 0x80, 0x3f, 0xef, 0xcc, 0x4a,
    0x82, 0x5e, 0xa8, 0x7, 0x86, 0x3a, 0x94, 0x28,
    0x3, 0xfe, 0x23, 0x31, 0x46, 0xc3, 0x99, 0xff,
    0xcd, 0x1e, 0x40, 0x1f, 0xfc, 0x32, 0x1c, 0xcf,
    0xfe, 0x18, 0x7, 0xff, 0x5, 0xe2, 0x1c, 0x1,
    0xff, 0xd2, 0xa7, 0x72, 0x0, 0x7f, 0xf6, 0xf3,
    0xff, 0xe9, 0x0, 0xff, 0xff, 0x80, 0x7f, 0x9,
    0x2b, 0x80, 0x7f, 0xf3, 0x55, 0x84, 0x1, 0x9b,
    0x52, 0x1, 0xff, 0xc8, 0x19, 0x20, 0x5, 0xc8,
    0x7, 0xff, 0x3, 0x7b, 0xbe, 0x90, 0xf, 0x98,
    0x3, 0xff, 0x8a, 0x23, 0xf8, 0x3, 0xe1, 0x0,
    0xf0, 0xa3, 0x4d, 0xef, 0x0, 0x7f, 0xf2, 0x51,
    0x5e, 0xb3, 0xfa, 0xe5, 0x90, 0x80, 0x3d, 0x7d,
    0xdf, 0x40, 0x7, 0xd7, 0x50, 0xa6, 0x1, 0xff,
    0xc1, 0x71, 0x1f, 0xc0, 0x1e,

    /* U+8DF3 "跳" */
    0x0, 0xff, 0xe3, 0x88, 0x80, 0x23, 0x31, 0x0,
    0x7f, 0xf3, 0x7f, 0xb8, 0x20, 0x79, 0x90, 0x7,
    0xf3, 0xff, 0xff, 0x38, 0x7, 0xff, 0xfc, 0x3,
    0xfc, 0x20, 0x1f, 0xa7, 0xfe, 0x90, 0x9, 0x6c,
    0xc0, 0x3f, 0xf8, 0x27, 0xd0, 0x20, 0x1f, 0xfc,
    0x1e, 0xa4, 0x90, 0xf, 0xfe, 0xc, 0x83, 0xb0,
    0x7, 0xff, 0x7, 0x90, 0x14, 0x40, 0x3f, 0xe2,
    0x50, 0x17, 0x0, 0xff, 0xe1, 0x78, 0x2, 0x40,
    0x3f, 0xeb, 0x0, 0x48, 0x7, 0xff, 0xd, 0x8,
    0x18, 0x3, 0xfc, 0x4c, 0x2, 0xe0, 0x1f, 0x46,
    0xed, 0x0, 0x1a, 0x80, 0x58, 0x3, 0xfa, 0xc0,
    0x12, 0x1, 0xf8, 0x48, 0xa1, 0x0, 0xcc, 0x0,
    0xa0, 0xf, 0xc2, 0xc0, 0x2e, 0x1, 0xff, 0xc5,
    0x15, 0x3, 0x0, 0xff, 0xa4, 0x3, 0xcb, 0x77,
    0x80, 0x2b, 0xb2, 0x80, 0x39, 0xb4, 0x3, 0xf0,
    0xe2, 0x38, 0x7, 0x89, 0x13, 0x0, 0x48, 0x82,
    0x0, 0x24, 0x90, 0x7, 0xf1, 0xd8, 0x7, 0xc8,
    0xaa, 0x0, 0xff, 0xe4, 0x8a, 0x80, 0x7e, 0xaa,
    0x80, 0x3f, 0xf8, 0x10, 0x1, 0xfd, 0x52, 0x1,
    0xff, 0xc3, 0x33, 0x10, 0x0, 0x71, 0xc0, 0x3f,
    0xcd, 0x62, 0x1, 0xff, 0xc1, 0xcc, 0x81, 0x3c,
    0xc0, 0x3f, 0xf8, 0x9, 0xe4, 0x1, 0xff, 0xc3,
    0x9b, 0x10, 0xe, 0x10, 0xc, 0x2c, 0x0, 0x1d,
    0x40, 0xf, 0xfe, 0x8, 0xb0, 0x5, 0x0, 0x1f,
    0xd3, 0x20, 0xb, 0x80, 0x3f, 0xef, 0xf5, 0x0,
    0xf, 0x4c, 0x0, 0x40, 0x1f, 0x36, 0x8, 0x40,
    0x7, 0xff, 0x5, 0x49, 0xb0, 0x8c, 0x0, 0xc0,
    0x1f, 0x8f, 0xe4, 0x80, 0x3f, 0xf8, 0x59, 0x20,
    0xc, 0x0, 0x10, 0x7, 0xf0, 0xb0, 0x7, 0xff,
    0xc, 0x40, 0x24, 0x0, 0x60, 0x7, 0xf2, 0x42,
    0x0, 0x7f, 0xf1, 0x58, 0x2, 0x50, 0xf, 0xe3,
    0x7b, 0x0, 0xff, 0xe0, 0x12, 0x80, 0x56, 0x0,
    0x40, 0xf, 0xf7, 0x80, 0x7e, 0x13, 0x0, 0xbf,
    0x68, 0x1, 0x4, 0x0, 0xf0, 0xf, 0xfe, 0x1a,
    0x80, 0x5d, 0x80, 0x1f, 0x2b, 0x80, 0xd, 0x0,
    0x3c, 0x20, 0x11, 0x0, 0x80, 0x28, 0x40, 0x3f,
    0xcb, 0x40, 0x17, 0x80, 0x61, 0x0, 0x9d, 0x9d,
    0x40, 0xc0, 0x2, 0x1, 0xc4, 0xb1, 0x7b, 0x14,
    0x1, 0x49, 0x80, 0x62, 0x0, 0xa2, 0x60, 0x0,
    0xc0, 0x5, 0x46, 0x9c, 0xfd, 0xa7, 0x43, 0x90,
    0x9, 0xd8, 0x3, 0xca, 0x1, 0xf7, 0x0, 0x2e,
    0xd2, 0xc6, 0x1, 0xc3, 0xa0, 0x6, 0x80, 0xf,
    0xaa, 0x10, 0x88, 0x69, 0x2a, 0x1, 0xff, 0xc1,
    0x3c, 0x79, 0x0, 0xfe, 0x7b, 0xdd, 0x65, 0xb0,
    0x0,

    /* U+8FC7 "过" */
    0x0, 0xff, 0xe6, 0x1d, 0x54, 0x40, 0x1f, 0xcd,
    0xa2, 0x1, 0xff, 0xc5, 0x65, 0x58, 0x40, 0x3f,
    0x4c, 0x8b, 0x40, 0x3f, 0xfa, 0x4a, 0x0, 0x39,
    0x0, 0xff, 0xe8, 0xe8, 0x80, 0x19, 0x40, 0x3f,
    0xfa, 0x3, 0x40, 0x15, 0x18, 0x7, 0xff, 0x41,
    0x1c, 0x2, 0xd1, 0x17, 0x77, 0xff, 0x2, 0x80,
    0x2c, 0xee, 0xb4, 0x3, 0xd0, 0x60, 0x1, 0x70,
    0x11, 0xff, 0xe0, 0x0, 0x70, 0x8c, 0x60, 0x1f,
    0x68, 0x85, 0x30, 0x7, 0xff, 0x44, 0x6b, 0x14,
    0x6, 0x23, 0xff, 0x80, 0xa0, 0x13, 0x44, 0x60,
    0xf, 0xc8, 0x60, 0x13, 0xbf, 0xff, 0x3, 0xc0,
    0x2a, 0x77, 0x98, 0x3, 0xff, 0x86, 0x96, 0x1,
    0xff, 0xc7, 0x79, 0x9f, 0x40, 0x6, 0x8b, 0x48,
    0x0, 0xff, 0xe3, 0x53, 0x37, 0xc0, 0x19, 0x40,
    0xe, 0xa0, 0x1f, 0xfd, 0x1f, 0x0, 0xa8, 0x80,
    0x3f, 0xfa, 0x5, 0x20, 0x17, 0x80, 0x7f, 0xf1,
    0x37, 0xfe, 0x50, 0xf, 0xcc, 0xa0, 0x2, 0x90,
    0xf, 0xfe, 0x8d, 0x88, 0x1, 0x94, 0x3, 0xff,
    0xa0, 0x34, 0x1, 0x68, 0x7, 0xff, 0x45, 0x18,
    0x2a, 0x0, 0x3f, 0xfa, 0x51, 0xaa, 0x1, 0xff,
    0xd3, 0x12, 0x0, 0xff, 0xed, 0xe8, 0x7, 0xff,
    0x39, 0xa2, 0x3a, 0x9c, 0x2, 0x10, 0xf, 0xfe,
    0x56, 0xbb, 0xf2, 0x80, 0x42, 0x40, 0x1f, 0xc4,
    0x80, 0x1, 0x20, 0xf, 0xb0, 0x3, 0xfa, 0x40,
    0x3f, 0x8f, 0x4, 0x2, 0xf1, 0x0, 0xf1, 0x80,
    0x78, 0x52, 0x9c, 0x3, 0xf2, 0xe0, 0x80, 0x62,
    0xc2, 0x0, 0xe4, 0xff, 0xf7, 0x5a, 0x80, 0x7e,
    0x7a, 0x0, 0x91, 0x0, 0x2, 0xdb, 0x63, 0x10,
    0xf, 0xfe, 0x3c, 0x0, 0x49, 0x76, 0x30, 0x9,
    0x27, 0x3b, 0xff, 0xff, 0x8a, 0x60, 0xa0, 0x4,
    0xb0, 0x6, 0x28, 0x7, 0xff, 0x2c, 0xc3, 0xc1,
    0x2c, 0x3, 0x56, 0x28, 0x7, 0xff, 0x20, 0x80,
    0xa, 0xab, 0x0, 0xf1, 0xd7, 0xed, 0xcc, 0xd1,
    0x1f, 0xfc, 0x29, 0x0, 0xa8, 0x3, 0xfc, 0x48,
    0xcd, 0x3b, 0xff, 0xf0, 0x90, 0x0,

    /* U+8FDB "进" */
    0x0, 0xd2, 0x40, 0x1f, 0xdb, 0xfe, 0x80, 0xe,
    0x8f, 0xf7, 0x0, 0x7e, 0x1c, 0x6f, 0x10, 0xf,
    0xfe, 0x8c, 0x18, 0x15, 0x0, 0x7f, 0xf4, 0x64,
    0x80, 0x9, 0x0, 0x1f, 0xfd, 0x1f, 0x0, 0x9d,
    0x40, 0x3f, 0xfa, 0x5, 0x40, 0x15, 0x10, 0x2d,
    0xdc, 0x40, 0x6, 0xbb, 0xe6, 0x0, 0xd, 0xdd,
    0x20, 0x1e, 0x57, 0x0, 0xbc, 0x35, 0x12, 0x0,
    0x85, 0x13, 0x84, 0x2, 0x44, 0xc0, 0x1f, 0x41,
    0x80, 0xf0, 0x7, 0xff, 0x4b, 0x8f, 0xc, 0x35,
    0x56, 0x0, 0x89, 0x57, 0x88, 0x2, 0x55, 0xc0,
    0x1f, 0x8b, 0x8, 0x0, 0xb5, 0x51, 0x0, 0x16,
    0xab, 0x94, 0x0, 0x35, 0x54, 0x0, 0x7f, 0xf6,
    0x55, 0x9b, 0xc6, 0x1, 0xff, 0xce, 0x89, 0x9f,
    0x58, 0x7, 0xff, 0xfc, 0x0, 0x20, 0x1c, 0x20,
    0x1f, 0xef, 0xdd, 0x60, 0x7, 0x57, 0xfe, 0x20,
    0x3, 0x7f, 0xf3, 0x0, 0x7, 0xff, 0x70, 0x0,
    0x8b, 0x0, 0x7f, 0xff, 0x66, 0xab, 0x0, 0x4d,
    0x55, 0xc8, 0x0, 0x1a, 0xae, 0x0, 0xff, 0x8d,
    0x56, 0x60, 0xb, 0x55, 0x78, 0xc0, 0x25, 0x5c,
    0x80, 0x1f, 0xfc, 0x35, 0x0, 0x94, 0x3, 0xff,
    0xa3, 0x40, 0x1, 0x10, 0x7, 0xff, 0x41, 0xc,
    0x0, 0x80, 0x1f, 0xfd, 0x1, 0xa0, 0xa, 0x40,
    0x3f, 0xf9, 0x8, 0x1, 0x10, 0x5, 0x42, 0x0,
    0x43, 0x0, 0xff, 0xe3, 0xa5, 0x0, 0x4a, 0xc0,
    0x68, 0x1, 0x48, 0x7, 0xff, 0x1c, 0xec, 0x3,
    0xa5, 0x4f, 0x8, 0x28, 0x80, 0x3e, 0xe4, 0x43,
    0x80, 0x7c, 0x5a, 0x1, 0x8, 0x5, 0x54, 0x1d,
    0xa5, 0x0, 0xfc, 0xd7, 0x69, 0x0, 0xf0, 0xf8,
    0x80, 0x5b, 0x20, 0x12, 0xee, 0xba, 0x62, 0x3f,
    0xf8, 0xa2, 0x20, 0xd, 0x66, 0xd0, 0x1, 0x89,
    0x19, 0xdf, 0xff, 0x88, 0xc2, 0x10, 0x0, 0xa4,
    0x0, 0x3d, 0x90, 0x7, 0xff, 0x25, 0x40, 0xa,
    0x70, 0xa0, 0x19, 0x36, 0x98, 0xc4, 0x3, 0xff,
    0x8b, 0x80, 0x16, 0xb8, 0x7, 0xcb, 0x39, 0xdf,
    0xff, 0xfc, 0x57, 0x0,

    /* U+8FDE "连" */
    0x0, 0xe1, 0x0, 0xff, 0x87, 0xb2, 0x90, 0x3,
    0xff, 0x86, 0x7b, 0xa0, 0xf, 0xf9, 0x84, 0xd4,
    0x3, 0xff, 0x86, 0xb8, 0x47, 0x0, 0x1f, 0xea,
    0x0, 0xa, 0x0, 0x7f, 0xf0, 0x90, 0x40, 0xe,
    0x80, 0x1f, 0x8c, 0x80, 0x12, 0x1, 0xff, 0xc3,
    0x1b, 0x0, 0xa8, 0x40, 0xff, 0xfb, 0x0, 0x28,
    0xff, 0xff, 0x98, 0x3, 0x2a, 0x80, 0x3, 0x60,
    0x1f, 0xfd, 0x1b, 0x10, 0x2, 0xa0, 0x7, 0xff,
    0x40, 0x6c, 0x0, 0x2e, 0x55, 0x58, 0x2, 0x2a,
    0xaf, 0xfe, 0xa, 0x0, 0x79, 0x50, 0xfc, 0xc5,
    0x56, 0x20, 0xa, 0x15, 0x7f, 0xf8, 0x24, 0x1,
    0xf5, 0x60, 0x80, 0x74, 0x80, 0x5, 0x41, 0x73,
    0x21, 0x0, 0xff, 0xe1, 0x88, 0x7, 0x98, 0x40,
    0x12, 0x0, 0x23, 0x3c, 0x1, 0xff, 0xca, 0x80,
    0x0, 0xb8, 0x7, 0xff, 0x15, 0xe6, 0x7c, 0x80,
    0x13, 0x88, 0x2, 0x0, 0x3f, 0xf8, 0xd6, 0xcd,
    0xe3, 0x0, 0xc, 0x0, 0x65, 0x5b, 0x40, 0x25,
    0x5f, 0x88, 0x3, 0xff, 0x82, 0x60, 0x1a, 0x6a,
    0xa5, 0x0, 0xa2, 0xab, 0xce, 0x1, 0x38, 0x8c,
    0x1, 0xff, 0xd2, 0xbe, 0xe7, 0x80, 0x7c, 0x45,
    0xf8, 0x40, 0x22, 0x2f, 0x84, 0x3, 0xff, 0x82,
    0x5b, 0xbf, 0xa4, 0x2, 0xfd, 0xdf, 0x20, 0x7,
    0xff, 0xfc, 0x3, 0x84, 0x7f, 0xc0, 0x18, 0x47,
    0xf8, 0x3, 0xfe, 0xfe, 0xef, 0xe8, 0x0, 0xb3,
    0xbb, 0xea, 0x0, 0xff, 0xff, 0x80, 0x6f, 0xdd,
    0xfe, 0x70, 0xb, 0x37, 0x7e, 0xa0, 0xe, 0x20,
    0xb, 0xc0, 0x48, 0xbf, 0xbc, 0x2, 0x12, 0x2f,
    0x84, 0x3, 0x16, 0x80, 0x4e, 0x40, 0x1f, 0xfc,
    0xe1, 0xc1, 0x0, 0xd8, 0x60, 0x1f, 0xfc, 0xc1,
    0xc1, 0x0, 0xe1, 0xc8, 0x20, 0xf, 0x9f, 0xfe,
    0x20, 0xf, 0xf6, 0x10, 0x5, 0x22, 0x1, 0x3e,
    0xea, 0xa1, 0xdf, 0xff, 0x8a, 0x0, 0x70, 0xa,
    0x9b, 0x4, 0x3, 0x12, 0xbc, 0x47, 0xff, 0x12,
    0x40, 0x1c, 0x0, 0x95, 0x2, 0xf6, 0x0, 0xff,
    0xe5, 0x28, 0x1, 0x9, 0xd8, 0x2, 0x19, 0xe9,
    0x53, 0x10, 0xf, 0xfe, 0x2e, 0x0, 0x5f, 0x0,
    0x1e, 0x16, 0xac, 0xef, 0xff, 0xfe, 0x2b, 0x80,

    /* U+9009 "选" */
    0x0, 0xff, 0xe4, 0x33, 0x44, 0x1, 0xff, 0xc1,
    0x60, 0xf, 0xe2, 0x0, 0xe9, 0x99, 0xc0, 0x3f,
    0xf8, 0x17, 0x2e, 0x1, 0xf2, 0x6f, 0xe0, 0x80,
    0x7f, 0xf1, 0x6d, 0x2, 0x14, 0x3, 0xd8, 0x0,
    0x11, 0x0, 0x7f, 0xf1, 0x7c, 0x2, 0xa3, 0x0,
    0xe5, 0x0, 0x20, 0x7, 0xff, 0x19, 0x20, 0x2,
    0xd1, 0x0, 0x88, 0x80, 0x1, 0x44, 0x28, 0x5,
    0xa8, 0x9f, 0x0, 0x73, 0xa0, 0x0, 0x68, 0x2,
    0xa0, 0x9, 0xee, 0xd4, 0x1, 0x3d, 0xdf, 0xc6,
    0x1, 0xd6, 0x40, 0x4, 0x70, 0x3, 0x0, 0x7f,
    0xf3, 0x7c, 0x0, 0x6e, 0xa, 0x20, 0x1f, 0xfc,
    0xd2, 0x95, 0xc0, 0x4, 0x80, 0xb, 0xff, 0x80,
    0x2a, 0xff, 0xf8, 0xc0, 0x3e, 0x6a, 0x0, 0x21,
    0x80, 0x2c, 0x3, 0xff, 0xa2, 0x40, 0x2c, 0x1,
    0xff, 0xc7, 0x44, 0xf8, 0x41, 0x36, 0xec, 0x1,
    0xff, 0xc8, 0x9b, 0xbf, 0x28, 0x22, 0x0, 0x51,
    0x3c, 0x1, 0x6a, 0x27, 0xe1, 0x0, 0xff, 0x55,
    0xdf, 0xf0, 0x4, 0xf7, 0x7f, 0x9c, 0x3, 0xff,
    0xad, 0xf9, 0x89, 0x0, 0xe3, 0x11, 0xc0, 0x18,
    0x46, 0x0, 0xc2, 0x3e, 0x0, 0x11, 0x99, 0x40,
    0x3b, 0x7b, 0xb4, 0x80, 0x5d, 0xd1, 0x80, 0x1f,
    0xbb, 0xcc, 0x1, 0xff, 0xc3, 0x10, 0x0, 0x80,
    0x7f, 0xf4, 0x78, 0x0, 0x40, 0x1f, 0xe5, 0xa7,
    0x20, 0xf, 0xfe, 0x1a, 0x0, 0x14, 0x3, 0xfc,
    0x4b, 0xa, 0x1, 0xff, 0xc2, 0x42, 0x0, 0x60,
    0x7, 0xff, 0x4, 0x40, 0x3f, 0xf8, 0x23, 0x40,
    0x1, 0x50, 0xf, 0x8, 0x5, 0xe0, 0x1f, 0xfc,
    0x32, 0xc1, 0x0, 0x50, 0x7, 0xca, 0x20, 0x28,
    0x1, 0xff, 0xc2, 0x7d, 0x20, 0x3, 0x20, 0x6,
    0x60, 0x1, 0xf7, 0xf1, 0x80, 0x8, 0x3, 0x50,
    0x5, 0xc0, 0x90, 0x1, 0x34, 0x80, 0x77, 0x80,
    0x7e, 0x14, 0x0, 0xa1, 0x80, 0x25, 0x84, 0x80,
    0x4, 0x48, 0x7, 0x96, 0x4, 0x3, 0xa, 0x68,
    0x5, 0xe, 0x1, 0xcf, 0x2c, 0xf8, 0xe0, 0x1f,
    0x9f, 0xbf, 0xf7, 0x59, 0x80, 0x1d, 0xc0, 0x13,
    0x0, 0x4d, 0xe0, 0xe2, 0x1, 0xff, 0xc7, 0x80,
    0xa, 0x26, 0x40, 0x10, 0xbd, 0xf7, 0xff, 0xff,
    0x17, 0x41, 0x40, 0xc, 0xe0, 0xd6, 0x20, 0x1f,
    0xfc, 0xa6, 0xe, 0x4, 0x90, 0x9, 0x3d, 0xc8,
    0x3, 0xff, 0x90, 0x60, 0x87, 0x40, 0x1c, 0x31,
    0xbd, 0x97, 0x55, 0xff, 0xc6, 0x0, 0x60, 0x80,
    0x7e, 0x13, 0x45, 0x5f, 0xfe, 0x29, 0x0,

    /* U+900F "透" */
    0x0, 0xff, 0xec, 0x96, 0x28, 0x7, 0xff, 0x10,
    0x4d, 0x19, 0xe6, 0xf5, 0x40, 0x39, 0xf4, 0xec,
    0x40, 0x33, 0x44, 0xd5, 0x2f, 0x37, 0xbf, 0xdd,
    0x97, 0x30, 0xc8, 0x44, 0x0, 0xef, 0x0, 0xc,
    0x0, 0x6b, 0x76, 0x55, 0x21, 0x90, 0x80, 0x7f,
    0xb8, 0x3, 0xa0, 0x80, 0xc, 0x60, 0x10, 0x80,
    0x7f, 0x89, 0x5a, 0x26, 0xf7, 0xe4, 0x3, 0xd2,
    0x1, 0x78, 0x5, 0x15, 0x4b, 0xcc, 0x6f, 0x18,
    0x2, 0xa9, 0x2e, 0xc8, 0x40, 0x1f, 0x91, 0x40,
    0x6, 0xc0, 0x4, 0x55, 0x21, 0x98, 0x84, 0x3,
    0xff, 0x8f, 0x60, 0x14, 0xc, 0x4c, 0xfe, 0x20,
    0x5, 0xcc, 0xff, 0x10, 0x7, 0xc, 0x0, 0xd8,
    0xb3, 0x7f, 0x8, 0x0, 0xd9, 0xbf, 0xc0, 0x1e,
    0x76, 0xf5, 0x0, 0xff, 0xe9, 0xc8, 0x80, 0x3b,
    0xff, 0x69, 0x0, 0x7e, 0x2d, 0xff, 0xe4, 0x0,
    0xff, 0xe1, 0xb6, 0x10, 0x21, 0x0, 0x10, 0x0,
    0x5a, 0xc0, 0x1f, 0x2b, 0xbf, 0x30, 0x6, 0x4c,
    0x91, 0x4, 0xb1, 0x0, 0x66, 0x4, 0x1, 0x38,
    0xa0, 0x1d, 0x31, 0x1e, 0x0, 0x36, 0xd9, 0x80,
    0x1e, 0xc0, 0x38, 0xfd, 0x0, 0x7, 0x5a, 0xe2,
    0x1, 0xfc, 0xbf, 0x24, 0x0, 0x1b, 0x80, 0xf,
    0x86, 0xe4, 0x40, 0x5, 0x1e, 0x1, 0xfc, 0x80,
    0x19, 0xf9, 0x0, 0x2f, 0xbb, 0x28, 0x4, 0xdc,
    0xe0, 0x13, 0x80, 0x3b, 0x31, 0x0, 0x10, 0xb0,
    0x3c, 0xbf, 0xff, 0x65, 0xdb, 0x7f, 0xf0, 0xc7,
    0x40, 0xd8, 0x0, 0x8c, 0xc4, 0x1, 0xa3, 0xe0,
    0xc0, 0x3f, 0xf8, 0x22, 0x20, 0x17, 0xe2, 0x0,
    0xff, 0x8, 0x0, 0x48, 0x82, 0x1, 0x11, 0x70,
    0x0, 0x80, 0x3f, 0xf8, 0xe9, 0xba, 0x80, 0x1,
    0xee, 0xe8, 0x0, 0x30, 0x7, 0xff, 0x2b, 0x0,
    0xc, 0x1, 0xb0, 0x0, 0xbf, 0xf8, 0xc0, 0x3f,
    0xf8, 0xaa, 0x0, 0xc0, 0xc, 0xa0, 0x1f, 0x10,
    0x7, 0xff, 0x12, 0x40, 0x27, 0x0, 0xc8, 0xcd,
    0x80, 0x2, 0x20, 0xf, 0xfe, 0x1b, 0xb0, 0x1,
    0xc4, 0x3, 0x44, 0xcd, 0x40, 0x2, 0x0, 0xff,
    0xe1, 0xd, 0xc0, 0x0, 0xa0, 0x3, 0xfa, 0x80,
    0xa, 0x1, 0xff, 0xc1, 0x8e, 0x40, 0x0, 0xe0,
    0x4, 0xb9, 0x9d, 0xcc, 0x0, 0xc0, 0xf, 0xd,
    0x80, 0x5, 0x80, 0x40, 0x23, 0xf1, 0x0, 0x98,
    0xcf, 0x84, 0x0, 0x6a, 0x1, 0xc3, 0x82, 0x1,
    0x4a, 0x49, 0x84, 0x60, 0x80, 0x63, 0x0, 0xf1,
    0x3e, 0x80, 0x70, 0xe1, 0x0, 0x75, 0xbf, 0x71,
    0xc0, 0x3e, 0xff, 0xf6, 0xc0, 0x80, 0x76, 0x10,
    0x4, 0xc0, 0x14, 0x65, 0xba, 0xaf, 0xff, 0x19,
    0x0, 0x3d, 0x73, 0x0, 0x10, 0xac, 0x55, 0x7f,
    0xf1, 0xa4, 0x1, 0x60, 0x9, 0x40, 0x7b, 0x20,
    0xf, 0xfe, 0x53, 0x80, 0x18, 0x21, 0x80, 0x24,
    0xdb, 0x63, 0x10, 0xf, 0xfe, 0x36, 0x0, 0x58,
    0xe0, 0x1e, 0x49, 0xce, 0xff, 0xff, 0xe3, 0x30,
    0x0,

    /* U+9192 "醒" */
    0x0, 0xff, 0xeb, 0x7f, 0xff, 0xf0, 0xb8, 0x2f,
    0xff, 0xff, 0x83, 0x60, 0x1f, 0xfc, 0x41, 0x0,
    0xff, 0xec, 0xa2, 0xaf, 0xc8, 0x1, 0xdd, 0xd8,
    0xc0, 0xb8, 0xc0, 0xfb, 0xb0, 0x6, 0x8a, 0xaf,
    0xbc, 0x3, 0x84, 0x70, 0x4, 0x20, 0x10, 0x8e,
    0x0, 0xff, 0xec, 0xe7, 0xff, 0xd6, 0x1, 0xff,
    0xda, 0x4f, 0xf8, 0xc0, 0xbc, 0xc0, 0xff, 0xe2,
    0x0, 0xcf, 0x33, 0xf3, 0x0, 0x7f, 0xf3, 0x2d,
    0x9b, 0xed, 0x0, 0xff, 0xe6, 0x38, 0x7, 0xff,
    0x12, 0xe8, 0xb, 0x8c, 0x2e, 0x80, 0x3e, 0xbf,
    0xff, 0xac, 0x3, 0xf3, 0x88, 0x0, 0x40, 0xe,
    0x20, 0x1f, 0xfc, 0xd1, 0x0, 0xff, 0xb1, 0x57,
    0xff, 0x83, 0x80, 0x1e, 0x30, 0x10, 0xf, 0xe7,
    0x3c, 0xba, 0xa7, 0xe6, 0x2e, 0xab, 0x38, 0x7,
    0xbc, 0x18, 0x3, 0xf8, 0x5a, 0x6c, 0x1, 0x13,
    0x22, 0x0, 0xff, 0x90, 0x34, 0x2, 0x70, 0xe,
    0x60, 0x7, 0x80, 0x73, 0x80, 0x7f, 0xac, 0x81,
    0x1, 0xc2, 0xa0, 0x3, 0x50, 0x2, 0xbf, 0xc4,
    0x0, 0xbf, 0xfe, 0x30, 0xc, 0xe0, 0x66, 0x3,
    0x1, 0x30, 0x9, 0x8, 0x3, 0xff, 0x93, 0xe0,
    0x8, 0x75, 0x20, 0xb, 0xc0, 0x3f, 0xf8, 0x62,
    0x1, 0x96, 0xc, 0x2, 0x8a, 0x50, 0x2, 0x20,
    0x17, 0xff, 0x10, 0x3, 0x3f, 0xf8, 0x80, 0x31,
    0xa1, 0x9f, 0x88, 0x1, 0xa0, 0xb, 0x0, 0xff,
    0xe3, 0x36, 0x67, 0xca, 0x0, 0x99, 0x26, 0x6e,
    0xe2, 0x0, 0x6e, 0xf6, 0x0, 0x7f, 0xf1, 0x5b,
    0x88, 0xb8, 0x2, 0x12, 0x2e, 0x0, 0xe4, 0x88,
    0xf9, 0x0, 0x3f, 0xf9, 0x98, 0xef, 0xf1, 0x80,
    0x65, 0xee, 0xe2, 0x0, 0x5f, 0x76, 0xf0, 0xf,
    0xfe, 0x38, 0x8f, 0x0, 0x4e, 0x23, 0xc0, 0x1d,
    0xaa, 0xbf, 0x18, 0x7, 0xff, 0x31, 0x6a, 0xbe,
    0x40, 0xb, 0x3f, 0xfc, 0x40, 0xc, 0xff, 0xee,
    0x0, 0xff, 0xe2, 0x8, 0x7, 0xff, 0xc, 0x40,
    0x32, 0x3b, 0xff, 0x8c, 0x3, 0xff, 0x93, 0x91,
    0x1f, 0xe1, 0xce, 0xef, 0xfe, 0x20,

    /* U+91CA "释" */
    0x0, 0xfe, 0x35, 0x8a, 0x30, 0xf, 0xfe, 0x4a,
    0x33, 0xc5, 0x67, 0x7e, 0x53, 0xaa, 0x81, 0xff,
    0xff, 0xf8, 0x68, 0x1, 0x5c, 0xc3, 0xa9, 0x88,
    0x7, 0x70, 0x78, 0x7, 0xff, 0x1c, 0x80, 0x3f,
    0x8d, 0x74, 0x3, 0xff, 0x92, 0x22, 0x24, 0x60,
    0xb, 0x7f, 0x29, 0x42, 0xc0, 0x27, 0xee, 0xf6,
    0x90, 0x4, 0xa0, 0x16, 0x6f, 0xdc, 0x80, 0x46,
    0x5, 0x46, 0x6, 0xe0, 0x7, 0x21, 0x1e, 0xa2,
    0x0, 0x40, 0x80, 0x55, 0x96, 0x1, 0xf2, 0xab,
    0xc, 0x20, 0xc0, 0x1a, 0x40, 0x13, 0x38, 0x1,
    0x1c, 0x3, 0x68, 0x30, 0x7, 0xd2, 0x6, 0x60,
    0x6, 0x88, 0xe, 0x18, 0x3c, 0x80, 0xa, 0x80,
    0x39, 0x80, 0xc, 0x1, 0xc8, 0x21, 0x20, 0x10,
    0xe8, 0x0, 0x73, 0x10, 0x0, 0x1f, 0x10, 0xe,
    0x15, 0xa, 0x0, 0xef, 0x1, 0x50, 0xc, 0x78,
    0x20, 0x3, 0x0, 0x1f, 0x90, 0x7, 0xd2, 0x6,
    0x60, 0x9, 0x50, 0x24, 0x3, 0x85, 0x0, 0x3e,
    0x40, 0xf, 0xc6, 0x65, 0x10, 0x9, 0xd8, 0x5c,
    0x2, 0x4a, 0xe8, 0x10, 0xe, 0x3a, 0xe9, 0x40,
    0xf, 0x65, 0x10, 0x4, 0x53, 0xc0, 0x57, 0xf6,
    0xa0, 0x11, 0x4e, 0xa8, 0x4, 0x2d, 0x7f, 0x60,
    0xc, 0xee, 0xc0, 0x17, 0xf7, 0x42, 0xc0, 0x18,
    0xeb, 0x58, 0xab, 0x9c, 0x80, 0x31, 0x0, 0x4,
    0x78, 0x2, 0x11, 0xc1, 0x0, 0x2d, 0xb8, 0xad,
    0xdc, 0xd1, 0x8d, 0xc7, 0x20, 0xd0, 0xf, 0xfe,
    0x1a, 0xdf, 0x49, 0x0, 0x42, 0x22, 0x0, 0x8e,
    0x37, 0x48, 0x0, 0xeb, 0xb8, 0x40, 0x2a, 0xbb,
    0x8c, 0x10, 0x3, 0xff, 0x86, 0x40, 0x11, 0xa2,
    0x0, 0x40, 0x24, 0x4c, 0x0, 0x22, 0xf7, 0x0,
    0x44, 0x5f, 0x0, 0x7b, 0xc0, 0x32, 0x80, 0x64,
    0xdd, 0xf3, 0x80, 0x5b, 0xbe, 0xc0, 0xe, 0x34,
    0x0, 0xd7, 0x22, 0x1, 0xff, 0xcd, 0x80, 0xf,
    0x37, 0xa8, 0x38, 0x7, 0xff, 0x10, 0xc0, 0x32,
    0x20, 0x3, 0xe1, 0xa8, 0x3f, 0xff, 0x48, 0x5,
    0xff, 0xed, 0x0, 0xd2, 0x0, 0x80, 0xa, 0x88,
    0x1, 0x80, 0x1f, 0xfc, 0x99, 0x20, 0x27, 0x0,
    0x93, 0x58, 0x90, 0x3, 0xff, 0x90, 0x6c, 0x0,
    0x90, 0xf, 0x4e, 0x57, 0xff, 0xd2, 0x1, 0x7f,
    0xfe, 0x3, 0x0, 0x32, 0x0, 0x7c, 0x22, 0x0,
    0xff, 0xe4, 0xa1, 0x48, 0x7, 0xff, 0x4f, 0x7c,
    0x3, 0xfd, 0x5b, 0xbf, 0x38, 0x5, 0xbb, 0xf8,
    0x0, 0xc4, 0x1, 0xfe, 0x12, 0x2f, 0xb8, 0x2,
    0x22, 0xfc, 0x1, 0xff, 0xff, 0x0, 0xff, 0xeb,
    0x7f, 0xc2, 0x1, 0xff, 0x37, 0x74, 0x1, 0xfc,

    /* U+91CC "里" */
    0x0, 0xff, 0xeb, 0xf, 0xff, 0xff, 0x38, 0x40,
    0x3f, 0xff, 0x8f, 0xbb, 0xf0, 0x80, 0xf, 0x77,
    0xe6, 0x0, 0xff, 0xe0, 0x79, 0x17, 0xc0, 0x18,
    0x8b, 0xe1, 0x0, 0xff, 0xff, 0x84, 0x7f, 0xfc,
    0x20, 0x3, 0xff, 0xf9, 0xc0, 0x3f, 0xfc, 0x22,
    0x3f, 0x0, 0x61, 0x1f, 0x80, 0x3f, 0xf8, 0x31,
    0xdd, 0xf0, 0x80, 0xf, 0xbb, 0xe7, 0x0, 0xff,
    0xff, 0x87, 0x19, 0xfc, 0x1, 0x8c, 0xfe, 0x20,
    0xf, 0xfe, 0x3, 0x66, 0x7c, 0x20, 0x3, 0xcc,
    0xf9, 0x40, 0x3f, 0xff, 0x83, 0xff, 0xff, 0x8,
    0x0, 0xff, 0xff, 0xe1, 0x0, 0xff, 0xfc, 0x5f,
    0xff, 0xfc, 0x20, 0x3, 0xff, 0xff, 0xac, 0x3,
    0x38, 0x7, 0xff, 0xcf, 0xb3, 0x3f, 0xe1, 0x0,
    0x1e, 0x67, 0xfd, 0x20, 0x18, 0x8c, 0xff, 0xe0,
    0xc, 0x67, 0xff, 0x10, 0x7, 0xff, 0xdb, 0xbf,
    0xff, 0xf8, 0x22, 0x0, 0x3f, 0xff, 0xfe, 0xe,
    0x80, 0x7f, 0xfd, 0x33, 0x77, 0xff, 0xa5, 0xe0,

    /* U+91CD "重" */
    0x0, 0xff, 0xe3, 0x89, 0x19, 0x91, 0x59, 0xe2,
    0x40, 0x38, 0xe6, 0x55, 0x55, 0xdb, 0x31, 0xba,
    0xee, 0x7f, 0xdd, 0xb9, 0x8b, 0xa9, 0x87, 0x63,
    0x0, 0xcc, 0xd2, 0xac, 0x88, 0x33, 0x11, 0x4,
    0x40, 0x1f, 0xfc, 0x16, 0x0, 0xc2, 0x1, 0xff,
    0xc3, 0x34, 0x55, 0x33, 0xc4, 0xca, 0xad, 0x0,
    0x32, 0xde, 0x63, 0x76, 0xee, 0x7f, 0xc6, 0x0,
    0x3c, 0xba, 0xa4, 0xc3, 0xb3, 0x15, 0x4, 0x3,
    0xa, 0x19, 0x88, 0xa1, 0x10, 0x7, 0xff, 0x27,
    0x3f, 0xff, 0xf8, 0x26, 0x0, 0x3f, 0xff, 0xfe,
    0xf, 0x0, 0x7f, 0xf5, 0x29, 0xdf, 0xff, 0x82,
    0x20, 0x1, 0x77, 0xff, 0xe0, 0xcb, 0x44, 0x7f,
    0xf0, 0x48, 0x0, 0x51, 0x1f, 0xfc, 0x17, 0x0,
    0x89, 0x9b, 0xfc, 0x20, 0x2, 0x66, 0xff, 0x18,
    0x7, 0x96, 0x67, 0xfc, 0x40, 0x1, 0x99, 0xff,
    0x50, 0x7, 0xff, 0x7b, 0xff, 0xe3, 0x0, 0x1f,
    0xff, 0xc2, 0x1, 0xff, 0xe1, 0xff, 0xf8, 0xc0,
    0x7, 0xff, 0xf0, 0x80, 0x7f, 0xf8, 0x6a, 0xbe,
    0x20, 0x1, 0x55, 0x7c, 0x20, 0x1f, 0xfc, 0x15,
    0x5f, 0x84, 0x0, 0x2a, 0xbf, 0x0, 0x7f, 0xf0,
    0x99, 0xbe, 0x10, 0x0, 0xb3, 0x7c, 0x1, 0xff,
    0xc2, 0x99, 0xf8, 0x80, 0x5, 0x33, 0xf0, 0x80,
    0x7f, 0xf7, 0x5f, 0xff, 0xfc, 0x60, 0x3, 0xff,
    0xff, 0x48, 0x7, 0xff, 0x66, 0x7f, 0xff, 0xe3,
    0x0, 0x1f, 0xff, 0xfd, 0x40, 0x1f, 0xfd, 0x31,
    0x0, 0xdb, 0x11, 0xff, 0x10, 0x0, 0x62, 0x3f,
    0xee, 0x0, 0xc8, 0xef, 0xff, 0x8, 0x0, 0x9d,
    0xff, 0xe5, 0x0, 0x8, 0xff, 0xf0, 0x80, 0x21,
    0x1f, 0xfe, 0x1e, 0x77, 0x7f, 0xf0, 0x4c, 0x0,
    0x5d, 0xdf, 0xfc, 0x20, 0xf, 0xfe, 0xa5, 0x3b,
    0xff, 0xf4, 0xc0,

    /* U+91CF "量" */
    0x0, 0xc4, 0x89, 0xff, 0xcc, 0x20, 0xf, 0xd1,
    0x77, 0xff, 0xcc, 0x80, 0xf, 0xfe, 0x1, 0x17,
    0xff, 0x18, 0x3, 0xff, 0x86, 0x3b, 0xbf, 0xfc,
    0x62, 0x0, 0xff, 0xe1, 0xf, 0xff, 0xff, 0x18,
    0x80, 0x3f, 0xf8, 0x64, 0x5f, 0xfc, 0x60, 0xf,
    0xfe, 0x18, 0xee, 0xff, 0xf1, 0x88, 0x3, 0xff,
    0x84, 0x3f, 0xff, 0xfc, 0x62, 0x0, 0xff, 0xf0,
    0xd7, 0x77, 0xff, 0x32, 0x80, 0x38, 0x47, 0x0,
    0x7f, 0xf3, 0x4, 0x70, 0xf, 0x77, 0xff, 0x50,
    0x40, 0x3f, 0xfa, 0xc3, 0xdd, 0xff, 0xd4, 0x10,
    0x11, 0xc0, 0x1f, 0xfc, 0xc1, 0x1c, 0x1, 0xd3,
    0xdd, 0xff, 0xcc, 0x90, 0xf, 0xff, 0x9, 0x7f,
    0xfc, 0x80, 0x3, 0xff, 0xf8, 0x40, 0x3f, 0xf8,
    0x45, 0xdd, 0xf2, 0x0, 0xf, 0xbb, 0xe1, 0x0,
    0xff, 0xe1, 0x88, 0xfc, 0x1, 0x84, 0x7e, 0x0,
    0xff, 0xe1, 0x8e, 0xef, 0xc6, 0x0, 0x3d, 0xdf,
    0x84, 0x3, 0xff, 0x84, 0x67, 0xf9, 0xc0, 0x23,
    0x3f, 0x80, 0x3f, 0xf8, 0x65, 0xdd, 0xf2, 0x0,
    0xf, 0xbb, 0xe1, 0x0, 0xff, 0xf0, 0xcf, 0x77,
    0xf9, 0x0, 0x7, 0xdd, 0xfe, 0x90, 0xf, 0x84,
    0xc8, 0xbf, 0xce, 0x0, 0x12, 0x2f, 0xf1, 0x88,
    0x7, 0xa3, 0x33, 0xfe, 0x30, 0x1, 0x66, 0x7f,
    0xd0, 0x1, 0xe1, 0x0, 0xff, 0xe7, 0x8, 0x7,
    0xa3, 0xff, 0xfe, 0x40, 0x1, 0xff, 0xff, 0xd0,
    0x1, 0x8d, 0x13, 0xff, 0x82, 0xe0, 0x1, 0x44,
    0xff, 0xe0, 0x98, 0x3, 0xae, 0xff, 0xf8, 0x26,
    0x0, 0x2b, 0xbf, 0xfe, 0xf, 0x0, 0x7f, 0xf5,
    0xc0,

    /* U+949F "钟" */
    0x0, 0xff, 0xec, 0x3f, 0x5b, 0x80, 0x7f, 0xf0,
    0x73, 0x74, 0xa0, 0x1f, 0xf5, 0x8a, 0x60, 0x7,
    0xff, 0x4, 0x8b, 0x0, 0x7f, 0x84, 0xc0, 0x18,
    0x1, 0xff, 0xcf, 0x40, 0x9, 0x0, 0x3f, 0xf9,
    0xfe, 0x1, 0x3a, 0x26, 0x30, 0xf, 0xfe, 0x52,
    0x80, 0x57, 0x7d, 0x0, 0x1f, 0xfc, 0x96, 0x0,
    0xff, 0x8c, 0xfe, 0x0, 0xbc, 0xcf, 0xc4, 0x0,
    0xa0, 0xf, 0xf2, 0x66, 0x7c, 0x20, 0x7, 0xcc,
    0xf6, 0x81, 0x98, 0x1, 0x3f, 0xfe, 0xb0, 0xf,
    0xfe, 0x47, 0x80, 0x5, 0x80, 0x3f, 0xf9, 0xc8,
    0x60, 0x9, 0x0, 0xff, 0xe0, 0x7f, 0xe1, 0x0,
    0x47, 0xfd, 0x60, 0x10, 0x80, 0x42, 0xab, 0xe4,
    0x0, 0xff, 0xe2, 0x38, 0x4, 0xac, 0x0, 0x9a,
    0xaf, 0x40, 0x7, 0xff, 0x26, 0x48, 0x3, 0xff,
    0xa7, 0x62, 0x20, 0x8, 0x46, 0x70, 0xf, 0xfe,
    0x53, 0x76, 0x0, 0x5b, 0xdc, 0xb0, 0xf, 0xff,
    0xf8, 0x7, 0xf9, 0x9d, 0xd4, 0x1, 0x5b, 0xbc,
    0x40, 0x1f, 0xfc, 0x88, 0x89, 0xc0, 0x27, 0x88,
    0x9c, 0x3, 0x2a, 0xe1, 0x0, 0x6a, 0xac, 0x80,
    0x1f, 0xfc, 0x8a, 0xac, 0x1, 0x2d, 0x55, 0x0,
    0x18, 0x8a, 0x10, 0x8, 0x48, 0xa1, 0x0, 0xff,
    0xe4, 0x66, 0xeb, 0x0, 0x2d, 0xdc, 0x80, 0x1f,
    0xfd, 0x44, 0xff, 0xf8, 0x40, 0x11, 0xff, 0xf0,
    0x7, 0xff, 0x7c, 0x48, 0x3, 0xff, 0xa2, 0xfc,
    0xa0, 0x1f, 0xfc, 0xf4, 0xd8, 0xc, 0x0, 0xff,
    0xe5, 0x88, 0x5, 0x4, 0x0, 0x60, 0xf, 0xfe,
    0x50, 0xc0, 0x7, 0xc, 0x68, 0x7, 0xff, 0x28,
    0xd0, 0x3, 0x3f, 0x38, 0x7, 0xff, 0x2c, 0x94,
    0x0, 0xdd, 0x0, 0x1f, 0xfc, 0xe8, 0x5d, 0x91,
    0x0, 0xff, 0xe5, 0x80,

    /* U+94A0 "钠" */
    0x0, 0xc3, 0xa, 0x40, 0x1f, 0xfc, 0x1, 0x33,
    0x80, 0x3f, 0xf8, 0xe, 0xea, 0xd1, 0x0, 0xff,
    0x9f, 0x32, 0x0, 0xff, 0xe0, 0x50, 0x0, 0xc4,
    0x3, 0xff, 0x9c, 0x46, 0x0, 0xb0, 0xf, 0xfe,
    0x7d, 0x0, 0x42, 0x89, 0x80, 0x3f, 0xf9, 0x6c,
    0x1, 0x4d, 0xde, 0x20, 0xf, 0xfe, 0x4a, 0x88,
    0x7, 0xf7, 0xff, 0xd2, 0x1, 0x7f, 0xfc, 0xc0,
    0x9, 0x0, 0xff, 0xe9, 0x19, 0x80, 0x13, 0xff,
    0xe2, 0x0, 0xff, 0xe4, 0x40, 0x0, 0x58, 0x3,
    0xfc, 0xf7, 0x73, 0x80, 0x57, 0x78, 0x3, 0xa,
    0x0, 0x20, 0x3, 0xfe, 0xd4, 0x4b, 0x80, 0x2,
    0x89, 0x84, 0x2, 0x16, 0x0, 0x4f, 0xff, 0x94,
    0x3, 0xf0, 0x80, 0xc, 0x3, 0xfa, 0x4c, 0x3,
    0xff, 0x8b, 0xe0, 0x1, 0x0, 0xff, 0x20, 0x7,
    0xff, 0x14, 0x80, 0xc, 0x1, 0xfe, 0xab, 0x70,
    0xa, 0xee, 0x40, 0xf, 0xce, 0x1, 0xff, 0xc1,
    0x24, 0xd0, 0x9, 0x12, 0x10, 0xf, 0x84, 0x80,
    0xa, 0x60, 0x1f, 0xfc, 0xe7, 0x0, 0xdc, 0x1,
    0xff, 0xce, 0xa0, 0xc, 0x52, 0x1, 0xf6, 0x6e,
    0xac, 0x2, 0xdd, 0xc0, 0x1e, 0x43, 0x0, 0x28,
    0x1, 0x90, 0x3, 0xc4, 0x50, 0x80, 0x44, 0x58,
    0x3, 0xd2, 0x1, 0x52, 0x80, 0x24, 0x3, 0xff,
    0x94, 0xe4, 0x0, 0x80, 0xb0, 0x1, 0x48, 0x7,
    0x5c, 0xc9, 0x80, 0x29, 0x9c, 0x1, 0xb2, 0x0,
    0x2, 0xe0, 0x30, 0x0, 0x61, 0x0, 0xca, 0xcc,
    0xc0, 0x9, 0x9b, 0x0, 0x66, 0x0, 0xa8, 0x2,
    0x72, 0x0, 0xff, 0xe5, 0x30, 0x1, 0x50, 0x3,
    0x40, 0x10, 0x7, 0xff, 0x23, 0x28, 0xa8, 0x3,
    0x95, 0xf0, 0x40, 0x3f, 0xf8, 0x22, 0x80, 0x1c,
    0xba, 0x1, 0xf4, 0x8, 0x7, 0xff, 0x5, 0x3f,
    0x80, 0x3f, 0xfa, 0x11, 0x62, 0xc0, 0x1f, 0xfc,
    0xc3, 0x0, 0x9c, 0x0, 0x40, 0x1f, 0xfc, 0x31,
    0x10, 0x7, 0xdc, 0x1, 0xc7, 0x80, 0x1f, 0xe3,
    0x77, 0xda, 0x1, 0xf9, 0xc0, 0x21, 0x9c, 0x20,
    0xf, 0xf2, 0xc4, 0x63, 0x0, 0x88, 0x3, 0x38,
    0x1, 0x7d, 0x80, 0x3f, 0xf8, 0xa, 0x1, 0xf0,
    0xa0, 0x6, 0x83, 0xba, 0x10, 0xf, 0xfe, 0x9,
    0x80, 0x70, 0xae, 0x0,

    /* U+94AE "钮" */
    0x0, 0xe2, 0x0, 0xff, 0xe9, 0x9e, 0xfd, 0x88,
    0x7, 0xff, 0x42, 0x80, 0xa, 0x20, 0x1c, 0xd1,
    0x1f, 0xfc, 0x36, 0x0, 0xf3, 0x80, 0x18, 0x3,
    0xd6, 0xef, 0xff, 0xc3, 0xa0, 0xe, 0x51, 0x0,
    0x71, 0x9f, 0x0, 0x7f, 0xf1, 0x5c, 0x3, 0xb8,
    0x2, 0x9c, 0xce, 0x11, 0x0, 0x7f, 0xf2, 0x9,
    0x0, 0x3f, 0xd9, 0xff, 0x0, 0x55, 0xff, 0xc8,
    0x0, 0x10, 0xd, 0x60, 0x1f, 0xe1, 0x0, 0xf8,
    0x40, 0x39, 0xc0, 0x6, 0x1, 0xb, 0x0, 0x23,
    0xff, 0xe0, 0xc, 0x20, 0x13, 0x80, 0x70, 0x80,
    0x7a, 0x0, 0x2, 0xe0, 0x1f, 0xf1, 0x80, 0x42,
    0x1, 0xc6, 0x0, 0x10, 0x9, 0x0, 0x10, 0x1,
    0xff, 0xc0, 0x10, 0x8, 0xc0, 0x3f, 0x78, 0x5,
    0xc0, 0x8, 0xee, 0xf9, 0x40, 0x33, 0x80, 0x42,
    0x1, 0xc2, 0x1, 0xe3, 0x60, 0x11, 0xfc, 0x60,
    0x18, 0x80, 0x3f, 0xf8, 0x2, 0x1, 0x84, 0x3,
    0xff, 0x84, 0x20, 0x1, 0x0, 0xe1, 0x0, 0x8c,
    0x3, 0x55, 0xd8, 0x2, 0x8b, 0xb9, 0xc4, 0xce,
    0xe0, 0x8, 0xcf, 0x94, 0x3, 0xf1, 0x22, 0x0,
    0x23, 0x44, 0x85, 0x33, 0x26, 0x0, 0xe, 0x67,
    0x58, 0x4, 0x20, 0x1f, 0xff, 0x57, 0x0, 0xb7,
    0x70, 0x5, 0x5b, 0xb5, 0x2e, 0xec, 0x40, 0x5,
    0xdd, 0xe8, 0x0, 0x84, 0x2, 0x22, 0xc0, 0x10,
    0x91, 0x4c, 0x4, 0x50, 0x4, 0x45, 0xf0, 0x7,
    0xff, 0x2c, 0xc0, 0x3f, 0x18, 0x4, 0x60, 0x15,
    0xd5, 0x40, 0x13, 0xd5, 0x5e, 0x1, 0x84, 0x1,
    0xe0, 0x1c, 0x20, 0x10, 0x80, 0x48, 0xab, 0x0,
    0x58, 0xab, 0x18, 0x7, 0xc2, 0x1, 0xde, 0x1,
    0xff, 0xca, 0x10, 0x8, 0xc0, 0x3f, 0xfa, 0x6,
    0x1, 0x8, 0x7, 0x8, 0x0, 0x40, 0x3f, 0xf8,
    0x48, 0x20, 0x10, 0x80, 0x4e, 0x1, 0xc6, 0x1,
    0xff, 0xc3, 0x1a, 0xb5, 0x0, 0x9c, 0x2, 0x10,
    0xf, 0xc6, 0x1, 0xff, 0x77, 0xa8, 0x18, 0x4,
    0x20, 0x11, 0x80, 0x70, 0x80, 0x4, 0x3, 0xfe,
    0x51, 0x0, 0x62, 0x25, 0x80, 0x12, 0x27, 0x98,
    0x0, 0x28, 0x90, 0x6, 0x50, 0xf, 0x30, 0x5d,
    0xcc, 0x1, 0x55, 0xdf, 0x10, 0x0, 0xae, 0xd2,
    0x1, 0xa0, 0x3, 0x26, 0x48, 0x80, 0x7f, 0xf3,
    0x20, 0x0, 0x55, 0x66, 0x1, 0xff, 0xce, 0x55,
    0x46, 0xa8, 0x5, 0x5d, 0xdf, 0xfc, 0x7c,

    /* U+94FE "链" */
    0x0, 0xc9, 0x50, 0x80, 0x1f, 0xfc, 0x22, 0x53,
    0x10, 0xf, 0xfe, 0x7, 0x2b, 0xe8, 0x4, 0x4f,
    0x88, 0x1, 0xf2, 0xd6, 0x50, 0x7, 0xff, 0x1,
    0x40, 0x1a, 0x1, 0x54, 0x1f, 0x0, 0x7d, 0x80,
    0xc, 0x0, 0xff, 0x98, 0x0, 0x28, 0x1, 0x58,
    0x1, 0x40, 0x3e, 0x40, 0x2, 0x0, 0x7f, 0xd4,
    0x0, 0x54, 0x4c, 0x64, 0x0, 0x60, 0x18, 0x8a,
    0x80, 0x2a, 0x88, 0xf1, 0x0, 0x46, 0x60, 0x2,
    0x5d, 0xe2, 0x50, 0x5, 0x1, 0xbb, 0xca, 0x1,
    0x33, 0xbf, 0x98, 0x2, 0x90, 0xf, 0xea, 0x0,
    0x19, 0x0, 0x7f, 0xf1, 0x89, 0x40, 0x3f, 0x88,
    0xc0, 0x14, 0x68, 0x83, 0x0, 0x91, 0x3f, 0x38,
    0x2, 0x40, 0x9, 0xff, 0xe2, 0xb, 0x4, 0xd1,
    0xbb, 0x80, 0x9, 0x77, 0xf8, 0xc1, 0x10, 0x0,
    0x80, 0xf, 0xcd, 0xd6, 0xa0, 0x15, 0x80, 0x35,
    0x33, 0xe, 0x1, 0xe3, 0x0, 0x29, 0x80, 0x7e,
    0x11, 0x0, 0x62, 0x30, 0x3, 0x89, 0x9b, 0x80,
    0x3c, 0xe6, 0xb, 0xff, 0xe3, 0x0, 0xfc, 0xa0,
    0x4, 0x10, 0xf, 0xfb, 0x80, 0x3f, 0x3c, 0xcf,
    0x18, 0x2, 0x80, 0x1c, 0x1, 0xff, 0xc0, 0x22,
    0x0, 0x7e, 0x66, 0xf0, 0x21, 0x0, 0x18, 0x88,
    0x0, 0x32, 0x2c, 0x1, 0xa6, 0x88, 0x0, 0xf5,
    0x46, 0x0, 0xfb, 0x0, 0x2c, 0xd8, 0x0, 0x2e,
    0xed, 0x80, 0x19, 0x15, 0x80, 0x1a, 0xaa, 0x23,
    0x30, 0x7, 0xff, 0x53, 0x30, 0x40, 0x1b, 0xc0,
    0x3f, 0xfa, 0xaf, 0xff, 0xca, 0x0, 0x6f, 0xfb,
    0x80, 0x28, 0x99, 0x28, 0x3, 0xa6, 0x60, 0xf,
    0xfe, 0x63, 0x34, 0x20, 0x4, 0x66, 0x84, 0x3,
    0xff, 0xda, 0xa6, 0x61, 0x0, 0x11, 0x9c, 0x20,
    0x1c, 0x3f, 0xfe, 0x50, 0x3, 0x7f, 0xeb, 0x0,
    0x5e, 0x61, 0x40, 0x11, 0x99, 0x0, 0x7f, 0xff,
    0x87, 0x77, 0xc8, 0x0, 0x5d, 0xdd, 0x40, 0x1f,
    0xf0, 0x80, 0xc, 0x3, 0x11, 0x78, 0x40, 0x6,
    0x45, 0x84, 0x3, 0xf8, 0xb5, 0xc1, 0x84, 0x1,
    0x20, 0x1f, 0xfc, 0xcc, 0xd2, 0xf2, 0x90, 0x8,
    0xe0, 0x3, 0xff, 0x96, 0xc0, 0x5, 0xf0, 0xe,
    0x78, 0x0, 0xed, 0x44, 0x78, 0x7, 0xf9, 0x80,
    0x31, 0x39, 0x0, 0x25, 0x0, 0xf, 0xf4, 0xec,
    0xa5, 0xdc, 0x35, 0x5e, 0x0, 0xc8, 0x40, 0x13,
    0x4a, 0x0, 0x15, 0xa8, 0x80, 0x25, 0x89, 0xaa,
    0xfe, 0xb0, 0xc, 0xc0, 0x14, 0xc9, 0x4, 0xe,
    0x80, 0x71, 0x0, 0x3f, 0xf8, 0x4a, 0x1, 0x8a,
    0xb, 0x58, 0x1, 0x3, 0xc0, 0x10, 0xde, 0x31,
    0x0, 0x7f, 0xc6, 0x1, 0xcf, 0xa4, 0x1, 0x36,
    0x90, 0x7, 0x1c, 0xef, 0xff, 0xfd, 0x0,

    /* U+9501 "锁" */
    0x0, 0xe4, 0x30, 0xf, 0xfe, 0x12, 0xac, 0x20,
    0x1f, 0xfc, 0x2a, 0xce, 0x50, 0xf, 0xf8, 0x6a,
    0xa2, 0x0, 0xff, 0xe0, 0xa8, 0x80, 0xb8, 0x6,
    0x1c, 0x90, 0xf, 0xfe, 0xc, 0xe1, 0x0, 0x7b,
    0x80, 0x4, 0x40, 0x8, 0xb0, 0xd9, 0xc0, 0x3f,
    0xe5, 0x63, 0xc3, 0x0, 0xc4, 0x80, 0x4, 0x33,
    0xe1, 0x0, 0x42, 0x80, 0x7f, 0x15, 0x0, 0x8,
    0xc0, 0x35, 0x0, 0x4d, 0x99, 0x83, 0x44, 0x1,
    0x46, 0x1, 0xf0, 0xf8, 0x0, 0x74, 0x3, 0xb,
    0x80, 0x7f, 0xe, 0x80, 0x5a, 0x40, 0x1e, 0xd2,
    0x0, 0x68, 0x80, 0x69, 0x0, 0xff, 0x8e, 0x80,
    0x2, 0xc0, 0x1c, 0x86, 0x0, 0x93, 0x0, 0xc2,
    0xe0, 0x6, 0xff, 0xf0, 0x80, 0x15, 0xc2, 0xd0,
    0x3, 0x92, 0xc5, 0xd8, 0x3, 0xac, 0x2, 0x80,
    0xf, 0xf4, 0x6a, 0x0, 0x7c, 0x9f, 0x0, 0x1c,
    0x6a, 0x0, 0x81, 0x0, 0xf9, 0x2e, 0xe9, 0xbb,
    0x50, 0x5, 0xf7, 0x6a, 0xbb, 0x90, 0x0, 0x66,
    0x0, 0x47, 0xff, 0x9c, 0x9, 0x13, 0xe0, 0x8,
    0xd1, 0x3c, 0x40, 0x17, 0x80, 0x7f, 0xf5, 0x4d,
    0x80, 0x3f, 0xf8, 0x51, 0x1f, 0xf0, 0x7, 0xeb,
    0xb3, 0x80, 0x57, 0x72, 0x80, 0x73, 0xbf, 0xfc,
    0x20, 0x1f, 0x12, 0x68, 0x4, 0x89, 0x10, 0x7,
    0xf6, 0xec, 0xa0, 0x1f, 0xfd, 0x22, 0x28, 0xc0,
    0x3f, 0xfa, 0xa6, 0x1, 0xfe, 0xcf, 0xf5, 0x0,
    0x5f, 0xf8, 0x3, 0xff, 0xbc, 0x40, 0x1f, 0xfd,
    0x51, 0x0, 0x98, 0x3, 0xfd, 0xf7, 0x67, 0x0,
    0xae, 0xf0, 0x7, 0xe5, 0x0, 0x84, 0x3, 0xfc,
    0x68, 0x8d, 0x0, 0x91, 0x30, 0x7, 0xef, 0x0,
    0x88, 0x3, 0xff, 0xa2, 0xe0, 0x10, 0x80, 0x7f,
    0xf2, 0x8c, 0x3, 0x94, 0x40, 0x2f, 0x40, 0x2,
    0x24, 0x40, 0x1f, 0xfc, 0x8, 0x50, 0x5f, 0xf8,
    0x6, 0x0, 0x30, 0xdc, 0x85, 0x5d, 0x90, 0x3,
    0xfc, 0x38, 0xfe, 0x1, 0xc3, 0xa4, 0x1, 0xe6,
    0xd2, 0x0, 0xff, 0xe0, 0xf9, 0x82, 0x80, 0x63,
    0xc3, 0x0, 0xb5, 0xc0, 0x22, 0xd6, 0x0, 0xfc,
    0x60, 0x10, 0x80, 0x1c, 0x0, 0x53, 0x84, 0x1,
    0x59, 0x45, 0x88, 0x5, 0x36, 0x20, 0x1e, 0xa0,
    0xc, 0x59, 0x9, 0x5a, 0xc0, 0x1a, 0xd0, 0x0,
    0x9e, 0x60, 0x12, 0x7a, 0x0, 0x62, 0x30, 0x9,
    0xf4, 0xf6, 0xd4, 0x3, 0x1e, 0xa0, 0x6, 0x1c,
    0x60, 0x8, 0x6c, 0x80, 0x22, 0x80, 0x2c, 0x80,
    0x2, 0x80, 0x61, 0x9c, 0x20, 0xf, 0xa6, 0x80,
    0x24, 0x20, 0xc, 0xf1, 0xa6, 0x1, 0x48, 0x0,
    0xa7, 0x98, 0x3, 0xfc, 0xba, 0x61, 0x40, 0x1e,
    0x70, 0xe, 0x19, 0xbd, 0x60, 0xf, 0xfe, 0x9,
    0x66, 0x4, 0x0,

    /* U+957F "长" */
    0x0, 0xe2, 0x33, 0x80, 0x3f, 0xfa, 0x11, 0x98,
    0xd0, 0xf, 0xfe, 0x21, 0x48, 0x7, 0xff, 0x46,
    0x35, 0x90, 0x3, 0xff, 0x9c, 0xbc, 0xe0, 0x8,
    0x0, 0xff, 0xe6, 0x26, 0xd0, 0x80, 0x46, 0x40,
    0x1f, 0xfc, 0x93, 0xbb, 0x10, 0x6, 0x4d, 0x20,
    0xf, 0xfe, 0x3a, 0x66, 0x10, 0x3, 0x15, 0xd8,
    0x80, 0x3f, 0xf8, 0xcd, 0xb6, 0x60, 0x18, 0x67,
    0x50, 0x3, 0xff, 0x8a, 0x75, 0xf2, 0x40, 0x18,
    0x67, 0x98, 0x3, 0xff, 0x8f, 0xca, 0x1, 0xc5,
    0x3c, 0xc0, 0x1f, 0xfc, 0x9a, 0x0, 0xc9, 0x7a,
    0xc0, 0x1f, 0xfc, 0xb6, 0x1, 0x7d, 0xb4, 0x0,
    0xff, 0xe6, 0x8e, 0x74, 0x10, 0x7, 0xff, 0x40,
    0xc0, 0x3f, 0xf8, 0xfb, 0xff, 0x94, 0x0, 0x3f,
    0xff, 0xfc, 0xa4, 0x30, 0xf, 0xff, 0x9b, 0x2a,
    0xe1, 0x0, 0x95, 0x78, 0x80, 0x24, 0x55, 0xff,
    0xe0, 0x34, 0x55, 0x64, 0x0, 0xd, 0x57, 0x70,
    0x4, 0x75, 0x5f, 0xfc, 0x2, 0x0, 0xff, 0xe1,
    0x19, 0x80, 0xe, 0x20, 0x1f, 0xfc, 0xf8, 0x0,
    0xa8, 0x3, 0xff, 0x9e, 0x8a, 0x0, 0x46, 0x0,
    0xff, 0xe7, 0xd8, 0x5, 0x26, 0x1, 0xff, 0xce,
    0x1a, 0x0, 0xb4, 0xc0, 0x3f, 0xf9, 0xca, 0xc0,
    0x1, 0xd4, 0x0, 0xff, 0xe5, 0x8a, 0x84, 0xa0,
    0x0, 0x6e, 0x0, 0x3f, 0xf9, 0x9, 0x5d, 0x20,
    0xb, 0x30, 0x9, 0xf5, 0x0, 0x3f, 0xf8, 0x8d,
    0xb6, 0xa0, 0x40, 0x16, 0x28, 0x4, 0x57, 0x88,
    0x1, 0xff, 0xc0, 0x9f, 0x92, 0x0, 0x84, 0x3,
    0x54, 0x0, 0x63, 0xbd, 0x71, 0x0, 0xc2, 0x80,
    0x1, 0x60, 0xe, 0x6c, 0x0, 0xe7, 0xd3, 0x0,
    0xc5, 0xa, 0x1, 0xa8, 0x40, 0x3c, 0x51, 0xd2,
    0x60, 0x1e, 0x2c, 0x91, 0x0, 0x91, 0x0, 0x1b,
    0x40, 0x39, 0x6f, 0x5c, 0x40, 0x3f, 0xcd, 0xd2,
    0x41, 0x0, 0x1c, 0xc2, 0x2, 0xfd, 0x48, 0x1,
    0xff, 0xc3, 0x6d, 0xc3, 0x0, 0xf5, 0xd7, 0x40,
    0x80, 0x7f, 0xf1, 0xcc, 0x0,

    /* U+95ED "闭" */
    0x0, 0xff, 0xea, 0xe2, 0x0, 0x7f, 0xf3, 0xec,
    0xed, 0x40, 0x3f, 0xf9, 0xac, 0x80, 0xa, 0x50,
    0xa, 0x7f, 0xff, 0xf8, 0xcc, 0xc, 0xc0, 0xa,
    0x94, 0x3, 0xff, 0x92, 0x20, 0x9, 0x60, 0xa,
    0x90, 0x3, 0xff, 0x99, 0x2a, 0x1, 0x50, 0x63,
    0xbf, 0xff, 0x9, 0x80, 0x3f, 0x52, 0x0, 0x28,
    0x16, 0x23, 0xdb, 0xb4, 0xc4, 0x70, 0x6, 0x25,
    0x58, 0x2d, 0x29, 0x0, 0x3e, 0x1a, 0xa9, 0xc0,
    0x3f, 0x96, 0xaa, 0x10, 0xb5, 0x0, 0xff, 0xff,
    0x80, 0x7f, 0xf0, 0x7b, 0xff, 0xfb, 0x80, 0x29,
    0xff, 0x8c, 0x3, 0xff, 0xf7, 0xb7, 0x7f, 0x40,
    0x7, 0x3d, 0xdc, 0x60, 0x1f, 0xf1, 0xa2, 0x7d,
    0x40, 0x1d, 0xc8, 0x90, 0x7, 0xff, 0x1e, 0x48,
    0x3, 0xff, 0x9e, 0xac, 0x0, 0x70, 0xf, 0xfe,
    0x62, 0x50, 0x1, 0x24, 0x3, 0xff, 0x96, 0x76,
    0x0, 0x1a, 0x0, 0xff, 0xe5, 0xa6, 0x0, 0x5a,
    0x20, 0x1f, 0xfc, 0xa5, 0xb0, 0xa, 0x8c, 0x3,
    0xff, 0x95, 0x14, 0x1, 0x4a, 0x80, 0x7f, 0xf2,
    0x4b, 0x1c, 0x2, 0x96, 0x0, 0xff, 0xe4, 0x96,
    0x98, 0x5, 0x4c, 0x1, 0xff, 0xca, 0x24, 0x0,
    0x16, 0x28, 0x7, 0xf1, 0x80, 0x7f, 0xf0, 0xa8,
    0x57, 0x4c, 0x3, 0xce, 0x1, 0xff, 0xc6, 0x1f,
    0xa0, 0xa, 0xbf, 0xf4, 0x80, 0x4c, 0x1, 0xff,
    0xc3, 0x10, 0xd, 0xa0, 0x1f, 0x9, 0x80, 0x65,
    0x0, 0x84, 0x3, 0xfe, 0x30, 0xf, 0x15, 0xc4,
    0x69, 0xa0, 0x8, 0xc0, 0x3f, 0xe4, 0xcc, 0xee,
    0xd5, 0x77, 0xcc, 0x20, 0x13, 0x80, 0x7f, 0xf0,
    0xc, 0xf8, 0x40, 0x6, 0x1, 0xf2, 0x10, 0x7,
    0xff, 0x21, 0x40, 0x38, 0x9e, 0xc0,

    /* U+95F4 "间" */
    0x0, 0xa4, 0x80, 0x3f, 0xf9, 0xf6, 0xd8, 0x40,
    0x1f, 0xfc, 0xd9, 0x40, 0x1c, 0x20, 0xb, 0x7f,
    0xff, 0xf8, 0xce, 0x10, 0x60, 0x1, 0xc2, 0x0,
    0xff, 0xe5, 0x8e, 0x98, 0x0, 0x70, 0x80, 0x3f,
    0xf9, 0x63, 0xa4, 0x0, 0x1f, 0xa, 0x77, 0xff,
    0xe1, 0x30, 0x7, 0xc3, 0x84, 0x0, 0x80, 0x78,
    0x8f, 0xfe, 0x18, 0x7, 0xe1, 0xc2, 0xb5, 0x0,
    0xff, 0xe4, 0xaf, 0x74, 0x22, 0xd4, 0x0, 0xff,
    0xe5, 0x88, 0xc6, 0x0, 0x2d, 0xdf, 0xfe, 0x11,
    0x0, 0x7f, 0xf0, 0xc8, 0xbf, 0xf8, 0x40, 0x1f,
    0xfe, 0x57, 0xaa, 0xf4, 0x0, 0x7f, 0xf2, 0xb1,
    0x57, 0xc8, 0x1, 0xff, 0xff, 0x0, 0xf8, 0x8c,
    0xfc, 0xc0, 0x1f, 0xfc, 0xa9, 0xcc, 0xf5, 0x0,
    0x7f, 0xff, 0xc0, 0x3e, 0xbf, 0xff, 0x60, 0x7,
    0xff, 0xfc, 0x3, 0xff, 0xb3, 0x7f, 0xfe, 0xc0,
    0xf, 0xff, 0xf8, 0x4, 0x55, 0x5f, 0xfc, 0x22,
    0x0, 0xff, 0xe1, 0xaa, 0xff, 0xf0, 0x80, 0x25,
    0x0, 0xff, 0xe5, 0xa3, 0x34, 0xf1, 0x40, 0x11,
    0x0, 0x7f, 0xf1, 0xf6, 0x66, 0x87, 0x10, 0x9,
    0xc0, 0x3f, 0xf8, 0xfe, 0x1, 0xf9, 0x8, 0x3,
    0xff, 0x8e, 0x80, 0x1e, 0x38, 0xb0,

    /* U+9664 "除" */
    0x0, 0xff, 0xe3, 0x12, 0xa9, 0x0, 0x3f, 0xfa,
    0x1f, 0x54, 0xb3, 0x0, 0xfe, 0x56, 0x6f, 0xe0,
    0xf, 0x9c, 0x80, 0x2f, 0x0, 0xfe, 0xb9, 0x9f,
    0xe0, 0xf, 0xc, 0x0, 0x63, 0x70, 0xf, 0xfe,
    0x66, 0x80, 0x4a, 0x0, 0x84, 0x0, 0xff, 0xe5,
    0x49, 0x80, 0x1e, 0x84, 0x1, 0x44, 0x1, 0xfd,
    0x9f, 0xec, 0x0, 0x8, 0x6, 0x76, 0x0, 0x1c,
    0x5, 0x0, 0x7, 0xc8, 0x3, 0xfe, 0x40, 0x3,
    0x80, 0x4f, 0x0, 0x1, 0xe0, 0x2, 0x38, 0x0,
    0xb0, 0x80, 0x3f, 0xd8, 0x0, 0xd0, 0x3, 0xc0,
    0x5, 0xa4, 0x1, 0x42, 0x80, 0x7, 0xc, 0x3,
    0xf9, 0x0, 0x8, 0x13, 0x0, 0x15, 0x18, 0x7,
    0x52, 0x0, 0x7, 0x1c, 0x3, 0xe4, 0x0, 0x28,
    0xe3, 0x0, 0x50, 0xe4, 0x5f, 0x49, 0x0, 0x51,
    0x60, 0x1e, 0xc0, 0x7, 0xd9, 0x80, 0x68, 0xdd,
    0xfe, 0x21, 0x0, 0x9c, 0x3, 0xc8, 0x0, 0x48,
    0x0, 0x9c, 0x3, 0xff, 0x81, 0x6e, 0x0, 0xf0,
    0xe, 0x13, 0x3, 0x12, 0x72, 0xdb, 0x0, 0xff,
    0xe0, 0xc5, 0xa9, 0x80, 0x71, 0x0, 0x4, 0x1,
    0x1a, 0x47, 0xdd, 0xa0, 0x0, 0x7d, 0xd9, 0x41,
    0x28, 0x3, 0xc6, 0x60, 0x25, 0x0, 0xe1, 0x1e,
    0x0, 0x84, 0x70, 0x7, 0xfd, 0xe0, 0x8, 0x0,
    0xff, 0xe8, 0x19, 0x80, 0x90, 0x15, 0x7e, 0xf0,
    0x0, 0xaa, 0xfc, 0x60, 0x1f, 0xa8, 0x1, 0xa3,
    0x55, 0xf3, 0x0, 0xa, 0xab, 0xe8, 0x0, 0xfc,
    0xe0, 0x4, 0x0, 0xff, 0xe8, 0x8, 0x80, 0x8c,
    0x3, 0xff, 0xa0, 0x40, 0x17, 0x77, 0xd2, 0x0,
    0x3e, 0xef, 0xac, 0x3, 0xff, 0x80, 0x23, 0x53,
    0x8, 0xc0, 0x18, 0x44, 0x52, 0x23, 0x0, 0x7f,
    0x8c, 0x0, 0x20, 0xa9, 0x1a, 0x1, 0xf3, 0x63,
    0xb0, 0x7, 0xe6, 0x45, 0xa0, 0x8, 0x82, 0x0,
    0xa, 0x1, 0xf7, 0x0, 0x24, 0xc0, 0x3e, 0x2b,
    0xa5, 0x0, 0x18, 0x41, 0x0, 0xc0, 0x7, 0xd0,
    0x80, 0xe, 0x0, 0xf8, 0xc0, 0x3a, 0xd, 0xc0,
    0x16, 0x1, 0xfd, 0x42, 0x5, 0x40, 0x1e, 0x74,
    0x23, 0x6c, 0x4e, 0x0, 0x22, 0x80, 0x7f, 0xd,
    0x0, 0x15, 0x80, 0x3d, 0x7b, 0x92, 0x72, 0x40,
    0x9, 0x0, 0xff, 0x91, 0xc0, 0x12, 0x40, 0x1f,
    0xca, 0xc0, 0x9, 0x23, 0x39, 0x6c, 0x3, 0xe8,
    0x20, 0x4, 0x80, 0x7f, 0x2a, 0x2, 0xb0, 0x76,
    0x62, 0x88, 0x0, 0xc0, 0x1d, 0xe0, 0x94, 0x1,
    0xfe, 0xb8, 0xa0, 0x2, 0x0, 0x7b, 0x0, 0x38,
    0xb2, 0xc4, 0x3, 0xfe, 0x70, 0xb, 0xc0, 0x31,
    0x43, 0x0, 0x78, 0xc0, 0x20,

    /* U+9690 "隐" */
    0x0, 0xff, 0xe1, 0xbc, 0xa8, 0x80, 0x7f, 0xf3,
    0xca, 0x1a, 0xac, 0x3, 0xff, 0x83, 0x9d, 0xdf,
    0xb4, 0x3, 0x40, 0x5, 0x60, 0x1f, 0xfc, 0x12,
    0x11, 0xfc, 0x60, 0x12, 0xa8, 0x0, 0x35, 0x77,
    0xf3, 0x80, 0x7f, 0xf1, 0x46, 0xc0, 0x21, 0x44,
    0xfd, 0xa0, 0x1f, 0xab, 0x31, 0x40, 0x3, 0x0,
    0x68, 0x80, 0x7f, 0xf2, 0x58, 0xcc, 0x40, 0x5,
    0xa, 0x30, 0x5, 0x7f, 0xf9, 0x80, 0x29, 0x0,
    0xff, 0xac, 0x1, 0x92, 0xa0, 0x7, 0x50, 0xe,
    0x76, 0x0, 0x59, 0x80, 0x7f, 0x84, 0xc0, 0x1c,
    0xc0, 0x5, 0x80, 0xe, 0x58, 0x0, 0x4a, 0x0,
    0x7f, 0xc8, 0x0, 0x46, 0x0, 0x9f, 0x77, 0xd4,
    0x1, 0x5e, 0xed, 0x60, 0x1f, 0xb0, 0x1, 0xba,
    0x11, 0x1, 0x17, 0xc0, 0x18, 0x8b, 0x30, 0x7,
    0xe7, 0x0, 0x38, 0xed, 0x0, 0x7f, 0xf3, 0xc,
    0x40, 0x84, 0xd, 0x3f, 0xff, 0xf8, 0x32, 0x1,
    0xfe, 0x40, 0x2, 0x0, 0x7f, 0xf4, 0xc, 0x0,
    0xe0, 0x12, 0x44, 0x7f, 0xf0, 0x74, 0x3, 0xfc,
    0x8a, 0x2, 0xe0, 0xc, 0x77, 0xff, 0xe0, 0xa0,
    0x7, 0xfd, 0x0, 0x9, 0x0, 0xff, 0xe8, 0x12,
    0x0, 0xa8, 0x47, 0xff, 0xff, 0x6, 0x40, 0x3f,
    0xf8, 0x1c, 0x0, 0xc0, 0xf, 0xfe, 0x82, 0x0,
    0x14, 0x27, 0x33, 0xff, 0x83, 0x60, 0x1f, 0xfc,
    0x1, 0x0, 0x10, 0x29, 0x9f, 0xff, 0x4, 0x80,
    0x3f, 0xf8, 0x22, 0x2, 0x1, 0xff, 0xd1, 0x10,
    0xb, 0x3f, 0xfb, 0x98, 0x17, 0xff, 0xed, 0x0,
    0xf8, 0x4a, 0x40, 0x4, 0x20, 0x12, 0x24, 0x24,
    0xa, 0x60, 0x18, 0x60, 0x3, 0xeb, 0xed, 0x60,
    0x2, 0x6f, 0x48, 0xdd, 0xc1, 0x0, 0xf, 0x0,
    0x97, 0x9d, 0xc0, 0x1e, 0xd0, 0xe, 0xd3, 0x13,
    0x0, 0xe3, 0x50, 0x34, 0x52, 0x40, 0x4, 0x80,
    0x79, 0x84, 0x5, 0x70, 0xc0, 0x1e, 0x1, 0xe8,
    0x5, 0x55, 0x6d, 0x28, 0xb, 0x0, 0x7b, 0xbf,
    0xa8, 0xec, 0x0, 0x80, 0x1e, 0x2d, 0xa1, 0x0,
    0xa4, 0x1, 0x60, 0x1f, 0xe3, 0x30, 0x20, 0x80,
    0x7c, 0x40, 0x20, 0x11, 0x98, 0x9, 0x0, 0x3f,
    0xa4, 0x1, 0xc0, 0x20, 0x12, 0x0, 0x64, 0x0,
    0x8, 0x48, 0x3, 0x80, 0x3f, 0xa, 0x80, 0xa8,
    0x7, 0x5f, 0x75, 0xf4, 0x0, 0xd0, 0x51, 0x5,
    0x0, 0xfe, 0x81, 0x60, 0x9, 0x40, 0x21, 0x18,
    0x3, 0x28, 0x2, 0x5b, 0x40, 0x3f, 0xb, 0xf4,
    0x0, 0x56, 0xc2, 0x1, 0xe3, 0xb2, 0x0, 0x3c,
    0x90, 0x0,

    /* U+9762 "面" */
    0x0, 0xff, 0xea, 0x77, 0xff, 0xff, 0x49, 0x0,
    0x3f, 0xfe, 0x99, 0xbb, 0xff, 0xc0, 0x10, 0xb,
    0x37, 0x7f, 0xf8, 0x28, 0x45, 0xff, 0xc0, 0x1,
    0x0, 0x29, 0x91, 0x7f, 0xf0, 0x40, 0x3f, 0xf8,
    0x34, 0x1, 0x70, 0x7, 0xff, 0x14, 0x8b, 0xfc,
    0xc0, 0x13, 0x91, 0x7f, 0xf0, 0x4, 0x2, 0x3d,
    0xdf, 0xf0, 0x80, 0x59, 0xbb, 0xff, 0xc0, 0x80,
    0xf, 0xff, 0xde, 0xff, 0xc4, 0x0, 0x8f, 0xfe,
    0xd0, 0xb, 0x7f, 0xe2, 0x0, 0xff, 0xff, 0x80,
    0x7a, 0xae, 0xfb, 0x80, 0x3f, 0xf9, 0xa4, 0x89,
    0xc6, 0x1, 0xff, 0xed, 0x7e, 0xee, 0xc0, 0xf,
    0xfe, 0x6f, 0x88, 0xf8, 0x3, 0xff, 0xe6, 0x20,
    0x1f, 0xfc, 0xd8, 0xff, 0xec, 0x0, 0xff, 0xf6,
    0x89, 0x9f, 0x10, 0x7, 0xff, 0x36, 0x73, 0x3b,
    0xc0, 0x3f, 0xff, 0xe0, 0x1f, 0x6f, 0xfc, 0x40,
    0x8, 0xff, 0xed, 0x0, 0xb7, 0xfe, 0x20, 0xf,
    0xff, 0xf6, 0x77, 0x7f, 0xf2, 0x8, 0x3, 0xfc,
    0x23, 0xff, 0xc9, 0x0, 0xf0,

    /* U+9879 "项" */
    0x0, 0xff, 0xe0, 0xef, 0x77, 0xff, 0x19, 0xc2,
    0x7f, 0xff, 0xb8, 0x8, 0x47, 0xff, 0x8d, 0xe0,
    0x60, 0x1f, 0xfe, 0x9, 0x9f, 0x90, 0x2, 0x89,
    0x9f, 0xac, 0x3d, 0xde, 0x0, 0x95, 0xdd, 0x20,
    0xcd, 0xf0, 0x6, 0x76, 0x6f, 0x8c, 0x16, 0x21,
    0x20, 0x17, 0xc4, 0x1c, 0x3, 0xf2, 0x80, 0xc,
    0x3, 0xff, 0xa0, 0x42, 0x0, 0x40, 0xf, 0xfe,
    0x53, 0x66, 0x77, 0x80, 0x4b, 0x99, 0xf1, 0x80,
    0x7f, 0xf0, 0xbc, 0xcf, 0x88, 0x2, 0x23, 0x3f,
    0x9c, 0x3, 0xff, 0xcc, 0x57, 0x7f, 0xea, 0x0,
    0xff, 0xe5, 0x22, 0x65, 0x59, 0x13, 0x0, 0x7f,
    0xf3, 0x5b, 0xba, 0x0, 0xff, 0xff, 0x80, 0x7f,
    0xff, 0xc0, 0x3f, 0xfc, 0x2, 0x1, 0xff, 0xd4,
    0xe0, 0x0, 0x80, 0x7f, 0xf1, 0x92, 0x28, 0x3,
    0xf2, 0x80, 0x8, 0x3, 0xff, 0x8b, 0x56, 0xea,
    0x1, 0xf0, 0x98, 0x0, 0x48, 0x3, 0xf9, 0x22,
    0xf8, 0x3, 0xe2, 0xf4, 0x48, 0x1, 0x0, 0x11,
    0x6b, 0x0, 0xc, 0xe7, 0x0, 0x5b, 0xa0, 0x7,
    0xc2, 0xd, 0x76, 0x90, 0x56, 0x0, 0xe9, 0xa1,
    0xcc, 0x8c, 0x0, 0x40, 0x1c, 0x2b, 0x3b, 0xc4,
    0x1, 0x9a, 0x80, 0x27, 0x0, 0x97, 0x4c, 0x3,
    0x9c, 0x5, 0x67, 0x7a, 0x98, 0x80, 0x31, 0x5c,
    0x80, 0x53, 0x18, 0x20, 0x2, 0xc7, 0x0, 0xd3,
    0x9d, 0x4c, 0x40, 0x1e, 0x29, 0xd4, 0x0, 0xa1,
    0x80, 0xfd, 0x0, 0x28, 0xb1, 0x0, 0x19, 0x80,
    0x3f, 0x25, 0xeb, 0x0, 0x43, 0x4e, 0x1, 0xd,
    0xb8, 0x4, 0x9e, 0x60, 0x1f, 0xe8, 0xb4, 0x0,
    0xcb, 0xea, 0x1, 0xe8, 0xa0, 0x8, 0x60, 0x3,
    0xfd, 0x22, 0x1, 0x1d, 0xd0, 0x80, 0x7e, 0x5d,
    0x20, 0x1a, 0x0, 0xff, 0xc, 0x2, 0x5e, 0x20,
    0x7, 0xfc, 0x5a, 0x96, 0x20, 0x1f, 0xf3, 0x6d,
    0xa0, 0x7, 0xff, 0xe, 0xd4, 0x0,

    /* U+9884 "预" */
    0xaf, 0xff, 0xfb, 0x83, 0x3f, 0xff, 0xf8, 0x94,
    0x1, 0xff, 0xc1, 0x10, 0x10, 0xf, 0xfe, 0x20,
    0x80, 0x7f, 0xf5, 0xaf, 0x33, 0xf0, 0x80, 0x8,
    0x3f, 0x33, 0xa4, 0x2, 0xbc, 0xcf, 0x48, 0x9,
    0x99, 0xcc, 0xf5, 0x88, 0x2, 0x40, 0x8c, 0xf8,
    0x2, 0x14, 0x33, 0xf1, 0x0, 0x51, 0x72, 0x0,
    0x37, 0x0, 0x3a, 0x0, 0x7d, 0x80, 0x4, 0x0,
    0xff, 0x13, 0x83, 0x28, 0xe8, 0x0, 0xe0, 0x3,
    0xf3, 0x80, 0x34, 0x3, 0xfc, 0x56, 0x0, 0xad,
    0x10, 0x7, 0x0, 0x43, 0xff, 0xc4, 0x0, 0x8f,
    0xff, 0x18, 0x6, 0x48, 0x0, 0x18, 0x2, 0x88,
    0x3, 0xff, 0x9a, 0xe8, 0x1, 0x32, 0x80, 0x7f,
    0xf3, 0xe8, 0x40, 0x2, 0x1, 0xf8, 0x7f, 0xff,
    0x84, 0x3, 0xbf, 0xf7, 0x8, 0x1, 0xff, 0xf2,
    0x80, 0x7d, 0x33, 0x8, 0x7, 0xff, 0x40, 0x59,
    0xa2, 0x0, 0xff, 0xee, 0xdd, 0x54, 0xc0, 0x2,
    0xaa, 0x28, 0x0, 0x40, 0x3f, 0xf8, 0xe8, 0xab,
    0x78, 0x0, 0x55, 0x42, 0x0, 0x50, 0xf, 0xfe,
    0x8a, 0x80, 0x88, 0x3, 0xff, 0xa0, 0x22, 0x5,
    0x0, 0xff, 0xe8, 0xa0, 0x0, 0xc0, 0x3e, 0x30,
    0x8, 0x40, 0x3f, 0xf8, 0xa6, 0x0, 0xc0, 0xf,
    0x84, 0x2, 0x30, 0xf, 0xfe, 0x2b, 0x7d, 0x28,
    0x7, 0xcc, 0x1, 0x8, 0x7, 0xff, 0x1d, 0x44,
    0x3, 0xec, 0x0, 0x10, 0x7, 0xff, 0x45, 0xc0,
    0x5, 0x40, 0x1f, 0xfc, 0xa1, 0xcc, 0x82, 0x4,
    0x2, 0x5c, 0x1c, 0xc8, 0xc0, 0x3f, 0xf8, 0xa6,
    0x62, 0x57, 0x0, 0xe3, 0xf1, 0x33, 0x0, 0x7f,
    0xf2, 0x1e, 0x80, 0x3, 0xa8, 0x0, 0x1c, 0x50,
    0xf, 0xc2, 0x1, 0xfe, 0x3c, 0x80, 0xa, 0xca,
    0xd8, 0x2, 0xa8, 0x0, 0x91, 0xdd, 0x12, 0x0,
    0x70, 0xe, 0x2a, 0xc3, 0x0, 0xa9, 0x40, 0x13,
    0x0, 0x13, 0xd0, 0x0, 0xe2, 0xe, 0x20, 0x1,
    0x0, 0x8a, 0xf5, 0x40, 0x21, 0xb5, 0x0, 0xcf,
    0x40, 0x12, 0xe0, 0x10, 0x7, 0xb8, 0x2, 0x25,
    0x0, 0xcb, 0xe8, 0x1, 0xe5, 0xc0, 0x9, 0x41,
    0xc0, 0x31, 0xca, 0x0, 0x6a, 0x0, 0x1d, 0xd0,
    0x80, 0x7e, 0x3d, 0x12, 0x90, 0x2f, 0xfd, 0x8c,
    0x1, 0xc9, 0x15, 0x88, 0x1, 0xff, 0x16, 0x70,
    0x0,

    /* U+98DF "食" */
    0x0, 0xff, 0xe1, 0xe7, 0x72, 0xc0, 0x3f, 0xfa,
    0x36, 0x62, 0x24, 0xa0, 0xf, 0xfe, 0x7d, 0xa0,
    0x6, 0x5a, 0x0, 0xff, 0xe6, 0x16, 0xa0, 0x0,
    0x8c, 0x0, 0xb8, 0x20, 0x1f, 0xfc, 0x94, 0xc2,
    0x0, 0x16, 0x69, 0x0, 0xf, 0xcc, 0x3, 0xff,
    0x8c, 0x33, 0x62, 0x0, 0x3c, 0x11, 0x61, 0x80,
    0x7, 0x20, 0x3, 0xff, 0x88, 0xde, 0xc0, 0x12,
    0xe0, 0xa3, 0xe, 0x28, 0x4, 0xfc, 0xa0, 0x1f,
    0xfc, 0x4, 0xd9, 0x10, 0xa, 0x69, 0x3e, 0xe4,
    0x82, 0xa4, 0x2, 0x1a, 0xc4, 0x0, 0xfc, 0xb9,
    0x64, 0x1, 0x1e, 0xb0, 0x20, 0x5, 0x40, 0x6,
    0xd3, 0x0, 0x8e, 0xf5, 0x80, 0x33, 0xf5, 0x18,
    0x4, 0x33, 0x84, 0x1, 0x30, 0x1, 0x80, 0x22,
    0xca, 0x10, 0x8, 0xa7, 0xa4, 0xa, 0x4, 0x3,
    0x8b, 0x6e, 0xf9, 0x40, 0x3, 0x77, 0xdc, 0xa0,
    0x1c, 0x28, 0x4, 0x80, 0x11, 0x0, 0xd, 0x13,
    0xc6, 0x1, 0x22, 0x7c, 0x0, 0x71, 0x0, 0x58,
    0x3, 0xc1, 0xb6, 0x80, 0x3f, 0xf9, 0x23, 0x1d,
    0x26, 0xe0, 0x4, 0xe9, 0x20, 0xd, 0xdf, 0xff,
    0xfc, 0x26, 0x0, 0xe6, 0xc1, 0x0, 0x84, 0x3,
    0xc2, 0x1, 0xff, 0xc2, 0x10, 0xf, 0xfe, 0x32,
    0x19, 0xff, 0xf0, 0x88, 0x3, 0xff, 0x8d, 0x79,
    0x9f, 0xfc, 0x25, 0x0, 0xff, 0xf4, 0x5d, 0xff,
    0xf0, 0xd4, 0x3, 0xff, 0x8c, 0x89, 0xff, 0xc3,
    0x20, 0xf, 0xfe, 0x30, 0x80, 0x7f, 0xf0, 0x84,
    0x3, 0xff, 0x8d, 0xdf, 0xff, 0xfc, 0x26, 0x0,
    0xff, 0xec, 0xa, 0x80, 0x7f, 0xf0, 0x91, 0x31,
    0xa2, 0x7f, 0xf0, 0x0, 0x14, 0xa0, 0x1f, 0xfc,
    0x1b, 0xbc, 0xed, 0x95, 0x77, 0xf4, 0x80, 0x6a,
    0x10, 0xf, 0xfe, 0x19, 0x21, 0x47, 0x63, 0x0,
    0x43, 0x1a, 0x80, 0x3, 0xc1, 0x0, 0xff, 0xe1,
    0xb8, 0x80, 0x47, 0x3f, 0x51, 0xce, 0x0, 0x1a,
    0xc3, 0x0, 0xff, 0xe2, 0x2f, 0x5a, 0x80, 0x65,
    0x70, 0xa, 0x39, 0x40, 0x3f, 0xf8, 0xe9, 0x8c,
    0xc9, 0x30, 0xf, 0x5b, 0x8, 0x7, 0xfd, 0xe0,
    0x12, 0x3d, 0xfd, 0xb9, 0x99, 0xb3, 0x58, 0x40,
    0x23, 0x9e, 0xa4, 0x0, 0xfc, 0x2a, 0x1, 0x5c,
    0x20, 0x7, 0xc5, 0x3d, 0x46, 0x1, 0x96, 0xf9,
    0xc0, 0x3c, 0xa4, 0x1, 0xf8, 0x9b, 0x80, 0x39,
    0x73, 0x58, 0x40, 0x21, 0xe0, 0xf, 0x20, 0x80,
    0x61, 0x6a, 0xed, 0x94, 0x0, 0xf8, 0xa7, 0xa4,
    0xc0, 0x14, 0x1, 0xf3, 0x8a, 0xcf, 0x72, 0x54,
    0x40, 0x3f, 0xf8, 0x2d, 0x98, 0x73, 0x0, 0xfa,
    0x7a, 0x98, 0x40, 0x3f, 0xf8, 0xe7, 0x0, 0x10,

    /* U+9910 "餐" */
    0x0, 0xfc, 0x35, 0x49, 0x0, 0xff, 0xe8, 0x9a,
    0xa9, 0xc0, 0x3c, 0x24, 0x5f, 0xfc, 0x0, 0xf,
    0xfe, 0x8, 0xff, 0xf1, 0x56, 0xef, 0xff, 0x0,
    0x80, 0x3c, 0xc4, 0x1, 0xff, 0xd2, 0x89, 0xd3,
    0x0, 0x87, 0xbb, 0x8b, 0x59, 0xdf, 0xe4, 0x0,
    0xfc, 0x4e, 0x2, 0xc8, 0x1, 0x22, 0x63, 0x4,
    0x70, 0x88, 0xeb, 0x40, 0x3, 0x90, 0x6, 0xe0,
    0x0, 0xd4, 0x80, 0x6, 0xab, 0x20, 0x70, 0xbf,
    0x30, 0x1, 0x34, 0x0, 0xb0, 0x1, 0xa8, 0xc0,
    0x3f, 0xf8, 0x50, 0x40, 0x33, 0xb3, 0x62, 0xb,
    0x40, 0x1a, 0x54, 0x0, 0x57, 0xff, 0xb4, 0xc0,
    0x22, 0x4, 0xd8, 0x0, 0x13, 0x0, 0x1a, 0x80,
    0x31, 0x30, 0x8, 0x15, 0xd8, 0x81, 0xf4, 0xc0,
    0x16, 0x80, 0x3, 0xf1, 0x0, 0xe1, 0x0, 0xe2,
    0xb2, 0xcd, 0x40, 0x4d, 0xd4, 0x0, 0xb, 0x54,
    0x85, 0x71, 0xc4, 0x0, 0x40, 0x7, 0xe6, 0x0,
    0xc9, 0xa4, 0x4b, 0x40, 0x1, 0x0, 0x1f, 0x47,
    0xf7, 0x88, 0x80, 0x2f, 0xdb, 0x0, 0x1, 0x9c,
    0x30, 0xc, 0x73, 0xc8, 0x1, 0x26, 0xc2, 0xe0,
    0x80, 0x20, 0x2b, 0xa0, 0x41, 0xf4, 0xc0, 0x7,
    0x80, 0x7, 0xdc, 0x61, 0x0, 0x1d, 0xd8, 0xea,
    0x80, 0x2, 0x0, 0x14, 0x18, 0x6, 0x2c, 0x90,
    0x4, 0x0, 0x34, 0x80, 0x24, 0xbc, 0x45, 0xf5,
    0x0, 0x36, 0xd8, 0x81, 0x64, 0x88, 0x6, 0x6d,
    0x57, 0x0, 0x48, 0xb, 0xed, 0xa2, 0x32, 0x84,
    0x6, 0xad, 0x4b, 0xd0, 0x0, 0xdd, 0x2, 0x1,
    0x15, 0x0, 0x47, 0x9d, 0x4, 0x99, 0x66, 0x0,
    0x5f, 0x58, 0xa9, 0x1b, 0x91, 0x0, 0x3f, 0x49,
    0x0, 0x7c, 0x62, 0xfb, 0x66, 0x0, 0x2b, 0xa1,
    0xf, 0x0, 0x28, 0x37, 0xb0, 0x4, 0xdb, 0x8c,
    0x1, 0x92, 0xba, 0x8, 0x3, 0x15, 0xff, 0xd4,
    0x0, 0xaf, 0xf7, 0x30, 0x7, 0x1c, 0xfd, 0xa1,
    0x5a, 0x80, 0x7f, 0xf4, 0x10, 0x88, 0x80, 0x3,
    0x90, 0xa, 0x3f, 0xff, 0xf8, 0x32, 0x0, 0x1e,
    0x82, 0x0, 0x38, 0x7b, 0x66, 0x1c, 0x2, 0xaa,
    0xff, 0xe1, 0x80, 0x42, 0xfb, 0x92, 0x20, 0x92,
    0x60, 0x1c, 0x4a, 0xbf, 0xfc, 0x13, 0x0, 0xf1,
    0xb0, 0x7, 0xfa, 0x3f, 0xff, 0xf8, 0x32, 0x1,
    0xff, 0xc6, 0xab, 0xbf, 0xfe, 0x10, 0x7, 0xff,
    0x18, 0x91, 0x3f, 0xf8, 0x24, 0x1, 0x36, 0x0,
    0x7f, 0xf0, 0x5b, 0x31, 0x40, 0x2b, 0x39, 0x9f,
    0x98, 0x64, 0xe0, 0x3, 0xff, 0x81, 0xc6, 0x62,
    0x1, 0x59, 0xda, 0x63, 0x39, 0x35, 0x80, 0x9,
    0x60, 0x1f, 0xfc, 0x37, 0xb7, 0x10, 0x16, 0xaf,
    0xce, 0x81, 0x4, 0xcb, 0x30, 0xf, 0xfe, 0x7,
    0x9b, 0x4f, 0xb0, 0x9b, 0x90, 0x0, 0xc4, 0x0,
    0x7c, 0x60, 0x1f, 0xe8, 0x0, 0x9f, 0x25, 0x90,
    0x41, 0xa3, 0x75, 0x28, 0x1, 0x1d, 0x7e, 0x39,
    0x0, 0x7c, 0xa0, 0x1f, 0x89, 0x7c, 0x0, 0x4d,
    0x7d, 0x48, 0x1, 0x1c, 0x60, 0x7, 0xd4, 0x0,
    0x13, 0x69, 0xcf, 0xda, 0x50, 0xe, 0x15, 0xbf,
    0xa5, 0x0, 0x30, 0x7, 0xcf, 0x7d, 0xcc, 0x96,
    0x30, 0xf, 0xfe, 0xa, 0xd7, 0xdc, 0x80, 0x0,

    /* U+9970 "饰" */
    0x0, 0xe7, 0x96, 0x20, 0xf, 0xd7, 0x67, 0x30,
    0xf, 0xfe, 0x34, 0xb4, 0xd0, 0x7, 0xc4, 0x88,
    0x85, 0x0, 0xff, 0xe2, 0x90, 0x80, 0x30, 0x3,
    0xea, 0x0, 0x9c, 0x3, 0xff, 0x8a, 0x80, 0x12,
    0x0, 0x7c, 0xc0, 0x5, 0x10, 0xf, 0xfe, 0x2e,
    0x80, 0x10, 0x3, 0xe5, 0x10, 0x3, 0x55, 0x7f,
    0xf0, 0x40, 0x39, 0x0, 0x9, 0xff, 0xc4, 0x12,
    0x1, 0x1a, 0xaf, 0xff, 0x4, 0x3, 0x28, 0x7,
    0xf9, 0x4c, 0x3, 0xff, 0x93, 0xc0, 0x1f, 0xe8,
    0x0, 0x99, 0xbf, 0xf8, 0x60, 0x11, 0x20, 0x2,
    0x33, 0x20, 0x9, 0x48, 0x0, 0xf3, 0x30, 0x19,
    0xaa, 0x67, 0xf0, 0x5, 0x40, 0x1, 0x73, 0x33,
    0x80, 0xe, 0x40, 0x3, 0x0, 0x13, 0xaa, 0x98,
    0x3, 0xfe, 0x60, 0x3, 0x0, 0x5c, 0x0, 0xb0,
    0xa, 0x0, 0x3f, 0xf8, 0xce, 0x20, 0xa, 0x0,
    0xa, 0x80, 0xbf, 0xa1, 0xb0, 0x7, 0xff, 0x14,
    0x60, 0x0, 0x9b, 0xfe, 0x80, 0x3, 0x80, 0xde,
    0x80, 0x7f, 0xf1, 0x9c, 0x2, 0xf0, 0xb, 0x90,
    0x28, 0x0, 0x46, 0x45, 0xc0, 0x11, 0x91, 0x78,
    0x40, 0xc, 0x20, 0x88, 0x0, 0x92, 0xf8, 0xc0,
    0x19, 0xbb, 0xe1, 0x0, 0x4e, 0xef, 0xc0, 0x14,
    0x4, 0x0, 0x78, 0x40, 0x3f, 0xf9, 0x8c, 0xe6,
    0x1, 0xff, 0xd4, 0x80, 0xf, 0xfe, 0x16, 0x7f,
    0xc2, 0x0, 0xaf, 0xfa, 0xc0, 0x3f, 0xff, 0xe0,
    0x1f, 0xff, 0xf0, 0xf, 0xfe, 0xc2, 0x80, 0x7f,
    0xf5, 0x1e, 0x8c, 0x3, 0xff, 0xa5, 0x30, 0x16,
    0x1, 0xff, 0xc3, 0x20, 0xf, 0xfe, 0xf, 0x30,
    0x1, 0x0, 0x3f, 0xf8, 0x6, 0x8d, 0x60, 0x7,
    0x0, 0xff, 0x10, 0x0, 0xf8, 0x3, 0xff, 0x81,
    0x37, 0x24, 0x0, 0x20, 0xf, 0x20, 0x7, 0x36,
    0x10, 0x7, 0xff, 0x3, 0x40, 0x3b, 0x40, 0x3d,
    0x20, 0x1a, 0xa4, 0x3, 0xff, 0x84, 0x64, 0x52,
    0xda, 0x0, 0x7a, 0x80, 0x7, 0xaa, 0x1, 0xbb,
    0xfc, 0x60, 0x1f, 0x26, 0xed, 0x48, 0x1, 0xf3,
    0xa3, 0x61, 0x0, 0x7f, 0xf4, 0xae, 0x40, 0x3f,
    0xf9, 0xe0,

    /* U+9988 "馈" */
    0x0, 0x8a, 0x5d, 0x40, 0x3f, 0xf8, 0xb, 0x54,
    0x80, 0xf, 0xfe, 0xa, 0xb4, 0x58, 0x7, 0xff,
    0x0, 0x95, 0x60, 0xf, 0xfe, 0xe, 0x0, 0x10,
    0x3, 0xff, 0x81, 0xe0, 0x1f, 0xfc, 0x45, 0x0,
    0x60, 0x7, 0x67, 0xff, 0x9c, 0x0, 0x5f, 0xff,
    0x20, 0x6, 0x31, 0x0, 0x20, 0x7, 0xff, 0x41,
    0x0, 0x28, 0xaa, 0xc0, 0x19, 0x15, 0x62, 0x0,
    0x95, 0x70, 0x80, 0x7d, 0x60, 0x12, 0xaf, 0x8,
    0x5, 0x15, 0x58, 0x0, 0x55, 0x58, 0x80, 0x3c,
    0x26, 0x1, 0xff, 0xd3, 0x70, 0x0, 0xc4, 0x40,
    0x10, 0x80, 0x53, 0x11, 0x58, 0x0, 0xe2, 0x31,
    0x0, 0x7a, 0x80, 0xc, 0xee, 0x50, 0x2, 0x0,
    0x65, 0x77, 0x8c, 0x0, 0x2e, 0xf8, 0x40, 0x38,
    0x8c, 0x1, 0x40, 0xa, 0x0, 0x70, 0x7, 0xff,
    0x2a, 0xc0, 0x6, 0x40, 0x6, 0x0, 0x28, 0x67,
    0xff, 0x9c, 0x0, 0x5f, 0xff, 0x20, 0x1, 0x0,
    0x9, 0x10, 0x91, 0x6, 0x0, 0xfe, 0xf0, 0xf,
    0xfe, 0xa, 0x81, 0x6b, 0xb9, 0x90, 0x29, 0xb3,
    0x3f, 0x48, 0x0, 0xb3, 0x3f, 0x82, 0x82, 0xc0,
    0x21, 0xbe, 0x31, 0x33, 0xfc, 0x20, 0x11, 0x9f,
    0xf0, 0x92, 0xb0, 0x7, 0x8, 0x7, 0xff, 0x36,
    0x80, 0x3f, 0x3f, 0xff, 0xff, 0x24, 0x40, 0x3f,
    0xfc, 0x29, 0xbb, 0xff, 0xc4, 0xa0, 0xf, 0xfe,
    0x18, 0x91, 0x7f, 0xf1, 0x1c, 0x3, 0xff, 0xce,
    0x5f, 0xff, 0xe9, 0x0, 0xff, 0xe6, 0xb7, 0x72,
    0xc0, 0x3f, 0xfa, 0x22, 0x30, 0x7, 0xff, 0x21,
    0xc, 0x3, 0xf6, 0x80, 0x4, 0x3, 0xff, 0x8c,
    0xd7, 0x20, 0x1f, 0x9c, 0x0, 0x40, 0x1f, 0xfc,
    0x59, 0x90, 0x28, 0x7, 0xcc, 0x40, 0x4, 0x40,
    0x7, 0xff, 0xc, 0x58, 0x0, 0x42, 0x97, 0x6e,
    0x5, 0x90, 0x8, 0xef, 0x59, 0xf7, 0x58, 0x1,
    0xed, 0x0, 0xe4, 0xd1, 0x12, 0x20, 0x2e, 0x80,
    0x3c, 0x53, 0xea, 0x62, 0x1, 0xc2, 0xe0, 0x19,
    0xec, 0x0, 0x2d, 0x98, 0x40, 0xa, 0xb5, 0x40,
    0x21, 0x8e, 0x81, 0x0, 0xc2, 0x60, 0x15, 0xc0,
    0x46, 0xf4, 0x98, 0x4, 0x38, 0xa5, 0x5a, 0xa0,
    0x19, 0xfa, 0x40, 0x36, 0x89, 0x6a, 0x0, 0x8,
    0x80, 0x18, 0x5f, 0x8c, 0x2, 0x2a, 0xd5, 0x0,
    0xfe, 0x1d, 0xd1, 0x0, 0x52, 0x1, 0x1c, 0xf4,
    0x0, 0x7c, 0x55, 0xaa, 0x0, 0x80, 0xe, 0x30,
    0xe, 0x36, 0x9e, 0xc6, 0x0, 0xff, 0x8a, 0xb2,
    0x84, 0x0,

    /* U+9996 "首" */
    0x0, 0xff, 0xed, 0x8b, 0xea, 0x0, 0x7f, 0x9e,
    0xd8, 0x40, 0x3f, 0xf8, 0x23, 0xd0, 0x54, 0x20,
    0x1f, 0x86, 0x12, 0x78, 0x40, 0x3f, 0xf8, 0x3,
    0x0, 0x1, 0xa0, 0xf, 0xd4, 0x1, 0x40, 0x80,
    0x7f, 0xf0, 0x5c, 0xc0, 0x8, 0xc0, 0x1e, 0x64,
    0x0, 0x1b, 0x80, 0x7c, 0x67, 0xfa, 0x80, 0x2,
    0x23, 0x3e, 0x49, 0x0, 0xa4, 0xcf, 0xe2, 0xdc,
    0xcf, 0xa4, 0x0, 0x31, 0x99, 0xd6, 0x1, 0xab,
    0x33, 0xee, 0x0, 0xff, 0xea, 0x18, 0x8f, 0xff,
    0x0, 0x3, 0x84, 0x7f, 0xf8, 0x2f, 0xbd, 0xdf,
    0xfc, 0x8, 0x0, 0xab, 0xbb, 0xff, 0x83, 0x60,
    0x1f, 0xfc, 0x1b, 0x0, 0x90, 0x3, 0xff, 0x8c,
    0x45, 0xf8, 0xcc, 0x0, 0x23, 0x22, 0xff, 0x0,
    0x7c, 0x5b, 0xbf, 0xb0, 0x2, 0x2d, 0xdf, 0xf8,
    0x3, 0xff, 0xff, 0x1f, 0xff, 0xfc, 0x45, 0x0,
    0xff, 0xf1, 0x88, 0xff, 0xf1, 0x0, 0x3f, 0xf8,
    0x71, 0xdd, 0xff, 0xc4, 0x50, 0xf, 0xff, 0x18,
    0x8f, 0xff, 0x10, 0x3, 0xff, 0x87, 0x1d, 0xdf,
    0xfc, 0x45, 0x0, 0xff, 0xf1, 0x71, 0x9f, 0xff,
    0x10, 0x40, 0x3f, 0xf8, 0x4d, 0x99, 0xff, 0xc4,
    0x40, 0xf, 0xff, 0x10, 0x99, 0xff, 0xf1, 0x4,
    0x3, 0xff, 0x85, 0x39, 0x9f, 0xfc, 0x44, 0x0,
    0xff, 0xf1, 0x4e, 0xef, 0xff, 0x11, 0x0, 0x3f,
    0xf8, 0x42, 0x45, 0xff, 0xc4, 0x10, 0xf, 0xff,
    0x13, 0xee, 0xff, 0xf1, 0x10, 0x3, 0xff, 0x85,
    0xe4, 0x5f, 0xfc, 0x41, 0x0, 0xff, 0x17, 0x74,
    0xe0, 0x1f, 0xfc, 0x4a, 0xff, 0x80, 0x30,

    /* U+9999 "香" */
    0x0, 0xff, 0xe4, 0x9, 0x1a, 0x2b, 0x3c, 0xd0,
    0x7, 0xf3, 0x31, 0xdd, 0x10, 0x99, 0x55, 0xdb,
    0x37, 0xbf, 0xdd, 0xb9, 0x75, 0x30, 0xca, 0x60,
    0x1f, 0xa6, 0x51, 0x7, 0x73, 0x31, 0x51, 0x6,
    0x42, 0x1, 0xff, 0x28, 0x7, 0xe2, 0x0, 0xff,
    0xe2, 0x89, 0x1a, 0x2b, 0xc2, 0x80, 0x7e, 0x55,
    0x99, 0x8f, 0x10, 0x9a, 0xa0, 0x80, 0x17, 0xbf,
    0xdd, 0xb9, 0x75, 0xe, 0x60, 0x1f, 0xa2, 0xa9,
    0x32, 0x87, 0x73, 0x2a, 0x8c, 0x2, 0x10, 0xf,
    0xff, 0x2a, 0x77, 0x7f, 0xf0, 0x48, 0x0, 0xbd,
    0xdf, 0xfc, 0x10, 0xc, 0x23, 0xff, 0xc1, 0x0,
    0xc2, 0x3f, 0xfc, 0x10, 0xf, 0xfe, 0xca, 0x7f,
    0xff, 0x48, 0x7, 0xf1, 0x67, 0xff, 0xf0, 0x7,
    0xfc, 0x35, 0x20, 0x2, 0x10, 0x1, 0x88, 0x16,
    0x38, 0x7, 0xff, 0x1a, 0x39, 0x40, 0x7, 0x86,
    0x0, 0x6c, 0x20, 0x4, 0x73, 0x0, 0x7f, 0xf0,
    0x45, 0xf9, 0xc0, 0x27, 0xc1, 0x0, 0xc5, 0xac,
    0x0, 0x19, 0xe7, 0x10, 0xf, 0xc7, 0x3d, 0x2,
    0x0, 0x3c, 0x80, 0xf, 0xd3, 0x84, 0x0, 0x18,
    0xea, 0x40, 0xc, 0xfb, 0x8c, 0x1, 0xc, 0xe1,
    0x80, 0x42, 0x31, 0x80, 0x47, 0xb2, 0x20, 0x12,
    0xdf, 0x48, 0x2, 0x48, 0x3, 0x3f, 0x30, 0x7,
    0x67, 0x72, 0x40, 0x39, 0xba, 0x4, 0x2, 0x12,
    0x0, 0x38, 0x0, 0x44, 0xf, 0xff, 0xff, 0xc6,
    0x81, 0x83, 0x0, 0x70, 0x2, 0x8e, 0x79, 0x0,
    0x3f, 0xf9, 0x4b, 0x98, 0x65, 0x0, 0x1e, 0x30,
    0x7, 0x8, 0xff, 0xf0, 0xc0, 0x3c, 0x72, 0x1,
    0xff, 0x77, 0x7f, 0xf0, 0xe0, 0x3, 0xff, 0xd1,
    0x11, 0xff, 0xc3, 0xb0, 0xf, 0xfe, 0x33, 0xbf,
    0xff, 0xc, 0xc0, 0x3f, 0xfd, 0x1d, 0xdf, 0xfc,
    0x37, 0x0, 0xff, 0xe3, 0x8, 0xff, 0xf0, 0xfc,
    0x3, 0xff, 0xd1, 0x99, 0xff, 0xc3, 0x90, 0xf,
    0xfe, 0x31, 0x9f, 0xff, 0xc, 0x40, 0x3f, 0xfd,
    0x1f, 0xff, 0xfc, 0x38, 0x0, 0xff, 0xe1, 0x57,
    0xfc, 0x1, 0xff, 0xc3, 0x7f, 0xf8, 0x80, 0x38,

    /* U+9A8C "验" */
    0x0, 0xff, 0xe4, 0x35, 0x51, 0xc0, 0x3f, 0xfa,
    0x3, 0x2a, 0xa8, 0x20, 0xf, 0xc5, 0xff, 0xfe,
    0x50, 0xf, 0xa4, 0x3, 0x40, 0x7, 0xe1, 0x0,
    0xff, 0x8, 0x7, 0x89, 0xc0, 0x32, 0x90, 0x7,
    0xff, 0x19, 0xc0, 0x3d, 0xc0, 0x11, 0x80, 0x3c,
    0x3, 0xe3, 0xee, 0xf8, 0x80, 0x2, 0x1, 0xd0,
    0x60, 0x8, 0xf0, 0x1, 0x40, 0x7, 0xc2, 0xae,
    0xe1, 0x18, 0xc0, 0x6, 0x1, 0x91, 0xc0, 0x4,
    0xe6, 0xc0, 0x7, 0x40, 0xf, 0xa6, 0x61, 0x0,
    0x8, 0x0, 0x40, 0x23, 0xb0, 0xb, 0xc0, 0x12,
    0x40, 0xb, 0x30, 0xf, 0x18, 0x0, 0x40, 0x3f,
    0x16, 0x80, 0x52, 0x40, 0x17, 0x0, 0x58, 0x60,
    0x1c, 0x20, 0x20, 0x1, 0x0, 0x8, 0x0, 0xf0,
    0x40, 0xe, 0xc0, 0x18, 0xe8, 0x2, 0xc4, 0x0,
    0xf1, 0x80, 0xc, 0x0, 0x60, 0xb8, 0x20, 0x5,
    0x80, 0xf, 0x2c, 0x0, 0x57, 0x0, 0x1, 0x0,
    0x8, 0x0, 0x40, 0x2, 0xd4, 0x1, 0x1c, 0x11,
    0x7e, 0x55, 0x0, 0x4f, 0x0, 0x60, 0x7, 0x0,
    0x38, 0x1, 0xd4, 0x2, 0x23, 0xdd, 0xff, 0x29,
    0x0, 0x56, 0x2, 0x0, 0x10, 0x0, 0x80, 0x4,
    0xd4, 0x1e, 0x0, 0x3f, 0xf8, 0xb, 0x40, 0x86,
    0xe, 0x0, 0x30, 0x1, 0x80, 0xc, 0x22, 0xa0,
    0x3, 0xff, 0x84, 0xb9, 0x20, 0x1, 0x0, 0x84,
    0x5c, 0x1, 0x9, 0x28, 0x2e, 0xef, 0xff, 0x2,
    0x40, 0xc8, 0x0, 0x40, 0x6, 0xee, 0x38, 0x1,
    0xb8, 0xc0, 0x23, 0x22, 0x86, 0x98, 0x8b, 0x9,
    0x0, 0x77, 0x80, 0x7f, 0x84, 0xaf, 0xd8, 0x0,
    0xd8, 0xfc, 0x1, 0xa3, 0x34, 0xc0, 0x3f, 0xf8,
    0x66, 0x81, 0x60, 0x7, 0x0, 0x20, 0x6, 0x40,
    0x22, 0x0, 0x51, 0xff, 0xf0, 0x4, 0x62, 0x60,
    0x62, 0x2, 0x40, 0x24, 0x0, 0x40, 0x1, 0x88,
    0x7, 0xf8, 0x40, 0x39, 0x0, 0x8, 0x0, 0x40,
    0x2, 0x80, 0x34, 0x1, 0x60, 0x1f, 0xf1, 0x80,
    0x42, 0x18, 0x0, 0xc0, 0x6, 0x0, 0x30, 0x0,
    0xe0, 0x5, 0x0, 0xc2, 0x8d, 0x37, 0xd6, 0x1,
    0xe4, 0x0, 0x38, 0x1, 0x0, 0xa, 0x6, 0x20,
    0x44, 0x0, 0xab, 0xae, 0x59, 0x5, 0xc4, 0x3,
    0xc8, 0x2, 0x40, 0x24, 0x2, 0x76, 0x0, 0x50,
    0xc, 0x60, 0x1f, 0x38, 0x0, 0x40, 0x2c, 0x0,
    0x20, 0x1, 0x0, 0xa, 0xa0, 0x5, 0x80, 0x61,
    0x1, 0x47, 0xad, 0xc0, 0x8, 0xc0, 0x24, 0x0,
    0x60, 0x3, 0x1, 0x38, 0x80, 0x8c, 0x3, 0x4f,
    0x72, 0xe1, 0x48, 0x4, 0x3, 0xc6, 0x1, 0xcb,
    0xf6, 0x1, 0x28, 0x7, 0x8, 0x80, 0x3c, 0x60,
    0x1, 0x0, 0xd7, 0xd4, 0x1, 0xca, 0x0, 0xb0,
    0xf, 0xfe, 0xf, 0x0, 0x1c, 0x3, 0x20, 0x80,
    0x71, 0x90, 0x11, 0x80, 0x7e, 0x11, 0xc8, 0xc0,
    0x1, 0x2f, 0xff, 0xf6, 0x0, 0xb, 0xff, 0x50,
    0x5, 0x1d, 0xda, 0xc4, 0x1, 0x80, 0x1f, 0xfc,
    0xbc, 0x0, 0xf8, 0x98, 0x3, 0xff, 0x96, 0xa4,
    0x58, 0xd2, 0x34, 0xa, 0xab, 0xff, 0x8d, 0x20,

    /* U+9E21 "鸡" */
    0x0, 0xff, 0xe4, 0x55, 0xcb, 0x0, 0x7f, 0xf4,
    0x55, 0x1b, 0x40, 0x3f, 0xfa, 0xc, 0x1, 0x68,
    0x7, 0xf8, 0xe2, 0x3f, 0xce, 0x0, 0x77, 0xd6,
    0x1, 0x73, 0xbf, 0x90, 0x2, 0x57, 0x7f, 0xf4,
    0x80, 0x22, 0x31, 0x0, 0x4f, 0x11, 0xec, 0x0,
    0xff, 0xea, 0x78, 0x7, 0xff, 0x21, 0xa2, 0x3f,
    0x8, 0x0, 0x40, 0x26, 0xff, 0xf9, 0xc0, 0x6,
    0x1, 0xd4, 0xe7, 0x4a, 0xef, 0x8c, 0x3, 0xff,
    0x84, 0x60, 0x7, 0x0, 0xf1, 0xd9, 0x78, 0x80,
    0x46, 0x0, 0x30, 0xc, 0x79, 0x60, 0x19, 0x40,
    0x4, 0x1, 0xe3, 0x60, 0x2c, 0x10, 0x0, 0x80,
    0x4, 0x2, 0x4c, 0x34, 0x40, 0x0, 0x44, 0x0,
    0xd0, 0xf, 0xa5, 0x80, 0xa8, 0x3, 0x9c, 0x2,
    0x42, 0x0, 0x48, 0x1, 0x40, 0x24, 0x0, 0xfd,
    0x28, 0x52, 0x4, 0x1, 0xfa, 0x0, 0x4, 0xc1,
    0xa0, 0x1, 0x10, 0x7, 0xf5, 0xe1, 0xc, 0x0,
    0x44, 0x1, 0x94, 0xc0, 0x10, 0x8, 0x0, 0x40,
    0xf, 0xe6, 0xfe, 0xfe, 0x50, 0x1, 0x8, 0x7,
    0x40, 0x0, 0x64, 0x80, 0x18, 0x1, 0xfc, 0xa0,
    0x1f, 0x70, 0x7, 0x91, 0x0, 0x6, 0x0, 0x9c,
    0x3, 0xf8, 0xcc, 0x44, 0x34, 0x8e, 0x30, 0xf,
    0xa0, 0x3, 0x8c, 0x40, 0x3f, 0xd9, 0xba, 0xcb,
    0x71, 0x0, 0xfc, 0x6a, 0x1, 0xac, 0x3, 0xef,
    0xcc, 0xff, 0xe0, 0x98, 0x7, 0x40, 0x6, 0x60,
    0xf, 0x8c, 0xff, 0xf8, 0x40, 0x1e, 0x21, 0x0,
    0x88, 0x3, 0xff, 0x92, 0x20, 0x1c, 0xc2, 0x1,
    0x40, 0x6, 0xcc, 0xff, 0xe0, 0xd0, 0x4, 0x60,
    0x1d, 0x60, 0x19, 0x10, 0x1, 0x19, 0xff, 0xf0,
    0x58, 0x3, 0xf2, 0x90, 0x7, 0x40, 0x7, 0xff,
    0x11, 0xc0, 0x21, 0x0, 0xd0, 0x0, 0x16, 0x0,
    0x1a, 0x5, 0xf7, 0x7f, 0xda, 0x2, 0x1, 0xf3,
    0x10, 0x2, 0x20, 0x1, 0x40, 0x38, 0x8f, 0xfc,
    0x40, 0x60, 0x1, 0x0, 0xd0, 0x0, 0x16, 0x16,
    0x0, 0x1a, 0x0, 0x7f, 0xf0, 0x84, 0x0, 0x60,
    0x14, 0x88, 0x2, 0x0, 0x10, 0x1, 0x46, 0xf7,
    0x7f, 0xf0, 0x3, 0x80, 0x2, 0x0, 0x36, 0x0,
    0x13, 0x0, 0x5, 0x80, 0x6, 0xa2, 0x3f, 0xfc,
    0x0, 0x30, 0x3, 0x80, 0x38, 0x2, 0x90, 0xd,
    0x60, 0x11, 0x80, 0x7f, 0xf0, 0x5, 0x40, 0x4,
    0x0, 0x30, 0x2, 0xa0, 0x6, 0x25, 0x1b, 0x70,
    0xe, 0x66, 0xf4, 0x60, 0x5, 0xc0, 0xb, 0x1,
    0xb0, 0xf, 0x5f, 0xa0, 0x7, 0xa2, 0x67, 0x9c,
    0x80, 0x26, 0x0, 0x2a, 0x58, 0x80, 0x78, 0x44,
    0x1, 0xf2, 0x80, 0x7f, 0x48, 0x80, 0x54, 0xa0,
    0x1f, 0xfc, 0x43, 0x0, 0xe1, 0x26, 0xc6, 0x0,
    0x0,

    /* U+9ED1 "黑" */
    0x0, 0x84, 0x7f, 0xf9, 0xc0, 0x1c, 0xbd, 0xdf,
    0xfc, 0xe5, 0x0, 0xff, 0xfe, 0x7f, 0xba, 0x3f,
    0xf2, 0x0, 0x13, 0xff, 0x4f, 0x7f, 0x80, 0x3f,
    0xf8, 0x29, 0xf0, 0xe0, 0x1f, 0xe5, 0x9f, 0x40,
    0xf, 0xfe, 0x18, 0x84, 0x18, 0x7, 0xe1, 0xb0,
    0x1c, 0x0, 0xff, 0xe1, 0x23, 0x0, 0x38, 0x3,
    0xf6, 0x88, 0x1c, 0x0, 0x7f, 0xf0, 0xe4, 0x80,
    0xa0, 0x3, 0xd4, 0x60, 0xe, 0x0, 0xff, 0xe2,
    0xf0, 0x15, 0x80, 0x7b, 0xc0, 0x14, 0x40, 0x1f,
    0xfc, 0x53, 0xad, 0x30, 0xf, 0x2e, 0xc2, 0x80,
    0x7f, 0xf0, 0xff, 0xf5, 0x7f, 0xc8, 0x0, 0x4f,
    0xf6, 0xc7, 0xfe, 0x0, 0xff, 0xfe, 0x2f, 0x77,
    0xfc, 0x80, 0x4, 0xee, 0xff, 0x94, 0x3, 0x84,
    0x7f, 0xe0, 0xc, 0x23, 0xff, 0x0, 0x74, 0xdd,
    0xff, 0xca, 0x0, 0x5b, 0xbf, 0xfa, 0x40, 0x32,
    0x27, 0xff, 0x0, 0x40, 0x2, 0x89, 0xff, 0x38,
    0x7, 0xff, 0x63, 0xf3, 0x3f, 0xe3, 0x0, 0x1e,
    0x67, 0xff, 0x0, 0x3, 0x11, 0x9f, 0xfc, 0xe0,
    0x7, 0x33, 0xff, 0x88, 0x3, 0xff, 0xad, 0x9f,
    0xff, 0xfc, 0x14, 0x0, 0x27, 0xff, 0xff, 0x7,
    0x84, 0x3, 0xff, 0xa6, 0x20, 0x1f, 0xfd, 0x3c,
    0xff, 0x6a, 0xdf, 0xff, 0xbb, 0xff, 0xd9, 0xbf,
    0xfd, 0x8f, 0xff, 0x70, 0x5, 0x6b, 0x7c, 0x0,
    0x2b, 0xee, 0x8, 0x4, 0xfb, 0x90, 0x1, 0xd,
    0xe3, 0xb8, 0x3, 0x89, 0x80, 0x8, 0x0, 0x34,
    0x10, 0x40, 0xc, 0x40, 0xa4, 0x0, 0x16, 0x0,
    0x41, 0x0, 0x69, 0x0, 0xa0, 0x0, 0x24, 0x0,
    0xf0, 0x9, 0xc0, 0x28, 0x0, 0xb8, 0x2, 0xe0,
    0x9, 0x90, 0x0, 0xa4, 0x1, 0x20, 0x1, 0x0,
    0x33, 0x0, 0x14, 0x40, 0x6, 0xc0, 0x3, 0x70,
    0x29, 0x0, 0xa0, 0x3, 0x60, 0x0, 0x48, 0x2,
    0xb0, 0xa, 0x40, 0x28, 0x10, 0x4, 0xb, 0x10,
    0x1, 0xc8, 0x3, 0x38, 0x4, 0xe0, 0x11, 0x18,
    0x1f, 0x0, 0x43, 0x0, 0x5, 0x4, 0xd8, 0x38,
    0x0, 0xe2, 0xad, 0xf5, 0x0, 0xdd, 0xcc, 0x60,
    0xc, 0xcb, 0x74, 0x20, 0x7, 0xc0, 0xf, 0x94,
    0x80, 0x3c, 0x42, 0x1, 0xf5, 0x20, 0x0,

    /* U+FF0C "，" */
    0x8, 0xdd, 0xc6, 0x4, 0x5c, 0x1, 0xff, 0xcb,
    0xaf, 0xf0, 0x7, 0x84, 0x0, 0x40, 0x14, 0x81,
    0x8, 0x1, 0x1c, 0x2c, 0x1, 0x36, 0x6, 0xc0,
    0x5, 0x4, 0xc0, 0xb, 0xe6, 0xc0, 0x20,

    /* U+FF1A "：" */
    0x3d, 0xdd, 0x20, 0x45, 0x8c, 0x3, 0xff, 0x8c,
    0x7f, 0xfa, 0x80, 0x3f, 0xfd, 0x47, 0xbb, 0xa0,
    0x8, 0xb8, 0x3, 0xff, 0x8c, 0x7f, 0xfa, 0x80,

    /* U+FF1B "；" */
    0x9, 0xdd, 0xc4, 0x4, 0x5c, 0x1, 0xff, 0xcb,
    0xbf, 0xfc, 0x40, 0x1f, 0xff, 0x49, 0xdd, 0xc4,
    0x4, 0x5c, 0x1, 0xff, 0xcb, 0xbf, 0xd0, 0xf,
    0x8, 0x0, 0x80, 0x2a, 0x3, 0x0, 0x99, 0x81,
    0x20, 0x35, 0x20, 0x8a, 0x2, 0xe0, 0xb6, 0x1,
    0x4d, 0x50, 0x2,

    /* U+FF5C "｜" */
    0x6, 0x6c, 0x0, 0x99, 0xc0, 0x1f, 0xff, 0xf0,
    0xf, 0xff, 0xf8, 0x7, 0xff, 0x64
};


/*---------------------
 *  GLYPH DESCRIPTION
 *--------------------*/

static const lv_font_fmt_txt_glyph_dsc_t glyph_dsc[] = {
    {.bitmap_index = 0, .adv_w = 0, .box_w = 0, .box_h = 0, .ofs_x = 0, .ofs_y = 0} /* id = 0 reserved */,
    {.bitmap_index = 0, .adv_w = 169, .box_w = 0, .box_h = 0, .ofs_x = 0, .ofs_y = 0},
    {.bitmap_index = 0, .adv_w = 166, .box_w = 6, .box_h = 27, .ofs_x = 2, .ofs_y = 0},
    {.bitmap_index = 49, .adv_w = 221, .box_w = 12, .box_h = 10, .ofs_x = 1, .ofs_y = 21},
    {.bitmap_index = 108, .adv_w = 418, .box_w = 24, .box_h = 27, .ofs_x = 1, .ofs_y = 0},
    {.bitmap_index = 311, .adv_w = 344, .box_w = 21, .box_h = 34, .ofs_x = 0, .ofs_y = -3},
    {.bitmap_index = 536, .adv_w = 493, .box_w = 31, .box_h = 27, .ofs_x = 0, .ofs_y = 0},
    {.bitmap_index = 851, .adv_w = 427, .box_w = 26, .box_h = 29, .ofs_x = 1, .ofs_y = -1},
    {.bitmap_index = 1126, .adv_w = 120, .box_w = 5, .box_h = 10, .ofs_x = 1, .ofs_y = 21},
    {.bitmap_index = 1150, .adv_w = 194, .box_w = 10, .box_h = 33, .ofs_x = 2, .ofs_y = -2},
    {.bitmap_index = 1275, .adv_w = 194, .box_w = 9, .box_h = 33, .ofs_x = 1, .ofs_y = -2},
    {.bitmap_index = 1395, .adv_w = 259, .box_w = 12, .box_h = 12, .ofs_x = 2, .ofs_y = 15},
    {.bitmap_index = 1465, .adv_w = 362, .box_w = 18, .box_h = 17, .ofs_x = 2, .ofs_y = 5},
    {.bitmap_index = 1504, .adv_w = 159, .box_w = 6, .box_h = 12, .ofs_x = 2, .ofs_y = -7},
    {.bitmap_index = 1534, .adv_w = 270, .box_w = 15, .box_h = 4, .ofs_x = 1, .ofs_y = 12},
    {.bitmap_index = 1546, .adv_w = 153, .box_w = 6, .box_h = 5, .ofs_x = 2, .ofs_y = 0},
    {.bitmap_index = 1554, .adv_w = 245, .box_w = 13, .box_h = 27, .ofs_x = 1, .ofs_y = 0},
    {.bitmap_index = 1672, .adv_w = 375, .box_w = 20, .box_h = 29, .ofs_x = 2, .ofs_y = -1},
    {.bitmap_index = 1871, .adv_w = 256, .box_w = 11, .box_h = 27, .ofs_x = 1, .ofs_y = 0},
    {.bitmap_index = 1912, .adv_w = 340, .box_w = 19, .box_h = 28, .ofs_x = 1, .ofs_y = 0},
    {.bitmap_index = 2079, .adv_w = 351, .box_w = 20, .box_h = 28, .ofs_x = 1, .ofs_y = -1},
    {.bitmap_index = 2255, .adv_w = 354, .box_w = 22, .box_h = 27, .ofs_x = 0, .ofs_y = 0},
    {.bitmap_index = 2389, .adv_w = 351, .box_w = 20, .box_h = 28, .ofs_x = 1, .ofs_y = -1},
    {.bitmap_index = 2574, .adv_w = 355, .box_w = 20, .box_h = 28, .ofs_x = 1, .ofs_y = -1},
    {.bitmap_index = 2772, .adv_w = 316, .box_w = 18, .box_h = 27, .ofs_x = 1, .ofs_y = 0},
    {.bitmap_index = 2906, .adv_w = 374, .box_w = 20, .box_h = 29, .ofs_x = 2, .ofs_y = -1},
    {.bitmap_index = 3129, .adv_w = 359, .box_w = 20, .box_h = 28, .ofs_x = 1, .ofs_y = 0},
    {.bitmap_index = 3326, .adv_w = 153, .box_w = 6, .box_h = 20, .ofs_x = 2, .ofs_y = 0},
    {.bitmap_index = 3347, .adv_w = 159, .box_w = 6, .box_h = 27, .ofs_x = 2, .ofs_y = -7},
    {.bitmap_index = 3390, .adv_w = 362, .box_w = 18, .box_h = 22, .ofs_x = 2, .ofs_y = 2},
    {.bitmap_index = 3521, .adv_w = 362, .box_w = 18, .box_h = 12, .ofs_x = 2, .ofs_y = 8},
    {.bitmap_index = 3551, .adv_w = 362, .box_w = 18, .box_h = 22, .ofs_x = 2, .ofs_y = 2},
    {.bitmap_index = 3681, .adv_w = 298, .box_w = 18, .box_h = 28, .ofs_x = 0, .ofs_y = 0},
    {.bitmap_index = 3822, .adv_w = 488, .box_w = 29, .box_h = 29, .ofs_x = 1, .ofs_y = -1},
    {.bitmap_index = 4153, .adv_w = 406, .box_w = 26, .box_h = 27, .ofs_x = 0, .ofs_y = 0},
    {.bitmap_index = 4364, .adv_w = 394, .box_w = 22, .box_h = 27, .ofs_x = 2, .ofs_y = 0},
    {.bitmap_index = 4522, .adv_w = 411, .box_w = 24, .box_h = 29, .ofs_x = 1, .ofs_y = -1},
    {.bitmap_index = 4732, .adv_w = 438, .box_w = 24, .box_h = 27, .ofs_x = 2, .ofs_y = 0},
    {.bitmap_index = 4894, .adv_w = 350, .box_w = 19, .box_h = 27, .ofs_x = 2, .ofs_y = 0},
    {.bitmap_index = 4950, .adv_w = 335, .box_w = 18, .box_h = 27, .ofs_x = 2, .ofs_y = 0},
    {.bitmap_index = 4986, .adv_w = 433, .box_w = 24, .box_h = 29, .ofs_x = 1, .ofs_y = -1},
    {.bitmap_index = 5204, .adv_w = 433, .box_w = 23, .box_h = 27, .ofs_x = 2, .ofs_y = 0},
    {.bitmap_index = 5247, .adv_w = 154, .box_w = 5, .box_h = 27, .ofs_x = 2, .ofs_y = 0},
    {.bitmap_index = 5256, .adv_w = 294, .box_w = 16, .box_h = 28, .ofs_x = 0, .ofs_y = -1},
    {.bitmap_index = 5326, .adv_w = 393, .box_w = 23, .box_h = 27, .ofs_x = 2, .ofs_y = 0},
    {.bitmap_index = 5504, .adv_w = 336, .box_w = 19, .box_h = 27, .ofs_x = 2, .ofs_y = 0},
    {.bitmap_index = 5537, .adv_w = 524, .box_w = 29, .box_h = 27, .ofs_x = 2, .ofs_y = 0},
    {.bitmap_index = 5716, .adv_w = 434, .box_w = 23, .box_h = 27, .ofs_x = 2, .ofs_y = 0},
    {.bitmap_index = 5859, .adv_w = 455, .box_w = 26, .box_h = 29, .ofs_x = 1, .ofs_y = -1},
    {.bitmap_index = 6110, .adv_w = 374, .box_w = 21, .box_h = 27, .ofs_x = 2, .ofs_y = 0},
    {.bitmap_index = 6227, .adv_w = 458, .box_w = 26, .box_h = 32, .ofs_x = 1, .ofs_y = -4},
    {.bitmap_index = 6506, .adv_w = 381, .box_w = 22, .box_h = 27, .ofs_x = 2, .ofs_y = 0},
    {.bitmap_index = 6665, .adv_w = 357, .box_w = 21, .box_h = 29, .ofs_x = 1, .ofs_y = -1},
    {.bitmap_index = 6880, .adv_w = 360, .box_w = 22, .box_h = 27, .ofs_x = 0, .ofs_y = 0},
    {.bitmap_index = 6916, .adv_w = 420, .box_w = 22, .box_h = 28, .ofs_x = 2, .ofs_y = -1},
    {.bitmap_index = 7022, .adv_w = 409, .box_w = 26, .box_h = 27, .ofs_x = 0, .ofs_y = 0},
    {.bitmap_index = 7245, .adv_w = 596, .box_w = 37, .box_h = 27, .ofs_x = 0, .ofs_y = 0},
    {.bitmap_index = 7596, .adv_w = 400, .box_w = 25, .box_h = 27, .ofs_x = 0, .ofs_y = 0},
    {.bitmap_index = 7826, .adv_w = 384, .box_w = 24, .box_h = 27, .ofs_x = 0, .ofs_y = 0},
    {.bitmap_index = 7977, .adv_w = 362, .box_w = 21, .box_h = 27, .ofs_x = 1, .ofs_y = 0},
    {.bitmap_index = 8121, .adv_w = 208, .box_w = 10, .box_h = 32, .ofs_x = 3, .ofs_y = -2},
    {.bitmap_index = 8154, .adv_w = 210, .box_w = 13, .box_h = 27, .ofs_x = 0, .ofs_y = 0},
    {.bitmap_index = 8269, .adv_w = 208, .box_w = 10, .box_h = 32, .ofs_x = 0, .ofs_y = -2},
    {.bitmap_index = 8302, .adv_w = 267, .box_w = 16, .box_h = 10, .ofs_x = 0, .ofs_y = 20},
    {.bitmap_index = 8367, .adv_w = 268, .box_w = 17, .box_h = 4, .ofs_x = 0, .ofs_y = -6},
    {.bitmap_index = 8378, .adv_w = 167, .box_w = 9, .box_h = 8, .ofs_x = 0, .ofs_y = 21},
    {.bitmap_index = 8409, .adv_w = 323, .box_w = 17, .box_h = 22, .ofs_x = 1, .ofs_y = -1},
    {.bitmap_index = 8551, .adv_w = 355, .box_w = 19, .box_h = 28, .ofs_x = 2, .ofs_y = -1},
    {.bitmap_index = 8699, .adv_w = 317, .box_w = 18, .box_h = 22, .ofs_x = 1, .ofs_y = -1},
    {.bitmap_index = 8842, .adv_w = 356, .box_w = 19, .box_h = 28, .ofs_x = 1, .ofs_y = -1},
    {.bitmap_index = 8994, .adv_w = 332, .box_w = 19, .box_h = 22, .ofs_x = 1, .ofs_y = -1},
    {.bitmap_index = 9141, .adv_w = 213, .box_w = 13, .box_h = 28, .ofs_x = 0, .ofs_y = 0},
    {.bitmap_index = 9209, .adv_w = 354, .box_w = 19, .box_h = 30, .ofs_x = 1, .ofs_y = -9},
    {.bitmap_index = 9417, .adv_w = 347, .box_w = 18, .box_h = 27, .ofs_x = 2, .ofs_y = 0},
    {.bitmap_index = 9495, .adv_w = 153, .box_w = 6, .box_h = 28, .ofs_x = 2, .ofs_y = 0},
    {.bitmap_index = 9525, .adv_w = 154, .box_w = 11, .box_h = 37, .ofs_x = -3, .ofs_y = -9},
    {.bitmap_index = 9598, .adv_w = 317, .box_w = 18, .box_h = 27, .ofs_x = 2, .ofs_y = 0},
    {.bitmap_index = 9718, .adv_w = 157, .box_w = 7, .box_h = 27, .ofs_x = 2, .ofs_y = 0},
    {.bitmap_index = 9742, .adv_w = 524, .box_w = 29, .box_h = 21, .ofs_x = 2, .ofs_y = 0},
    {.bitmap_index = 9860, .adv_w = 347, .box_w = 18, .box_h = 21, .ofs_x = 2, .ofs_y = 0},
    {.bitmap_index = 9931, .adv_w = 344, .box_w = 20, .box_h = 22, .ofs_x = 1, .ofs_y = -1},
    {.bitmap_index = 10088, .adv_w = 355, .box_w = 19, .box_h = 29, .ofs_x = 2, .ofs_y = -8},
    {.bitmap_index = 10242, .adv_w = 355, .box_w = 19, .box_h = 29, .ofs_x = 1, .ofs_y = -8},
    {.bitmap_index = 10395, .adv_w = 237, .box_w = 13, .box_h = 21, .ofs_x = 2, .ofs_y = 0},
    {.bitmap_index = 10447, .adv_w = 286, .box_w = 17, .box_h = 22, .ofs_x = 0, .ofs_y = -1},
    {.bitmap_index = 10596, .adv_w = 223, .box_w = 14, .box_h = 26, .ofs_x = 0, .ofs_y = -1},
    {.bitmap_index = 10663, .adv_w = 347, .box_w = 18, .box_h = 21, .ofs_x = 2, .ofs_y = -1},
    {.bitmap_index = 10733, .adv_w = 310, .box_w = 21, .box_h = 20, .ofs_x = -1, .ofs_y = 0},
    {.bitmap_index = 10882, .adv_w = 479, .box_w = 32, .box_h = 20, .ofs_x = -1, .ofs_y = 0},
    {.bitmap_index = 11128, .adv_w = 304, .box_w = 21, .box_h = 20, .ofs_x = -1, .ofs_y = 0},
    {.bitmap_index = 11283, .adv_w = 316, .box_w = 21, .box_h = 28, .ofs_x = -1, .ofs_y = -8},
    {.bitmap_index = 11477, .adv_w = 286, .box_w = 16, .box_h = 20, .ofs_x = 1, .ofs_y = 0},
    {.bitmap_index = 11566, .adv_w = 214, .box_w = 13, .box_h = 32, .ofs_x = 0, .ofs_y = -2},
    {.bitmap_index = 11684, .adv_w = 138, .box_w = 5, .box_h = 33, .ofs_x = 2, .ofs_y = -2},
    {.bitmap_index = 11696, .adv_w = 214, .box_w = 13, .box_h = 32, .ofs_x = 0, .ofs_y = -2},
    {.bitmap_index = 11822, .adv_w = 326, .box_w = 19, .box_h = 8, .ofs_x = 1, .ofs_y = 9},
    {.bitmap_index = 11881, .adv_w = 288, .box_w = 6, .box_h = 5, .ofs_x = 6, .ofs_y = 11},
    {.bitmap_index = 11889, .adv_w = 288, .box_w = 18, .box_h = 4, .ofs_x = 0, .ofs_y = 12},
    {.bitmap_index = 11899, .adv_w = 576, .box_w = 12, .box_h = 10, .ofs_x = 3, .ofs_y = -2},
    {.bitmap_index = 11955, .adv_w = 576, .box_w = 32, .box_h = 5, .ofs_x = 2, .ofs_y = 12},
    {.bitmap_index = 11970, .adv_w = 576, .box_w = 32, .box_h = 32, .ofs_x = 2, .ofs_y = -1},
    {.bitmap_index = 12049, .adv_w = 576, .box_w = 34, .box_h = 31, .ofs_x = 1, .ofs_y = -2},
    {.bitmap_index = 12252, .adv_w = 576, .box_w = 32, .box_h = 33, .ofs_x = 1, .ofs_y = -2},
    {.bitmap_index = 12449, .adv_w = 576, .box_w = 34, .box_h = 34, .ofs_x = 1, .ofs_y = -2},
    {.bitmap_index = 12664, .adv_w = 576, .box_w = 30, .box_h = 34, .ofs_x = 3, .ofs_y = -2},
    {.bitmap_index = 12756, .adv_w = 576, .box_w = 33, .box_h = 33, .ofs_x = 1, .ofs_y = -2},
    {.bitmap_index = 13010, .adv_w = 576, .box_w = 33, .box_h = 33, .ofs_x = 1, .ofs_y = -2},
    {.bitmap_index = 13254, .adv_w = 576, .box_w = 33, .box_h = 34, .ofs_x = 1, .ofs_y = -3},
    {.bitmap_index = 13587, .adv_w = 576, .box_w = 34, .box_h = 34, .ofs_x = 1, .ofs_y = -3},
    {.bitmap_index = 13920, .adv_w = 576, .box_w = 32, .box_h = 34, .ofs_x = 1, .ofs_y = -3},
    {.bitmap_index = 14243, .adv_w = 576, .box_w = 34, .box_h = 34, .ofs_x = 1, .ofs_y = -3},
    {.bitmap_index = 14589, .adv_w = 576, .box_w = 34, .box_h = 35, .ofs_x = 1, .ofs_y = -4},
    {.bitmap_index = 14923, .adv_w = 576, .box_w = 34, .box_h = 35, .ofs_x = 1, .ofs_y = -3},
    {.bitmap_index = 15163, .adv_w = 576, .box_w = 33, .box_h = 33, .ofs_x = 1, .ofs_y = -2},
    {.bitmap_index = 15366, .adv_w = 576, .box_w = 34, .box_h = 33, .ofs_x = 1, .ofs_y = -2},
    {.bitmap_index = 15650, .adv_w = 576, .box_w = 34, .box_h = 34, .ofs_x = 1, .ofs_y = -3},
    {.bitmap_index = 15971, .adv_w = 576, .box_w = 33, .box_h = 34, .ofs_x = 1, .ofs_y = -3},
    {.bitmap_index = 16272, .adv_w = 576, .box_w = 33, .box_h = 33, .ofs_x = 1, .ofs_y = -2},
    {.bitmap_index = 16450, .adv_w = 576, .box_w = 34, .box_h = 33, .ofs_x = 1, .ofs_y = -2},
    {.bitmap_index = 16751, .adv_w = 576, .box_w = 34, .box_h = 33, .ofs_x = 1, .ofs_y = -2},
    {.bitmap_index = 17077, .adv_w = 576, .box_w = 34, .box_h = 34, .ofs_x = 1, .ofs_y = -2},
    {.bitmap_index = 17290, .adv_w = 576, .box_w = 34, .box_h = 34, .ofs_x = 1, .ofs_y = -2},
    {.bitmap_index = 17594, .adv_w = 576, .box_w = 32, .box_h = 33, .ofs_x = 1, .ofs_y = -2},
    {.bitmap_index = 17852, .adv_w = 576, .box_w = 34, .box_h = 34, .ofs_x = 1, .ofs_y = -3},
    {.bitmap_index = 18133, .adv_w = 576, .box_w = 33, .box_h = 34, .ofs_x = 1, .ofs_y = -3},
    {.bitmap_index = 18532, .adv_w = 576, .box_w = 34, .box_h = 34, .ofs_x = 1, .ofs_y = -3},
    {.bitmap_index = 18862, .adv_w = 576, .box_w = 32, .box_h = 35, .ofs_x = 2, .ofs_y = -4},
    {.bitmap_index = 19190, .adv_w = 576, .box_w = 34, .box_h = 33, .ofs_x = 1, .ofs_y = -3},
    {.bitmap_index = 19466, .adv_w = 576, .box_w = 34, .box_h = 33, .ofs_x = 1, .ofs_y = -2},
    {.bitmap_index = 19702, .adv_w = 576, .box_w = 33, .box_h = 34, .ofs_x = 1, .ofs_y = -3},
    {.bitmap_index = 19989, .adv_w = 576, .box_w = 33, .box_h = 35, .ofs_x = 1, .ofs_y = -3},
    {.bitmap_index = 20299, .adv_w = 576, .box_w = 28, .box_h = 33, .ofs_x = 4, .ofs_y = -2},
    {.bitmap_index = 20502, .adv_w = 576, .box_w = 31, .box_h = 31, .ofs_x = 2, .ofs_y = -2},
    {.bitmap_index = 20704, .adv_w = 576, .box_w = 33, .box_h = 34, .ofs_x = 2, .ofs_y = -3},
    {.bitmap_index = 21089, .adv_w = 576, .box_w = 29, .box_h = 33, .ofs_x = 4, .ofs_y = -2},
    {.bitmap_index = 21204, .adv_w = 576, .box_w = 32, .box_h = 33, .ofs_x = 2, .ofs_y = -2},
    {.bitmap_index = 21351, .adv_w = 576, .box_w = 34, .box_h = 35, .ofs_x = 1, .ofs_y = -4},
    {.bitmap_index = 21709, .adv_w = 576, .box_w = 32, .box_h = 35, .ofs_x = 1, .ofs_y = -4},
    {.bitmap_index = 22028, .adv_w = 576, .box_w = 31, .box_h = 34, .ofs_x = 2, .ofs_y = -3},
    {.bitmap_index = 22307, .adv_w = 576, .box_w = 32, .box_h = 34, .ofs_x = 1, .ofs_y = -3},
    {.bitmap_index = 22555, .adv_w = 576, .box_w = 32, .box_h = 34, .ofs_x = 2, .ofs_y = -3},
    {.bitmap_index = 22769, .adv_w = 576, .box_w = 32, .box_h = 35, .ofs_x = 1, .ofs_y = -4},
    {.bitmap_index = 23052, .adv_w = 576, .box_w = 32, .box_h = 34, .ofs_x = 1, .ofs_y = -3},
    {.bitmap_index = 23299, .adv_w = 576, .box_w = 31, .box_h = 34, .ofs_x = 2, .ofs_y = -3},
    {.bitmap_index = 23627, .adv_w = 576, .box_w = 33, .box_h = 33, .ofs_x = 1, .ofs_y = -2},
    {.bitmap_index = 23916, .adv_w = 576, .box_w = 30, .box_h = 31, .ofs_x = 4, .ofs_y = -2},
    {.bitmap_index = 24154, .adv_w = 576, .box_w = 32, .box_h = 34, .ofs_x = 2, .ofs_y = -2},
    {.bitmap_index = 24351, .adv_w = 576, .box_w = 32, .box_h = 34, .ofs_x = 2, .ofs_y = -2},
    {.bitmap_index = 24500, .adv_w = 576, .box_w = 34, .box_h = 32, .ofs_x = 1, .ofs_y = -3},
    {.bitmap_index = 24699, .adv_w = 576, .box_w = 32, .box_h = 34, .ofs_x = 2, .ofs_y = -3},
    {.bitmap_index = 24936, .adv_w = 576, .box_w = 34, .box_h = 36, .ofs_x = 1, .ofs_y = -4},
    {.bitmap_index = 25368, .adv_w = 576, .box_w = 34, .box_h = 32, .ofs_x = 1, .ofs_y = -3},
    {.bitmap_index = 25759, .adv_w = 576, .box_w = 34, .box_h = 33, .ofs_x = 1, .ofs_y = -3},
    {.bitmap_index = 26089, .adv_w = 576, .box_w = 33, .box_h = 34, .ofs_x = 1, .ofs_y = -3},
    {.bitmap_index = 26446, .adv_w = 576, .box_w = 34, .box_h = 32, .ofs_x = 1, .ofs_y = -2},
    {.bitmap_index = 26768, .adv_w = 576, .box_w = 33, .box_h = 32, .ofs_x = 1, .ofs_y = -3},
    {.bitmap_index = 26957, .adv_w = 576, .box_w = 33, .box_h = 31, .ofs_x = 2, .ofs_y = -2},
    {.bitmap_index = 27073, .adv_w = 576, .box_w = 33, .box_h = 33, .ofs_x = 1, .ofs_y = -2},
    {.bitmap_index = 27262, .adv_w = 576, .box_w = 34, .box_h = 34, .ofs_x = 1, .ofs_y = -3},
    {.bitmap_index = 27491, .adv_w = 576, .box_w = 33, .box_h = 32, .ofs_x = 1, .ofs_y = -2},
    {.bitmap_index = 27708, .adv_w = 576, .box_w = 29, .box_h = 34, .ofs_x = 3, .ofs_y = -3},
    {.bitmap_index = 27847, .adv_w = 576, .box_w = 32, .box_h = 33, .ofs_x = 1, .ofs_y = -2},
    {.bitmap_index = 28040, .adv_w = 576, .box_w = 34, .box_h = 33, .ofs_x = 1, .ofs_y = -2},
    {.bitmap_index = 28290, .adv_w = 576, .box_w = 30, .box_h = 33, .ofs_x = 3, .ofs_y = -2},
    {.bitmap_index = 28449, .adv_w = 576, .box_w = 31, .box_h = 34, .ofs_x = 3, .ofs_y = -3},
    {.bitmap_index = 28723, .adv_w = 576, .box_w = 30, .box_h = 31, .ofs_x = 3, .ofs_y = -2},
    {.bitmap_index = 28879, .adv_w = 576, .box_w = 30, .box_h = 31, .ofs_x = 3, .ofs_y = -2},
    {.bitmap_index = 28967, .adv_w = 576, .box_w = 30, .box_h = 32, .ofs_x = 3, .ofs_y = -2},
    {.bitmap_index = 29228, .adv_w = 576, .box_w = 33, .box_h = 33, .ofs_x = 1, .ofs_y = -2},
    {.bitmap_index = 29422, .adv_w = 576, .box_w = 34, .box_h = 33, .ofs_x = 1, .ofs_y = -2},
    {.bitmap_index = 29713, .adv_w = 576, .box_w = 32, .box_h = 35, .ofs_x = 1, .ofs_y = -4},
    {.bitmap_index = 30076, .adv_w = 576, .box_w = 33, .box_h = 33, .ofs_x = 1, .ofs_y = -2},
    {.bitmap_index = 30351, .adv_w = 576, .box_w = 33, .box_h = 34, .ofs_x = 1, .ofs_y = -3},
    {.bitmap_index = 30642, .adv_w = 576, .box_w = 33, .box_h = 35, .ofs_x = 1, .ofs_y = -4},
    {.bitmap_index = 31048, .adv_w = 576, .box_w = 32, .box_h = 33, .ofs_x = 2, .ofs_y = -2},
    {.bitmap_index = 31240, .adv_w = 576, .box_w = 34, .box_h = 33, .ofs_x = 1, .ofs_y = -2},
    {.bitmap_index = 31465, .adv_w = 576, .box_w = 32, .box_h = 34, .ofs_x = 2, .ofs_y = -3},
    {.bitmap_index = 31761, .adv_w = 576, .box_w = 32, .box_h = 34, .ofs_x = 2, .ofs_y = -3},
    {.bitmap_index = 31989, .adv_w = 576, .box_w = 33, .box_h = 34, .ofs_x = 1, .ofs_y = -3},
    {.bitmap_index = 32221, .adv_w = 576, .box_w = 32, .box_h = 34, .ofs_x = 2, .ofs_y = -3},
    {.bitmap_index = 32527, .adv_w = 576, .box_w = 34, .box_h = 33, .ofs_x = 1, .ofs_y = -2},
    {.bitmap_index = 32834, .adv_w = 576, .box_w = 33, .box_h = 33, .ofs_x = 1, .ofs_y = -2},
    {.bitmap_index = 33092, .adv_w = 576, .box_w = 34, .box_h = 35, .ofs_x = 1, .ofs_y = -3},
    {.bitmap_index = 33465, .adv_w = 576, .box_w = 32, .box_h = 33, .ofs_x = 2, .ofs_y = -4},
    {.bitmap_index = 33704, .adv_w = 576, .box_w = 33, .box_h = 33, .ofs_x = 1, .ofs_y = -3},
    {.bitmap_index = 33954, .adv_w = 576, .box_w = 33, .box_h = 32, .ofs_x = 1, .ofs_y = -1},
    {.bitmap_index = 34155, .adv_w = 576, .box_w = 30, .box_h = 31, .ofs_x = 4, .ofs_y = -2},
    {.bitmap_index = 34290, .adv_w = 576, .box_w = 34, .box_h = 34, .ofs_x = 1, .ofs_y = -3},
    {.bitmap_index = 34522, .adv_w = 576, .box_w = 34, .box_h = 34, .ofs_x = 1, .ofs_y = -3},
    {.bitmap_index = 34845, .adv_w = 576, .box_w = 34, .box_h = 34, .ofs_x = 1, .ofs_y = -3},
    {.bitmap_index = 35198, .adv_w = 576, .box_w = 34, .box_h = 32, .ofs_x = 1, .ofs_y = -3},
    {.bitmap_index = 35356, .adv_w = 576, .box_w = 32, .box_h = 34, .ofs_x = 2, .ofs_y = -2},
    {.bitmap_index = 35652, .adv_w = 576, .box_w = 30, .box_h = 33, .ofs_x = 2, .ofs_y = -2},
    {.bitmap_index = 35839, .adv_w = 576, .box_w = 34, .box_h = 32, .ofs_x = 1, .ofs_y = -2},
    {.bitmap_index = 36109, .adv_w = 576, .box_w = 34, .box_h = 33, .ofs_x = 1, .ofs_y = -2},
    {.bitmap_index = 36399, .adv_w = 576, .box_w = 34, .box_h = 33, .ofs_x = 1, .ofs_y = -2},
    {.bitmap_index = 36763, .adv_w = 576, .box_w = 34, .box_h = 33, .ofs_x = 1, .ofs_y = -2},
    {.bitmap_index = 37004, .adv_w = 576, .box_w = 34, .box_h = 33, .ofs_x = 1, .ofs_y = -2},
    {.bitmap_index = 37292, .adv_w = 576, .box_w = 34, .box_h = 34, .ofs_x = 1, .ofs_y = -3},
    {.bitmap_index = 37681, .adv_w = 576, .box_w = 34, .box_h = 33, .ofs_x = 1, .ofs_y = -2},
    {.bitmap_index = 37968, .adv_w = 576, .box_w = 34, .box_h = 35, .ofs_x = 1, .ofs_y = -3},
    {.bitmap_index = 38347, .adv_w = 576, .box_w = 34, .box_h = 34, .ofs_x = 1, .ofs_y = -3},
    {.bitmap_index = 38638, .adv_w = 576, .box_w = 33, .box_h = 32, .ofs_x = 2, .ofs_y = -2},
    {.bitmap_index = 38835, .adv_w = 576, .box_w = 33, .box_h = 33, .ofs_x = 1, .ofs_y = -2},
    {.bitmap_index = 39040, .adv_w = 576, .box_w = 33, .box_h = 33, .ofs_x = 1, .ofs_y = -2},
    {.bitmap_index = 39216, .adv_w = 576, .box_w = 34, .box_h = 34, .ofs_x = 1, .ofs_y = -3},
    {.bitmap_index = 39543, .adv_w = 576, .box_w = 32, .box_h = 34, .ofs_x = 1, .ofs_y = -3},
    {.bitmap_index = 39800, .adv_w = 576, .box_w = 34, .box_h = 34, .ofs_x = 1, .ofs_y = -3},
    {.bitmap_index = 40183, .adv_w = 576, .box_w = 34, .box_h = 34, .ofs_x = 1, .ofs_y = -3},
    {.bitmap_index = 40458, .adv_w = 576, .box_w = 33, .box_h = 33, .ofs_x = 1, .ofs_y = -2},
    {.bitmap_index = 40720, .adv_w = 576, .box_w = 33, .box_h = 34, .ofs_x = 1, .ofs_y = -3},
    {.bitmap_index = 41074, .adv_w = 576, .box_w = 34, .box_h = 34, .ofs_x = 1, .ofs_y = -3},
    {.bitmap_index = 41402, .adv_w = 576, .box_w = 33, .box_h = 34, .ofs_x = 1, .ofs_y = -3},
    {.bitmap_index = 41676, .adv_w = 576, .box_w = 33, .box_h = 34, .ofs_x = 1, .ofs_y = -3},
    {.bitmap_index = 42032, .adv_w = 576, .box_w = 34, .box_h = 33, .ofs_x = 1, .ofs_y = -3},
    {.bitmap_index = 42298, .adv_w = 576, .box_w = 33, .box_h = 33, .ofs_x = 1, .ofs_y = -3},
    {.bitmap_index = 42611, .adv_w = 576, .box_w = 33, .box_h = 33, .ofs_x = 1, .ofs_y = -2},
    {.bitmap_index = 42948, .adv_w = 576, .box_w = 34, .box_h = 34, .ofs_x = 1, .ofs_y = -3},
    {.bitmap_index = 43355, .adv_w = 576, .box_w = 34, .box_h = 34, .ofs_x = 1, .ofs_y = -3},
    {.bitmap_index = 43812, .adv_w = 576, .box_w = 34, .box_h = 33, .ofs_x = 1, .ofs_y = -2},
    {.bitmap_index = 44149, .adv_w = 576, .box_w = 32, .box_h = 33, .ofs_x = 3, .ofs_y = -3},
    {.bitmap_index = 44464, .adv_w = 576, .box_w = 33, .box_h = 34, .ofs_x = 1, .ofs_y = -3},
    {.bitmap_index = 44796, .adv_w = 576, .box_w = 32, .box_h = 32, .ofs_x = 2, .ofs_y = -3},
    {.bitmap_index = 45031, .adv_w = 576, .box_w = 32, .box_h = 33, .ofs_x = 3, .ofs_y = -2},
    {.bitmap_index = 45217, .adv_w = 576, .box_w = 30, .box_h = 32, .ofs_x = 3, .ofs_y = -3},
    {.bitmap_index = 45420, .adv_w = 576, .box_w = 32, .box_h = 32, .ofs_x = 2, .ofs_y = -2},
    {.bitmap_index = 45617, .adv_w = 576, .box_w = 32, .box_h = 32, .ofs_x = 2, .ofs_y = -2},
    {.bitmap_index = 45851, .adv_w = 576, .box_w = 32, .box_h = 33, .ofs_x = 2, .ofs_y = -2},
    {.bitmap_index = 46125, .adv_w = 576, .box_w = 33, .box_h = 33, .ofs_x = 2, .ofs_y = -3},
    {.bitmap_index = 46361, .adv_w = 576, .box_w = 33, .box_h = 33, .ofs_x = 2, .ofs_y = -3},
    {.bitmap_index = 46636, .adv_w = 576, .box_w = 34, .box_h = 33, .ofs_x = 1, .ofs_y = -2},
    {.bitmap_index = 46852, .adv_w = 576, .box_w = 32, .box_h = 34, .ofs_x = 1, .ofs_y = -3},
    {.bitmap_index = 47138, .adv_w = 576, .box_w = 33, .box_h = 33, .ofs_x = 1, .ofs_y = -2},
    {.bitmap_index = 47363, .adv_w = 576, .box_w = 34, .box_h = 33, .ofs_x = 1, .ofs_y = -2},
    {.bitmap_index = 47610, .adv_w = 576, .box_w = 33, .box_h = 34, .ofs_x = 1, .ofs_y = -3},
    {.bitmap_index = 47874, .adv_w = 576, .box_w = 33, .box_h = 33, .ofs_x = 1, .ofs_y = -2},
    {.bitmap_index = 48157, .adv_w = 576, .box_w = 33, .box_h = 33, .ofs_x = 2, .ofs_y = -2},
    {.bitmap_index = 48383, .adv_w = 576, .box_w = 33, .box_h = 34, .ofs_x = 1, .ofs_y = -2},
    {.bitmap_index = 48658, .adv_w = 576, .box_w = 34, .box_h = 34, .ofs_x = 1, .ofs_y = -2},
    {.bitmap_index = 49049, .adv_w = 576, .box_w = 35, .box_h = 34, .ofs_x = 0, .ofs_y = -3},
    {.bitmap_index = 49438, .adv_w = 576, .box_w = 33, .box_h = 31, .ofs_x = 2, .ofs_y = -2},
    {.bitmap_index = 49657, .adv_w = 576, .box_w = 33, .box_h = 35, .ofs_x = 1, .ofs_y = -3},
    {.bitmap_index = 50052, .adv_w = 576, .box_w = 32, .box_h = 34, .ofs_x = 2, .ofs_y = -3},
    {.bitmap_index = 50435, .adv_w = 576, .box_w = 32, .box_h = 30, .ofs_x = 2, .ofs_y = -1},
    {.bitmap_index = 50531, .adv_w = 576, .box_w = 34, .box_h = 33, .ofs_x = 1, .ofs_y = -2},
    {.bitmap_index = 50829, .adv_w = 576, .box_w = 34, .box_h = 33, .ofs_x = 1, .ofs_y = -3},
    {.bitmap_index = 51203, .adv_w = 576, .box_w = 34, .box_h = 34, .ofs_x = 1, .ofs_y = -3},
    {.bitmap_index = 51589, .adv_w = 576, .box_w = 32, .box_h = 33, .ofs_x = 1, .ofs_y = -2},
    {.bitmap_index = 51895, .adv_w = 576, .box_w = 33, .box_h = 33, .ofs_x = 1, .ofs_y = -2},
    {.bitmap_index = 52281, .adv_w = 576, .box_w = 34, .box_h = 34, .ofs_x = 1, .ofs_y = -3},
    {.bitmap_index = 52593, .adv_w = 576, .box_w = 33, .box_h = 34, .ofs_x = 1, .ofs_y = -3},
    {.bitmap_index = 52972, .adv_w = 576, .box_w = 33, .box_h = 33, .ofs_x = 1, .ofs_y = -3},
    {.bitmap_index = 53272, .adv_w = 576, .box_w = 33, .box_h = 34, .ofs_x = 1, .ofs_y = -3},
    {.bitmap_index = 53654, .adv_w = 576, .box_w = 34, .box_h = 34, .ofs_x = 1, .ofs_y = -3},
    {.bitmap_index = 53997, .adv_w = 576, .box_w = 33, .box_h = 34, .ofs_x = 2, .ofs_y = -3},
    {.bitmap_index = 54233, .adv_w = 576, .box_w = 33, .box_h = 34, .ofs_x = 2, .ofs_y = -3},
    {.bitmap_index = 54626, .adv_w = 576, .box_w = 33, .box_h = 31, .ofs_x = 1, .ofs_y = -2},
    {.bitmap_index = 54846, .adv_w = 576, .box_w = 32, .box_h = 33, .ofs_x = 2, .ofs_y = -2},
    {.bitmap_index = 55010, .adv_w = 576, .box_w = 32, .box_h = 34, .ofs_x = 1, .ofs_y = -2},
    {.bitmap_index = 55410, .adv_w = 576, .box_w = 34, .box_h = 34, .ofs_x = 1, .ofs_y = -3},
    {.bitmap_index = 55752, .adv_w = 576, .box_w = 31, .box_h = 32, .ofs_x = 1, .ofs_y = -3},
    {.bitmap_index = 55920, .adv_w = 576, .box_w = 31, .box_h = 33, .ofs_x = 4, .ofs_y = -2},
    {.bitmap_index = 56100, .adv_w = 576, .box_w = 32, .box_h = 31, .ofs_x = 2, .ofs_y = -2},
    {.bitmap_index = 56244, .adv_w = 576, .box_w = 34, .box_h = 33, .ofs_x = 1, .ofs_y = -3},
    {.bitmap_index = 56500, .adv_w = 576, .box_w = 28, .box_h = 34, .ofs_x = 4, .ofs_y = -3},
    {.bitmap_index = 56619, .adv_w = 576, .box_w = 30, .box_h = 33, .ofs_x = 3, .ofs_y = -2},
    {.bitmap_index = 56888, .adv_w = 576, .box_w = 34, .box_h = 34, .ofs_x = 1, .ofs_y = -3},
    {.bitmap_index = 57201, .adv_w = 576, .box_w = 33, .box_h = 33, .ofs_x = 2, .ofs_y = -2},
    {.bitmap_index = 57354, .adv_w = 576, .box_w = 32, .box_h = 35, .ofs_x = 2, .ofs_y = -4},
    {.bitmap_index = 57612, .adv_w = 576, .box_w = 32, .box_h = 32, .ofs_x = 3, .ofs_y = -3},
    {.bitmap_index = 57849, .adv_w = 576, .box_w = 33, .box_h = 34, .ofs_x = 1, .ofs_y = -3},
    {.bitmap_index = 58158, .adv_w = 576, .box_w = 32, .box_h = 34, .ofs_x = 1, .ofs_y = -3},
    {.bitmap_index = 58479, .adv_w = 576, .box_w = 33, .box_h = 34, .ofs_x = 1, .ofs_y = -3},
    {.bitmap_index = 58845, .adv_w = 576, .box_w = 34, .box_h = 31, .ofs_x = 1, .ofs_y = -2},
    {.bitmap_index = 59070, .adv_w = 576, .box_w = 34, .box_h = 34, .ofs_x = 1, .ofs_y = -3},
    {.bitmap_index = 59441, .adv_w = 576, .box_w = 33, .box_h = 32, .ofs_x = 1, .ofs_y = -2},
    {.bitmap_index = 59705, .adv_w = 576, .box_w = 34, .box_h = 33, .ofs_x = 1, .ofs_y = -2},
    {.bitmap_index = 60080, .adv_w = 576, .box_w = 34, .box_h = 33, .ofs_x = 1, .ofs_y = -2},
    {.bitmap_index = 60447, .adv_w = 576, .box_w = 32, .box_h = 33, .ofs_x = 2, .ofs_y = -2},
    {.bitmap_index = 60668, .adv_w = 576, .box_w = 32, .box_h = 33, .ofs_x = 2, .ofs_y = -2},
    {.bitmap_index = 60913, .adv_w = 576, .box_w = 33, .box_h = 33, .ofs_x = 1, .ofs_y = -2},
    {.bitmap_index = 61218, .adv_w = 576, .box_w = 33, .box_h = 33, .ofs_x = 2, .ofs_y = -2},
    {.bitmap_index = 61631, .adv_w = 576, .box_w = 33, .box_h = 34, .ofs_x = 1, .ofs_y = -2},
    {.bitmap_index = 62078, .adv_w = 576, .box_w = 32, .box_h = 33, .ofs_x = 2, .ofs_y = -2},
    {.bitmap_index = 62355, .adv_w = 576, .box_w = 33, .box_h = 33, .ofs_x = 1, .ofs_y = -2},
    {.bitmap_index = 62698, .adv_w = 576, .box_w = 33, .box_h = 35, .ofs_x = 1, .ofs_y = -3},
    {.bitmap_index = 63099, .adv_w = 576, .box_w = 33, .box_h = 32, .ofs_x = 2, .ofs_y = -2},
    {.bitmap_index = 63307, .adv_w = 576, .box_w = 30, .box_h = 34, .ofs_x = 3, .ofs_y = -3},
    {.bitmap_index = 63576, .adv_w = 576, .box_w = 34, .box_h = 34, .ofs_x = 1, .ofs_y = -3},
    {.bitmap_index = 63890, .adv_w = 576, .box_w = 32, .box_h = 34, .ofs_x = 2, .ofs_y = -3},
    {.bitmap_index = 64218, .adv_w = 576, .box_w = 33, .box_h = 34, .ofs_x = 2, .ofs_y = -3},
    {.bitmap_index = 64593, .adv_w = 576, .box_w = 33, .box_h = 34, .ofs_x = 1, .ofs_y = -3},
    {.bitmap_index = 64875, .adv_w = 576, .box_w = 34, .box_h = 35, .ofs_x = 1, .ofs_y = -4},
    {.bitmap_index = 65196, .adv_w = 576, .box_w = 32, .box_h = 34, .ofs_x = 2, .ofs_y = -2},
    {.bitmap_index = 65414, .adv_w = 576, .box_w = 32, .box_h = 33, .ofs_x = 2, .ofs_y = -2},
    {.bitmap_index = 65644, .adv_w = 576, .box_w = 33, .box_h = 33, .ofs_x = 1, .ofs_y = -2},
    {.bitmap_index = 65838, .adv_w = 576, .box_w = 32, .box_h = 33, .ofs_x = 2, .ofs_y = -2},
    {.bitmap_index = 66097, .adv_w = 576, .box_w = 34, .box_h = 34, .ofs_x = 1, .ofs_y = -3},
    {.bitmap_index = 66426, .adv_w = 576, .box_w = 33, .box_h = 33, .ofs_x = 1, .ofs_y = -3},
    {.bitmap_index = 66712, .adv_w = 576, .box_w = 33, .box_h = 33, .ofs_x = 1, .ofs_y = -2},
    {.bitmap_index = 66926, .adv_w = 576, .box_w = 33, .box_h = 35, .ofs_x = 2, .ofs_y = -4},
    {.bitmap_index = 67283, .adv_w = 576, .box_w = 32, .box_h = 35, .ofs_x = 2, .ofs_y = -4},
    {.bitmap_index = 67588, .adv_w = 576, .box_w = 34, .box_h = 34, .ofs_x = 1, .ofs_y = -3},
    {.bitmap_index = 67966, .adv_w = 576, .box_w = 34, .box_h = 34, .ofs_x = 1, .ofs_y = -3},
    {.bitmap_index = 68293, .adv_w = 576, .box_w = 33, .box_h = 33, .ofs_x = 2, .ofs_y = -2},
    {.bitmap_index = 68478, .adv_w = 576, .box_w = 33, .box_h = 34, .ofs_x = 2, .ofs_y = -3},
    {.bitmap_index = 68790, .adv_w = 576, .box_w = 33, .box_h = 33, .ofs_x = 1, .ofs_y = -2},
    {.bitmap_index = 69014, .adv_w = 576, .box_w = 33, .box_h = 32, .ofs_x = 1, .ofs_y = -1},
    {.bitmap_index = 69193, .adv_w = 576, .box_w = 33, .box_h = 35, .ofs_x = 2, .ofs_y = -4},
    {.bitmap_index = 69468, .adv_w = 576, .box_w = 34, .box_h = 33, .ofs_x = 1, .ofs_y = -2},
    {.bitmap_index = 69806, .adv_w = 576, .box_w = 33, .box_h = 34, .ofs_x = 1, .ofs_y = -3},
    {.bitmap_index = 70081, .adv_w = 576, .box_w = 33, .box_h = 35, .ofs_x = 2, .ofs_y = -4},
    {.bitmap_index = 70399, .adv_w = 576, .box_w = 34, .box_h = 34, .ofs_x = 1, .ofs_y = -3},
    {.bitmap_index = 70666, .adv_w = 576, .box_w = 32, .box_h = 34, .ofs_x = 1, .ofs_y = -3},
    {.bitmap_index = 70935, .adv_w = 576, .box_w = 34, .box_h = 34, .ofs_x = 1, .ofs_y = -3},
    {.bitmap_index = 71257, .adv_w = 576, .box_w = 34, .box_h = 34, .ofs_x = 1, .ofs_y = -3},
    {.bitmap_index = 71567, .adv_w = 576, .box_w = 33, .box_h = 34, .ofs_x = 1, .ofs_y = -3},
    {.bitmap_index = 71875, .adv_w = 576, .box_w = 34, .box_h = 34, .ofs_x = 1, .ofs_y = -2},
    {.bitmap_index = 72184, .adv_w = 576, .box_w = 34, .box_h = 34, .ofs_x = 1, .ofs_y = -3},
    {.bitmap_index = 72537, .adv_w = 576, .box_w = 34, .box_h = 34, .ofs_x = 1, .ofs_y = -3},
    {.bitmap_index = 72815, .adv_w = 576, .box_w = 34, .box_h = 33, .ofs_x = 1, .ofs_y = -3},
    {.bitmap_index = 73091, .adv_w = 576, .box_w = 34, .box_h = 34, .ofs_x = 1, .ofs_y = -3},
    {.bitmap_index = 73387, .adv_w = 576, .box_w = 33, .box_h = 34, .ofs_x = 1, .ofs_y = -3},
    {.bitmap_index = 73722, .adv_w = 576, .box_w = 34, .box_h = 34, .ofs_x = 1, .ofs_y = -3},
    {.bitmap_index = 74115, .adv_w = 576, .box_w = 33, .box_h = 32, .ofs_x = 1, .ofs_y = -2},
    {.bitmap_index = 74393, .adv_w = 576, .box_w = 34, .box_h = 33, .ofs_x = 1, .ofs_y = -3},
    {.bitmap_index = 74745, .adv_w = 576, .box_w = 32, .box_h = 32, .ofs_x = 2, .ofs_y = -2},
    {.bitmap_index = 74881, .adv_w = 576, .box_w = 32, .box_h = 32, .ofs_x = 2, .ofs_y = -2},
    {.bitmap_index = 75124, .adv_w = 576, .box_w = 34, .box_h = 32, .ofs_x = 1, .ofs_y = -2},
    {.bitmap_index = 75341, .adv_w = 576, .box_w = 32, .box_h = 34, .ofs_x = 1, .ofs_y = -2},
    {.bitmap_index = 75577, .adv_w = 576, .box_w = 32, .box_h = 33, .ofs_x = 1, .ofs_y = -2},
    {.bitmap_index = 75877, .adv_w = 576, .box_w = 33, .box_h = 33, .ofs_x = 1, .ofs_y = -2},
    {.bitmap_index = 76196, .adv_w = 576, .box_w = 34, .box_h = 34, .ofs_x = 1, .ofs_y = -3},
    {.bitmap_index = 76555, .adv_w = 576, .box_w = 34, .box_h = 34, .ofs_x = 1, .ofs_y = -3},
    {.bitmap_index = 76918, .adv_w = 576, .box_w = 32, .box_h = 34, .ofs_x = 2, .ofs_y = -3},
    {.bitmap_index = 77187, .adv_w = 576, .box_w = 30, .box_h = 34, .ofs_x = 3, .ofs_y = -2},
    {.bitmap_index = 77417, .adv_w = 576, .box_w = 30, .box_h = 33, .ofs_x = 3, .ofs_y = -2},
    {.bitmap_index = 77583, .adv_w = 576, .box_w = 32, .box_h = 33, .ofs_x = 3, .ofs_y = -2},
    {.bitmap_index = 77932, .adv_w = 576, .box_w = 32, .box_h = 33, .ofs_x = 3, .ofs_y = -2},
    {.bitmap_index = 78270, .adv_w = 576, .box_w = 32, .box_h = 32, .ofs_x = 2, .ofs_y = -2},
    {.bitmap_index = 78411, .adv_w = 576, .box_w = 33, .box_h = 32, .ofs_x = 1, .ofs_y = -3},
    {.bitmap_index = 78665, .adv_w = 576, .box_w = 33, .box_h = 32, .ofs_x = 2, .ofs_y = -3},
    {.bitmap_index = 78970, .adv_w = 576, .box_w = 34, .box_h = 35, .ofs_x = 1, .ofs_y = -4},
    {.bitmap_index = 79322, .adv_w = 576, .box_w = 33, .box_h = 34, .ofs_x = 1, .ofs_y = -3},
    {.bitmap_index = 79746, .adv_w = 576, .box_w = 34, .box_h = 33, .ofs_x = 1, .ofs_y = -2},
    {.bitmap_index = 80028, .adv_w = 576, .box_w = 33, .box_h = 34, .ofs_x = 2, .ofs_y = -3},
    {.bitmap_index = 80358, .adv_w = 576, .box_w = 32, .box_h = 35, .ofs_x = 2, .ofs_y = -3},
    {.bitmap_index = 80573, .adv_w = 576, .box_w = 34, .box_h = 33, .ofs_x = 1, .ofs_y = -3},
    {.bitmap_index = 80853, .adv_w = 576, .box_w = 33, .box_h = 33, .ofs_x = 2, .ofs_y = -2},
    {.bitmap_index = 81261, .adv_w = 576, .box_w = 33, .box_h = 33, .ofs_x = 1, .ofs_y = -2},
    {.bitmap_index = 81622, .adv_w = 576, .box_w = 32, .box_h = 34, .ofs_x = 2, .ofs_y = -4},
    {.bitmap_index = 81917, .adv_w = 576, .box_w = 7, .box_h = 12, .ofs_x = 5, .ofs_y = -7},
    {.bitmap_index = 81948, .adv_w = 576, .box_w = 6, .box_h = 21, .ofs_x = 6, .ofs_y = -1},
    {.bitmap_index = 81972, .adv_w = 576, .box_w = 7, .box_h = 27, .ofs_x = 5, .ofs_y = -7},
    {.bitmap_index = 82015, .adv_w = 576, .box_w = 6, .box_h = 33, .ofs_x = 15, .ofs_y = -2}
};

/*---------------------
 *  CHARACTER MAPPING
 *--------------------*/

static const uint16_t unicode_list_1[] = {
    0x0, 0x1f5c, 0x2f4b, 0x4d49, 0x4d53, 0x4d56, 0x4d57, 0x4d73,
    0x4d76, 0x4da8, 0x4dd4, 0x4ded, 0x4e0e, 0x4e16, 0x4e17, 0x4e2d,
    0x4e3f, 0x4e44, 0x4e5a, 0x4e63, 0x4e69, 0x4e8f, 0x4e96, 0x4e97,
    0x4e98, 0x4e9c, 0x4ef0, 0x4f26, 0x4f37, 0x4f62, 0x508e, 0x50ae,
    0x50b1, 0x50bc, 0x50c4, 0x50ce, 0x50e2, 0x5100, 0x5143, 0x5144,
    0x514f, 0x5150, 0x516d, 0x5174, 0x5196, 0x51e8, 0x51e9, 0x51f1,
    0x525f, 0x5283, 0x529e, 0x52aa, 0x52d4, 0x5304, 0x530b, 0x5315,
    0x5316, 0x531a, 0x531f, 0x5333, 0x5338, 0x533c, 0x5351, 0x5357,
    0x535a, 0x5378, 0x53c6, 0x5416, 0x546d, 0x5624, 0x5627, 0x5647,
    0x5671, 0x5679, 0x5683, 0x5743, 0x5856, 0x58bf, 0x5aa0, 0x5aa1,
    0x5ad2, 0x5ad5, 0x5ae3, 0x5ae7, 0x5b42, 0x5b4a, 0x5b7a, 0x5b8b,
    0x5b98, 0x5d2f, 0x5d3b, 0x5dbf, 0x5ddd, 0x5e43, 0x5e49, 0x5e82,
    0x5e9c, 0x5e9e, 0x5ece, 0x5f4a, 0x5f70, 0x5f84, 0x5fab, 0x6058,
    0x6159, 0x6189, 0x6194, 0x6196, 0x619c, 0x61b0, 0x61ed, 0x621d,
    0x624a, 0x6250, 0x6252, 0x62ab, 0x62b7, 0x62ee, 0x6319, 0x632a,
    0x63f6, 0x6487, 0x64b9, 0x64bd, 0x64f6, 0x64f9, 0x6529, 0x653f,
    0x6557, 0x6587, 0x65b8, 0x65cb, 0x663d, 0x6649, 0x6652, 0x6668,
    0x6673, 0x6675, 0x6683, 0x6699, 0x66a8, 0x66ae, 0x66c7, 0x66ca,
    0x66e5, 0x6781, 0x6a6a, 0x6aac, 0x6b7d, 0x6bea, 0x6c2b, 0x6cd1,
    0x6d44, 0x6d4e, 0x6d59, 0x6e1a, 0x6e2a, 0x6e5d, 0x7002, 0x7036,
    0x71a2, 0x71a4, 0x71b2, 0x71ff, 0x7471, 0x747e, 0x7484, 0x7495,
    0x75c6, 0x75cd, 0x75f7, 0x763d, 0x7668, 0x7669, 0x7736, 0x77b7,
    0x77fc, 0x7883, 0x791b, 0x792d, 0x7939, 0x797c, 0x79c3, 0x7a14,
    0x7a92, 0x7c74, 0x7e08, 0x7e1c, 0x7e33, 0x7e36, 0x7eb7, 0x7fd2,
    0x7ff3, 0x8041, 0x8046, 0x804b, 0x80e5, 0x81bb, 0x8242, 0x836e,
    0x8426, 0x8492, 0x8614, 0x8795, 0x880e, 0x8911, 0x892c, 0x892f,
    0x8aea, 0x8aed, 0x8af9, 0x8b0a, 0x8b0f, 0x8b1e, 0x8b38, 0x8b3d,
    0x8b40, 0x8b4c, 0x8c6f, 0x8c71, 0x8cce, 0x8d38, 0x8d3c, 0x8f10,
    0x8f24, 0x8f27, 0x8f52, 0x8f58, 0x90db, 0x9113, 0x9115, 0x9116,
    0x9118, 0x93e8, 0x93e9, 0x93f7, 0x9447, 0x944a, 0x94c8, 0x9536,
    0x953d, 0x95ad, 0x95d9, 0x96ab, 0x97c2, 0x97cd, 0x9828, 0x9859,
    0x98b9, 0x98d1, 0x98df, 0x98e2, 0x99d5, 0x9d6a, 0x9e1a, 0xfe55,
    0xfe63, 0xfe64, 0xfea5
};

/*Collect the unicode lists and glyph_id offsets*/
static const lv_font_fmt_txt_cmap_t cmaps[] =
{
    {
        .range_start = 32, .range_length = 95, .glyph_id_start = 1,
        .unicode_list = NULL, .glyph_id_ofs_list = NULL, .list_length = 0, .type = LV_FONT_FMT_TXT_CMAP_FORMAT0_TINY
    },
    {
        .range_start = 183, .range_length = 65190, .glyph_id_start = 96,
        .unicode_list = unicode_list_1, .glyph_id_ofs_list = NULL, .list_length = 259, .type = LV_FONT_FMT_TXT_CMAP_SPARSE_TINY
    }
};

/*-----------------
 *    KERNING
 *----------------*/


/*Map glyph_ids to kern left classes*/
static const uint8_t kern_left_class_mapping[] =
{
    0, 0, 0, 1, 0, 0, 0, 2,
    1, 3, 0, 0, 0, 4, 5, 4,
    6, 7, 0, 8, 9, 10, 11, 12,
    13, 14, 15, 0, 0, 0, 0, 0,
    16, 17, 18, 19, 20, 21, 22, 23,
    24, 0, 0, 25, 26, 27, 0, 0,
    21, 28, 29, 30, 31, 32, 33, 34,
    35, 36, 37, 38, 3, 0, 0, 0,
    39, 0, 40, 41, 42, 0, 41, 43,
    44, 40, 45, 45, 46, 47, 40, 40,
    41, 41, 44, 48, 49, 50, 51, 52,
    53, 54, 52, 55, 3, 0, 0, 0,
    0, 5, 0, 0, 0, 0, 0, 0,
    0, 0, 0, 0, 0, 0, 0, 0,
    0, 0, 0, 0, 0, 0, 0, 0,
    0, 0, 0, 0, 0, 0, 0, 0,
    0, 0, 0, 0, 0, 0, 0, 0,
    0, 0, 0, 0, 0, 0, 0, 0,
    0, 0, 0, 0, 0, 0, 0, 0,
    0, 0, 0, 0, 0, 0, 0, 0,
    0, 0, 0, 0, 0, 0, 0, 0,
    0, 0, 0, 0, 0, 0, 0, 0,
    0, 0, 0, 0, 0, 0, 0, 0,
    0, 0, 0, 0, 0, 0, 0, 0,
    0, 0, 0, 0, 0, 0, 0, 0,
    0, 0, 0, 0, 0, 0, 0, 0,
    0, 0, 0, 0, 0, 0, 0, 0,
    0, 0, 0, 0, 0, 0, 0, 0,
    0, 0, 0, 0, 0, 0, 0, 0,
    0, 0, 0, 0, 0, 0, 0, 0,
    0, 0, 0, 0, 0, 0, 0, 0,
    0, 0, 0, 0, 0, 0, 0, 0,
    0, 0, 0, 0, 0, 0, 0, 0,
    0, 0, 0, 0, 0, 0, 0, 0,
    0, 0, 0, 0, 0, 0, 0, 0,
    0, 0, 0, 0, 0, 0, 0, 0,
    0, 0, 0, 0, 0, 0, 0, 0,
    0, 0, 0, 0, 0, 0, 0, 0,
    0, 0, 0, 0, 0, 0, 0, 0,
    0, 0, 0, 0, 0, 0, 0, 0,
    0, 0, 0, 0, 0, 0, 0, 0,
    0, 0, 0, 0, 0, 0, 0, 0,
    0, 0, 0, 0, 0, 0, 0, 0,
    0, 0, 0, 0, 0, 0, 0, 4,
    0, 0, 0
};

/*Map glyph_ids to kern right classes*/
static const uint8_t kern_right_class_mapping[] =
{
    0, 0, 0, 1, 0, 0, 0, 2,
    1, 0, 0, 0, 0, 3, 4, 3,
    5, 6, 7, 8, 9, 10, 11, 12,
    13, 14, 15, 0, 0, 0, 0, 0,
    16, 17, 18, 0, 19, 0, 0, 0,
    19, 0, 0, 20, 0, 0, 0, 0,
    19, 0, 19, 0, 21, 22, 23, 24,
    25, 26, 27, 28, 0, 0, 29, 0,
    30, 0, 31, 32, 33, 33, 33, 34,
    35, 32, 36, 37, 32, 38, 39, 39,
    33, 39, 33, 39, 40, 41, 42, 43,
    44, 45, 43, 46, 0, 0, 0, 0,
    0, 4, 0, 0, 0, 0, 0, 0,
    0, 0, 0, 0, 0, 0, 0, 0,
    0, 0, 0, 0, 0, 0, 0, 0,
    0, 0, 0, 0, 0, 0, 0, 0,
    0, 0, 0, 0, 0, 0, 0, 0,
    0, 0, 0, 0, 0, 0, 0, 0,
    0, 0, 0, 0, 0, 0, 0, 0,
    0, 0, 0, 0, 0, 0, 0, 0,
    0, 0, 0, 0, 0, 0, 0, 0,
    0, 0, 0, 0, 0, 0, 0, 0,
    0, 0, 0, 0, 0, 0, 0, 0,
    0, 0, 0, 0, 0, 0, 0, 0,
    0, 0, 0, 0, 0, 0, 0, 0,
    0, 0, 0, 0, 0, 0, 0, 0,
    0, 0, 0, 0, 0, 0, 0, 0,
    0, 0, 0, 0, 0, 0, 0, 0,
    0, 0, 0, 0, 0, 0, 0, 0,
    0, 0, 0, 0, 0, 0, 0, 0,
    0, 0, 0, 0, 0, 0, 0, 0,
    0, 0, 0, 0, 0, 0, 0, 0,
    0, 0, 0, 0, 0, 0, 0, 0,
    0, 0, 0, 0, 0, 0, 0, 0,
    0, 0, 0, 0, 0, 0, 0, 0,
    0, 0, 0, 0, 0, 0, 0, 0,
    0, 0, 0, 0, 0, 0, 0, 0,
    0, 0, 0, 0, 0, 0, 0, 0,
    0, 0, 0, 0, 0, 0, 0, 0,
    0, 0, 0, 0, 0, 0, 0, 0,
    0, 0, 0, 0, 0, 0, 0, 0,
    0, 0, 0, 0, 0, 0, 0, 0,
    0, 0, 0, 0, 0, 0, 0, 0,
    0, 0, 0, 0, 0, 0, 0, 3,
    0, 0, 0
};

/*Kern values between classes*/
static const int8_t kern_class_values[] =
{
    0, 0, 0, 0, 0, 0, 0, 0,
    0, -54, 0, -33, 12, 0, 0, 0,
    0, 0, 0, 0, 0, 0, 0, 0,
    0, 0, 0, 0, 0, 0, 0, 0,
    0, 0, 0, 0, 0, 0, 0, 0,
    0, 0, 0, 0, 0, 0, 0, 0,
    0, 0, 0, 0, -35, 0, -26, -15,
    0, -23, -43, 0, -29, 0, 0, 0,
    0, 0, 0, 0, 0, 0, 0, 0,
    0, 0, 0, 0, 0, 0, 0, 0,
    0, 0, 0, 0, 0, 0, 0, 0,
    0, 0, 0, 0, 0, 0, 0, 0,
    0, 0, 0, 0, 0, 0, 0, 0,
    0, 0, 0, 0, 0, 0, 0, 0,
    0, 0, 0, 0, 0, 0, 0, 0,
    0, 0, 0, 0, 0, 0, 0, 0,
    23, 0, 0, 0, 0, 0, 0, 0,
    0, 0, 0, 0, 0, 0, 0, -17,
    -55, 0, -15, -18, -11, -10, -16, -4,
    -56, 0, 0, 0, 0, 0, 0, 0,
    0, 0, 0, 0, 0, 0, 0, 0,
    0, 0, 0, 0, 0, 0, 0, 0,
    0, 0, 0, 0, 0, 0, 0, 0,
    0, 0, 0, 0, 0, 0, 0, -12,
    -17, 0, 0, 0, -14, 0, 0, 0,
    0, 0, 0, 0, 0, 0, 0, 0,
    0, 0, 0, 0, 0, 0, 0, 0,
    0, 0, 0, 0, 0, 0, 0, 0,
    0, 0, 0, 0, 0, 0, 0, 0,
    0, 0, 0, 0, 0, 0, 0, -42,
    0, -29, 0, 0, 0, 0, 0, 0,
    0, 0, 0, 0, 0, 0, 0, 0,
    0, 0, 0, 0, 0, 0, 0, 0,
    0, 0, 0, 0, 0, 0, 0, 0,
    0, 0, 0, 0, 0, 0, -17, 0,
    0, 0, 0, -14, -12, 0, 0, 0,
    -8, 0, 0, 0, 0, -17, 0, -16,
    0, -18, 0, -17, -10, 0, -31, 0,
    0, 0, 0, 0, 0, 0, 0, 0,
    0, 0, 0, 0, 0, 0, 0, 0,
    0, 0, 0, 0, 0, -3, 0, -8,
    0, 0, -13, -18, 0, -12, 0, 0,
    0, 0, 0, 0, 0, 0, 0, 0,
    0, -9, 0, 0, -16, 0, 0, 0,
    0, 0, 0, 0, 0, 0, 0, 0,
    0, 0, 0, 0, 0, 0, 0, 0,
    0, 0, -9, 0, 0, 0, 0, -10,
    0, 0, 0, 0, 0, 0, -6, -14,
    0, 0, 0, 0, 0, 0, 0, 0,
    0, -7, -12, 0, 0, 0, 0, 0,
    0, 0, 0, 0, 0, 0, 0, 0,
    0, 0, 0, 0, 0, 0, -9, 0,
    0, 0, 0, 0, -13, 0, -10, 0,
    0, 0, -13, 0, -12, -18, 0, 0,
    0, 0, 0, -16, 0, -20, 0, 0,
    -24, 1, 0, 0, 0, 0, 0, 0,
    0, 0, 0, 0, 0, 0, 0, 0,
    0, 0, 0, 0, 0, 0, -10, 0,
    0, 0, -14, 0, 0, 0, 0, 0,
    -10, 0, 0, -22, 0, 0, 0, 0,
    0, 0, 0, -13, 0, -20, 0, 0,
    0, 0, 0, 0, 0, 0, 0, 0,
    0, 0, 0, 0, 0, 0, 0, 0,
    0, 0, -43, 0, -10, 0, 0, 0,
    -33, 0, 0, 0, 0, 0, -18, 0,
    -6, -34, 0, 0, 0, 0, 0, -55,
    0, -42, 0, -16, -59, 0, 0, 0,
    0, 0, 0, 0, 0, 0, 0, 0,
    0, 0, 0, 0, -21, 0, -17, -10,
    12, -43, -77, -10, -48, -14, 0, 0,
    0, -41, 0, -39, 7, -17, 0, 7,
    0, -59, 0, -66, 0, 0, 0, 0,
    0, 0, 0, 0, 0, 0, -45, 0,
    -42, -13, -39, 0, 0, 0, -23, -31,
    0, -20, 0, 0, -18, -18, 0, 0,
    -4, 0, 0, 0, 0, 0, 0, 0,
    0, 0, -10, 0, -13, -11, 0, 0,
    0, 0, 0, -13, 0, -13, 0, 0,
    -23, 0, 0, 0, 0, 0, 0, 0,
    0, 0, 0, 0, 0, 0, 0, 0,
    0, 0, -12, 0, 0, -33, -60, 0,
    -29, 0, 0, 0, 0, -17, 0, -15,
    0, -12, 0, 0, 0, -40, 0, -51,
    0, 0, 0, -6, 0, -29, -15, 0,
    0, 0, -21, 0, -16, 6, 0, 0,
    0, 0, 0, 0, 3, 0, 0, 0,
    0, 0, 0, 0, 0, 0, 0, 0,
    0, 0, -14, -33, -8, -20, 6, -10,
    0, 0, 0, 0, 0, 0, 0, 0,
    0, 0, 0, 0, 0, 0, 0, 0,
    0, 0, 0, 0, 0, 0, 0, 0,
    0, 0, 0, 0, 0, 0, 0, 0,
    0, 0, 0, 0, 0, 0, 0, 0,
    0, 0, 0, 0, 0, 0, 0, 0,
    0, -25, 0, 0, 0, 0, 0, 0,
    0, -26, 0, 0, 0, 0, 0, 0,
    0, 0, 0, 0, 0, 0, 0, 0,
    0, 0, 0, 0, 0, 0, -57, -4,
    0, -29, 0, -17, -38, 0, 0, 0,
    0, 0, 0, 0, -43, -47, 0, 0,
    -21, 0, 0, -48, -13, -52, -38, 0,
    -54, 0, 0, 0, 0, 0, -3, -9,
    -3, 0, 0, -5, 0, 0, -20, -13,
    -23, -21, 0, 0, -17, 0, -9, 0,
    0, 0, 0, 0, 0, 0, 0, 0,
    0, 0, 0, -14, 0, -7, 0, -6,
    0, -14, 0, -19, -7, -14, -20, -3,
    0, 0, 0, 0, 0, 0, 0, 0,
    0, 0, 0, 0, 0, 0, 0, 0,
    -3, -4, 0, 0, 0, -25, 0, 0,
    0, 0, 0, 0, 0, 0, 0, 0,
    0, 0, 0, -13, -10, 0, 0, -3,
    0, 0, 0, -15, -23, -6, 0, 0,
    -8, 0, -13, 0, -13, 0, 0, 0,
    0, 0, 0, 0, -7, -10, -6, 0,
    -12, 0, -25, 0, 0, 0, 0, 0,
    0, 0, 0, 0, 0, 0, 0, -14,
    0, -21, 0, -27, 0, -20, 0, -18,
    -9, -26, -26, -16, 0, 0, 0, 0,
    0, 0, 0, 0, 0, 0, 0, 0,
    0, 0, 0, 0, 0, -7, 0, -8,
    0, 0, 0, 0, 0, 0, 0, 0,
    0, 0, 0, 0, 0, 0, 0, 0,
    0, 0, 0, 0, 0, 0, 0, 0,
    0, 0, 0, 0, 0, 0, 0, 0,
    0, 0, 0, 0, 0, 0, 0, 0,
    -6, -2, 0, 0, 9, -14, -39, 0,
    0, 0, 0, 0, 0, -14, 0, -16,
    0, 0, 0, 0, 0, -33, 0, -55,
    -4, 0, 0, 0, 0, -7, 0, 0,
    0, 0, -26, 0, -19, 0, -16, 0,
    0, 0, -14, -10, 0, -12, -6, -6,
    -12, -6, 0, 0, -20, 0, 0, 0,
    0, 0, 0, 0, 0, 0, 0, 0,
    0, -14, 0, -13, 0, 0, 0, -17,
    0, -17, -7, -15, -27, -4, 0, 0,
    0, 0, 0, 0, 0, 0, 0, 0,
    0, -5, 0, 0, -6, -7, -12, 0,
    0, 0, -12, 0, 0, 0, 0, 0,
    0, 0, 0, 0, 0, 0, 0, 0,
    0, 0, 0, -16, 0, 0, 0, 0,
    0, -10, 0, 0, 0, 0, 0, 0,
    0, 0, 0, 0, 0, 0, 0, 0,
    0, 0, 0, 0, 0, 0, 0, -22,
    8, -55, 0, -27, -20, 0, 0, -17,
    0, 0, 0, 0, -32, -23, 0, 0,
    -15, -12, -13, 0, -6, 0, 0, 0,
    0, 0, 0, 0, -10, 0, -21, -17,
    -17, 0, 0, -10, -6, -4, -17, -17,
    -15, -29, 0, 0, -55, 0, 14, -54,
    0, 0, -48, 0, 0, 0, 0, 0,
    -13, 0, -64, -55, 0, 0, -12, 0,
    0, -71, -16, -56, -46, 0, -92, 0,
    0, 0, -6, 0, -10, -12, -7, 0,
    0, 0, 0, 0, -27, -10, -39, -29,
    0, 0, 0, -23, -56, 0, 0, 0,
    0, -7, 0, -17, 0, 0, 0, 0,
    0, 0, 0, -39, 0, -61, 0, -12,
    0, -16, -7, -24, -21, -12, 0, 0,
    -18, 0, -13, 10, -13, 0, 0, 0,
    0, -6, 10, 0, 6, 13, 0, 0,
    0, 0, 0, 0, 0, 0, 0, 0,
    0, 0, 0, 0, 0, 0, 0, 0,
    0, -13, 0, -21, 0, -17, 0, -13,
    -13, -22, -25, -6, 0, 0, 0, 0,
    0, 0, 0, 0, 0, 0, 0, 0,
    0, 0, 0, 0, 0, 0, 0, -8,
    0, 0, 0, 0, 0, 0, 0, 0,
    0, 0, 0, 0, 0, 0, 0, 0,
    0, -17, 0, -10, 0, -5, -4, 0,
    -14, 0, 0, 0, -4, 0, -4, 0,
    -3, 0, 0, 0, 0, 0, 0, -2,
    0, 0, 0, 0, 0, 0, 0, 0,
    0, 0, 0, 0, 0, 0, 0, 0,
    0, 0, 0, 0, 0, 0, 0, 0,
    0, -7, 0, -9, 0, -8, -15, 0,
    0, 0, 0, 0, 0, 0, 0, 0,
    0, 0, 0, 0, 0, 0, 0, -3,
    -4, -1, 13, -37, -61, -46, 0, -18,
    0, 0, 0, -56, 0, -43, 0, -13,
    0, 0, 0, -48, -18, -59, -9, 0,
    0, -10, 0, -13, 0, 0, 0, 0,
    -62, -35, -69, -24, -67, 0, 0, 0,
    -50, -60, -13, -39, -44, -47, -48, -44,
    0, 0, -19, 0, 0, 0, 0, 0,
    0, 0, 0, 0, 0, 0, 0, 0,
    0, -13, 0, -21, 0, 0, 0, 0,
    0, -7, 0, -2, 0, 0, 0, 0,
    0, 0, 0, 0, 0, 0, 0, 0,
    0, 0, 0, 0, 0, 0, 0, -40,
    -76, -26, 0, -17, 0, -13, 0, -40,
    -9, -32, 0, -13, 0, 0, 0, -52,
    -18, -63, -9, 0, 0, 0, 0, 0,
    0, 0, 0, 0, -48, -31, -46, -11,
    -44, 0, 0, 0, -28, -40, -7, -28,
    -19, -17, -25, -20, 0, -22, -50, -17,
    0, -10, 0, 0, 0, -32, 0, 0,
    0, 0, 0, 0, 0, -36, -9, -54,
    -2, 0, 0, 0, 0, 0, 0, 0,
    0, 0, -39, 0, -33, -7, -33, 0,
    0, 0, -23, -29, -2, -25, -6, -10,
    -19, -14, 0, -19, 4, -50, 0, 0,
    -12, 0, -7, -14, -14, -15, 0, 0,
    -27, -12, -15, 0, -26, -10, -9, -16,
    -7, 0, 0, 0, 0, 0, 0, 0,
    -13, 0, -22, -17, -21, 0, 0, -5,
    -3, -15, -18, -21, -25, -26, 0, 0,
    0, -47, -74, -41, 0, -31, -3, -12,
    -7, -63, 0, -54, 0, -23, -13, -2,
    -26, -54, -26, -69, -17, 0, 0, 0,
    0, 0, 0, 0, 0, 0, -59, -29,
    -63, -25, -63, 0, 0, 0, -46, -55,
    -20, -42, -28, -30, -35, -37, 0, -23,
    0, -27, 0, 0, 0, 0, 0, -17,
    0, 0, 0, 0, 0, 0, 0, 0,
    -17, 0, 0, 0, -6, 0, 0, 0,
    0, 0, 0, 0, 0, 0, -9, 0,
    0, 0, 0, 0, 0, 0, -10, -12,
    -9, -13, 0, 0, 0, 0, 0, 0,
    0, 0, 0, 0, 0, 0, 0, 0,
    0, 0, 0, 0, 0, 0, 0, 0,
    0, 0, 0, 0, 0, 0, 0, 0,
    0, 0, 0, 0, -27, 0, 0, 0,
    47, 0, 0, 0, 0, 0, 0, 0,
    0, 0, -16, 0, 0, 0, 0, 0,
    -17, 0, 0, 0, 0, 0, -20, 0,
    -11, -26, 0, 0, 0, 0, -7, -65,
    0, -48, -33, -13, -50, 0, 0, 0,
    0, 0, 0, 0, 0, 0, 0, 0,
    0, 0, 0, 0, 0, 0, 0, 0,
    -24, 0, -10, 0, 0, 0, 0, 0,
    0, 0, 0, 0, -28, 0, -15, -40,
    0, -10, 0, -6, -7, -66, 0, -46,
    -33, -24, -58, -6, 0, -3, 0, 0,
    0, 0, 0, 0, 0, 0, 0, 0,
    0, 0, -4, -6, -10, -3, -9, 0,
    0, 0, 0, 0, 0, 0, 0, 0,
    0, 0, 0, 0, 0, -15, 0, -10,
    0, 0, -7, -58, 0, -35, -26, -21,
    -64, 0, 0, 0, -10, 0, -5, 0,
    0, -6, 0, -4, 0, 0, 0, 0,
    -6, 0, -13, 0, 17, -11, -39, 12,
    0, 0, 0, 0, 0, -25, 0, 0,
    13, 0, 10, 0, 0, -28, 0, -39,
    2, 0, 0, 9, 10, 0, 0, 0,
    9, 0, -12, 0, -7, 0, -9, 0,
    0, 0, 0, -7, 3, 0, 0, 0,
    0, 0, 0, 0, 0, 0, 0, 0,
    0, 0, 0, 0, 0, 0, 0, 0,
    0, 0, 0, 0, 0, 0, 0, -48,
    0, -42, -29, 0, -36, 0, 0, 0,
    0, 0, 0, 0, 0, 0, 16, 0,
    0, 0, 0, 0, 0, 0, 0, 0,
    0, 0, 0, 0, 0, 0, 0, 0,
    0, 0, 0, 0, 0, 0, 0, 0,
    0, 0, 0, 0, 0, 0, 0, 0,
    0, 0, 0, 0, 0, 0, 0, 0,
    0, 0, 0, 0, 7, 0, 0, 0,
    0, 0, 0, 0, 0, 0, -13, -8,
    5, -19, 0, 0, 0, 0, 0, -19,
    0, -14, 0, -17, -6, -9, 0, 0,
    -9, 0, 0, -50, -7, -30, -14, 0,
    -36, 0, 0, 0, -5, 0, -10, 0,
    -3, 0, 0, -5, 0, -9, -3, -3,
    0, 0, 0, 0, 0, -2, 11, -7,
    0, 0, 0, 0, 0, 0, 0, 0,
    0, 0, 0, -14, 0, 0, -2, 0,
    0, -25, 0, 0, 0, 0, -27, 0,
    0, 0, 3, 0, 0, 0, 0, 0,
    0, -4, 0, 0, 0, 0, 0, 0,
    0, 0, 0, -26, -62, 0, 0, 0,
    0, -9, -25, -29, 0, -16, 0, 0,
    6, 0, 0, -36, 0, -38, 0, -39,
    0, -20, -12, -27, -23, -9, 0, 0,
    -14, 0, -10, 0, -10, 0, 0, 0,
    0, -3, 0, -7, 5, 7, 0, 0,
    -20, 0, 0, 0, 0, 0, -16, 0,
    0, 0, 0, 0, -15, 0, 0, -22,
    0, 0, 0, 0, 0, -58, 0, -37,
    -28, -18, -51, 0, 0, 0, 0, 0,
    0, 0, 0, 0, 0, 0, 0, 0,
    0, 0, -3, -2, -10, 0, 0, 0,
    0, 0, 0, 0, 0, 0, 0, -4,
    0, 0, 0, 0, 7, 0, 0, 0,
    0, 0, 4, -16, 0, -13, -6, 0,
    -26, 0, 0, 0, 0, 0, -3, 3,
    0, 0, 0, 0, 0, -2, 0, -1,
    0, 0, 0, 0, 0, 0, 0, 0,
    0, 0, 0, 0, 0, 0, 0, 0,
    -12, 0, 0, -13, 0, 0, 0, 0,
    0, -41, 0, -28, -21, -6, -40, 0,
    0, 0, 0, 0, 0, 0, 0, 0,
    6, 0, 0, 0, 0, 0, 0, 0,
    0, 0, 0, -23, -47, 0, 0, 0,
    0, 0, 0, -20, 0, -18, 0, 0,
    0, 0, 0, -29, 0, -54, 0, -56,
    0, -16, -6, -29, -28, -13, 0, 0,
    -13, 0, -4, 0, -4, 0, 0, 0,
    0, -6, 0, 0, 7, 0, 0, 0,
    0, -12, -45, 0, 0, 0, 0, 0,
    0, 0, 0, 0, 0, 0, 0, 0,
    0, -24, 0, -40, 0, -47, 0, -17,
    -10, -31, -29, -13, 0, 0, -13, 0,
    -7, 0, 0, 0, 0, 0, 0, -4,
    0, 0, 0, 6, 0, 0, 0, -7,
    0, -15, 0, 0, 0, 0, 0, -18,
    0, -17, -13, -12, 0, 0, 0, 0,
    -2, 0, 0, -48, 0, -25, -19, 0,
    -35, 0, 0, 0, -7, 0, -10, 0,
    0, 0, 0, -6, 0, -7, 0, -4,
    0, 0, 0, 0, 0, -14, 0, -8,
    0, 0, 0, 0, 0, -17, 0, -11,
    -9, 0, -3, 0, 0, 0, -7, 0,
    0, -43, 0, -24, -16, 0, -37, 0,
    0, 0, -1, 0, -6, 0, -5, 0,
    0, 0, 0, -6, 0, -3, 0, 0,
    0, 0
};


/*Collect the kern class' data in one place*/
static const lv_font_fmt_txt_kern_classes_t kern_classes =
{
    .class_pair_values   = kern_class_values,
    .left_class_mapping  = kern_left_class_mapping,
    .right_class_mapping = kern_right_class_mapping,
    .left_class_cnt      = 55,
    .right_class_cnt     = 46,
};

/*--------------------
 *  ALL CUSTOM DATA
 *--------------------*/

#if LVGL_VERSION_MAJOR == 8
/*Store all the custom data of the font*/
static  lv_font_fmt_txt_glyph_cache_t cache;
#endif

#if LVGL_VERSION_MAJOR >= 8
static const lv_font_fmt_txt_dsc_t font_dsc = {
#else
static lv_font_fmt_txt_dsc_t font_dsc = {
#endif
    .glyph_bitmap = glyph_bitmap,
    .glyph_dsc = glyph_dsc,
    .cmaps = cmaps,
    .kern_dsc = &kern_classes,
    .kern_scale = 16,
    .cmap_num = 2,
    .bpp = 4,
    .kern_classes = 1,
    .bitmap_format = 1,
#if LVGL_VERSION_MAJOR == 8
    .cache = &cache
#endif
};



/*-----------------
 *  PUBLIC FONT
 *----------------*/

/*Initialize a public general font descriptor*/
#if LVGL_VERSION_MAJOR >= 8
const lv_font_t font_ui_36 = {
#else
lv_font_t font_ui_36 = {
#endif
    .get_glyph_dsc = lv_font_get_glyph_dsc_fmt_txt,    /*Function pointer to get glyph's data*/
    .get_glyph_bitmap = lv_font_get_bitmap_fmt_txt,    /*Function pointer to get glyph's bitmap*/
    .line_height = 41,          /*The maximum line height required by the font*/
    .base_line = 9,             /*Baseline measured from the bottom of the line*/
#if !(LVGL_VERSION_MAJOR == 6 && LVGL_VERSION_MINOR == 0)
    .subpx = LV_FONT_SUBPX_NONE,
#endif
#if LV_VERSION_CHECK(7, 4, 0) || LVGL_VERSION_MAJOR >= 8
    .underline_position = -4,
    .underline_thickness = 2,
#endif
    .dsc = &font_dsc,          /*The custom font data. Will be accessed by `get_glyph_bitmap/dsc` */
#if LV_VERSION_CHECK(8, 2, 0) || LVGL_VERSION_MAJOR >= 9
    .fallback = NULL,
#endif
    .user_data = NULL,
};



#endif /*#if FONT_UI_36*/

